t,cf_wind,y_A_on,y_U_on,P_wind,P_grid,P_el,M_H2_prod,M_O2_prod,M_H2O_el,total_electric_load,ch_B,dis_B,I_B,hydrogen_charge_mode,ch_H,dis_H,I_H,I_C,I_NH3,Ft,Fh2,Fnh3,Fco2,F_NH3_A,F_H2O_A,F_NH3_strip,Q_S,Q_rec,Q_HU,P_HU_el,F_U,w_U,E_A,E_U,Ft_spill,Fco2_spill,ammonia_charge_mode,ch_NH3,dis_NH3,W_cap,E_cap,E_cap_incremental,B_cap,H_cap,C_cap,NH3_cap,HX_cap,K_nh3_plant_tpy,K_urea_plant_tpy,E_cap_included_in_nh3,nh3_plant_capex,urea_plant_capex,ammonia_reactor_length_m,ammonia_reactor_diameter_m,ammonia_reactor_volume_m3,urea_reactor_length_m,urea_reactor_diameter_m,urea_reactor_volume_m3,Ft_op,Fh2_op,Fnh3_op,Fco2_op,F_NH3_A_op,F_H2O_A_op,E_A_op,F_U_op,w_U_op,E_U_op
0,0.021468,-0.0,1,39.683188593492076,0.0,0.0,0.0,0.0,0.0,162.98924870566304,0.0,123.30606011217097,3082.649873597492,-0.0,0.0,0.0,6.200970804027909,0.0,127.41249757102895,0.0,0.0,9.85894800101479,50.0,0.0,0.0,0.0,0.0,0.0,0.0,0.0,5.208333333333333,0.36638087806051367,0.0,161.98924870566304,9080.0,150.0,-0.0,0.0,9.85894800101479,1848.4809294527704,490.34572061344073,477.96655230669484,3212.4457263471454,21.98871280517949,0.0,476.96430600873106,86.13425307833782,97.0526795248877,41.666666666666664,12.37916830674588,191703555.20905304,95824833.33333333,10.0,1.0,7.853981633974483,20.0,2.5,98.17477042468104,8782.261557878492,9.610776124023438,9.85894800101479,50.0,12.131584940610962,2302.786376953125,426.2167428145695,5.208333333333333,0.36638087806051367,161.98924870566304
1,0.016452,-0.0,1,30.41120825135698,0.0,0.0,0.0,0.0,0.0,162.98924870566304,0.0,132.57804045430606,2943.0940415403275,-0.0,0.0,0.0,6.200970804027909,0.0,117.50400711774775,0.0,0.0,9.85894800101479,50.0,0.0,0.0,0.0,0.0,0.0,0.0,0.0,5.208333333333333,0.36638087806051367,0.0,161.98924870566304,9080.0,150.0,-0.0,0.0,9.85894800101479,1848.4809294527704,490.34572061344073,477.96655230669484,3212.4457263471454,21.98871280517949,0.0,476.96430600873106,86.13425307833782,97.0526795248877,41.666666666666664,12.37916830674588,191703555.20905304,95824833.33333333,10.0,1.0,7.853981633974483,20.0,2.5,98.17477042468104,8782.261557878492,9.610776124023438,9.85894800101479,50.0,12.131584940610962,2302.786376953125,426.2167428145695,5.208333333333333,0.36638087806051367,161.98924870566304
2,0.013938,-0.0,1,25.764127194712714,0.0,0.0,0.0,0.0,0.0,162.98924870566304,0.0,137.22512151095015,2798.6465452130114,1.0,0.0,0.0,6.200970804027909,0.0,107.59551666446656,0.0,0.0,9.85894800101479,50.0,0.0,0.0,0.0,0.0,0.0,0.0,0.0,5.208333333333333,0.36638087806051367,0.0,161.98924870566304,9080.0,150.0,-0.0,0.0,9.85894800101479,1848.4809294527704,490.34572061344073,477.96655230669484,3212.4457263471454,21.98871280517949,0.0,476.96430600873106,86.13425307833782,97.0526795248877,41.666666666666664,12.37916830674588,191703555.20905304,95824833.33333333,10.0,1.0,7.853981633974483,20.0,2.5,98.17477042468104,8782.261557878492,9.610776124023438,9.85894800101479,50.0,12.131584940610962,2302.786376953125,426.2167428145695,5.208333333333333,0.36638087806051367,161.98924870566304
3,0.015609,-0.0,1,28.852938827828293,0.0,0.0,0.0,0.0,0.0,162.98924870566304,0.0,134.13630987783475,2657.450429552133,-0.0,0.0,0.0,6.200970804027909,0.0,97.68702621118535,0.0,0.0,9.85894800101479,50.0,0.0,0.0,0.0,0.0,0.0,0.0,0.0,5.208333333333333,0.36638087806051367,0.0,161.98924870566304,9080.0,150.0,-0.0,0.0,9.85894800101479,1848.4809294527704,490.34572061344073,477.96655230669484,3212.4457263471454,21.98871280517949,0.0,476.96430600873106,86.13425307833782,97.0526795248877,41.666666666666664,12.37916830674588,191703555.20905304,95824833.33333333,10.0,1.0,7.853981633974483,20.0,2.5,98.17477042468104,8782.261557878492,9.610776124023438,9.85894800101479,50.0,12.131584940610962,2302.786376953125,426.2167428145695,5.208333333333333,0.36638087806051367,161.98924870566304
4,0.020609,1.0,1,38.09534347509214,0.0,180.29718041204524,3.5338247360760864,28.27059788860869,31.804422624684776,770.1108670710724,0.0,732.0155235959804,1886.9077731353113,-0.0,0.0,6.076951387947351,0.0,0.0,99.94829996608354,8782.261557878492,9.610776124023438,9.85894800101479,50.0,12.131584940610962,2302.786376953125,12.131584940610962,86.13425307833782,86.13425307833782,0.0,0.0,5.208333333333333,0.36638087806051367,426.2167428145695,161.98924870566304,297.73844212150834,150.0,1.0,2.2726369395961656,0.0,1848.4809294527704,490.34572061344073,477.96655230669484,3212.4457263471454,21.98871280517949,0.0,476.96430600873106,86.13425307833782,97.0526795248877,41.666666666666664,12.37916830674588,191703555.20905304,95824833.33333333,10.0,1.0,7.853981633974483,20.0,2.5,98.17477042468104,8782.261557878492,9.610776124023438,9.85894800101479,50.0,12.131584940610962,2302.786376953125,426.2167428145695,5.208333333333333,0.36638087806051367,161.98924870566304
5,0.03494,-0.0,1,64.5859236750798,0.0,0.0,0.0,0.0,0.0,162.98924870566304,0.0,98.40332503058325,1783.3253257346976,-0.0,0.0,0.0,0.0,0.0,90.03980951280235,0.0,0.0,9.85894800101479,50.0,0.0,0.0,0.0,0.0,0.0,0.0,0.0,5.208333333333333,0.36638087806051367,0.0,161.98924870566304,9080.0,150.0,-0.0,0.0,9.85894800101479,1848.4809294527704,490.34572061344073,477.96655230669484,3212.4457263471454,21.98871280517949,0.0,476.96430600873106,86.13425307833782,97.0526795248877,41.666666666666664,12.37916830674588,191703555.20905304,95824833.33333333,10.0,1.0,7.853981633974483,20.0,2.5,98.17477042468104,8782.261557878492,9.610776124023438,9.85894800101479,50.0,12.131584940610962,2302.786376953125,426.2167428145695,5.208333333333333,0.36638087806051367,161.98924870566304
6,0.069596,-0.0,1,128.64687876619502,0.0,35.695808634766514,0.6996378492414237,5.5971027939313895,6.2967406431728135,200.0843330389124,0.0,71.43745427271743,1708.1280054476265,1.0,0.6996378492414236,0.0,0.6856450922565951,0.0,80.13131905952116,0.0,0.0,9.85894800101479,50.0,0.0,0.0,0.0,0.0,0.0,0.0,0.0,5.208333333333333,0.36638087806051367,0.0,161.98924870566304,9080.0,150.0,-0.0,0.0,9.85894800101479,1848.4809294527704,490.34572061344073,477.96655230669484,3212.4457263471454,21.98871280517949,0.0,476.96430600873106,86.13425307833782,97.0526795248877,41.666666666666664,12.37916830674588,191703555.20905304,95824833.33333333,10.0,1.0,7.853981633974483,20.0,2.5,98.17477042468104,8782.261557878492,9.610776124023438,9.85894800101479,50.0,12.131584940610962,2302.786376953125,426.2167428145695,5.208333333333333,0.36638087806051367,161.98924870566304
7,0.111914,-0.0,1,206.87089473877734,0.0,42.22637224125702,0.8276368959286375,6.6210951674291,7.448732063357738,206.87089473877734,0.0,0.0,1708.1280054476265,1.0,0.8276368959286375,0.0,1.4967292502666598,0.0,70.22282860623996,0.0,0.0,9.85894800101479,50.0,0.0,0.0,0.0,0.0,0.0,0.0,0.0,5.208333333333333,0.36638087806051367,0.0,161.98924870566304,9080.0,150.0,-0.0,0.0,9.85894800101479,1848.4809294527704,490.34572061344073,477.96655230669484,3212.4457263471454,21.98871280517949,0.0,476.96430600873106,86.13425307833782,97.0526795248877,41.666666666666664,12.37916830674588,191703555.20905304,95824833.33333333,10.0,1.0,7.853981633974483,20.0,2.5,98.17477042468104,8782.261557878492,9.610776124023438,9.85894800101479,50.0,12.131584940610962,2302.786376953125,426.2167428145695,5.208333333333333,0.36638087806051367,161.98924870566304
8,0.167074,0.0,1,308.83310280739215,0.0,297.1835092449887,5.824796781201779,46.59837424961423,52.42317103081601,471.8223515130553,0.0,162.98924870566316,1536.560375231139,1.0,5.824796781201779,0.0,7.205030095844404,0.0,60.31433815295876,0.0,0.0,9.85894800101479,50.0,0.0,0.0,0.0,0.0,0.0,0.0,0.0,5.208333333333333,0.36638087806051367,0.0,161.98924870566304,9080.0,150.0,-0.0,0.0,9.85894800101479,1848.4809294527704,490.34572061344073,477.96655230669484,3212.4457263471454,21.98871280517949,0.0,476.96430600873106,86.13425307833782,97.0526795248877,41.666666666666664,12.37916830674588,191703555.20905304,95824833.33333333,10.0,1.0,7.853981633974483,20.0,2.5,98.17477042468104,8782.261557878492,9.610776124023438,9.85894800101479,50.0,12.131584940610962,2302.786376953125,426.2167428145695,5.208333333333333,0.36638087806051367,161.98924870566304
9,0.217229,-0.0,1,401.54366382409586,0.0,229.55582671134798,4.49929420354242,35.99435362833936,40.49364783188178,401.5436638240959,0.0,0.0,1536.560375231139,1.0,4.49929420354242,0.0,11.614338415315977,0.0,50.405847699677565,0.0,0.0,9.85894800101479,50.0,0.0,0.0,0.0,0.0,0.0,0.0,0.0,5.208333333333333,0.36638087806051367,0.0,161.98924870566304,9080.0,150.0,-0.0,0.0,9.85894800101479,1848.4809294527704,490.34572061344073,477.96655230669484,3212.4457263471454,21.98871280517949,0.0,476.96430600873106,86.13425307833782,97.0526795248877,41.666666666666664,12.37916830674588,191703555.20905304,95824833.33333333,10.0,1.0,7.853981633974483,20.0,2.5,98.17477042468104,8782.261557878492,9.610776124023438,9.85894800101479,50.0,12.131584940610962,2302.786376953125,426.2167428145695,5.208333333333333,0.36638087806051367,161.98924870566304
10,0.253232,1.0,1,468.09452272718397,0.0,0.0,0.0,0.0,0.0,590.1670691326349,0.0,122.07254640607616,1408.0629579615852,-0.0,0.0,9.610776124023438,1.8074240030471609,0.0,52.66712145493515,8782.261557878492,9.610776124023438,9.85894800101479,50.0,12.131584940610962,2302.786376953125,12.131584940610962,86.13425307833782,86.13425307833782,0.0,0.0,5.208333333333333,0.36638087806051367,426.21674281456944,161.98924870566304,297.73844212150834,150.0,1.0,2.272636939596172,0.0,1848.4809294527704,490.34572061344073,477.96655230669484,3212.4457263471454,21.98871280517949,0.0,476.96430600873106,86.13425307833782,97.0526795248877,41.666666666666664,12.37916830674588,191703555.20905304,95824833.33333333,10.0,1.0,7.853981633974483,20.0,2.5,98.17477042468104,8782.261557878492,9.610776124023438,9.85894800101479,50.0,12.131584940610962,2302.786376953125,426.2167428145695,5.208333333333333,0.36638087806051367,161.98924870566304
11,0.260111,0.0,1,480.8102230408895,0.0,305.83234634642764,5.994313988389981,47.95451190711985,53.948825895509835,480.810223028303,0.0,0.0,1408.0629579615852,1.0,5.9943139881061684,0.0,7.6818517113912055,0.0,42.75863100165395,0.0,0.0,9.85894800101479,50.0,0.0,0.0,0.0,0.0,0.0,0.0,0.0,5.208333333333333,0.36638087806051367,0.0,161.98924870566304,9080.0,150.0,0.0,0.0,9.85894800101479,1848.4809294527704,490.34572061344073,477.96655230669484,3212.4457263471454,21.98871280517949,0.0,476.96430600873106,86.13425307833782,97.0526795248877,41.666666666666664,12.37916830674588,191703555.20905304,95824833.33333333,10.0,1.0,7.853981633974483,20.0,2.5,98.17477042468104,8782.261557878492,9.610776124023438,9.85894800101479,50.0,12.131584940610962,2302.786376953125,426.2167428145695,5.208333333333333,0.36638087806051367,161.98924870566304
12,0.2885419999999999,-0.0,1,533.3643843461612,0.0,356.4040951121037,6.985520264197231,55.88416211357785,62.869682377775085,533.3643843461612,0.0,0.0,1408.062957961585,1.0,6.985520264197231,0.0,14.527661570304492,0.0,32.85014054837275,0.0,0.0,9.85894800101479,50.0,0.0,0.0,0.0,0.0,0.0,0.0,0.0,5.208333333333333,0.36638087806051367,0.0,161.98924870566304,9080.0,150.0,-0.0,0.0,9.858948001014799,1848.4809294527704,490.34572061344073,477.96655230669484,3212.4457263471454,21.98871280517949,0.0,476.96430600873106,86.13425307833782,97.0526795248877,41.666666666666664,12.37916830674588,191703555.20905304,95824833.33333333,10.0,1.0,7.853981633974483,20.0,2.5,98.17477042468104,8782.261557878492,9.610776124023438,9.85894800101479,50.0,12.131584940610962,2302.786376953125,426.2167428145695,5.208333333333333,0.36638087806051367,161.98924870566304
13,0.288552,-0.0,1,533.3828691554558,0.0,388.4345704012568,7.613317579864633,60.906540638917065,68.51985821878169,566.6504542666491,0.0,33.267585111193455,1373.0444473182235,1.0,7.613317579864633,0.0,21.988712798571832,0.0,22.94165009509149,0.0,0.0,9.85894800101479,50.0,0.0,0.0,0.0,0.0,0.0,0.0,0.0,5.208333333333333,0.36638087806051367,0.0,161.98924870566304,9080.0,150.0,-0.0,0.0,9.858948001014799,1848.4809294527704,490.34572061344073,477.96655230669484,3212.4457263471454,21.98871280517949,0.0,476.96430600873106,86.13425307833782,97.0526795248877,41.666666666666664,12.37916830674588,191703555.20905304,95824833.33333333,10.0,1.0,7.853981633974483,20.0,2.5,98.17477042468104,8782.261557878492,9.610776124023438,9.85894800101479,50.0,12.131584940610962,2302.786376953125,426.2167428145695,5.208333333333333,0.36638087806051367,161.98924870566304
14,0.2969859999999999,1.0,1,548.9729573144604,0.0,0.0,0.0,0.0,0.0,590.1670691326323,0.0,41.19411181817168,1329.682224351727,-0.0,0.0,9.610776124023436,12.181798386303019,0.0,25.20292385011053,8782.261557878492,9.610776124023433,9.85894800101479,50.0,12.13158494073244,2302.786376953125,12.13158494073244,86.13425307920032,86.13425307920032,0.0,0.0,5.208333333333333,0.36638087806051367,426.21674281456677,161.98924870566304,297.73844212150834,150.0,1.0,2.27263693971763,0.0,1848.4809294527704,490.34572061344073,477.96655230669484,3212.4457263471454,21.98871280517949,0.0,476.96430600873106,86.13425307833782,97.0526795248877,41.666666666666664,12.37916830674588,191703555.20905304,95824833.33333333,10.0,1.0,7.853981633974483,20.0,2.5,98.17477042468104,8782.261557878492,9.610776124023438,9.85894800101479,50.0,12.131584940610962,2302.786376953125,426.2167428145695,5.208333333333333,0.36638087806051367,161.98924870566304
15,0.281607,1.0,1,520.5451691004063,0.0,0.0,0.0,0.0,0.0,590.1670691326323,0.0,69.62190003222582,1256.3960137914892,-0.0,0.0,9.610776124023435,2.3748839740342067,0.0,27.464197604998567,8782.261557878492,9.610776124023433,9.85894800101479,50.0,12.131584940610955,2302.786376953125,12.131584940610955,86.13425307833778,86.13425307833784,0.0,0.0,5.208333333333333,0.36638087806051367,426.21674281456677,161.98924870566304,297.73844212150834,150.0,1.0,2.272636939596157,0.0,1848.4809294527704,490.34572061344073,477.96655230669484,3212.4457263471454,21.98871280517949,0.0,476.96430600873106,86.13425307833782,97.0526795248877,41.666666666666664,12.37916830674588,191703555.20905304,95824833.33333333,10.0,1.0,7.853981633974483,20.0,2.5,98.17477042468104,8782.261557878492,9.610776124023438,9.85894800101479,50.0,12.131584940610962,2302.786376953125,426.2167428145695,5.208333333333333,0.36638087806051367,161.98924870566304
16,0.249078,-0.0,1,460.41593294623715,0.0,286.20735588969796,5.60966417543808,44.87731340350464,50.486977578942714,460.41593294623715,0.0,0.0,1256.3960137914894,1.0,5.60966417543808,0.0,7.8723548659635245,0.0,17.55570715164943,0.0,0.0,9.85894800101479,50.0,0.0,0.0,0.0,0.0,0.0,0.0,0.0,5.208333333333333,0.36638087806051367,0.0,161.98924870566304,9080.0,150.0,-0.0,0.0,9.858948001014797,1848.4809294527704,490.34572061344073,477.96655230669484,3212.4457263471454,21.98871280517949,0.0,476.96430600873106,86.13425307833782,97.0526795248877,41.666666666666664,12.37916830674588,191703555.20905304,95824833.33333333,10.0,1.0,7.853981633974483,20.0,2.5,98.17477042468104,8782.261557878492,9.610776124023438,9.85894800101479,50.0,12.131584940610962,2302.786376953125,426.2167428145695,5.208333333333333,0.36638087806051367,161.98924870566304
17,0.215077,-0.0,1,397.56573286391347,0.0,366.87134044040073,7.190678272631854,57.52542618105483,64.71610445368668,544.2419456913275,0.0,146.67621282741402,1102.0000002889483,1.0,7.190678272631854,0.0,14.919219573142742,0.0,7.647216698368233,0.0,0.0,9.85894800101479,50.0,0.0,0.0,0.0,0.0,0.0,0.0,0.0,5.208333333333333,0.36638087806051367,0.0,161.98924870566304,9080.0,150.0,-0.0,0.0,9.85894800101479,1848.4809294527704,490.34572061344073,477.96655230669484,3212.4457263471454,21.98871280517949,0.0,476.96430600873106,86.13425307833782,97.0526795248877,41.666666666666664,12.37916830674588,191703555.20905304,95824833.33333333,10.0,1.0,7.853981633974483,20.0,2.5,98.17477042468104,8782.261557878492,9.610776124023438,9.85894800101479,50.0,12.131584940610962,2302.786376953125,426.2167428145695,5.208333333333333,0.36638087806051367,161.98924870566304
18,0.202299,1.0,1,373.945843547366,0.0,115.05314528118947,2.2550416475113138,18.04033318009051,20.295374827601822,704.9947102490735,0.0,331.0488667017075,753.5275090239929,-0.0,0.0,7.355734476512134,7.413368066497708,0.0,9.908490453281194,8782.261557878492,9.610776124023447,9.85894800101479,50.0,12.131584940610974,2302.786376953125,12.131584940610974,86.1342530783379,86.13425307833784,0.0,0.0,5.208333333333333,0.36638087806051367,426.2167428145698,161.98924870566304,297.73844212150834,150.0,1.0,2.272636939596173,0.0,1848.4809294527704,490.34572061344073,477.96655230669484,3212.4457263471454,21.98871280517949,0.0,476.96430600873106,86.13425307833782,97.0526795248877,41.666666666666664,12.37916830674588,191703555.20905304,95824833.33333333,10.0,1.0,7.853981633974483,20.0,2.5,98.17477042468104,8782.261557878492,9.610776124023438,9.85894800101479,50.0,12.131584940610962,2302.786376953125,426.2167428145695,5.208333333333333,0.36638087806051367,161.98924870566304
19,0.22774,-0.0,1,420.97304687357394,0.0,248.25230770584187,4.8657452310345,38.925961848276,43.791707079310505,420.97304687357394,0.0,0.0,753.5275090239929,1.0,4.8657452310345,0.0,12.18179839291152,0.0,0.0,0.0,0.0,9.85894800101479,50.0,0.0,0.0,0.0,0.0,0.0,0.0,0.0,5.208333333333333,0.36638087806051367,0.0,161.98924870566304,9080.0,150.0,-0.0,0.0,9.85894800101479,1848.4809294527704,490.34572061344073,477.96655230669484,3212.4457263471454,21.98871280517949,0.0,476.96430600873106,86.13425307833782,97.0526795248877,41.666666666666664,12.37916830674588,191703555.20905304,95824833.33333333,10.0,1.0,7.853981633974483,20.0,2.5,98.17477042468104,8782.261557878492,9.610776124023438,9.85894800101479,50.0,12.131584940610962,2302.786376953125,426.2167428145695,5.208333333333333,0.36638087806051367,161.98924870566304
20,0.307679,1.0,1,568.738763893099,0.0,490.34572061344045,9.610776124023433,76.88620899218746,86.4969851162109,1079.5517121336702,0.0,510.8129482405445,215.82966877075995,-0.0,0.0,0.0,12.18179839291152,0.0,2.2612737548912882,8782.261557878492,9.610776124023431,9.85894800101479,50.0,12.131584940610944,2302.786376953125,12.131584940610944,86.1342530783377,86.1342530783377,0.0,0.0,5.208333333333333,0.36638087806051367,426.21674281456677,161.98924870566304,297.73844212150834,150.0,1.0,2.272636939596143,0.0,1848.4809294527704,490.34572061344073,477.96655230669484,3212.4457263471454,21.98871280517949,0.0,476.96430600873106,86.13425307833782,97.0526795248877,41.666666666666664,12.37916830674588,191703555.20905304,95824833.33333333,10.0,1.0,7.853981633974483,20.0,2.5,98.17477042468104,8782.261557878492,9.610776124023438,9.85894800101479,50.0,12.131584940610962,2302.786376953125,426.2167428145695,5.208333333333333,0.36638087806051367,161.98924870566304
21,0.4305659999999999,1.0,1,795.8930398707613,0.0,411.57083490675984,8.066788364172492,64.53430691337994,72.60109527755243,1000.9312252029778,0.0,205.03818533221647,0.0,-0.0,0.0,1.5439877598509542,10.606300678777894,0.0,4.522547509782575,8782.261557878492,9.610776124023447,9.85894800101479,50.0,12.131584940610974,2302.786376953125,12.131584940610974,86.1342530783379,86.13425307833784,0.0,0.0,5.208333333333333,0.36638087806051367,426.2167428145698,161.98924870566304,297.73844212150834,150.0,1.0,2.272636939596173,0.0,1848.4809294527704,490.34572061344073,477.96655230669484,3212.4457263471454,21.98871280517949,0.0,476.96430600873106,86.13425307833782,97.0526795248877,41.666666666666664,12.37916830674588,191703555.20905304,95824833.33333333,10.0,1.0,7.853981633974483,20.0,2.5,98.17477042468104,8782.261557878492,9.610776124023438,9.85894800101479,50.0,12.131584940610962,2302.786376953125,426.2167428145695,5.208333333333333,0.36638087806051367,161.98924870566304
22,0.560929,1.0,1,1036.866559277013,0.0,447.57674055586733,8.772504114895,70.18003291916,78.952537034055,1036.866559277013,0.0,0.0,0.0,0.0,0.0,0.8382720091284348,9.750921077626428,0.0,6.783821264673875,8782.261557878492,9.610776124023435,9.85894800101479,50.0,12.131584940610974,2302.786376953125,12.131584940610974,86.1342530783379,86.13425307833784,0.0,0.0,5.208333333333333,0.36638087806051367,426.2167428145698,161.98924870566304,297.73844212150834,150.0,1.0,2.2726369395961785,0.0,1848.4809294527704,490.34572061344073,477.96655230669484,3212.4457263471454,21.98871280517949,0.0,476.96430600873106,86.13425307833782,97.0526795248877,41.666666666666664,12.37916830674588,191703555.20905304,95824833.33333333,10.0,1.0,7.853981633974483,20.0,2.5,98.17477042468104,8782.261557878492,9.610776124023438,9.85894800101479,50.0,12.131584940610962,2302.786376953125,426.2167428145695,5.208333333333333,0.36638087806051367,161.98924870566304
23,0.688258,1.0,1,1272.231787543305,0.0,490.34572061344085,9.61077612402344,76.88620899218752,86.49698511621096,1272.2317875433052,192.68007540963134,0.0,183.0460716391491,1.0,0.0,0.0,9.750921077626428,0.0,9.04509501956513,8782.261557878492,9.61077612402344,9.85894800101479,50.0,12.131584940610947,2302.786376953125,12.131584940610947,86.13425307833772,86.13425307833772,0.0,0.0,5.208333333333333,0.36638087806051367,426.2167428145698,161.98924870566304,297.73844212150834,150.0,1.0,2.27263693959615,0.0,1848.4809294527704,490.34572061344073,477.96655230669484,3212.4457263471454,21.98871280517949,0.0,476.96430600873106,86.13425307833782,97.0526795248877,41.666666666666664,12.37916830674588,191703555.20905304,95824833.33333333,10.0,1.0,7.853981633974483,20.0,2.5,98.17477042468104,8782.261557878492,9.610776124023438,9.85894800101479,50.0,12.131584940610962,2302.786376953125,426.2167428145695,5.208333333333333,0.36638087806051367,161.98924870566304
24,0.644692,1.0,1,1191.7008673707655,0.0,490.345720613441,9.610776124023444,76.88620899218755,86.496985116211,1191.7008673707655,112.1491552370934,0.0,289.5877691143878,1.0,0.0,0.0,9.750921077626428,0.0,11.306368774456349,8782.261557878492,9.610776124023444,9.85894800101479,50.0,12.131584940610947,2302.786376953125,12.131584940610947,86.13425307833772,86.13425307833772,0.0,0.0,5.208333333333333,0.36638087806051367,426.21674281456814,161.98924870566304,297.73844212150834,150.0,1.0,2.272636939596152,0.0,1848.4809294527704,490.34572061344073,477.96655230669484,3212.4457263471454,21.98871280517949,0.0,476.96430600873106,86.13425307833782,97.0526795248877,41.666666666666664,12.37916830674588,191703555.20905304,95824833.33333333,10.0,1.0,7.853981633974483,20.0,2.5,98.17477042468104,8782.261557878492,9.610776124023438,9.85894800101479,50.0,12.131584940610962,2302.786376953125,426.2167428145695,5.208333333333333,0.36638087806051367,161.98924870566304
25,0.6825869999999999,1.0,1,1261.749052192378,0.0,490.34572061344085,9.61077612402344,76.88620899218752,86.49698511621096,1261.749052192378,182.19734005870413,0.0,462.6752421701567,1.0,0.0,0.0,9.75092107762642,0.0,13.567642527266488,8782.261557878492,9.610776124023447,9.85894800101479,50.0,12.131584940610974,2302.786376953125,12.131584940610974,86.1342530783379,86.13425307833784,0.0,0.0,5.208333333333333,0.36638087806051367,426.2167428145698,161.98924870566304,297.73844212150834,150.0,1.0,2.272636939596173,0.0,1848.4809294527704,490.34572061344073,477.96655230669484,3212.4457263471454,21.98871280517949,0.0,476.96430600873106,86.13425307833782,97.0526795248877,41.666666666666664,12.37916830674588,191703555.20905304,95824833.33333333,10.0,1.0,7.853981633974483,20.0,2.5,98.17477042468104,8782.261557878492,9.610776124023438,9.85894800101479,50.0,12.131584940610962,2302.786376953125,426.2167428145695,5.208333333333333,0.36638087806051367,161.98924870566304
26,0.696116,1.0,1,1286.7571506869447,0.0,490.34572061344085,9.61077612402344,76.88620899218752,86.49698511621096,1286.757150686945,207.20543855327094,0.0,659.5204087957641,1.0,0.0,0.0,9.75092107762642,0.0,15.828916282172223,8782.261557878492,9.61077612402344,9.85894800101479,50.0,12.131584940610974,2302.786376953125,12.131584940610974,86.1342530783379,86.13425307833784,0.0,0.0,5.208333333333333,0.36638087806051367,426.2167428145698,161.98924870566304,297.73844212150834,150.0,1.0,2.272636939596173,0.0,1848.4809294527704,490.34572061344073,477.96655230669484,3212.4457263471454,21.98871280517949,0.0,476.96430600873106,86.13425307833782,97.0526795248877,41.666666666666664,12.37916830674588,191703555.20905304,95824833.33333333,10.0,1.0,7.853981633974483,20.0,2.5,98.17477042468104,8782.261557878492,9.610776124023438,9.85894800101479,50.0,12.131584940610962,2302.786376953125,426.2167428145695,5.208333333333333,0.36638087806051367,161.98924870566304
27,0.681432,1.0,1,1259.6140567188604,0.0,490.34572061344085,9.61077612402344,76.88620899218752,86.49698511621096,1259.6140567188604,180.06234458518827,0.0,830.5796361516929,1.0,0.0,0.0,9.75092107762642,0.0,18.09019003707797,8782.261557878492,9.61077612402344,9.85894800101479,50.0,12.131584940610947,2302.786376953125,12.131584940610947,86.13425307833772,86.13425307833772,0.0,0.0,5.208333333333333,0.36638087806051367,426.21674281456814,161.98924870566304,297.73844212150834,150.0,1.0,2.27263693959615,0.0,1848.4809294527704,490.34572061344073,477.96655230669484,3212.4457263471454,21.98871280517949,0.0,476.96430600873106,86.13425307833782,97.0526795248877,41.666666666666664,12.37916830674588,191703555.20905304,95824833.33333333,10.0,1.0,7.853981633974483,20.0,2.5,98.17477042468104,8782.261557878492,9.610776124023438,9.85894800101479,50.0,12.131584940610962,2302.786376953125,426.2167428145695,5.208333333333333,0.36638087806051367,161.98924870566304
28,0.636729,1.0,1,1176.981413729533,0.0,490.34572061344085,9.61077612402344,76.88620899218752,86.49698511621096,1176.981413729533,97.42970159585911,0.0,923.137852667759,1.0,0.0,0.0,9.75092107762642,0.0,20.351463791983726,8782.261557878492,9.61077612402344,9.85894800101479,50.0,12.131584940610947,2302.786376953125,12.131584940610947,86.13425307833772,86.13425307833772,0.0,0.0,5.208333333333333,0.36638087806051367,426.2167428145698,161.98924870566304,297.73844212150834,150.0,1.0,2.27263693959615,0.0,1848.4809294527704,490.34572061344073,477.96655230669484,3212.4457263471454,21.98871280517949,0.0,476.96430600873106,86.13425307833782,97.0526795248877,41.666666666666664,12.37916830674588,191703555.20905304,95824833.33333333,10.0,1.0,7.853981633974483,20.0,2.5,98.17477042468104,8782.261557878492,9.610776124023438,9.85894800101479,50.0,12.131584940610962,2302.786376953125,426.2167428145695,5.208333333333333,0.36638087806051367,161.98924870566304
29,0.590928,1.0,1,1092.3191386796668,0.0,490.34572061344085,9.61077612402344,76.88620899218752,86.49698511621096,1092.319138679667,12.76742654599309,0.0,935.2669078864524,1.0,0.0,0.0,9.75092107762642,0.0,22.61273754688952,8782.261557878492,9.61077612402344,9.85894800101479,50.0,12.131584940610974,2302.786376953125,12.131584940610974,86.1342530783379,86.13425307833784,0.0,0.0,5.208333333333333,0.36638087806051367,426.2167428145698,161.98924870566304,297.73844212150834,150.0,1.0,2.272636939596173,0.0,1848.4809294527704,490.34572061344073,477.96655230669484,3212.4457263471454,21.98871280517949,0.0,476.96430600873106,86.13425307833782,97.0526795248877,41.666666666666664,12.37916830674588,191703555.20905304,95824833.33333333,10.0,1.0,7.853981633974483,20.0,2.5,98.17477042468104,8782.261557878492,9.610776124023438,9.85894800101479,50.0,12.131584940610962,2302.786376953125,426.2167428145695,5.208333333333333,0.36638087806051367,161.98924870566304
30,0.578739,1.0,1,1069.788004630567,0.0,490.34572061344085,9.61077612402344,76.88620899218752,86.49698511621096,1079.5517121336738,0.0,231.6105869046242,691.4662900921112,1.0,0.0,0.0,9.75092107762642,0.0,24.874011301795306,8782.261557878492,9.61077612402344,9.85894800101479,50.0,12.131584940610974,2302.786376953125,12.131584940610974,86.1342530783379,86.13425307833784,0.0,0.0,5.208333333333333,0.36638087806051367,426.2167428145698,161.98924870566304,297.73844212150834,150.0,1.0,2.272636939596173,0.0,1848.4809294527704,490.34572061344073,477.96655230669484,3212.4457263471454,21.98871280517949,0.0,476.96430600873106,86.13425307833782,97.0526795248877,41.666666666666664,12.37916830674588,191703555.20905304,95824833.33333333,10.0,1.0,7.853981633974483,20.0,2.5,98.17477042468104,8782.261557878492,9.610776124023438,9.85894800101479,50.0,12.131584940610962,2302.786376953125,426.2167428145695,5.208333333333333,0.36638087806051367,161.98924870566304
31,0.5964940000000001,1.0,1,1102.6077835330009,0.0,490.34572061344085,9.61077612402344,76.88620899218752,86.49698511621096,1079.551712133672,0.0,0.0,691.4662900921112,1.0,0.0,0.0,9.750921077624021,0.0,27.135285056701946,8782.261557878492,9.61077612402344,9.85894800101479,50.0,12.131584940610955,2302.786376953125,12.131584940610955,86.13425307833778,86.13425307833778,0.0,0.0,5.208333333333333,0.36638087806051367,426.21674281456814,161.98924870566304,297.73844212150834,150.0,1.0,2.272636939596157,0.0,1848.4809294527704,490.34572061344073,477.96655230669484,3212.4457263471454,21.98871280517949,0.0,476.96430600873106,86.13425307833782,97.0526795248877,41.666666666666664,12.37916830674588,191703555.20905304,95824833.33333333,10.0,1.0,7.853981633974483,20.0,2.5,98.17477042468104,8782.261557878492,9.610776124023438,9.85894800101479,50.0,12.131584940610962,2302.786376953125,426.2167428145695,5.208333333333333,0.36638087806051367,161.98924870566304
32,0.590373,1.0,1,1091.2932317638206,0.0,490.345720613441,9.610776124023444,76.88620899218755,86.496985116211,1079.5517121336707,0.0,0.0,691.4662900921112,1.0,0.0,0.0,9.750921077624021,0.0,29.39655881160766,8782.261557878492,9.610776124023444,9.85894800101479,50.0,12.131584940610953,2302.786376953125,12.131584940610953,86.13425307833776,86.13425307833782,0.0,0.0,5.208333333333333,0.36638087806051367,426.21674281456677,161.98924870566304,297.73844212150834,150.0,1.0,2.2726369395961554,0.0,1848.4809294527704,490.34572061344073,477.96655230669484,3212.4457263471454,21.98871280517949,0.0,476.96430600873106,86.13425307833782,97.0526795248877,41.666666666666664,12.37916830674588,191703555.20905304,95824833.33333333,10.0,1.0,7.853981633974483,20.0,2.5,98.17477042468104,8782.261557878492,9.610776124023438,9.85894800101479,50.0,12.131584940610962,2302.786376953125,426.2167428145695,5.208333333333333,0.36638087806051367,161.98924870566304
33,0.547881,1.0,1,1012.7475801095133,0.0,490.34572061344085,9.61077612402344,76.88620899218752,86.49698511621096,1079.551712133672,0.0,66.80413202415883,621.1461511193124,1.0,0.0,0.0,9.750921077624021,0.0,31.657832566513367,8782.261557878492,9.610776124023435,9.85894800101479,50.0,12.131584940610947,2302.786376953125,12.131584940610947,86.13425307833772,86.13425307833772,0.0,0.0,5.208333333333333,0.36638087806051367,426.21674281456814,161.98924870566304,297.73844212150834,150.0,1.0,2.27263693959615,0.0,1848.4809294527704,490.34572061344073,477.96655230669484,3212.4457263471454,21.98871280517949,0.0,476.96430600873106,86.13425307833782,97.0526795248877,41.666666666666664,12.37916830674588,191703555.20905304,95824833.33333333,10.0,1.0,7.853981633974483,20.0,2.5,98.17477042468104,8782.261557878492,9.610776124023438,9.85894800101479,50.0,12.131584940610962,2302.786376953125,426.2167428145695,5.208333333333333,0.36638087806051367,161.98924870566304
34,0.499267,1.0,1,922.8855282050963,0.0,490.34572061344085,9.61077612402344,76.88620899218752,86.49698511621096,1079.5517121336738,0.0,156.66618392857737,456.23437856291525,0.0,0.0,0.0,9.750921077624021,0.0,33.91910632141901,8782.261557878492,9.610776124023438,9.85894800101479,50.0,12.131584940610974,2302.786376953125,12.131584940610974,86.1342530783379,86.13425307833784,0.0,0.0,5.208333333333333,0.36638087806051367,426.2167428145698,161.98924870566304,297.73844212150834,150.0,1.0,2.272636939596173,0.0,1848.4809294527704,490.34572061344073,477.96655230669484,3212.4457263471454,21.98871280517949,0.0,476.96430600873106,86.13425307833782,97.0526795248877,41.666666666666664,12.37916830674588,191703555.20905304,95824833.33333333,10.0,1.0,7.853981633974483,20.0,2.5,98.17477042468104,8782.261557878492,9.610776124023438,9.85894800101479,50.0,12.131584940610962,2302.786376953125,426.2167428145695,5.208333333333333,0.36638087806051367,161.98924870566304
35,0.4721789999999999,1.0,1,872.8138767880795,0.0,490.34572061344085,9.61077612402344,76.88620899218752,86.49698511621096,1079.5517121336738,0.0,206.73783534571936,238.61560451478962,1.0,0.0,0.0,9.750921077624014,0.0,36.18038007631717,8782.261557878492,9.610776124023447,9.85894800101479,50.0,12.131584940610974,2302.786376953125,12.131584940610974,86.1342530783379,86.13425307833784,0.0,0.0,5.208333333333333,0.36638087806051367,426.2167428145698,161.98924870566304,297.73844212150834,150.0,1.0,2.272636939596173,0.0,1848.4809294527704,490.34572061344073,477.96655230669484,3212.4457263471454,21.98871280517949,0.0,476.96430600873106,86.13425307833782,97.0526795248877,41.666666666666664,12.37916830674588,191703555.20905304,95824833.33333333,10.0,1.0,7.853981633974483,20.0,2.5,98.17477042468104,8782.261557878492,9.610776124023438,9.85894800101479,50.0,12.131584940610962,2302.786376953125,426.2167428145695,5.208333333333333,0.36638087806051367,161.98924870566304
36,0.493828,1.0,1,912.8316404298026,0.0,490.34572061344085,9.61077612402344,76.88620899218752,86.49698511621096,1079.5517121336707,0.0,166.72007170386803,63.12079219492853,0.0,0.0,0.0,9.750921077624021,0.0,38.44165383020361,8782.261557878492,9.610776124023433,9.85894800101479,50.0,12.131584939586652,2302.786376953125,12.131584939586652,86.13425307106523,86.13425307106523,0.0,0.0,5.208333333333333,0.36638087806051367,426.21674281456677,161.98924870566304,297.73844212150834,150.0,1.0,2.272636938571855,0.0,1848.4809294527704,490.34572061344073,477.96655230669484,3212.4457263471454,21.98871280517949,0.0,476.96430600873106,86.13425307833782,97.0526795248877,41.666666666666664,12.37916830674588,191703555.20905304,95824833.33333333,10.0,1.0,7.853981633974483,20.0,2.5,98.17477042468104,8782.261557878492,9.610776124023438,9.85894800101479,50.0,12.131584940610962,2302.786376953125,426.2167428145695,5.208333333333333,0.36638087806051367,161.98924870566304
37,0.551581,1.0,1,1019.5869595484885,0.0,490.34572061344085,9.61077612402344,76.88620899218752,86.49698511621096,1079.5517121336707,0.0,59.96475258518211,0.0,1.0,0.0,0.0,9.750921077624028,0.0,40.702927585268995,8782.261557878492,9.610776124023433,9.85894800101479,50.0,12.13158494077886,2302.786376953125,12.13158494077886,86.1342530795299,86.13425307833784,0.0,0.0,5.208333333333333,0.36638087806051367,426.21674281456677,161.98924870566304,297.73844212150834,150.0,1.0,2.272636939764106,0.0,1848.4809294527704,490.34572061344073,477.96655230669484,3212.4457263471454,21.98871280517949,0.0,476.96430600873106,86.13425307833782,97.0526795248877,41.666666666666664,12.37916830674588,191703555.20905304,95824833.33333333,10.0,1.0,7.853981633974483,20.0,2.5,98.17477042468104,8782.261557878492,9.610776124023438,9.85894800101479,50.0,12.131584940610962,2302.786376953125,426.2167428145695,5.208333333333333,0.36638087806051367,161.98924870566304
38,0.6367910000000001,1.0,1,1177.0960195471594,0.0,490.34572061344085,9.61077612402344,76.88620899218752,86.49698511621096,1079.551712133672,0.0,0.0,0.0,1.0,0.0,0.0,9.750921077624028,0.0,42.96420134017465,8782.261557878492,9.61077612402344,9.85894800101479,50.0,12.131584940610962,2302.786376953125,12.131584940610962,86.13425307833782,86.13425307833782,0.0,0.0,5.208333333333333,0.36638087806051367,426.21674281456814,161.98924870566304,297.73844212150834,150.0,1.0,2.272636939596166,0.0,1848.4809294527704,490.34572061344073,477.96655230669484,3212.4457263471454,21.98871280517949,0.0,476.96430600873106,86.13425307833782,97.0526795248877,41.666666666666664,12.37916830674588,191703555.20905304,95824833.33333333,10.0,1.0,7.853981633974483,20.0,2.5,98.17477042468104,8782.261557878492,9.610776124023438,9.85894800101479,50.0,12.131584940610962,2302.786376953125,426.2167428145695,5.208333333333333,0.36638087806051367,161.98924870566304
39,0.738213,1.0,1,1364.572652374118,0.0,490.34572061344073,9.610776124023438,76.8862089921875,86.49698511621094,1079.5517121336734,0.0,0.0,0.0,1.0,0.0,0.0,9.750921077624028,0.0,45.22547509507283,8782.261557878492,9.610776124023438,9.85894800101479,50.0,12.131584940610962,2302.786376953125,12.131584940610962,86.13425307833782,86.13425307833782,0.0,0.0,5.208333333333333,0.36638087806051367,426.2167428145695,161.98924870566304,297.73844212150834,150.0,1.0,2.2726369395961656,0.0,1848.4809294527704,490.34572061344073,477.96655230669484,3212.4457263471454,21.98871280517949,0.0,476.96430600873106,86.13425307833782,97.0526795248877,41.666666666666664,12.37916830674588,191703555.20905304,95824833.33333333,10.0,1.0,7.853981633974483,20.0,2.5,98.17477042468104,8782.261557878492,9.610776124023438,9.85894800101479,50.0,12.131584940610962,2302.786376953125,426.2167428145695,5.208333333333333,0.36638087806051367,161.98924870566304
40,0.827915,1.0,1,1530.3850887078904,0.0,490.34572061344073,9.610776124023438,76.8862089921875,86.49698511621094,1079.5517121336734,0.0,0.0,0.0,1.0,0.0,0.0,9.750921077624028,0.0,47.486748849971015,8782.261557878492,9.610776124023438,9.85894800101479,50.0,12.131584940610962,2302.786376953125,12.131584940610962,86.13425307833782,86.13425307833782,0.0,0.0,5.208333333333333,0.36638087806051367,426.2167428145695,161.98924870566304,297.73844212150834,150.0,1.0,2.2726369395961656,0.0,1848.4809294527704,490.34572061344073,477.96655230669484,3212.4457263471454,21.98871280517949,0.0,476.96430600873106,86.13425307833782,97.0526795248877,41.666666666666664,12.37916830674588,191703555.20905304,95824833.33333333,10.0,1.0,7.853981633974483,20.0,2.5,98.17477042468104,8782.261557878492,9.610776124023438,9.85894800101479,50.0,12.131584940610962,2302.786376953125,426.2167428145695,5.208333333333333,0.36638087806051367,161.98924870566304
41,0.888608,1.0,1,1642.5749417591674,0.0,490.34572061344073,9.610776124023438,76.8862089921875,86.49698511621094,1079.5517121336734,0.0,0.0,0.0,1.0,0.0,0.0,9.750921077624028,0.0,49.74802260501941,8782.261557878492,9.610776124023438,9.85894800101479,50.0,12.131584940610962,2302.786376953125,12.131584940610962,86.13425307833782,86.13425307833782,0.0,0.0,5.208333333333333,0.36638087806051367,426.2167428145695,161.98924870566304,297.73844212150834,150.0,1.0,2.2726369395961656,0.0,1848.4809294527704,490.34572061344073,477.96655230669484,3212.4457263471454,21.98871280517949,0.0,476.96430600873106,86.13425307833782,97.0526795248877,41.666666666666664,12.37916830674588,191703555.20905304,95824833.33333333,10.0,1.0,7.853981633974483,20.0,2.5,98.17477042468104,8782.261557878492,9.610776124023438,9.85894800101479,50.0,12.131584940610962,2302.786376953125,426.2167428145695,5.208333333333333,0.36638087806051367,161.98924870566304
42,0.913821,1.0,1,1689.1806914334602,0.0,490.34572061344073,9.610776124023438,76.8862089921875,86.49698511621094,1079.5517121336734,0.0,0.0,0.0,1.0,0.0,0.0,9.750921077624028,0.0,52.00929635991759,8782.261557878492,9.610776124023438,9.85894800101479,50.0,12.131584940610962,2302.786376953125,12.131584940610962,86.13425307833782,86.13425307833782,0.0,0.0,5.208333333333333,0.36638087806051367,426.2167428145695,161.98924870566304,297.73844212150834,150.0,1.0,2.2726369395961656,0.0,1848.4809294527704,490.34572061344073,477.96655230669484,3212.4457263471454,21.98871280517949,0.0,476.96430600873106,86.13425307833782,97.0526795248877,41.666666666666664,12.37916830674588,191703555.20905304,95824833.33333333,10.0,1.0,7.853981633974483,20.0,2.5,98.17477042468104,8782.261557878492,9.610776124023438,9.85894800101479,50.0,12.131584940610962,2302.786376953125,426.2167428145695,5.208333333333333,0.36638087806051367,161.98924870566304
43,0.923208,1.0,1,1706.5323819182333,0.0,490.34572061344073,9.610776124023438,76.8862089921875,86.49698511621094,1079.5517121336734,0.0,0.0,0.0,1.0,0.0,0.0,9.750921077624028,0.0,54.270570114815776,8782.261557878492,9.610776124023438,9.85894800101479,50.0,12.131584940610962,2302.786376953125,12.131584940610962,86.13425307833782,86.13425307833782,0.0,0.0,5.208333333333333,0.36638087806051367,426.2167428145695,161.98924870566304,297.73844212150834,150.0,1.0,2.2726369395961656,0.0,1848.4809294527704,490.34572061344073,477.96655230669484,3212.4457263471454,21.98871280517949,0.0,476.96430600873106,86.13425307833782,97.0526795248877,41.666666666666664,12.37916830674588,191703555.20905304,95824833.33333333,10.0,1.0,7.853981633974483,20.0,2.5,98.17477042468104,8782.261557878492,9.610776124023438,9.85894800101479,50.0,12.131584940610962,2302.786376953125,426.2167428145695,5.208333333333333,0.36638087806051367,161.98924870566304
44,0.936193,1.0,1,1730.5349067871775,0.0,490.34572061344073,9.610776124023438,76.8862089921875,86.49698511621094,1079.5517121336734,0.0,0.0,0.0,1.0,0.0,0.0,9.750921077624028,0.0,56.53184386971396,8782.261557878492,9.610776124023438,9.85894800101479,50.0,12.131584940610962,2302.786376953125,12.131584940610962,86.13425307833782,86.13425307833782,0.0,0.0,5.208333333333333,0.36638087806051367,426.2167428145695,161.98924870566304,297.73844212150834,150.0,1.0,2.2726369395961656,0.0,1848.4809294527704,490.34572061344073,477.96655230669484,3212.4457263471454,21.98871280517949,0.0,476.96430600873106,86.13425307833782,97.0526795248877,41.666666666666664,12.37916830674588,191703555.20905304,95824833.33333333,10.0,1.0,7.853981633974483,20.0,2.5,98.17477042468104,8782.261557878492,9.610776124023438,9.85894800101479,50.0,12.131584940610962,2302.786376953125,426.2167428145695,5.208333333333333,0.36638087806051367,161.98924870566304
45,0.946311,1.0,1,1749.2378368313807,0.0,490.34572061344073,9.610776124023438,76.8862089921875,86.49698511621094,1079.5517121336734,0.0,0.0,0.0,1.0,0.0,0.0,9.750921077624028,0.0,58.79311762471119,8782.261557878492,9.610776124023438,9.85894800101479,50.0,12.131584940610962,2302.786376953125,12.131584940610962,86.13425307833782,86.13425307833782,0.0,0.0,5.208333333333333,0.36638087806051367,426.2167428145695,161.98924870566304,297.73844212150834,150.0,1.0,2.2726369395961656,0.0,1848.4809294527704,490.34572061344073,477.96655230669484,3212.4457263471454,21.98871280517949,0.0,476.96430600873106,86.13425307833782,97.0526795248877,41.666666666666664,12.37916830674588,191703555.20905304,95824833.33333333,10.0,1.0,7.853981633974483,20.0,2.5,98.17477042468104,8782.261557878492,9.610776124023438,9.85894800101479,50.0,12.131584940610962,2302.786376953125,426.2167428145695,5.208333333333333,0.36638087806051367,161.98924870566304
46,0.947288,1.0,1,1751.043802699456,0.0,490.34572061344073,9.610776124023438,76.8862089921875,86.49698511621094,1079.5517121336734,0.0,0.0,0.0,1.0,0.0,0.0,9.750921077624028,0.0,61.05439137960938,8782.261557878492,9.610776124023438,9.85894800101479,50.0,12.131584940610962,2302.786376953125,12.131584940610962,86.13425307833782,86.13425307833782,0.0,0.0,5.208333333333333,0.36638087806051367,426.2167428145695,161.98924870566304,297.73844212150834,150.0,1.0,2.2726369395961656,0.0,1848.4809294527704,490.34572061344073,477.96655230669484,3212.4457263471454,21.98871280517949,0.0,476.96430600873106,86.13425307833782,97.0526795248877,41.666666666666664,12.37916830674588,191703555.20905304,95824833.33333333,10.0,1.0,7.853981633974483,20.0,2.5,98.17477042468104,8782.261557878492,9.610776124023438,9.85894800101479,50.0,12.131584940610962,2302.786376953125,426.2167428145695,5.208333333333333,0.36638087806051367,161.98924870566304
47,0.938542,1.0,1,1734.876988490462,0.0,490.34572061344073,9.610776124023438,76.8862089921875,86.49698511621094,1079.5517121336734,0.0,0.0,0.0,1.0,0.0,0.0,9.750921077624028,0.0,63.31566513450756,8782.261557878492,9.610776124023438,9.85894800101479,50.0,12.131584940610962,2302.786376953125,12.131584940610962,86.13425307833782,86.13425307833782,0.0,0.0,5.208333333333333,0.36638087806051367,426.2167428145695,161.98924870566304,297.73844212150834,150.0,1.0,2.2726369395961656,0.0,1848.4809294527704,490.34572061344073,477.96655230669484,3212.4457263471454,21.98871280517949,0.0,476.96430600873106,86.13425307833782,97.0526795248877,41.666666666666664,12.37916830674588,191703555.20905304,95824833.33333333,10.0,1.0,7.853981633974483,20.0,2.5,98.17477042468104,8782.261557878492,9.610776124023438,9.85894800101479,50.0,12.131584940610962,2302.786376953125,426.2167428145695,5.208333333333333,0.36638087806051367,161.98924870566304
48,0.975441,1.0,1,1803.0840863063397,0.0,490.34572061344073,9.610776124023438,76.8862089921875,86.49698511621094,1079.5517121336734,0.0,0.0,0.0,1.0,0.0,0.0,9.750921077624028,0.0,65.57693888940553,8782.261557878492,9.610776124023438,9.85894800101479,50.0,12.131584940610962,2302.786376953125,12.131584940610962,86.13425307833782,86.13425307833782,0.0,0.0,5.208333333333333,0.36638087806051367,426.2167428145695,161.98924870566304,297.73844212150834,150.0,1.0,2.2726369395961656,0.0,1848.4809294527704,490.34572061344073,477.96655230669484,3212.4457263471454,21.98871280517949,0.0,476.96430600873106,86.13425307833782,97.0526795248877,41.666666666666664,12.37916830674588,191703555.20905304,95824833.33333333,10.0,1.0,7.853981633974483,20.0,2.5,98.17477042468104,8782.261557878492,9.610776124023438,9.85894800101479,50.0,12.131584940610962,2302.786376953125,426.2167428145695,5.208333333333333,0.36638087806051367,161.98924870566304
49,0.988817,1.0,1,1827.8093672187,0.0,490.34572061344073,9.610776124023438,76.8862089921875,86.49698511621094,1165.6859652120113,0.0,0.0,0.0,1.0,0.0,0.0,9.750921077624028,0.0,67.83821264430371,8782.261557878492,9.610776124023438,9.85894800101479,50.0,12.131584940610962,2302.786376953125,12.131584940610962,86.13425307833782,0.0,86.13425307833782,86.13425307833782,5.208333333333333,0.36638087806051367,426.2167428145695,161.98924870566304,297.73844212150834,150.0,1.0,2.272636939596165,0.0,1848.4809294527704,490.34572061344073,477.96655230669484,3212.4457263471454,21.98871280517949,0.0,476.96430600873106,86.13425307833782,97.0526795248877,41.666666666666664,12.37916830674588,191703555.20905304,95824833.33333333,10.0,1.0,7.853981633974483,20.0,2.5,98.17477042468104,8782.261557878492,9.610776124023438,9.85894800101479,50.0,12.131584940610962,2302.786376953125,426.2167428145695,5.208333333333333,0.36638087806051367,161.98924870566304
50,0.975603,1.0,1,1803.3835402169111,0.0,490.34572061344073,9.610776124023438,76.8862089921875,86.49698511621094,1079.5517121336734,0.0,0.0,0.0,1.0,0.0,0.0,9.750921077624028,0.0,70.09948639929398,8782.261557878492,9.610776124023438,9.85894800101479,50.0,12.131584940610962,2302.786376953125,12.131584940610962,86.13425307833782,86.13425307833782,0.0,0.0,5.208333333333333,0.36638087806051367,426.2167428145695,161.98924870566304,297.73844212150834,150.0,1.0,2.272636939596165,0.0,1848.4809294527704,490.34572061344073,477.96655230669484,3212.4457263471454,21.98871280517949,0.0,476.96430600873106,86.13425307833782,97.0526795248877,41.666666666666664,12.37916830674588,191703555.20905304,95824833.33333333,10.0,1.0,7.853981633974483,20.0,2.5,98.17477042468104,8782.261557878492,9.610776124023438,9.85894800101479,50.0,12.131584940610962,2302.786376953125,426.2167428145695,5.208333333333333,0.36638087806051367,161.98924870566304
51,0.976492,1.0,1,1805.0268397631946,0.0,490.34572061344085,9.61077612402344,76.88620899218752,86.49698511621096,1079.5517121336734,0.0,0.0,0.0,1.0,0.0,0.0,9.750921077624028,0.0,72.3607601544941,8782.261557878492,9.610776124023438,9.85894800101479,50.0,12.131584940610962,2302.786376953125,12.131584940610962,86.13425307833782,86.13425307833782,0.0,0.0,5.208333333333333,0.36638087806051367,426.2167428145695,161.98924870566304,297.73844212150834,150.0,1.0,2.272636939899624,0.0,1848.4809294527704,490.34572061344073,477.96655230669484,3212.4457263471454,21.98871280517949,0.0,476.96430600873106,86.13425307833782,97.0526795248877,41.666666666666664,12.37916830674588,191703555.20905304,95824833.33333333,10.0,1.0,7.853981633974483,20.0,2.5,98.17477042468104,8782.261557878492,9.610776124023438,9.85894800101479,50.0,12.131584940610962,2302.786376953125,426.2167428145695,5.208333333333333,0.36638087806051367,161.98924870566304
52,0.960217,1.0,1,1774.9428126363507,0.0,490.34572061344073,9.610776124023438,76.8862089921875,86.49698511621094,1079.5517121336734,0.0,0.0,0.0,1.0,0.0,0.0,9.750921077624028,0.0,74.62203390939229,8782.261557878492,9.610776124023438,9.85894800101479,50.0,12.131584940610962,2302.786376953125,12.131584940610962,86.13425307833782,86.13425307833782,0.0,0.0,5.208333333333333,0.36638087806051367,426.2167428145695,161.98924870566304,297.73844212150834,150.0,1.0,2.2726369395961656,0.0,1848.4809294527704,490.34572061344073,477.96655230669484,3212.4457263471454,21.98871280517949,0.0,476.96430600873106,86.13425307833782,97.0526795248877,41.666666666666664,12.37916830674588,191703555.20905304,95824833.33333333,10.0,1.0,7.853981633974483,20.0,2.5,98.17477042468104,8782.261557878492,9.610776124023438,9.85894800101479,50.0,12.131584940610962,2302.786376953125,426.2167428145695,5.208333333333333,0.36638087806051367,161.98924870566304
53,0.956944,1.0,1,1768.892734554252,0.0,490.34572061344085,9.61077612402344,76.88620899218752,86.49698511621096,1079.5517121336734,0.0,0.0,0.0,1.0,0.0,0.0,9.750921077624028,0.0,76.88330766429101,8782.261557878492,9.610776124023438,9.85894800101479,50.0,12.131584940610962,2302.786376953125,12.131584940610962,86.13425307833782,86.13425307833782,0.0,0.0,5.208333333333333,0.36638087806051367,426.2167428145695,161.98924870566304,297.73844212150834,150.0,1.0,2.2726369395961656,0.0,1848.4809294527704,490.34572061344073,477.96655230669484,3212.4457263471454,21.98871280517949,0.0,476.96430600873106,86.13425307833782,97.0526795248877,41.666666666666664,12.37916830674588,191703555.20905304,95824833.33333333,10.0,1.0,7.853981633974483,20.0,2.5,98.17477042468104,8782.261557878492,9.610776124023438,9.85894800101479,50.0,12.131584940610962,2302.786376953125,426.2167428145695,5.208333333333333,0.36638087806051367,161.98924870566304
54,0.979945,1.0,1,1811.409644412595,0.0,490.34572061344085,9.61077612402344,76.88620899218752,86.49698511621096,1079.5517121336734,0.0,0.0,0.0,1.0,0.0,0.0,9.750921077624032,0.0,79.1445814191892,8782.261557878492,9.610776124023438,9.85894800101479,50.0,12.131584940610962,2302.786376953125,12.131584940610962,86.13425307833782,86.13425307833782,0.0,0.0,5.208333333333333,0.36638087806051367,426.2167428145695,161.98924870566304,297.73844212150834,150.0,1.0,2.2726369395961656,0.0,1848.4809294527704,490.34572061344073,477.96655230669484,3212.4457263471454,21.98871280517949,0.0,476.96430600873106,86.13425307833782,97.0526795248877,41.666666666666664,12.37916830674588,191703555.20905304,95824833.33333333,10.0,1.0,7.853981633974483,20.0,2.5,98.17477042468104,8782.261557878492,9.610776124023438,9.85894800101479,50.0,12.131584940610962,2302.786376953125,426.2167428145695,5.208333333333333,0.36638087806051367,161.98924870566304
55,0.980376,1.0,1,1812.2063396931892,0.0,490.34572061344073,9.610776124023438,76.8862089921875,86.49698511621094,1079.5517121336734,0.0,0.0,0.0,1.0,0.0,0.0,9.750921077624032,0.0,81.40585517416086,8782.261557878492,9.610776124023438,9.85894800101479,50.0,12.131584940610962,2302.786376953125,12.131584940610962,86.13425307833782,86.13425307833782,0.0,0.0,5.208333333333333,0.36638087806051367,426.2167428145695,161.98924870566304,297.73844212150834,150.0,1.0,2.2726369395961656,0.0,1848.4809294527704,490.34572061344073,477.96655230669484,3212.4457263471454,21.98871280517949,0.0,476.96430600873106,86.13425307833782,97.0526795248877,41.666666666666664,12.37916830674588,191703555.20905304,95824833.33333333,10.0,1.0,7.853981633974483,20.0,2.5,98.17477042468104,8782.261557878492,9.610776124023438,9.85894800101479,50.0,12.131584940610962,2302.786376953125,426.2167428145695,5.208333333333333,0.36638087806051367,161.98924870566304
56,0.9848,1.0,1,1820.3840193250883,0.0,490.34572061344073,9.610776124023438,76.8862089921875,86.49698511621094,1079.5517121336734,0.0,0.0,0.0,1.0,0.0,0.0,9.750921077624032,0.0,83.66712892905905,8782.261557878492,9.610776124023438,9.85894800101479,50.0,12.131584940610962,2302.786376953125,12.131584940610962,86.13425307833782,86.13425307833782,0.0,0.0,5.208333333333333,0.36638087806051367,426.2167428145695,161.98924870566304,297.73844212150834,150.0,1.0,2.2726369395961656,0.0,1848.4809294527704,490.34572061344073,477.96655230669484,3212.4457263471454,21.98871280517949,0.0,476.96430600873106,86.13425307833782,97.0526795248877,41.666666666666664,12.37916830674588,191703555.20905304,95824833.33333333,10.0,1.0,7.853981633974483,20.0,2.5,98.17477042468104,8782.261557878492,9.610776124023438,9.85894800101479,50.0,12.131584940610962,2302.786376953125,426.2167428145695,5.208333333333333,0.36638087806051367,161.98924870566304
57,0.988731,1.0,1,1827.650397858767,0.0,490.34572061344073,9.610776124023438,76.8862089921875,86.49698511621094,1079.5517121336734,0.0,0.0,0.0,-0.0,0.0,0.0,9.750921077624032,0.0,85.92840268408185,8782.261557878492,9.610776124023438,9.85894800101479,50.0,12.131584940610962,2302.786376953125,12.131584940610962,86.13425307833782,86.13425307833782,0.0,0.0,5.208333333333333,0.36638087806051367,426.2167428145695,161.98924870566304,297.73844212150834,150.0,1.0,2.2726369395961656,0.0,1848.4809294527704,490.34572061344073,477.96655230669484,3212.4457263471454,21.98871280517949,0.0,476.96430600873106,86.13425307833782,97.0526795248877,41.666666666666664,12.37916830674588,191703555.20905304,95824833.33333333,10.0,1.0,7.853981633974483,20.0,2.5,98.17477042468104,8782.261557878492,9.610776124023438,9.85894800101479,50.0,12.131584940610962,2302.786376953125,426.2167428145695,5.208333333333333,0.36638087806051367,161.98924870566304
58,0.988945,1.0,1,1828.04597277767,0.0,490.34572061344073,9.610776124023438,76.8862089921875,86.49698511621094,1079.5517121336734,0.0,0.0,0.0,1.0,0.0,0.0,9.750921077624032,0.0,88.18967643898003,8782.261557878492,9.610776124023438,9.85894800101479,50.0,12.131584940610962,2302.786376953125,12.131584940610962,86.13425307833782,86.13425307833782,0.0,0.0,5.208333333333333,0.36638087806051367,426.2167428145695,161.98924870566304,297.73844212150834,150.0,1.0,2.2726369395961656,0.0,1848.4809294527704,490.34572061344073,477.96655230669484,3212.4457263471454,21.98871280517949,0.0,476.96430600873106,86.13425307833782,97.0526795248877,41.666666666666664,12.37916830674588,191703555.20905304,95824833.33333333,10.0,1.0,7.853981633974483,20.0,2.5,98.17477042468104,8782.261557878492,9.610776124023438,9.85894800101479,50.0,12.131584940610962,2302.786376953125,426.2167428145695,5.208333333333333,0.36638087806051367,161.98924870566304
59,0.986665,1.0,1,1823.8314362585177,0.0,490.34572061344073,9.610776124023438,76.8862089921875,86.49698511621094,1079.5517121336734,0.0,0.0,0.0,1.0,0.0,0.0,9.750921077624032,0.0,90.45095019387821,8782.261557878492,9.610776124023438,9.85894800101479,50.0,12.131584940610962,2302.786376953125,12.131584940610962,86.13425307833782,86.13425307833782,0.0,0.0,5.208333333333333,0.36638087806051367,426.2167428145695,161.98924870566304,297.73844212150834,150.0,1.0,2.2726369395961656,0.0,1848.4809294527704,490.34572061344073,477.96655230669484,3212.4457263471454,21.98871280517949,0.0,476.96430600873106,86.13425307833782,97.0526795248877,41.666666666666664,12.37916830674588,191703555.20905304,95824833.33333333,10.0,1.0,7.853981633974483,20.0,2.5,98.17477042468104,8782.261557878492,9.610776124023438,9.85894800101479,50.0,12.131584940610962,2302.786376953125,426.2167428145695,5.208333333333333,0.36638087806051367,161.98924870566304
60,0.982849,1.0,1,1816.7776330317258,0.0,490.34572061344073,9.610776124023438,76.8862089921875,86.49698511621094,1079.5517121336734,0.0,0.0,0.0,1.0,0.0,0.0,9.750921077624032,0.0,92.7122239487764,8782.261557878492,9.610776124023438,9.85894800101479,50.0,12.131584940610962,2302.786376953125,12.131584940610962,86.13425307833782,86.13425307833782,0.0,0.0,5.208333333333333,0.36638087806051367,426.2167428145695,161.98924870566304,297.73844212150834,150.0,1.0,2.2726369395961656,0.0,1848.4809294527704,490.34572061344073,477.96655230669484,3212.4457263471454,21.98871280517949,0.0,476.96430600873106,86.13425307833782,97.0526795248877,41.666666666666664,12.37916830674588,191703555.20905304,95824833.33333333,10.0,1.0,7.853981633974483,20.0,2.5,98.17477042468104,8782.261557878492,9.610776124023438,9.85894800101479,50.0,12.131584940610962,2302.786376953125,426.2167428145695,5.208333333333333,0.36638087806051367,161.98924870566304
61,0.973926,1.0,1,1800.2836376982189,0.0,490.34572061344073,9.610776124023438,76.8862089921875,86.49698511621094,1079.5517121336734,0.0,0.0,0.0,1.0,0.0,0.0,9.750921077624032,0.0,94.97349770367458,8782.261557878492,9.610776124023438,9.85894800101479,50.0,12.131584940610962,2302.786376953125,12.131584940610962,86.13425307833782,86.13425307833782,0.0,0.0,5.208333333333333,0.36638087806051367,426.2167428145695,161.98924870566304,297.73844212150834,150.0,1.0,2.2726369395961656,0.0,1848.4809294527704,490.34572061344073,477.96655230669484,3212.4457263471454,21.98871280517949,0.0,476.96430600873106,86.13425307833782,97.0526795248877,41.666666666666664,12.37916830674588,191703555.20905304,95824833.33333333,10.0,1.0,7.853981633974483,20.0,2.5,98.17477042468104,8782.261557878492,9.610776124023438,9.85894800101479,50.0,12.131584940610962,2302.786376953125,426.2167428145695,5.208333333333333,0.36638087806051367,161.98924870566304
62,0.958467,1.0,1,1771.7079710098085,0.0,490.34572061344073,9.610776124023438,76.8862089921875,86.49698511621094,1079.5517121336734,0.0,0.0,0.0,1.0,0.0,0.0,9.750921077624032,0.0,97.23477145857245,8782.261557878492,9.610776124023438,9.85894800101479,50.0,12.131584940610962,2302.786376953125,12.131584940610962,86.13425307833782,86.13425307833782,0.0,0.0,5.208333333333333,0.36638087806051367,426.2167428145695,161.98924870566304,297.73844212150834,150.0,1.0,2.2726369395961656,0.0,1848.4809294527704,490.34572061344073,477.96655230669484,3212.4457263471454,21.98871280517949,0.0,476.96430600873106,86.13425307833782,97.0526795248877,41.666666666666664,12.37916830674588,191703555.20905304,95824833.33333333,10.0,1.0,7.853981633974483,20.0,2.5,98.17477042468104,8782.261557878492,9.610776124023438,9.85894800101479,50.0,12.131584940610962,2302.786376953125,426.2167428145695,5.208333333333333,0.36638087806051367,161.98924870566304
63,0.936824,1.0,1,1731.7012982536621,0.0,490.34572061344073,9.610776124023438,76.8862089921875,86.49698511621094,1079.5517121336734,0.0,0.0,0.0,1.0,0.0,0.0,9.750921077624032,0.0,99.49604521347064,8782.261557878492,9.610776124023438,9.85894800101479,50.0,12.131584940610962,2302.786376953125,12.131584940610962,86.13425307833782,86.13425307833782,0.0,0.0,5.208333333333333,0.36638087806051367,426.2167428145695,161.98924870566304,297.73844212150834,150.0,1.0,2.272636939596165,0.0,1848.4809294527704,490.34572061344073,477.96655230669484,3212.4457263471454,21.98871280517949,0.0,476.96430600873106,86.13425307833782,97.0526795248877,41.666666666666664,12.37916830674588,191703555.20905304,95824833.33333333,10.0,1.0,7.853981633974483,20.0,2.5,98.17477042468104,8782.261557878492,9.610776124023438,9.85894800101479,50.0,12.131584940610962,2302.786376953125,426.2167428145695,5.208333333333333,0.36638087806051367,161.98924870566304
64,0.913512,1.0,1,1688.609510826259,0.0,490.34572061344073,9.610776124023438,76.8862089921875,86.49698511621094,1079.5517121336734,0.0,0.0,0.0,1.0,0.0,0.0,9.750921077624032,0.0,101.7573189685903,8782.261557878492,9.610776124023438,9.85894800101479,50.0,12.131584940610962,2302.786376953125,12.131584940610962,86.13425307833782,86.13425307833782,0.0,0.0,5.208333333333333,0.36638087806051367,426.2167428145695,161.98924870566304,297.73844212150834,150.0,1.0,2.272636939817772,0.0,1848.4809294527704,490.34572061344073,477.96655230669484,3212.4457263471454,21.98871280517949,0.0,476.96430600873106,86.13425307833782,97.0526795248877,41.666666666666664,12.37916830674588,191703555.20905304,95824833.33333333,10.0,1.0,7.853981633974483,20.0,2.5,98.17477042468104,8782.261557878492,9.610776124023438,9.85894800101479,50.0,12.131584940610962,2302.786376953125,426.2167428145695,5.208333333333333,0.36638087806051367,161.98924870566304
65,0.887602,1.0,1,1640.7153699441378,0.0,490.34572061344085,9.61077612402344,76.88620899218752,86.49698511621096,1079.5517121336734,0.0,0.0,0.0,1.0,0.0,0.0,9.750921077624033,0.0,104.01859272348848,8782.261557878492,9.610776124023438,9.85894800101479,50.0,12.131584940610962,2302.786376953125,12.131584940610962,86.13425307833782,86.13425307833782,0.0,0.0,5.208333333333333,0.36638087806051367,426.2167428145695,161.98924870566304,297.73844212150834,150.0,1.0,2.2726369395961656,0.0,1848.4809294527704,490.34572061344073,477.96655230669484,3212.4457263471454,21.98871280517949,0.0,476.96430600873106,86.13425307833782,97.0526795248877,41.666666666666664,12.37916830674588,191703555.20905304,95824833.33333333,10.0,1.0,7.853981633974483,20.0,2.5,98.17477042468104,8782.261557878492,9.610776124023438,9.85894800101479,50.0,12.131584940610962,2302.786376953125,426.2167428145695,5.208333333333333,0.36638087806051367,161.98924870566304
66,0.862414,1.0,1,1594.1558322930816,0.0,490.34572061344073,9.610776124023438,76.8862089921875,86.49698511621094,1079.5517121336734,0.0,0.0,0.0,1.0,0.0,0.0,9.750921077624033,0.0,106.27986647838667,8782.261557878492,9.610776124023438,9.85894800101479,50.0,12.131584940610962,2302.786376953125,12.131584940610962,86.13425307833782,86.13425307833782,0.0,0.0,5.208333333333333,0.36638087806051367,426.2167428145695,161.98924870566304,297.73844212150834,150.0,1.0,2.2726369395961656,0.0,1848.4809294527704,490.34572061344073,477.96655230669484,3212.4457263471454,21.98871280517949,0.0,476.96430600873106,86.13425307833782,97.0526795248877,41.666666666666664,12.37916830674588,191703555.20905304,95824833.33333333,10.0,1.0,7.853981633974483,20.0,2.5,98.17477042468104,8782.261557878492,9.610776124023438,9.85894800101479,50.0,12.131584940610962,2302.786376953125,426.2167428145695,5.208333333333333,0.36638087806051367,161.98924870566304
67,0.829924,1.0,1,1534.098686895161,0.0,490.34572061344073,9.610776124023438,76.8862089921875,86.49698511621094,1079.5517121336734,0.0,0.0,0.0,1.0,0.0,0.0,9.750921077624033,0.0,108.54114023328485,8782.261557878492,9.610776124023438,9.85894800101479,50.0,12.131584940610962,2302.786376953125,12.131584940610962,86.13425307833782,86.13425307833782,0.0,0.0,5.208333333333333,0.36638087806051367,426.2167428145695,161.98924870566304,297.73844212150834,150.0,1.0,2.2726369395961656,0.0,1848.4809294527704,490.34572061344073,477.96655230669484,3212.4457263471454,21.98871280517949,0.0,476.96430600873106,86.13425307833782,97.0526795248877,41.666666666666664,12.37916830674588,191703555.20905304,95824833.33333333,10.0,1.0,7.853981633974483,20.0,2.5,98.17477042468104,8782.261557878492,9.610776124023438,9.85894800101479,50.0,12.131584940610962,2302.786376953125,426.2167428145695,5.208333333333333,0.36638087806051367,161.98924870566304
68,0.825661,1.0,1,1526.218612692904,0.0,490.34572061344073,9.610776124023438,76.8862089921875,86.49698511621094,1079.5517121336734,0.0,0.0,0.0,-0.0,0.0,0.0,9.750921077624033,0.0,110.80241398825656,8782.261557878492,9.610776124023438,9.85894800101479,50.0,12.131584940610962,2302.786376953125,12.131584940610962,86.13425307833782,86.13425307833782,0.0,0.0,5.208333333333333,0.36638087806051367,426.2167428145695,161.98924870566304,297.73844212150834,150.0,1.0,2.2726369395961656,0.0,1848.4809294527704,490.34572061344073,477.96655230669484,3212.4457263471454,21.98871280517949,0.0,476.96430600873106,86.13425307833782,97.0526795248877,41.666666666666664,12.37916830674588,191703555.20905304,95824833.33333333,10.0,1.0,7.853981633974483,20.0,2.5,98.17477042468104,8782.261557878492,9.610776124023438,9.85894800101479,50.0,12.131584940610962,2302.786376953125,426.2167428145695,5.208333333333333,0.36638087806051367,161.98924870566304
69,0.836093,1.0,1,1545.5019657489552,0.0,490.34572061344073,9.610776124023438,76.8862089921875,86.49698511621094,1079.5517121336734,0.0,0.0,0.0,1.0,0.0,0.0,9.750921077624033,0.0,113.06368774315474,8782.261557878492,9.610776124023438,9.85894800101479,50.0,12.131584940610962,2302.786376953125,12.131584940610962,86.13425307833782,86.13425307833782,0.0,0.0,5.208333333333333,0.36638087806051367,426.2167428145695,161.98924870566304,297.73844212150834,150.0,1.0,2.2726369395961656,0.0,1848.4809294527704,490.34572061344073,477.96655230669484,3212.4457263471454,21.98871280517949,0.0,476.96430600873106,86.13425307833782,97.0526795248877,41.666666666666664,12.37916830674588,191703555.20905304,95824833.33333333,10.0,1.0,7.853981633974483,20.0,2.5,98.17477042468104,8782.261557878492,9.610776124023438,9.85894800101479,50.0,12.131584940610962,2302.786376953125,426.2167428145695,5.208333333333333,0.36638087806051367,161.98924870566304
70,0.8432540000000001,1.0,1,1558.7389376847666,0.0,490.34572061344073,9.610776124023438,76.8862089921875,86.49698511621094,1080.2984984291722,0.7467862954989141,0.0,0.7094469807239683,1.0,0.0,0.0,9.750921077624033,0.0,115.32496149816613,8782.261557878492,9.610776124023438,9.85894800101479,50.0,12.131584940610962,2302.786376953125,12.131584940610962,86.13425307833782,86.13425307833782,0.0,0.0,5.208333333333333,0.36638087806051367,426.2167428145695,161.98924870566304,297.73844212150834,150.0,1.0,2.2726369395961656,0.0,1848.4809294527704,490.34572061344073,477.96655230669484,3212.4457263471454,21.98871280517949,0.0,476.96430600873106,86.13425307833782,97.0526795248877,41.666666666666664,12.37916830674588,191703555.20905304,95824833.33333333,10.0,1.0,7.853981633974483,20.0,2.5,98.17477042468104,8782.261557878492,9.610776124023438,9.85894800101479,50.0,12.131584940610962,2302.786376953125,426.2167428145695,5.208333333333333,0.36638087806051367,161.98924870566304
71,0.840831,1.0,1,1554.2600683927024,0.0,490.34572061344073,9.610776124023438,76.8862089921875,86.49698511621094,1079.5517121336734,0.0,0.0,0.7094469807239683,1.0,0.0,0.0,9.750921077624033,0.0,117.58623525306432,8782.261557878492,9.610776124023438,9.85894800101479,50.0,12.131584940610962,2302.786376953125,12.131584940610962,86.13425307833782,86.13425307833782,0.0,0.0,5.208333333333333,0.36638087806051367,426.2167428145695,161.98924870566304,297.73844212150834,150.0,1.0,2.2726369395961656,0.0,1848.4809294527704,490.34572061344073,477.96655230669484,3212.4457263471454,21.98871280517949,0.0,476.96430600873106,86.13425307833782,97.0526795248877,41.666666666666664,12.37916830674588,191703555.20905304,95824833.33333333,10.0,1.0,7.853981633974483,20.0,2.5,98.17477042468104,8782.261557878492,9.610776124023438,9.85894800101479,50.0,12.131584940610962,2302.786376953125,426.2167428145695,5.208333333333333,0.36638087806051367,161.98924870566304
72,0.906804,1.0,1,1676.20990075149,0.0,490.34572061344073,9.610776124023438,76.8862089921875,86.49698511621094,1079.5517121336734,0.0,0.0,0.7094469807239683,1.0,0.0,0.0,9.750921077624033,0.0,119.8475090079625,8782.261557878492,9.610776124023438,9.85894800101479,50.0,12.131584940610962,2302.786376953125,12.131584940610962,86.13425307833782,86.13425307833782,0.0,0.0,5.208333333333333,0.36638087806051367,426.2167428145695,161.98924870566304,297.73844212150834,150.0,1.0,2.2726369395961656,0.0,1848.4809294527704,490.34572061344073,477.96655230669484,3212.4457263471454,21.98871280517949,0.0,476.96430600873106,86.13425307833782,97.0526795248877,41.666666666666664,12.37916830674588,191703555.20905304,95824833.33333333,10.0,1.0,7.853981633974483,20.0,2.5,98.17477042468104,8782.261557878492,9.610776124023438,9.85894800101479,50.0,12.131584940610962,2302.786376953125,426.2167428145695,5.208333333333333,0.36638087806051367,161.98924870566304
73,0.920249,1.0,1,1701.0627268479825,0.0,490.34572061344073,9.610776124023438,76.8862089921875,86.49698511621094,1079.5517121336734,0.0,0.0,0.7094469807240102,-0.0,0.0,0.0,9.750921077624033,0.0,122.10878276286068,8782.261557878492,9.610776124023438,9.85894800101479,50.0,12.131584940610962,2302.786376953125,12.131584940610962,86.13425307833782,86.13425307833782,0.0,0.0,5.208333333333333,0.36638087806051367,426.2167428145695,161.98924870566304,297.73844212150834,150.0,1.0,2.272636939596165,0.0,1848.4809294527704,490.34572061344073,477.96655230669484,3212.4457263471454,21.98871280517949,0.0,476.96430600873106,86.13425307833782,97.0526795248877,41.666666666666664,12.37916830674588,191703555.20905304,95824833.33333333,10.0,1.0,7.853981633974483,20.0,2.5,98.17477042468104,8782.261557878492,9.610776124023438,9.85894800101479,50.0,12.131584940610962,2302.786376953125,426.2167428145695,5.208333333333333,0.36638087806051367,161.98924870566304
74,0.927268,1.0,1,1714.0372144918115,0.0,490.34572061344073,9.610776124023438,76.8862089921875,86.49698511621094,1714.0372144918115,634.4855023581381,0.0,603.4706742209553,1.0,0.0,0.0,9.750921077624033,0.0,124.37005651789535,8782.261557878492,9.610776124023438,9.85894800101479,50.0,12.131584940610962,2302.786376953125,12.131584940610962,86.13425307833782,86.13425307833782,0.0,0.0,5.208333333333333,0.36638087806051367,426.2167428145695,161.98924870566304,297.73844212150834,150.0,1.0,2.2726369397328106,0.0,1848.4809294527704,490.34572061344073,477.96655230669484,3212.4457263471454,21.98871280517949,0.0,476.96430600873106,86.13425307833782,97.0526795248877,41.666666666666664,12.37916830674588,191703555.20905304,95824833.33333333,10.0,1.0,7.853981633974483,20.0,2.5,98.17477042468104,8782.261557878492,9.610776124023438,9.85894800101479,50.0,12.131584940610962,2302.786376953125,426.2167428145695,5.208333333333333,0.36638087806051367,161.98924870566304
75,0.928963,1.0,1,1717.1703896672338,0.0,490.34572061344073,9.610776124023438,76.8862089921875,86.49698511621094,1165.6859652120113,0.0,0.0,603.4706742209553,1.0,0.0,0.0,9.750921077624033,0.0,126.63133027279353,8782.261557878492,9.610776124023438,9.85894800101479,50.0,12.131584940610962,2302.786376953125,12.131584940610962,86.13425307833782,0.0,86.13425307833782,86.13425307833782,5.208333333333333,0.36638087806051367,426.2167428145695,161.98924870566304,297.73844212150834,150.0,1.0,2.2726369395961656,0.0,1848.4809294527704,490.34572061344073,477.96655230669484,3212.4457263471454,21.98871280517949,0.0,476.96430600873106,86.13425307833782,97.0526795248877,41.666666666666664,12.37916830674588,191703555.20905304,95824833.33333333,10.0,1.0,7.853981633974483,20.0,2.5,98.17477042468104,8782.261557878492,9.610776124023438,9.85894800101479,50.0,12.131584940610962,2302.786376953125,426.2167428145695,5.208333333333333,0.36638087806051367,161.98924870566304
76,0.925099,1.0,1,1710.0278593558285,0.0,490.34572061344073,9.610776124023438,76.8862089921875,86.49698511621094,1165.6859652120113,0.0,0.0,603.4706742209487,1.0,0.0,0.0,9.750921077624033,0.0,128.89260402780485,8782.261557878492,9.610776124023438,9.85894800101479,50.0,12.131584940610962,2302.786376953125,12.131584940610962,86.13425307833782,0.0,86.13425307833782,86.13425307833782,5.208333333333333,0.36638087806051367,426.2167428145695,161.98924870566304,297.73844212150834,150.0,1.0,2.2726369395961656,0.0,1848.4809294527704,490.34572061344073,477.96655230669484,3212.4457263471454,21.98871280517949,0.0,476.96430600873106,86.13425307833782,97.0526795248877,41.666666666666664,12.37916830674588,191703555.20905304,95824833.33333333,10.0,1.0,7.853981633974483,20.0,2.5,98.17477042468104,8782.261557878492,9.610776124023438,9.85894800101479,50.0,12.131584940610962,2302.786376953125,426.2167428145695,5.208333333333333,0.36638087806051367,161.98924870566304
77,0.927672,1.0,1,1714.7840007873106,0.0,490.34572061344073,9.610776124023438,76.8862089921875,86.49698511621094,1165.6859652120113,0.0,0.0,603.4706742209487,1.0,0.0,0.0,9.750921077624033,0.0,131.15387778270303,8782.261557878492,9.610776124023438,9.85894800101479,50.0,12.131584940610962,2302.786376953125,12.131584940610962,86.13425307833782,0.0,86.13425307833782,86.13425307833782,5.208333333333333,0.36638087806051367,426.2167428145695,161.98924870566304,297.73844212150834,150.0,1.0,2.2726369395961656,0.0,1848.4809294527704,490.34572061344073,477.96655230669484,3212.4457263471454,21.98871280517949,0.0,476.96430600873106,86.13425307833782,97.0526795248877,41.666666666666664,12.37916830674588,191703555.20905304,95824833.33333333,10.0,1.0,7.853981633974483,20.0,2.5,98.17477042468104,8782.261557878492,9.610776124023438,9.85894800101479,50.0,12.131584940610962,2302.786376953125,426.2167428145695,5.208333333333333,0.36638087806051367,161.98924870566304
78,0.935441,1.0,1,1729.144849128229,0.0,490.34572061344073,9.610776124023438,76.8862089921875,86.49698511621094,1079.5517121336734,0.0,0.0,603.4706742209487,1.0,0.0,0.0,9.750921077624033,0.0,133.41515153760122,8782.261557878492,9.610776124023438,9.85894800101479,50.0,12.131584940610962,2302.786376953125,12.131584940610962,86.13425307833782,86.13425307833776,0.0,0.0,5.208333333333333,0.36638087806051367,426.2167428145695,161.98924870566304,297.73844212150834,150.0,1.0,2.2726369395961656,0.0,1848.4809294527704,490.34572061344073,477.96655230669484,3212.4457263471454,21.98871280517949,0.0,476.96430600873106,86.13425307833782,97.0526795248877,41.666666666666664,12.37916830674588,191703555.20905304,95824833.33333333,10.0,1.0,7.853981633974483,20.0,2.5,98.17477042468104,8782.261557878492,9.610776124023438,9.85894800101479,50.0,12.131584940610962,2302.786376953125,426.2167428145695,5.208333333333333,0.36638087806051367,161.98924870566304
79,0.93953,1.0,1,1736.7032876487613,0.0,490.34572061344073,9.610776124023438,76.8862089921875,86.49698511621094,1079.5517121336734,0.0,0.0,603.4706742209487,1.0,0.0,0.0,9.750921077624033,0.0,135.6764252924994,8782.261557878492,9.610776124023438,9.85894800101479,50.0,12.131584940610962,2302.786376953125,12.131584940610962,86.13425307833782,86.13425307833782,0.0,0.0,5.208333333333333,0.36638087806051367,426.2167428145695,161.98924870566304,297.73844212150834,150.0,1.0,2.2726369395961656,0.0,1848.4809294527704,490.34572061344073,477.96655230669484,3212.4457263471454,21.98871280517949,0.0,476.96430600873106,86.13425307833782,97.0526795248877,41.666666666666664,12.37916830674588,191703555.20905304,95824833.33333333,10.0,1.0,7.853981633974483,20.0,2.5,98.17477042468104,8782.261557878492,9.610776124023438,9.85894800101479,50.0,12.131584940610962,2302.786376953125,426.2167428145695,5.208333333333333,0.36638087806051367,161.98924870566304
80,0.939801,1.0,1,1737.204225980643,0.0,490.34572061344073,9.610776124023438,76.8862089921875,86.49698511621094,1079.5517121336734,0.0,0.0,603.4706742209601,1.0,0.0,0.0,9.750921077624033,0.0,137.937699047342,8782.261557878492,9.610776124023438,9.85894800101479,50.0,12.131584940610962,2302.786376953125,12.131584940610962,86.13425307833782,86.13425307833782,0.0,0.0,5.208333333333333,0.36638087806051367,426.2167428145695,161.98924870566304,297.73844212150834,150.0,1.0,2.2726369395961656,0.0,1848.4809294527704,490.34572061344073,477.96655230669484,3212.4457263471454,21.98871280517949,0.0,476.96430600873106,86.13425307833782,97.0526795248877,41.666666666666664,12.37916830674588,191703555.20905304,95824833.33333333,10.0,1.0,7.853981633974483,20.0,2.5,98.17477042468104,8782.261557878492,9.610776124023438,9.85894800101479,50.0,12.131584940610962,2302.786376953125,426.2167428145695,5.208333333333333,0.36638087806051367,161.98924870566304
81,0.942056,1.0,1,1741.3725504765591,0.0,490.34572061344073,9.610776124023438,76.8862089921875,86.49698511621094,1079.5517121336734,0.0,0.0,603.4706742209601,1.0,0.0,0.0,9.750921077624033,0.0,140.19897280224018,8782.261557878492,9.610776124023438,9.85894800101479,50.0,12.131584940610962,2302.786376953125,12.131584940610962,86.13425307833782,86.13425307833782,0.0,0.0,5.208333333333333,0.36638087806051367,426.2167428145695,161.98924870566304,297.73844212150834,150.0,1.0,2.2726369395961656,0.0,1848.4809294527704,490.34572061344073,477.96655230669484,3212.4457263471454,21.98871280517949,0.0,476.96430600873106,86.13425307833782,97.0526795248877,41.666666666666664,12.37916830674588,191703555.20905304,95824833.33333333,10.0,1.0,7.853981633974483,20.0,2.5,98.17477042468104,8782.261557878492,9.610776124023438,9.85894800101479,50.0,12.131584940610962,2302.786376953125,426.2167428145695,5.208333333333333,0.36638087806051367,161.98924870566304
82,0.940245,1.0,1,1738.02495151332,0.0,490.34572061344073,9.610776124023438,76.8862089921875,86.49698511621094,1079.5517121336734,0.0,0.0,603.4706742209554,1.0,0.0,0.0,9.750921077624033,0.0,142.46024655713836,8782.261557878492,9.610776124023438,9.85894800101479,50.0,12.131584940610962,2302.786376953125,12.131584940610962,86.13425307833782,86.13425307833782,0.0,0.0,5.208333333333333,0.36638087806051367,426.2167428145695,161.98924870566304,297.73844212150834,150.0,1.0,2.2726369395961656,0.0,1848.4809294527704,490.34572061344073,477.96655230669484,3212.4457263471454,21.98871280517949,0.0,476.96430600873106,86.13425307833782,97.0526795248877,41.666666666666664,12.37916830674588,191703555.20905304,95824833.33333333,10.0,1.0,7.853981633974483,20.0,2.5,98.17477042468104,8782.261557878492,9.610776124023438,9.85894800101479,50.0,12.131584940610962,2302.786376953125,426.2167428145695,5.208333333333333,0.36638087806051367,161.98924870566304
83,0.939738,1.0,1,1737.0877716820876,0.0,490.34572061344073,9.610776124023438,76.8862089921875,86.49698511621094,1079.5517121336734,0.0,0.0,603.4706742209554,1.0,0.0,0.0,9.750921077624033,0.0,144.72152031195435,8782.261557878492,9.610776124023438,9.85894800101479,50.0,12.131584940610962,2302.786376953125,12.131584940610962,86.13425307833782,86.13425307833776,0.0,0.0,5.208333333333333,0.36638087806051367,426.2167428145695,161.98924870566304,297.73844212150834,150.0,1.0,2.2726369395961656,0.0,1848.4809294527704,490.34572061344073,477.96655230669484,3212.4457263471454,21.98871280517949,0.0,476.96430600873106,86.13425307833782,97.0526795248877,41.666666666666664,12.37916830674588,191703555.20905304,95824833.33333333,10.0,1.0,7.853981633974483,20.0,2.5,98.17477042468104,8782.261557878492,9.610776124023438,9.85894800101479,50.0,12.131584940610962,2302.786376953125,426.2167428145695,5.208333333333333,0.36638087806051367,161.98924870566304
84,0.960398,1.0,1,1775.2773876845818,0.0,490.3457206134411,9.610776124023445,76.88620899218756,86.49698511621101,1079.5517121336736,0.0,0.0,603.4706742209553,0.0,0.0,0.0,9.750921077624033,0.0,146.98279406685253,8782.261557878492,9.610776124023438,9.85894800101479,50.0,12.131584940610962,2302.786376953125,12.131584940610962,86.13425307833782,86.13425307833776,0.0,0.0,5.208333333333333,0.36638087806051367,426.2167428145695,161.98924870566304,297.73844212150834,150.0,1.0,2.2726369395961656,0.0,1848.4809294527704,490.34572061344073,477.96655230669484,3212.4457263471454,21.98871280517949,0.0,476.96430600873106,86.13425307833782,97.0526795248877,41.666666666666664,12.37916830674588,191703555.20905304,95824833.33333333,10.0,1.0,7.853981633974483,20.0,2.5,98.17477042468104,8782.261557878492,9.610776124023438,9.85894800101479,50.0,12.131584940610962,2302.786376953125,426.2167428145695,5.208333333333333,0.36638087806051367,161.98924870566304
85,0.979013,1.0,1,1809.6868601863453,0.0,490.34572061344073,9.610776124023438,76.8862089921875,86.49698511621094,1079.5517121336734,0.0,86.40583115899057,512.5171677378073,1.0,0.0,0.0,9.750921077624033,0.0,149.24406782175072,8782.261557878492,9.610776124023438,9.85894800101479,50.0,12.131584940610962,2302.786376953125,12.131584940610962,86.13425307833782,86.13425307833782,0.0,0.0,5.208333333333333,0.36638087806051367,426.2167428145695,161.98924870566304,297.73844212150834,150.0,1.0,2.2726369395961656,0.0,1848.4809294527704,490.34572061344073,477.96655230669484,3212.4457263471454,21.98871280517949,0.0,476.96430600873106,86.13425307833782,97.0526795248877,41.666666666666664,12.37916830674588,191703555.20905304,95824833.33333333,10.0,1.0,7.853981633974483,20.0,2.5,98.17477042468104,8782.261557878492,9.610776124023438,9.85894800101479,50.0,12.131584940610962,2302.786376953125,426.2167428145695,5.208333333333333,0.36638087806051367,161.98924870566304
86,0.988997,1.0,1,1828.1420937860016,0.0,490.34572061344073,9.610776124023438,76.8862089921875,86.49698511621094,1782.612160012654,703.0604478789807,0.0,1180.424593222839,1.0,0.0,0.0,9.750921077624033,0.0,151.5053415766489,8782.261557878492,9.610776124023438,9.85894800101479,50.0,12.131584940610962,2302.786376953125,12.131584940610962,86.13425307833782,86.13425307833782,0.0,0.0,5.208333333333333,0.36638087806051367,426.2167428145695,161.98924870566304,297.73844212150834,150.0,1.0,2.2726369395961656,0.0,1848.4809294527704,490.34572061344073,477.96655230669484,3212.4457263471454,21.98871280517949,0.0,476.96430600873106,86.13425307833782,97.0526795248877,41.666666666666664,12.37916830674588,191703555.20905304,95824833.33333333,10.0,1.0,7.853981633974483,20.0,2.5,98.17477042468104,8782.261557878492,9.610776124023438,9.85894800101479,50.0,12.131584940610962,2302.786376953125,426.2167428145695,5.208333333333333,0.36638087806051367,161.98924870566304
87,0.983234,1.0,1,1817.4892981895653,0.0,490.34572061344073,9.610776124023438,76.8862089921875,86.49698511621094,1079.5517121336734,0.0,0.0,1180.424593222839,-0.0,0.0,0.0,9.750921077624033,0.0,153.76661533147956,8782.261557878492,9.610776124023438,9.85894800101479,50.0,12.131584940610962,2302.786376953125,12.131584940610962,86.13425307833782,86.13425307833782,0.0,0.0,5.208333333333333,0.36638087806051367,426.2167428145695,161.98924870566304,297.73844212150834,150.0,1.0,2.2726369395961656,0.0,1848.4809294527704,490.34572061344073,477.96655230669484,3212.4457263471454,21.98871280517949,0.0,476.96430600873106,86.13425307833782,97.0526795248877,41.666666666666664,12.37916830674588,191703555.20905304,95824833.33333333,10.0,1.0,7.853981633974483,20.0,2.5,98.17477042468104,8782.261557878492,9.610776124023438,9.85894800101479,50.0,12.131584940610962,2302.786376953125,426.2167428145695,5.208333333333333,0.36638087806051367,161.98924870566304
88,0.974896,1.0,1,1802.076664199788,0.0,490.345720613441,9.610776124023444,76.88620899218755,86.496985116211,1079.5517121336734,0.0,0.0,1180.424593222839,1.0,0.0,0.0,9.750921077624039,0.0,156.02788908637774,8782.261557878492,9.610776124023438,9.85894800101479,50.0,12.131584940610962,2302.786376953125,12.131584940610962,86.13425307833782,86.13425307833782,0.0,0.0,5.208333333333333,0.36638087806051367,426.2167428145695,161.98924870566304,297.73844212150834,150.0,1.0,2.2726369395961656,0.0,1848.4809294527704,490.34572061344073,477.96655230669484,3212.4457263471454,21.98871280517949,0.0,476.96430600873106,86.13425307833782,97.0526795248877,41.666666666666664,12.37916830674588,191703555.20905304,95824833.33333333,10.0,1.0,7.853981633974483,20.0,2.5,98.17477042468104,8782.261557878492,9.610776124023438,9.85894800101479,50.0,12.131584940610962,2302.786376953125,426.2167428145695,5.208333333333333,0.36638087806051367,161.98924870566304
89,0.971291,1.0,1,1795.4128904491108,0.0,490.34572061344073,9.610776124023438,76.8862089921875,86.49698511621094,1795.4128904491108,715.8611783154375,0.0,1860.4927126225045,1.0,0.0,0.0,9.750921077624039,0.0,158.28916284127592,8782.261557878492,9.610776124023438,9.85894800101479,50.0,12.131584940610962,2302.786376953125,12.131584940610962,86.13425307833782,86.13425307833782,0.0,0.0,5.208333333333333,0.36638087806051367,426.2167428145695,161.98924870566304,297.73844212150834,150.0,1.0,2.2726369395961656,0.0,1848.4809294527704,490.34572061344073,477.96655230669484,3212.4457263471454,21.98871280517949,0.0,476.96430600873106,86.13425307833782,97.0526795248877,41.666666666666664,12.37916830674588,191703555.20905304,95824833.33333333,10.0,1.0,7.853981633974483,20.0,2.5,98.17477042468104,8782.261557878492,9.610776124023438,9.85894800101479,50.0,12.131584940610962,2302.786376953125,426.2167428145695,5.208333333333333,0.36638087806051367,161.98924870566304
90,0.969465,1.0,1,1792.03756427193,0.0,490.3457206134411,9.610776124023445,76.88620899218756,86.49698511621101,1792.0375642719307,712.4858521382571,0.0,2537.354272153849,1.0,0.0,0.0,9.750921077624039,0.0,160.55043659612144,8782.261557878492,9.610776124023438,9.85894800101479,50.0,12.131584940610962,2302.786376953125,12.131584940610962,86.13425307833782,86.13425307833776,0.0,0.0,5.208333333333333,0.36638087806051367,426.2167428145695,161.98924870566304,297.73844212150834,150.0,1.0,2.2726369395961656,0.0,1848.4809294527704,490.34572061344073,477.96655230669484,3212.4457263471454,21.98871280517949,0.0,476.96430600873106,86.13425307833782,97.0526795248877,41.666666666666664,12.37916830674588,191703555.20905304,95824833.33333333,10.0,1.0,7.853981633974483,20.0,2.5,98.17477042468104,8782.261557878492,9.610776124023438,9.85894800101479,50.0,12.131584940610962,2302.786376953125,426.2167428145695,5.208333333333333,0.36638087806051367,161.98924870566304
91,0.96611,1.0,1,1785.835910753616,0.0,490.345720613441,9.610776124023444,76.88620899218755,86.496985116211,1079.5517121336734,0.0,0.0,2537.354272153849,1.0,0.0,0.0,9.750921077624044,0.0,162.81171035101963,8782.261557878492,9.610776124023438,9.85894800101479,50.0,12.131584940610962,2302.786376953125,12.131584940610962,86.13425307833782,86.13425307833782,0.0,0.0,5.208333333333333,0.36638087806051367,426.2167428145695,161.98924870566304,297.73844212150834,150.0,1.0,2.2726369395961656,0.0,1848.4809294527704,490.34572061344073,477.96655230669484,3212.4457263471454,21.98871280517949,0.0,476.96430600873106,86.13425307833782,97.0526795248877,41.666666666666664,12.37916830674588,191703555.20905304,95824833.33333333,10.0,1.0,7.853981633974483,20.0,2.5,98.17477042468104,8782.261557878492,9.610776124023438,9.85894800101479,50.0,12.131584940610962,2302.786376953125,426.2167428145695,5.208333333333333,0.36638087806051367,161.98924870566304
92,0.9591,1.0,1,1772.878059438152,0.0,490.34572061344073,9.610776124023438,76.8862089921875,86.49698511621094,1079.5517121336734,0.0,0.0,2537.354272153849,1.0,0.0,0.0,9.750921077624044,0.0,165.0729841059178,8782.261557878492,9.610776124023438,9.85894800101479,50.0,12.131584940610962,2302.786376953125,12.131584940610962,86.13425307833782,86.13425307833782,0.0,0.0,5.208333333333333,0.36638087806051367,426.2167428145695,161.98924870566304,297.73844212150834,150.0,1.0,2.2726369395961656,0.0,1848.4809294527704,490.34572061344073,477.96655230669484,3212.4457263471454,21.98871280517949,0.0,476.96430600873106,86.13425307833782,97.0526795248877,41.666666666666664,12.37916830674588,191703555.20905304,95824833.33333333,10.0,1.0,7.853981633974483,20.0,2.5,98.17477042468104,8782.261557878492,9.610776124023438,9.85894800101479,50.0,12.131584940610962,2302.786376953125,426.2167428145695,5.208333333333333,0.36638087806051367,161.98924870566304
93,0.968457,1.0,1,1790.1742954950416,0.0,490.34572061344073,9.610776124023438,76.8862089921875,86.49698511621094,1790.1742954950419,710.6225833613684,0.0,3212.4457263471486,1.0,0.0,0.0,9.750921077624044,0.0,167.33425786074815,8782.261557878492,9.610776124023438,9.85894800101479,50.0,12.131584940610962,2302.786376953125,12.131584940610962,86.13425307833782,86.13425307833782,0.0,0.0,5.208333333333333,0.36638087806051367,426.2167428145695,161.98924870566304,297.73844212150834,150.0,1.0,2.2726369395961656,0.0,1848.4809294527704,490.34572061344073,477.96655230669484,3212.4457263471454,21.98871280517949,0.0,476.96430600873106,86.13425307833782,97.0526795248877,41.666666666666664,12.37916830674588,191703555.20905304,95824833.33333333,10.0,1.0,7.853981633974483,20.0,2.5,98.17477042468104,8782.261557878492,9.610776124023438,9.85894800101479,50.0,12.131584940610962,2302.786376953125,426.2167428145695,5.208333333333333,0.36638087806051367,161.98924870566304
94,0.973723,1.0,1,1799.90839606954,0.0,490.34572061344085,9.61077612402344,76.88620899218752,86.49698511621096,1079.5517121336734,0.0,0.0,3212.4457263471486,0.0,0.0,0.0,9.750921077624046,0.0,169.59553161564634,8782.261557878492,9.610776124023438,9.85894800101479,50.0,12.131584940610962,2302.786376953125,12.131584940610962,86.13425307833782,86.13425307833782,0.0,0.0,5.208333333333333,0.36638087806051367,426.2167428145695,161.98924870566304,297.73844212150834,150.0,1.0,2.2726369395961656,0.0,1848.4809294527704,490.34572061344073,477.96655230669484,3212.4457263471454,21.98871280517949,0.0,476.96430600873106,86.13425307833782,97.0526795248877,41.666666666666664,12.37916830674588,191703555.20905304,95824833.33333333,10.0,1.0,7.853981633974483,20.0,2.5,98.17477042468104,8782.261557878492,9.610776124023438,9.85894800101479,50.0,12.131584940610962,2302.786376953125,426.2167428145695,5.208333333333333,0.36638087806051367,161.98924870566304
95,0.983134,1.0,1,1817.3044500966198,0.0,490.34572061344085,9.61077612402344,76.88620899218752,86.49698511621096,1079.5517121336734,0.0,0.0,3212.4457263471486,0.0,0.0,0.0,9.75092107762405,0.0,171.85680537054452,8782.261557878492,9.610776124023438,9.85894800101479,50.0,12.131584940610962,2302.786376953125,12.131584940610962,86.13425307833782,86.13425307833782,0.0,0.0,5.208333333333333,0.36638087806051367,426.2167428145695,161.98924870566304,297.73844212150834,150.0,1.0,2.2726369395961656,0.0,1848.4809294527704,490.34572061344073,477.96655230669484,3212.4457263471454,21.98871280517949,0.0,476.96430600873106,86.13425307833782,97.0526795248877,41.666666666666664,12.37916830674588,191703555.20905304,95824833.33333333,10.0,1.0,7.853981633974483,20.0,2.5,98.17477042468104,8782.261557878492,9.610776124023438,9.85894800101479,50.0,12.131584940610962,2302.786376953125,426.2167428145695,5.208333333333333,0.36638087806051367,161.98924870566304
96,0.506436,1.0,1,936.1372879883432,0.0,490.34572061344085,9.61077612402344,76.88620899218752,86.49698511621096,1079.5517121336707,0.0,143.4144241453376,3061.4831746152145,0.0,0.0,0.0,9.750921077624056,0.0,174.11807912646856,8782.261557878492,9.610776124023433,9.85894800101479,50.0,12.131584940892113,2302.786376953125,12.131584940892113,86.13425308033399,86.13425307833784,0.0,0.0,5.208333333333333,0.36638087806051367,426.21674281456677,161.98924870566304,297.73844212150834,150.0,1.0,2.272636939877355,0.0,1848.4809294527704,490.34572061344073,477.96655230669484,3212.4457263471454,21.98871280517949,0.0,476.96430600873106,86.13425307833782,97.0526795248877,41.666666666666664,12.37916830674588,191703555.20905304,95824833.33333333,10.0,1.0,7.853981633974483,20.0,2.5,98.17477042468104,8782.261557878492,9.610776124023438,9.85894800101479,50.0,12.131584940610962,2302.786376953125,426.2167428145695,5.208333333333333,0.36638087806051367,161.98924870566304
97,0.5150560000000001,1.0,1,952.0711936002263,0.0,490.34572061344085,9.61077612402344,76.88620899218752,86.49698511621096,1079.5517121336707,0.0,127.4805185334487,2927.293155106321,0.0,0.0,0.0,9.750921077624064,0.0,176.3793528813444,8782.261557878492,9.610776124023433,9.85894800101479,50.0,12.131584940610944,2302.786376953125,12.131584940610944,86.1342530783377,86.1342530783377,0.0,0.0,5.208333333333333,0.36638087806051367,426.21674281456677,161.98924870566304,297.73844212150834,150.0,1.0,2.272636939596131,0.0,1848.4809294527704,490.34572061344073,477.96655230669484,3212.4457263471454,21.98871280517949,0.0,476.96430600873106,86.13425307833782,97.0526795248877,41.666666666666664,12.37916830674588,191703555.20905304,95824833.33333333,10.0,1.0,7.853981633974483,20.0,2.5,98.17477042468104,8782.261557878492,9.610776124023438,9.85894800101479,50.0,12.131584940610962,2302.786376953125,426.2167428145695,5.208333333333333,0.36638087806051367,161.98924870566304
98,0.526399,1.0,1,973.0385127830087,0.0,490.34572061344085,9.61077612402344,76.88620899218752,86.49698511621096,1079.5517121336707,0.0,106.51319935066198,2815.173997895098,0.0,0.0,0.0,9.75092107762407,0.0,178.64062663622752,8782.261557878492,9.610776124023433,9.85894800101479,50.0,12.131584940610944,2302.786376953125,12.131584940610944,86.1342530783377,86.1342530783377,0.0,0.0,5.208333333333333,0.36638087806051367,426.21674281456677,161.98924870566304,297.73844212150834,150.0,1.0,2.272636939596143,0.0,1848.4809294527704,490.34572061344073,477.96655230669484,3212.4457263471454,21.98871280517949,0.0,476.96430600873106,86.13425307833782,97.0526795248877,41.666666666666664,12.37916830674588,191703555.20905304,95824833.33333333,10.0,1.0,7.853981633974483,20.0,2.5,98.17477042468104,8782.261557878492,9.610776124023438,9.85894800101479,50.0,12.131584940610962,2302.786376953125,426.2167428145695,5.208333333333333,0.36638087806051367,161.98924870566304
99,0.508755,1.0,1,940.4239152637441,0.0,490.34572061344085,9.61077612402344,76.88620899218752,86.49698511621096,1079.5517121336707,0.0,139.1277968699266,2668.7236854004386,0.0,0.0,0.0,9.750921077624078,0.0,180.90190039111067,8782.261557878492,9.610776124023433,9.85894800101479,50.0,12.131584940610944,2302.786376953125,12.131584940610944,86.1342530783377,86.1342530783377,0.0,0.0,5.208333333333333,0.36638087806051367,426.21674281456677,161.98924870566304,297.73844212150834,150.0,1.0,2.272636939596143,0.0,1848.4809294527704,490.34572061344073,477.96655230669484,3212.4457263471454,21.98871280517949,0.0,476.96430600873106,86.13425307833782,97.0526795248877,41.666666666666664,12.37916830674588,191703555.20905304,95824833.33333333,10.0,1.0,7.853981633974483,20.0,2.5,98.17477042468104,8782.261557878492,9.610776124023438,9.85894800101479,50.0,12.131584940610962,2302.786376953125,426.2167428145695,5.208333333333333,0.36638087806051367,161.98924870566304
100,0.4719379999999999,1.0,1,872.3683928840813,0.0,282.7555245796253,5.542008281760655,44.33606625408524,49.8780745358459,872.3683928840813,0.0,0.0,2668.7236854004386,0.0,0.0,4.068767842262778,5.599117156947774,0.0,183.16317414599382,8782.261557878492,9.610776124023433,9.85894800101479,50.0,12.131584940610944,2302.786376953125,12.131584940610944,86.1342530783377,86.1342530783377,0.0,0.0,5.208333333333333,0.36638087806051367,426.21674281456677,161.98924870566304,297.73844212150834,150.0,1.0,2.272636939596143,0.0,1848.4809294527704,490.34572061344073,477.96655230669484,3212.4457263471454,21.98871280517949,0.0,476.96430600873106,86.13425307833782,97.0526795248877,41.666666666666664,12.37916830674588,191703555.20905304,95824833.33333333,10.0,1.0,7.853981633974483,20.0,2.5,98.17477042468104,8782.261557878492,9.610776124023438,9.85894800101479,50.0,12.131584940610962,2302.786376953125,426.2167428145695,5.208333333333333,0.36638087806051367,161.98924870566304
101,0.432259,1.0,1,799.022518084325,0.0,490.34572061344085,9.61077612402344,76.88620899218752,86.49698511621096,1079.5517121336707,0.0,280.5291940493456,2373.429796927443,0.0,0.0,0.0,5.599117156947782,0.0,185.42444790088436,8782.261557878492,9.610776124023433,9.85894800101479,50.0,12.131584940610944,2302.786376953125,12.131584940610944,86.1342530783377,86.1342530783377,0.0,0.0,5.208333333333333,0.36638087806051367,426.21674281456677,161.98924870566304,297.73844212150834,150.0,1.0,2.272636939596143,0.0,1848.4809294527704,490.34572061344073,477.96655230669484,3212.4457263471454,21.98871280517949,0.0,476.96430600873106,86.13425307833782,97.0526795248877,41.666666666666664,12.37916830674588,191703555.20905304,95824833.33333333,10.0,1.0,7.853981633974483,20.0,2.5,98.17477042468104,8782.261557878492,9.610776124023438,9.85894800101479,50.0,12.131584940610962,2302.786376953125,426.2167428145695,5.208333333333333,0.36638087806051367,161.98924870566304
102,0.3873999999999999,1.0,1,716.1015120700031,0.0,210.38986276605152,4.12364131021461,32.98913048171688,37.112771791931486,800.1445677676622,0.0,84.04305569765914,2284.9634225088544,0.0,0.0,5.487134813808825,0.0,0.0,187.68572165577527,8782.261557878492,9.610776124023435,9.85894800101479,50.0,12.131584940610947,2302.786376953125,12.131584940610947,86.13425307833772,86.13425307833772,0.0,0.0,5.208333333333333,0.36638087806051367,426.21674281456677,161.98924870566304,297.73844212150834,150.0,1.0,2.27263693959615,0.0,1848.4809294527704,490.34572061344073,477.96655230669484,3212.4457263471454,21.98871280517949,0.0,476.96430600873106,86.13425307833782,97.0526795248877,41.666666666666664,12.37916830674588,191703555.20905304,95824833.33333333,10.0,1.0,7.853981633974483,20.0,2.5,98.17477042468104,8782.261557878492,9.610776124023438,9.85894800101479,50.0,12.131584940610962,2302.786376953125,426.2167428145695,5.208333333333333,0.36638087806051367,161.98924870566304
103,0.324,1.0,1,598.9078211426976,0.0,490.34572061344085,9.61077612402344,76.88620899218752,86.49698511621096,1079.5517121336707,0.0,480.6438909909732,1779.0224846236197,0.0,0.0,0.0,0.0,0.0,189.94699541067328,8782.261557878492,9.610776124023438,9.85894800101479,50.0,12.131584940610944,2302.786376953125,12.131584940610944,86.1342530783377,86.1342530783377,0.0,0.0,5.208333333333333,0.36638087806051367,426.21674281456677,161.98924870566304,297.73844212150834,150.0,1.0,2.272636939596143,0.0,1848.4809294527704,490.34572061344073,477.96655230669484,3212.4457263471454,21.98871280517949,0.0,476.96430600873106,86.13425307833782,97.0526795248877,41.666666666666664,12.37916830674588,191703555.20905304,95824833.33333333,10.0,1.0,7.853981633974483,20.0,2.5,98.17477042468104,8782.261557878492,9.610776124023438,9.85894800101479,50.0,12.131584940610962,2302.786376953125,426.2167428145695,5.208333333333333,0.36638087806051367,161.98924870566304
104,0.218768,-0.0,1,404.38847597452366,0.0,232.29332878065878,4.552949244100912,36.423593952807295,40.97654319690821,404.38847597452366,0.0,0.0,1779.0224846236197,1.0,4.552949244100912,0.0,4.461890259218894,0.0,180.0385049573921,0.0,0.0,9.85894800101479,50.0,0.0,0.0,0.0,0.0,0.0,0.0,0.0,5.208333333333333,0.36638087806051367,0.0,161.98924870566304,9080.0,150.0,-0.0,0.0,9.85894800101479,1848.4809294527704,490.34572061344073,477.96655230669484,3212.4457263471454,21.98871280517949,0.0,476.96430600873106,86.13425307833782,97.0526795248877,41.666666666666664,12.37916830674588,191703555.20905304,95824833.33333333,10.0,1.0,7.853981633974483,20.0,2.5,98.17477042468104,8782.261557878492,9.610776124023438,9.85894800101479,50.0,12.131584940610962,2302.786376953125,426.2167428145695,5.208333333333333,0.36638087806051367,161.98924870566304
105,0.121616,-0.0,1,224.80485671632812,0.0,59.48384142673698,1.1658832919640447,9.327066335712358,10.492949627676403,224.80485671632812,0.0,0.0,1779.0224846236197,1.0,1.1658832919640447,0.0,5.604455885343658,0.0,170.1300145041044,0.0,0.0,9.85894800101479,50.0,0.0,0.0,0.0,0.0,0.0,0.0,0.0,5.208333333333333,0.36638087806051367,0.0,161.98924870566304,9080.0,150.0,-0.0,0.0,9.858948001014797,1848.4809294527704,490.34572061344073,477.96655230669484,3212.4457263471454,21.98871280517949,0.0,476.96430600873106,86.13425307833782,97.0526795248877,41.666666666666664,12.37916830674588,191703555.20905304,95824833.33333333,10.0,1.0,7.853981633974483,20.0,2.5,98.17477042468104,8782.261557878492,9.610776124023438,9.85894800101479,50.0,12.131584940610962,2302.786376953125,426.2167428145695,5.208333333333333,0.36638087806051367,161.98924870566304
106,0.055934,0.0,1,103.39293230801125,0.0,490.34572061344085,9.61077612402344,76.88620899218752,86.49698511621096,672.5565215671509,0.0,569.1635892591398,1179.9029169824198,1.0,9.610776124023445,0.0,15.023016486886634,0.0,160.2215240508232,0.0,0.0,9.85894800101479,50.0,0.0,0.0,0.0,0.0,0.0,0.0,0.0,5.208333333333333,0.36638087806051367,0.0,161.98924870566304,9080.0,150.0,-0.0,0.0,9.85894800101479,1848.4809294527704,490.34572061344073,477.96655230669484,3212.4457263471454,21.98871280517949,0.0,476.96430600873106,86.13425307833782,97.0526795248877,41.666666666666664,12.37916830674588,191703555.20905304,95824833.33333333,10.0,1.0,7.853981633974483,20.0,2.5,98.17477042468104,8782.261557878492,9.610776124023438,9.85894800101479,50.0,12.131584940610962,2302.786376953125,426.2167428145695,5.208333333333333,0.36638087806051367,161.98924870566304
107,0.052838,-0.0,1,97.6700353504255,0.0,0.0,0.0,0.0,0.0,162.98924870566304,0.0,65.31921335523755,1111.1458502926962,1.0,0.0,0.0,15.023016486886634,0.0,150.31303359754202,0.0,0.0,9.85894800101479,50.0,0.0,0.0,0.0,0.0,0.0,0.0,0.0,5.208333333333333,0.36638087806051367,0.0,161.98924870566304,9080.0,150.0,-0.0,0.0,9.858948001014797,1848.4809294527704,490.34572061344073,477.96655230669484,3212.4457263471454,21.98871280517949,0.0,476.96430600873106,86.13425307833782,97.0526795248877,41.666666666666664,12.37916830674588,191703555.20905304,95824833.33333333,10.0,1.0,7.853981633974483,20.0,2.5,98.17477042468104,8782.261557878492,9.610776124023438,9.85894800101479,50.0,12.131584940610962,2302.786376953125,426.2167428145695,5.208333333333333,0.36638087806051367,161.98924870566304
108,0.11756,0.0,1,217.30741806646768,0.0,362.6455809190368,7.1078533860131206,56.862827088104964,63.97068047411808,539.850536396726,0.0,322.5431183302584,771.6267783661084,1.0,7.1078533860131206,0.0,21.988712805179492,0.0,140.4045431443229,0.0,0.0,9.85894800101479,50.0,0.0,0.0,0.0,0.0,0.0,0.0,0.0,5.208333333333333,0.36638087806051367,0.0,161.98924870566304,9080.0,150.0,-0.0,0.0,9.85894800101479,1848.4809294527704,490.34572061344073,477.96655230669484,3212.4457263471454,21.98871280517949,0.0,476.96430600873106,86.13425307833782,97.0526795248877,41.666666666666664,12.37916830674588,191703555.20905304,95824833.33333333,10.0,1.0,7.853981633974483,20.0,2.5,98.17477042468104,8782.261557878492,9.610776124023438,9.85894800101479,50.0,12.131584940610962,2302.786376953125,426.2167428145695,5.208333333333333,0.36638087806051367,161.98924870566304
109,0.261714,1.0,1,483.77333797080234,0.0,490.34572061344085,9.61077612402344,76.88620899218752,86.49698511621096,1079.5517121336707,0.0,595.7783741628682,144.49164766835247,0.0,0.0,0.0,21.988712805179492,0.0,142.66581689922106,8782.261557878492,9.610776124023435,9.85894800101479,50.0,12.131584940610944,2302.786376953125,12.131584940610944,86.1342530783377,86.1342530783377,0.0,0.0,5.208333333333333,0.36638087806051367,426.21674281456677,161.98924870566304,297.73844212150834,150.0,1.0,2.272636939596143,0.0,1848.4809294527704,490.34572061344073,477.96655230669484,3212.4457263471454,21.98871280517949,0.0,476.96430600873106,86.13425307833782,97.0526795248877,41.666666666666664,12.37916830674588,191703555.20905304,95824833.33333333,10.0,1.0,7.853981633974483,20.0,2.5,98.17477042468104,8782.261557878492,9.610776124023438,9.85894800101479,50.0,12.131584940610962,2302.786376953125,426.2167428145695,5.208333333333333,0.36638087806051367,161.98924870566304
110,0.455983,1.0,1,842.8758796546626,0.0,390.74172959697273,7.658537900100665,61.26830320080532,68.92684110090599,980.1429449395974,0.0,137.26706528493486,0.0,-0.0,0.0,1.9522382239227731,19.996632984850137,0.0,144.92709065411924,8782.261557878492,9.610776124023438,9.85894800101479,50.0,12.131584940610962,2302.786376953125,12.131584940610962,86.13425307833782,86.13425307833782,0.0,0.0,5.208333333333333,0.36638087806051367,426.21674281456944,161.98924870566304,297.73844212150834,150.0,1.0,2.272636939596172,0.0,1848.4809294527704,490.34572061344073,477.96655230669484,3212.4457263471454,21.98871280517949,0.0,476.96430600873106,86.13425307833782,97.0526795248877,41.666666666666664,12.37916830674588,191703555.20905304,95824833.33333333,10.0,1.0,7.853981633974483,20.0,2.5,98.17477042468104,8782.261557878492,9.610776124023438,9.85894800101479,50.0,12.131584940610962,2302.786376953125,426.2167428145695,5.208333333333333,0.36638087806051367,161.98924870566304
111,0.6050399999999999,1.0,1,1118.404901556104,0.0,490.34572061344085,9.61077612402344,76.88620899218752,86.49698511621096,1079.5517121336734,0.0,0.0,0.0,0.0,0.0,0.0,19.996632984850137,0.0,147.18836440901742,8782.261557878492,9.610776124023438,9.85894800101479,50.0,12.131584940610962,2302.786376953125,12.131584940610962,86.13425307833782,86.13425307833782,0.0,0.0,5.208333333333333,0.36638087806051367,426.21674281456944,161.98924870566304,297.73844212150834,150.0,1.0,2.272636939596172,0.0,1848.4809294527704,490.34572061344073,477.96655230669484,3212.4457263471454,21.98871280517949,0.0,476.96430600873106,86.13425307833782,97.0526795248877,41.666666666666664,12.37916830674588,191703555.20905304,95824833.33333333,10.0,1.0,7.853981633974483,20.0,2.5,98.17477042468104,8782.261557878492,9.610776124023438,9.85894800101479,50.0,12.131584940610962,2302.786376953125,426.2167428145695,5.208333333333333,0.36638087806051367,161.98924870566304
112,0.6698959999999999,1.0,1,1238.289980716693,0.0,490.34572061344085,9.61077612402344,76.88620899218752,86.49698511621096,1165.6859652120083,0.0,0.0,0.0,0.0,0.0,0.0,19.996632984850145,0.0,149.4496381639155,8782.261557878492,9.610776124023435,9.85894800101479,50.0,12.131584940610947,2302.786376953125,12.131584940610947,86.13425307833772,0.0,86.13425307833772,86.13425307833772,5.208333333333333,0.36638087806051367,426.21674281456677,161.98924870566304,297.73844212150834,150.0,1.0,2.27263693959615,0.0,1848.4809294527704,490.34572061344073,477.96655230669484,3212.4457263471454,21.98871280517949,0.0,476.96430600873106,86.13425307833782,97.0526795248877,41.666666666666664,12.37916830674588,191703555.20905304,95824833.33333333,10.0,1.0,7.853981633974483,20.0,2.5,98.17477042468104,8782.261557878492,9.610776124023438,9.85894800101479,50.0,12.131584940610962,2302.786376953125,426.2167428145695,5.208333333333333,0.36638087806051367,161.98924870566304
113,0.689994,1.0,1,1275.4407504368348,0.0,490.345720613441,9.610776124023444,76.88620899218755,86.496985116211,1079.5517121336707,0.0,0.0,0.0,1.0,0.0,0.0,19.996632984850145,0.0,151.71091191881368,8782.261557878492,9.610776124023444,9.85894800101479,50.0,12.131584940610933,2302.786376953125,12.131584940610933,86.13425307833762,86.13425307833762,0.0,0.0,5.208333333333333,0.36638087806051367,426.21674281456677,161.98924870566304,297.73844212150834,150.0,1.0,2.2726369395961354,0.0,1848.4809294527704,490.34572061344073,477.96655230669484,3212.4457263471454,21.98871280517949,0.0,476.96430600873106,86.13425307833782,97.0526795248877,41.666666666666664,12.37916830674588,191703555.20905304,95824833.33333333,10.0,1.0,7.853981633974483,20.0,2.5,98.17477042468104,8782.261557878492,9.610776124023438,9.85894800101479,50.0,12.131584940610962,2302.786376953125,426.2167428145695,5.208333333333333,0.36638087806051367,161.98924870566304
114,0.70758,1.0,1,1307.9481360621912,0.0,490.34572061344073,9.610776124023438,76.8862089921875,86.49698511621094,1165.6859652120113,0.0,0.0,0.0,1.0,0.0,0.0,19.996632984850145,0.0,153.97218567371186,8782.261557878492,9.610776124023438,9.85894800101479,50.0,12.131584940610962,2302.786376953125,12.131584940610962,86.13425307833782,0.0,86.13425307833782,86.13425307833782,5.208333333333333,0.36638087806051367,426.2167428145695,161.98924870566304,297.73844212150834,150.0,1.0,2.2726369395961656,0.0,1848.4809294527704,490.34572061344073,477.96655230669484,3212.4457263471454,21.98871280517949,0.0,476.96430600873106,86.13425307833782,97.0526795248877,41.666666666666664,12.37916830674588,191703555.20905304,95824833.33333333,10.0,1.0,7.853981633974483,20.0,2.5,98.17477042468104,8782.261557878492,9.610776124023438,9.85894800101479,50.0,12.131584940610962,2302.786376953125,426.2167428145695,5.208333333333333,0.36638087806051367,161.98924870566304
115,0.7372609999999999,1.0,1,1362.8128985292788,0.0,490.34572061344085,9.61077612402344,76.88620899218752,86.49698511621096,1079.5517121336734,0.0,0.0,0.0,0.0,0.0,0.0,19.996632984850145,0.0,156.2334594285427,8782.261557878492,9.610776124023438,9.85894800101479,50.0,12.131584940610962,2302.786376953125,12.131584940610962,86.13425307833782,86.13425307833782,0.0,0.0,5.208333333333333,0.36638087806051367,426.2167428145695,161.98924870566304,297.73844212150834,150.0,1.0,2.2726369395961656,0.0,1848.4809294527704,490.34572061344073,477.96655230669484,3212.4457263471454,21.98871280517949,0.0,476.96430600873106,86.13425307833782,97.0526795248877,41.666666666666664,12.37916830674588,191703555.20905304,95824833.33333333,10.0,1.0,7.853981633974483,20.0,2.5,98.17477042468104,8782.261557878492,9.610776124023438,9.85894800101479,50.0,12.131584940610962,2302.786376953125,426.2167428145695,5.208333333333333,0.36638087806051367,161.98924870566304
116,0.755937,1.0,1,1397.335128367739,0.0,490.34572061344073,9.610776124023438,76.8862089921875,86.49698511621094,1079.5517121336734,0.0,0.0,0.0,1.0,0.0,0.0,19.996632984850145,0.0,158.49473318344087,8782.261557878492,9.610776124023438,9.85894800101479,50.0,12.131584940610962,2302.786376953125,12.131584940610962,86.13425307833782,86.13425307833782,0.0,0.0,5.208333333333333,0.36638087806051367,426.2167428145695,161.98924870566304,297.73844212150834,150.0,1.0,2.2726369395961656,0.0,1848.4809294527704,490.34572061344073,477.96655230669484,3212.4457263471454,21.98871280517949,0.0,476.96430600873106,86.13425307833782,97.0526795248877,41.666666666666664,12.37916830674588,191703555.20905304,95824833.33333333,10.0,1.0,7.853981633974483,20.0,2.5,98.17477042468104,8782.261557878492,9.610776124023438,9.85894800101479,50.0,12.131584940610962,2302.786376953125,426.2167428145695,5.208333333333333,0.36638087806051367,161.98924870566304
117,0.749204,1.0,1,1384.8893062697334,0.0,490.34572061344073,9.610776124023438,76.8862089921875,86.49698511621094,1079.5517121336734,0.0,0.0,0.0,1.0,0.0,0.0,19.996632984850145,0.0,160.75600693833906,8782.261557878492,9.610776124023438,9.85894800101479,50.0,12.131584940610962,2302.786376953125,12.131584940610962,86.13425307833782,86.13425307833782,0.0,0.0,5.208333333333333,0.36638087806051367,426.2167428145695,161.98924870566304,297.73844212150834,150.0,1.0,2.2726369395961656,0.0,1848.4809294527704,490.34572061344073,477.96655230669484,3212.4457263471454,21.98871280517949,0.0,476.96430600873106,86.13425307833782,97.0526795248877,41.666666666666664,12.37916830674588,191703555.20905304,95824833.33333333,10.0,1.0,7.853981633974483,20.0,2.5,98.17477042468104,8782.261557878492,9.610776124023438,9.85894800101479,50.0,12.131584940610962,2302.786376953125,426.2167428145695,5.208333333333333,0.36638087806051367,161.98924870566304
118,0.736367,1.0,1,1361.1603565783482,0.0,490.34572061344073,9.610776124023438,76.8862089921875,86.49698511621094,1079.5517121336734,0.0,0.0,0.0,1.0,0.0,0.0,19.996632984850145,0.0,163.01728069323724,8782.261557878492,9.610776124023438,9.85894800101479,50.0,12.131584940610962,2302.786376953125,12.131584940610962,86.13425307833782,86.13425307833782,0.0,0.0,5.208333333333333,0.36638087806051367,426.2167428145695,161.98924870566304,297.73844212150834,150.0,1.0,2.2726369395961656,0.0,1848.4809294527704,490.34572061344073,477.96655230669484,3212.4457263471454,21.98871280517949,0.0,476.96430600873106,86.13425307833782,97.0526795248877,41.666666666666664,12.37916830674588,191703555.20905304,95824833.33333333,10.0,1.0,7.853981633974483,20.0,2.5,98.17477042468104,8782.261557878492,9.610776124023438,9.85894800101479,50.0,12.131584940610962,2302.786376953125,426.2167428145695,5.208333333333333,0.36638087806051367,161.98924870566304
119,0.73172,1.0,1,1352.570465699181,0.0,490.34572061344073,9.610776124023438,76.8862089921875,86.49698511621094,1352.5704656991813,273.0187535655079,0.0,259.3678158872325,1.0,0.0,0.0,19.996632984850145,0.0,165.27855444813542,8782.261557878492,9.610776124023438,9.85894800101479,50.0,12.131584940610962,2302.786376953125,12.131584940610962,86.13425307833782,86.13425307833782,0.0,0.0,5.208333333333333,0.36638087806051367,426.2167428145695,161.98924870566304,297.73844212150834,150.0,1.0,2.2726369395961656,0.0,1848.4809294527704,490.34572061344073,477.96655230669484,3212.4457263471454,21.98871280517949,0.0,476.96430600873106,86.13425307833782,97.0526795248877,41.666666666666664,12.37916830674588,191703555.20905304,95824833.33333333,10.0,1.0,7.853981633974483,20.0,2.5,98.17477042468104,8782.261557878492,9.610776124023438,9.85894800101479,50.0,12.131584940610962,2302.786376953125,426.2167428145695,5.208333333333333,0.36638087806051367,161.98924870566304
120,0.97928,1.0,1,1810.1804045945091,0.0,490.34572061344085,9.61077612402344,76.88620899218752,86.49698511621096,1079.5517121336707,0.0,0.0,259.3678158872325,0.0,0.0,0.0,19.99663298485015,0.0,167.53982820310134,8782.261557878492,9.610776124023433,9.85894800101479,50.0,12.131584940734792,2302.786376953125,12.131584940734792,86.13425307921702,86.13425307833784,0.0,0.0,5.208333333333333,0.36638087806051367,426.21674281456677,161.98924870566304,297.73844212150834,150.0,1.0,2.2726369396015436,0.0,1848.4809294527704,490.34572061344073,477.96655230669484,3212.4457263471454,21.98871280517949,0.0,476.96430600873106,86.13425307833782,97.0526795248877,41.666666666666664,12.37916830674588,191703555.20905304,95824833.33333333,10.0,1.0,7.853981633974483,20.0,2.5,98.17477042468104,8782.261557878492,9.610776124023438,9.85894800101479,50.0,12.131584940610962,2302.786376953125,426.2167428145695,5.208333333333333,0.36638087806051367,161.98924870566304
121,0.969782,1.0,1,1792.6235327265667,0.0,490.34572061344073,9.610776124023438,76.8862089921875,86.49698511621094,1330.3662633619892,250.81455122831574,0.0,497.64163955413244,1.0,0.0,0.0,19.99663298485015,0.0,169.80110195799952,8782.261557878492,9.610776124023438,9.85894800101479,50.0,12.131584940610962,2302.786376953125,12.131584940610962,86.13425307833782,86.13425307833782,0.0,0.0,5.208333333333333,0.36638087806051367,426.2167428145695,161.98924870566304,297.73844212150834,150.0,1.0,2.2726369395961656,0.0,1848.4809294527704,490.34572061344073,477.96655230669484,3212.4457263471454,21.98871280517949,0.0,476.96430600873106,86.13425307833782,97.0526795248877,41.666666666666664,12.37916830674588,191703555.20905304,95824833.33333333,10.0,1.0,7.853981633974483,20.0,2.5,98.17477042468104,8782.261557878492,9.610776124023438,9.85894800101479,50.0,12.131584940610962,2302.786376953125,426.2167428145695,5.208333333333333,0.36638087806051367,161.98924870566304
122,0.983215,1.0,1,1817.4541770519056,0.0,490.345720613441,9.610776124023444,76.88620899218755,86.496985116211,1079.5517121336707,0.0,0.0,497.64163955413255,1.0,0.0,0.0,19.99663298485015,0.0,172.06237571289736,8782.261557878492,9.610776124023444,9.85894800101479,50.0,12.131584940610944,2302.786376953125,12.131584940610944,86.1342530783377,86.1342530783377,0.0,0.0,5.208333333333333,0.36638087806051367,426.21674281456677,161.98924870566304,297.73844212150834,150.0,1.0,2.272636939596124,0.0,1848.4809294527704,490.34572061344073,477.96655230669484,3212.4457263471454,21.98871280517949,0.0,476.96430600873106,86.13425307833782,97.0526795248877,41.666666666666664,12.37916830674588,191703555.20905304,95824833.33333333,10.0,1.0,7.853981633974483,20.0,2.5,98.17477042468104,8782.261557878492,9.610776124023438,9.85894800101479,50.0,12.131584940610962,2302.786376953125,426.2167428145695,5.208333333333333,0.36638087806051367,161.98924870566304
123,0.984622,1.0,1,1820.0549897196456,0.0,490.34572061344085,9.61077612402344,76.88620899218752,86.49698511621096,1820.0549897196454,740.503277585972,0.0,1201.119753260806,0.0,0.0,0.0,19.99663298485015,0.0,174.32364946779555,8782.261557878492,9.610776124023438,9.85894800101479,50.0,12.131584940610962,2302.786376953125,12.131584940610962,86.13425307833782,86.13425307833782,0.0,0.0,5.208333333333333,0.36638087806051367,426.2167428145695,161.98924870566304,297.73844212150834,150.0,1.0,2.272636939596165,0.0,1848.4809294527704,490.34572061344073,477.96655230669484,3212.4457263471454,21.98871280517949,0.0,476.96430600873106,86.13425307833782,97.0526795248877,41.666666666666664,12.37916830674588,191703555.20905304,95824833.33333333,10.0,1.0,7.853981633974483,20.0,2.5,98.17477042468104,8782.261557878492,9.610776124023438,9.85894800101479,50.0,12.131584940610962,2302.786376953125,426.2167428145695,5.208333333333333,0.36638087806051367,161.98924870566304
124,0.974388,1.0,1,1801.1376358876262,0.0,490.34572061344073,9.610776124023438,76.8862089921875,86.49698511621094,1801.1376358876264,721.5859237539529,0.0,1886.6263808270612,1.0,0.0,0.0,19.99663298485015,0.0,176.58492322264266,8782.261557878492,9.610776124023438,9.85894800101479,50.0,12.131584940610962,2302.786376953125,12.131584940610962,86.13425307833782,86.13425307833782,0.0,0.0,5.208333333333333,0.36638087806051367,426.2167428145695,161.98924870566304,297.73844212150834,150.0,1.0,2.2726369395961656,0.0,1848.4809294527704,490.34572061344073,477.96655230669484,3212.4457263471454,21.98871280517949,0.0,476.96430600873106,86.13425307833782,97.0526795248877,41.666666666666664,12.37916830674588,191703555.20905304,95824833.33333333,10.0,1.0,7.853981633974483,20.0,2.5,98.17477042468104,8782.261557878492,9.610776124023438,9.85894800101479,50.0,12.131584940610962,2302.786376953125,426.2167428145695,5.208333333333333,0.36638087806051367,161.98924870566304
125,0.951277,1.0,1,1758.4173931270432,0.0,490.34572061344085,9.61077612402344,76.88620899218752,86.49698511621096,1079.5517121336734,0.0,0.0,1886.6263808270612,0.0,0.0,0.0,19.99663298485015,0.0,178.84619697754084,8782.261557878492,9.610776124023438,9.85894800101479,50.0,12.131584940610962,2302.786376953125,12.131584940610962,86.13425307833782,86.13425307833782,0.0,0.0,5.208333333333333,0.36638087806051367,426.2167428145695,161.98924870566304,297.73844212150834,150.0,1.0,2.2726369395961656,0.0,1848.4809294527704,490.34572061344073,477.96655230669484,3212.4457263471454,21.98871280517949,0.0,476.96430600873106,86.13425307833782,97.0526795248877,41.666666666666664,12.37916830674588,191703555.20905304,95824833.33333333,10.0,1.0,7.853981633974483,20.0,2.5,98.17477042468104,8782.261557878492,9.610776124023438,9.85894800101479,50.0,12.131584940610962,2302.786376953125,426.2167428145695,5.208333333333333,0.36638087806051367,161.98924870566304
126,0.9083,1.0,1,1678.9752282219513,0.0,490.34572061344085,9.61077612402344,76.88620899218752,86.49698511621096,1678.9752282219515,599.4235160882781,0.0,2456.0787211109255,0.0,0.0,0.0,19.99663298485015,0.0,181.10747073243903,8782.261557878492,9.610776124023438,9.85894800101479,50.0,12.131584940610962,2302.786376953125,12.131584940610962,86.13425307833782,86.13425307833776,0.0,0.0,5.208333333333333,0.36638087806051367,426.2167428145695,161.98924870566304,297.73844212150834,150.0,1.0,2.2726369395961656,0.0,1848.4809294527704,490.34572061344073,477.96655230669484,3212.4457263471454,21.98871280517949,0.0,476.96430600873106,86.13425307833782,97.0526795248877,41.666666666666664,12.37916830674588,191703555.20905304,95824833.33333333,10.0,1.0,7.853981633974483,20.0,2.5,98.17477042468104,8782.261557878492,9.610776124023438,9.85894800101479,50.0,12.131584940610962,2302.786376953125,426.2167428145695,5.208333333333333,0.36638087806051367,161.98924870566304
127,0.840767,1.0,1,1554.1417656132176,0.0,490.34572061344085,9.61077612402344,76.88620899218752,86.49698511621096,1554.1417656132176,474.59005347954565,0.0,2906.939271916494,1.0,0.0,0.0,19.99663298485015,0.0,183.36874448731896,8782.261557878492,9.61077612402344,9.85894800101479,50.0,12.131584940610947,2302.786376953125,12.131584940610947,86.13425307833772,86.13425307833772,0.0,0.0,5.208333333333333,0.36638087806051367,426.21674281456814,161.98924870566304,297.73844212150834,150.0,1.0,2.27263693959615,0.0,1848.4809294527704,490.34572061344073,477.96655230669484,3212.4457263471454,21.98871280517949,0.0,476.96430600873106,86.13425307833782,97.0526795248877,41.666666666666664,12.37916830674588,191703555.20905304,95824833.33333333,10.0,1.0,7.853981633974483,20.0,2.5,98.17477042468104,8782.261557878492,9.610776124023438,9.85894800101479,50.0,12.131584940610962,2302.786376953125,426.2167428145695,5.208333333333333,0.36638087806051367,161.98924870566304
128,0.7579940000000001,1.0,1,1401.1374536396233,0.0,490.34572061344085,9.61077612402344,76.88620899218752,86.49698511621096,1401.1374536396236,321.5857415059501,0.0,3212.4457263471463,0.0,0.0,0.0,19.99663298485015,0.0,185.63001824221715,8782.261557878492,9.610776124023438,9.85894800101479,50.0,12.131584940610962,2302.786376953125,12.131584940610962,86.13425307833782,86.13425307833782,0.0,0.0,5.208333333333333,0.36638087806051367,426.2167428145695,161.98924870566304,297.73844212150834,150.0,1.0,2.2726369395961656,0.0,1848.4809294527704,490.34572061344073,477.96655230669484,3212.4457263471454,21.98871280517949,0.0,476.96430600873106,86.13425307833782,97.0526795248877,41.666666666666664,12.37916830674588,191703555.20905304,95824833.33333333,10.0,1.0,7.853981633974483,20.0,2.5,98.17477042468104,8782.261557878492,9.610776124023438,9.85894800101479,50.0,12.131584940610962,2302.786376953125,426.2167428145695,5.208333333333333,0.36638087806051367,161.98924870566304
129,0.6512720000000001,1.0,1,1203.8638718865648,0.0,490.34572061344085,9.61077612402344,76.88620899218752,86.49698511621096,1079.5517121336738,0.0,0.0,3212.4457263471463,0.0,0.0,0.0,19.996632984850145,0.0,187.8912919970561,8782.261557878492,9.610776124023447,9.85894800101479,50.0,12.131584940610974,2302.786376953125,12.131584940610974,86.1342530783379,86.1342530783379,0.0,0.0,5.208333333333333,0.36638087806051367,426.2167428145698,161.98924870566304,297.73844212150834,150.0,1.0,2.2726369395961785,0.0,1848.4809294527704,490.34572061344073,477.96655230669484,3212.4457263471454,21.98871280517949,0.0,476.96430600873106,86.13425307833782,97.0526795248877,41.666666666666664,12.37916830674588,191703555.20905304,95824833.33333333,10.0,1.0,7.853981633974483,20.0,2.5,98.17477042468104,8782.261557878492,9.610776124023438,9.85894800101479,50.0,12.131584940610962,2302.786376953125,426.2167428145695,5.208333333333333,0.36638087806051367,161.98924870566304
130,0.502214,1.0,1,928.3330015041937,0.0,338.8300392484857,6.64106876927032,53.12855015416256,59.76961892343288,928.3330015041938,0.0,0.0,3212.4457263471463,0.0,0.0,2.969707354753127,16.966319357551036,0.0,190.15256575208284,8782.261557878492,9.610776124023447,9.85894800101479,50.0,12.131584940610974,2302.786376953125,12.131584940610974,86.1342530783379,86.13425307833784,0.0,0.0,5.208333333333333,0.36638087806051367,426.2167428145698,161.98924870566304,297.73844212150834,150.0,1.0,2.2726369395325863,0.0,1848.4809294527704,490.34572061344073,477.96655230669484,3212.4457263471454,21.98871280517949,0.0,476.96430600873106,86.13425307833782,97.0526795248877,41.666666666666664,12.37916830674588,191703555.20905304,95824833.33333333,10.0,1.0,7.853981633974483,20.0,2.5,98.17477042468104,8782.261557878492,9.610776124023438,9.85894800101479,50.0,12.131584940610962,2302.786376953125,426.2167428145695,5.208333333333333,0.36638087806051367,161.98924870566304
131,0.367577,1.0,1,679.459074605461,0.0,89.4673615013653,1.7535602854267598,14.028482283414078,15.782042568840838,679.4590746054574,0.0,0.0,3212.4457263471463,-0.0,0.0,7.857215838596678,8.94875217530953,0.0,192.41383950698102,8782.261557878492,9.610776124023438,9.85894800101479,50.0,12.131584940610962,2302.786376953125,12.131584940610962,86.13425307833782,86.13425307833782,0.0,0.0,5.208333333333333,0.36638087806051367,426.2167428145695,161.98924870566304,297.73844212150834,150.0,1.0,2.2726369395961656,0.0,1848.4809294527704,490.34572061344073,477.96655230669484,3212.4457263471454,21.98871280517949,0.0,476.96430600873106,86.13425307833782,97.0526795248877,41.666666666666664,12.37916830674588,191703555.20905304,95824833.33333333,10.0,1.0,7.853981633974483,20.0,2.5,98.17477042468104,8782.261557878492,9.610776124023438,9.85894800101479,50.0,12.131584940610962,2302.786376953125,426.2167428145695,5.208333333333333,0.36638087806051367,161.98924870566304
132,0.259524,-0.0,1,479.7251647353007,0.0,304.7882178884119,5.973849070612873,47.790792564902986,53.76464163551586,479.7251647353007,0.0,0.0,3212.4457263471463,1.0,5.973849070612873,0.0,14.803124264510146,0.0,182.50534905369983,0.0,0.0,9.85894800101479,50.0,0.0,0.0,0.0,0.0,0.0,0.0,0.0,5.208333333333333,0.36638087806051367,0.0,161.98924870566304,9080.0,150.0,-0.0,0.0,9.85894800101479,1848.4809294527704,490.34572061344073,477.96655230669484,3212.4457263471454,21.98871280517949,0.0,476.96430600873106,86.13425307833782,97.0526795248877,41.666666666666664,12.37916830674588,191703555.20905304,95824833.33333333,10.0,1.0,7.853981633974483,20.0,2.5,98.17477042468104,8782.261557878492,9.610776124023438,9.85894800101479,50.0,12.131584940610962,2302.786376953125,426.2167428145695,5.208333333333333,0.36638087806051367,161.98924870566304
133,0.1711359999999999,-0.0,1,316.34163234282914,0.0,147.56772867317744,2.8923274819942777,23.13861985595422,26.0309473379485,316.34163234282903,0.0,0.0,3212.4457263471463,1.0,2.8923274819942777,0.0,17.637605196864534,0.0,172.59685860041864,0.0,0.0,9.85894800101479,50.0,0.0,0.0,0.0,0.0,0.0,0.0,0.0,5.208333333333333,0.36638087806051367,0.0,161.98924870566304,9080.0,150.0,-0.0,0.0,9.85894800101479,1848.4809294527704,490.34572061344073,477.96655230669484,3212.4457263471454,21.98871280517949,0.0,476.96430600873106,86.13425307833782,97.0526795248877,41.666666666666664,12.37916830674588,191703555.20905304,95824833.33333333,10.0,1.0,7.853981633974483,20.0,2.5,98.17477042468104,8782.261557878492,9.610776124023438,9.85894800101479,50.0,12.131584940610962,2302.786376953125,426.2167428145695,5.208333333333333,0.36638087806051367,161.98924870566304
134,0.119634,1.0,1,221.14116751415276,0.0,60.74229255109992,1.1905489340015585,9.524391472012468,10.714940406014026,650.7903067903346,0.0,429.649139276182,2760.1834744774815,-0.0,0.0,8.42022719002188,9.045536635617719,0.0,174.85813235531683,8782.261557878492,9.610776124023438,9.85894800101479,50.0,12.131584940610962,2302.786376953125,12.131584940610962,86.13425307833782,86.13425307833782,0.0,0.0,5.208333333333333,0.36638087806051367,426.2167428145695,161.98924870566304,297.73844212150834,150.0,1.0,2.2726369395961656,0.0,1848.4809294527704,490.34572061344073,477.96655230669484,3212.4457263471454,21.98871280517949,0.0,476.96430600873106,86.13425307833782,97.0526795248877,41.666666666666664,12.37916830674588,191703555.20905304,95824833.33333333,10.0,1.0,7.853981633974483,20.0,2.5,98.17477042468104,8782.261557878492,9.610776124023438,9.85894800101479,50.0,12.131584940610962,2302.786376953125,426.2167428145695,5.208333333333333,0.36638087806051367,161.98924870566304
135,0.099837,-0.0,1,184.54679055377622,0.0,433.33232023811513,8.493313476667057,67.94650781333645,76.43982129000351,613.3081958971123,0.0,428.76140534333604,2308.855679379233,1.0,8.493313476667057,0.0,17.368983842751422,0.0,164.94964190245435,0.0,0.0,9.85894800101479,50.0,0.0,0.0,0.0,0.0,0.0,0.0,0.0,5.208333333333333,0.36638087806051367,0.0,161.98924870566304,9080.0,150.0,-0.0,0.0,9.858948001014767,1848.4809294527704,490.34572061344073,477.96655230669484,3212.4457263471454,21.98871280517949,0.0,476.96430600873106,86.13425307833782,97.0526795248877,41.666666666666664,12.37916830674588,191703555.20905304,95824833.33333333,10.0,1.0,7.853981633974483,20.0,2.5,98.17477042468104,8782.261557878492,9.610776124023438,9.85894800101479,50.0,12.131584940610962,2302.786376953125,426.2167428145695,5.208333333333333,0.36638087806051367,161.98924870566304
136,0.081426,-0.0,1,150.51440816162128,0.0,0.0,0.0,0.0,0.0,162.98924870566304,0.0,12.474840544041768,2295.7242682802416,1.0,0.0,0.0,17.368983842751422,0.0,155.04115144917316,0.0,0.0,9.85894800101479,50.0,0.0,0.0,0.0,0.0,0.0,0.0,0.0,5.208333333333333,0.36638087806051367,0.0,161.98924870566304,9080.0,150.0,-0.0,0.0,9.85894800101479,1848.4809294527704,490.34572061344073,477.96655230669484,3212.4457263471454,21.98871280517949,0.0,476.96430600873106,86.13425307833782,97.0526795248877,41.666666666666664,12.37916830674588,191703555.20905304,95824833.33333333,10.0,1.0,7.853981633974483,20.0,2.5,98.17477042468104,8782.261557878492,9.610776124023438,9.85894800101479,50.0,12.131584940610962,2302.786376953125,426.2167428145695,5.208333333333333,0.36638087806051367,161.98924870566304
137,0.056156,-0.0,1,103.80329507434978,0.0,0.0,0.0,0.0,0.0,162.98924870566304,0.0,59.18595363131327,2233.4232644578065,-0.0,0.0,0.0,17.368983842751422,0.0,145.13266099540627,0.0,0.0,9.85894800101479,50.0,0.0,0.0,0.0,0.0,0.0,0.0,0.0,5.208333333333333,0.36638087806051367,0.0,161.98924870566304,9080.0,150.0,-0.0,0.0,9.858948001014767,1848.4809294527704,490.34572061344073,477.96655230669484,3212.4457263471454,21.98871280517949,0.0,476.96430600873106,86.13425307833782,97.0526795248877,41.666666666666664,12.37916830674588,191703555.20905304,95824833.33333333,10.0,1.0,7.853981633974483,20.0,2.5,98.17477042468104,8782.261557878492,9.610776124023438,9.85894800101479,50.0,12.131584940610962,2302.786376953125,426.2167428145695,5.208333333333333,0.36638087806051367,161.98924870566304
138,0.047165,1.0,1,87.18360303763991,0.0,490.34572061344073,9.610776124023438,76.8862089921875,86.49698511621094,1079.5517121336734,0.0,992.3681090960333,1188.8252548830346,-0.0,0.0,0.0,17.368983842751422,0.0,147.39393475030445,8782.261557878492,9.610776124023438,9.85894800101479,50.0,12.131584940610962,2302.786376953125,12.131584940610962,86.13425307833782,86.13425307833782,0.0,0.0,5.208333333333333,0.36638087806051367,426.2167428145695,161.98924870566304,297.73844212150834,150.0,1.0,2.2726369395961656,0.0,1848.4809294527704,490.34572061344073,477.96655230669484,3212.4457263471454,21.98871280517949,0.0,476.96430600873106,86.13425307833782,97.0526795248877,41.666666666666664,12.37916830674588,191703555.20905304,95824833.33333333,10.0,1.0,7.853981633974483,20.0,2.5,98.17477042468104,8782.261557878492,9.610776124023438,9.85894800101479,50.0,12.131584940610962,2302.786376953125,426.2167428145695,5.208333333333333,0.36638087806051367,161.98924870566304
139,0.03841,-0.0,1,71.0001525002809,0.0,0.0,0.0,0.0,0.0,162.98924870566304,0.0,91.98909620538214,1091.9946272984218,-0.0,0.0,0.0,17.368983842751422,0.0,137.48544429696423,0.0,0.0,9.85894800101479,50.0,0.0,0.0,0.0,0.0,0.0,0.0,0.0,5.208333333333333,0.36638087806051367,0.0,161.98924870566304,9080.0,150.0,-0.0,0.0,9.858948001014767,1848.4809294527704,490.34572061344073,477.96655230669484,3212.4457263471454,21.98871280517949,0.0,476.96430600873106,86.13425307833782,97.0526795248877,41.666666666666664,12.37916830674588,191703555.20905304,95824833.33333333,10.0,1.0,7.853981633974483,20.0,2.5,98.17477042468104,8782.261557878492,9.610776124023438,9.85894800101479,50.0,12.131584940610962,2302.786376953125,426.2167428145695,5.208333333333333,0.36638087806051367,161.98924870566304
140,0.033184,-0.0,1,61.33999116296073,0.0,0.0,0.0,0.0,0.0,162.98924870566304,0.0,101.64925754270232,984.9954088324195,1.0,0.0,0.0,17.368983842751422,0.0,127.57695384368303,0.0,0.0,9.85894800101479,50.0,0.0,0.0,0.0,0.0,0.0,0.0,0.0,5.208333333333333,0.36638087806051367,0.0,161.98924870566304,9080.0,150.0,-0.0,0.0,9.85894800101479,1848.4809294527704,490.34572061344073,477.96655230669484,3212.4457263471454,21.98871280517949,0.0,476.96430600873106,86.13425307833782,97.0526795248877,41.666666666666664,12.37916830674588,191703555.20905304,95824833.33333333,10.0,1.0,7.853981633974483,20.0,2.5,98.17477042468104,8782.261557878492,9.610776124023438,9.85894800101479,50.0,12.131584940610962,2302.786376953125,426.2167428145695,5.208333333333333,0.36638087806051367,161.98924870566304
141,0.027909,-0.0,1,51.58925426009737,0.0,0.0,0.0,0.0,0.0,162.98924870566304,0.0,111.39999444556568,867.7322567844556,-0.0,0.0,0.0,17.368983842751422,0.0,117.66846338986768,0.0,0.0,9.85894800101479,50.0,0.0,0.0,0.0,0.0,0.0,0.0,0.0,5.208333333333333,0.36638087806051367,0.0,161.98924870566304,9080.0,150.0,-0.0,0.0,9.858948000539524,1848.4809294527704,490.34572061344073,477.96655230669484,3212.4457263471454,21.98871280517949,0.0,476.96430600873106,86.13425307833782,97.0526795248877,41.666666666666664,12.37916830674588,191703555.20905304,95824833.33333333,10.0,1.0,7.853981633974483,20.0,2.5,98.17477042468104,8782.261557878492,9.610776124023438,9.85894800101479,50.0,12.131584940610962,2302.786376953125,426.2167428145695,5.208333333333333,0.36638087806051367,161.98924870566304
142,0.028477,1.0,1,52.63919142802654,0.0,214.28061969949903,4.19990014611018,33.59920116888144,37.799101314991624,804.027698817523,0.0,751.3885073894965,76.79698584814359,-0.0,0.0,5.410875977913258,11.847681824472588,0.0,119.92973714476587,8782.261557878492,9.610776124023438,9.85894800101479,50.0,12.131584940610962,2302.786376953125,12.131584940610962,86.13425307833782,86.13425307833782,0.0,0.0,5.208333333333333,0.36638087806051367,426.2167428145695,161.98924870566304,297.73844212150834,150.0,1.0,2.2726369395961656,0.0,1848.4809294527704,490.34572061344073,477.96655230669484,3212.4457263471454,21.98871280517949,0.0,476.96430600873106,86.13425307833782,97.0526795248877,41.666666666666664,12.37916830674588,191703555.20905304,95824833.33333333,10.0,1.0,7.853981633974483,20.0,2.5,98.17477042468104,8782.261557878492,9.610776124023438,9.85894800101479,50.0,12.131584940610962,2302.786376953125,426.2167428145695,5.208333333333333,0.36638087806051367,161.98924870566304
143,0.048706,-0.0,1,90.03211214992663,0.0,0.0,0.0,0.0,0.0,162.98924870566304,0.0,72.95713655573641,0.0,-0.0,0.0,0.0,11.847681824472588,0.0,110.02124669152245,0.0,0.0,9.85894800101479,50.0,0.0,0.0,0.0,0.0,0.0,0.0,0.0,5.208333333333333,0.36638087806051367,0.0,161.98924870566304,9080.0,150.0,-0.0,0.0,9.858948001014788,1848.4809294527704,490.34572061344073,477.96655230669484,3212.4457263471454,21.98871280517949,0.0,476.96430600873106,86.13425307833782,97.0526795248877,41.666666666666664,12.37916830674588,191703555.20905304,95824833.33333333,10.0,1.0,7.853981633974483,20.0,2.5,98.17477042468104,8782.261557878492,9.610776124023438,9.85894800101479,50.0,12.131584940610962,2302.786376953125,426.2167428145695,5.208333333333333,0.36638087806051367,161.98924870566304
144,0.8795890000000001,1.0,1,1625.903492256433,0.0,490.34572061344073,9.610776124023438,76.8862089921875,86.49698511621094,1079.5517121336734,0.0,0.0,0.0,-0.0,0.0,0.0,11.847681824472588,0.0,112.28252044642063,8782.261557878492,9.610776124023438,9.85894800101479,50.0,12.131584940610962,2302.786376953125,12.131584940610962,86.13425307833782,86.13425307833782,0.0,0.0,5.208333333333333,0.36638087806051367,426.2167428145695,161.98924870566304,297.73844212150834,150.0,1.0,2.2726369395961656,0.0,1848.4809294527704,490.34572061344073,477.96655230669484,3212.4457263471454,21.98871280517949,0.0,476.96430600873106,86.13425307833782,97.0526795248877,41.666666666666664,12.37916830674588,191703555.20905304,95824833.33333333,10.0,1.0,7.853981633974483,20.0,2.5,98.17477042468104,8782.261557878492,9.610776124023438,9.85894800101479,50.0,12.131584940610962,2302.786376953125,426.2167428145695,5.208333333333333,0.36638087806051367,161.98924870566304
145,0.8686929999999999,1.0,1,1605.7624440491154,0.0,490.34572061344073,9.610776124023438,76.8862089921875,86.49698511621094,1079.5517121336734,0.0,0.0,0.0,-0.0,0.0,0.0,11.847681824472588,0.0,114.54379420142604,8782.261557878492,9.610776124023438,9.85894800101479,50.0,12.131584940610962,2302.786376953125,12.131584940610962,86.13425307833782,86.13425307833782,0.0,0.0,5.208333333333333,0.36638087806051367,426.2167428145695,161.98924870566304,297.73844212150834,150.0,1.0,2.2726369395961656,0.0,1848.4809294527704,490.34572061344073,477.96655230669484,3212.4457263471454,21.98871280517949,0.0,476.96430600873106,86.13425307833782,97.0526795248877,41.666666666666664,12.37916830674588,191703555.20905304,95824833.33333333,10.0,1.0,7.853981633974483,20.0,2.5,98.17477042468104,8782.261557878492,9.610776124023438,9.85894800101479,50.0,12.131584940610962,2302.786376953125,426.2167428145695,5.208333333333333,0.36638087806051367,161.98924870566304
146,0.842828,1.0,1,1557.9514848088197,0.0,490.34572061344073,9.610776124023438,76.8862089921875,86.49698511621094,1079.5517121336734,0.0,0.0,0.0,1.0,0.0,0.0,11.847681824472588,0.0,116.80506795632422,8782.261557878492,9.610776124023438,9.85894800101479,50.0,12.131584940610962,2302.786376953125,12.131584940610962,86.13425307833782,86.13425307833782,0.0,0.0,5.208333333333333,0.36638087806051367,426.2167428145695,161.98924870566304,297.73844212150834,150.0,1.0,2.2726369395961656,0.0,1848.4809294527704,490.34572061344073,477.96655230669484,3212.4457263471454,21.98871280517949,0.0,476.96430600873106,86.13425307833782,97.0526795248877,41.666666666666664,12.37916830674588,191703555.20905304,95824833.33333333,10.0,1.0,7.853981633974483,20.0,2.5,98.17477042468104,8782.261557878492,9.610776124023438,9.85894800101479,50.0,12.131584940610962,2302.786376953125,426.2167428145695,5.208333333333333,0.36638087806051367,161.98924870566304
147,0.835546,1.0,1,1544.4908466805446,0.0,490.34572061344073,9.610776124023438,76.8862089921875,86.49698511621094,1079.5517121336734,0.0,0.0,0.0,1.0,0.0,0.0,11.847681824472588,0.0,119.0663417112224,8782.261557878492,9.610776124023438,9.85894800101479,50.0,12.131584940610962,2302.786376953125,12.131584940610962,86.13425307833782,86.13425307833782,0.0,0.0,5.208333333333333,0.36638087806051367,426.2167428145695,161.98924870566304,297.73844212150834,150.0,1.0,2.2726369395961656,0.0,1848.4809294527704,490.34572061344073,477.96655230669484,3212.4457263471454,21.98871280517949,0.0,476.96430600873106,86.13425307833782,97.0526795248877,41.666666666666664,12.37916830674588,191703555.20905304,95824833.33333333,10.0,1.0,7.853981633974483,20.0,2.5,98.17477042468104,8782.261557878492,9.610776124023438,9.85894800101479,50.0,12.131584940610962,2302.786376953125,426.2167428145695,5.208333333333333,0.36638087806051367,161.98924870566304
148,0.8474919999999999,1.0,1,1566.5727998637872,0.0,490.34572061344073,9.610776124023438,76.8862089921875,86.49698511621094,1079.5517121336734,0.0,0.0,0.0,1.0,0.0,0.0,11.847681824472588,0.0,121.32761546619844,8782.261557878492,9.610776124023438,9.85894800101479,50.0,12.131584940610962,2302.786376953125,12.131584940610962,86.13425307833782,86.13425307833782,0.0,0.0,5.208333333333333,0.36638087806051367,426.2167428145695,161.98924870566304,297.73844212150834,150.0,1.0,2.2726369395961656,0.0,1848.4809294527704,490.34572061344073,477.96655230669484,3212.4457263471454,21.98871280517949,0.0,476.96430600873106,86.13425307833782,97.0526795248877,41.666666666666664,12.37916830674588,191703555.20905304,95824833.33333333,10.0,1.0,7.853981633974483,20.0,2.5,98.17477042468104,8782.261557878492,9.610776124023438,9.85894800101479,50.0,12.131584940610962,2302.786376953125,426.2167428145695,5.208333333333333,0.36638087806051367,161.98924870566304
149,0.86388,1.0,1,1596.8657053356592,0.0,490.34572061344073,9.610776124023438,76.8862089921875,86.49698511621094,1079.5517121336734,0.0,0.0,0.0,1.0,0.0,0.0,11.847681824472588,0.0,123.58888922109662,8782.261557878492,9.610776124023438,9.85894800101479,50.0,12.131584940610962,2302.786376953125,12.131584940610962,86.13425307833782,86.13425307833782,0.0,0.0,5.208333333333333,0.36638087806051367,426.2167428145695,161.98924870566304,297.73844212150834,150.0,1.0,2.2726369395961656,0.0,1848.4809294527704,490.34572061344073,477.96655230669484,3212.4457263471454,21.98871280517949,0.0,476.96430600873106,86.13425307833782,97.0526795248877,41.666666666666664,12.37916830674588,191703555.20905304,95824833.33333333,10.0,1.0,7.853981633974483,20.0,2.5,98.17477042468104,8782.261557878492,9.610776124023438,9.85894800101479,50.0,12.131584940610962,2302.786376953125,426.2167428145695,5.208333333333333,0.36638087806051367,161.98924870566304
150,0.872008,1.0,1,1611.8901583302513,0.0,490.34572061344073,9.610776124023438,76.8862089921875,86.49698511621094,1079.5517121336734,0.0,0.0,0.0,1.0,0.0,0.0,11.847681824472588,0.0,125.85016297604767,8782.261557878492,9.610776124023438,9.85894800101479,50.0,12.131584940610962,2302.786376953125,12.131584940610962,86.13425307833782,86.13425307833782,0.0,0.0,5.208333333333333,0.36638087806051367,426.2167428145695,161.98924870566304,297.73844212150834,150.0,1.0,2.272636939596165,0.0,1848.4809294527704,490.34572061344073,477.96655230669484,3212.4457263471454,21.98871280517949,0.0,476.96430600873106,86.13425307833782,97.0526795248877,41.666666666666664,12.37916830674588,191703555.20905304,95824833.33333333,10.0,1.0,7.853981633974483,20.0,2.5,98.17477042468104,8782.261557878492,9.610776124023438,9.85894800101479,50.0,12.131584940610962,2302.786376953125,426.2167428145695,5.208333333333333,0.36638087806051367,161.98924870566304
151,0.880144,1.0,1,1626.9293991722793,0.0,490.34572061344085,9.61077612402344,76.88620899218752,86.49698511621096,1079.5517121336734,0.0,0.0,0.0,0.0,0.0,0.0,11.84768182447259,0.0,128.11143673094585,8782.261557878492,9.610776124023438,9.85894800101479,50.0,12.131584940610962,2302.786376953125,12.131584940610962,86.13425307833782,86.13425307833782,0.0,0.0,5.208333333333333,0.36638087806051367,426.2167428145695,161.98924870566304,297.73844212150834,150.0,1.0,2.2726369395961656,0.0,1848.4809294527704,490.34572061344073,477.96655230669484,3212.4457263471454,21.98871280517949,0.0,476.96430600873106,86.13425307833782,97.0526795248877,41.666666666666664,12.37916830674588,191703555.20905304,95824833.33333333,10.0,1.0,7.853981633974483,20.0,2.5,98.17477042468104,8782.261557878492,9.610776124023438,9.85894800101479,50.0,12.131584940610962,2302.786376953125,426.2167428145695,5.208333333333333,0.36638087806051367,161.98924870566304
152,0.890577,1.0,1,1646.21460070926,0.0,490.34572061344073,9.610776124023438,76.8862089921875,86.49698511621094,1079.5517121336734,0.0,0.0,0.0,-0.0,0.0,0.0,11.84768182447259,0.0,130.37271048591808,8782.261557878492,9.610776124023438,9.85894800101479,50.0,12.131584940610962,2302.786376953125,12.131584940610962,86.13425307833782,86.13425307833782,0.0,0.0,5.208333333333333,0.36638087806051367,426.2167428145695,161.98924870566304,297.73844212150834,150.0,1.0,2.2726369395961656,0.0,1848.4809294527704,490.34572061344073,477.96655230669484,3212.4457263471454,21.98871280517949,0.0,476.96430600873106,86.13425307833782,97.0526795248877,41.666666666666664,12.37916830674588,191703555.20905304,95824833.33333333,10.0,1.0,7.853981633974483,20.0,2.5,98.17477042468104,8782.261557878492,9.610776124023438,9.85894800101479,50.0,12.131584940610962,2302.786376953125,426.2167428145695,5.208333333333333,0.36638087806051367,161.98924870566304
153,0.897083,1.0,1,1658.2408176362796,0.0,490.34572061344073,9.610776124023438,76.8862089921875,86.49698511621094,1079.5517121336734,0.0,0.0,0.0,1.0,0.0,0.0,11.84768182447259,0.0,132.63398424081626,8782.261557878492,9.610776124023438,9.85894800101479,50.0,12.131584940610962,2302.786376953125,12.131584940610962,86.13425307833782,86.13425307833782,0.0,0.0,5.208333333333333,0.36638087806051367,426.2167428145695,161.98924870566304,297.73844212150834,150.0,1.0,2.2726369395961656,0.0,1848.4809294527704,490.34572061344073,477.96655230669484,3212.4457263471454,21.98871280517949,0.0,476.96430600873106,86.13425307833782,97.0526795248877,41.666666666666664,12.37916830674588,191703555.20905304,95824833.33333333,10.0,1.0,7.853981633974483,20.0,2.5,98.17477042468104,8782.261557878492,9.610776124023438,9.85894800101479,50.0,12.131584940610962,2302.786376953125,426.2167428145695,5.208333333333333,0.36638087806051367,161.98924870566304
154,0.896766,1.0,1,1657.654849181643,0.0,490.34572061344073,9.610776124023438,76.8862089921875,86.49698511621094,1079.5517121336734,0.0,0.0,0.0,1.0,0.0,0.0,11.84768182447259,0.0,134.89525799583944,8782.261557878492,9.610776124023438,9.85894800101479,50.0,12.131584940610962,2302.786376953125,12.131584940610962,86.13425307833782,86.13425307833776,0.0,0.0,5.208333333333333,0.36638087806051367,426.2167428145695,161.98924870566304,297.73844212150834,150.0,1.0,2.2726369395961656,0.0,1848.4809294527704,490.34572061344073,477.96655230669484,3212.4457263471454,21.98871280517949,0.0,476.96430600873106,86.13425307833782,97.0526795248877,41.666666666666664,12.37916830674588,191703555.20905304,95824833.33333333,10.0,1.0,7.853981633974483,20.0,2.5,98.17477042468104,8782.261557878492,9.610776124023438,9.85894800101479,50.0,12.131584940610962,2302.786376953125,426.2167428145695,5.208333333333333,0.36638087806051367,161.98924870566304
155,0.88621,1.0,1,1638.1422844903398,0.0,490.34572061344073,9.610776124023438,76.8862089921875,86.49698511621094,1079.5517121336734,0.0,0.0,0.0,1.0,0.0,0.0,11.84768182447259,0.0,137.15653175073763,8782.261557878492,9.610776124023438,9.85894800101479,50.0,12.131584940610962,2302.786376953125,12.131584940610962,86.13425307833782,86.13425307833782,0.0,0.0,5.208333333333333,0.36638087806051367,426.2167428145695,161.98924870566304,297.73844212150834,150.0,1.0,2.2726369395961656,0.0,1848.4809294527704,490.34572061344073,477.96655230669484,3212.4457263471454,21.98871280517949,0.0,476.96430600873106,86.13425307833782,97.0526795248877,41.666666666666664,12.37916830674588,191703555.20905304,95824833.33333333,10.0,1.0,7.853981633974483,20.0,2.5,98.17477042468104,8782.261557878492,9.610776124023438,9.85894800101479,50.0,12.131584940610962,2302.786376953125,426.2167428145695,5.208333333333333,0.36638087806051367,161.98924870566304
156,0.871316,1.0,1,1610.61100952707,0.0,490.34572061344073,9.610776124023438,76.8862089921875,86.49698511621094,1079.5517121336734,0.0,0.0,0.0,1.0,0.0,0.0,11.84768182447259,0.0,139.4178055056358,8782.261557878492,9.610776124023438,9.85894800101479,50.0,12.131584940610962,2302.786376953125,12.131584940610962,86.13425307833782,86.13425307833782,0.0,0.0,5.208333333333333,0.36638087806051367,426.2167428145695,161.98924870566304,297.73844212150834,150.0,1.0,2.2726369395961656,0.0,1848.4809294527704,490.34572061344073,477.96655230669484,3212.4457263471454,21.98871280517949,0.0,476.96430600873106,86.13425307833782,97.0526795248877,41.666666666666664,12.37916830674588,191703555.20905304,95824833.33333333,10.0,1.0,7.853981633974483,20.0,2.5,98.17477042468104,8782.261557878492,9.610776124023438,9.85894800101479,50.0,12.131584940610962,2302.786376953125,426.2167428145695,5.208333333333333,0.36638087806051367,161.98924870566304
157,0.8611449999999999,1.0,1,1591.810109993606,0.0,490.34572061344073,9.610776124023438,76.8862089921875,86.49698511621094,1079.5517121336734,0.0,0.0,0.0,1.0,0.0,0.0,11.84768182447259,0.0,141.679079260534,8782.261557878492,9.610776124023438,9.85894800101479,50.0,12.131584940610962,2302.786376953125,12.131584940610962,86.13425307833782,86.13425307833782,0.0,0.0,5.208333333333333,0.36638087806051367,426.2167428145695,161.98924870566304,297.73844212150834,150.0,1.0,2.2726369395961656,0.0,1848.4809294527704,490.34572061344073,477.96655230669484,3212.4457263471454,21.98871280517949,0.0,476.96430600873106,86.13425307833782,97.0526795248877,41.666666666666664,12.37916830674588,191703555.20905304,95824833.33333333,10.0,1.0,7.853981633974483,20.0,2.5,98.17477042468104,8782.261557878492,9.610776124023438,9.85894800101479,50.0,12.131584940610962,2302.786376953125,426.2167428145695,5.208333333333333,0.36638087806051367,161.98924870566304
158,0.8662380000000001,1.0,1,1601.224423367309,0.0,490.34572061344073,9.610776124023438,76.8862089921875,86.49698511621094,1079.5517121336734,0.0,0.0,0.0,1.0,0.0,0.0,11.84768182447259,0.0,143.94035301555695,8782.261557878492,9.610776124023438,9.85894800101479,50.0,12.131584940610962,2302.786376953125,12.131584940610962,86.13425307833782,86.13425307833782,0.0,0.0,5.208333333333333,0.36638087806051367,426.2167428145695,161.98924870566304,297.73844212150834,150.0,1.0,2.2726369395961656,0.0,1848.4809294527704,490.34572061344073,477.96655230669484,3212.4457263471454,21.98871280517949,0.0,476.96430600873106,86.13425307833782,97.0526795248877,41.666666666666664,12.37916830674588,191703555.20905304,95824833.33333333,10.0,1.0,7.853981633974483,20.0,2.5,98.17477042468104,8782.261557878492,9.610776124023438,9.85894800101479,50.0,12.131584940610962,2302.786376953125,426.2167428145695,5.208333333333333,0.36638087806051367,161.98924870566304
159,0.881635,1.0,1,1629.685484238093,0.0,490.34572061344073,9.610776124023438,76.8862089921875,86.49698511621094,1079.5517121336734,0.0,0.0,0.0,1.0,0.0,0.0,11.84768182447259,0.0,146.20162677045514,8782.261557878492,9.610776124023438,9.85894800101479,50.0,12.131584940610962,2302.786376953125,12.131584940610962,86.13425307833782,86.13425307833782,0.0,0.0,5.208333333333333,0.36638087806051367,426.2167428145695,161.98924870566304,297.73844212150834,150.0,1.0,2.2726369395961656,0.0,1848.4809294527704,490.34572061344073,477.96655230669484,3212.4457263471454,21.98871280517949,0.0,476.96430600873106,86.13425307833782,97.0526795248877,41.666666666666664,12.37916830674588,191703555.20905304,95824833.33333333,10.0,1.0,7.853981633974483,20.0,2.5,98.17477042468104,8782.261557878492,9.610776124023438,9.85894800101479,50.0,12.131584940610962,2302.786376953125,426.2167428145695,5.208333333333333,0.36638087806051367,161.98924870566304
160,0.8971399999999999,1.0,1,1658.3461810492583,0.0,490.34572061344073,9.610776124023438,76.8862089921875,86.49698511621094,1079.5517121336734,0.0,0.0,0.0,-0.0,0.0,0.0,11.84768182447259,0.0,148.46290052535332,8782.261557878492,9.610776124023438,9.85894800101479,50.0,12.131584940610962,2302.786376953125,12.131584940610962,86.13425307833782,86.13425307833782,0.0,0.0,5.208333333333333,0.36638087806051367,426.2167428145695,161.98924870566304,297.73844212150834,150.0,1.0,2.2726369395961656,0.0,1848.4809294527704,490.34572061344073,477.96655230669484,3212.4457263471454,21.98871280517949,0.0,476.96430600873106,86.13425307833782,97.0526795248877,41.666666666666664,12.37916830674588,191703555.20905304,95824833.33333333,10.0,1.0,7.853981633974483,20.0,2.5,98.17477042468104,8782.261557878492,9.610776124023438,9.85894800101479,50.0,12.131584940610962,2302.786376953125,426.2167428145695,5.208333333333333,0.36638087806051367,161.98924870566304
161,0.914249,1.0,1,1689.971841271266,0.0,490.34572061344085,9.61077612402344,76.88620899218752,86.49698511621096,1079.5517121336734,0.0,0.0,0.0,-0.0,0.0,0.0,11.84768182447259,0.0,150.7241742802515,8782.261557878492,9.610776124023438,9.85894800101479,50.0,12.131584940610962,2302.786376953125,12.131584940610962,86.13425307833782,86.13425307833782,0.0,0.0,5.208333333333333,0.36638087806051367,426.2167428145695,161.98924870566304,297.73844212150834,150.0,1.0,2.2726369395961656,0.0,1848.4809294527704,490.34572061344073,477.96655230669484,3212.4457263471454,21.98871280517949,0.0,476.96430600873106,86.13425307833782,97.0526795248877,41.666666666666664,12.37916830674588,191703555.20905304,95824833.33333333,10.0,1.0,7.853981633974483,20.0,2.5,98.17477042468104,8782.261557878492,9.610776124023438,9.85894800101479,50.0,12.131584940610962,2302.786376953125,426.2167428145695,5.208333333333333,0.36638087806051367,161.98924870566304
162,0.920246,1.0,1,1701.0571814051941,0.0,490.34572061344073,9.610776124023438,76.8862089921875,86.49698511621094,1079.5517121336734,0.0,0.0,0.0,1.0,0.0,0.0,11.84768182447259,0.0,152.9854480351491,8782.261557878492,9.610776124023438,9.85894800101479,50.0,12.131584940610962,2302.786376953125,12.131584940610962,86.13425307833782,86.13425307833782,0.0,0.0,5.208333333333333,0.36638087806051367,426.2167428145695,161.98924870566304,297.73844212150834,150.0,1.0,2.2726369395961656,0.0,1848.4809294527704,490.34572061344073,477.96655230669484,3212.4457263471454,21.98871280517949,0.0,476.96430600873106,86.13425307833782,97.0526795248877,41.666666666666664,12.37916830674588,191703555.20905304,95824833.33333333,10.0,1.0,7.853981633974483,20.0,2.5,98.17477042468104,8782.261557878492,9.610776124023438,9.85894800101479,50.0,12.131584940610962,2302.786376953125,426.2167428145695,5.208333333333333,0.36638087806051367,161.98924870566304
163,0.907744,1.0,1,1677.9474728251755,0.0,490.345720613441,9.610776124023444,76.88620899218755,86.496985116211,1079.5517121336734,0.0,0.0,0.0,0.0,0.0,0.0,11.847681824472595,0.0,155.24672179004727,8782.261557878492,9.610776124023438,9.85894800101479,50.0,12.131584940610962,2302.786376953125,12.131584940610962,86.13425307833782,86.13425307833782,0.0,0.0,5.208333333333333,0.36638087806051367,426.2167428145695,161.98924870566304,297.73844212150834,150.0,1.0,2.2726369395961656,0.0,1848.4809294527704,490.34572061344073,477.96655230669484,3212.4457263471454,21.98871280517949,0.0,476.96430600873106,86.13425307833782,97.0526795248877,41.666666666666664,12.37916830674588,191703555.20905304,95824833.33333333,10.0,1.0,7.853981633974483,20.0,2.5,98.17477042468104,8782.261557878492,9.610776124023438,9.85894800101479,50.0,12.131584940610962,2302.786376953125,426.2167428145695,5.208333333333333,0.36638087806051367,161.98924870566304
164,0.909564,1.0,1,1681.3117081167798,0.0,490.34572061344073,9.610776124023438,76.8862089921875,86.49698511621094,1079.5517121336734,0.0,0.0,0.0,-0.0,0.0,0.0,11.847681824472595,0.0,157.50799554494546,8782.261557878492,9.610776124023438,9.85894800101479,50.0,12.131584940610962,2302.786376953125,12.131584940610962,86.13425307833782,86.13425307833782,0.0,0.0,5.208333333333333,0.36638087806051367,426.2167428145695,161.98924870566304,297.73844212150834,150.0,1.0,2.272636939596165,0.0,1848.4809294527704,490.34572061344073,477.96655230669484,3212.4457263471454,21.98871280517949,0.0,476.96430600873106,86.13425307833782,97.0526795248877,41.666666666666664,12.37916830674588,191703555.20905304,95824833.33333333,10.0,1.0,7.853981633974483,20.0,2.5,98.17477042468104,8782.261557878492,9.610776124023438,9.85894800101479,50.0,12.131584940610962,2302.786376953125,426.2167428145695,5.208333333333333,0.36638087806051367,161.98924870566304
165,0.921044,1.0,1,1702.5322691868973,0.0,490.34572061344073,9.610776124023438,76.8862089921875,86.49698511621094,1079.5517121336734,0.0,0.0,0.0,-0.0,0.0,0.0,11.847681824472595,0.0,159.76926929870703,8782.261557878492,9.610776124023438,9.85894800101479,50.0,12.131584940610962,2302.786376953125,12.131584940610962,86.13425307833782,86.13425307833782,0.0,0.0,5.208333333333333,0.36638087806051367,426.2167428145695,161.98924870566304,297.73844212150834,150.0,1.0,2.2726369384538354,0.0,1848.4809294527704,490.34572061344073,477.96655230669484,3212.4457263471454,21.98871280517949,0.0,476.96430600873106,86.13425307833782,97.0526795248877,41.666666666666664,12.37916830674588,191703555.20905304,95824833.33333333,10.0,1.0,7.853981633974483,20.0,2.5,98.17477042468104,8782.261557878492,9.610776124023438,9.85894800101479,50.0,12.131584940610962,2302.786376953125,426.2167428145695,5.208333333333333,0.36638087806051367,161.98924870566304
166,0.935077,1.0,1,1728.4720020699083,0.0,490.34572061344073,9.610776124023438,76.8862089921875,86.49698511621094,1079.5517121336734,0.0,0.0,0.0,1.0,0.0,0.0,11.847681824472595,0.0,162.03054305360521,8782.261557878492,9.610776124023438,9.85894800101479,50.0,12.131584940610962,2302.786376953125,12.131584940610962,86.13425307833782,86.13425307833782,0.0,0.0,5.208333333333333,0.36638087806051367,426.2167428145695,161.98924870566304,297.73844212150834,150.0,1.0,2.2726369395961656,0.0,1848.4809294527704,490.34572061344073,477.96655230669484,3212.4457263471454,21.98871280517949,0.0,476.96430600873106,86.13425307833782,97.0526795248877,41.666666666666664,12.37916830674588,191703555.20905304,95824833.33333333,10.0,1.0,7.853981633974483,20.0,2.5,98.17477042468104,8782.261557878492,9.610776124023438,9.85894800101479,50.0,12.131584940610962,2302.786376953125,426.2167428145695,5.208333333333333,0.36638087806051367,161.98924870566304
167,0.932559,1.0,1,1723.817527089546,0.0,490.34572061344073,9.610776124023438,76.8862089921875,86.49698511621094,1079.5517121336734,0.0,0.0,0.0,1.0,0.0,0.0,11.847681824472595,0.0,164.2918168085034,8782.261557878492,9.610776124023438,9.85894800101479,50.0,12.131584940610962,2302.786376953125,12.131584940610962,86.13425307833782,86.13425307833782,0.0,0.0,5.208333333333333,0.36638087806051367,426.2167428145695,161.98924870566304,297.73844212150834,150.0,1.0,2.2726369395961656,0.0,1848.4809294527704,490.34572061344073,477.96655230669484,3212.4457263471454,21.98871280517949,0.0,476.96430600873106,86.13425307833782,97.0526795248877,41.666666666666664,12.37916830674588,191703555.20905304,95824833.33333333,10.0,1.0,7.853981633974483,20.0,2.5,98.17477042468104,8782.261557878492,9.610776124023438,9.85894800101479,50.0,12.131584940610962,2302.786376953125,426.2167428145695,5.208333333333333,0.36638087806051367,161.98924870566304
168,0.951723,1.0,1,1759.241815621579,0.0,490.34572061344073,9.610776124023438,76.8862089921875,86.49698511621094,1079.5517121336734,0.0,0.0,0.0,1.0,0.0,0.0,11.847681824472595,0.0,166.55309056340303,8782.261557878492,9.610776124023438,9.85894800101479,50.0,12.131584940610962,2302.786376953125,12.131584940610962,86.13425307833782,86.13425307833782,0.0,0.0,5.208333333333333,0.36638087806051367,426.2167428145695,161.98924870566304,297.73844212150834,150.0,1.0,2.2726369395961656,0.0,1848.4809294527704,490.34572061344073,477.96655230669484,3212.4457263471454,21.98871280517949,0.0,476.96430600873106,86.13425307833782,97.0526795248877,41.666666666666664,12.37916830674588,191703555.20905304,95824833.33333333,10.0,1.0,7.853981633974483,20.0,2.5,98.17477042468104,8782.261557878492,9.610776124023438,9.85894800101479,50.0,12.131584940610962,2302.786376953125,426.2167428145695,5.208333333333333,0.36638087806051367,161.98924870566304
169,0.954106,1.0,1,1763.646745676465,0.0,490.34572061344073,9.610776124023438,76.8862089921875,86.49698511621094,1079.5517121336734,0.0,0.0,0.0,1.0,0.0,0.0,11.847681824472595,0.0,168.81436431830122,8782.261557878492,9.610776124023438,9.85894800101479,50.0,12.131584940610962,2302.786376953125,12.131584940610962,86.13425307833782,86.13425307833782,0.0,0.0,5.208333333333333,0.36638087806051367,426.2167428145695,161.98924870566304,297.73844212150834,150.0,1.0,2.2726369395961656,0.0,1848.4809294527704,490.34572061344073,477.96655230669484,3212.4457263471454,21.98871280517949,0.0,476.96430600873106,86.13425307833782,97.0526795248877,41.666666666666664,12.37916830674588,191703555.20905304,95824833.33333333,10.0,1.0,7.853981633974483,20.0,2.5,98.17477042468104,8782.261557878492,9.610776124023438,9.85894800101479,50.0,12.131584940610962,2302.786376953125,426.2167428145695,5.208333333333333,0.36638087806051367,161.98924870566304
170,0.958999,1.0,1,1772.6913628642774,0.0,490.34572061344073,9.610776124023438,76.8862089921875,86.49698511621094,1079.5517121336734,0.0,0.0,0.0,1.0,0.0,0.0,11.847681824472595,0.0,171.07563807329913,8782.261557878492,9.610776124023438,9.85894800101479,50.0,12.131584940610962,2302.786376953125,12.131584940610962,86.13425307833782,86.13425307833782,0.0,0.0,5.208333333333333,0.36638087806051367,426.2167428145695,161.98924870566304,297.73844212150834,150.0,1.0,2.2726369395961656,0.0,1848.4809294527704,490.34572061344073,477.96655230669484,3212.4457263471454,21.98871280517949,0.0,476.96430600873106,86.13425307833782,97.0526795248877,41.666666666666664,12.37916830674588,191703555.20905304,95824833.33333333,10.0,1.0,7.853981633974483,20.0,2.5,98.17477042468104,8782.261557878492,9.610776124023438,9.85894800101479,50.0,12.131584940610962,2302.786376953125,426.2167428145695,5.208333333333333,0.36638087806051367,161.98924870566304
171,0.961229,1.0,1,1776.813475336957,0.0,490.34572061344073,9.610776124023438,76.8862089921875,86.49698511621094,1079.5517121336734,0.0,0.0,0.0,1.0,0.0,0.0,11.847681824472595,0.0,173.33691182819732,8782.261557878492,9.610776124023438,9.85894800101479,50.0,12.131584940610962,2302.786376953125,12.131584940610962,86.13425307833782,86.13425307833782,0.0,0.0,5.208333333333333,0.36638087806051367,426.2167428145695,161.98924870566304,297.73844212150834,150.0,1.0,2.2726369395961656,0.0,1848.4809294527704,490.34572061344073,477.96655230669484,3212.4457263471454,21.98871280517949,0.0,476.96430600873106,86.13425307833782,97.0526795248877,41.666666666666664,12.37916830674588,191703555.20905304,95824833.33333333,10.0,1.0,7.853981633974483,20.0,2.5,98.17477042468104,8782.261557878492,9.610776124023438,9.85894800101479,50.0,12.131584940610962,2302.786376953125,426.2167428145695,5.208333333333333,0.36638087806051367,161.98924870566304
172,0.95939,1.0,1,1773.4141189076934,0.0,490.34572061344073,9.610776124023438,76.8862089921875,86.49698511621094,1079.5517121336734,0.0,0.0,0.0,1.0,0.0,0.0,11.847681824472595,0.0,175.5981855830955,8782.261557878492,9.610776124023438,9.85894800101479,50.0,12.131584940610962,2302.786376953125,12.131584940610962,86.13425307833782,86.13425307833782,0.0,0.0,5.208333333333333,0.36638087806051367,426.2167428145695,161.98924870566304,297.73844212150834,150.0,1.0,2.272636939596165,0.0,1848.4809294527704,490.34572061344073,477.96655230669484,3212.4457263471454,21.98871280517949,0.0,476.96430600873106,86.13425307833782,97.0526795248877,41.666666666666664,12.37916830674588,191703555.20905304,95824833.33333333,10.0,1.0,7.853981633974483,20.0,2.5,98.17477042468104,8782.261557878492,9.610776124023438,9.85894800101479,50.0,12.131584940610962,2302.786376953125,426.2167428145695,5.208333333333333,0.36638087806051367,161.98924870566304
173,0.955932,1.0,1,1767.0220718536457,0.0,490.34572061344073,9.610776124023438,76.8862089921875,86.49698511621094,1079.5517121336734,0.0,0.0,0.0,1.0,0.0,0.0,11.847681824472595,0.0,177.85945933809793,8782.261557878492,9.610776124023438,9.85894800101479,50.0,12.131584940610962,2302.786376953125,12.131584940610962,86.13425307833782,86.13425307833782,0.0,0.0,5.208333333333333,0.36638087806051367,426.2167428145695,161.98924870566304,297.73844212150834,150.0,1.0,2.2726369395961656,0.0,1848.4809294527704,490.34572061344073,477.96655230669484,3212.4457263471454,21.98871280517949,0.0,476.96430600873106,86.13425307833782,97.0526795248877,41.666666666666664,12.37916830674588,191703555.20905304,95824833.33333333,10.0,1.0,7.853981633974483,20.0,2.5,98.17477042468104,8782.261557878492,9.610776124023438,9.85894800101479,50.0,12.131584940610962,2302.786376953125,426.2167428145695,5.208333333333333,0.36638087806051367,161.98924870566304
174,0.946303,1.0,1,1749.223048983945,0.0,490.34572061344073,9.610776124023438,76.8862089921875,86.49698511621094,1079.5517121336734,0.0,0.0,0.0,-0.0,0.0,0.0,11.847681824472595,0.0,180.12073309299612,8782.261557878492,9.610776124023438,9.85894800101479,50.0,12.131584940610962,2302.786376953125,12.131584940610962,86.13425307833782,86.13425307833782,0.0,0.0,5.208333333333333,0.36638087806051367,426.2167428145695,161.98924870566304,297.73844212150834,150.0,1.0,2.2726369395961656,0.0,1848.4809294527704,490.34572061344073,477.96655230669484,3212.4457263471454,21.98871280517949,0.0,476.96430600873106,86.13425307833782,97.0526795248877,41.666666666666664,12.37916830674588,191703555.20905304,95824833.33333333,10.0,1.0,7.853981633974483,20.0,2.5,98.17477042468104,8782.261557878492,9.610776124023438,9.85894800101479,50.0,12.131584940610962,2302.786376953125,426.2167428145695,5.208333333333333,0.36638087806051367,161.98924870566304
175,0.953203,1.0,1,1761.9775673971692,0.0,490.34572061344073,9.610776124023438,76.8862089921875,86.49698511621094,1740.7265361638667,661.1748240301933,0.0,628.1160828286836,1.0,0.0,0.0,11.847681824472595,0.0,182.3820068478943,8782.261557878492,9.610776124023438,9.85894800101479,50.0,12.131584940610962,2302.786376953125,12.131584940610962,86.13425307833782,86.13425307833782,0.0,0.0,5.208333333333333,0.36638087806051367,426.2167428145695,161.98924870566304,297.73844212150834,150.0,1.0,2.2726369395961656,0.0,1848.4809294527704,490.34572061344073,477.96655230669484,3212.4457263471454,21.98871280517949,0.0,476.96430600873106,86.13425307833782,97.0526795248877,41.666666666666664,12.37916830674588,191703555.20905304,95824833.33333333,10.0,1.0,7.853981633974483,20.0,2.5,98.17477042468104,8782.261557878492,9.610776124023438,9.85894800101479,50.0,12.131584940610962,2302.786376953125,426.2167428145695,5.208333333333333,0.36638087806051367,161.98924870566304
176,0.959008,1.0,1,1772.7079991926423,0.0,490.34572061344073,9.610776124023438,76.8862089921875,86.49698511621094,1079.5517121336734,0.0,0.0,628.1160828286836,1.0,0.0,0.0,11.847681824472595,0.0,184.6432806027925,8782.261557878492,9.610776124023438,9.85894800101479,50.0,12.131584940610962,2302.786376953125,12.131584940610962,86.13425307833782,86.13425307833782,0.0,0.0,5.208333333333333,0.36638087806051367,426.2167428145695,161.98924870566304,297.73844212150834,150.0,1.0,2.2726369395961656,0.0,1848.4809294527704,490.34572061344073,477.96655230669484,3212.4457263471454,21.98871280517949,0.0,476.96430600873106,86.13425307833782,97.0526795248877,41.666666666666664,12.37916830674588,191703555.20905304,95824833.33333333,10.0,1.0,7.853981633974483,20.0,2.5,98.17477042468104,8782.261557878492,9.610776124023438,9.85894800101479,50.0,12.131584940610962,2302.786376953125,426.2167428145695,5.208333333333333,0.36638087806051367,161.98924870566304
177,0.96384,1.0,1,1781.6398590437582,0.0,490.34572061344073,9.610776124023438,76.8862089921875,86.49698511621094,1079.5517121336734,0.0,0.0,628.1160828286836,1.0,0.0,0.0,11.847681824472595,0.0,186.90455435779145,8782.261557878492,9.610776124023438,9.85894800101479,50.0,12.131584940610962,2302.786376953125,12.131584940610962,86.13425307833782,86.13425307833782,0.0,0.0,5.208333333333333,0.36638087806051367,426.2167428145695,161.98924870566304,297.73844212150834,150.0,1.0,2.2726369395961656,0.0,1848.4809294527704,490.34572061344073,477.96655230669484,3212.4457263471454,21.98871280517949,0.0,476.96430600873106,86.13425307833782,97.0526795248877,41.666666666666664,12.37916830674588,191703555.20905304,95824833.33333333,10.0,1.0,7.853981633974483,20.0,2.5,98.17477042468104,8782.261557878492,9.610776124023438,9.85894800101479,50.0,12.131584940610962,2302.786376953125,426.2167428145695,5.208333333333333,0.36638087806051367,161.98924870566304
178,0.961535,1.0,1,1777.3791105013697,0.0,490.34572061344073,9.610776124023438,76.8862089921875,86.49698511621094,1079.5517121336734,0.0,0.0,628.1160828286836,-0.0,0.0,0.0,11.847681824472595,0.0,189.16582811268964,8782.261557878492,9.610776124023438,9.85894800101479,50.0,12.131584940610962,2302.786376953125,12.131584940610962,86.13425307833782,86.13425307833782,0.0,0.0,5.208333333333333,0.36638087806051367,426.2167428145695,161.98924870566304,297.73844212150834,150.0,1.0,2.2726369395961656,0.0,1848.4809294527704,490.34572061344073,477.96655230669484,3212.4457263471454,21.98871280517949,0.0,476.96430600873106,86.13425307833782,97.0526795248877,41.666666666666664,12.37916830674588,191703555.20905304,95824833.33333333,10.0,1.0,7.853981633974483,20.0,2.5,98.17477042468104,8782.261557878492,9.610776124023438,9.85894800101479,50.0,12.131584940610962,2302.786376953125,426.2167428145695,5.208333333333333,0.36638087806051367,161.98924870566304
179,0.951195,1.0,1,1758.265817690828,0.0,490.34572061344073,9.610776124023438,76.8862089921875,86.49698511621094,1079.5517121336734,0.0,0.0,628.1160828286836,1.0,0.0,0.0,11.847681824472595,0.0,191.42710186758782,8782.261557878492,9.610776124023438,9.85894800101479,50.0,12.131584940610962,2302.786376953125,12.131584940610962,86.13425307833782,86.13425307833782,0.0,0.0,5.208333333333333,0.36638087806051367,426.2167428145695,161.98924870566304,297.73844212150834,150.0,1.0,2.2726369395961656,0.0,1848.4809294527704,490.34572061344073,477.96655230669484,3212.4457263471454,21.98871280517949,0.0,476.96430600873106,86.13425307833782,97.0526795248877,41.666666666666664,12.37916830674588,191703555.20905304,95824833.33333333,10.0,1.0,7.853981633974483,20.0,2.5,98.17477042468104,8782.261557878492,9.610776124023438,9.85894800101479,50.0,12.131584940610962,2302.786376953125,426.2167428145695,5.208333333333333,0.36638087806051367,161.98924870566304
180,0.950148,1.0,1,1756.3304581576908,0.0,490.34572061344073,9.610776124023438,76.8862089921875,86.49698511621094,1079.5517121336734,0.0,0.0,628.1160828286836,1.0,0.0,0.0,11.847681824472595,0.0,193.68837562258665,8782.261557878492,9.610776124023438,9.85894800101479,50.0,12.131584940610962,2302.786376953125,12.131584940610962,86.13425307833782,86.13425307833782,0.0,0.0,5.208333333333333,0.36638087806051367,426.2167428145695,161.98924870566304,297.73844212150834,150.0,1.0,2.2726369395961656,0.0,1848.4809294527704,490.34572061344073,477.96655230669484,3212.4457263471454,21.98871280517949,0.0,476.96430600873106,86.13425307833782,97.0526795248877,41.666666666666664,12.37916830674588,191703555.20905304,95824833.33333333,10.0,1.0,7.853981633974483,20.0,2.5,98.17477042468104,8782.261557878492,9.610776124023438,9.85894800101479,50.0,12.131584940610962,2302.786376953125,426.2167428145695,5.208333333333333,0.36638087806051367,161.98924870566304
181,0.943407,1.0,1,1743.8698482122497,0.0,490.34572061344073,9.610776124023438,76.8862089921875,86.49698511621094,1079.5517121336734,0.0,0.0,628.1160828286836,-0.0,0.0,0.0,11.847681824472595,0.0,195.94964937748483,8782.261557878492,9.610776124023438,9.85894800101479,50.0,12.131584940610962,2302.786376953125,12.131584940610962,86.13425307833782,86.13425307833782,0.0,0.0,5.208333333333333,0.36638087806051367,426.2167428145695,161.98924870566304,297.73844212150834,150.0,1.0,2.2726369395961656,0.0,1848.4809294527704,490.34572061344073,477.96655230669484,3212.4457263471454,21.98871280517949,0.0,476.96430600873106,86.13425307833782,97.0526795248877,41.666666666666664,12.37916830674588,191703555.20905304,95824833.33333333,10.0,1.0,7.853981633974483,20.0,2.5,98.17477042468104,8782.261557878492,9.610776124023438,9.85894800101479,50.0,12.131584940610962,2302.786376953125,426.2167428145695,5.208333333333333,0.36638087806051367,161.98924870566304
182,0.921855,1.0,1,1704.0313872206837,0.0,490.34572061344073,9.610776124023438,76.8862089921875,86.49698511621094,1079.5517121336734,0.0,0.0,628.1160828286836,1.0,0.0,0.0,11.847681824472595,0.0,198.21092313238302,8782.261557878492,9.610776124023438,9.85894800101479,50.0,12.131584940610962,2302.786376953125,12.131584940610962,86.13425307833782,86.13425307833782,0.0,0.0,5.208333333333333,0.36638087806051367,426.2167428145695,161.98924870566304,297.73844212150834,150.0,1.0,2.2726369395961656,0.0,1848.4809294527704,490.34572061344073,477.96655230669484,3212.4457263471454,21.98871280517949,0.0,476.96430600873106,86.13425307833782,97.0526795248877,41.666666666666664,12.37916830674588,191703555.20905304,95824833.33333333,10.0,1.0,7.853981633974483,20.0,2.5,98.17477042468104,8782.261557878492,9.610776124023438,9.85894800101479,50.0,12.131584940610962,2302.786376953125,426.2167428145695,5.208333333333333,0.36638087806051367,161.98924870566304
183,0.900853,1.0,1,1665.2095907403166,0.0,490.34572061344073,9.610776124023438,76.8862089921875,86.49698511621094,1079.5517121336734,0.0,0.0,628.1160828286836,1.0,0.0,0.0,11.847681824472595,0.0,200.4721968872812,8782.261557878492,9.610776124023438,9.85894800101479,50.0,12.131584940610962,2302.786376953125,12.131584940610962,86.13425307833782,86.13425307833782,0.0,0.0,5.208333333333333,0.36638087806051367,426.2167428145695,161.98924870566304,297.73844212150834,150.0,1.0,2.2726369395961656,0.0,1848.4809294527704,490.34572061344073,477.96655230669484,3212.4457263471454,21.98871280517949,0.0,476.96430600873106,86.13425307833782,97.0526795248877,41.666666666666664,12.37916830674588,191703555.20905304,95824833.33333333,10.0,1.0,7.853981633974483,20.0,2.5,98.17477042468104,8782.261557878492,9.610776124023438,9.85894800101479,50.0,12.131584940610962,2302.786376953125,426.2167428145695,5.208333333333333,0.36638087806051367,161.98924870566304
184,0.914034,1.0,1,1689.5744178714335,0.0,490.34572061344073,9.610776124023438,76.8862089921875,86.49698511621094,1678.940694292919,599.3889821592455,0.0,1197.5356158799668,1.0,0.0,0.0,11.847681824472595,0.0,202.73347064233104,8782.261557878492,9.610776124023438,9.85894800101479,50.0,12.131584940610962,2302.786376953125,12.131584940610962,86.13425307833782,86.13425307833782,0.0,0.0,5.208333333333333,0.36638087806051367,426.2167428145695,161.98924870566304,297.73844212150834,150.0,1.0,2.2726369395961656,0.0,1848.4809294527704,490.34572061344073,477.96655230669484,3212.4457263471454,21.98871280517949,0.0,476.96430600873106,86.13425307833782,97.0526795248877,41.666666666666664,12.37916830674588,191703555.20905304,95824833.33333333,10.0,1.0,7.853981633974483,20.0,2.5,98.17477042468104,8782.261557878492,9.610776124023438,9.85894800101479,50.0,12.131584940610962,2302.786376953125,426.2167428145695,5.208333333333333,0.36638087806051367,161.98924870566304
185,0.919265,1.0,1,1699.243821613401,0.0,490.34572061344073,9.610776124023438,76.8862089921875,86.49698511621094,1079.5517121336734,0.0,0.0,1197.5356158799668,-0.0,0.0,0.0,11.847681824472595,0.0,204.99474439722923,8782.261557878492,9.610776124023438,9.85894800101479,50.0,12.131584940610962,2302.786376953125,12.131584940610962,86.13425307833782,86.13425307833782,0.0,0.0,5.208333333333333,0.36638087806051367,426.2167428145695,161.98924870566304,297.73844212150834,150.0,1.0,2.2726369395961656,0.0,1848.4809294527704,490.34572061344073,477.96655230669484,3212.4457263471454,21.98871280517949,0.0,476.96430600873106,86.13425307833782,97.0526795248877,41.666666666666664,12.37916830674588,191703555.20905304,95824833.33333333,10.0,1.0,7.853981633974483,20.0,2.5,98.17477042468104,8782.261557878492,9.610776124023438,9.85894800101479,50.0,12.131584940610962,2302.786376953125,426.2167428145695,5.208333333333333,0.36638087806051367,161.98924870566304
186,0.893358,1.0,1,1651.355226174068,0.0,490.34572061344073,9.610776124023438,76.8862089921875,86.49698511621094,1079.5517121336734,0.0,0.0,1197.5356158799668,1.0,0.0,0.0,11.847681824472595,0.0,207.2560181521274,8782.261557878492,9.610776124023438,9.85894800101479,50.0,12.131584940610962,2302.786376953125,12.131584940610962,86.13425307833782,86.13425307833782,0.0,0.0,5.208333333333333,0.36638087806051367,426.2167428145695,161.98924870566304,297.73844212150834,150.0,1.0,2.2726369395961656,0.0,1848.4809294527704,490.34572061344073,477.96655230669484,3212.4457263471454,21.98871280517949,0.0,476.96430600873106,86.13425307833782,97.0526795248877,41.666666666666664,12.37916830674588,191703555.20905304,95824833.33333333,10.0,1.0,7.853981633974483,20.0,2.5,98.17477042468104,8782.261557878492,9.610776124023438,9.85894800101479,50.0,12.131584940610962,2302.786376953125,426.2167428145695,5.208333333333333,0.36638087806051367,161.98924870566304
187,0.844885,1.0,1,1561.753810080704,0.0,490.34572061344073,9.610776124023438,76.8862089921875,86.49698511621094,1079.5517121336734,0.0,0.0,1197.5356158799668,1.0,0.0,0.0,11.847681824472595,0.0,209.5172919070256,8782.261557878492,9.610776124023438,9.85894800101479,50.0,12.131584940610962,2302.786376953125,12.131584940610962,86.13425307833782,86.13425307833782,0.0,0.0,5.208333333333333,0.36638087806051367,426.2167428145695,161.98924870566304,297.73844212150834,150.0,1.0,2.2726369395961656,0.0,1848.4809294527704,490.34572061344073,477.96655230669484,3212.4457263471454,21.98871280517949,0.0,476.96430600873106,86.13425307833782,97.0526795248877,41.666666666666664,12.37916830674588,191703555.20905304,95824833.33333333,10.0,1.0,7.853981633974483,20.0,2.5,98.17477042468104,8782.261557878492,9.610776124023438,9.85894800101479,50.0,12.131584940610962,2302.786376953125,426.2167428145695,5.208333333333333,0.36638087806051367,161.98924870566304
188,0.837074,1.0,1,1547.3153255407483,0.0,490.34572061344073,9.610776124023438,76.8862089921875,86.49698511621094,1079.5517121336734,0.0,0.0,1197.5356158799668,1.0,0.0,0.0,11.847681824472595,0.0,211.77856566192378,8782.261557878492,9.610776124023438,9.85894800101479,50.0,12.131584940610962,2302.786376953125,12.131584940610962,86.13425307833782,86.13425307833782,0.0,0.0,5.208333333333333,0.36638087806051367,426.2167428145695,161.98924870566304,297.73844212150834,150.0,1.0,2.2726369395961656,0.0,1848.4809294527704,490.34572061344073,477.96655230669484,3212.4457263471454,21.98871280517949,0.0,476.96430600873106,86.13425307833782,97.0526795248877,41.666666666666664,12.37916830674588,191703555.20905304,95824833.33333333,10.0,1.0,7.853981633974483,20.0,2.5,98.17477042468104,8782.261557878492,9.610776124023438,9.85894800101479,50.0,12.131584940610962,2302.786376953125,426.2167428145695,5.208333333333333,0.36638087806051367,161.98924870566304
189,0.8635839999999999,1.0,1,1596.3185549805412,0.0,490.34572061344073,9.610776124023438,76.8862089921875,86.49698511621094,1079.5517121336734,0.0,0.0,1197.5356158799668,-0.0,0.0,0.0,11.847681824472595,0.0,214.0398394169224,8782.261557878492,9.610776124023438,9.85894800101479,50.0,12.131584940610962,2302.786376953125,12.131584940610962,86.13425307833782,86.13425307833782,0.0,0.0,5.208333333333333,0.36638087806051367,426.2167428145695,161.98924870566304,297.73844212150834,150.0,1.0,2.2726369395961656,0.0,1848.4809294527704,490.34572061344073,477.96655230669484,3212.4457263471454,21.98871280517949,0.0,476.96430600873106,86.13425307833782,97.0526795248877,41.666666666666664,12.37916830674588,191703555.20905304,95824833.33333333,10.0,1.0,7.853981633974483,20.0,2.5,98.17477042468104,8782.261557878492,9.610776124023438,9.85894800101479,50.0,12.131584940610962,2302.786376953125,426.2167428145695,5.208333333333333,0.36638087806051367,161.98924870566304
190,0.873189,1.0,1,1614.0732143079351,0.0,490.34572061344073,9.610776124023438,76.8862089921875,86.49698511621094,1079.5517121336734,0.0,0.0,1197.5356158799668,1.0,0.0,0.0,11.847681824472595,0.0,216.3011131718206,8782.261557878492,9.610776124023438,9.85894800101479,50.0,12.131584940610962,2302.786376953125,12.131584940610962,86.13425307833782,86.13425307833782,0.0,0.0,5.208333333333333,0.36638087806051367,426.2167428145695,161.98924870566304,297.73844212150834,150.0,1.0,2.2726369395961656,0.0,1848.4809294527704,490.34572061344073,477.96655230669484,3212.4457263471454,21.98871280517949,0.0,476.96430600873106,86.13425307833782,97.0526795248877,41.666666666666664,12.37916830674588,191703555.20905304,95824833.33333333,10.0,1.0,7.853981633974483,20.0,2.5,98.17477042468104,8782.261557878492,9.610776124023438,9.85894800101479,50.0,12.131584940610962,2302.786376953125,426.2167428145695,5.208333333333333,0.36638087806051367,161.98924870566304
191,0.856318,1.0,1,1582.8874925471375,0.0,490.34572061344073,9.610776124023438,76.8862089921875,86.49698511621094,1079.5517121336734,0.0,0.0,1197.5356158799668,1.0,0.0,0.0,11.847681824472595,0.0,218.56238692684462,8782.261557878492,9.610776124023438,9.85894800101479,50.0,12.131584940610962,2302.786376953125,12.131584940610962,86.13425307833782,86.13425307833782,0.0,0.0,5.208333333333333,0.36638087806051367,426.2167428145695,161.98924870566304,297.73844212150834,150.0,1.0,2.2726369395961656,0.0,1848.4809294527704,490.34572061344073,477.96655230669484,3212.4457263471454,21.98871280517949,0.0,476.96430600873106,86.13425307833782,97.0526795248877,41.666666666666664,12.37916830674588,191703555.20905304,95824833.33333333,10.0,1.0,7.853981633974483,20.0,2.5,98.17477042468104,8782.261557878492,9.610776124023438,9.85894800101479,50.0,12.131584940610962,2302.786376953125,426.2167428145695,5.208333333333333,0.36638087806051367,161.98924870566304
192,0.310357,1.0,1,573.6889958221734,0.0,490.34572061344073,9.610776124023438,76.8862089921875,86.49698511621094,1079.5517121336734,0.0,505.86271631149987,665.048546078388,1.0,0.0,0.0,11.847681824472595,0.0,220.8236606817428,8782.261557878492,9.610776124023438,9.85894800101479,50.0,12.131584940610962,2302.786376953125,12.131584940610962,86.13425307833782,86.13425307833782,0.0,0.0,5.208333333333333,0.36638087806051367,426.2167428145695,161.98924870566304,297.73844212150834,150.0,1.0,2.2726369395961656,0.0,1848.4809294527704,490.34572061344073,477.96655230669484,3212.4457263471454,21.98871280517949,0.0,476.96430600873106,86.13425307833782,97.0526795248877,41.666666666666664,12.37916830674588,191703555.20905304,95824833.33333333,10.0,1.0,7.853981633974483,20.0,2.5,98.17477042468104,8782.261557878492,9.610776124023438,9.85894800101479,50.0,12.131584940610962,2302.786376953125,426.2167428145695,5.208333333333333,0.36638087806051367,161.98924870566304
193,0.400821,1.0,1,740.9099746241889,0.0,490.34572061344073,9.610776124023438,76.8862089921875,86.49698511621094,1079.5517121336734,0.0,338.6417375094843,308.58355922629926,1.0,0.0,0.0,11.847681824472595,0.0,223.084934436641,8782.261557878492,9.610776124023438,9.85894800101479,50.0,12.131584940610962,2302.786376953125,12.131584940610962,86.13425307833782,86.13425307833782,0.0,0.0,5.208333333333333,0.36638087806051367,426.2167428145695,161.98924870566304,297.73844212150834,150.0,1.0,2.2726369395961656,0.0,1848.4809294527704,490.34572061344073,477.96655230669484,3212.4457263471454,21.98871280517949,0.0,476.96430600873106,86.13425307833782,97.0526795248877,41.666666666666664,12.37916830674588,191703555.20905304,95824833.33333333,10.0,1.0,7.853981633974483,20.0,2.5,98.17477042468104,8782.261557878492,9.610776124023438,9.85894800101479,50.0,12.131584940610962,2302.786376953125,426.2167428145695,5.208333333333333,0.36638087806051367,161.98924870566304
194,0.4992919999999999,1.0,1,922.9317402283325,0.0,490.34572061344073,9.610776124023438,76.8862089921875,86.49698511621094,1079.5517121336734,0.0,156.61997190534078,143.7204309048879,1.0,0.0,0.0,11.847681824472595,0.0,225.34620819153918,8782.261557878492,9.610776124023438,9.85894800101479,50.0,12.131584940610962,2302.786376953125,12.131584940610962,86.13425307833782,86.13425307833782,0.0,0.0,5.208333333333333,0.36638087806051367,426.2167428145695,161.98924870566304,297.73844212150834,150.0,1.0,2.2726369395961656,0.0,1848.4809294527704,490.34572061344073,477.96655230669484,3212.4457263471454,21.98871280517949,0.0,476.96430600873106,86.13425307833782,97.0526795248877,41.666666666666664,12.37916830674588,191703555.20905304,95824833.33333333,10.0,1.0,7.853981633974483,20.0,2.5,98.17477042468104,8782.261557878492,9.610776124023438,9.85894800101479,50.0,12.131584940610962,2302.786376953125,426.2167428145695,5.208333333333333,0.36638087806051367,161.98924870566304
195,0.52896,1.0,1,977.7724724433374,0.0,490.34572061344073,9.610776124023438,76.8862089921875,86.49698511621094,1079.5517121336734,0.0,101.77923969033583,36.58438912558704,0.0,0.0,0.0,11.847681824472595,0.0,227.60748194653752,8782.261557878492,9.610776124023438,9.85894800101479,50.0,12.131584940610962,2302.786376953125,12.131584940610962,86.13425307833782,86.13425307833776,0.0,0.0,5.208333333333333,0.36638087806051367,426.2167428145695,161.98924870566304,297.73844212150834,150.0,1.0,2.2726369395961656,0.0,1848.4809294527704,490.34572061344073,477.96655230669484,3212.4457263471454,21.98871280517949,0.0,476.96430600873106,86.13425307833782,97.0526795248877,41.666666666666664,12.37916830674588,191703555.20905304,95824833.33333333,10.0,1.0,7.853981633974483,20.0,2.5,98.17477042468104,8782.261557878492,9.610776124023438,9.85894800101479,50.0,12.131584940610962,2302.786376953125,426.2167428145695,5.208333333333333,0.36638087806051367,161.98924870566304
196,0.565219,1.0,1,1044.7965424643655,0.0,490.34572061344073,9.610776124023438,76.8862089921875,86.49698511621094,1079.5517121336734,0.0,34.75516966930769,0.0,1.0,0.0,0.0,11.847681824472595,0.0,229.8687557014357,8782.261557878492,9.610776124023438,9.85894800101479,50.0,12.131584940610962,2302.786376953125,12.131584940610962,86.13425307833782,86.13425307833782,0.0,0.0,5.208333333333333,0.36638087806051367,426.2167428145695,161.98924870566304,297.73844212150834,150.0,1.0,2.2726369395961656,0.0,1848.4809294527704,490.34572061344073,477.96655230669484,3212.4457263471454,21.98871280517949,0.0,476.96430600873106,86.13425307833782,97.0526795248877,41.666666666666664,12.37916830674588,191703555.20905304,95824833.33333333,10.0,1.0,7.853981633974483,20.0,2.5,98.17477042468104,8782.261557878492,9.610776124023438,9.85894800101479,50.0,12.131584940610962,2302.786376953125,426.2167428145695,5.208333333333333,0.36638087806051367,161.98924870566304
197,0.7753099999999999,1.0,1,1433.1457494140273,0.0,490.34572061344073,9.610776124023438,76.8862089921875,86.49698511621094,1079.5517121336734,0.0,0.0,0.0,1.0,0.0,0.0,11.847681824472595,0.0,232.1300294563339,8782.261557878492,9.610776124023438,9.85894800101479,50.0,12.131584940610962,2302.786376953125,12.131584940610962,86.13425307833782,86.13425307833782,0.0,0.0,5.208333333333333,0.36638087806051367,426.2167428145695,161.98924870566304,297.73844212150834,150.0,1.0,2.2726369395961656,0.0,1848.4809294527704,490.34572061344073,477.96655230669484,3212.4457263471454,21.98871280517949,0.0,476.96430600873106,86.13425307833782,97.0526795248877,41.666666666666664,12.37916830674588,191703555.20905304,95824833.33333333,10.0,1.0,7.853981633974483,20.0,2.5,98.17477042468104,8782.261557878492,9.610776124023438,9.85894800101479,50.0,12.131584940610962,2302.786376953125,426.2167428145695,5.208333333333333,0.36638087806051367,161.98924870566304
198,0.8166100000000001,1.0,1,1509.4880118004269,0.0,490.34572061344073,9.610776124023438,76.8862089921875,86.49698511621094,1165.6859652120113,0.0,0.0,0.0,1.0,0.0,0.0,11.847681824472595,0.0,234.3913032113066,8782.261557878492,9.610776124023438,9.85894800101479,50.0,12.131584940610962,2302.786376953125,12.131584940610962,86.13425307833782,0.0,86.13425307833782,86.13425307833782,5.208333333333333,0.36638087806051367,426.2167428145695,161.98924870566304,297.73844212150834,150.0,1.0,2.2726369395961656,0.0,1848.4809294527704,490.34572061344073,477.96655230669484,3212.4457263471454,21.98871280517949,0.0,476.96430600873106,86.13425307833782,97.0526795248877,41.666666666666664,12.37916830674588,191703555.20905304,95824833.33333333,10.0,1.0,7.853981633974483,20.0,2.5,98.17477042468104,8782.261557878492,9.610776124023438,9.85894800101479,50.0,12.131584940610962,2302.786376953125,426.2167428145695,5.208333333333333,0.36638087806051367,161.98924870566304
199,0.8467250000000001,1.0,1,1565.1550149908971,0.0,490.34572061344073,9.610776124023438,76.8862089921875,86.49698511621094,1079.5517121336734,0.0,0.0,0.0,1.0,0.0,0.0,11.847681824472595,0.0,236.65257696620478,8782.261557878492,9.610776124023438,9.85894800101479,50.0,12.131584940610962,2302.786376953125,12.131584940610962,86.13425307833782,86.13425307833782,0.0,0.0,5.208333333333333,0.36638087806051367,426.2167428145695,161.98924870566304,297.73844212150834,150.0,1.0,2.2726369395961656,0.0,1848.4809294527704,490.34572061344073,477.96655230669484,3212.4457263471454,21.98871280517949,0.0,476.96430600873106,86.13425307833782,97.0526795248877,41.666666666666664,12.37916830674588,191703555.20905304,95824833.33333333,10.0,1.0,7.853981633974483,20.0,2.5,98.17477042468104,8782.261557878492,9.610776124023438,9.85894800101479,50.0,12.131584940610962,2302.786376953125,426.2167428145695,5.208333333333333,0.36638087806051367,161.98924870566304
200,0.8038500000000001,1.0,1,1485.9013951406096,0.0,490.34572061344073,9.610776124023438,76.8862089921875,86.49698511621094,1079.5517121336734,0.0,0.0,0.0,1.0,0.0,0.0,11.847681824472595,0.0,238.91385072120295,8782.261557878492,9.610776124023438,9.85894800101479,50.0,12.131584940610962,2302.786376953125,12.131584940610962,86.13425307833782,86.13425307833782,0.0,0.0,5.208333333333333,0.36638087806051367,426.2167428145695,161.98924870566304,297.73844212150834,150.0,1.0,2.2726369395961656,0.0,1848.4809294527704,490.34572061344073,477.96655230669484,3212.4457263471454,21.98871280517949,0.0,476.96430600873106,86.13425307833782,97.0526795248877,41.666666666666664,12.37916830674588,191703555.20905304,95824833.33333333,10.0,1.0,7.853981633974483,20.0,2.5,98.17477042468104,8782.261557878492,9.610776124023438,9.85894800101479,50.0,12.131584940610962,2302.786376953125,426.2167428145695,5.208333333333333,0.36638087806051367,161.98924870566304
201,0.816252,1.0,1,1508.8262556276827,0.0,490.34572061344073,9.610776124023438,76.8862089921875,86.49698511621094,1079.5517121336734,0.0,0.0,0.0,1.0,0.0,0.0,11.847681824472595,0.0,241.17512447610113,8782.261557878492,9.610776124023438,9.85894800101479,50.0,12.131584940610962,2302.786376953125,12.131584940610962,86.13425307833782,86.13425307833784,0.0,0.0,5.208333333333333,0.36638087806051367,426.2167428145695,161.98924870566304,297.73844212150834,150.0,1.0,2.2726369395961656,0.0,1848.4809294527704,490.34572061344073,477.96655230669484,3212.4457263471454,21.98871280517949,0.0,476.96430600873106,86.13425307833782,97.0526795248877,41.666666666666664,12.37916830674588,191703555.20905304,95824833.33333333,10.0,1.0,7.853981633974483,20.0,2.5,98.17477042468104,8782.261557878492,9.610776124023438,9.85894800101479,50.0,12.131584940610962,2302.786376953125,426.2167428145695,5.208333333333333,0.36638087806051367,161.98924870566304
202,0.783158,1.0,1,1447.6526277483729,0.0,490.34572061344073,9.610776124023438,76.8862089921875,86.49698511621094,1079.5517121336734,0.0,0.0,0.0,1.0,0.0,0.0,11.847681824472595,0.0,243.43639823099932,8782.261557878492,9.610776124023438,9.85894800101479,50.0,12.131584940610962,2302.786376953125,12.131584940610962,86.13425307833782,86.13425307833782,0.0,0.0,5.208333333333333,0.36638087806051367,426.2167428145695,161.98924870566304,297.73844212150834,150.0,1.0,2.2726369395961656,0.0,1848.4809294527704,490.34572061344073,477.96655230669484,3212.4457263471454,21.98871280517949,0.0,476.96430600873106,86.13425307833782,97.0526795248877,41.666666666666664,12.37916830674588,191703555.20905304,95824833.33333333,10.0,1.0,7.853981633974483,20.0,2.5,98.17477042468104,8782.261557878492,9.610776124023438,9.85894800101479,50.0,12.131584940610962,2302.786376953125,426.2167428145695,5.208333333333333,0.36638087806051367,161.98924870566304
203,0.747236,1.0,1,1381.2514958005704,0.0,490.34572061344085,9.61077612402344,76.88620899218752,86.49698511621096,1079.5517121336734,0.0,0.0,0.0,0.0,0.0,0.0,11.847681824472598,0.0,245.69767198602273,8782.261557878492,9.610776124023438,9.85894800101479,50.0,12.131584940610962,2302.786376953125,12.131584940610962,86.13425307833782,86.13425307833782,0.0,0.0,5.208333333333333,0.36638087806051367,426.2167428145695,161.98924870566304,297.73844212150834,150.0,1.0,2.2726369395961656,0.0,1848.4809294527704,490.34572061344073,477.96655230669484,3212.4457263471454,21.98871280517949,0.0,476.96430600873106,86.13425307833782,97.0526795248877,41.666666666666664,12.37916830674588,191703555.20905304,95824833.33333333,10.0,1.0,7.853981633974483,20.0,2.5,98.17477042468104,8782.261557878492,9.610776124023438,9.85894800101479,50.0,12.131584940610962,2302.786376953125,426.2167428145695,5.208333333333333,0.36638087806051367,161.98924870566304
204,0.763361,1.0,1,1411.0582507879963,0.0,490.34572061344073,9.610776124023438,76.8862089921875,86.49698511621094,1079.5517121336734,0.0,0.0,0.0,1.0,0.0,0.0,11.847681824472598,0.0,247.9589457409209,8782.261557878492,9.610776124023438,9.85894800101479,50.0,12.131584940610962,2302.786376953125,12.131584940610962,86.13425307833782,86.13425307833782,0.0,0.0,5.208333333333333,0.36638087806051367,426.2167428145695,161.98924870566304,297.73844212150834,150.0,1.0,2.2726369395961656,0.0,1848.4809294527704,490.34572061344073,477.96655230669484,3212.4457263471454,21.98871280517949,0.0,476.96430600873106,86.13425307833782,97.0526795248877,41.666666666666664,12.37916830674588,191703555.20905304,95824833.33333333,10.0,1.0,7.853981633974483,20.0,2.5,98.17477042468104,8782.261557878492,9.610776124023438,9.85894800101479,50.0,12.131584940610962,2302.786376953125,426.2167428145695,5.208333333333333,0.36638087806051367,161.98924870566304
205,0.823013,1.0,1,1521.323835191713,0.0,490.34572061344073,9.610776124023438,76.8862089921875,86.49698511621094,1079.5517121336734,0.0,0.0,0.0,1.0,0.0,0.0,11.847681824472598,0.0,250.2202194958191,8782.261557878492,9.610776124023438,9.85894800101479,50.0,12.131584940610962,2302.786376953125,12.131584940610962,86.13425307833782,86.13425307833782,0.0,0.0,5.208333333333333,0.36638087806051367,426.2167428145695,161.98924870566304,297.73844212150834,150.0,1.0,2.2726369395961656,0.0,1848.4809294527704,490.34572061344073,477.96655230669484,3212.4457263471454,21.98871280517949,0.0,476.96430600873106,86.13425307833782,97.0526795248877,41.666666666666664,12.37916830674588,191703555.20905304,95824833.33333333,10.0,1.0,7.853981633974483,20.0,2.5,98.17477042468104,8782.261557878492,9.610776124023438,9.85894800101479,50.0,12.131584940610962,2302.786376953125,426.2167428145695,5.208333333333333,0.36638087806051367,161.98924870566304
206,0.867903,1.0,1,1604.3021441148478,0.0,490.34572061344073,9.610776124023438,76.8862089921875,86.49698511621094,1079.5517121336734,0.0,0.0,0.0,0.0,0.0,0.0,11.847681824472595,0.0,252.48149325071728,8782.261557878492,9.610776124023438,9.85894800101479,50.0,12.131584940610962,2302.786376953125,12.131584940610962,86.13425307833782,86.13425307833782,0.0,0.0,5.208333333333333,0.36638087806051367,426.2167428145695,161.98924870566304,297.73844212150834,150.0,1.0,2.2726369395961656,0.0,1848.4809294527704,490.34572061344073,477.96655230669484,3212.4457263471454,21.98871280517949,0.0,476.96430600873106,86.13425307833782,97.0526795248877,41.666666666666664,12.37916830674588,191703555.20905304,95824833.33333333,10.0,1.0,7.853981633974483,20.0,2.5,98.17477042468104,8782.261557878492,9.610776124023438,9.85894800101479,50.0,12.131584940610962,2302.786376953125,426.2167428145695,5.208333333333333,0.36638087806051367,161.98924870566304
207,0.8991549999999999,1.0,1,1662.0708701221056,0.0,490.34572061344073,9.610776124023438,76.8862089921875,86.49698511621094,1079.5517121336734,0.0,0.0,0.0,1.0,0.0,0.0,11.847681824472595,0.0,254.74276700561546,8782.261557878492,9.610776124023438,9.85894800101479,50.0,12.131584940610962,2302.786376953125,12.131584940610962,86.13425307833782,86.13425307833782,0.0,0.0,5.208333333333333,0.36638087806051367,426.2167428145695,161.98924870566304,297.73844212150834,150.0,1.0,2.2726369395961656,0.0,1848.4809294527704,490.34572061344073,477.96655230669484,3212.4457263471454,21.98871280517949,0.0,476.96430600873106,86.13425307833782,97.0526795248877,41.666666666666664,12.37916830674588,191703555.20905304,95824833.33333333,10.0,1.0,7.853981633974483,20.0,2.5,98.17477042468104,8782.261557878492,9.610776124023438,9.85894800101479,50.0,12.131584940610962,2302.786376953125,426.2167428145695,5.208333333333333,0.36638087806051367,161.98924870566304
208,0.910593,1.0,1,1683.2137949931866,0.0,490.34572061344073,9.610776124023438,76.8862089921875,86.49698511621094,1079.5517121336734,0.0,0.0,0.0,1.0,0.0,0.0,11.847681824472595,0.0,257.00404076051365,8782.261557878492,9.610776124023438,9.85894800101479,50.0,12.131584940610962,2302.786376953125,12.131584940610962,86.13425307833782,86.13425307833782,0.0,0.0,5.208333333333333,0.36638087806051367,426.2167428145695,161.98924870566304,297.73844212150834,150.0,1.0,2.2726369395961656,0.0,1848.4809294527704,490.34572061344073,477.96655230669484,3212.4457263471454,21.98871280517949,0.0,476.96430600873106,86.13425307833782,97.0526795248877,41.666666666666664,12.37916830674588,191703555.20905304,95824833.33333333,10.0,1.0,7.853981633974483,20.0,2.5,98.17477042468104,8782.261557878492,9.610776124023438,9.85894800101479,50.0,12.131584940610962,2302.786376953125,426.2167428145695,5.208333333333333,0.36638087806051367,161.98924870566304
209,0.908386,1.0,1,1679.1341975818843,0.0,490.34572061344073,9.610776124023438,76.8862089921875,86.49698511621094,1679.1341975818846,599.5824854482111,0.0,569.6033611758007,1.0,0.0,0.0,11.847681824472595,0.0,259.26531451552603,8782.261557878492,9.610776124023438,9.85894800101479,50.0,12.131584940610962,2302.786376953125,12.131584940610962,86.13425307833782,86.13425307833782,0.0,0.0,5.208333333333333,0.36638087806051367,426.2167428145695,161.98924870566304,297.73844212150834,150.0,1.0,2.2726369395961656,0.0,1848.4809294527704,490.34572061344073,477.96655230669484,3212.4457263471454,21.98871280517949,0.0,476.96430600873106,86.13425307833782,97.0526795248877,41.666666666666664,12.37916830674588,191703555.20905304,95824833.33333333,10.0,1.0,7.853981633974483,20.0,2.5,98.17477042468104,8782.261557878492,9.610776124023438,9.85894800101479,50.0,12.131584940610962,2302.786376953125,426.2167428145695,5.208333333333333,0.36638087806051367,161.98924870566304
210,0.902226,1.0,1,1667.7475550564552,0.0,490.34572061344073,9.610776124023438,76.8862089921875,86.49698511621094,1079.5517121336734,0.0,0.0,569.6033611758007,1.0,0.0,0.0,11.847681824472595,0.0,261.5265882704242,8782.261557878492,9.610776124023438,9.85894800101479,50.0,12.131584940610962,2302.786376953125,12.131584940610962,86.13425307833782,86.13425307833782,0.0,0.0,5.208333333333333,0.36638087806051367,426.2167428145695,161.98924870566304,297.73844212150834,150.0,1.0,2.272636939596165,0.0,1848.4809294527704,490.34572061344073,477.96655230669484,3212.4457263471454,21.98871280517949,0.0,476.96430600873106,86.13425307833782,97.0526795248877,41.666666666666664,12.37916830674588,191703555.20905304,95824833.33333333,10.0,1.0,7.853981633974483,20.0,2.5,98.17477042468104,8782.261557878492,9.610776124023438,9.85894800101479,50.0,12.131584940610962,2302.786376953125,426.2167428145695,5.208333333333333,0.36638087806051367,161.98924870566304
211,0.891285,1.0,1,1647.5233252073124,0.0,490.34572061344073,9.610776124023438,76.8862089921875,86.49698511621094,1647.5233252073126,567.9716130736391,0.0,1109.1763935957579,1.0,0.0,0.0,11.847681824472595,0.0,263.7878620252964,8782.261557878492,9.610776124023438,9.85894800101479,50.0,12.131584940610962,2302.786376953125,12.131584940610962,86.13425307833782,86.13425307833782,0.0,0.0,5.208333333333333,0.36638087806051367,426.2167428145695,161.98924870566304,297.73844212150834,150.0,1.0,2.2726369395961656,0.0,1848.4809294527704,490.34572061344073,477.96655230669484,3212.4457263471454,21.98871280517949,0.0,476.96430600873106,86.13425307833782,97.0526795248877,41.666666666666664,12.37916830674588,191703555.20905304,95824833.33333333,10.0,1.0,7.853981633974483,20.0,2.5,98.17477042468104,8782.261557878492,9.610776124023438,9.85894800101479,50.0,12.131584940610962,2302.786376953125,426.2167428145695,5.208333333333333,0.36638087806051367,161.98924870566304
212,0.86225,1.0,1,1593.8526814206512,0.0,490.34572061344073,9.610776124023438,76.8862089921875,86.49698511621094,1593.8526814206512,514.3009692869779,0.0,1597.7623144183867,1.0,0.0,0.0,11.847681824472595,0.0,266.0491357801946,8782.261557878492,9.610776124023438,9.85894800101479,50.0,12.131584940610962,2302.786376953125,12.131584940610962,86.13425307833782,86.13425307833782,0.0,0.0,5.208333333333333,0.36638087806051367,426.2167428145695,161.98924870566304,297.73844212150834,150.0,1.0,2.2726369395961656,0.0,1848.4809294527704,490.34572061344073,477.96655230669484,3212.4457263471454,21.98871280517949,0.0,476.96430600873106,86.13425307833782,97.0526795248877,41.666666666666664,12.37916830674588,191703555.20905304,95824833.33333333,10.0,1.0,7.853981633974483,20.0,2.5,98.17477042468104,8782.261557878492,9.610776124023438,9.85894800101479,50.0,12.131584940610962,2302.786376953125,426.2167428145695,5.208333333333333,0.36638087806051367,161.98924870566304
213,0.8041459999999999,1.0,1,1486.4485454957273,0.0,490.34572061344085,9.61077612402344,76.88620899218752,86.49698511621096,1486.4485454957276,406.8968333620541,0.0,1984.314306112338,0.0,0.0,0.0,11.847681824472597,0.0,268.31040953504055,8782.261557878492,9.610776124023438,9.85894800101479,50.0,12.131584940610962,2302.786376953125,12.131584940610962,86.13425307833782,86.13425307833782,0.0,0.0,5.208333333333333,0.36638087806051367,426.2167428145695,161.98924870566304,297.73844212150834,150.0,1.0,2.2726369395961656,0.0,1848.4809294527704,490.34572061344073,477.96655230669484,3212.4457263471454,21.98871280517949,0.0,476.96430600873106,86.13425307833782,97.0526795248877,41.666666666666664,12.37916830674588,191703555.20905304,95824833.33333333,10.0,1.0,7.853981633974483,20.0,2.5,98.17477042468104,8782.261557878492,9.610776124023438,9.85894800101479,50.0,12.131584940610962,2302.786376953125,426.2167428145695,5.208333333333333,0.36638087806051367,161.98924870566304
214,0.7626430000000001,1.0,1,1409.7310414806493,0.0,490.34572061344085,9.61077612402344,76.88620899218752,86.49698511621096,1409.7310414806493,330.1793293469759,0.0,2297.984668991965,0.0,0.0,0.0,11.847681824472597,0.0,270.57168328993873,8782.261557878492,9.610776124023438,9.85894800101479,50.0,12.131584940610962,2302.786376953125,12.131584940610962,86.13425307833782,86.13425307833782,0.0,0.0,5.208333333333333,0.36638087806051367,426.2167428145695,161.98924870566304,297.73844212150834,150.0,1.0,2.2726369395961656,0.0,1848.4809294527704,490.34572061344073,477.96655230669484,3212.4457263471454,21.98871280517949,0.0,476.96430600873106,86.13425307833782,97.0526795248877,41.666666666666664,12.37916830674588,191703555.20905304,95824833.33333333,10.0,1.0,7.853981633974483,20.0,2.5,98.17477042468104,8782.261557878492,9.610776124023438,9.85894800101479,50.0,12.131584940610962,2302.786376953125,426.2167428145695,5.208333333333333,0.36638087806051367,161.98924870566304
215,0.724076,1.0,1,1338.4406774744443,0.0,490.34572061344073,9.610776124023438,76.8862089921875,86.49698511621094,1079.5517121336734,0.0,0.0,2297.984668991965,1.0,0.0,0.0,11.847681824472597,0.0,272.83295704476944,8782.261557878492,9.610776124023438,9.85894800101479,50.0,12.131584940610962,2302.786376953125,12.131584940610962,86.13425307833782,86.13425307833784,0.0,0.0,5.208333333333333,0.36638087806051367,426.2167428145695,161.98924870566304,297.73844212150834,150.0,1.0,2.2726369395961656,0.0,1848.4809294527704,490.34572061344073,477.96655230669484,3212.4457263471454,21.98871280517949,0.0,476.96430600873106,86.13425307833782,97.0526795248877,41.666666666666664,12.37916830674588,191703555.20905304,95824833.33333333,10.0,1.0,7.853981633974483,20.0,2.5,98.17477042468104,8782.261557878492,9.610776124023438,9.85894800101479,50.0,12.131584940610962,2302.786376953125,426.2167428145695,5.208333333333333,0.36638087806051367,161.98924870566304
216,0.8951720000000001,1.0,1,1654.7083705800956,0.0,490.34572061344073,9.610776124023438,76.8862089921875,86.49698511621094,1079.5517121336734,0.0,0.0,2297.984668991965,1.0,0.0,0.0,11.847681824472597,0.0,275.0942307996676,8782.261557878492,9.610776124023438,9.85894800101479,50.0,12.131584940610962,2302.786376953125,12.131584940610962,86.13425307833782,86.13425307833782,0.0,0.0,5.208333333333333,0.36638087806051367,426.2167428145695,161.98924870566304,297.73844212150834,150.0,1.0,2.2726369395961656,0.0,1848.4809294527704,490.34572061344073,477.96655230669484,3212.4457263471454,21.98871280517949,0.0,476.96430600873106,86.13425307833782,97.0526795248877,41.666666666666664,12.37916830674588,191703555.20905304,95824833.33333333,10.0,1.0,7.853981633974483,20.0,2.5,98.17477042468104,8782.261557878492,9.610776124023438,9.85894800101479,50.0,12.131584940610962,2302.786376953125,426.2167428145695,5.208333333333333,0.36638087806051367,161.98924870566304
217,0.883633,1.0,1,1633.37874913514,0.0,490.34572061344073,9.610776124023438,76.8862089921875,86.49698511621094,1601.9728087311341,522.4210965974606,0.0,2794.2847107595526,1.0,0.0,0.0,11.847681824472597,0.0,277.3555045545658,8782.261557878492,9.610776124023438,9.85894800101479,50.0,12.131584940610962,2302.786376953125,12.131584940610962,86.13425307833782,86.13425307833782,0.0,0.0,5.208333333333333,0.36638087806051367,426.2167428145695,161.98924870566304,297.73844212150834,150.0,1.0,2.2726369395961656,0.0,1848.4809294527704,490.34572061344073,477.96655230669484,3212.4457263471454,21.98871280517949,0.0,476.96430600873106,86.13425307833782,97.0526795248877,41.666666666666664,12.37916830674588,191703555.20905304,95824833.33333333,10.0,1.0,7.853981633974483,20.0,2.5,98.17477042468104,8782.261557878492,9.610776124023438,9.85894800101479,50.0,12.131584940610962,2302.786376953125,426.2167428145695,5.208333333333333,0.36638087806051367,161.98924870566304
218,0.8221459999999999,1.0,1,1519.7212022258773,0.0,490.34572061344073,9.610776124023438,76.8862089921875,86.49698511621094,1519.7212022258773,440.1694900922039,0.0,3212.4457263471463,-0.0,0.0,0.0,11.847681824472597,0.0,279.6167783094112,8782.261557878492,9.610776124023438,9.85894800101479,50.0,12.131584940610962,2302.786376953125,12.131584940610962,86.13425307833782,86.13425307833782,0.0,0.0,5.208333333333333,0.36638087806051367,426.2167428145695,161.98924870566304,297.73844212150834,150.0,1.0,2.2726369395961656,0.0,1848.4809294527704,490.34572061344073,477.96655230669484,3212.4457263471454,21.98871280517949,0.0,476.96430600873106,86.13425307833782,97.0526795248877,41.666666666666664,12.37916830674588,191703555.20905304,95824833.33333333,10.0,1.0,7.853981633974483,20.0,2.5,98.17477042468104,8782.261557878492,9.610776124023438,9.85894800101479,50.0,12.131584940610962,2302.786376953125,426.2167428145695,5.208333333333333,0.36638087806051367,161.98924870566304
219,0.708446,1.0,1,1309.5489205470974,0.0,490.34572061344073,9.610776124023438,76.8862089921875,86.49698511621094,1079.5517121336734,0.0,0.0,3212.4457263471463,1.0,0.0,0.0,11.847681824472597,0.0,281.8780520643094,8782.261557878492,9.610776124023438,9.85894800101479,50.0,12.131584940610962,2302.786376953125,12.131584940610962,86.13425307833782,86.13425307833782,0.0,0.0,5.208333333333333,0.36638087806051367,426.2167428145695,161.98924870566304,297.73844212150834,150.0,1.0,2.2726369395961656,0.0,1848.4809294527704,490.34572061344073,477.96655230669484,3212.4457263471454,21.98871280517949,0.0,476.96430600873106,86.13425307833782,97.0526795248877,41.666666666666664,12.37916830674588,191703555.20905304,95824833.33333333,10.0,1.0,7.853981633974483,20.0,2.5,98.17477042468104,8782.261557878492,9.610776124023438,9.85894800101479,50.0,12.131584940610962,2302.786376953125,426.2167428145695,5.208333333333333,0.36638087806051367,161.98924870566304
220,0.503998,1.0,1,931.6306914823373,0.0,342.1342053922713,6.705830425688518,53.646643405508144,60.35247383119666,931.6306914823373,0.0,0.0,3212.4457263471463,-0.0,0.0,2.904945698334921,8.883451520049212,0.0,284.13932581966816,8782.261557878492,9.610776124023438,9.85894800101479,50.0,12.131584940610962,2302.786376953125,12.131584940610962,86.13425307833782,86.13425307833782,0.0,0.0,5.208333333333333,0.36638087806051367,426.21674281456944,161.98924870566304,297.73844212150834,150.0,1.0,2.272636939596172,0.0,1848.4809294527704,490.34572061344073,477.96655230669484,3212.4457263471454,21.98871280517949,0.0,476.96430600873106,86.13425307833782,97.0526795248877,41.666666666666664,12.37916830674588,191703555.20905304,95824833.33333333,10.0,1.0,7.853981633974483,20.0,2.5,98.17477042468104,8782.261557878492,9.610776124023438,9.85894800101479,50.0,12.131584940610962,2302.786376953125,426.2167428145695,5.208333333333333,0.36638087806051367,161.98924870566304
221,0.345109,1.0,1,637.9274050825161,0.0,126.79378953169243,2.4851582748211714,19.88126619856937,22.36642447339054,716.7123428368438,0.0,78.78493775432776,3129.5142129215383,-0.0,0.0,7.125617849202263,1.6124128984142492,0.0,286.40059957456634,8782.261557878492,9.610776124023435,9.85894800101479,50.0,12.131584940610947,2302.786376953125,12.131584940610947,86.13425307833772,86.13425307833772,0.0,0.0,5.208333333333333,0.36638087806051367,426.21674281456814,161.98924870566304,297.73844212150834,150.0,1.0,2.27263693959615,0.0,1848.4809294527704,490.34572061344073,477.96655230669484,3212.4457263471454,21.98871280517949,0.0,476.96430600873106,86.13425307833782,97.0526795248877,41.666666666666664,12.37916830674588,191703555.20905304,95824833.33333333,10.0,1.0,7.853981633974483,20.0,2.5,98.17477042468104,8782.261557878492,9.610776124023438,9.85894800101479,50.0,12.131584940610962,2302.786376953125,426.2167428145695,5.208333333333333,0.36638087806051367,161.98924870566304
222,0.29934,0.0,1,553.3242814223922,0.0,490.34572061344085,9.61077612402344,76.88620899218752,86.49698511621096,672.5565215671509,0.0,119.23224014475855,3004.0065917165293,1.0,9.610776124023444,0.0,11.030973499957224,0.0,276.4921091212851,0.0,0.0,9.85894800101479,50.0,0.0,0.0,0.0,0.0,0.0,0.0,0.0,5.208333333333333,0.36638087806051367,0.0,161.98924870566304,9080.0,150.0,0.0,0.0,9.85894800101479,1848.4809294527704,490.34572061344073,477.96655230669484,3212.4457263471454,21.98871280517949,0.0,476.96430600873106,86.13425307833782,97.0526795248877,41.666666666666664,12.37916830674588,191703555.20905304,95824833.33333333,10.0,1.0,7.853981633974483,20.0,2.5,98.17477042468104,8782.261557878492,9.610776124023438,9.85894800101479,50.0,12.131584940610962,2302.786376953125,426.2167428145695,5.208333333333333,0.36638087806051367,161.98924870566304
223,0.371245,1.0,1,686.2393026546937,0.0,490.34572061344085,9.61077612402344,76.88620899218752,86.49698511621096,1079.5517121336734,0.0,393.31240947897965,2589.993529107077,-0.0,0.0,0.0,11.030973499957224,0.0,278.7533828761833,8782.261557878492,9.610776124023438,9.85894800101479,50.0,12.131584940610962,2302.786376953125,12.131584940610962,86.13425307833782,86.13425307833782,0.0,0.0,5.208333333333333,0.36638087806051367,426.21674281456944,161.98924870566304,297.73844212150834,150.0,1.0,2.272636939596172,0.0,1848.4809294527704,490.34572061344073,477.96655230669484,3212.4457263471454,21.98871280517949,0.0,476.96430600873106,86.13425307833782,97.0526795248877,41.666666666666664,12.37916830674588,191703555.20905304,95824833.33333333,10.0,1.0,7.853981633974483,20.0,2.5,98.17477042468104,8782.261557878492,9.610776124023438,9.85894800101479,50.0,12.131584940610962,2302.786376953125,426.2167428145695,5.208333333333333,0.36638087806051367,161.98924870566304
224,0.450335,1.0,1,832.4356593651133,0.0,490.34572061344085,9.61077612402344,76.88620899218752,86.49698511621096,1079.5517121336734,0.0,247.1160528032533,2329.871368261547,-0.0,0.0,0.0,11.030973499957224,0.0,281.0146566310815,8782.261557878492,9.610776124023438,9.85894800101479,50.0,12.131584940610962,2302.786376953125,12.131584940610962,86.13425307833782,86.13425307833782,0.0,0.0,5.208333333333333,0.36638087806051367,426.21674281456944,161.98924870566304,297.73844212150834,150.0,1.0,2.272636939596172,0.0,1848.4809294527704,490.34572061344073,477.96655230669484,3212.4457263471454,21.98871280517949,0.0,476.96430600873106,86.13425307833782,97.0526795248877,41.666666666666664,12.37916830674588,191703555.20905304,95824833.33333333,10.0,1.0,7.853981633974483,20.0,2.5,98.17477042468104,8782.261557878492,9.610776124023438,9.85894800101479,50.0,12.131584940610962,2302.786376953125,426.2167428145695,5.208333333333333,0.36638087806051367,161.98924870566304
225,0.465283,1.0,1,860.0667522985734,0.0,270.4297254277797,5.3004226183844825,42.40338094707586,47.70380356546034,860.0667522985734,0.0,0.0,2329.871368261547,-0.0,0.0,4.31035350563895,6.632653596244009,0.0,283.2759303859972,8782.261557878492,9.610776124023433,9.85894800101479,50.0,12.13158494061097,2302.786376953125,12.13158494061097,86.13425307833789,86.13425307833784,0.0,0.0,5.208333333333333,0.36638087806051367,426.21674281456677,161.98924870566304,297.73844212150834,150.0,1.0,2.2726369395961727,0.0,1848.4809294527704,490.34572061344073,477.96655230669484,3212.4457263471454,21.98871280517949,0.0,476.96430600873106,86.13425307833782,97.0526795248877,41.666666666666664,12.37916830674588,191703555.20905304,95824833.33333333,10.0,1.0,7.853981633974483,20.0,2.5,98.17477042468104,8782.261557878492,9.610776124023438,9.85894800101479,50.0,12.131584940610962,2302.786376953125,426.2167428145695,5.208333333333333,0.36638087806051367,161.98924870566304
226,0.4408519999999999,1.0,1,814.9065147111125,0.0,490.34572061344045,9.610776124023433,76.88620899218746,86.4969851162109,1079.5517121336702,0.0,264.6451974225577,2051.297476237802,-0.0,0.0,0.0,6.632653596244008,0.0,285.5372041409046,8782.261557878492,9.610776124023433,9.85894800101479,50.0,12.13158494062016,2302.786376953125,12.13158494062016,86.13425307840313,86.13425307833784,0.0,0.0,5.208333333333333,0.36638087806051367,426.21674281456677,161.98924870566304,297.73844212150834,150.0,1.0,2.272636939605362,0.0,1848.4809294527704,490.34572061344073,477.96655230669484,3212.4457263471454,21.98871280517949,0.0,476.96430600873106,86.13425307833782,97.0526795248877,41.666666666666664,12.37916830674588,191703555.20905304,95824833.33333333,10.0,1.0,7.853981633974483,20.0,2.5,98.17477042468104,8782.261557878492,9.610776124023438,9.85894800101479,50.0,12.131584940610962,2302.786376953125,426.2167428145695,5.208333333333333,0.36638087806051367,161.98924870566304
227,0.404657,1.0,1,748.0007474695697,0.0,490.34572061344056,9.610776124023435,76.88620899218748,86.49698511621091,1079.5517121336716,0.0,331.5509646641021,1702.2964608019051,-0.0,0.0,0.0,6.632653596244008,0.0,287.7984778958115,8782.261557878492,9.610776124023435,9.85894800101479,50.0,12.131584940610944,2302.786376953125,12.131584940610944,86.1342530783377,86.1342530783377,0.0,0.0,5.208333333333333,0.36638087806051367,426.21674281456814,161.98924870566304,297.73844212150834,150.0,1.0,2.272636939596143,0.0,1848.4809294527704,490.34572061344073,477.96655230669484,3212.4457263471454,21.98871280517949,0.0,476.96430600873106,86.13425307833782,97.0526795248877,41.666666666666664,12.37916830674588,191703555.20905304,95824833.33333333,10.0,1.0,7.853981633974483,20.0,2.5,98.17477042468104,8782.261557878492,9.610776124023438,9.85894800101479,50.0,12.131584940610962,2302.786376953125,426.2167428145695,5.208333333333333,0.36638087806051367,161.98924870566304
228,0.378497,1.0,1,699.6444863550852,0.0,490.34572061344085,9.61077612402344,76.88620899218752,86.49698511621096,1079.5517121336734,0.0,379.90722577858816,1302.3941178770756,1.0,0.0,0.0,6.632653596244008,0.0,290.0597516507101,8782.261557878492,9.610776124023438,9.85894800101479,50.0,12.131584940610962,2302.786376953125,12.131584940610962,86.13425307833782,86.13425307833782,0.0,0.0,5.208333333333333,0.36638087806051367,426.21674281456944,161.98924870566304,297.73844212150834,150.0,1.0,2.272636939596592,0.0,1848.4809294527704,490.34572061344073,477.96655230669484,3212.4457263471454,21.98871280517949,0.0,476.96430600873106,86.13425307833782,97.0526795248877,41.666666666666664,12.37916830674588,191703555.20905304,95824833.33333333,10.0,1.0,7.853981633974483,20.0,2.5,98.17477042468104,8782.261557878492,9.610776124023438,9.85894800101479,50.0,12.131584940610962,2302.786376953125,426.2167428145695,5.208333333333333,0.36638087806051367,161.98924870566304
229,0.3458179999999999,1.0,1,639.237978061498,0.0,257.28008742480296,5.042689713526138,40.3415177082091,45.38420742173524,846.9428875860855,0.0,207.70490952458755,1083.7573710090887,0.0,0.0,4.568086410497309,1.9713409324712439,0.0,292.3210254056083,8782.261557878492,9.610776124023447,9.85894800101479,50.0,12.131584940610974,2302.786376953125,12.131584940610974,86.1342530783379,86.13425307833784,0.0,0.0,5.208333333333333,0.36638087806051367,426.2167428145698,161.98924870566304,297.73844212150834,150.0,1.0,2.272636939596173,0.0,1848.4809294527704,490.34572061344073,477.96655230669484,3212.4457263471454,21.98871280517949,0.0,476.96430600873106,86.13425307833782,97.0526795248877,41.666666666666664,12.37916830674588,191703555.20905304,95824833.33333333,10.0,1.0,7.853981633974483,20.0,2.5,98.17477042468104,8782.261557878492,9.610776124023438,9.85894800101479,50.0,12.131584940610962,2302.786376953125,426.2167428145695,5.208333333333333,0.36638087806051367,161.98924870566304
230,0.317511,-0.0,1,586.9130283914785,0.0,407.93281340053994,7.995483142650583,63.963865141204664,71.95934828385525,586.9130283915041,0.0,0.0,1083.7573710090887,1.0,7.995483142650583,0.0,9.806914412268815,0.0,282.4125349523271,0.0,0.0,9.85894800101479,50.0,0.0,0.0,0.0,0.0,0.0,0.0,0.0,5.208333333333333,0.36638087806051367,0.0,161.98924870566304,9080.0,150.0,-0.0,0.0,9.858948001014767,1848.4809294527704,490.34572061344073,477.96655230669484,3212.4457263471454,21.98871280517949,0.0,476.96430600873106,86.13425307833782,97.0526795248877,41.666666666666664,12.37916830674588,191703555.20905304,95824833.33333333,10.0,1.0,7.853981633974483,20.0,2.5,98.17477042468104,8782.261557878492,9.610776124023438,9.85894800101479,50.0,12.131584940610962,2302.786376953125,426.2167428145695,5.208333333333333,0.36638087806051367,161.98924870566304
231,0.289489,1.0,1,535.114895786353,0.0,0.0,0.0,0.0,0.0,590.1670691326336,0.0,55.052173346280256,1025.8077148551095,-0.0,0.0,9.610776124023438,0.0,0.0,284.6738087072253,8782.261557878492,9.610776124023435,9.85894800101479,50.0,12.131584940610947,2302.786376953125,12.131584940610947,86.13425307833772,86.13425307833772,0.0,0.0,5.208333333333333,0.36638087806051367,426.21674281456814,161.98924870566304,297.73844212150834,150.0,1.0,2.27263693959615,0.0,1848.4809294527704,490.34572061344073,477.96655230669484,3212.4457263471454,21.98871280517949,0.0,476.96430600873106,86.13425307833782,97.0526795248877,41.666666666666664,12.37916830674588,191703555.20905304,95824833.33333333,10.0,1.0,7.853981633974483,20.0,2.5,98.17477042468104,8782.261557878492,9.610776124023438,9.85894800101479,50.0,12.131584940610962,2302.786376953125,426.2167428145695,5.208333333333333,0.36638087806051367,161.98924870566304
232,0.252867,-0.0,1,467.4198271879337,0.0,292.9470539667732,5.741762257748754,45.934098061990035,51.67586031973879,467.4198271879337,0.0,0.0,1025.8077148551095,1.0,5.741762257748753,0.0,5.626927012593778,0.0,274.76531825394414,0.0,-0.0,9.85894800101479,50.0,-0.0,0.0,0.0,0.0,0.0,0.0,0.0,5.208333333333333,0.36638087806051367,-0.0,161.98924870566304,9080.0,150.0,0.0,0.0,9.85894800101479,1848.4809294527704,490.34572061344073,477.96655230669484,3212.4457263471454,21.98871280517949,0.0,476.96430600873106,86.13425307833782,97.0526795248877,41.666666666666664,12.37916830674588,191703555.20905304,95824833.33333333,10.0,1.0,7.853981633974483,20.0,2.5,98.17477042468104,8782.261557878492,9.610776124023438,9.85894800101479,50.0,12.131584940610962,2302.786376953125,426.2167428145695,5.208333333333333,0.36638087806051367,161.98924870566304
233,0.226348,-0.0,1,418.39996141977565,0.0,245.77628244237164,4.817215135870484,38.53772108696387,43.354936222834354,418.39996141977565,0.0,0.0,1025.8077148551095,1.0,4.817215135870484,0.0,10.347797845746852,0.0,264.8568278006629,0.0,0.0,9.85894800101479,50.0,0.0,0.0,0.0,0.0,0.0,0.0,0.0,5.208333333333333,0.36638087806051367,0.0,161.98924870566304,9080.0,150.0,-0.0,0.0,9.858948001014788,1848.4809294527704,490.34572061344073,477.96655230669484,3212.4457263471454,21.98871280517949,0.0,476.96430600873106,86.13425307833782,97.0526795248877,41.666666666666664,12.37916830674588,191703555.20905304,95824833.33333333,10.0,1.0,7.853981633974483,20.0,2.5,98.17477042468104,8782.261557878492,9.610776124023438,9.85894800101479,50.0,12.131584940610962,2302.786376953125,426.2167428145695,5.208333333333333,0.36638087806051367,161.98924870566304
234,0.222327,-0.0,1,410.96721960244605,0.0,238.62391348805141,4.677028704365807,37.41622963492646,42.09325833929227,410.96721960244605,0.0,0.0,1025.8077148551095,1.0,4.677028704365807,0.0,14.931285976025343,0.0,254.94833734644072,0.0,0.0,9.85894800101479,50.0,0.0,0.0,0.0,0.0,0.0,0.0,0.0,5.208333333333333,0.36638087806051367,0.0,161.98924870566304,9080.0,150.0,-0.0,0.0,9.85894800101479,1848.4809294527704,490.34572061344073,477.96655230669484,3212.4457263471454,21.98871280517949,0.0,476.96430600873106,86.13425307833782,97.0526795248877,41.666666666666664,12.37916830674588,191703555.20905304,95824833.33333333,10.0,1.0,7.853981633974483,20.0,2.5,98.17477042468104,8782.261557878492,9.610776124023438,9.85894800101479,50.0,12.131584940610962,2302.786376953125,426.2167428145695,5.208333333333333,0.36638087806051367,161.98924870566304
235,0.214494,-0.0,1,396.48806848204254,0.0,224.69093511968774,4.403942328345879,35.23153862676703,39.63548095511291,396.4880684820426,0.0,0.0,1025.8077148551095,1.0,4.403942328345879,0.0,19.247149457804305,0.0,245.03984689315268,0.0,0.0,9.85894800101479,50.0,0.0,0.0,0.0,0.0,0.0,0.0,0.0,5.208333333333333,0.36638087806051367,0.0,161.98924870566304,9080.0,150.0,-0.0,0.0,9.858948001014797,1848.4809294527704,490.34572061344073,477.96655230669484,3212.4457263471454,21.98871280517949,0.0,476.96430600873106,86.13425307833782,97.0526795248877,41.666666666666664,12.37916830674588,191703555.20905304,95824833.33333333,10.0,1.0,7.853981633974483,20.0,2.5,98.17477042468104,8782.261557878492,9.610776124023438,9.85894800101479,50.0,12.131584940610962,2302.786376953125,426.2167428145695,5.208333333333333,0.36638087806051367,161.98924870566304
236,0.202372,1.0,1,374.08078265521607,0.0,0.0,0.0,0.0,0.0,590.1670691326349,0.0,216.08628647741875,798.3484659315108,-0.0,0.0,9.610776124023447,9.44023504553548,0.0,247.30112064805087,8782.261557878492,9.610776124023438,9.85894800101479,50.0,12.131584940610962,2302.786376953125,12.131584940610962,86.13425307833782,86.13425307833782,0.0,0.0,5.208333333333333,0.36638087806051367,426.21674281456944,161.98924870566304,297.73844212150834,150.0,1.0,2.272636939596172,0.0,1848.4809294527704,490.34572061344073,477.96655230669484,3212.4457263471454,21.98871280517949,0.0,476.96430600873106,86.13425307833782,97.0526795248877,41.666666666666664,12.37916830674588,191703555.20905304,95824833.33333333,10.0,1.0,7.853981633974483,20.0,2.5,98.17477042468104,8782.261557878492,9.610776124023438,9.85894800101479,50.0,12.131584940610962,2302.786376953125,426.2167428145695,5.208333333333333,0.36638087806051367,161.98924870566304
237,0.200547,1.0,1,370.70730495896476,0.0,490.34572061344085,9.61077612402344,76.88620899218752,86.49698511621096,1079.551712133672,0.0,708.8444071747073,52.196458379187334,0.0,0.0,0.0,9.440235045535486,0.0,249.56239440294905,8782.261557878492,9.610776124023435,9.85894800101479,50.0,12.131584940610962,2302.786376953125,12.131584940610962,86.13425307833782,86.13425307833782,0.0,0.0,5.208333333333333,0.36638087806051367,426.21674281456814,161.98924870566304,297.73844212150834,150.0,1.0,2.272636939596166,0.0,1848.4809294527704,490.34572061344073,477.96655230669484,3212.4457263471454,21.98871280517949,0.0,476.96430600873106,86.13425307833782,97.0526795248877,41.666666666666664,12.37916830674588,191703555.20905304,95824833.33333333,10.0,1.0,7.853981633974483,20.0,2.5,98.17477042468104,8782.261557878492,9.610776124023438,9.85894800101479,50.0,12.131584940610962,2302.786376953125,426.2167428145695,5.208333333333333,0.36638087806051367,161.98924870566304
238,0.223768,0.0,1,413.6308806217875,0.0,288.9032596000312,5.662503888160612,45.300031105284894,50.96253499344551,463.2175160820155,0.0,49.58663546022797,0.0,1.0,5.662503888160612,0.0,14.989488855932887,0.0,239.6539039508209,0.0,0.0,9.85894800101479,50.0,0.0,0.0,0.0,0.0,0.0,0.0,0.0,5.208333333333333,0.36638087806051367,0.0,161.98924870566304,9080.0,150.0,0.0,0.0,9.85894800101479,1848.4809294527704,490.34572061344073,477.96655230669484,3212.4457263471454,21.98871280517949,0.0,476.96430600873106,86.13425307833782,97.0526795248877,41.666666666666664,12.37916830674588,191703555.20905304,95824833.33333333,10.0,1.0,7.853981633974483,20.0,2.5,98.17477042468104,8782.261557878492,9.610776124023438,9.85894800101479,50.0,12.131584940610962,2302.786376953125,426.2167428145695,5.208333333333333,0.36638087806051367,161.98924870566304
239,0.274439,-0.0,1,507.2952577980888,0.0,331.31833053543664,6.493839278494558,51.95071422795647,58.44455350645103,507.2952577980888,0.0,0.0,0.0,1.0,6.493839278494558,0.0,21.353451348857554,0.0,229.7454134975397,0.0,0.0,9.85894800101479,50.0,0.0,0.0,0.0,0.0,0.0,0.0,0.0,5.208333333333333,0.36638087806051367,0.0,161.98924870566304,9080.0,150.0,-0.0,0.0,9.858948001014797,1848.4809294527704,490.34572061344073,477.96655230669484,3212.4457263471454,21.98871280517949,0.0,476.96430600873106,86.13425307833782,97.0526795248877,41.666666666666664,12.37916830674588,191703555.20905304,95824833.33333333,10.0,1.0,7.853981633974483,20.0,2.5,98.17477042468104,8782.261557878492,9.610776124023438,9.85894800101479,50.0,12.131584940610962,2302.786376953125,426.2167428145695,5.208333333333333,0.36638087806051367,161.98924870566304
240,0.85988,1.0,1,1589.4717816178481,0.0,490.34572061344073,9.610776124023438,76.8862089921875,86.49698511621094,1079.5517121336734,0.0,0.0,0.0,1.0,0.0,0.0,21.353451348857554,0.0,232.00668725243787,8782.261557878492,9.610776124023438,9.85894800101479,50.0,12.131584940610962,2302.786376953125,12.131584940610962,86.13425307833782,86.13425307833782,0.0,0.0,5.208333333333333,0.36638087806051367,426.2167428145695,161.98924870566304,297.73844212150834,150.0,1.0,2.2726369395961656,0.0,1848.4809294527704,490.34572061344073,477.96655230669484,3212.4457263471454,21.98871280517949,0.0,476.96430600873106,86.13425307833782,97.0526795248877,41.666666666666664,12.37916830674588,191703555.20905304,95824833.33333333,10.0,1.0,7.853981633974483,20.0,2.5,98.17477042468104,8782.261557878492,9.610776124023438,9.85894800101479,50.0,12.131584940610962,2302.786376953125,426.2167428145695,5.208333333333333,0.36638087806051367,161.98924870566304
241,0.896046,1.0,1,1656.3239429124371,0.0,490.34572061344073,9.610776124023438,76.8862089921875,86.49698511621094,1079.5517121336734,0.0,0.0,0.0,1.0,0.0,0.0,21.353451348857554,0.0,234.26796100733605,8782.261557878492,9.610776124023438,9.85894800101479,50.0,12.131584940610962,2302.786376953125,12.131584940610962,86.13425307833782,86.13425307833782,0.0,0.0,5.208333333333333,0.36638087806051367,426.2167428145695,161.98924870566304,297.73844212150834,150.0,1.0,2.2726369395961656,0.0,1848.4809294527704,490.34572061344073,477.96655230669484,3212.4457263471454,21.98871280517949,0.0,476.96430600873106,86.13425307833782,97.0526795248877,41.666666666666664,12.37916830674588,191703555.20905304,95824833.33333333,10.0,1.0,7.853981633974483,20.0,2.5,98.17477042468104,8782.261557878492,9.610776124023438,9.85894800101479,50.0,12.131584940610962,2302.786376953125,426.2167428145695,5.208333333333333,0.36638087806051367,161.98924870566304
242,0.929645,1.0,1,1718.4310536611208,0.0,490.34572061344073,9.610776124023438,76.8862089921875,86.49698511621094,1079.5517121336734,0.0,0.0,0.0,1.0,0.0,0.0,21.353451348857554,0.0,236.52923476223424,8782.261557878492,9.610776124023438,9.85894800101479,50.0,12.131584940610962,2302.786376953125,12.131584940610962,86.13425307833782,86.13425307833782,0.0,0.0,5.208333333333333,0.36638087806051367,426.2167428145695,161.98924870566304,297.73844212150834,150.0,1.0,2.2726369395961656,0.0,1848.4809294527704,490.34572061344073,477.96655230669484,3212.4457263471454,21.98871280517949,0.0,476.96430600873106,86.13425307833782,97.0526795248877,41.666666666666664,12.37916830674588,191703555.20905304,95824833.33333333,10.0,1.0,7.853981633974483,20.0,2.5,98.17477042468104,8782.261557878492,9.610776124023438,9.85894800101479,50.0,12.131584940610962,2302.786376953125,426.2167428145695,5.208333333333333,0.36638087806051367,161.98924870566304
243,0.962762,1.0,1,1779.6471966018082,0.0,490.34572061344073,9.610776124023438,76.8862089921875,86.49698511621094,1079.5517121336734,0.0,0.0,0.0,1.0,0.0,0.0,21.353451348857554,0.0,238.79050851713242,8782.261557878492,9.610776124023438,9.85894800101479,50.0,12.131584940610962,2302.786376953125,12.131584940610962,86.13425307833782,86.13425307833782,0.0,0.0,5.208333333333333,0.36638087806051367,426.2167428145695,161.98924870566304,297.73844212150834,150.0,1.0,2.2726369395961656,0.0,1848.4809294527704,490.34572061344073,477.96655230669484,3212.4457263471454,21.98871280517949,0.0,476.96430600873106,86.13425307833782,97.0526795248877,41.666666666666664,12.37916830674588,191703555.20905304,95824833.33333333,10.0,1.0,7.853981633974483,20.0,2.5,98.17477042468104,8782.261557878492,9.610776124023438,9.85894800101479,50.0,12.131584940610962,2302.786376953125,426.2167428145695,5.208333333333333,0.36638087806051367,161.98924870566304
244,0.984271,1.0,1,1819.4061729134078,0.0,490.34572061344073,9.610776124023438,76.8862089921875,86.49698511621094,1079.5517121336734,0.0,0.0,0.0,1.0,0.0,0.0,21.353451348857554,0.0,241.0517822720306,8782.261557878492,9.610776124023438,9.85894800101479,50.0,12.131584940610962,2302.786376953125,12.131584940610962,86.13425307833782,86.13425307833782,0.0,0.0,5.208333333333333,0.36638087806051367,426.2167428145695,161.98924870566304,297.73844212150834,150.0,1.0,2.2726369395961656,0.0,1848.4809294527704,490.34572061344073,477.96655230669484,3212.4457263471454,21.98871280517949,0.0,476.96430600873106,86.13425307833782,97.0526795248877,41.666666666666664,12.37916830674588,191703555.20905304,95824833.33333333,10.0,1.0,7.853981633974483,20.0,2.5,98.17477042468104,8782.261557878492,9.610776124023438,9.85894800101479,50.0,12.131584940610962,2302.786376953125,426.2167428145695,5.208333333333333,0.36638087806051367,161.98924870566304
245,0.989076,1.0,1,1828.2881237794284,0.0,490.34572061344073,9.610776124023438,76.8862089921875,86.49698511621094,1079.5517121336734,0.0,0.0,0.0,1.0,0.0,0.0,21.353451348857554,0.0,243.3130560269288,8782.261557878492,9.610776124023438,9.85894800101479,50.0,12.131584940610962,2302.786376953125,12.131584940610962,86.13425307833782,86.13425307833782,0.0,0.0,5.208333333333333,0.36638087806051367,426.2167428145695,161.98924870566304,297.73844212150834,150.0,1.0,2.2726369395961656,0.0,1848.4809294527704,490.34572061344073,477.96655230669484,3212.4457263471454,21.98871280517949,0.0,476.96430600873106,86.13425307833782,97.0526795248877,41.666666666666664,12.37916830674588,191703555.20905304,95824833.33333333,10.0,1.0,7.853981633974483,20.0,2.5,98.17477042468104,8782.261557878492,9.610776124023438,9.85894800101479,50.0,12.131584940610962,2302.786376953125,426.2167428145695,5.208333333333333,0.36638087806051367,161.98924870566304
246,0.986599,1.0,1,1823.7094365171738,0.0,490.34572061344073,9.610776124023438,76.8862089921875,86.49698511621094,1079.5517121336734,0.0,0.0,0.0,1.0,0.0,0.0,21.353451348857554,0.0,245.57432978182698,8782.261557878492,9.610776124023438,9.85894800101479,50.0,12.131584940610962,2302.786376953125,12.131584940610962,86.13425307833782,86.13425307833782,0.0,0.0,5.208333333333333,0.36638087806051367,426.2167428145695,161.98924870566304,297.73844212150834,150.0,1.0,2.2726369395961656,0.0,1848.4809294527704,490.34572061344073,477.96655230669484,3212.4457263471454,21.98871280517949,0.0,476.96430600873106,86.13425307833782,97.0526795248877,41.666666666666664,12.37916830674588,191703555.20905304,95824833.33333333,10.0,1.0,7.853981633974483,20.0,2.5,98.17477042468104,8782.261557878492,9.610776124023438,9.85894800101479,50.0,12.131584940610962,2302.786376953125,426.2167428145695,5.208333333333333,0.36638087806051367,161.98924870566304
247,0.986981,1.0,1,1824.4155562322248,0.0,490.34572061344073,9.610776124023438,76.8862089921875,86.49698511621094,1079.5517121336734,0.0,0.0,0.0,1.0,0.0,0.0,21.353451348857554,0.0,247.83560353672516,8782.261557878492,9.610776124023438,9.85894800101479,50.0,12.131584940610962,2302.786376953125,12.131584940610962,86.13425307833782,86.13425307833782,0.0,0.0,5.208333333333333,0.36638087806051367,426.2167428145695,161.98924870566304,297.73844212150834,150.0,1.0,2.2726369395961656,0.0,1848.4809294527704,490.34572061344073,477.96655230669484,3212.4457263471454,21.98871280517949,0.0,476.96430600873106,86.13425307833782,97.0526795248877,41.666666666666664,12.37916830674588,191703555.20905304,95824833.33333333,10.0,1.0,7.853981633974483,20.0,2.5,98.17477042468104,8782.261557878492,9.610776124023438,9.85894800101479,50.0,12.131584940610962,2302.786376953125,426.2167428145695,5.208333333333333,0.36638087806051367,161.98924870566304
248,0.989092,1.0,1,1828.3176994742996,0.0,490.34572061344073,9.610776124023438,76.8862089921875,86.49698511621094,1079.5517121336734,0.0,0.0,0.0,1.0,0.0,0.0,21.353451348857554,0.0,250.09687729162334,8782.261557878492,9.610776124023438,9.85894800101479,50.0,12.131584940610962,2302.786376953125,12.131584940610962,86.13425307833782,86.13425307833782,0.0,0.0,5.208333333333333,0.36638087806051367,426.2167428145695,161.98924870566304,297.73844212150834,150.0,1.0,2.2726369395961656,0.0,1848.4809294527704,490.34572061344073,477.96655230669484,3212.4457263471454,21.98871280517949,0.0,476.96430600873106,86.13425307833782,97.0526795248877,41.666666666666664,12.37916830674588,191703555.20905304,95824833.33333333,10.0,1.0,7.853981633974483,20.0,2.5,98.17477042468104,8782.261557878492,9.610776124023438,9.85894800101479,50.0,12.131584940610962,2302.786376953125,426.2167428145695,5.208333333333333,0.36638087806051367,161.98924870566304
249,0.985266,1.0,1,1821.2454114382133,0.0,490.34572061344073,9.610776124023438,76.8862089921875,86.49698511621094,1079.5517121336734,0.0,0.0,0.0,1.0,0.0,0.0,21.353451348857554,0.0,252.35815104652153,8782.261557878492,9.610776124023438,9.85894800101479,50.0,12.131584940610962,2302.786376953125,12.131584940610962,86.13425307833782,86.13425307833782,0.0,0.0,5.208333333333333,0.36638087806051367,426.2167428145695,161.98924870566304,297.73844212150834,150.0,1.0,2.272636939596165,0.0,1848.4809294527704,490.34572061344073,477.96655230669484,3212.4457263471454,21.98871280517949,0.0,476.96430600873106,86.13425307833782,97.0526795248877,41.666666666666664,12.37916830674588,191703555.20905304,95824833.33333333,10.0,1.0,7.853981633974483,20.0,2.5,98.17477042468104,8782.261557878492,9.610776124023438,9.85894800101479,50.0,12.131584940610962,2302.786376953125,426.2167428145695,5.208333333333333,0.36638087806051367,161.98924870566304
250,0.974093,1.0,1,1800.5923340134375,0.0,490.34572061344073,9.610776124023438,76.8862089921875,86.49698511621094,1079.5517121336734,0.0,0.0,0.0,1.0,0.0,0.0,21.353451348857554,0.0,254.6194248014197,8782.261557878492,9.610776124023438,9.85894800101479,50.0,12.131584940610962,2302.786376953125,12.131584940610962,86.13425307833782,86.13425307833782,0.0,0.0,5.208333333333333,0.36638087806051367,426.2167428145695,161.98924870566304,297.73844212150834,150.0,1.0,2.2726369395961656,0.0,1848.4809294527704,490.34572061344073,477.96655230669484,3212.4457263471454,21.98871280517949,0.0,476.96430600873106,86.13425307833782,97.0526795248877,41.666666666666664,12.37916830674588,191703555.20905304,95824833.33333333,10.0,1.0,7.853981633974483,20.0,2.5,98.17477042468104,8782.261557878492,9.610776124023438,9.85894800101479,50.0,12.131584940610962,2302.786376953125,426.2167428145695,5.208333333333333,0.36638087806051367,161.98924870566304
251,0.969485,1.0,1,1792.0745338905192,0.0,490.34572061344073,9.610776124023438,76.8862089921875,86.49698511621094,1079.5517121336734,0.0,0.0,0.0,1.0,0.0,0.0,21.353451348857554,0.0,256.8806985563179,8782.261557878492,9.610776124023438,9.85894800101479,50.0,12.131584940610962,2302.786376953125,12.131584940610962,86.13425307833782,86.13425307833776,0.0,0.0,5.208333333333333,0.36638087806051367,426.2167428145695,161.98924870566304,297.73844212150834,150.0,1.0,2.2726369395961656,0.0,1848.4809294527704,490.34572061344073,477.96655230669484,3212.4457263471454,21.98871280517949,0.0,476.96430600873106,86.13425307833782,97.0526795248877,41.666666666666664,12.37916830674588,191703555.20905304,95824833.33333333,10.0,1.0,7.853981633974483,20.0,2.5,98.17477042468104,8782.261557878492,9.610776124023438,9.85894800101479,50.0,12.131584940610962,2302.786376953125,426.2167428145695,5.208333333333333,0.36638087806051367,161.98924870566304
252,0.969799,1.0,1,1792.6549569023673,0.0,490.34572061344073,9.610776124023438,76.8862089921875,86.49698511621094,1079.5517121336734,0.0,0.0,0.0,1.0,0.0,0.0,21.353451348857554,0.0,259.1419723112161,8782.261557878492,9.610776124023438,9.85894800101479,50.0,12.131584940610962,2302.786376953125,12.131584940610962,86.13425307833782,86.13425307833782,0.0,0.0,5.208333333333333,0.36638087806051367,426.2167428145695,161.98924870566304,297.73844212150834,150.0,1.0,2.2726369395961656,0.0,1848.4809294527704,490.34572061344073,477.96655230669484,3212.4457263471454,21.98871280517949,0.0,476.96430600873106,86.13425307833782,97.0526795248877,41.666666666666664,12.37916830674588,191703555.20905304,95824833.33333333,10.0,1.0,7.853981633974483,20.0,2.5,98.17477042468104,8782.261557878492,9.610776124023438,9.85894800101479,50.0,12.131584940610962,2302.786376953125,426.2167428145695,5.208333333333333,0.36638087806051367,161.98924870566304
253,0.976973,1.0,1,1805.9159590902614,0.0,490.34572061344073,9.610776124023438,76.8862089921875,86.49698511621094,1165.6859652120113,0.0,0.0,0.0,1.0,0.0,0.0,21.353451348857554,0.0,261.40324606611426,8782.261557878492,9.610776124023438,9.85894800101479,50.0,12.131584940610962,2302.786376953125,12.131584940610962,86.13425307833782,0.0,86.13425307833782,86.13425307833782,5.208333333333333,0.36638087806051367,426.2167428145695,161.98924870566304,297.73844212150834,150.0,1.0,2.2726369395961656,0.0,1848.4809294527704,490.34572061344073,477.96655230669484,3212.4457263471454,21.98871280517949,0.0,476.96430600873106,86.13425307833782,97.0526795248877,41.666666666666664,12.37916830674588,191703555.20905304,95824833.33333333,10.0,1.0,7.853981633974483,20.0,2.5,98.17477042468104,8782.261557878492,9.610776124023438,9.85894800101479,50.0,12.131584940610962,2302.786376953125,426.2167428145695,5.208333333333333,0.36638087806051367,161.98924870566304
254,0.978774,1.0,1,1809.245073244206,0.0,490.34572061344073,9.610776124023438,76.8862089921875,86.49698511621094,1165.6859652120113,0.0,0.0,0.0,1.0,0.0,0.0,21.353451348857554,0.0,263.66451982101245,8782.261557878492,9.610776124023438,9.85894800101479,50.0,12.131584940610962,2302.786376953125,12.131584940610962,86.13425307833782,0.0,86.13425307833782,86.13425307833782,5.208333333333333,0.36638087806051367,426.2167428145695,161.98924870566304,297.73844212150834,150.0,1.0,2.2726369395961656,0.0,1848.4809294527704,490.34572061344073,477.96655230669484,3212.4457263471454,21.98871280517949,0.0,476.96430600873106,86.13425307833782,97.0526795248877,41.666666666666664,12.37916830674588,191703555.20905304,95824833.33333333,10.0,1.0,7.853981633974483,20.0,2.5,98.17477042468104,8782.261557878492,9.610776124023438,9.85894800101479,50.0,12.131584940610962,2302.786376953125,426.2167428145695,5.208333333333333,0.36638087806051367,161.98924870566304
255,0.975325,1.0,1,1802.8696625185232,0.0,490.34572061344073,9.610776124023438,76.8862089921875,86.49698511621094,1079.5517121336734,0.0,0.0,0.0,1.0,0.0,0.0,21.353451348857554,0.0,265.92579357591063,8782.261557878492,9.610776124023438,9.85894800101479,50.0,12.131584940610962,2302.786376953125,12.131584940610962,86.13425307833782,86.13425307833782,0.0,0.0,5.208333333333333,0.36638087806051367,426.2167428145695,161.98924870566304,297.73844212150834,150.0,1.0,2.2726369395961656,0.0,1848.4809294527704,490.34572061344073,477.96655230669484,3212.4457263471454,21.98871280517949,0.0,476.96430600873106,86.13425307833782,97.0526795248877,41.666666666666664,12.37916830674588,191703555.20905304,95824833.33333333,10.0,1.0,7.853981633974483,20.0,2.5,98.17477042468104,8782.261557878492,9.610776124023438,9.85894800101479,50.0,12.131584940610962,2302.786376953125,426.2167428145695,5.208333333333333,0.36638087806051367,161.98924870566304
256,0.979739,1.0,1,1811.0288573411278,0.0,490.34572061344073,9.610776124023438,76.8862089921875,86.49698511621094,1079.5517121336734,0.0,0.0,0.0,1.0,0.0,0.0,21.353451348857554,0.0,268.1870673308088,8782.261557878492,9.610776124023438,9.85894800101479,50.0,12.131584940610962,2302.786376953125,12.131584940610962,86.13425307833782,86.13425307833782,0.0,0.0,5.208333333333333,0.36638087806051367,426.2167428145695,161.98924870566304,297.73844212150834,150.0,1.0,2.2726369395961656,0.0,1848.4809294527704,490.34572061344073,477.96655230669484,3212.4457263471454,21.98871280517949,0.0,476.96430600873106,86.13425307833782,97.0526795248877,41.666666666666664,12.37916830674588,191703555.20905304,95824833.33333333,10.0,1.0,7.853981633974483,20.0,2.5,98.17477042468104,8782.261557878492,9.610776124023438,9.85894800101479,50.0,12.131584940610962,2302.786376953125,426.2167428145695,5.208333333333333,0.36638087806051367,161.98924870566304
257,0.987145,1.0,1,1824.718707104655,0.0,490.34572061344073,9.610776124023438,76.8862089921875,86.49698511621094,1079.5517121336734,0.0,0.0,0.0,1.0,0.0,0.0,21.353451348857554,0.0,270.448341085707,8782.261557878492,9.610776124023438,9.85894800101479,50.0,12.131584940610962,2302.786376953125,12.131584940610962,86.13425307833782,86.13425307833782,0.0,0.0,5.208333333333333,0.36638087806051367,426.2167428145695,161.98924870566304,297.73844212150834,150.0,1.0,2.2726369395961656,0.0,1848.4809294527704,490.34572061344073,477.96655230669484,3212.4457263471454,21.98871280517949,0.0,476.96430600873106,86.13425307833782,97.0526795248877,41.666666666666664,12.37916830674588,191703555.20905304,95824833.33333333,10.0,1.0,7.853981633974483,20.0,2.5,98.17477042468104,8782.261557878492,9.610776124023438,9.85894800101479,50.0,12.131584940610962,2302.786376953125,426.2167428145695,5.208333333333333,0.36638087806051367,161.98924870566304
258,0.988559,1.0,1,1827.3324591389012,0.0,490.34572061344073,9.610776124023438,76.8862089921875,86.49698511621094,1079.5517121336734,0.0,0.0,0.0,1.0,0.0,0.0,21.353451348857554,0.0,272.7096148406052,8782.261557878492,9.610776124023438,9.85894800101479,50.0,12.131584940610962,2302.786376953125,12.131584940610962,86.13425307833782,86.13425307833782,0.0,0.0,5.208333333333333,0.36638087806051367,426.2167428145695,161.98924870566304,297.73844212150834,150.0,1.0,2.2726369395961656,0.0,1848.4809294527704,490.34572061344073,477.96655230669484,3212.4457263471454,21.98871280517949,0.0,476.96430600873106,86.13425307833782,97.0526795248877,41.666666666666664,12.37916830674588,191703555.20905304,95824833.33333333,10.0,1.0,7.853981633974483,20.0,2.5,98.17477042468104,8782.261557878492,9.610776124023438,9.85894800101479,50.0,12.131584940610962,2302.786376953125,426.2167428145695,5.208333333333333,0.36638087806051367,161.98924870566304
259,0.986661,1.0,1,1823.8240423348,0.0,490.34572061344073,9.610776124023438,76.8862089921875,86.49698511621094,1079.5517121336734,0.0,0.0,0.0,1.0,0.0,0.0,21.353451348857554,0.0,274.97088859550337,8782.261557878492,9.610776124023438,9.85894800101479,50.0,12.131584940610962,2302.786376953125,12.131584940610962,86.13425307833782,86.13425307833782,0.0,0.0,5.208333333333333,0.36638087806051367,426.2167428145695,161.98924870566304,297.73844212150834,150.0,1.0,2.272636939596165,0.0,1848.4809294527704,490.34572061344073,477.96655230669484,3212.4457263471454,21.98871280517949,0.0,476.96430600873106,86.13425307833782,97.0526795248877,41.666666666666664,12.37916830674588,191703555.20905304,95824833.33333333,10.0,1.0,7.853981633974483,20.0,2.5,98.17477042468104,8782.261557878492,9.610776124023438,9.85894800101479,50.0,12.131584940610962,2302.786376953125,426.2167428145695,5.208333333333333,0.36638087806051367,161.98924870566304
260,0.982194,1.0,1,1815.5668780229344,0.0,490.34572061344073,9.610776124023438,76.8862089921875,86.49698511621094,1456.192360229834,376.6406480961607,0.0,357.80861569135266,1.0,0.0,0.0,21.353451348857554,0.0,277.23216235040155,8782.261557878492,9.610776124023438,9.85894800101479,50.0,12.131584940610962,2302.786376953125,12.131584940610962,86.13425307833782,86.13425307833782,0.0,0.0,5.208333333333333,0.36638087806051367,426.2167428145695,161.98924870566304,297.73844212150834,150.0,1.0,2.2726369395961656,0.0,1848.4809294527704,490.34572061344073,477.96655230669484,3212.4457263471454,21.98871280517949,0.0,476.96430600873106,86.13425307833782,97.0526795248877,41.666666666666664,12.37916830674588,191703555.20905304,95824833.33333333,10.0,1.0,7.853981633974483,20.0,2.5,98.17477042468104,8782.261557878492,9.610776124023438,9.85894800101479,50.0,12.131584940610962,2302.786376953125,426.2167428145695,5.208333333333333,0.36638087806051367,161.98924870566304
261,0.975078,1.0,1,1802.4130877289485,0.0,490.34572061344073,9.610776124023438,76.8862089921875,86.49698511621094,1079.5517121336734,0.0,0.0,357.80861569135266,1.0,0.0,0.0,21.353451348857554,0.0,279.49343610529974,8782.261557878492,9.610776124023438,9.85894800101479,50.0,12.131584940610962,2302.786376953125,12.131584940610962,86.13425307833782,86.13425307833782,0.0,0.0,5.208333333333333,0.36638087806051367,426.2167428145695,161.98924870566304,297.73844212150834,150.0,1.0,2.2726369395961656,0.0,1848.4809294527704,490.34572061344073,477.96655230669484,3212.4457263471454,21.98871280517949,0.0,476.96430600873106,86.13425307833782,97.0526795248877,41.666666666666664,12.37916830674588,191703555.20905304,95824833.33333333,10.0,1.0,7.853981633974483,20.0,2.5,98.17477042468104,8782.261557878492,9.610776124023438,9.85894800101479,50.0,12.131584940610962,2302.786376953125,426.2167428145695,5.208333333333333,0.36638087806051367,161.98924870566304
262,0.974311,1.0,1,1800.9953028560583,0.0,490.34572061344073,9.610776124023438,76.8862089921875,86.49698511621094,1079.5517121336734,0.0,0.0,357.80861569135266,1.0,0.0,0.0,21.353451348857554,0.0,281.7547098601979,8782.261557878492,9.610776124023438,9.85894800101479,50.0,12.131584940610962,2302.786376953125,12.131584940610962,86.13425307833782,86.13425307833782,0.0,0.0,5.208333333333333,0.36638087806051367,426.2167428145695,161.98924870566304,297.73844212150834,150.0,1.0,2.2726369395961656,0.0,1848.4809294527704,490.34572061344073,477.96655230669484,3212.4457263471454,21.98871280517949,0.0,476.96430600873106,86.13425307833782,97.0526795248877,41.666666666666664,12.37916830674588,191703555.20905304,95824833.33333333,10.0,1.0,7.853981633974483,20.0,2.5,98.17477042468104,8782.261557878492,9.610776124023438,9.85894800101479,50.0,12.131584940610962,2302.786376953125,426.2167428145695,5.208333333333333,0.36638087806051367,161.98924870566304
263,0.97831,1.0,1,1808.3873780929398,0.0,490.34572061344073,9.610776124023438,76.8862089921875,86.49698511621094,1079.5517121336734,0.0,0.0,357.80861569135266,1.0,0.0,0.0,21.353451348857554,0.0,284.0159836150961,8782.261557878492,9.610776124023438,9.85894800101479,50.0,12.131584940610962,2302.786376953125,12.131584940610962,86.13425307833782,86.13425307833782,0.0,0.0,5.208333333333333,0.36638087806051367,426.2167428145695,161.98924870566304,297.73844212150834,150.0,1.0,2.2726369395961656,0.0,1848.4809294527704,490.34572061344073,477.96655230669484,3212.4457263471454,21.98871280517949,0.0,476.96430600873106,86.13425307833782,97.0526795248877,41.666666666666664,12.37916830674588,191703555.20905304,95824833.33333333,10.0,1.0,7.853981633974483,20.0,2.5,98.17477042468104,8782.261557878492,9.610776124023438,9.85894800101479,50.0,12.131584940610962,2302.786376953125,426.2167428145695,5.208333333333333,0.36638087806051367,161.98924870566304
264,0.913442,1.0,1,1688.4801171611975,0.0,490.34572061344073,9.610776124023438,76.8862089921875,86.49698511621094,1079.5517121336734,0.0,0.0,357.80861569135266,1.0,0.0,0.0,21.353451348857554,0.0,286.2772573699943,8782.261557878492,9.610776124023438,9.85894800101479,50.0,12.131584940610962,2302.786376953125,12.131584940610962,86.13425307833782,86.13425307833782,0.0,0.0,5.208333333333333,0.36638087806051367,426.2167428145695,161.98924870566304,297.73844212150834,150.0,1.0,2.2726369395961656,0.0,1848.4809294527704,490.34572061344073,477.96655230669484,3212.4457263471454,21.98871280517949,0.0,476.96430600873106,86.13425307833782,97.0526795248877,41.666666666666664,12.37916830674588,191703555.20905304,95824833.33333333,10.0,1.0,7.853981633974483,20.0,2.5,98.17477042468104,8782.261557878492,9.610776124023438,9.85894800101479,50.0,12.131584940610962,2302.786376953125,426.2167428145695,5.208333333333333,0.36638087806051367,161.98924870566304
265,0.916818,1.0,1,1694.72058877903,0.0,490.34572061344073,9.610776124023438,76.8862089921875,86.49698511621094,1079.5517121336734,0.0,0.0,357.80861569135266,1.0,0.0,0.0,21.353451348857554,0.0,288.5385311248925,8782.261557878492,9.610776124023438,9.85894800101479,50.0,12.131584940610962,2302.786376953125,12.131584940610962,86.13425307833782,86.13425307833782,0.0,0.0,5.208333333333333,0.36638087806051367,426.2167428145695,161.98924870566304,297.73844212150834,150.0,1.0,2.2726369395961656,0.0,1848.4809294527704,490.34572061344073,477.96655230669484,3212.4457263471454,21.98871280517949,0.0,476.96430600873106,86.13425307833782,97.0526795248877,41.666666666666664,12.37916830674588,191703555.20905304,95824833.33333333,10.0,1.0,7.853981633974483,20.0,2.5,98.17477042468104,8782.261557878492,9.610776124023438,9.85894800101479,50.0,12.131584940610962,2302.786376953125,426.2167428145695,5.208333333333333,0.36638087806051367,161.98924870566304
266,0.917991,1.0,1,1696.888856909278,0.0,490.34572061344073,9.610776124023438,76.8862089921875,86.49698511621094,1079.5517121336734,0.0,0.0,357.80861569135266,1.0,0.0,0.0,21.353451348857554,0.0,290.79980487979066,8782.261557878492,9.610776124023438,9.85894800101479,50.0,12.131584940610962,2302.786376953125,12.131584940610962,86.13425307833782,86.13425307833782,0.0,0.0,5.208333333333333,0.36638087806051367,426.2167428145695,161.98924870566304,297.73844212150834,150.0,1.0,2.2726369395961656,0.0,1848.4809294527704,490.34572061344073,477.96655230669484,3212.4457263471454,21.98871280517949,0.0,476.96430600873106,86.13425307833782,97.0526795248877,41.666666666666664,12.37916830674588,191703555.20905304,95824833.33333333,10.0,1.0,7.853981633974483,20.0,2.5,98.17477042468104,8782.261557878492,9.610776124023438,9.85894800101479,50.0,12.131584940610962,2302.786376953125,426.2167428145695,5.208333333333333,0.36638087806051367,161.98924870566304
267,0.916513,1.0,1,1694.156802095547,0.0,490.34572061344073,9.610776124023438,76.8862089921875,86.49698511621094,1694.156802095554,614.6050899618806,0.0,941.6834511551392,1.0,0.0,0.0,21.353451348857554,0.0,293.06107863468884,8782.261557878492,9.610776124023438,9.85894800101479,50.0,12.131584940610962,2302.786376953125,12.131584940610962,86.13425307833782,86.13425307833784,0.0,0.0,5.208333333333333,0.36638087806051367,426.2167428145695,161.98924870566304,297.73844212150834,150.0,1.0,2.2726369395961656,0.0,1848.4809294527704,490.34572061344073,477.96655230669484,3212.4457263471454,21.98871280517949,0.0,476.96430600873106,86.13425307833782,97.0526795248877,41.666666666666664,12.37916830674588,191703555.20905304,95824833.33333333,10.0,1.0,7.853981633974483,20.0,2.5,98.17477042468104,8782.261557878492,9.610776124023438,9.85894800101479,50.0,12.131584940610962,2302.786376953125,426.2167428145695,5.208333333333333,0.36638087806051367,161.98924870566304
268,0.906717,1.0,1,1676.0490829106277,0.0,490.34572061344073,9.610776124023438,76.8862089921875,86.49698511621094,1676.049082910628,596.4973707769544,0.0,1508.3559533932457,1.0,0.0,0.0,21.353451348857554,0.0,295.322352389587,8782.261557878492,9.610776124023438,9.85894800101479,50.0,12.131584940610962,2302.786376953125,12.131584940610962,86.13425307833782,86.13425307833782,0.0,0.0,5.208333333333333,0.36638087806051367,426.2167428145695,161.98924870566304,297.73844212150834,150.0,1.0,2.2726369395961656,0.0,1848.4809294527704,490.34572061344073,477.96655230669484,3212.4457263471454,21.98871280517949,0.0,476.96430600873106,86.13425307833782,97.0526795248877,41.666666666666664,12.37916830674588,191703555.20905304,95824833.33333333,10.0,1.0,7.853981633974483,20.0,2.5,98.17477042468104,8782.261557878492,9.610776124023438,9.85894800101479,50.0,12.131584940610962,2302.786376953125,426.2167428145695,5.208333333333333,0.36638087806051367,161.98924870566304
269,0.886069,1.0,1,1637.8816486792869,0.0,490.34572061344073,9.610776124023438,76.8862089921875,86.49698511621094,1637.881648679287,558.3299365456136,0.0,2038.7693931115787,1.0,0.0,0.0,21.353451348857554,0.0,297.5836261444852,8782.261557878492,9.610776124023438,9.85894800101479,50.0,12.131584940610962,2302.786376953125,12.131584940610962,86.13425307833782,86.13425307833782,0.0,0.0,5.208333333333333,0.36638087806051367,426.2167428145695,161.98924870566304,297.73844212150834,150.0,1.0,2.2726369395961656,0.0,1848.4809294527704,490.34572061344073,477.96655230669484,3212.4457263471454,21.98871280517949,0.0,476.96430600873106,86.13425307833782,97.0526795248877,41.666666666666664,12.37916830674588,191703555.20905304,95824833.33333333,10.0,1.0,7.853981633974483,20.0,2.5,98.17477042468104,8782.261557878492,9.610776124023438,9.85894800101479,50.0,12.131584940610962,2302.786376953125,426.2167428145695,5.208333333333333,0.36638087806051367,161.98924870566304
270,0.854226,1.0,1,1579.0204704427224,0.0,490.34572061344073,9.610776124023438,76.8862089921875,86.49698511621094,1579.0204704427224,499.4687583090491,0.0,2513.264713505175,1.0,0.0,0.0,21.353451348857554,0.0,299.8448998993834,8782.261557878492,9.610776124023438,9.85894800101479,50.0,12.131584940610962,2302.786376953125,12.131584940610962,86.13425307833782,86.13425307833782,0.0,0.0,5.208333333333333,0.36638087806051367,426.2167428145695,161.98924870566304,297.73844212150834,150.0,1.0,2.2726369395961656,0.0,1848.4809294527704,490.34572061344073,477.96655230669484,3212.4457263471454,21.98871280517949,0.0,476.96430600873106,86.13425307833782,97.0526795248877,41.666666666666664,12.37916830674588,191703555.20905304,95824833.33333333,10.0,1.0,7.853981633974483,20.0,2.5,98.17477042468104,8782.261557878492,9.610776124023438,9.85894800101479,50.0,12.131584940610962,2302.786376953125,426.2167428145695,5.208333333333333,0.36638087806051367,161.98924870566304
271,0.8108719999999999,1.0,1,1498.8814282272267,0.0,490.34572061344073,9.610776124023438,76.8862089921875,86.49698511621094,1498.881428227227,419.32971609355343,0.0,2911.627943794051,1.0,0.0,0.0,21.353451348857554,0.0,302.1061736542816,8782.261557878492,9.610776124023438,9.85894800101479,50.0,12.131584940610962,2302.786376953125,12.131584940610962,86.13425307833782,86.13425307833782,0.0,0.0,5.208333333333333,0.36638087806051367,426.2167428145695,161.98924870566304,297.73844212150834,150.0,1.0,2.2726369395961656,0.0,1848.4809294527704,490.34572061344073,477.96655230669484,3212.4457263471454,21.98871280517949,0.0,476.96430600873106,86.13425307833782,97.0526795248877,41.666666666666664,12.37916830674588,191703555.20905304,95824833.33333333,10.0,1.0,7.853981633974483,20.0,2.5,98.17477042468104,8782.261557878492,9.610776124023438,9.85894800101479,50.0,12.131584940610962,2302.786376953125,426.2167428145695,5.208333333333333,0.36638087806051367,161.98924870566304
272,0.755324,1.0,1,1396.2020095579844,0.0,490.34572061344085,9.61077612402344,76.88620899218752,86.49698511621096,1396.2020095579842,316.65029742431074,0.0,3212.4457263471463,0.0,0.0,0.0,21.353451348857554,0.0,304.36744740917976,8782.261557878492,9.610776124023438,9.85894800101479,50.0,12.131584940610962,2302.786376953125,12.131584940610962,86.13425307833782,86.13425307833782,0.0,0.0,5.208333333333333,0.36638087806051367,426.2167428145695,161.98924870566304,297.73844212150834,150.0,1.0,2.2726369395961656,0.0,1848.4809294527704,490.34572061344073,477.96655230669484,3212.4457263471454,21.98871280517949,0.0,476.96430600873106,86.13425307833782,97.0526795248877,41.666666666666664,12.37916830674588,191703555.20905304,95824833.33333333,10.0,1.0,7.853981633974483,20.0,2.5,98.17477042468104,8782.261557878492,9.610776124023438,9.85894800101479,50.0,12.131584940610962,2302.786376953125,426.2167428145695,5.208333333333333,0.36638087806051367,161.98924870566304
273,0.689951,1.0,1,1275.3612657568683,0.0,490.34572061344085,9.61077612402344,76.88620899218752,86.49698511621096,1079.5517121336738,0.0,0.0,3212.4457263471463,0.0,0.0,0.0,21.353451348857547,0.0,306.628721164078,8782.261557878492,9.610776124023447,9.85894800101479,50.0,12.131584940610974,2302.786376953125,12.131584940610974,86.1342530783379,86.13425307833784,0.0,0.0,5.208333333333333,0.36638087806051367,426.2167428145698,161.98924870566304,297.73844212150834,150.0,1.0,2.2726369395961767,0.0,1848.4809294527704,490.34572061344073,477.96655230669484,3212.4457263471454,21.98871280517949,0.0,476.96430600873106,86.13425307833782,97.0526795248877,41.666666666666664,12.37916830674588,191703555.20905304,95824833.33333333,10.0,1.0,7.853981633974483,20.0,2.5,98.17477042468104,8782.261557878492,9.610776124023438,9.85894800101479,50.0,12.131584940610962,2302.786376953125,426.2167428145695,5.208333333333333,0.36638087806051367,161.98924870566304
274,0.623527,1.0,1,1152.5777684988977,0.0,490.34572061344085,9.61077612402344,76.88620899218752,86.49698511621096,1079.551712133672,0.0,0.0,3212.4457263471463,1.0,0.0,0.0,21.353451348857547,0.0,308.8899949189762,8782.261557878492,9.61077612402344,9.85894800101479,50.0,12.131584940610978,2302.786376953125,12.131584940610978,86.13425307833793,86.13425307833793,0.0,0.0,5.208333333333333,0.36638087806051367,426.21674281456814,161.98924870566304,297.73844212150834,150.0,1.0,2.272636939596182,0.0,1848.4809294527704,490.34572061344073,477.96655230669484,3212.4457263471454,21.98871280517949,0.0,476.96430600873106,86.13425307833782,97.0526795248877,41.666666666666664,12.37916830674588,191703555.20905304,95824833.33333333,10.0,1.0,7.853981633974483,20.0,2.5,98.17477042468104,8782.261557878492,9.610776124023438,9.85894800101479,50.0,12.131584940610962,2302.786376953125,426.2167428145695,5.208333333333333,0.36638087806051367,161.98924870566304
275,0.572665,1.0,1,1058.5603314650707,0.0,490.34572061344073,9.610776124023438,76.8862089921875,86.49698511621094,1079.5517121336734,0.0,20.991380668602574,3190.34953616967,1.0,0.0,0.0,21.353451348857547,0.0,311.15126867387437,8782.261557878492,9.610776124023438,9.85894800101479,50.0,12.131584940610962,2302.786376953125,12.131584940610962,86.13425307833782,86.13425307833782,0.0,0.0,5.208333333333333,0.36638087806051367,426.21674281456944,161.98924870566304,297.73844212150834,150.0,1.0,2.272636939596172,0.0,1848.4809294527704,490.34572061344073,477.96655230669484,3212.4457263471454,21.98871280517949,0.0,476.96430600873106,86.13425307833782,97.0526795248877,41.666666666666664,12.37916830674588,191703555.20905304,95824833.33333333,10.0,1.0,7.853981633974483,20.0,2.5,98.17477042468104,8782.261557878492,9.610776124023438,9.85894800101479,50.0,12.131584940610962,2302.786376953125,426.2167428145695,5.208333333333333,0.36638087806051367,161.98924870566304
276,0.542372,1.0,1,1002.5642986691579,0.0,426.46209374861104,8.358657037472776,66.86925629978221,75.22791333725499,1015.7932971774986,0.0,13.228998508340695,3176.424274581943,-0.0,0.0,1.252119086550664,20.075778811560955,0.0,313.41254242877255,8782.261557878492,9.610776124023438,9.85894800101479,50.0,12.131584940610962,2302.786376953125,12.131584940610962,86.13425307833782,86.13425307833782,0.0,0.0,5.208333333333333,0.36638087806051367,426.21674281456944,161.98924870566304,297.73844212150834,150.0,1.0,2.272636939596172,0.0,1848.4809294527704,490.34572061344073,477.96655230669484,3212.4457263471454,21.98871280517949,0.0,476.96430600873106,86.13425307833782,97.0526795248877,41.666666666666664,12.37916830674588,191703555.20905304,95824833.33333333,10.0,1.0,7.853981633974483,20.0,2.5,98.17477042468104,8782.261557878492,9.610776124023438,9.85894800101479,50.0,12.131584940610962,2302.786376953125,426.2167428145695,5.208333333333333,0.36638087806051367,161.98924870566304
277,0.520986,1.0,1,963.0326855118809,0.0,373.59786820092245,7.32251821673808,58.58014573390464,65.90266395064272,963.0326855118807,0.0,0.0,3176.424274581943,-0.0,0.0,2.2882579072853515,17.740821763310596,0.0,315.67381618365533,8782.261557878492,9.610776124023435,9.85894800101479,50.0,12.131584940610965,2302.786376953125,12.131584940610965,86.13425307833785,86.13425307833784,0.0,0.0,5.208333333333333,0.36638087806051367,426.21674281456677,161.98924870566304,297.73844212150834,150.0,1.0,2.272636939596166,0.0,1848.4809294527704,490.34572061344073,477.96655230669484,3212.4457263471454,21.98871280517949,0.0,476.96430600873106,86.13425307833782,97.0526795248877,41.666666666666664,12.37916830674588,191703555.20905304,95824833.33333333,10.0,1.0,7.853981633974483,20.0,2.5,98.17477042468104,8782.261557878492,9.610776124023438,9.85894800101479,50.0,12.131584940610962,2302.786376953125,426.2167428145695,5.208333333333333,0.36638087806051367,161.98924870566304
278,0.496553,1.0,1,917.8687509625615,0.0,328.3452384973799,6.435566674548646,51.48453339638917,57.92010007093781,917.8687509625602,0.0,0.0,3176.424274581943,-0.0,0.0,3.1752094494747753,14.500812120989396,0.0,317.93508993875247,8782.261557878492,9.610776124023435,9.85894800101479,50.0,12.13158494081864,2302.786376953125,12.13158494081864,86.13425307981234,86.13425307833784,0.0,0.0,5.208333333333333,0.36638087806051367,426.2167428145698,161.98924870566304,297.73844212150834,150.0,1.0,2.2726369398038355,0.0,1848.4809294527704,490.34572061344073,477.96655230669484,3212.4457263471454,21.98871280517949,0.0,476.96430600873106,86.13425307833782,97.0526795248877,41.666666666666664,12.37916830674588,191703555.20905304,95824833.33333333,10.0,1.0,7.853981633974483,20.0,2.5,98.17477042468104,8782.261557878492,9.610776124023438,9.85894800101479,50.0,12.131584940610962,2302.786376953125,426.2167428145695,5.208333333333333,0.36638087806051367,161.98924870566304
279,0.45986,1.0,1,850.042440218151,0.0,490.34572061344045,9.610776124023433,76.88620899218746,86.4969851162109,1079.5517121336702,0.0,229.50927191551926,2934.835567302449,-0.0,0.0,0.0,14.500812120989396,0.0,320.19636369363263,8782.261557878492,9.610776124023433,9.85894800101479,50.0,12.131584940610965,2302.786376953125,12.131584940610965,86.13425307833785,86.13425307833784,0.0,0.0,5.208333333333333,0.36638087806051367,426.21674281456677,161.98924870566304,297.73844212150834,150.0,1.0,2.272636939596168,0.0,1848.4809294527704,490.34572061344073,477.96655230669484,3212.4457263471454,21.98871280517949,0.0,476.96430600873106,86.13425307833782,97.0526795248877,41.666666666666664,12.37916830674588,191703555.20905304,95824833.33333333,10.0,1.0,7.853981633974483,20.0,2.5,98.17477042468104,8782.261557878492,9.610776124023438,9.85894800101479,50.0,12.131584940610962,2302.786376953125,426.2167428145695,5.208333333333333,0.36638087806051367,161.98924870566304
280,0.419245,1.0,1,774.9663872684267,0.0,340.88379776005087,6.6813224360969965,53.45057948877597,60.13190192487297,930.3827346490747,0.0,155.41634738064798,2771.239412164925,-0.0,0.0,2.9294536879264377,11.511573663921602,0.0,322.45763744851564,8782.261557878492,9.610776124023435,9.85894800101479,50.0,12.131584940610974,2302.786376953125,12.131584940610974,86.1342530783379,86.1342530783379,0.0,0.0,5.208333333333333,0.36638087806051367,426.21674281456814,161.98924870566304,297.73844212150834,150.0,1.0,2.2726369395961785,0.0,1848.4809294527704,490.34572061344073,477.96655230669484,3212.4457263471454,21.98871280517949,0.0,476.96430600873106,86.13425307833782,97.0526795248877,41.666666666666664,12.37916830674588,191703555.20905304,95824833.33333333,10.0,1.0,7.853981633974483,20.0,2.5,98.17477042468104,8782.261557878492,9.610776124023438,9.85894800101479,50.0,12.131584940610962,2302.786376953125,426.2167428145695,5.208333333333333,0.36638087806051367,161.98924870566304
281,0.38481,1.0,1,711.3139464627205,0.0,490.34572061344045,9.610776124023433,76.88620899218746,86.4969851162109,1079.5517121336702,0.0,368.2377656709497,2383.620711458662,-0.0,0.0,0.0,11.511573663921602,0.0,324.71891120339836,8782.261557878492,9.610776124023433,9.85894800101479,50.0,12.131584940610955,2302.786376953125,12.131584940610955,86.13425307833778,86.13425307833784,0.0,0.0,5.208333333333333,0.36638087806051367,426.21674281456677,161.98924870566304,297.73844212150834,150.0,1.0,2.272636939596157,0.0,1848.4809294527704,490.34572061344073,477.96655230669484,3212.4457263471454,21.98871280517949,0.0,476.96430600873106,86.13425307833782,97.0526795248877,41.666666666666664,12.37916830674588,191703555.20905304,95824833.33333333,10.0,1.0,7.853981633974483,20.0,2.5,98.17477042468104,8782.261557878492,9.610776124023438,9.85894800101479,50.0,12.131584940610962,2302.786376953125,426.2167428145695,5.208333333333333,0.36638087806051367,161.98924870566304
282,0.371358,1.0,1,686.4481809997219,0.0,490.34572061344045,9.610776124023433,76.88620899218746,86.4969851162109,1079.5517121336702,0.0,393.10353113394837,1969.8275207913478,-0.0,0.0,0.0,11.511573663921602,0.0,326.98018495829626,8782.261557878492,9.610776124023433,9.85894800101479,50.0,12.131584940610944,2302.786376953125,12.131584940610944,86.1342530783377,86.1342530783377,0.0,0.0,5.208333333333333,0.36638087806051367,426.21674281456677,161.98924870566304,297.73844212150834,150.0,1.0,2.272636939596136,0.0,1848.4809294527704,490.34572061344073,477.96655230669484,3212.4457263471454,21.98871280517949,0.0,476.96430600873106,86.13425307833782,97.0526795248877,41.666666666666664,12.37916830674588,191703555.20905304,95824833.33333333,10.0,1.0,7.853981633974483,20.0,2.5,98.17477042468104,8782.261557878492,9.610776124023438,9.85894800101479,50.0,12.131584940610962,2302.786376953125,426.2167428145695,5.208333333333333,0.36638087806051367,161.98924870566304
283,0.366851,1.0,1,678.1170774506783,0.0,490.34572061344085,9.61077612402344,76.88620899218752,86.49698511621096,1079.5517121336738,0.0,401.4346346829954,1547.2647474408263,0.0,0.0,0.0,11.511573663921602,0.0,329.2414587132022,8782.261557878492,9.610776124023438,9.85894800101479,50.0,12.13158494061098,2302.786376953125,12.13158494061098,86.13425307833795,86.13425307833784,0.0,0.0,5.208333333333333,0.36638087806051367,426.2167428145698,161.98924870566304,297.73844212150834,150.0,1.0,2.272636939596173,0.0,1848.4809294527704,490.34572061344073,477.96655230669484,3212.4457263471454,21.98871280517949,0.0,476.96430600873106,86.13425307833782,97.0526795248877,41.666666666666664,12.37916830674588,191703555.20905304,95824833.33333333,10.0,1.0,7.853981633974483,20.0,2.5,98.17477042468104,8782.261557878492,9.610776124023438,9.85894800101479,50.0,12.131584940610962,2302.786376953125,426.2167428145695,5.208333333333333,0.36638087806051367,161.98924870566304
284,0.3455149999999999,1.0,1,638.6778883398738,0.0,48.60608713803083,0.9526793079054042,7.621434463243234,8.574113771148639,638.6778883398738,0.0,0.0,1547.2647474408263,-0.0,0.0,8.658096816118043,2.676780994413395,0.0,331.50273246737663,8782.261557878492,9.610776124023447,9.85894800101479,50.0,12.13158493989036,2302.786376953125,12.13158493989036,86.13425307322154,86.13425307322154,0.0,0.0,5.208333333333333,0.36638087806051367,426.21674281456814,161.98924870566304,297.73844212150834,150.0,1.0,2.2726369388755416,0.0,1848.4809294527704,490.34572061344073,477.96655230669484,3212.4457263471454,21.98871280517949,0.0,476.96430600873106,86.13425307833782,97.0526795248877,41.666666666666664,12.37916830674588,191703555.20905304,95824833.33333333,10.0,1.0,7.853981633974483,20.0,2.5,98.17477042468104,8782.261557878492,9.610776124023438,9.85894800101479,50.0,12.131584940610962,2302.786376953125,426.2167428145695,5.208333333333333,0.36638087806051367,161.98924870566304
285,0.2994,1.0,1,553.4351902781594,0.0,490.34572061344085,9.61077612402344,76.88620899218752,86.49698511621096,1079.551712133672,0.0,526.1165218555126,993.4578823297607,0.0,0.0,0.0,2.6767809944134004,0.0,333.76400622225657,8782.261557878492,9.610776124023435,9.85894800101479,50.0,12.131584940610974,2302.786376953125,12.131584940610974,86.1342530783379,86.13425307833784,0.0,0.0,5.208333333333333,0.36638087806051367,426.21674281456814,161.98924870566304,297.73844212150834,150.0,1.0,2.272636939596173,0.0,1848.4809294527704,490.34572061344073,477.96655230669484,3212.4457263471454,21.98871280517949,0.0,476.96430600873106,86.13425307833782,97.0526795248877,41.666666666666664,12.37916830674588,191703555.20905304,95824833.33333333,10.0,1.0,7.853981633974483,20.0,2.5,98.17477042468104,8782.261557878492,9.610776124023438,9.85894800101479,50.0,12.131584940610962,2302.786376953125,426.2167428145695,5.208333333333333,0.36638087806051367,161.98924870566304
286,0.24473,1.0,1,452.37873786497653,0.0,490.34572061344085,9.61077612402344,76.88620899218752,86.49698511621096,1079.5517121336707,0.0,627.1729742686941,333.27580415218785,0.0,0.0,0.0,2.676780994413408,0.0,336.02527997714725,8782.261557878492,9.610776124023433,9.85894800101479,50.0,12.131584940610944,2302.786376953125,12.131584940610944,86.1342530783377,86.1342530783377,0.0,0.0,5.208333333333333,0.36638087806051367,426.21674281456677,161.98924870566304,297.73844212150834,150.0,1.0,2.272636939596132,0.0,1848.4809294527704,490.34572061344073,477.96655230669484,3212.4457263471454,21.98871280517949,0.0,476.96430600873106,86.13425307833782,97.0526795248877,41.666666666666664,12.37916830674588,191703555.20905304,95824833.33333333,10.0,1.0,7.853981633974483,20.0,2.5,98.17477042468104,8782.261557878492,9.610776124023438,9.85894800101479,50.0,12.131584940610962,2302.786376953125,426.2167428145695,5.208333333333333,0.36638087806051367,161.98924870566304
287,0.183399,-0.0,1,339.00955398070863,0.0,169.38058629238412,3.3198594913307287,26.55887593064583,29.878735421976558,339.00955398070863,0.0,0.0,333.27580415218785,1.0,3.3198594913307287,0.0,5.930243295917522,0.0,326.11678952385876,0.0,0.0,9.85894800101479,50.0,0.0,0.0,0.0,0.0,0.0,0.0,0.0,5.208333333333333,0.36638087806051367,0.0,161.98924870566304,9080.0,150.0,-0.0,0.0,9.858948001014792,1848.4809294527704,490.34572061344073,477.96655230669484,3212.4457263471454,21.98871280517949,0.0,476.96430600873106,86.13425307833782,97.0526795248877,41.666666666666664,12.37916830674588,191703555.20905304,95824833.33333333,10.0,1.0,7.853981633974483,20.0,2.5,98.17477042468104,8782.261557878492,9.610776124023438,9.85894800101479,50.0,12.131584940610962,2302.786376953125,426.2167428145695,5.208333333333333,0.36638087806051367,161.98924870566304
288,0.694955,1.0,1,1284.61106432785,0.0,490.34572061344085,9.61077612402344,76.88620899218752,86.49698511621096,1284.6110643278498,205.05935219417654,0.0,528.0821887366556,0.0,0.0,0.0,5.930243295917528,0.0,328.3780632787497,8782.261557878492,9.610776124023435,9.85894800101479,50.0,12.131584940610947,2302.786376953125,12.131584940610947,86.13425307833772,86.13425307833772,0.0,0.0,5.208333333333333,0.36638087806051367,426.2167428145695,161.98924870566304,297.73844212150834,150.0,1.0,2.272636939596134,0.0,1848.4809294527704,490.34572061344073,477.96655230669484,3212.4457263471454,21.98871280517949,0.0,476.96430600873106,86.13425307833782,97.0526795248877,41.666666666666664,12.37916830674588,191703555.20905304,95824833.33333333,10.0,1.0,7.853981633974483,20.0,2.5,98.17477042468104,8782.261557878492,9.610776124023438,9.85894800101479,50.0,12.131584940610962,2302.786376953125,426.2167428145695,5.208333333333333,0.36638087806051367,161.98924870566304
289,0.668439,1.0,1,1235.5967440024804,0.0,490.34572061344085,9.61077612402344,76.88620899218752,86.49698511621096,1235.5967440024801,156.04503186880822,0.0,676.3249690120234,0.0,0.0,0.0,5.930243295917538,0.0,330.63933703364097,8782.261557878492,9.610776124023435,9.85894800101479,50.0,12.131584940610962,2302.786376953125,12.131584940610962,86.13425307833782,86.13425307833782,0.0,0.0,5.208333333333333,0.36638087806051367,426.21674281456814,161.98924870566304,297.73844212150834,150.0,1.0,2.272636939596172,0.0,1848.4809294527704,490.34572061344073,477.96655230669484,3212.4457263471454,21.98871280517949,0.0,476.96430600873106,86.13425307833782,97.0526795248877,41.666666666666664,12.37916830674588,191703555.20905304,95824833.33333333,10.0,1.0,7.853981633974483,20.0,2.5,98.17477042468104,8782.261557878492,9.610776124023438,9.85894800101479,50.0,12.131584940610962,2302.786376953125,426.2167428145695,5.208333333333333,0.36638087806051367,161.98924870566304
290,0.613669,1.0,1,1134.355443496352,0.0,490.34572061344085,9.61077612402344,76.88620899218752,86.49698511621096,1134.3554434963523,54.803731362681674,0.0,728.388513806571,0.0,0.0,0.0,5.9302432959175455,0.0,332.900610788539,8782.261557878492,9.610776124023433,9.85894800101479,50.0,12.131584940610944,2302.786376953125,12.131584940610944,86.1342530783377,86.1342530783377,0.0,0.0,5.208333333333333,0.36638087806051367,426.21674281456677,161.98924870566304,297.73844212150834,150.0,1.0,2.272636939596143,0.0,1848.4809294527704,490.34572061344073,477.96655230669484,3212.4457263471454,21.98871280517949,0.0,476.96430600873106,86.13425307833782,97.0526795248877,41.666666666666664,12.37916830674588,191703555.20905304,95824833.33333333,10.0,1.0,7.853981633974483,20.0,2.5,98.17477042468104,8782.261557878492,9.610776124023438,9.85894800101479,50.0,12.131584940610962,2302.786376953125,426.2167428145695,5.208333333333333,0.36638087806051367,161.98924870566304
291,0.596526,1.0,1,1102.6669349227434,0.0,490.34572061344085,9.61077612402344,76.88620899218752,86.49698511621096,1102.6669349227436,23.11522278906989,0.0,750.3479754561874,0.0,0.0,0.0,5.930243295917551,0.0,335.16188454343717,8782.261557878492,9.610776124023435,9.85894800101479,50.0,12.13158494061095,2302.786376953125,12.13158494061095,86.13425307833774,86.13425307833774,0.0,0.0,5.208333333333333,0.36638087806051367,426.2167428145698,161.98924870566304,297.73844212150834,150.0,1.0,2.27263693959615,0.0,1848.4809294527704,490.34572061344073,477.96655230669484,3212.4457263471454,21.98871280517949,0.0,476.96430600873106,86.13425307833782,97.0526795248877,41.666666666666664,12.37916830674588,191703555.20905304,95824833.33333333,10.0,1.0,7.853981633974483,20.0,2.5,98.17477042468104,8782.261557878492,9.610776124023438,9.85894800101479,50.0,12.131584940610962,2302.786376953125,426.2167428145695,5.208333333333333,0.36638087806051367,161.98924870566304
292,0.583219,1.0,1,1078.0691991945155,0.0,488.86029624251734,9.58166180635334,76.65329445082672,86.23495625718006,1078.0691991945155,0.0,0.0,750.3479754561874,0.0,0.0,0.029114317670094536,5.900534808499086,0.0,337.42315829832023,8782.261557878492,9.610776124023435,9.85894800101479,50.0,12.131584940610962,2302.786376953125,12.131584940610962,86.13425307833782,86.13425307833782,0.0,0.0,5.208333333333333,0.36638087806051367,426.21674281456814,161.98924870566304,297.73844212150834,150.0,1.0,2.272636939596166,0.0,1848.4809294527704,490.34572061344073,477.96655230669484,3212.4457263471454,21.98871280517949,0.0,476.96430600873106,86.13425307833782,97.0526795248877,41.666666666666664,12.37916830674588,191703555.20905304,95824833.33333333,10.0,1.0,7.853981633974483,20.0,2.5,98.17477042468104,8782.261557878492,9.610776124023438,9.85894800101479,50.0,12.131584940610962,2302.786376953125,426.2167428145695,5.208333333333333,0.36638087806051367,161.98924870566304
293,0.462563,1.0,1,855.0388841704619,0.0,265.39198332514434,5.201682873172829,41.61346298538263,46.81514585855546,855.0388841704619,0.0,0.0,750.3479754561874,0.0,0.0,4.4090932508506055,1.4014600627331606,0.0,339.684432053222,8782.261557878492,9.610776124023435,9.85894800101479,50.0,12.131584940606654,2302.786376953125,12.131584940606654,86.13425307830724,86.13425307830724,0.0,0.0,5.208333333333333,0.36638087806051367,426.21674281456944,161.98924870566304,297.73844212150834,150.0,1.0,2.2726369395918864,0.0,1848.4809294527704,490.34572061344073,477.96655230669484,3212.4457263471454,21.98871280517949,0.0,476.96430600873106,86.13425307833782,97.0526795248877,41.666666666666664,12.37916830674588,191703555.20905304,95824833.33333333,10.0,1.0,7.853981633974483,20.0,2.5,98.17477042468104,8782.261557878492,9.610776124023438,9.85894800101479,50.0,12.131584940610962,2302.786376953125,426.2167428145695,5.208333333333333,0.36638087806051367,161.98924870566304
294,0.266927,-0.0,1,493.4094690560397,0.0,317.95633213084744,6.231944109764609,49.855552878116875,56.08749698788149,493.4094690560397,0.0,0.0,750.3479754561874,1.0,6.2319441097646076,0.0,7.508765290302476,0.0,329.7759415999523,0.0,0.0,9.85894800101479,50.0,0.0,0.0,0.0,0.0,0.0,0.0,0.0,5.208333333333333,0.36638087806051367,0.0,161.98924870566304,9080.0,150.0,-0.0,0.0,9.858948001014767,1848.4809294527704,490.34572061344073,477.96655230669484,3212.4457263471454,21.98871280517949,0.0,476.96430600873106,86.13425307833782,97.0526795248877,41.666666666666664,12.37916830674588,191703555.20905304,95824833.33333333,10.0,1.0,7.853981633974483,20.0,2.5,98.17477042468104,8782.261557878492,9.610776124023438,9.85894800101479,50.0,12.131584940610962,2302.786376953125,426.2167428145695,5.208333333333333,0.36638087806051367,161.98924870566304
295,0.128809,-0.0,1,238.1009800418819,0.0,72.27841737511437,1.4166569805522418,11.333255844417934,12.749912824970176,238.1009800418819,0.0,0.0,750.3479754561874,1.0,1.4166569805522418,0.0,8.897089131243673,0.0,319.86745114667127,0.0,0.0,9.85894800101479,50.0,0.0,0.0,0.0,0.0,0.0,0.0,0.0,5.208333333333333,0.36638087806051367,0.0,161.98924870566304,9080.0,150.0,-0.0,0.0,9.858948001007084,1848.4809294527704,490.34572061344073,477.96655230669484,3212.4457263471454,21.98871280517949,0.0,476.96430600873106,86.13425307833782,97.0526795248877,41.666666666666664,12.37916830674588,191703555.20905304,95824833.33333333,10.0,1.0,7.853981633974483,20.0,2.5,98.17477042468104,8782.261557878492,9.610776124023438,9.85894800101479,50.0,12.131584940610962,2302.786376953125,426.2167428145695,5.208333333333333,0.36638087806051367,161.98924870566304
296,0.109901,-0.0,1,203.14990262778892,0.0,38.64574087964383,0.757456521241019,6.059652169928152,6.817108691169171,203.14990262778892,0.0,0.0,750.3479754561874,1.0,0.7574565212410181,0.0,9.639396522059867,0.0,309.9589606933899,0.0,0.0,9.85894800101479,50.0,0.0,0.0,0.0,0.0,0.0,0.0,0.0,5.208333333333333,0.36638087806051367,0.0,161.98924870566304,9080.0,150.0,-0.0,0.0,9.858948001014799,1848.4809294527704,490.34572061344073,477.96655230669484,3212.4457263471454,21.98871280517949,0.0,476.96430600873106,86.13425307833782,97.0526795248877,41.666666666666664,12.37916830674588,191703555.20905304,95824833.33333333,10.0,1.0,7.853981633974483,20.0,2.5,98.17477042468104,8782.261557878492,9.610776124023438,9.85894800101479,50.0,12.131584940610962,2302.786376953125,426.2167428145695,5.208333333333333,0.36638087806051367,161.98924870566304
297,0.164786,-0.0,1,304.6037784408042,0.0,136.2726421623761,2.6709437863825713,21.36755029106057,24.038494077443143,304.60377844080426,0.0,0.0,750.3479754561874,1.0,2.670943786382571,0.0,12.256921432714787,0.0,300.0504702401014,0.0,0.0,9.85894800101479,50.0,0.0,0.0,0.0,0.0,0.0,0.0,0.0,5.208333333333333,0.36638087806051367,0.0,161.98924870566304,9080.0,150.0,-0.0,0.0,9.858948001014797,1848.4809294527704,490.34572061344073,477.96655230669484,3212.4457263471454,21.98871280517949,0.0,476.96430600873106,86.13425307833782,97.0526795248877,41.666666666666664,12.37916830674588,191703555.20905304,95824833.33333333,10.0,1.0,7.853981633974483,20.0,2.5,98.17477042468104,8782.261557878492,9.610776124023438,9.85894800101479,50.0,12.131584940610962,2302.786376953125,426.2167428145695,5.208333333333333,0.36638087806051367,161.98924870566304
298,0.2640559999999999,-0.0,1,488.10248030758055,0.0,312.84953002493984,6.131850788488821,49.05480630791057,55.18665709639939,488.10248030758055,0.0,0.0,750.3479754561874,1.0,6.131850788488821,0.0,18.2661352054338,0.0,290.1419797868202,0.0,-0.0,9.85894800101479,50.0,-0.0,0.0,0.0,0.0,0.0,0.0,0.0,5.208333333333333,0.36638087806051367,-0.0,161.98924870566304,9080.0,150.0,0.0,0.0,9.85894800101479,1848.4809294527704,490.34572061344073,477.96655230669484,3212.4457263471454,21.98871280517949,0.0,476.96430600873106,86.13425307833782,97.0526795248877,41.666666666666664,12.37916830674588,191703555.20905304,95824833.33333333,10.0,1.0,7.853981633974483,20.0,2.5,98.17477042468104,8782.261557878492,9.610776124023438,9.85894800101479,50.0,12.131584940610962,2302.786376953125,426.2167428145695,5.208333333333333,0.36638087806051367,161.98924870566304
299,0.365043,1.0,1,674.7750239302277,0.0,490.34572061344085,9.61077612402344,76.88620899218752,86.49698511621096,1079.551712133672,0.0,404.77668820344434,324.2672510315092,1.0,0.0,0.0,18.2661352054338,0.0,292.40325354171836,8782.261557878492,9.610776124023435,9.85894800101479,50.0,12.131584940610962,2302.786376953125,12.131584940610962,86.13425307833782,86.13425307833782,0.0,0.0,5.208333333333333,0.36638087806051367,426.21674281456814,161.98924870566304,297.73844212150834,150.0,1.0,2.272636939596166,0.0,1848.4809294527704,490.34572061344073,477.96655230669484,3212.4457263471454,21.98871280517949,0.0,476.96430600873106,86.13425307833782,97.0526795248877,41.666666666666664,12.37916830674588,191703555.20905304,95824833.33333333,10.0,1.0,7.853981633974483,20.0,2.5,98.17477042468104,8782.261557878492,9.610776124023438,9.85894800101479,50.0,12.131584940610962,2302.786376953125,426.2167428145695,5.208333333333333,0.36638087806051367,161.98924870566304
300,0.430251,1.0,1,795.3107683779839,0.0,205.54657052357675,4.0287127822621045,32.229702258096836,36.25841504035894,795.3107683779854,0.0,0.0,324.26725103150767,-0.0,0.0,5.582063341761335,12.570152203636521,0.0,294.6645272966132,8782.261557878492,9.610776124023438,9.85894800101479,50.0,12.131584940610962,2302.786376953125,12.131584940610962,86.13425307833782,86.13425307833782,0.0,0.0,5.208333333333333,0.36638087806051367,426.21674281456944,161.98924870566304,297.73844212150834,150.0,1.0,2.272636939596172,0.0,1848.4809294527704,490.34572061344073,477.96655230669484,3212.4457263471454,21.98871280517949,0.0,476.96430600873106,86.13425307833782,97.0526795248877,41.666666666666664,12.37916830674588,191703555.20905304,95824833.33333333,10.0,1.0,7.853981633974483,20.0,2.5,98.17477042468104,8782.261557878492,9.610776124023438,9.85894800101479,50.0,12.131584940610962,2302.786376953125,426.2167428145695,5.208333333333333,0.36638087806051367,161.98924870566304
301,0.450354,-0.0,1,832.4707805027729,0.0,490.34572061344073,9.610776124023438,76.8862089921875,86.49698511621094,832.4707805027729,159.91425893562223,0.0,476.1857970203488,1.0,9.61077612402344,0.0,21.988712805179492,0.0,284.75603684333197,0.0,0.0,9.85894800101479,50.0,0.0,0.0,0.0,0.0,0.0,0.0,0.0,5.208333333333333,0.36638087806051367,0.0,161.98924870566304,9080.0,150.0,-0.0,0.0,9.85894800101477,1848.4809294527704,490.34572061344073,477.96655230669484,3212.4457263471454,21.98871280517949,0.0,476.96430600873106,86.13425307833782,97.0526795248877,41.666666666666664,12.37916830674588,191703555.20905304,95824833.33333333,10.0,1.0,7.853981633974483,20.0,2.5,98.17477042468104,8782.261557878492,9.610776124023438,9.85894800101479,50.0,12.131584940610962,2302.786376953125,426.2167428145695,5.208333333333333,0.36638087806051367,161.98924870566304
302,0.453067,1.0,1,837.4857092643783,0.0,446.4948776315395,8.751299601578173,70.01039681262539,78.76169641420356,1035.786816804014,0.0,198.30110753963555,267.4477890838903,-0.0,0.0,0.8594765224452482,21.111695945541484,0.0,287.01731059823015,8782.261557878492,9.610776124023433,9.85894800101479,50.0,12.131584940610944,2302.786376953125,12.131584940610944,86.1342530783377,86.1342530783377,0.0,0.0,5.208333333333333,0.36638087806051367,426.21674281456677,161.98924870566304,297.73844212150834,150.0,1.0,2.272636939596143,0.0,1848.4809294527704,490.34572061344073,477.96655230669484,3212.4457263471454,21.98871280517949,0.0,476.96430600873106,86.13425307833782,97.0526795248877,41.666666666666664,12.37916830674588,191703555.20905304,95824833.33333333,10.0,1.0,7.853981633974483,20.0,2.5,98.17477042468104,8782.261557878492,9.610776124023438,9.85894800101479,50.0,12.131584940610962,2302.786376953125,426.2167428145695,5.208333333333333,0.36638087806051367,161.98924870566304
303,0.4652869999999999,1.0,1,860.074146222291,0.0,490.34572061344073,9.610776124023438,76.8862089921875,86.49698511621094,1079.5517121336734,0.0,219.47756591138227,36.41877233506689,-0.0,0.0,0.0,21.111695945541484,0.0,289.27858435312834,8782.261557878492,9.610776124023438,9.85894800101479,50.0,12.131584940610962,2302.786376953125,12.131584940610962,86.13425307833782,86.13425307833782,0.0,0.0,5.208333333333333,0.36638087806051367,426.21674281456944,161.98924870566304,297.73844212150834,150.0,1.0,2.272636939596172,0.0,1848.4809294527704,490.34572061344073,477.96655230669484,3212.4457263471454,21.98871280517949,0.0,476.96430600873106,86.13425307833782,97.0526795248877,41.666666666666664,12.37916830674588,191703555.20905304,95824833.33333333,10.0,1.0,7.853981633974483,20.0,2.5,98.17477042468104,8782.261557878492,9.610776124023438,9.85894800101479,50.0,12.131584940610962,2302.786376953125,426.2167428145695,5.208333333333333,0.36638087806051367,161.98924870566304
304,0.518263,1.0,1,957.9992719409812,0.0,403.2203484095439,7.9031188288270595,63.224950630616476,71.12806945944354,992.5971056592947,0.0,34.597833718313545,0.0,-0.0,0.0,1.7076572951963582,19.36918850146356,0.0,291.5398581081519,8782.261557878492,9.610776124023435,9.85894800101479,50.0,12.131584940737001,2302.786376953125,12.131584940737001,86.1342530792327,86.1342530792327,0.0,0.0,5.208333333333333,0.36638087806051367,426.21674281456814,161.98924870566304,297.73844212150834,150.0,1.0,2.2726369397222057,0.0,1848.4809294527704,490.34572061344073,477.96655230669484,3212.4457263471454,21.98871280517949,0.0,476.96430600873106,86.13425307833782,97.0526795248877,41.666666666666664,12.37916830674588,191703555.20905304,95824833.33333333,10.0,1.0,7.853981633974483,20.0,2.5,98.17477042468104,8782.261557878492,9.610776124023438,9.85894800101479,50.0,12.131584940610962,2302.786376953125,426.2167428145695,5.208333333333333,0.36638087806051367,161.98924870566304
305,0.61585,1.0,1,1138.3869804034887,0.0,490.34572061344073,9.610776124023438,76.8862089921875,86.49698511621094,1079.5517121336734,0.0,0.0,0.0,0.0,0.0,0.0,19.36918850146356,0.0,293.8011318630501,8782.261557878492,9.610776124023438,9.85894800101479,50.0,12.131584940610962,2302.786376953125,12.131584940610962,86.13425307833782,86.13425307833782,0.0,0.0,5.208333333333333,0.36638087806051367,426.21674281456944,161.98924870566304,297.73844212150834,150.0,1.0,2.272636939596172,0.0,1848.4809294527704,490.34572061344073,477.96655230669484,3212.4457263471454,21.98871280517949,0.0,476.96430600873106,86.13425307833782,97.0526795248877,41.666666666666664,12.37916830674588,191703555.20905304,95824833.33333333,10.0,1.0,7.853981633974483,20.0,2.5,98.17477042468104,8782.261557878492,9.610776124023438,9.85894800101479,50.0,12.131584940610962,2302.786376953125,426.2167428145695,5.208333333333333,0.36638087806051367,161.98924870566304
306,0.708998,1.0,1,1310.5692820201552,0.0,490.34572061344073,9.610776124023438,76.8862089921875,86.49698511621094,1310.5692820201555,231.01756988648202,0.0,219.466691392158,1.0,0.0,0.0,19.36918850146356,0.0,296.0624056179483,8782.261557878492,9.610776124023438,9.85894800101479,50.0,12.131584940610962,2302.786376953125,12.131584940610962,86.13425307833782,86.13425307833782,0.0,0.0,5.208333333333333,0.36638087806051367,426.2167428145695,161.98924870566304,297.73844212150834,150.0,1.0,2.2726369395961656,0.0,1848.4809294527704,490.34572061344073,477.96655230669484,3212.4457263471454,21.98871280517949,0.0,476.96430600873106,86.13425307833782,97.0526795248877,41.666666666666664,12.37916830674588,191703555.20905304,95824833.33333333,10.0,1.0,7.853981633974483,20.0,2.5,98.17477042468104,8782.261557878492,9.610776124023438,9.85894800101479,50.0,12.131584940610962,2302.786376953125,426.2167428145695,5.208333333333333,0.36638087806051367,161.98924870566304
307,0.772784,1.0,1,1428.4764865862298,0.0,490.345720613441,9.610776124023444,76.88620899218755,86.496985116211,1428.4764865862298,348.9247744525577,0.0,550.9452271220878,1.0,0.0,0.0,19.36918850146321,0.0,298.3236793728203,8782.261557878492,9.610776124023444,9.85894800101479,50.0,12.131584940610947,2302.786376953125,12.131584940610947,86.13425307833772,86.13425307833772,0.0,0.0,5.208333333333333,0.36638087806051367,426.21674281456814,161.98924870566304,297.73844212150834,150.0,1.0,2.27263693959615,0.0,1848.4809294527704,490.34572061344073,477.96655230669484,3212.4457263471454,21.98871280517949,0.0,476.96430600873106,86.13425307833782,97.0526795248877,41.666666666666664,12.37916830674588,191703555.20905304,95824833.33333333,10.0,1.0,7.853981633974483,20.0,2.5,98.17477042468104,8782.261557878492,9.610776124023438,9.85894800101479,50.0,12.131584940610962,2302.786376953125,426.2167428145695,5.208333333333333,0.36638087806051367,161.98924870566304
308,0.8134880000000001,1.0,1,1503.7170543386756,0.0,490.34572061344073,9.610776124023438,76.8862089921875,86.49698511621094,1503.7170543386756,424.1653422050023,0.0,953.9023022168399,1.0,0.0,0.0,19.36918850146321,0.0,300.5849531277185,8782.261557878492,9.610776124023438,9.85894800101479,50.0,12.131584940610962,2302.786376953125,12.131584940610962,86.13425307833782,86.13425307833782,0.0,0.0,5.208333333333333,0.36638087806051367,426.2167428145695,161.98924870566304,297.73844212150834,150.0,1.0,2.2726369395961656,0.0,1848.4809294527704,490.34572061344073,477.96655230669484,3212.4457263471454,21.98871280517949,0.0,476.96430600873106,86.13425307833782,97.0526795248877,41.666666666666664,12.37916830674588,191703555.20905304,95824833.33333333,10.0,1.0,7.853981633974483,20.0,2.5,98.17477042468104,8782.261557878492,9.610776124023438,9.85894800101479,50.0,12.131584940610962,2302.786376953125,426.2167428145695,5.208333333333333,0.36638087806051367,161.98924870566304
309,0.835563,1.0,1,1544.5222708563451,0.0,490.34572061344085,9.61077612402344,76.88620899218752,86.49698511621096,1079.551712133672,0.0,0.0,953.9023022168399,1.0,0.0,0.0,19.36918850146321,0.0,302.84622688259446,8782.261557878492,9.61077612402344,9.85894800101479,50.0,12.131584940610947,2302.786376953125,12.131584940610947,86.13425307833772,86.13425307833772,0.0,0.0,5.208333333333333,0.36638087806051367,426.21674281456814,161.98924870566304,297.73844212150834,150.0,1.0,2.27263693959615,0.0,1848.4809294527704,490.34572061344073,477.96655230669484,3212.4457263471454,21.98871280517949,0.0,476.96430600873106,86.13425307833782,97.0526795248877,41.666666666666664,12.37916830674588,191703555.20905304,95824833.33333333,10.0,1.0,7.853981633974483,20.0,2.5,98.17477042468104,8782.261557878492,9.610776124023438,9.85894800101479,50.0,12.131584940610962,2302.786376953125,426.2167428145695,5.208333333333333,0.36638087806051367,161.98924870566304
310,0.84622,1.0,1,1564.2215321215233,0.0,490.34572061344085,9.61077612402344,76.88620899218752,86.49698511621096,1393.0835225756632,313.53181044198925,0.0,1251.7575221367294,1.0,0.0,0.0,19.36918850146321,0.0,305.1075006374924,8782.261557878492,9.61077612402344,9.85894800101479,50.0,12.131584940610974,2302.786376953125,12.131584940610974,86.1342530783379,86.13425307833784,0.0,0.0,5.208333333333333,0.36638087806051367,426.2167428145698,161.98924870566304,297.73844212150834,150.0,1.0,2.272636939596173,0.0,1848.4809294527704,490.34572061344073,477.96655230669484,3212.4457263471454,21.98871280517949,0.0,476.96430600873106,86.13425307833782,97.0526795248877,41.666666666666664,12.37916830674588,191703555.20905304,95824833.33333333,10.0,1.0,7.853981633974483,20.0,2.5,98.17477042468104,8782.261557878492,9.610776124023438,9.85894800101479,50.0,12.131584940610962,2302.786376953125,426.2167428145695,5.208333333333333,0.36638087806051367,161.98924870566304
311,0.847698,1.0,1,1566.9535869352544,0.0,490.34572061344085,9.61077612402344,76.88620899218752,86.49698511621096,1079.5517121336738,0.0,0.0,1251.7575221367294,1.0,0.0,0.0,19.369188501463203,0.0,307.36877439195587,8782.261557878492,9.61077612402344,9.85894800101479,50.0,12.131584940610974,2302.786376953125,12.131584940610974,86.1342530783379,86.13425307833784,0.0,0.0,5.208333333333333,0.36638087806051367,426.2167428145698,161.98924870566304,297.73844212150834,150.0,1.0,2.272636939158902,0.0,1848.4809294527704,490.34572061344073,477.96655230669484,3212.4457263471454,21.98871280517949,0.0,476.96430600873106,86.13425307833782,97.0526795248877,41.666666666666664,12.37916830674588,191703555.20905304,95824833.33333333,10.0,1.0,7.853981633974483,20.0,2.5,98.17477042468104,8782.261557878492,9.610776124023438,9.85894800101479,50.0,12.131584940610962,2302.786376953125,426.2167428145695,5.208333333333333,0.36638087806051367,161.98924870566304
312,0.577163,1.0,1,1066.8747986857493,0.0,490.34572061344085,9.61077612402344,76.88620899218752,86.49698511621096,1079.5517121336738,0.0,12.676913447924392,1238.4134027178616,1.0,0.0,0.0,19.369188501463203,0.0,309.6300481468617,8782.261557878492,9.61077612402344,9.85894800101479,50.0,12.131584940610974,2302.786376953125,12.131584940610974,86.1342530783379,86.13425307833784,0.0,0.0,5.208333333333333,0.36638087806051367,426.2167428145698,161.98924870566304,297.73844212150834,150.0,1.0,2.272636939596173,0.0,1848.4809294527704,490.34572061344073,477.96655230669484,3212.4457263471454,21.98871280517949,0.0,476.96430600873106,86.13425307833782,97.0526795248877,41.666666666666664,12.37916830674588,191703555.20905304,95824833.33333333,10.0,1.0,7.853981633974483,20.0,2.5,98.17477042468104,8782.261557878492,9.610776124023438,9.85894800101479,50.0,12.131584940610962,2302.786376953125,426.2167428145695,5.208333333333333,0.36638087806051367,161.98924870566304
313,0.596117,1.0,1,1101.910906222597,0.0,490.34572061344085,9.61077612402344,76.88620899218752,86.49698511621096,1079.5517121336738,0.0,0.0,1238.4134027178686,1.0,0.0,0.0,19.369188501463203,0.0,311.8913219017675,8782.261557878492,9.61077612402344,9.85894800101479,50.0,12.131584940610974,2302.786376953125,12.131584940610974,86.1342530783379,86.13425307833784,0.0,0.0,5.208333333333333,0.36638087806051367,426.2167428145698,161.98924870566304,297.73844212150834,150.0,1.0,2.272636939596173,0.0,1848.4809294527704,490.34572061344073,477.96655230669484,3212.4457263471454,21.98871280517949,0.0,476.96430600873106,86.13425307833782,97.0526795248877,41.666666666666664,12.37916830674588,191703555.20905304,95824833.33333333,10.0,1.0,7.853981633974483,20.0,2.5,98.17477042468104,8782.261557878492,9.610776124023438,9.85894800101479,50.0,12.131584940610962,2302.786376953125,426.2167428145695,5.208333333333333,0.36638087806051367,161.98924870566304
314,0.607581,1.0,1,1123.1018915978439,0.0,490.34572061344085,9.61077612402344,76.88620899218752,86.49698511621096,1079.5517121336738,0.0,0.0,1238.4134027178686,1.0,0.0,0.0,19.369188501463203,0.0,314.1525956566733,8782.261557878492,9.610776124023447,9.85894800101479,50.0,12.131584940610974,2302.786376953125,12.131584940610974,86.1342530783379,86.13425307833784,0.0,0.0,5.208333333333333,0.36638087806051367,426.2167428145698,161.98924870566304,297.73844212150834,150.0,1.0,2.272636939596173,0.0,1848.4809294527704,490.34572061344073,477.96655230669484,3212.4457263471454,21.98871280517949,0.0,476.96430600873106,86.13425307833782,97.0526795248877,41.666666666666664,12.37916830674588,191703555.20905304,95824833.33333333,10.0,1.0,7.853981633974483,20.0,2.5,98.17477042468104,8782.261557878492,9.610776124023438,9.85894800101479,50.0,12.131584940610962,2302.786376953125,426.2167428145695,5.208333333333333,0.36638087806051367,161.98924870566304
315,0.605928,1.0,1,1120.0463526214583,0.0,490.34572061344085,9.61077612402344,76.88620899218752,86.49698511621096,1120.046352621459,40.49464048778498,0.0,1276.8833111812644,1.0,0.0,0.0,19.369188501463203,0.0,316.4138694115791,8782.261557878492,9.61077612402344,9.85894800101479,50.0,12.131584940610974,2302.786376953125,12.131584940610974,86.1342530783379,86.13425307833784,0.0,0.0,5.208333333333333,0.36638087806051367,426.2167428145698,161.98924870566304,297.73844212150834,150.0,1.0,2.272636939596173,0.0,1848.4809294527704,490.34572061344073,477.96655230669484,3212.4457263471454,21.98871280517949,0.0,476.96430600873106,86.13425307833782,97.0526795248877,41.666666666666664,12.37916830674588,191703555.20905304,95824833.33333333,10.0,1.0,7.853981633974483,20.0,2.5,98.17477042468104,8782.261557878492,9.610776124023438,9.85894800101479,50.0,12.131584940610962,2302.786376953125,426.2167428145695,5.208333333333333,0.36638087806051367,161.98924870566304
316,0.615582,1.0,1,1137.8915875143953,0.0,490.34572061344085,9.61077612402344,76.88620899218752,86.49698511621096,1137.8915875143957,58.33987538072199,0.0,1332.3061927929502,1.0,0.0,0.0,19.369188501463203,0.0,318.67514316648493,8782.261557878492,9.61077612402344,9.85894800101479,50.0,12.131584940610974,2302.786376953125,12.131584940610974,86.1342530783379,86.13425307833784,0.0,0.0,5.208333333333333,0.36638087806051367,426.2167428145698,161.98924870566304,297.73844212150834,150.0,1.0,2.272636939596173,0.0,1848.4809294527704,490.34572061344073,477.96655230669484,3212.4457263471454,21.98871280517949,0.0,476.96430600873106,86.13425307833782,97.0526795248877,41.666666666666664,12.37916830674588,191703555.20905304,95824833.33333333,10.0,1.0,7.853981633974483,20.0,2.5,98.17477042468104,8782.261557878492,9.610776124023438,9.85894800101479,50.0,12.131584940610962,2302.786376953125,426.2167428145695,5.208333333333333,0.36638087806051367,161.98924870566304
317,0.6446280000000001,1.0,1,1191.5825645912807,0.0,490.34572061344085,9.61077612402344,76.88620899218752,86.49698511621096,1191.5825645912826,112.03085245760877,0.0,1438.7355026276787,1.0,0.0,0.0,19.369188501463203,0.0,320.93641692137595,8782.261557878492,9.61077612402344,9.85894800101479,50.0,12.131584940610974,2302.786376953125,12.131584940610974,86.1342530783379,86.13425307833784,0.0,0.0,5.208333333333333,0.36638087806051367,426.2167428145698,161.98924870566304,297.73844212150834,150.0,1.0,2.272636939596173,0.0,1848.4809294527704,490.34572061344073,477.96655230669484,3212.4457263471454,21.98871280517949,0.0,476.96430600873106,86.13425307833782,97.0526795248877,41.666666666666664,12.37916830674588,191703555.20905304,95824833.33333333,10.0,1.0,7.853981633974483,20.0,2.5,98.17477042468104,8782.261557878492,9.610776124023438,9.85894800101479,50.0,12.131584940610962,2302.786376953125,426.2167428145695,5.208333333333333,0.36638087806051367,161.98924870566304
318,0.6789769999999999,1.0,1,1255.0760360370537,0.0,490.34572061344085,9.61077612402344,76.88620899218752,86.49698511621096,1255.0760360370537,175.52432390338026,0.0,1605.48361033589,1.0,0.0,0.0,19.369188501463203,0.0,323.19769067627396,8782.261557878492,9.61077612402344,9.85894800101479,50.0,12.131584940610947,2302.786376953125,12.131584940610947,86.13425307833772,86.13425307833772,0.0,0.0,5.208333333333333,0.36638087806051367,426.21674281456944,161.98924870566304,297.73844212150834,150.0,1.0,2.27263693959615,0.0,1848.4809294527704,490.34572061344073,477.96655230669484,3212.4457263471454,21.98871280517949,0.0,476.96430600873106,86.13425307833782,97.0526795248877,41.666666666666664,12.37916830674588,191703555.20905304,95824833.33333333,10.0,1.0,7.853981633974483,20.0,2.5,98.17477042468104,8782.261557878492,9.610776124023438,9.85894800101479,50.0,12.131584940610962,2302.786376953125,426.2167428145695,5.208333333333333,0.36638087806051367,161.98924870566304
319,0.6915359999999999,1.0,1,1278.291108030051,0.0,490.34572061344085,9.61077612402344,76.88620899218752,86.49698511621096,1278.2911080300523,198.73939589637905,0.0,1794.28603643745,1.0,0.0,0.0,19.369188501463203,0.0,325.45896443117215,8782.261557878492,9.61077612402344,9.85894800101479,50.0,12.131584940610962,2302.786376953125,12.131584940610962,86.13425307833782,86.13425307833782,0.0,0.0,5.208333333333333,0.36638087806051367,426.21674281456944,161.98924870566304,297.73844212150834,150.0,1.0,2.272636939596172,0.0,1848.4809294527704,490.34572061344073,477.96655230669484,3212.4457263471454,21.98871280517949,0.0,476.96430600873106,86.13425307833782,97.0526795248877,41.666666666666664,12.37916830674588,191703555.20905304,95824833.33333333,10.0,1.0,7.853981633974483,20.0,2.5,98.17477042468104,8782.261557878492,9.610776124023438,9.85894800101479,50.0,12.131584940610962,2302.786376953125,426.2167428145695,5.208333333333333,0.36638087806051367,161.98924870566304
320,0.679821,1.0,1,1256.6361539415118,0.0,490.34572061344085,9.61077612402344,76.88620899218752,86.49698511621096,1256.6361539415118,177.08444180783795,0.0,1962.5162561548962,1.0,0.0,0.0,19.369188501463203,0.0,327.72023818607033,8782.261557878492,9.61077612402344,9.85894800101479,50.0,12.131584940610974,2302.786376953125,12.131584940610974,86.1342530783379,86.13425307833784,0.0,0.0,5.208333333333333,0.36638087806051367,426.2167428145698,161.98924870566304,297.73844212150834,150.0,1.0,2.2726369395961767,0.0,1848.4809294527704,490.34572061344073,477.96655230669484,3212.4457263471454,21.98871280517949,0.0,476.96430600873106,86.13425307833782,97.0526795248877,41.666666666666664,12.37916830674588,191703555.20905304,95824833.33333333,10.0,1.0,7.853981633974483,20.0,2.5,98.17477042468104,8782.261557878492,9.610776124023438,9.85894800101479,50.0,12.131584940610962,2302.786376953125,426.2167428145695,5.208333333333333,0.36638087806051367,161.98924870566304
321,0.636897,1.0,1,1177.2919585256811,0.0,490.34572061344085,9.61077612402344,76.88620899218752,86.49698511621096,1177.29195852568,97.74024639200786,0.0,2055.3694902273037,1.0,0.0,0.0,19.369188501463203,0.0,329.9815119409685,8782.261557878492,9.61077612402344,9.85894800101479,50.0,12.131584940610962,2302.786376953125,12.131584940610962,86.13425307833782,86.13425307833782,0.0,0.0,5.208333333333333,0.36638087806051367,426.21674281456814,161.98924870566304,297.73844212150834,150.0,1.0,2.272636939596166,0.0,1848.4809294527704,490.34572061344073,477.96655230669484,3212.4457263471454,21.98871280517949,0.0,476.96430600873106,86.13425307833782,97.0526795248877,41.666666666666664,12.37916830674588,191703555.20905304,95824833.33333333,10.0,1.0,7.853981633974483,20.0,2.5,98.17477042468104,8782.261557878492,9.610776124023438,9.85894800101479,50.0,12.131584940610962,2302.786376953125,426.2167428145695,5.208333333333333,0.36638087806051367,161.98924870566304
322,0.5760510000000001,1.0,1,1064.819287892198,0.0,490.34572061344085,9.61077612402344,76.88620899218752,86.49698511621096,1079.5517121336734,0.0,14.732424241475655,2039.8616752362766,1.0,0.0,0.0,19.369188501463203,0.0,332.2427856958667,8782.261557878492,9.61077612402344,9.85894800101479,50.0,12.131584940610962,2302.786376953125,12.131584940610962,86.13425307833782,86.13425307833782,0.0,0.0,5.208333333333333,0.36638087806051367,426.21674281456944,161.98924870566304,297.73844212150834,150.0,1.0,2.272636939596166,0.0,1848.4809294527704,490.34572061344073,477.96655230669484,3212.4457263471454,21.98871280517949,0.0,476.96430600873106,86.13425307833782,97.0526795248877,41.666666666666664,12.37916830674588,191703555.20905304,95824833.33333333,10.0,1.0,7.853981633974483,20.0,2.5,98.17477042468104,8782.261557878492,9.610776124023438,9.85894800101479,50.0,12.131584940610962,2302.786376953125,426.2167428145695,5.208333333333333,0.36638087806051367,161.98924870566304
323,0.56789,1.0,1,1049.7338350269338,0.0,490.34572061344073,9.610776124023438,76.8862089921875,86.49698511621094,1079.5517121336734,0.0,29.817877106739502,2008.4744361765509,1.0,0.0,0.0,19.369188501463203,0.0,334.5040594509199,8782.261557878492,9.610776124023438,9.85894800101479,50.0,12.131584940610962,2302.786376953125,12.131584940610962,86.13425307833782,86.13425307833782,0.0,0.0,5.208333333333333,0.36638087806051367,426.21674281456944,161.98924870566304,297.73844212150834,150.0,1.0,2.272636939596172,0.0,1848.4809294527704,490.34572061344073,477.96655230669484,3212.4457263471454,21.98871280517949,0.0,476.96430600873106,86.13425307833782,97.0526795248877,41.666666666666664,12.37916830674588,191703555.20905304,95824833.33333333,10.0,1.0,7.853981633974483,20.0,2.5,98.17477042468104,8782.261557878492,9.610776124023438,9.85894800101479,50.0,12.131584940610962,2302.786376953125,426.2167428145695,5.208333333333333,0.36638087806051367,161.98924870566304
324,0.591,1.0,1,1092.4522293065872,0.0,490.34572061344085,9.61077612402344,76.88620899218752,86.49698511621096,1079.551712133672,0.0,0.0,2008.4744361765509,1.0,0.0,0.0,19.369188501463206,0.0,336.7653332058181,8782.261557878492,9.61077612402344,9.85894800101479,50.0,12.131584940610947,2302.786376953125,12.131584940610947,86.13425307833772,86.13425307833772,0.0,0.0,5.208333333333333,0.36638087806051367,426.21674281456814,161.98924870566304,297.73844212150834,150.0,1.0,2.27263693959615,0.0,1848.4809294527704,490.34572061344073,477.96655230669484,3212.4457263471454,21.98871280517949,0.0,476.96430600873106,86.13425307833782,97.0526795248877,41.666666666666664,12.37916830674588,191703555.20905304,95824833.33333333,10.0,1.0,7.853981633974483,20.0,2.5,98.17477042468104,8782.261557878492,9.610776124023438,9.85894800101479,50.0,12.131584940610962,2302.786376953125,426.2167428145695,5.208333333333333,0.36638087806051367,161.98924870566304
325,0.616409,1.0,1,1139.4202812430526,0.0,490.34572061344085,9.61077612402344,76.88620899218752,86.49698511621096,1104.6300216698085,25.078309536134647,0.0,2032.2988302358788,1.0,0.0,0.0,19.369188501463206,0.0,339.02660696071626,8782.261557878492,9.61077612402344,9.85894800101479,50.0,12.131584940610974,2302.786376953125,12.131584940610974,86.1342530783379,86.13425307833784,0.0,0.0,5.208333333333333,0.36638087806051367,426.2167428145698,161.98924870566304,297.73844212150834,150.0,1.0,2.272636939596173,0.0,1848.4809294527704,490.34572061344073,477.96655230669484,3212.4457263471454,21.98871280517949,0.0,476.96430600873106,86.13425307833782,97.0526795248877,41.666666666666664,12.37916830674588,191703555.20905304,95824833.33333333,10.0,1.0,7.853981633974483,20.0,2.5,98.17477042468104,8782.261557878492,9.610776124023438,9.85894800101479,50.0,12.131584940610962,2302.786376953125,426.2167428145695,5.208333333333333,0.36638087806051367,161.98924870566304
326,0.626809,1.0,1,1158.6444829093614,0.0,490.34572061344085,9.61077612402344,76.88620899218752,86.49698511621096,1158.6444829093525,79.09277077568056,0.0,2107.436962472775,1.0,0.0,0.0,19.369188501463206,0.0,341.28788071561445,8782.261557878492,9.610776124023435,9.85894800101479,50.0,12.131584940610962,2302.786376953125,12.131584940610962,86.13425307833782,86.13425307833782,0.0,0.0,5.208333333333333,0.36638087806051367,426.21674281456814,161.98924870566304,297.73844212150834,150.0,1.0,2.272636939596166,0.0,1848.4809294527704,490.34572061344073,477.96655230669484,3212.4457263471454,21.98871280517949,0.0,476.96430600873106,86.13425307833782,97.0526795248877,41.666666666666664,12.37916830674588,191703555.20905304,95824833.33333333,10.0,1.0,7.853981633974483,20.0,2.5,98.17477042468104,8782.261557878492,9.610776124023438,9.85894800101479,50.0,12.131584940610962,2302.786376953125,426.2167428145695,5.208333333333333,0.36638087806051367,161.98924870566304
327,0.627578,1.0,1,1160.0659647441107,0.0,490.34572061344073,9.610776124023438,76.8862089921875,86.49698511621094,1079.5517121336734,0.0,0.0,2107.4369624727756,1.0,0.0,0.0,19.369188501463206,0.0,343.54915447051263,8782.261557878492,9.610776124023438,9.85894800101479,50.0,12.131584940610962,2302.786376953125,12.131584940610962,86.13425307833782,86.13425307833782,0.0,0.0,5.208333333333333,0.36638087806051367,426.21674281456944,161.98924870566304,297.73844212150834,150.0,1.0,2.272636939596172,0.0,1848.4809294527704,490.34572061344073,477.96655230669484,3212.4457263471454,21.98871280517949,0.0,476.96430600873106,86.13425307833782,97.0526795248877,41.666666666666664,12.37916830674588,191703555.20905304,95824833.33333333,10.0,1.0,7.853981633974483,20.0,2.5,98.17477042468104,8782.261557878492,9.610776124023438,9.85894800101479,50.0,12.131584940610962,2302.786376953125,426.2167428145695,5.208333333333333,0.36638087806051367,161.98924870566304
328,0.6163540000000001,1.0,1,1139.318614791933,0.0,490.34572061344073,9.610776124023438,76.8862089921875,86.49698511621094,1139.3186147919346,59.76690265826113,0.0,2164.2155199981235,1.0,0.0,0.0,19.369188501463206,0.0,345.8104282254108,8782.261557878492,9.610776124023438,9.85894800101479,50.0,12.131584940610962,2302.786376953125,12.131584940610962,86.13425307833782,86.13425307833782,0.0,0.0,5.208333333333333,0.36638087806051367,426.21674281456944,161.98924870566304,297.73844212150834,150.0,1.0,2.272636939596172,0.0,1848.4809294527704,490.34572061344073,477.96655230669484,3212.4457263471454,21.98871280517949,0.0,476.96430600873106,86.13425307833782,97.0526795248877,41.666666666666664,12.37916830674588,191703555.20905304,95824833.33333333,10.0,1.0,7.853981633974483,20.0,2.5,98.17477042468104,8782.261557878492,9.610776124023438,9.85894800101479,50.0,12.131584940610962,2302.786376953125,426.2167428145695,5.208333333333333,0.36638087806051367,161.98924870566304
329,0.586364,1.0,1,1083.8826717176441,0.0,490.34572061344073,9.610776124023438,76.8862089921875,86.49698511621094,1079.5517121336734,0.0,0.0,2164.2155199981235,1.0,0.0,0.0,19.369188501463206,0.0,348.071701980309,8782.261557878492,9.610776124023438,9.85894800101479,50.0,12.131584940610962,2302.786376953125,12.131584940610962,86.13425307833782,86.13425307833782,0.0,0.0,5.208333333333333,0.36638087806051367,426.21674281456944,161.98924870566304,297.73844212150834,150.0,1.0,2.272636939596172,0.0,1848.4809294527704,490.34572061344073,477.96655230669484,3212.4457263471454,21.98871280517949,0.0,476.96430600873106,86.13425307833782,97.0526795248877,41.666666666666664,12.37916830674588,191703555.20905304,95824833.33333333,10.0,1.0,7.853981633974483,20.0,2.5,98.17477042468104,8782.261557878492,9.610776124023438,9.85894800101479,50.0,12.131584940610962,2302.786376953125,426.2167428145695,5.208333333333333,0.36638087806051367,161.98924870566304
330,0.5455019999999999,1.0,1,1008.3500439783451,0.0,490.34572061344073,9.610776124023438,76.8862089921875,86.49698511621094,1079.5517121336734,0.0,71.20166815532826,2089.2663956240935,1.0,0.0,0.0,19.369188501463206,0.0,350.3329757352072,8782.261557878492,9.610776124023438,9.85894800101479,50.0,12.131584940610962,2302.786376953125,12.131584940610962,86.13425307833782,86.13425307833782,0.0,0.0,5.208333333333333,0.36638087806051367,426.21674281456944,161.98924870566304,297.73844212150834,150.0,1.0,2.272636939596172,0.0,1848.4809294527704,490.34572061344073,477.96655230669484,3212.4457263471454,21.98871280517949,0.0,476.96430600873106,86.13425307833782,97.0526795248877,41.666666666666664,12.37916830674588,191703555.20905304,95824833.33333333,10.0,1.0,7.853981633974483,20.0,2.5,98.17477042468104,8782.261557878492,9.610776124023438,9.85894800101479,50.0,12.131584940610962,2302.786376953125,426.2167428145695,5.208333333333333,0.36638087806051367,161.98924870566304
331,0.507926,1.0,1,938.8915245732278,0.0,490.34572061344085,9.61077612402344,76.88620899218752,86.49698511621096,1079.5517121336734,0.0,140.66018756044417,1941.2030402973103,0.0,0.0,0.0,19.36918850146321,0.0,352.59424949010537,8782.261557878492,9.610776124023438,9.85894800101479,50.0,12.131584940610962,2302.786376953125,12.131584940610962,86.13425307833782,86.13425307833782,0.0,0.0,5.208333333333333,0.36638087806051367,426.21674281456944,161.98924870566304,297.73844212150834,150.0,1.0,2.272636939596172,0.0,1848.4809294527704,490.34572061344073,477.96655230669484,3212.4457263471454,21.98871280517949,0.0,476.96430600873106,86.13425307833782,97.0526795248877,41.666666666666664,12.37916830674588,191703555.20905304,95824833.33333333,10.0,1.0,7.853981633974483,20.0,2.5,98.17477042468104,8782.261557878492,9.610776124023438,9.85894800101479,50.0,12.131584940610962,2302.786376953125,426.2167428145695,5.208333333333333,0.36638087806051367,161.98924870566304
332,0.480259,1.0,1,887.7496026980581,0.0,490.34572061344085,9.61077612402344,76.88620899218752,86.49698511621096,1079.5517121336734,0.0,191.80210943561542,1739.3060829966626,0.0,0.0,0.0,19.369188501463213,0.0,354.8555232450035,8782.261557878492,9.610776124023435,9.85894800101479,50.0,12.131584940610939,2302.786376953125,12.131584940610939,86.13425307833766,86.13425307833772,0.0,0.0,5.208333333333333,0.36638087806051367,426.2167428145695,161.98924870566304,297.73844212150834,150.0,1.0,2.272636939596141,0.0,1848.4809294527704,490.34572061344073,477.96655230669484,3212.4457263471454,21.98871280517949,0.0,476.96430600873106,86.13425307833782,97.0526795248877,41.666666666666664,12.37916830674588,191703555.20905304,95824833.33333333,10.0,1.0,7.853981633974483,20.0,2.5,98.17477042468104,8782.261557878492,9.610776124023438,9.85894800101479,50.0,12.131584940610962,2302.786376953125,426.2167428145695,5.208333333333333,0.36638087806051367,161.98924870566304
333,0.455491,1.0,1,841.9664270373718,0.0,490.34572061344073,9.610776124023438,76.8862089921875,86.49698511621094,1079.5517121336734,0.0,237.58528509630287,1489.2163092110804,1.0,0.0,0.0,19.369188501463213,0.0,357.11679699990174,8782.261557878492,9.610776124023438,9.85894800101479,50.0,12.131584940610974,2302.786376953125,12.131584940610974,86.1342530783379,86.13425307833784,0.0,0.0,5.208333333333333,0.36638087806051367,426.2167428145698,161.98924870566304,297.73844212150834,150.0,1.0,2.272636939596173,0.0,1848.4809294527704,490.34572061344073,477.96655230669484,3212.4457263471454,21.98871280517949,0.0,476.96430600873106,86.13425307833782,97.0526795248877,41.666666666666664,12.37916830674588,191703555.20905304,95824833.33333333,10.0,1.0,7.853981633974483,20.0,2.5,98.17477042468104,8782.261557878492,9.610776124023438,9.85894800101479,50.0,12.131584940610962,2302.786376953125,426.2167428145695,5.208333333333333,0.36638087806051367,161.98924870566304
334,0.436751,1.0,1,807.325894419427,0.0,490.34572061344085,9.61077612402344,76.88620899218752,86.49698511621096,1079.5517121336734,0.0,272.2258177142464,1202.6628168802947,0.0,0.0,0.0,19.36918850146335,0.0,359.37807075479986,8782.261557878492,9.610776124023435,9.85894800101479,50.0,12.131584940610947,2302.786376953125,12.131584940610947,86.13425307833772,86.13425307833772,0.0,0.0,5.208333333333333,0.36638087806051367,426.21674281456944,161.98924870566304,297.73844212150834,150.0,1.0,2.27263693959615,0.0,1848.4809294527704,490.34572061344073,477.96655230669484,3212.4457263471454,21.98871280517949,0.0,476.96430600873106,86.13425307833782,97.0526795248877,41.666666666666664,12.37916830674588,191703555.20905304,95824833.33333333,10.0,1.0,7.853981633974483,20.0,2.5,98.17477042468104,8782.261557878492,9.610776124023438,9.85894800101479,50.0,12.131584940610962,2302.786376953125,426.2167428145695,5.208333333333333,0.36638087806051367,161.98924870566304
335,0.425984,1.0,1,787.4233002520089,0.0,490.34572061344073,9.610776124023438,76.8862089921875,86.49698511621094,1079.551712133672,0.0,292.12841188166306,895.1592254259126,1.0,0.0,0.0,19.36918850146335,0.0,361.63934450969805,8782.261557878492,9.610776124023438,9.85894800101479,50.0,12.131584940610947,2302.786376953125,12.131584940610947,86.13425307833772,86.13425307833772,0.0,0.0,5.208333333333333,0.36638087806051367,426.21674281456814,161.98924870566304,297.73844212150834,150.0,1.0,2.27263693959615,0.0,1848.4809294527704,490.34572061344073,477.96655230669484,3212.4457263471454,21.98871280517949,0.0,476.96430600873106,86.13425307833782,97.0526795248877,41.666666666666664,12.37916830674588,191703555.20905304,95824833.33333333,10.0,1.0,7.853981633974483,20.0,2.5,98.17477042468104,8782.261557878492,9.610776124023438,9.85894800101479,50.0,12.131584940610962,2302.786376953125,426.2167428145695,5.208333333333333,0.36638087806051367,161.98924870566304
336,0.489574,1.0,1,904.9682025559106,0.0,490.34572061344085,9.61077612402344,76.88620899218752,86.49698511621096,1079.551712133672,0.0,174.58350957776148,711.3871100809006,0.0,0.0,0.0,19.369188501463356,0.0,363.90061826459623,8782.261557878492,9.610776124023433,9.85894800101479,50.0,12.131584940610947,2302.786376953125,12.131584940610947,86.13425307833772,86.13425307833772,0.0,0.0,5.208333333333333,0.36638087806051367,426.21674281456814,161.98924870566304,297.73844212150834,150.0,1.0,2.27263693959615,0.0,1848.4809294527704,490.34572061344073,477.96655230669484,3212.4457263471454,21.98871280517949,0.0,476.96430600873106,86.13425307833782,97.0526795248877,41.666666666666664,12.37916830674588,191703555.20905304,95824833.33333333,10.0,1.0,7.853981633974483,20.0,2.5,98.17477042468104,8782.261557878492,9.610776124023438,9.85894800101479,50.0,12.131584940610962,2302.786376953125,426.2167428145695,5.208333333333333,0.36638087806051367,161.98924870566304
337,0.514301,1.0,1,950.6755904984893,0.0,490.34572061344085,9.61077612402344,76.88620899218752,86.49698511621096,1079.5517121336734,0.0,128.876121635184,575.7280346754436,0.0,0.0,0.0,19.369188501463356,0.0,366.1618920194944,8782.261557878492,9.610776124023438,9.85894800101479,50.0,12.131584940610978,2302.786376953125,12.131584940610978,86.13425307833793,86.13425307833784,0.0,0.0,5.208333333333333,0.36638087806051367,426.21674281456944,161.98924870566304,297.73844212150834,150.0,1.0,2.2726369395961767,0.0,1848.4809294527704,490.34572061344073,477.96655230669484,3212.4457263471454,21.98871280517949,0.0,476.96430600873106,86.13425307833782,97.0526795248877,41.666666666666664,12.37916830674588,191703555.20905304,95824833.33333333,10.0,1.0,7.853981633974483,20.0,2.5,98.17477042468104,8782.261557878492,9.610776124023438,9.85894800101479,50.0,12.131584940610962,2302.786376953125,426.2167428145695,5.208333333333333,0.36638087806051367,161.98924870566304
338,0.535366,1.0,1,989.6138412774119,0.0,490.34572061344056,9.610776124023435,76.88620899218748,86.49698511621091,1079.5517121336716,0.0,89.93787085625979,481.05659166885437,-0.0,0.0,0.0,19.369188501463356,0.0,368.4231657743926,8782.261557878492,9.610776124023435,9.85894800101479,50.0,12.131584940610962,2302.786376953125,12.131584940610962,86.13425307833782,86.13425307833782,0.0,0.0,5.208333333333333,0.36638087806051367,426.21674281456814,161.98924870566304,297.73844212150834,150.0,1.0,2.272636939596166,0.0,1848.4809294527704,490.34572061344073,477.96655230669484,3212.4457263471454,21.98871280517949,0.0,476.96430600873106,86.13425307833782,97.0526795248877,41.666666666666664,12.37916830674588,191703555.20905304,95824833.33333333,10.0,1.0,7.853981633974483,20.0,2.5,98.17477042468104,8782.261557878492,9.610776124023438,9.85894800101479,50.0,12.131584940610962,2302.786376953125,426.2167428145695,5.208333333333333,0.36638087806051367,161.98924870566304
339,0.521639,1.0,1,964.2397435588136,0.0,490.34572061344073,9.610776124023438,76.8862089921875,86.49698511621094,1079.5517121336734,0.0,115.31196857485966,359.6755721163705,1.0,0.0,0.0,19.369188501463356,0.0,370.6844395292908,8782.261557878492,9.610776124023438,9.85894800101479,50.0,12.131584940610962,2302.786376953125,12.131584940610962,86.13425307833782,86.13425307833782,0.0,0.0,5.208333333333333,0.36638087806051367,426.21674281456944,161.98924870566304,297.73844212150834,150.0,1.0,2.272636939596172,0.0,1848.4809294527704,490.34572061344073,477.96655230669484,3212.4457263471454,21.98871280517949,0.0,476.96430600873106,86.13425307833782,97.0526795248877,41.666666666666664,12.37916830674588,191703555.20905304,95824833.33333333,10.0,1.0,7.853981633974483,20.0,2.5,98.17477042468104,8782.261557878492,9.610776124023438,9.85894800101479,50.0,12.131584940610962,2302.786376953125,426.2167428145695,5.208333333333333,0.36638087806051367,161.98924870566304
340,0.5045299999999999,1.0,1,932.6140833368061,0.0,490.34572061344085,9.61077612402344,76.88620899218752,86.49698511621096,1079.551712133672,0.0,146.93762879686727,205.0043839091418,0.0,0.0,0.0,19.369188501463363,0.0,372.94571328418897,8782.261557878492,9.610776124023435,9.85894800101479,50.0,12.131584940610962,2302.786376953125,12.131584940610962,86.13425307833782,86.13425307833782,0.0,0.0,5.208333333333333,0.36638087806051367,426.21674281456814,161.98924870566304,297.73844212150834,150.0,1.0,2.272636939596166,0.0,1848.4809294527704,490.34572061344073,477.96655230669484,3212.4457263471454,21.98871280517949,0.0,476.96430600873106,86.13425307833782,97.0526795248877,41.666666666666664,12.37916830674588,191703555.20905304,95824833.33333333,10.0,1.0,7.853981633974483,20.0,2.5,98.17477042468104,8782.261557878492,9.610776124023438,9.85894800101479,50.0,12.131584940610962,2302.786376953125,426.2167428145695,5.208333333333333,0.36638087806051367,161.98924870566304
341,0.511459,1.0,1,945.4222076969845,0.0,490.34572061344085,9.61077612402344,76.88620899218752,86.49698511621096,1079.5517121336707,0.0,134.1295044366854,63.81543187052557,0.0,0.0,0.0,19.36918850146337,0.0,375.20698703908715,8782.261557878492,9.610776124023433,9.85894800101479,50.0,12.131584940610947,2302.786376953125,12.131584940610947,86.13425307833772,86.13425307833772,0.0,0.0,5.208333333333333,0.36638087806051367,426.21674281456677,161.98924870566304,297.73844212150834,150.0,1.0,2.27263693959615,0.0,1848.4809294527704,490.34572061344073,477.96655230669484,3212.4457263471454,21.98871280517949,0.0,476.96430600873106,86.13425307833782,97.0526795248877,41.666666666666664,12.37916830674588,191703555.20905304,95824833.33333333,10.0,1.0,7.853981633974483,20.0,2.5,98.17477042468104,8782.261557878492,9.610776124023438,9.85894800101479,50.0,12.131584940610962,2302.786376953125,426.2167428145695,5.208333333333333,0.36638087806051367,161.98924870566304
342,0.551224,1.0,1,1018.927051856674,0.0,490.34572061344073,9.610776124023438,76.8862089921875,86.49698511621094,1079.5517121336734,0.0,60.62466027699929,0.0,1.0,0.0,0.0,19.36918850146337,0.0,377.46826079398534,8782.261557878492,9.610776124023438,9.85894800101479,50.0,12.131584940610962,2302.786376953125,12.131584940610962,86.13425307833782,86.13425307833782,0.0,0.0,5.208333333333333,0.36638087806051367,426.21674281456944,161.98924870566304,297.73844212150834,150.0,1.0,2.272636939596172,0.0,1848.4809294527704,490.34572061344073,477.96655230669484,3212.4457263471454,21.98871280517949,0.0,476.96430600873106,86.13425307833782,97.0526795248877,41.666666666666664,12.37916830674588,191703555.20905304,95824833.33333333,10.0,1.0,7.853981633974483,20.0,2.5,98.17477042468104,8782.261557878492,9.610776124023438,9.85894800101479,50.0,12.131584940610962,2302.786376953125,426.2167428145695,5.208333333333333,0.36638087806051367,161.98924870566304
343,0.623417,1.0,1,1152.3744355966578,0.0,490.34572061344085,9.61077612402344,76.88620899218752,86.49698511621096,1152.3744355966578,72.82272346298453,0.0,69.18158728983529,1.0,0.0,0.0,19.36918850146337,0.0,379.7295345488835,8782.261557878492,9.61077612402344,9.85894800101479,50.0,12.131584940610953,2302.786376953125,12.131584940610953,86.13425307833776,86.13425307833782,0.0,0.0,5.208333333333333,0.36638087806051367,426.21674281456944,161.98924870566304,297.73844212150834,150.0,1.0,2.2726369395961554,0.0,1848.4809294527704,490.34572061344073,477.96655230669484,3212.4457263471454,21.98871280517949,0.0,476.96430600873106,86.13425307833782,97.0526795248877,41.666666666666664,12.37916830674588,191703555.20905304,95824833.33333333,10.0,1.0,7.853981633974483,20.0,2.5,98.17477042468104,8782.261557878492,9.610776124023438,9.85894800101479,50.0,12.131584940610962,2302.786376953125,426.2167428145695,5.208333333333333,0.36638087806051367,161.98924870566304
344,0.675791,1.0,1,1249.1867757958173,0.0,490.34572061344073,9.610776124023438,76.8862089921875,86.49698511621094,1079.5517121336734,0.0,0.0,69.1815872898353,1.0,0.0,0.0,19.36918850146337,0.0,381.9908083037817,8782.261557878492,9.610776124023438,9.85894800101479,50.0,12.131584940610962,2302.786376953125,12.131584940610962,86.13425307833782,86.13425307833782,0.0,0.0,5.208333333333333,0.36638087806051367,426.21674281456944,161.98924870566304,297.73844212150834,150.0,1.0,2.272636939596172,0.0,1848.4809294527704,490.34572061344073,477.96655230669484,3212.4457263471454,21.98871280517949,0.0,476.96430600873106,86.13425307833782,97.0526795248877,41.666666666666664,12.37916830674588,191703555.20905304,95824833.33333333,10.0,1.0,7.853981633974483,20.0,2.5,98.17477042468104,8782.261557878492,9.610776124023438,9.85894800101479,50.0,12.131584940610962,2302.786376953125,426.2167428145695,5.208333333333333,0.36638087806051367,161.98924870566304
345,0.7012229999999999,1.0,1,1296.1973427936598,0.0,490.34572061344085,9.61077612402344,76.88620899218752,86.49698511621096,1079.5517121336734,0.0,0.0,69.1815872898353,0.0,0.0,0.0,19.36918850146337,0.0,384.2520820586799,8782.261557878492,9.610776124023438,9.85894800101479,50.0,12.131584940610962,2302.786376953125,12.131584940610962,86.13425307833782,86.13425307833782,0.0,0.0,5.208333333333333,0.36638087806051367,426.2167428145695,161.98924870566304,297.73844212150834,150.0,1.0,2.2726369395961656,0.0,1848.4809294527704,490.34572061344073,477.96655230669484,3212.4457263471454,21.98871280517949,0.0,476.96430600873106,86.13425307833782,97.0526795248877,41.666666666666664,12.37916830674588,191703555.20905304,95824833.33333333,10.0,1.0,7.853981633974483,20.0,2.5,98.17477042468104,8782.261557878492,9.610776124023438,9.85894800101479,50.0,12.131584940610962,2302.786376953125,426.2167428145695,5.208333333333333,0.36638087806051367,161.98924870566304
346,0.676667,1.0,1,1250.8060450900177,0.0,490.34572061344085,9.61077612402344,76.88620899218752,86.49698511621096,1250.8060450900207,171.25433295634718,0.0,231.87320359836514,0.0,0.0,0.0,19.369188501463377,0.0,386.5133558135781,8782.261557878492,9.610776124023438,9.85894800101479,50.0,12.131584940610962,2302.786376953125,12.131584940610962,86.13425307833782,86.13425307833782,0.0,0.0,5.208333333333333,0.36638087806051367,426.21674281456944,161.98924870566304,297.73844212150834,150.0,1.0,2.272636939596172,0.0,1848.4809294527704,490.34572061344073,477.96655230669484,3212.4457263471454,21.98871280517949,0.0,476.96430600873106,86.13425307833782,97.0526795248877,41.666666666666664,12.37916830674588,191703555.20905304,95824833.33333333,10.0,1.0,7.853981633974483,20.0,2.5,98.17477042468104,8782.261557878492,9.610776124023438,9.85894800101479,50.0,12.131584940610962,2302.786376953125,426.2167428145695,5.208333333333333,0.36638087806051367,161.98924870566304
347,0.64408,1.0,1,1190.5695970419404,0.0,490.345720613441,9.610776124023444,76.88620899218755,86.496985116211,1190.569597041939,111.0178849082684,0.0,337.3401942612201,1.0,0.0,0.0,19.369188501463377,0.0,388.77462956847626,8782.261557878492,9.610776124023444,9.85894800101479,50.0,12.131584940610965,2302.786376953125,12.131584940610965,86.13425307833785,86.13425307833784,0.0,0.0,5.208333333333333,0.36638087806051367,426.21674281456677,161.98924870566304,297.73844212150834,150.0,1.0,2.272636939596168,0.0,1848.4809294527704,490.34572061344073,477.96655230669484,3212.4457263471454,21.98871280517949,0.0,476.96430600873106,86.13425307833782,97.0526795248877,41.666666666666664,12.37916830674588,191703555.20905304,95824833.33333333,10.0,1.0,7.853981633974483,20.0,2.5,98.17477042468104,8782.261557878492,9.610776124023438,9.85894800101479,50.0,12.131584940610962,2302.786376953125,426.2167428145695,5.208333333333333,0.36638087806051367,161.98924870566304
348,0.639816,1.0,1,1182.6876743587538,0.0,490.34572061344073,9.610776124023438,76.8862089921875,86.49698511621094,1182.6876743587563,103.13596222508306,0.0,435.31935837504903,1.0,0.0,0.0,19.369188501463384,0.0,391.0359033233745,8782.261557878492,9.610776124023438,9.85894800101479,50.0,12.131584940610962,2302.786376953125,12.131584940610962,86.13425307833782,86.13425307833782,0.0,0.0,5.208333333333333,0.36638087806051367,426.21674281456944,161.98924870566304,297.73844212150834,150.0,1.0,2.272636939596172,0.0,1848.4809294527704,490.34572061344073,477.96655230669484,3212.4457263471454,21.98871280517949,0.0,476.96430600873106,86.13425307833782,97.0526795248877,41.666666666666664,12.37916830674588,191703555.20905304,95824833.33333333,10.0,1.0,7.853981633974483,20.0,2.5,98.17477042468104,8782.261557878492,9.610776124023438,9.85894800101479,50.0,12.131584940610962,2302.786376953125,426.2167428145695,5.208333333333333,0.36638087806051367,161.98924870566304
349,0.687842,1.0,1,1271.4628194766524,0.0,490.34572061344085,9.61077612402344,76.88620899218752,86.49698511621096,1079.551712133672,0.0,0.0,435.31935837504903,1.0,0.0,0.0,19.369188501463384,0.0,393.2971770782726,8782.261557878492,9.61077612402344,9.85894800101479,50.0,12.131584940610947,2302.786376953125,12.131584940610947,86.13425307833772,86.13425307833784,0.0,0.0,5.208333333333333,0.36638087806051367,426.21674281456814,161.98924870566304,297.73844212150834,150.0,1.0,2.27263693959615,0.0,1848.4809294527704,490.34572061344073,477.96655230669484,3212.4457263471454,21.98871280517949,0.0,476.96430600873106,86.13425307833782,97.0526795248877,41.666666666666664,12.37916830674588,191703555.20905304,95824833.33333333,10.0,1.0,7.853981633974483,20.0,2.5,98.17477042468104,8782.261557878492,9.610776124023438,9.85894800101479,50.0,12.131584940610962,2302.786376953125,426.2167428145695,5.208333333333333,0.36638087806051367,161.98924870566304
350,0.731135,1.0,1,1351.4891043554512,0.0,490.34572061344085,9.61077612402344,76.88620899218752,86.49698511621096,1079.5517121336707,0.0,0.0,435.31935837504903,0.0,0.0,0.0,19.369188501463384,0.0,395.5584508331708,8782.261557878492,9.610776124023435,9.85894800101479,50.0,12.131584940610947,2302.786376953125,12.131584940610947,86.13425307833772,86.13425307833772,0.0,0.0,5.208333333333333,0.36638087806051367,426.21674281456677,161.98924870566304,297.73844212150834,150.0,1.0,2.27263693959615,0.0,1848.4809294527704,490.34572061344073,477.96655230669484,3212.4457263471454,21.98871280517949,0.0,476.96430600873106,86.13425307833782,97.0526795248877,41.666666666666664,12.37916830674588,191703555.20905304,95824833.33333333,10.0,1.0,7.853981633974483,20.0,2.5,98.17477042468104,8782.261557878492,9.610776124023438,9.85894800101479,50.0,12.131584940610962,2302.786376953125,426.2167428145695,5.208333333333333,0.36638087806051367,161.98924870566304
351,0.750484,1.0,1,1387.255361859433,0.0,490.34572061344085,9.61077612402344,76.88620899218752,86.49698511621096,1189.2286591475386,109.67694701386523,0.0,539.512458038221,0.0,0.0,0.0,19.369188501463388,0.0,397.819724588069,8782.261557878492,9.610776124023438,9.85894800101479,50.0,12.131584940610962,2302.786376953125,12.131584940610962,86.13425307833782,86.13425307833782,0.0,0.0,5.208333333333333,0.36638087806051367,426.21674281456944,161.98924870566304,297.73844212150834,150.0,1.0,2.272636939596172,0.0,1848.4809294527704,490.34572061344073,477.96655230669484,3212.4457263471454,21.98871280517949,0.0,476.96430600873106,86.13425307833782,97.0526795248877,41.666666666666664,12.37916830674588,191703555.20905304,95824833.33333333,10.0,1.0,7.853981633974483,20.0,2.5,98.17477042468104,8782.261557878492,9.610776124023438,9.85894800101479,50.0,12.131584940610962,2302.786376953125,426.2167428145695,5.208333333333333,0.36638087806051367,161.98924870566304
352,0.716519,1.0,1,1324.4717070905697,0.0,490.34572061344073,9.610776124023438,76.8862089921875,86.49698511621094,1324.4717070905722,244.9199949568989,0.0,772.1864532472749,1.0,0.0,0.0,19.369188501463388,0.0,400.0809983429672,8782.261557878492,9.610776124023438,9.85894800101479,50.0,12.131584940610962,2302.786376953125,12.131584940610962,86.13425307833782,86.13425307833782,0.0,0.0,5.208333333333333,0.36638087806051367,426.21674281456944,161.98924870566304,297.73844212150834,150.0,1.0,2.272636939596172,0.0,1848.4809294527704,490.34572061344073,477.96655230669484,3212.4457263471454,21.98871280517949,0.0,476.96430600873106,86.13425307833782,97.0526795248877,41.666666666666664,12.37916830674588,191703555.20905304,95824833.33333333,10.0,1.0,7.853981633974483,20.0,2.5,98.17477042468104,8782.261557878492,9.610776124023438,9.85894800101479,50.0,12.131584940610962,2302.786376953125,426.2167428145695,5.208333333333333,0.36638087806051367,161.98924870566304
353,0.676689,1.0,1,1250.8467116704658,0.0,490.34572061344085,9.61077612402344,76.88620899218752,86.49698511621096,1250.8467116704655,171.294999536795,0.0,934.9167028072302,1.0,0.0,0.0,19.36918850146339,0.0,402.342272097865,8782.261557878492,9.61077612402344,9.85894800101479,50.0,12.131584940610947,2302.786376953125,12.131584940610947,86.13425307833772,86.13425307833772,0.0,0.0,5.208333333333333,0.36638087806051367,426.21674281456677,161.98924870566304,297.73844212150834,150.0,1.0,2.27263693959615,0.0,1848.4809294527704,490.34572061344073,477.96655230669484,3212.4457263471454,21.98871280517949,0.0,476.96430600873106,86.13425307833782,97.0526795248877,41.666666666666664,12.37916830674588,191703555.20905304,95824833.33333333,10.0,1.0,7.853981633974483,20.0,2.5,98.17477042468104,8782.261557878492,9.610776124023438,9.85894800101479,50.0,12.131584940610962,2302.786376953125,426.2167428145695,5.208333333333333,0.36638087806051367,161.98924870566304
354,0.632562,1.0,1,1169.2787936965033,0.0,490.34572061344085,9.61077612402344,76.88620899218752,86.49698511621096,1169.2787936965035,89.72708156283005,0.0,1020.1574302919188,1.0,0.0,0.0,19.36918850146339,0.0,404.60354585276286,8782.261557878492,9.61077612402344,9.85894800101479,50.0,12.131584940610962,2302.786376953125,12.131584940610962,86.13425307833782,86.13425307833782,0.0,0.0,5.208333333333333,0.36638087806051367,426.2167428145695,161.98924870566304,297.73844212150834,150.0,1.0,2.272636939596166,0.0,1848.4809294527704,490.34572061344073,477.96655230669484,3212.4457263471454,21.98871280517949,0.0,476.96430600873106,86.13425307833782,97.0526795248877,41.666666666666664,12.37916830674588,191703555.20905304,95824833.33333333,10.0,1.0,7.853981633974483,20.0,2.5,98.17477042468104,8782.261557878492,9.610776124023438,9.85894800101479,50.0,12.131584940610962,2302.786376953125,426.2167428145695,5.208333333333333,0.36638087806051367,161.98924870566304
355,0.586743,1.0,1,1084.5832459899068,0.0,490.34572061344085,9.61077612402344,76.88620899218752,86.49698511621096,1079.5517121336738,0.0,0.0,1020.1574302919188,1.0,0.0,0.0,19.36918850146339,0.0,406.8648196076619,8782.261557878492,9.61077612402344,9.85894800101479,50.0,12.131584940610974,2302.786376953125,12.131584940610974,86.1342530783379,86.13425307833784,0.0,0.0,5.208333333333333,0.36638087806051367,426.2167428145698,161.98924870566304,297.73844212150834,150.0,1.0,2.2726369388920555,0.0,1848.4809294527704,490.34572061344073,477.96655230669484,3212.4457263471454,21.98871280517949,0.0,476.96430600873106,86.13425307833782,97.0526795248877,41.666666666666664,12.37916830674588,191703555.20905304,95824833.33333333,10.0,1.0,7.853981633974483,20.0,2.5,98.17477042468104,8782.261557878492,9.610776124023438,9.85894800101479,50.0,12.131584940610962,2302.786376953125,426.2167428145695,5.208333333333333,0.36638087806051367,161.98924870566304
356,0.55836,1.0,1,1032.1178117692489,0.0,490.34572061344085,9.61077612402344,76.88620899218752,86.49698511621096,1079.551712133672,0.0,47.433900364424346,970.2270088556827,1.0,0.0,0.0,19.36918850146339,0.0,409.12609336186796,8782.261557878492,9.610776124023435,9.85894800101479,50.0,12.131584940610947,2302.786376953125,12.131584940610947,86.13425307833772,86.13425307833772,0.0,0.0,5.208333333333333,0.36638087806051367,426.21674281456814,161.98924870566304,297.73844212150834,150.0,1.0,2.27263693959615,0.0,1848.4809294527704,490.34572061344073,477.96655230669484,3212.4457263471454,21.98871280517949,0.0,476.96430600873106,86.13425307833782,97.0526795248877,41.666666666666664,12.37916830674588,191703555.20905304,95824833.33333333,10.0,1.0,7.853981633974483,20.0,2.5,98.17477042468104,8782.261557878492,9.610776124023438,9.85894800101479,50.0,12.131584940610962,2302.786376953125,426.2167428145695,5.208333333333333,0.36638087806051367,161.98924870566304
357,0.566232,1.0,1,1046.669053645901,0.0,490.34572061344085,9.61077612402344,76.88620899218752,86.49698511621096,1079.551712133672,0.0,32.88265848777223,935.6136841317119,1.0,0.0,0.0,19.36918850146339,0.0,411.38736711675796,8782.261557878492,9.61077612402344,9.85894800101479,50.0,12.131584940610947,2302.786376953125,12.131584940610947,86.13425307833772,86.13425307833772,0.0,0.0,5.208333333333333,0.36638087806051367,426.21674281456814,161.98924870566304,297.73844212150834,150.0,1.0,2.2726369395961226,0.0,1848.4809294527704,490.34572061344073,477.96655230669484,3212.4457263471454,21.98871280517949,0.0,476.96430600873106,86.13425307833782,97.0526795248877,41.666666666666664,12.37916830674588,191703555.20905304,95824833.33333333,10.0,1.0,7.853981633974483,20.0,2.5,98.17477042468104,8782.261557878492,9.610776124023438,9.85894800101479,50.0,12.131584940610962,2302.786376953125,426.2167428145695,5.208333333333333,0.36638087806051367,161.98924870566304
358,0.5871069999999999,1.0,1,1085.2560930482275,0.0,490.34572061344085,9.61077612402344,76.88620899218752,86.49698511621096,1079.5517121336738,0.0,0.0,935.6136841317119,1.0,0.0,0.0,19.369188501463434,0.0,413.6486408713012,8782.261557878492,9.61077612402344,9.85894800101479,50.0,12.131584940610974,2302.786376953125,12.131584940610974,86.1342530783379,86.13425307833784,0.0,0.0,5.208333333333333,0.36638087806051367,426.2167428145698,161.98924870566304,297.73844212150834,150.0,1.0,2.272636938507863,0.0,1848.4809294527704,490.34572061344073,477.96655230669484,3212.4457263471454,21.98871280517949,0.0,476.96430600873106,86.13425307833782,97.0526795248877,41.666666666666664,12.37916830674588,191703555.20905304,95824833.33333333,10.0,1.0,7.853981633974483,20.0,2.5,98.17477042468104,8782.261557878492,9.610776124023438,9.85894800101479,50.0,12.131584940610962,2302.786376953125,426.2167428145695,5.208333333333333,0.36638087806051367,161.98924870566304
359,0.613563,1.0,1,1134.15950451783,0.0,490.34572061344085,9.61077612402344,76.88620899218752,86.49698511621096,1079.551944820659,0.00023268698506069194,0.0,935.6139051843477,1.0,0.0,0.0,19.369188501463434,0.0,415.9099146262084,8782.261557878492,9.61077612402344,9.85894800101479,50.0,12.131584940610974,2302.786376953125,12.131584940610974,86.1342530783379,86.13425307833784,0.0,0.0,5.208333333333333,0.36638087806051367,426.2167428145698,161.98924870566304,297.73844212150834,150.0,1.0,2.272636939596173,0.0,1848.4809294527704,490.34572061344073,477.96655230669484,3212.4457263471454,21.98871280517949,0.0,476.96430600873106,86.13425307833782,97.0526795248877,41.666666666666664,12.37916830674588,191703555.20905304,95824833.33333333,10.0,1.0,7.853981633974483,20.0,2.5,98.17477042468104,8782.261557878492,9.610776124023438,9.85894800101479,50.0,12.131584940610962,2302.786376953125,426.2167428145695,5.208333333333333,0.36638087806051367,161.98924870566304
360,0.590773,1.0,1,1092.0326241356015,0.0,490.34572061344085,9.61077612402344,76.88620899218752,86.49698511621096,1079.551712133672,0.0,0.0,935.6139051843477,1.0,0.0,0.0,19.369188501463434,0.0,418.17118838133024,8782.261557878492,9.610776124023433,9.85894800101479,50.0,12.131584940826857,2302.786376953125,12.131584940826857,86.13425307987067,86.13425307987067,0.0,0.0,5.208333333333333,0.36638087806051367,426.21674281456814,161.98924870566304,297.73844212150834,150.0,1.0,2.272636939812061,0.0,1848.4809294527704,490.34572061344073,477.96655230669484,3212.4457263471454,21.98871280517949,0.0,476.96430600873106,86.13425307833782,97.0526795248877,41.666666666666664,12.37916830674588,191703555.20905304,95824833.33333333,10.0,1.0,7.853981633974483,20.0,2.5,98.17477042468104,8782.261557878492,9.610776124023438,9.85894800101479,50.0,12.131584940610962,2302.786376953125,426.2167428145695,5.208333333333333,0.36638087806051367,161.98924870566304
361,0.551622,1.0,1,1019.662747266596,0.0,490.34572061344085,9.61077612402344,76.88620899218752,86.49698511621096,1079.551712133672,0.0,59.8889648670708,872.5728895347995,1.0,0.0,0.0,19.36918850146344,0.0,420.4324621362374,8782.261557878492,9.610776124023433,9.85894800101479,50.0,12.131584940610947,2302.786376953125,12.131584940610947,86.13425307833772,86.13425307833772,0.0,0.0,5.208333333333333,0.36638087806051367,426.21674281456814,161.98924870566304,297.73844212150834,150.0,1.0,2.27263693959615,0.0,1848.4809294527704,490.34572061344073,477.96655230669484,3212.4457263471454,21.98871280517949,0.0,476.96430600873106,86.13425307833782,97.0526795248877,41.666666666666664,12.37916830674588,191703555.20905304,95824833.33333333,10.0,1.0,7.853981633974483,20.0,2.5,98.17477042468104,8782.261557878492,9.610776124023438,9.85894800101479,50.0,12.131584940610962,2302.786376953125,426.2167428145695,5.208333333333333,0.36638087806051367,161.98924870566304
362,0.518664,1.0,1,958.7405127936918,0.0,490.34572061344085,9.61077612402344,76.88620899218752,86.49698511621096,1079.5517121336738,0.0,120.81140933998239,745.402984966397,1.0,0.0,0.0,19.369188501463434,0.0,422.6937358911447,8782.261557878492,9.610776124023447,9.85894800101479,50.0,12.131584940610974,2302.786376953125,12.131584940610974,86.1342530783379,86.13425307833784,0.0,0.0,5.208333333333333,0.36638087806051367,426.2167428145698,161.98924870566304,297.73844212150834,150.0,1.0,2.272636939596173,0.0,1848.4809294527704,490.34572061344073,477.96655230669484,3212.4457263471454,21.98871280517949,0.0,476.96430600873106,86.13425307833782,97.0526795248877,41.666666666666664,12.37916830674588,191703555.20905304,95824833.33333333,10.0,1.0,7.853981633974483,20.0,2.5,98.17477042468104,8782.261557878492,9.610776124023438,9.85894800101479,50.0,12.131584940610962,2302.786376953125,426.2167428145695,5.208333333333333,0.36638087806051367,161.98924870566304
363,0.477519,1.0,1,882.6847649513575,0.0,490.34572061344085,9.61077612402344,76.88620899218752,86.49698511621096,1079.5517121336738,0.0,196.8669471823162,538.1746195113274,1.0,0.0,0.0,19.369188501463427,0.0,424.95500964605196,8782.261557878492,9.610776124023447,9.85894800101479,50.0,12.131584940610974,2302.786376953125,12.131584940610974,86.1342530783379,86.13425307833784,0.0,0.0,5.208333333333333,0.36638087806051367,426.2167428145698,161.98924870566304,297.73844212150834,150.0,1.0,2.272636939596173,0.0,1848.4809294527704,490.34572061344073,477.96655230669484,3212.4457263471454,21.98871280517949,0.0,476.96430600873106,86.13425307833782,97.0526795248877,41.666666666666664,12.37916830674588,191703555.20905304,95824833.33333333,10.0,1.0,7.853981633974483,20.0,2.5,98.17477042468104,8782.261557878492,9.610776124023438,9.85894800101479,50.0,12.131584940610962,2302.786376953125,426.2167428145695,5.208333333333333,0.36638087806051367,161.98924870566304
364,0.451924,1.0,1,835.3728955620138,0.0,490.34572061344085,9.61077612402344,76.88620899218752,86.49698511621096,1079.5517121336738,0.0,244.17881657165998,281.14428627800106,1.0,0.0,0.0,19.36918850146342,0.0,427.2162834009591,8782.261557878492,9.610776124023447,9.85894800101479,50.0,12.131584940610974,2302.786376953125,12.131584940610974,86.1342530783379,86.13425307833784,0.0,0.0,5.208333333333333,0.36638087806051367,426.2167428145698,161.98924870566304,297.73844212150834,150.0,1.0,2.272636939596173,0.0,1848.4809294527704,490.34572061344073,477.96655230669484,3212.4457263471454,21.98871280517949,0.0,476.96430600873106,86.13425307833782,97.0526795248877,41.666666666666664,12.37916830674588,191703555.20905304,95824833.33333333,10.0,1.0,7.853981633974483,20.0,2.5,98.17477042468104,8782.261557878492,9.610776124023438,9.85894800101479,50.0,12.131584940610962,2302.786376953125,426.2167428145695,5.208333333333333,0.36638087806051367,161.98924870566304
365,0.472961,1.0,1,874.2593888749118,0.0,490.3457206134411,9.610776124023445,76.88620899218756,86.49698511621101,1079.5517121336723,0.0,205.2923232587578,65.0471039003613,1.0,0.0,0.0,19.36918850146342,0.0,429.4775571558663,8782.261557878492,9.610776124023447,9.85894800101479,50.0,12.131584940610947,2302.786376953125,12.131584940610947,86.13425307833772,86.13425307833772,0.0,0.0,5.208333333333333,0.36638087806051367,426.21674281456814,161.98924870566304,297.73844212150834,150.0,1.0,2.27263693959615,0.0,1848.4809294527704,490.34572061344073,477.96655230669484,3212.4457263471454,21.98871280517949,0.0,476.96430600873106,86.13425307833782,97.0526795248877,41.666666666666664,12.37916830674588,191703555.20905304,95824833.33333333,10.0,1.0,7.853981633974483,20.0,2.5,98.17477042468104,8782.261557878492,9.610776124023438,9.85894800101479,50.0,12.131584940610962,2302.786376953125,426.2167428145695,5.208333333333333,0.36638087806051367,161.98924870566304
366,0.550591,1.0,1,1017.7569634283304,0.0,490.34572061344085,9.61077612402344,76.88620899218752,86.49698511621096,1079.5517121336738,0.0,61.79474870534323,0.0,1.0,0.0,0.0,19.369188501463412,0.0,431.7388309107736,8782.261557878492,9.610776124023447,9.85894800101479,50.0,12.131584940610974,2302.786376953125,12.131584940610974,86.1342530783379,86.13425307833784,0.0,0.0,5.208333333333333,0.36638087806051367,426.2167428145698,161.98924870566304,297.73844212150834,150.0,1.0,2.272636939596173,0.0,1848.4809294527704,490.34572061344073,477.96655230669484,3212.4457263471454,21.98871280517949,0.0,476.96430600873106,86.13425307833782,97.0526795248877,41.666666666666664,12.37916830674588,191703555.20905304,95824833.33333333,10.0,1.0,7.853981633974483,20.0,2.5,98.17477042468104,8782.261557878492,9.610776124023438,9.85894800101479,50.0,12.131584940610962,2302.786376953125,426.2167428145695,5.208333333333333,0.36638087806051367,161.98924870566304
367,0.650632,1.0,1,1202.6808440917148,0.0,490.34572061344085,9.61077612402344,76.88620899218752,86.49698511621096,1079.5517121336738,0.0,0.0,0.0,1.0,0.0,0.0,19.369188501463412,0.0,434.0001046656811,8782.261557878492,9.61077612402344,9.85894800101479,50.0,12.131584940610974,2302.786376953125,12.131584940610974,86.1342530783379,86.13425307833784,0.0,0.0,5.208333333333333,0.36638087806051367,426.2167428145698,161.98924870566304,297.73844212150834,150.0,1.0,2.272636939596173,0.0,1848.4809294527704,490.34572061344073,477.96655230669484,3212.4457263471454,21.98871280517949,0.0,476.96430600873106,86.13425307833782,97.0526795248877,41.666666666666664,12.37916830674588,191703555.20905304,95824833.33333333,10.0,1.0,7.853981633974483,20.0,2.5,98.17477042468104,8782.261557878492,9.610776124023438,9.85894800101479,50.0,12.131584940610962,2302.786376953125,426.2167428145695,5.208333333333333,0.36638087806051367,161.98924870566304
368,0.752424,1.0,1,1390.8414148625714,0.0,490.34572061344073,9.610776124023438,76.8862089921875,86.49698511621094,1079.5517121336734,0.0,0.0,0.0,1.0,0.0,0.0,19.369188501463412,0.0,436.26137842057926,8782.261557878492,9.610776124023438,9.85894800101479,50.0,12.131584940610962,2302.786376953125,12.131584940610962,86.13425307833782,86.13425307833782,0.0,0.0,5.208333333333333,0.36638087806051367,426.2167428145695,161.98924870566304,297.73844212150834,150.0,1.0,2.2726369395961656,0.0,1848.4809294527704,490.34572061344073,477.96655230669484,3212.4457263471454,21.98871280517949,0.0,476.96430600873106,86.13425307833782,97.0526795248877,41.666666666666664,12.37916830674588,191703555.20905304,95824833.33333333,10.0,1.0,7.853981633974483,20.0,2.5,98.17477042468104,8782.261557878492,9.610776124023438,9.85894800101479,50.0,12.131584940610962,2302.786376953125,426.2167428145695,5.208333333333333,0.36638087806051367,161.98924870566304
369,0.825673,1.0,1,1526.2407944640572,0.0,490.34572061344073,9.610776124023438,76.8862089921875,86.49698511621094,1526.2407944640572,446.68908233038394,0.0,424.3546282138647,1.0,0.0,0.0,19.369188501463412,0.0,438.5226521755519,8782.261557878492,9.610776124023438,9.85894800101479,50.0,12.131584940610962,2302.786376953125,12.131584940610962,86.13425307833782,86.13425307833782,0.0,0.0,5.208333333333333,0.36638087806051367,426.2167428145695,161.98924870566304,297.73844212150834,150.0,1.0,2.2726369395961656,0.0,1848.4809294527704,490.34572061344073,477.96655230669484,3212.4457263471454,21.98871280517949,0.0,476.96430600873106,86.13425307833782,97.0526795248877,41.666666666666664,12.37916830674588,191703555.20905304,95824833.33333333,10.0,1.0,7.853981633974483,20.0,2.5,98.17477042468104,8782.261557878492,9.610776124023438,9.85894800101479,50.0,12.131584940610962,2302.786376953125,426.2167428145695,5.208333333333333,0.36638087806051367,161.98924870566304
370,0.8532519999999999,1.0,1,1577.2200500174351,0.0,490.34572061344073,9.610776124023438,76.8862089921875,86.49698511621094,1577.2200500174354,497.66833788376186,0.0,897.1395492034385,1.0,0.0,0.0,19.369188501463412,0.0,440.7839259304501,8782.261557878492,9.610776124023438,9.85894800101479,50.0,12.131584940610962,2302.786376953125,12.131584940610962,86.13425307833782,86.13425307833782,0.0,0.0,5.208333333333333,0.36638087806051367,426.2167428145695,161.98924870566304,297.73844212150834,150.0,1.0,2.2726369395961656,0.0,1848.4809294527704,490.34572061344073,477.96655230669484,3212.4457263471454,21.98871280517949,0.0,476.96430600873106,86.13425307833782,97.0526795248877,41.666666666666664,12.37916830674588,191703555.20905304,95824833.33333333,10.0,1.0,7.853981633974483,20.0,2.5,98.17477042468104,8782.261557878492,9.610776124023438,9.85894800101479,50.0,12.131584940610962,2302.786376953125,426.2167428145695,5.208333333333333,0.36638087806051367,161.98924870566304
371,0.8661530000000001,1.0,1,1601.0673024883056,0.0,490.34572061344073,9.610776124023438,76.8862089921875,86.49698511621094,1154.3782201579218,74.82650802424838,0.0,968.2247318264745,1.0,0.0,0.0,19.369188501463412,0.0,443.04519968546265,8782.261557878492,9.610776124023438,9.85894800101479,50.0,12.131584940610962,2302.786376953125,12.131584940610962,86.13425307833782,86.13425307833782,0.0,0.0,5.208333333333333,0.36638087806051367,426.2167428145695,161.98924870566304,297.73844212150834,150.0,1.0,2.2726369395961656,0.0,1848.4809294527704,490.34572061344073,477.96655230669484,3212.4457263471454,21.98871280517949,0.0,476.96430600873106,86.13425307833782,97.0526795248877,41.666666666666664,12.37916830674588,191703555.20905304,95824833.33333333,10.0,1.0,7.853981633974483,20.0,2.5,98.17477042468104,8782.261557878492,9.610776124023438,9.85894800101479,50.0,12.131584940610962,2302.786376953125,426.2167428145695,5.208333333333333,0.36638087806051367,161.98924870566304
372,0.881709,1.0,1,1629.8222718268726,0.0,490.34572061344073,9.610776124023438,76.8862089921875,86.49698511621094,1079.5517121336734,0.0,919.8134952351508,0.0,-0.0,0.0,0.0,19.369188501463412,0.0,445.30647344036083,8782.261557878492,9.610776124023438,9.85894800101479,50.0,12.131584940610962,2302.786376953125,12.131584940610962,86.13425307833782,86.13425307833782,0.0,0.0,5.208333333333333,0.36638087806051367,426.2167428145695,161.98924870566304,297.73844212150834,150.0,1.0,2.2726369395961656,0.0,1848.4809294527704,490.34572061344073,477.96655230669484,3212.4457263471454,21.98871280517949,0.0,476.96430600873106,86.13425307833782,97.0526795248877,41.666666666666664,12.37916830674588,191703555.20905304,95824833.33333333,10.0,1.0,7.853981633974483,20.0,2.5,98.17477042468104,8782.261557878492,9.610776124023438,9.85894800101479,50.0,12.131584940610962,2302.786376953125,426.2167428145695,5.208333333333333,0.36638087806051367,161.98924870566304
373,0.8917780000000001,1.0,1,1648.434626305533,0.0,490.34572061344073,9.610776124023438,76.8862089921875,86.49698511621094,1648.4346263055331,568.8829141718596,0.0,540.4387684632666,1.0,0.0,0.0,19.369188501463412,0.0,447.567747195259,8782.261557878492,9.610776124023438,9.85894800101479,50.0,12.131584940610962,2302.786376953125,12.131584940610962,86.13425307833782,86.13425307833776,0.0,0.0,5.208333333333333,0.36638087806051367,426.2167428145695,161.98924870566304,297.73844212150834,150.0,1.0,2.2726369395961656,0.0,1848.4809294527704,490.34572061344073,477.96655230669484,3212.4457263471454,21.98871280517949,0.0,476.96430600873106,86.13425307833782,97.0526795248877,41.666666666666664,12.37916830674588,191703555.20905304,95824833.33333333,10.0,1.0,7.853981633974483,20.0,2.5,98.17477042468104,8782.261557878492,9.610776124023438,9.85894800101479,50.0,12.131584940610962,2302.786376953125,426.2167428145695,5.208333333333333,0.36638087806051367,161.98924870566304
374,0.896995,1.0,1,1658.0781513144877,0.0,490.34572061344073,9.610776124023438,76.8862089921875,86.49698511621094,1079.5517121336734,0.0,0.0,540.4387684632666,1.0,0.0,0.0,19.369188501463412,0.0,449.8290209501572,8782.261557878492,9.610776124023438,9.85894800101479,50.0,12.131584940610962,2302.786376953125,12.131584940610962,86.13425307833782,86.13425307833782,0.0,0.0,5.208333333333333,0.36638087806051367,426.2167428145695,161.98924870566304,297.73844212150834,150.0,1.0,2.272636939596165,0.0,1848.4809294527704,490.34572061344073,477.96655230669484,3212.4457263471454,21.98871280517949,0.0,476.96430600873106,86.13425307833782,97.0526795248877,41.666666666666664,12.37916830674588,191703555.20905304,95824833.33333333,10.0,1.0,7.853981633974483,20.0,2.5,98.17477042468104,8782.261557878492,9.610776124023438,9.85894800101479,50.0,12.131584940610962,2302.786376953125,426.2167428145695,5.208333333333333,0.36638087806051367,161.98924870566304
375,0.906201,1.0,1,1675.09526675103,0.0,490.34572061344073,9.610776124023438,76.8862089921875,86.49698511621094,1079.5517121336734,0.0,0.0,540.4387684632666,1.0,0.0,0.0,19.369188501463412,0.0,452.0902947050114,8782.261557878492,9.610776124023438,9.85894800101479,50.0,12.131584940610962,2302.786376953125,12.131584940610962,86.13425307833782,86.13425307833782,0.0,0.0,5.208333333333333,0.36638087806051367,426.2167428145695,161.98924870566304,297.73844212150834,150.0,1.0,2.2726369395961656,0.0,1848.4809294527704,490.34572061344073,477.96655230669484,3212.4457263471454,21.98871280517949,0.0,476.96430600873106,86.13425307833782,97.0526795248877,41.666666666666664,12.37916830674588,191703555.20905304,95824833.33333333,10.0,1.0,7.853981633974483,20.0,2.5,98.17477042468104,8782.261557878492,9.610776124023438,9.85894800101479,50.0,12.131584940610962,2302.786376953125,426.2167428145695,5.208333333333333,0.36638087806051367,161.98924870566304
376,0.927121,1.0,1,1713.7654877951818,0.0,490.34572061344073,9.610776124023438,76.8862089921875,86.49698511621094,1601.0673024883058,521.5155903546323,0.0,1035.8785793001673,-0.0,0.0,0.0,19.369188501463412,0.0,454.3515684599096,8782.261557878492,9.610776124023438,9.85894800101479,50.0,12.131584940610962,2302.786376953125,12.131584940610962,86.13425307833782,86.13425307833782,0.0,0.0,5.208333333333333,0.36638087806051367,426.2167428145695,161.98924870566304,297.73844212150834,150.0,1.0,2.272636939596165,0.0,1848.4809294527704,490.34572061344073,477.96655230669484,3212.4457263471454,21.98871280517949,0.0,476.96430600873106,86.13425307833782,97.0526795248877,41.666666666666664,12.37916830674588,191703555.20905304,95824833.33333333,10.0,1.0,7.853981633974483,20.0,2.5,98.17477042468104,8782.261557878492,9.610776124023438,9.85894800101479,50.0,12.131584940610962,2302.786376953125,426.2167428145695,5.208333333333333,0.36638087806051367,161.98924870566304
377,0.955092,1.0,1,1765.4693478729055,0.0,490.34572061344073,9.610776124023438,76.8862089921875,86.49698511621094,1079.5517121336734,0.0,0.0,1035.8785793001673,1.0,0.0,0.0,19.369188501463412,0.0,456.61284221480776,8782.261557878492,9.610776124023438,9.85894800101479,50.0,12.131584940610962,2302.786376953125,12.131584940610962,86.13425307833782,86.13425307833782,0.0,0.0,5.208333333333333,0.36638087806051367,426.2167428145695,161.98924870566304,297.73844212150834,150.0,1.0,2.2726369395961656,0.0,1848.4809294527704,490.34572061344073,477.96655230669484,3212.4457263471454,21.98871280517949,0.0,476.96430600873106,86.13425307833782,97.0526795248877,41.666666666666664,12.37916830674588,191703555.20905304,95824833.33333333,10.0,1.0,7.853981633974483,20.0,2.5,98.17477042468104,8782.261557878492,9.610776124023438,9.85894800101479,50.0,12.131584940610962,2302.786376953125,426.2167428145695,5.208333333333333,0.36638087806051367,161.98924870566304
378,0.971877,1.0,1,1796.49610027377,0.0,490.34572061344073,9.610776124023438,76.8862089921875,86.49698511621094,1171.492993203646,91.94128106997249,0.0,1123.222796316641,1.0,0.0,0.0,19.369188501463412,0.0,458.87411596970594,8782.261557878492,9.610776124023438,9.85894800101479,50.0,12.131584940610962,2302.786376953125,12.131584940610962,86.13425307833782,86.13425307833782,0.0,0.0,5.208333333333333,0.36638087806051367,426.2167428145695,161.98924870566304,297.73844212150834,150.0,1.0,2.2726369395961656,0.0,1848.4809294527704,490.34572061344073,477.96655230669484,3212.4457263471454,21.98871280517949,0.0,476.96430600873106,86.13425307833782,97.0526795248877,41.666666666666664,12.37916830674588,191703555.20905304,95824833.33333333,10.0,1.0,7.853981633974483,20.0,2.5,98.17477042468104,8782.261557878492,9.610776124023438,9.85894800101479,50.0,12.131584940610962,2302.786376953125,426.2167428145695,5.208333333333333,0.36638087806051367,161.98924870566304
379,0.976692,1.0,1,1805.3965359490853,0.0,490.34572061344073,9.610776124023438,76.8862089921875,86.49698511621094,1079.5517121336734,0.0,0.0,1123.222796316641,1.0,0.0,0.0,19.369188501463412,0.0,461.13538972452125,8782.261557878492,9.610776124023438,9.85894800101479,50.0,12.131584940610962,2302.786376953125,12.131584940610962,86.13425307833782,86.13425307833782,0.0,0.0,5.208333333333333,0.36638087806051367,426.2167428145695,161.98924870566304,297.73844212150834,150.0,1.0,2.2726369395961656,0.0,1848.4809294527704,490.34572061344073,477.96655230669484,3212.4457263471454,21.98871280517949,0.0,476.96430600873106,86.13425307833782,97.0526795248877,41.666666666666664,12.37916830674588,191703555.20905304,95824833.33333333,10.0,1.0,7.853981633974483,20.0,2.5,98.17477042468104,8782.261557878492,9.610776124023438,9.85894800101479,50.0,12.131584940610962,2302.786376953125,426.2167428145695,5.208333333333333,0.36638087806051367,161.98924870566304
380,0.978645,1.0,1,1809.0066192043064,0.0,490.34572061344085,9.61077612402344,76.88620899218752,86.49698511621096,1079.5517121336734,0.0,0.0,1123.222796316641,1.0,0.0,0.0,19.369188501463412,0.0,463.39666347941943,8782.261557878492,9.610776124023438,9.85894800101479,50.0,12.131584940610962,2302.786376953125,12.131584940610962,86.13425307833782,86.13425307833782,0.0,0.0,5.208333333333333,0.36638087806051367,426.2167428145695,161.98924870566304,297.73844212150834,150.0,1.0,2.2726369395961656,0.0,1848.4809294527704,490.34572061344073,477.96655230669484,3212.4457263471454,21.98871280517949,0.0,476.96430600873106,86.13425307833782,97.0526795248877,41.666666666666664,12.37916830674588,191703555.20905304,95824833.33333333,10.0,1.0,7.853981633974483,20.0,2.5,98.17477042468104,8782.261557878492,9.610776124023438,9.85894800101479,50.0,12.131584940610962,2302.786376953125,426.2167428145695,5.208333333333333,0.36638087806051367,161.98924870566304
381,0.979344,1.0,1,1810.298707373994,0.0,490.34572061344073,9.610776124023438,76.8862089921875,86.49698511621094,1810.2987073739941,730.7469952403208,0.0,1817.4324417949458,1.0,0.0,0.0,19.369188501463412,0.0,465.6579372343176,8782.261557878492,9.610776124023438,9.85894800101479,50.0,12.131584940610962,2302.786376953125,12.131584940610962,86.13425307833782,86.13425307833782,0.0,0.0,5.208333333333333,0.36638087806051367,426.2167428145695,161.98924870566304,297.73844212150834,150.0,1.0,2.2726369395961656,0.0,1848.4809294527704,490.34572061344073,477.96655230669484,3212.4457263471454,21.98871280517949,0.0,476.96430600873106,86.13425307833782,97.0526795248877,41.666666666666664,12.37916830674588,191703555.20905304,95824833.33333333,10.0,1.0,7.853981633974483,20.0,2.5,98.17477042468104,8782.261557878492,9.610776124023438,9.85894800101479,50.0,12.131584940610962,2302.786376953125,426.2167428145695,5.208333333333333,0.36638087806051367,161.98924870566304
382,0.9798,1.0,1,1811.1416146778245,0.0,490.34572061344073,9.610776124023438,76.8862089921875,86.49698511621094,1811.1416146778251,731.5899025441519,0.0,2512.44284921189,0.0,0.0,0.0,19.369188501463412,0.0,467.9192109892158,8782.261557878492,9.610776124023438,9.85894800101479,50.0,12.131584940610962,2302.786376953125,12.131584940610962,86.13425307833782,86.13425307833776,0.0,0.0,5.208333333333333,0.36638087806051367,426.2167428145695,161.98924870566304,297.73844212150834,150.0,1.0,2.2726369395961656,0.0,1848.4809294527704,490.34572061344073,477.96655230669484,3212.4457263471454,21.98871280517949,0.0,476.96430600873106,86.13425307833782,97.0526795248877,41.666666666666664,12.37916830674588,191703555.20905304,95824833.33333333,10.0,1.0,7.853981633974483,20.0,2.5,98.17477042468104,8782.261557878492,9.610776124023438,9.85894800101479,50.0,12.131584940610962,2302.786376953125,426.2167428145695,5.208333333333333,0.36638087806051367,161.98924870566304
383,0.982643,1.0,1,1816.3968459602588,0.0,490.34572061344073,9.610776124023438,76.8862089921875,86.49698511621094,1816.3968459602588,736.8451338265855,0.0,3212.445726347146,1.0,0.0,0.0,19.369188501463412,0.0,470.180484744114,8782.261557878492,9.610776124023438,9.85894800101479,50.0,12.131584940610962,2302.786376953125,12.131584940610962,86.13425307833782,86.13425307833782,0.0,0.0,5.208333333333333,0.36638087806051367,426.2167428145695,161.98924870566304,297.73844212150834,150.0,1.0,2.2726369395961656,0.0,1848.4809294527704,490.34572061344073,477.96655230669484,3212.4457263471454,21.98871280517949,0.0,476.96430600873106,86.13425307833782,97.0526795248877,41.666666666666664,12.37916830674588,191703555.20905304,95824833.33333333,10.0,1.0,7.853981633974483,20.0,2.5,98.17477042468104,8782.261557878492,9.610776124023438,9.85894800101479,50.0,12.131584940610962,2302.786376953125,426.2167428145695,5.208333333333333,0.36638087806051367,161.98924870566304
384,0.405264,1.0,1,749.1227753937476,0.0,159.26787128883967,3.1216502772612573,24.97320221809006,28.094852495351315,749.1227753937487,0.0,0.0,3212.445726347146,-0.0,0.0,6.489125846762197,12.747631514971374,0.0,472.44175849895885,8782.261557878492,9.610776124023447,9.85894800101479,50.0,12.131584940610974,2302.786376953125,12.131584940610974,86.1342530783379,86.13425307833784,0.0,0.0,5.208333333333333,0.36638087806051367,426.2167428145698,161.98924870566304,297.73844212150834,150.0,1.0,2.272636939596173,0.0,1848.4809294527704,490.34572061344073,477.96655230669484,3212.4457263471454,21.98871280517949,0.0,476.96430600873106,86.13425307833782,97.0526795248877,41.666666666666664,12.37916830674588,191703555.20905304,95824833.33333333,10.0,1.0,7.853981633974483,20.0,2.5,98.17477042468104,8782.261557878492,9.610776124023438,9.85894800101479,50.0,12.131584940610962,2302.786376953125,426.2167428145695,5.208333333333333,0.36638087806051367,161.98924870566304
385,0.334375,1.0,1,618.08581078577,0.0,27.973569850041315,0.5482819690608097,4.386255752486478,4.934537721547287,618.0858107857701,0.0,0.0,3212.445726347146,-0.0,0.0,9.06249415496263,3.500188499703384,0.0,474.70303225384134,8782.261557878492,9.610776124023435,9.85894800101479,50.0,12.131584940610947,2302.786376953125,12.131584940610947,86.13425307833772,86.13425307833772,0.0,0.0,5.208333333333333,0.36638087806051367,426.21674281456944,161.98924870566304,297.73844212150834,150.0,1.0,2.27263693959615,0.0,1848.4809294527704,490.34572061344073,477.96655230669484,3212.4457263471454,21.98871280517949,0.0,476.96430600873106,86.13425307833782,97.0526795248877,41.666666666666664,12.37916830674588,191703555.20905304,95824833.33333333,10.0,1.0,7.853981633974483,20.0,2.5,98.17477042468104,8782.261557878492,9.610776124023438,9.85894800101479,50.0,12.131584940610962,2302.786376953125,426.2167428145695,5.208333333333333,0.36638087806051367,161.98924870566304
386,0.277051,1.0,1,512.1234899858194,0.0,315.3362956282715,6.1805913943141215,49.44473115451297,55.62532254882709,904.8853056214722,0.0,392.7618156356556,2799.0122362043503,-0.0,0.0,3.430184729709316,0.0,0.0,476.96430600873106,8782.261557878492,9.610776124023435,9.85894800101479,50.0,12.131584940610944,2302.786376953125,12.131584940610944,86.1342530783377,86.1342530783377,0.0,0.0,5.208333333333333,0.36638087806051367,426.21674281456677,161.98924870566304,297.73844212150834,150.0,1.0,2.272636939596143,0.0,1848.4809294527704,490.34572061344073,477.96655230669484,3212.4457263471454,21.98871280517949,0.0,476.96430600873106,86.13425307833782,97.0526795248877,41.666666666666664,12.37916830674588,191703555.20905304,95824833.33333333,10.0,1.0,7.853981633974483,20.0,2.5,98.17477042468104,8782.261557878492,9.610776124023438,9.85894800101479,50.0,12.131584940610962,2302.786376953125,426.2167428145695,5.208333333333333,0.36638087806051367,161.98924870566304
387,0.236241,0.0,1,436.68698325485195,0.0,263.3734936000663,5.162120474561299,41.296963796490395,46.459084271051694,436.68698325485195,0.0,0.0,2799.0122362043508,1.0,5.162120474561299,0.0,5.058878065070074,0.0,467.05581555544984,0.0,0.0,9.85894800101479,50.0,0.0,0.0,0.0,0.0,0.0,0.0,0.0,5.208333333333333,0.36638087806051367,0.0,161.98924870566304,9080.0,150.0,0.0,0.0,9.85894800101479,1848.4809294527704,490.34572061344073,477.96655230669484,3212.4457263471454,21.98871280517949,0.0,476.96430600873106,86.13425307833782,97.0526795248877,41.666666666666664,12.37916830674588,191703555.20905304,95824833.33333333,10.0,1.0,7.853981633974483,20.0,2.5,98.17477042468104,8782.261557878492,9.610776124023438,9.85894800101479,50.0,12.131584940610962,2302.786376953125,426.2167428145695,5.208333333333333,0.36638087806051367,161.98924870566304
388,0.226041,0.0,1,417.83247777443364,0.0,245.2302050750002,4.806512019470004,38.45209615576003,43.25860817523004,417.83247781960324,0.0,4.5169599616201594e-08,2799.0122361568037,1.0,4.806512019470004,0.0,9.769259844150678,0.0,457.1473251021686,0.0,0.0,9.85894800101479,50.0,0.0,0.0,0.0,0.0,0.0,0.0,0.0,5.208333333333333,0.36638087806051367,0.0,161.98924870566304,9080.0,150.0,0.0,0.0,9.85894800101479,1848.4809294527704,490.34572061344073,477.96655230669484,3212.4457263471454,21.98871280517949,0.0,476.96430600873106,86.13425307833782,97.0526795248877,41.666666666666664,12.37916830674588,191703555.20905304,95824833.33333333,10.0,1.0,7.853981633974483,20.0,2.5,98.17477042468104,8782.261557878492,9.610776124023438,9.85894800101479,50.0,12.131584940610962,2302.786376953125,426.2167428145695,5.208333333333333,0.36638087806051367,161.98924870566304
389,0.225972,1.0,1,417.70493259030144,0.0,170.96178053089886,3.350850898405618,26.806807187244942,30.15765808565056,760.7937645736931,0.0,343.0888319833887,2437.866097226921,-0.0,0.0,6.259925225617815,3.3815810424998456,0.0,459.40859885804633,8782.261557878492,9.610776124023438,9.85894800101479,50.0,12.131584940610962,2302.786376953125,12.131584940610962,86.13425307833782,86.13425307833782,0.0,0.0,5.208333333333333,0.36638087806051367,426.21674281456944,161.98924870566304,297.73844212150834,150.0,1.0,2.272636939596172,0.0,1848.4809294527704,490.34572061344073,477.96655230669484,3212.4457263471454,21.98871280517949,0.0,476.96430600873106,86.13425307833782,97.0526795248877,41.666666666666664,12.37916830674588,191703555.20905304,95824833.33333333,10.0,1.0,7.853981633974483,20.0,2.5,98.17477042468104,8782.261557878492,9.610776124023438,9.85894800101479,50.0,12.131584940610962,2302.786376953125,426.2167428145695,5.208333333333333,0.36638087806051367,161.98924870566304
390,0.237785,-0.0,1,439.541037809927,0.0,266.1198894382833,5.215949832990352,41.72759866392282,46.94354849691317,439.54103780992705,0.0,0.0,2437.866097226921,1.0,5.215949832990352,0.0,8.49321187883039,0.0,449.5001084047652,0.0,0.0,9.85894800101479,50.0,0.0,0.0,0.0,0.0,0.0,0.0,0.0,5.208333333333333,0.36638087806051367,0.0,161.98924870566304,9080.0,150.0,-0.0,0.0,9.858948001014788,1848.4809294527704,490.34572061344073,477.96655230669484,3212.4457263471454,21.98871280517949,0.0,476.96430600873106,86.13425307833782,97.0526795248877,41.666666666666664,12.37916830674588,191703555.20905304,95824833.33333333,10.0,1.0,7.853981633974483,20.0,2.5,98.17477042468104,8782.261557878492,9.610776124023438,9.85894800101479,50.0,12.131584940610962,2302.786376953125,426.2167428145695,5.208333333333333,0.36638087806051367,161.98924870566304
391,0.2567919999999999,-0.0,1,474.6751148360357,0.0,299.92866255809525,5.878601786138667,47.028814289109334,52.907416075248,474.6751148360356,0.0,0.0,2437.866097226921,1.0,5.878601786138667,0.0,14.254241629246687,0.0,439.591617951484,0.0,0.0,9.85894800101479,50.0,0.0,0.0,0.0,0.0,0.0,0.0,0.0,5.208333333333333,0.36638087806051367,0.0,161.98924870566304,9080.0,150.0,-0.0,0.0,9.858948001014767,1848.4809294527704,490.34572061344073,477.96655230669484,3212.4457263471454,21.98871280517949,0.0,476.96430600873106,86.13425307833782,97.0526795248877,41.666666666666664,12.37916830674588,191703555.20905304,95824833.33333333,10.0,1.0,7.853981633974483,20.0,2.5,98.17477042468104,8782.261557878492,9.610776124023438,9.85894800101479,50.0,12.131584940610962,2302.786376953125,426.2167428145695,5.208333333333333,0.36638087806051367,161.98924870566304
392,0.296968,1.0,1,548.9396846577304,0.0,490.3457206134407,9.610776124023436,76.88620899218749,86.49698511621092,1079.5517121336734,0.0,530.6120274759429,1879.3271209364548,-0.0,0.0,0.0,14.254241629246687,0.0,441.8528917063822,8782.261557878492,9.610776124023436,9.85894800101479,50.0,12.131584940610978,2302.786376953125,12.131584940610978,86.13425307833793,86.13425307833793,0.0,0.0,5.208333333333333,0.36638087806051367,426.2167428145695,161.98924870566304,297.73844212150834,150.0,1.0,2.272636939596182,0.0,1848.4809294527704,490.34572061344073,477.96655230669484,3212.4457263471454,21.98871280517949,0.0,476.96430600873106,86.13425307833782,97.0526795248877,41.666666666666664,12.37916830674588,191703555.20905304,95824833.33333333,10.0,1.0,7.853981633974483,20.0,2.5,98.17477042468104,8782.261557878492,9.610776124023438,9.85894800101479,50.0,12.131584940610962,2302.786376953125,426.2167428145695,5.208333333333333,0.36638087806051367,161.98924870566304
393,0.369357,1.0,1,682.749370659887,0.0,264.8815249485415,5.191677888991413,41.533423111931306,46.72510100092272,854.5294262922758,0.0,171.78005563239049,1698.5060097444648,-0.0,0.0,4.419098235032021,9.744957715948706,0.0,444.1141654612804,8782.261557878492,9.610776124023435,9.85894800101479,50.0,12.131584940610962,2302.786376953125,12.131584940610962,86.13425307833782,86.13425307833782,0.0,0.0,5.208333333333333,0.36638087806051367,426.21674281456814,161.98924870566304,297.73844212150834,150.0,1.0,2.272636939596166,0.0,1848.4809294527704,490.34572061344073,477.96655230669484,3212.4457263471454,21.98871280517949,0.0,476.96430600873106,86.13425307833782,97.0526795248877,41.666666666666664,12.37916830674588,191703555.20905304,95824833.33333333,10.0,1.0,7.853981633974483,20.0,2.5,98.17477042468104,8782.261557878492,9.610776124023438,9.85894800101479,50.0,12.131584940610962,2302.786376953125,426.2167428145695,5.208333333333333,0.36638087806051367,161.98924870566304
394,0.438321,1.0,1,810.2280094786678,0.0,220.49310683543038,4.321664893974435,34.57331915179548,38.89498404576992,810.2280094786652,0.0,0.0,1698.5060097444657,-0.0,0.0,5.289111230048983,4.347905440388519,0.0,446.3754392161785,8782.261557878492,9.610776124023433,9.85894800101479,50.0,12.131584940610944,2302.786376953125,12.131584940610944,86.1342530783377,86.1342530783377,0.0,0.0,5.208333333333333,0.36638087806051367,426.21674281456677,161.98924870566304,297.73844212150834,150.0,1.0,2.272636939596143,0.0,1848.4809294527704,490.34572061344073,477.96655230669484,3212.4457263471454,21.98871280517949,0.0,476.96430600873106,86.13425307833782,97.0526795248877,41.666666666666664,12.37916830674588,191703555.20905304,95824833.33333333,10.0,1.0,7.853981633974483,20.0,2.5,98.17477042468104,8782.261557878492,9.610776124023438,9.85894800101479,50.0,12.131584940610962,2302.786376953125,426.2167428145695,5.208333333333333,0.36638087806051367,161.98924870566304
395,0.466644,1.0,1,862.5825348435586,0.0,272.95044859401565,5.349828792442707,42.79863033954165,48.14845913198436,862.5825348474062,0.0,0.0,1698.5060097444657,-0.0,0.0,4.260947331580728,0.0,0.0,448.63671297107675,8782.261557878492,9.610776124023433,9.85894800101479,50.0,12.131584940610978,2302.786376953125,12.131584940610978,86.13425307833793,86.13425307833784,0.0,0.0,5.208333333333333,0.36638087806051367,426.2167428145695,161.98924870566304,297.73844212150834,150.0,1.0,2.2726369395961767,0.0,1848.4809294527704,490.34572061344073,477.96655230669484,3212.4457263471454,21.98871280517949,0.0,476.96430600873106,86.13425307833782,97.0526795248877,41.666666666666664,12.37916830674588,191703555.20905304,95824833.33333333,10.0,1.0,7.853981633974483,20.0,2.5,98.17477042468104,8782.261557878492,9.610776124023438,9.85894800101479,50.0,12.131584940610962,2302.786376953125,426.2167428145695,5.208333333333333,0.36638087806051367,161.98924870566304
396,0.426223,-0.0,1,787.8650871941481,0.0,490.34572061344085,9.61077612402344,76.88620899218752,86.49698511621096,787.8650871941484,115.30856562699745,0.0,1808.0491470901254,1.0,9.61077612402344,0.0,9.418560601542971,0.0,438.72822251779553,0.0,0.0,9.85894800101479,50.0,0.0,0.0,0.0,0.0,0.0,0.0,0.0,5.208333333333333,0.36638087806051367,0.0,161.98924870566304,9080.0,150.0,-0.0,0.0,9.858948001014797,1848.4809294527704,490.34572061344073,477.96655230669484,3212.4457263471454,21.98871280517949,0.0,476.96430600873106,86.13425307833782,97.0526795248877,41.666666666666664,12.37916830674588,191703555.20905304,95824833.33333333,10.0,1.0,7.853981633974483,20.0,2.5,98.17477042468104,8782.261557878492,9.610776124023438,9.85894800101479,50.0,12.131584940610962,2302.786376953125,426.2167428145695,5.208333333333333,0.36638087806051367,161.98924870566304
397,0.328194,1.0,1,606.6603501608225,0.0,19.4176905362919,0.38058673451132125,3.04469387609057,3.425280610601891,609.5467009954756,0.0,2.88635083465266,1805.010883053649,-0.0,0.0,9.23018938951211,0.0,0.0,440.9894962726937,8782.261557878492,9.610776124023438,9.85894800101479,50.0,12.131584940610962,2302.786376953125,12.131584940610962,86.13425307833782,86.13425307833782,0.0,0.0,5.208333333333333,0.36638087806051367,426.21674281456944,161.98924870566304,297.73844212150834,150.0,1.0,2.272636939596172,0.0,1848.4809294527704,490.34572061344073,477.96655230669484,3212.4457263471454,21.98871280517949,0.0,476.96430600873106,86.13425307833782,97.0526795248877,41.666666666666664,12.37916830674588,191703555.20905304,95824833.33333333,10.0,1.0,7.853981633974483,20.0,2.5,98.17477042468104,8782.261557878492,9.610776124023438,9.85894800101479,50.0,12.131584940610962,2302.786376953125,426.2167428145695,5.208333333333333,0.36638087806051367,161.98924870566304
398,0.251623,-0.0,1,465.12031691169443,0.0,290.7342842629997,5.698391971554794,45.58713577243835,51.28552774399314,465.12031691177236,0.0,0.0,1805.010883053649,1.0,5.698391971554795,0.0,5.584424132123699,0.0,431.08100581941295,0.0,0.0,9.85894800101479,50.0,0.0,0.0,0.0,0.0,0.0,0.0,0.0,5.208333333333333,0.36638087806051367,0.0,161.98924870566304,9080.0,150.0,-0.0,0.0,9.858948001014788,1848.4809294527704,490.34572061344073,477.96655230669484,3212.4457263471454,21.98871280517949,0.0,476.96430600873106,86.13425307833782,97.0526795248877,41.666666666666664,12.37916830674588,191703555.20905304,95824833.33333333,10.0,1.0,7.853981633974483,20.0,2.5,98.17477042468104,8782.261557878492,9.610776124023438,9.85894800101479,50.0,12.131584940610962,2302.786376953125,426.2167428145695,5.208333333333333,0.36638087806051367,161.98924870566304
399,0.227648,0.0,1,420.8029866280643,0.0,248.08866235796884,4.862537782216189,38.900302257729514,43.7628400399457,420.8029866280642,0.0,0.0,1805.010883053649,1.0,4.862537782216189,0.0,10.349711158695564,0.0,421.17251536613173,0.0,0.0,9.85894800101479,50.0,0.0,0.0,0.0,0.0,0.0,0.0,0.0,5.208333333333333,0.36638087806051367,0.0,161.98924870566304,9080.0,150.0,0.0,0.0,9.85894800101479,1848.4809294527704,490.34572061344073,477.96655230669484,3212.4457263471454,21.98871280517949,0.0,476.96430600873106,86.13425307833782,97.0526795248877,41.666666666666664,12.37916830674588,191703555.20905304,95824833.33333333,10.0,1.0,7.853981633974483,20.0,2.5,98.17477042468104,8782.261557878492,9.610776124023438,9.85894800101479,50.0,12.131584940610962,2302.786376953125,426.2167428145695,5.208333333333333,0.36638087806051367,161.98924870566304
400,0.246762,-0.0,1,456.13485111362456,0.0,282.0877621323725,5.528920137794501,44.23136110235601,49.76028124015051,456.13485111362456,0.0,0.0,1805.010883053649,1.0,5.528920137794501,0.0,15.768052893734174,0.0,411.2640249128505,0.0,0.0,9.85894800101479,50.0,0.0,0.0,0.0,0.0,0.0,0.0,0.0,5.208333333333333,0.36638087806051367,0.0,161.98924870566304,9080.0,150.0,-0.0,0.0,9.858948001014767,1848.4809294527704,490.34572061344073,477.96655230669484,3212.4457263471454,21.98871280517949,0.0,476.96430600873106,86.13425307833782,97.0526795248877,41.666666666666664,12.37916830674588,191703555.20905304,95824833.33333333,10.0,1.0,7.853981633974483,20.0,2.5,98.17477042468104,8782.261557878492,9.610776124023438,9.85894800101479,50.0,12.131584940610962,2302.786376953125,426.2167428145695,5.208333333333333,0.36638087806051367,161.98924870566304
401,0.323968,1.0,1,598.8486697529551,0.0,8.698649974269415,0.17049353949568052,1.3639483159654442,1.5344418554611248,598.848669752952,0.0,0.0,1805.010883053649,-0.0,0.0,9.440282584527752,6.135111480950753,0.0,413.5252986677487,8782.261557878492,9.610776124023433,9.85894800101479,50.0,12.131584940610947,2302.786376953125,12.131584940610947,86.13425307833772,86.13425307833772,0.0,0.0,5.208333333333333,0.36638087806051367,426.21674281456677,161.98924870566304,297.73844212150834,150.0,1.0,2.27263693959615,0.0,1848.4809294527704,490.34572061344073,477.96655230669484,3212.4457263471454,21.98871280517949,0.0,476.96430600873106,86.13425307833782,97.0526795248877,41.666666666666664,12.37916830674588,191703555.20905304,95824833.33333333,10.0,1.0,7.853981633974483,20.0,2.5,98.17477042468104,8782.261557878492,9.610776124023438,9.85894800101479,50.0,12.131584940610962,2302.786376953125,426.2167428145695,5.208333333333333,0.36638087806051367,161.98924870566304
402,0.4843369999999999,1.0,1,895.2877079283663,0.0,305.7198497011458,5.992109054142457,47.936872433139655,53.928981487282115,895.2877079283651,0.0,0.0,1805.010883053649,-0.0,0.0,3.6186670698809773,2.442594062704858,0.0,415.7865724226469,8782.261557878492,9.610776124023435,9.85894800101479,50.0,12.131584940610947,2302.786376953125,12.131584940610947,86.13425307833772,86.13425307833772,0.0,0.0,5.208333333333333,0.36638087806051367,426.21674281456814,161.98924870566304,297.73844212150834,150.0,1.0,2.272636939596152,0.0,1848.4809294527704,490.34572061344073,477.96655230669484,3212.4457263471454,21.98871280517949,0.0,476.96430600873106,86.13425307833782,97.0526795248877,41.666666666666664,12.37916830674588,191703555.20905304,95824833.33333333,10.0,1.0,7.853981633974483,20.0,2.5,98.17477042468104,8782.261557878492,9.610776124023438,9.85894800101479,50.0,12.131584940610962,2302.786376953125,426.2167428145695,5.208333333333333,0.36638087806051367,161.98924870566304
403,0.561174,1.0,1,1037.3194371047289,0.0,448.0305077668937,8.781397952231117,70.25118361784894,79.03258157008005,1037.3194371043055,0.0,0.0,1805.010883053649,0.0,0.0,0.829378171792321,1.5962898057739177,0.0,418.0478461775849,8782.261557878492,9.610776124023438,9.85894800101479,50.0,12.131584940610962,2302.786376953125,12.131584940610962,86.13425307833782,86.13425307833782,0.0,0.0,5.208333333333333,0.36638087806051367,426.21674281456944,161.98924870566304,297.73844212150834,150.0,1.0,2.272636939596172,0.0,1848.4809294527704,490.34572061344073,477.96655230669484,3212.4457263471454,21.98871280517949,0.0,476.96430600873106,86.13425307833782,97.0526795248877,41.666666666666664,12.37916830674588,191703555.20905304,95824833.33333333,10.0,1.0,7.853981633974483,20.0,2.5,98.17477042468104,8782.261557878492,9.610776124023438,9.85894800101479,50.0,12.131584940610962,2302.786376953125,426.2167428145695,5.208333333333333,0.36638087806051367,161.98924870566304
404,0.596375,1.0,1,1102.387814302396,0.0,490.345720613441,9.610776124023444,76.88620899218755,86.496985116211,1102.3878143023962,22.836102168725915,0.0,1826.7051801139387,1.0,0.0,0.0,1.5962898057739177,0.0,420.3091199324831,8782.261557878492,9.610776124023444,9.85894800101479,50.0,12.131584940610978,2302.786376953125,12.131584940610978,86.13425307833793,86.13425307833784,0.0,0.0,5.208333333333333,0.36638087806051367,426.2167428145661,161.98924870566304,297.73844212150834,150.0,1.0,2.272636939596182,0.0,1848.4809294527704,490.34572061344073,477.96655230669484,3212.4457263471454,21.98871280517949,0.0,476.96430600873106,86.13425307833782,97.0526795248877,41.666666666666664,12.37916830674588,191703555.20905304,95824833.33333333,10.0,1.0,7.853981633974483,20.0,2.5,98.17477042468104,8782.261557878492,9.610776124023438,9.85894800101479,50.0,12.131584940610962,2302.786376953125,426.2167428145695,5.208333333333333,0.36638087806051367,161.98924870566304
405,0.637447,1.0,1,1178.3086230368801,0.0,490.34572061344085,9.61077612402344,76.88620899218752,86.49698511621096,1178.30862303688,98.7569109032084,0.0,1920.5242454719864,1.0,0.0,0.0,1.5962898057739014,0.0,422.5703936873813,8782.261557878492,9.61077612402344,9.85894800101479,50.0,12.131584940610947,2302.786376953125,12.131584940610947,86.13425307833772,86.13425307833784,0.0,0.0,5.208333333333333,0.36638087806051367,426.2167428145678,161.98924870566304,297.73844212150834,150.0,1.0,2.27263693959615,0.0,1848.4809294527704,490.34572061344073,477.96655230669484,3212.4457263471454,21.98871280517949,0.0,476.96430600873106,86.13425307833782,97.0526795248877,41.666666666666664,12.37916830674588,191703555.20905304,95824833.33333333,10.0,1.0,7.853981633974483,20.0,2.5,98.17477042468104,8782.261557878492,9.610776124023438,9.85894800101479,50.0,12.131584940610962,2302.786376953125,426.2167428145695,5.208333333333333,0.36638087806051367,161.98924870566304
406,0.645316,1.0,1,1192.854319470744,0.0,490.34572061344073,9.610776124023438,76.8862089921875,86.49698511621094,1192.8543194710962,113.30260733742284,0.0,2028.1617224425381,1.0,0.0,0.0,1.5962898057739014,0.0,424.83166744227947,8782.261557878492,9.610776124023438,9.85894800101479,50.0,12.131584940610962,2302.786376953125,12.131584940610962,86.13425307833782,86.13425307833782,0.0,0.0,5.208333333333333,0.36638087806051367,426.21674281456944,161.98924870566304,297.73844212150834,150.0,1.0,2.272636939596172,0.0,1848.4809294527704,490.34572061344073,477.96655230669484,3212.4457263471454,21.98871280517949,0.0,476.96430600873106,86.13425307833782,97.0526795248877,41.666666666666664,12.37916830674588,191703555.20905304,95824833.33333333,10.0,1.0,7.853981633974483,20.0,2.5,98.17477042468104,8782.261557878492,9.610776124023438,9.85894800101479,50.0,12.131584940610962,2302.786376953125,426.2167428145695,5.208333333333333,0.36638087806051367,161.98924870566304
407,0.662672,1.0,1,1224.9365544823263,0.0,490.34572061344045,9.610776124023433,76.88620899218746,86.4969851162109,1224.9365544823286,145.384842348657,0.0,2166.2773226737622,0.0,0.0,0.0,1.5962898057739014,0.0,427.09294119717765,8782.261557878492,9.610776124023447,9.85894800101479,50.0,12.131584940610947,2302.786376953125,12.131584940610947,86.13425307833772,86.13425307833772,0.0,0.0,5.208333333333333,0.36638087806051367,426.21674281456814,161.98924870566304,297.73844212150834,150.0,1.0,2.27263693959615,0.0,1848.4809294527704,490.34572061344073,477.96655230669484,3212.4457263471454,21.98871280517949,0.0,476.96430600873106,86.13425307833782,97.0526795248877,41.666666666666664,12.37916830674588,191703555.20905304,95824833.33333333,10.0,1.0,7.853981633974483,20.0,2.5,98.17477042468104,8782.261557878492,9.610776124023438,9.85894800101479,50.0,12.131584940610962,2302.786376953125,426.2167428145695,5.208333333333333,0.36638087806051367,161.98924870566304
408,0.344838,0.0,1,637.4264667506344,0.0,456.54081798014937,8.948200032410927,71.58560025928742,80.53380029169834,637.4264667506343,0.0,0.0,2166.2773226737622,1.0,8.948200032410927,0.0,10.36552583753661,0.0,417.18445074389643,0.0,0.0,9.85894800101479,50.0,0.0,0.0,0.0,0.0,0.0,0.0,0.0,5.208333333333333,0.36638087806051367,0.0,161.98924870566304,9080.0,150.0,0.0,0.0,9.85894800101479,1848.4809294527704,490.34572061344073,477.96655230669484,3212.4457263471454,21.98871280517949,0.0,476.96430600873106,86.13425307833782,97.0526795248877,41.666666666666664,12.37916830674588,191703555.20905304,95824833.33333333,10.0,1.0,7.853981633974483,20.0,2.5,98.17477042468104,8782.261557878492,9.610776124023438,9.85894800101479,50.0,12.131584940610962,2302.786376953125,426.2167428145695,5.208333333333333,0.36638087806051367,161.98924870566304
409,0.279202,-0.0,1,516.0995724650724,0.0,339.79053479542847,6.659894481990398,53.279155855923186,59.939050337913585,516.0995724650724,0.0,0.0,2166.2773226737622,1.0,6.659894481990398,0.0,16.892222429887216,0.0,407.2759602906152,0.0,0.0,9.85894800101479,50.0,0.0,0.0,0.0,0.0,0.0,0.0,0.0,5.208333333333333,0.36638087806051367,0.0,161.98924870566304,9080.0,150.0,-0.0,0.0,9.858948001014797,1848.4809294527704,490.34572061344073,477.96655230669484,3212.4457263471454,21.98871280517949,0.0,476.96430600873106,86.13425307833782,97.0526795248877,41.666666666666664,12.37916830674588,191703555.20905304,95824833.33333333,10.0,1.0,7.853981633974483,20.0,2.5,98.17477042468104,8782.261557878492,9.610776124023438,9.85894800101479,50.0,12.131584940610962,2302.786376953125,426.2167428145695,5.208333333333333,0.36638087806051367,161.98924870566304
410,0.231932,1.0,1,428.72187892983993,0.0,0.0,0.0,0.0,0.0,590.1670691326349,0.0,161.44519020279313,1996.3350171971379,-0.0,0.0,9.610776124023447,7.085308017618392,0.0,409.5372340455134,8782.261557878492,9.610776124023438,9.85894800101479,50.0,12.131584940610962,2302.786376953125,12.131584940610962,86.13425307833782,86.13425307833782,0.0,0.0,5.208333333333333,0.36638087806051367,426.21674281456944,161.98924870566304,297.73844212150834,150.0,1.0,2.272636939596172,0.0,1848.4809294527704,490.34572061344073,477.96655230669484,3212.4457263471454,21.98871280517949,0.0,476.96430600873106,86.13425307833782,97.0526795248877,41.666666666666664,12.37916830674588,191703555.20905304,95824833.33333333,10.0,1.0,7.853981633974483,20.0,2.5,98.17477042468104,8782.261557878492,9.610776124023438,9.85894800101479,50.0,12.131584940610962,2302.786376953125,426.2167428145695,5.208333333333333,0.36638087806051367,161.98924870566304
411,0.203669,0.0,1,376.47826242071625,0.0,205.43592543788805,4.026544138582605,32.21235310866084,36.23889724724345,376.4782624207163,0.0,0.0,1996.3350171971379,1.0,4.026544138582605,0.0,11.031321273429345,0.0,399.6287435922322,0.0,0.0,9.85894800101479,50.0,0.0,0.0,0.0,0.0,0.0,0.0,0.0,5.208333333333333,0.36638087806051367,0.0,161.98924870566304,9080.0,150.0,0.0,0.0,9.85894800101479,1848.4809294527704,490.34572061344073,477.96655230669484,3212.4457263471454,21.98871280517949,0.0,476.96430600873106,86.13425307833782,97.0526795248877,41.666666666666664,12.37916830674588,191703555.20905304,95824833.33333333,10.0,1.0,7.853981633974483,20.0,2.5,98.17477042468104,8782.261557878492,9.610776124023438,9.85894800101479,50.0,12.131584940610962,2302.786376953125,426.2167428145695,5.208333333333333,0.36638087806051367,161.98924870566304
412,0.188154,-0.0,1,347.79908080025655,0.0,177.83856052212616,3.4856357862336727,27.88508628986938,31.370722076103053,347.79908080025655,0.0,0.0,1996.3350171971379,1.0,3.4856357862336727,0.0,14.447244343938344,0.0,389.720253138951,0.0,0.0,9.85894800101479,50.0,0.0,0.0,0.0,0.0,0.0,0.0,0.0,5.208333333333333,0.36638087806051367,0.0,161.98924870566304,9080.0,150.0,-0.0,0.0,9.858948001014774,1848.4809294527704,490.34572061344073,477.96655230669484,3212.4457263471454,21.98871280517949,0.0,476.96430600873106,86.13425307833782,97.0526795248877,41.666666666666664,12.37916830674588,191703555.20905304,95824833.33333333,10.0,1.0,7.853981633974483,20.0,2.5,98.17477042468104,8782.261557878492,9.610776124023438,9.85894800101479,50.0,12.131584940610962,2302.786376953125,426.2167428145695,5.208333333333333,0.36638087806051367,161.98924870566304
413,0.180157,1.0,1,333.0167788074228,0.0,377.07342306205715,7.39063909201632,59.12511273613056,66.51575182814688,966.5014282854903,0.0,633.4846494780959,1329.5090703780895,-0.0,0.0,2.2201370320071048,12.181798392910686,0.0,391.9815268938492,8782.261557878492,9.610776124023438,9.85894800101479,50.0,12.131584940610962,2302.786376953125,12.131584940610962,86.13425307833782,86.13425307833782,0.0,0.0,5.208333333333333,0.36638087806051367,426.21674281456944,161.98924870566304,297.73844212150834,150.0,1.0,2.272636939596172,0.0,1848.4809294527704,490.34572061344073,477.96655230669484,3212.4457263471454,21.98871280517949,0.0,476.96430600873106,86.13425307833782,97.0526795248877,41.666666666666664,12.37916830674588,191703555.20905304,95824833.33333333,10.0,1.0,7.853981633974483,20.0,2.5,98.17477042468104,8782.261557878492,9.610776124023438,9.85894800101479,50.0,12.131584940610962,2302.786376953125,426.2167428145695,5.208333333333333,0.36638087806051367,161.98924870566304
414,0.17149,0.0,1,316.9959945918556,0.0,305.03848594289326,5.9787543244807075,47.83003459584566,53.808788920326364,479.98524329751774,0.0,162.98924870563815,1157.9414401616284,1.0,5.978754324480726,0.0,18.040977630900986,0.0,382.073036440568,0.0,0.0,9.85894800101479,50.0,0.0,0.0,0.0,0.0,0.0,0.0,0.0,5.208333333333333,0.36638087806051367,0.0,161.98924870566304,9080.0,150.0,0.0,0.0,9.85894800101479,1848.4809294527704,490.34572061344073,477.96655230669484,3212.4457263471454,21.98871280517949,0.0,476.96430600873106,86.13425307833782,97.0526795248877,41.666666666666664,12.37916830674588,191703555.20905304,95824833.33333333,10.0,1.0,7.853981633974483,20.0,2.5,98.17477042468104,8782.261557878492,9.610776124023438,9.85894800101479,50.0,12.131584940610962,2302.786376953125,426.2167428145695,5.208333333333333,0.36638087806051367,161.98924870566304
415,0.1608899999999999,0.0,1,297.40209673965603,0.0,169.96845907775878,3.331381797924072,26.651054383392577,29.98243618131665,339.62047137927,0.0,42.218374639613955,1113.50104580414,1.0,3.331381797924072,0.0,21.305731792866574,0.0,372.1645459872868,0.0,0.0,9.85894800101479,50.0,0.0,0.0,0.0,0.0,0.0,0.0,0.0,5.208333333333333,0.36638087806051367,0.0,161.98924870566304,9080.0,150.0,0.0,0.0,9.85894800101479,1848.4809294527704,490.34572061344073,477.96655230669484,3212.4457263471454,21.98871280517949,0.0,476.96430600873106,86.13425307833782,97.0526795248877,41.666666666666664,12.37916830674588,191703555.20905304,95824833.33333333,10.0,1.0,7.853981633974483,20.0,2.5,98.17477042468104,8782.261557878492,9.610776124023438,9.85894800101479,50.0,12.131584940610962,2302.786376953125,426.2167428145695,5.208333333333333,0.36638087806051367,161.98924870566304
416,0.1585569999999999,1.0,1,293.0895907312427,0.0,0.0,0.0,0.0,0.0,590.1670691326336,0.0,297.07747840139206,800.7879106447799,-0.0,0.0,9.610776124023438,11.49881738059776,0.0,374.425819742185,8782.261557878492,9.610776124023435,9.85894800101479,50.0,12.131584940610974,2302.786376953125,12.131584940610974,86.1342530783379,86.1342530783379,0.0,0.0,5.208333333333333,0.36638087806051367,426.21674281456814,161.98924870566304,297.73844212150834,150.0,1.0,2.2726369395961785,0.0,1848.4809294527704,490.34572061344073,477.96655230669484,3212.4457263471454,21.98871280517949,0.0,476.96430600873106,86.13425307833782,97.0526795248877,41.666666666666664,12.37916830674588,191703555.20905304,95824833.33333333,10.0,1.0,7.853981633974483,20.0,2.5,98.17477042468104,8782.261557878492,9.610776124023438,9.85894800101479,50.0,12.131584940610962,2302.786376953125,426.2167428145695,5.208333333333333,0.36638087806051367,161.98924870566304
417,0.181521,-0.0,1,335.5381067951963,0.0,202.7823315150319,3.9745336976946253,31.796269581557002,35.77080327925163,373.7206476160842,0.0,38.18254082088785,760.5957624122664,1.0,3.974533697694625,0.0,15.393860404339302,0.0,364.5173292889038,0.0,0.0,9.85894800101479,50.0,0.0,0.0,0.0,0.0,0.0,0.0,0.0,5.208333333333333,0.36638087806051367,0.0,161.98924870566304,9080.0,150.0,-0.0,0.0,9.858948001014788,1848.4809294527704,490.34572061344073,477.96655230669484,3212.4457263471454,21.98871280517949,0.0,476.96430600873106,86.13425307833782,97.0526795248877,41.666666666666664,12.37916830674588,191703555.20905304,95824833.33333333,10.0,1.0,7.853981633974483,20.0,2.5,98.17477042468104,8782.261557878492,9.610776124023438,9.85894800101479,50.0,12.131584940610962,2302.786376953125,426.2167428145695,5.208333333333333,0.36638087806051367,161.98924870566304
418,0.238249,0.0,1,440.39873296119305,0.0,266.94523119277324,5.232126531378356,41.857012251026845,47.0891387824052,440.398732961193,0.0,0.0,760.5957624122664,1.0,5.232126531378356,0.0,20.52134440509009,0.0,354.6088388356226,0.0,0.0,9.85894800101479,50.0,0.0,0.0,0.0,0.0,0.0,0.0,0.0,5.208333333333333,0.36638087806051367,0.0,161.98924870566304,9080.0,150.0,0.0,0.0,9.85894800101479,1848.4809294527704,490.34572061344073,477.96655230669484,3212.4457263471454,21.98871280517949,0.0,476.96430600873106,86.13425307833782,97.0526795248877,41.666666666666664,12.37916830674588,191703555.20905304,95824833.33333333,10.0,1.0,7.853981633974483,20.0,2.5,98.17477042468104,8782.261557878492,9.610776124023438,9.85894800101479,50.0,12.131584940610962,2302.786376953125,426.2167428145695,5.208333333333333,0.36638087806051367,161.98924870566304
419,0.318364,1.0,1,588.4897826243017,0.0,0.0,0.0,0.0,0.0,590.1670691326336,0.0,1.677286508330449,758.8301976666554,-0.0,0.0,9.610776124023438,10.714429992821273,0.0,356.87011259051366,8782.261557878492,9.610776124023435,9.85894800101479,50.0,12.131584940610944,2302.786376953125,12.131584940610944,86.1342530783377,86.1342530783377,0.0,0.0,5.208333333333333,0.36638087806051367,426.21674281456814,161.98924870566304,297.73844212150834,150.0,1.0,2.2726369395961483,0.0,1848.4809294527704,490.34572061344073,477.96655230669484,3212.4457263471454,21.98871280517949,0.0,476.96430600873106,86.13425307833782,97.0526795248877,41.666666666666664,12.37916830674588,191703555.20905304,95824833.33333333,10.0,1.0,7.853981633974483,20.0,2.5,98.17477042468104,8782.261557878492,9.610776124023438,9.85894800101479,50.0,12.131584940610962,2302.786376953125,426.2167428145695,5.208333333333333,0.36638087806051367,161.98924870566304
420,0.398761,-0.0,1,737.1021039095161,0.0,490.3457206134409,9.610776124023442,76.88620899218753,86.49698511621098,737.1021039095162,64.54558234236538,0.0,820.1485008919025,1.0,9.61077612402344,0.0,20.13299059436424,0.0,346.96162213723227,0.0,0.0,9.85894800101479,50.0,0.0,0.0,0.0,0.0,0.0,0.0,0.0,5.208333333333333,0.36638087806051367,0.0,161.98924870566304,9080.0,150.0,-0.0,0.0,9.858948001014797,1848.4809294527704,490.34572061344073,477.96655230669484,3212.4457263471454,21.98871280517949,0.0,476.96430600873106,86.13425307833782,97.0526795248877,41.666666666666664,12.37916830674588,191703555.20905304,95824833.33333333,10.0,1.0,7.853981633974483,20.0,2.5,98.17477042468104,8782.261557878492,9.610776124023438,9.85894800101479,50.0,12.131584940610962,2302.786376953125,426.2167428145695,5.208333333333333,0.36638087806051367,161.98924870566304
421,0.465291,1.0,1,860.081540146009,0.0,270.44454231631323,5.3007130293997395,42.405704235197916,47.706417264597654,860.0815401460081,0.0,0.0,820.1485008919025,-0.0,0.0,4.310063094623681,15.734967028421709,0.0,349.22289589212386,8782.261557878492,9.610776124023435,9.85894800101479,50.0,12.131584940610947,2302.786376953125,12.131584940610947,86.13425307833772,86.13425307833772,0.0,0.0,5.208333333333333,0.36638087806051367,426.21674281456944,161.98924870566304,297.73844212150834,150.0,1.0,2.27263693959615,0.0,1848.4809294527704,490.34572061344073,477.96655230669484,3212.4457263471454,21.98871280517949,0.0,476.96430600873106,86.13425307833782,97.0526795248877,41.666666666666664,12.37916830674588,191703555.20905304,95824833.33333333,10.0,1.0,7.853981633974483,20.0,2.5,98.17477042468104,8782.261557878492,9.610776124023438,9.85894800101479,50.0,12.131584940610962,2302.786376953125,426.2167428145695,5.208333333333333,0.36638087806051367,161.98924870566304
422,0.508156,1.0,1,939.316675187002,0.0,349.83528320945766,6.8567715509053695,54.854172407242956,61.71094395814833,939.3166751870023,0.0,0.0,820.1485008919025,-0.0,0.0,2.7540045731180687,12.924758280342047,0.0,351.4841696470147,8782.261557878492,9.610776124023438,9.85894800101479,50.0,12.131584940610974,2302.786376953125,12.131584940610974,86.1342530783379,86.13425307833784,0.0,0.0,5.208333333333333,0.36638087806051367,426.2167428145698,161.98924870566304,297.73844212150834,150.0,1.0,2.272636939596173,0.0,1848.4809294527704,490.34572061344073,477.96655230669484,3212.4457263471454,21.98871280517949,0.0,476.96430600873106,86.13425307833782,97.0526795248877,41.666666666666664,12.37916830674588,191703555.20905304,95824833.33333333,10.0,1.0,7.853981633974483,20.0,2.5,98.17477042468104,8782.261557878492,9.610776124023438,9.85894800101479,50.0,12.131584940610962,2302.786376953125,426.2167428145695,5.208333333333333,0.36638087806051367,161.98924870566304
423,0.518204,1.0,1,957.8902115661434,0.0,368.4452952121243,7.221527786157636,57.77222228926109,64.99375007541872,957.8902115661433,0.0,0.0,820.1485008919025,-0.0,0.0,2.3892483378658023,10.486749772315719,0.0,353.7454434019129,8782.261557878492,9.610776124023438,9.85894800101479,50.0,12.131584940610962,2302.786376953125,12.131584940610962,86.13425307833782,86.13425307833782,0.0,0.0,5.208333333333333,0.36638087806051367,426.21674281456944,161.98924870566304,297.73844212150834,150.0,1.0,2.272636939596172,0.0,1848.4809294527704,490.34572061344073,477.96655230669484,3212.4457263471454,21.98871280517949,0.0,476.96430600873106,86.13425307833782,97.0526795248877,41.666666666666664,12.37916830674588,191703555.20905304,95824833.33333333,10.0,1.0,7.853981633974483,20.0,2.5,98.17477042468104,8782.261557878492,9.610776124023438,9.85894800101479,50.0,12.131584940610962,2302.786376953125,426.2167428145695,5.208333333333333,0.36638087806051367,161.98924870566304
424,0.501976,1.0,1,927.8930630429838,0.0,338.38923681450524,6.632429041564302,53.05943233251442,59.69186137407872,927.8930630429822,0.0,0.0,820.1485008919025,-0.0,0.0,2.9783470824591327,7.447620096337012,0.0,356.0067171568111,8782.261557878492,9.610776124023435,9.85894800101479,50.0,12.131584940610962,2302.786376953125,12.131584940610962,86.13425307833782,86.13425307833782,0.0,0.0,5.208333333333333,0.36638087806051367,426.21674281456814,161.98924870566304,297.73844212150834,150.0,1.0,2.272636939596166,0.0,1848.4809294527704,490.34572061344073,477.96655230669484,3212.4457263471454,21.98871280517949,0.0,476.96430600873106,86.13425307833782,97.0526795248877,41.666666666666664,12.37916830674588,191703555.20905304,95824833.33333333,10.0,1.0,7.853981633974483,20.0,2.5,98.17477042468104,8782.261557878492,9.610776124023438,9.85894800101479,50.0,12.131584940610962,2302.786376953125,426.2167428145695,5.208333333333333,0.36638087806051367,161.98924870566304
425,0.47556,-0.0,1,879.0635908105595,0.0,490.34572061344085,9.61077612402344,76.88620899218752,86.49698511621096,879.0635908105596,206.5070692434088,0.0,1016.3302166731407,1.0,9.61077612402344,0.0,16.866180697879983,0.0,346.0982267035299,0.0,0.0,9.85894800101479,50.0,0.0,0.0,0.0,0.0,0.0,0.0,0.0,5.208333333333333,0.36638087806051367,0.0,161.98924870566304,9080.0,150.0,-0.0,0.0,9.858948001014797,1848.4809294527704,490.34572061344073,477.96655230669484,3212.4457263471454,21.98871280517949,0.0,476.96430600873106,86.13425307833782,97.0526795248877,41.666666666666664,12.37916830674588,191703555.20905304,95824833.33333333,10.0,1.0,7.853981633974483,20.0,2.5,98.17477042468104,8782.261557878492,9.610776124023438,9.85894800101479,50.0,12.131584940610962,2302.786376953125,426.2167428145695,5.208333333333333,0.36638087806051367,161.98924870566304
426,0.44981,1.0,1,831.4652068771506,0.0,490.34572061344085,9.61077612402344,76.88620899218752,86.49698511621096,1079.5517121336738,0.0,248.08650525651893,755.1865269294367,-0.0,0.0,0.0,16.866180697879983,0.0,348.3595004584281,8782.261557878492,9.610776124023447,9.85894800101479,50.0,12.131584940610974,2302.786376953125,12.131584940610974,86.1342530783379,86.13425307833784,0.0,0.0,5.208333333333333,0.36638087806051367,426.2167428145698,161.98924870566304,297.73844212150834,150.0,1.0,2.2726369395961767,0.0,1848.4809294527704,490.34572061344073,477.96655230669484,3212.4457263471454,21.98871280517949,0.0,476.96430600873106,86.13425307833782,97.0526795248877,41.666666666666664,12.37916830674588,191703555.20905304,95824833.33333333,10.0,1.0,7.853981633974483,20.0,2.5,98.17477042468104,8782.261557878492,9.610776124023438,9.85894800101479,50.0,12.131584940610962,2302.786376953125,426.2167428145695,5.208333333333333,0.36638087806051367,161.98924870566304
427,0.423644,1.0,1,783.0978548770895,0.0,193.30967270295423,3.7888695849779026,30.31095667982322,34.09982626480112,783.0978548770913,0.0,0.0,755.1865269294367,-0.0,0.0,5.821906539045535,10.925459739670256,0.0,350.6207742140377,8782.261557878492,9.610776124023438,9.85894800101479,50.0,12.131584940610962,2302.786376953125,12.131584940610962,86.13425307833782,86.13425307833782,0.0,0.0,5.208333333333333,0.36638087806051367,426.21674281456944,161.98924870566304,297.73844212150834,150.0,1.0,2.272636939596172,0.0,1848.4809294527704,490.34572061344073,477.96655230669484,3212.4457263471454,21.98871280517949,0.0,476.96430600873106,86.13425307833782,97.0526795248877,41.666666666666664,12.37916830674588,191703555.20905304,95824833.33333333,10.0,1.0,7.853981633974483,20.0,2.5,98.17477042468104,8782.261557878492,9.610776124023438,9.85894800101479,50.0,12.131584940610962,2302.786376953125,426.2167428145695,5.208333333333333,0.36638087806051367,161.98924870566304
428,0.404171,1.0,1,747.1023857378557,0.0,434.03408054555155,8.50706797869281,68.05654382954248,76.5636118082353,1023.3504428803171,0.0,276.2480571424577,464.39909835842866,-0.0,0.0,1.1037081453306279,9.799226938312472,0.0,352.88204796893586,8782.261557878492,9.610776124023438,9.85894800101479,50.0,12.131584940610962,2302.786376953125,12.131584940610962,86.13425307833782,86.13425307833782,0.0,0.0,5.208333333333333,0.36638087806051367,426.21674281456944,161.98924870566304,297.73844212150834,150.0,1.0,2.272636939596172,0.0,1848.4809294527704,490.34572061344073,477.96655230669484,3212.4457263471454,21.98871280517949,0.0,476.96430600873106,86.13425307833782,97.0526795248877,41.666666666666664,12.37916830674588,191703555.20905304,95824833.33333333,10.0,1.0,7.853981633974483,20.0,2.5,98.17477042468104,8782.261557878492,9.610776124023438,9.85894800101479,50.0,12.131584940610962,2302.786376953125,426.2167428145695,5.208333333333333,0.36638087806051367,161.98924870566304
429,0.395136,-0.0,1,730.4013605402498,0.0,490.34572061344085,9.61077612402344,76.88620899218752,86.49698511621096,730.4013605402499,57.84483897309906,0.0,519.3516953828728,1.0,9.61077612402344,0.0,19.217787539856015,0.0,342.9735575156547,0.0,0.0,9.85894800101479,50.0,0.0,0.0,0.0,0.0,0.0,0.0,0.0,5.208333333333333,0.36638087806051367,0.0,161.98924870566304,9080.0,150.0,-0.0,0.0,9.858948001014792,1848.4809294527704,490.34572061344073,477.96655230669484,3212.4457263471454,21.98871280517949,0.0,476.96430600873106,86.13425307833782,97.0526795248877,41.666666666666664,12.37916830674588,191703555.20905304,95824833.33333333,10.0,1.0,7.853981633974483,20.0,2.5,98.17477042468104,8782.261557878492,9.610776124023438,9.85894800101479,50.0,12.131584940610962,2302.786376953125,426.2167428145695,5.208333333333333,0.36638087806051367,161.98924870566304
430,0.408767,1.0,1,755.5980040896205,0.0,490.34572061344045,9.610776124023433,76.88620899218746,86.4969851162109,1079.5517121336716,0.0,323.95370804405286,178.3477921786066,-0.0,0.0,0.0,19.217787539856015,0.0,345.23483127055283,8782.261557878492,9.610776124023433,9.85894800101479,50.0,12.131584940610947,2302.786376953125,12.131584940610947,86.13425307833772,86.13425307833772,0.0,0.0,5.208333333333333,0.36638087806051367,426.21674281456814,161.98924870566304,297.73844212150834,150.0,1.0,2.27263693959615,0.0,1848.4809294527704,490.34572061344073,477.96655230669484,3212.4457263471454,21.98871280517949,0.0,476.96430600873106,86.13425307833782,97.0526795248877,41.666666666666664,12.37916830674588,191703555.20905304,95824833.33333333,10.0,1.0,7.853981633974483,20.0,2.5,98.17477042468104,8782.261557878492,9.610776124023438,9.85894800101479,50.0,12.131584940610962,2302.786376953125,426.2167428145695,5.208333333333333,0.36638087806051367,161.98924870566304
431,0.431535,1.0,1,797.6842178914013,0.0,207.92468113376052,4.075323750221706,32.60259000177365,36.677913751995355,797.6842178913719,0.0,0.0,178.3477921786066,0.0,0.0,5.5354523738017285,13.569366750262413,0.0,347.496105025451,8782.261557878492,9.610776124023435,9.85894800101479,50.0,12.131584940610944,2302.786376953125,12.131584940610944,86.1342530783377,86.1342530783377,0.0,0.0,5.208333333333333,0.36638087806051367,426.21674281456814,161.98924870566304,297.73844212150834,150.0,1.0,2.2726369395961483,0.0,1848.4809294527704,490.34572061344073,477.96655230669484,3212.4457263471454,21.98871280517949,0.0,476.96430600873106,86.13425307833782,97.0526795248877,41.666666666666664,12.37916830674588,191703555.20905304,95824833.33333333,10.0,1.0,7.853981633974483,20.0,2.5,98.17477042468104,8782.261557878492,9.610776124023438,9.85894800101479,50.0,12.131584940610962,2302.786376953125,426.2167428145695,5.208333333333333,0.36638087806051367,161.98924870566304
432,0.557046,1.0,1,1029.688907827948,0.0,440.38499328214607,8.631545868330063,69.0523669466405,77.68391281497057,1029.6889078279478,0.0,0.0,178.34779217860662,0.0,0.0,0.9792302556933752,12.57015220363652,0.0,349.7573787803492,8782.261557878492,9.610776124023438,9.85894800101479,50.0,12.131584940610962,2302.786376953125,12.131584940610962,86.13425307833782,86.13425307833782,0.0,0.0,5.208333333333333,0.36638087806051367,426.21674281456944,161.98924870566304,297.73844212150834,150.0,1.0,2.272636939596172,0.0,1848.4809294527704,490.34572061344073,477.96655230669484,3212.4457263471454,21.98871280517949,0.0,476.96430600873106,86.13425307833782,97.0526795248877,41.666666666666664,12.37916830674588,191703555.20905304,95824833.33333333,10.0,1.0,7.853981633974483,20.0,2.5,98.17477042468104,8782.261557878492,9.610776124023438,9.85894800101479,50.0,12.131584940610962,2302.786376953125,426.2167428145695,5.208333333333333,0.36638087806051367,161.98924870566304
433,0.526137,-0.0,1,972.5542107794922,0.0,490.34572061344085,9.61077612402344,76.88620899218752,86.49698511621096,972.5542107794923,299.99768921234147,0.0,463.3455969303421,1.0,9.61077612402344,0.0,21.98871280517949,0.0,339.848888327068,0.0,0.0,9.85894800101479,50.0,0.0,0.0,0.0,0.0,0.0,0.0,0.0,5.208333333333333,0.36638087806051367,0.0,161.98924870566304,9080.0,150.0,-0.0,0.0,9.858948001014788,1848.4809294527704,490.34572061344073,477.96655230669484,3212.4457263471454,21.98871280517949,0.0,476.96430600873106,86.13425307833782,97.0526795248877,41.666666666666664,12.37916830674588,191703555.20905304,95824833.33333333,10.0,1.0,7.853981633974483,20.0,2.5,98.17477042468104,8782.261557878492,9.610776124023438,9.85894800101479,50.0,12.131584940610962,2302.786376953125,426.2167428145695,5.208333333333333,0.36638087806051367,161.98924870566304
434,0.501978,1.0,1,927.8967600048428,0.0,490.34572061344073,9.610776124023438,76.8862089921875,86.49698511621094,1079.551712133672,0.0,151.65495212883496,303.70880521577897,0.0,0.0,0.0,21.988712805179492,0.0,342.11016208196617,8782.261557878492,9.610776124023435,9.85894800101479,50.0,12.131584940610953,2302.786376953125,12.131584940610953,86.13425307833776,86.13425307833782,0.0,0.0,5.208333333333333,0.36638087806051367,426.21674281456814,161.98924870566304,297.73844212150834,150.0,1.0,2.2726369395961554,0.0,1848.4809294527704,490.34572061344073,477.96655230669484,3212.4457263471454,21.98871280517949,0.0,476.96430600873106,86.13425307833782,97.0526795248877,41.666666666666664,12.37916830674588,191703555.20905304,95824833.33333333,10.0,1.0,7.853981633974483,20.0,2.5,98.17477042468104,8782.261557878492,9.610776124023438,9.85894800101479,50.0,12.131584940610962,2302.786376953125,426.2167428145695,5.208333333333333,0.36638087806051367,161.98924870566304
435,0.579125,1.0,1,1070.5015182693357,0.0,481.2777535336268,9.433043969259085,75.46435175407268,84.89739572333177,1070.5015182693357,0.0,0.0,303.70880521577897,0.0,0.0,0.1777321547643531,21.807353463583212,0.0,344.37143583686435,8782.261557878492,9.610776124023438,9.85894800101479,50.0,12.131584940610962,2302.786376953125,12.131584940610962,86.13425307833782,86.13425307833782,0.0,0.0,5.208333333333333,0.36638087806051367,426.21674281456944,161.98924870566304,297.73844212150834,150.0,1.0,2.272636939596172,0.0,1848.4809294527704,490.34572061344073,477.96655230669484,3212.4457263471454,21.98871280517949,0.0,476.96430600873106,86.13425307833782,97.0526795248877,41.666666666666664,12.37916830674588,191703555.20905304,95824833.33333333,10.0,1.0,7.853981633974483,20.0,2.5,98.17477042468104,8782.261557878492,9.610776124023438,9.85894800101479,50.0,12.131584940610962,2302.786376953125,426.2167428145695,5.208333333333333,0.36638087806051367,161.98924870566304
436,0.659949,1.0,1,1219.9031409114264,0.0,490.34572061344073,9.610776124023438,76.8862089921875,86.49698511621094,1219.9031409114261,140.35142877775283,0.0,437.04266255464415,0.0,0.0,0.0,21.807353463583212,0.0,346.63270959176253,8782.261557878492,9.610776124023438,9.85894800101479,50.0,12.131584940610962,2302.786376953125,12.131584940610962,86.13425307833782,86.13425307833782,0.0,0.0,5.208333333333333,0.36638087806051367,426.21674281456944,161.98924870566304,297.73844212150834,150.0,1.0,2.272636939596172,0.0,1848.4809294527704,490.34572061344073,477.96655230669484,3212.4457263471454,21.98871280517949,0.0,476.96430600873106,86.13425307833782,97.0526795248877,41.666666666666664,12.37916830674588,191703555.20905304,95824833.33333333,10.0,1.0,7.853981633974483,20.0,2.5,98.17477042468104,8782.261557878492,9.610776124023438,9.85894800101479,50.0,12.131584940610962,2302.786376953125,426.2167428145695,5.208333333333333,0.36638087806051367,161.98924870566304
437,0.565748,1.0,1,1045.774388876046,0.0,456.50206378843995,8.947440450253422,71.57952360202738,80.5269640522808,1045.7743888760497,0.0,0.0,437.04266255464415,0.0,0.0,0.6633356737700158,21.1304803270832,0.0,348.8939833466607,8782.261557878492,9.610776124023438,9.85894800101479,50.0,12.131584940610962,2302.786376953125,12.131584940610962,86.13425307833782,86.13425307833782,0.0,0.0,5.208333333333333,0.36638087806051367,426.21674281456944,161.98924870566304,297.73844212150834,150.0,1.0,2.272636939596172,0.0,1848.4809294527704,490.34572061344073,477.96655230669484,3212.4457263471454,21.98871280517949,0.0,476.96430600873106,86.13425307833782,97.0526795248877,41.666666666666664,12.37916830674588,191703555.20905304,95824833.33333333,10.0,1.0,7.853981633974483,20.0,2.5,98.17477042468104,8782.261557878492,9.610776124023438,9.85894800101479,50.0,12.131584940610962,2302.786376953125,426.2167428145695,5.208333333333333,0.36638087806051367,161.98924870566304
438,0.4540559999999999,1.0,1,839.313856903607,0.0,254.8215859291984,4.994503084212289,39.95602467369831,44.9505277579106,844.489204753412,0.0,5.17534784980509,431.59492797590195,-0.0,0.0,4.61627303981115,16.419997633398353,0.0,351.1552571015589,8782.261557878492,9.610776124023438,9.85894800101479,50.0,12.131584940610962,2302.786376953125,12.131584940610962,86.13425307833782,86.13425307833782,0.0,0.0,5.208333333333333,0.36638087806051367,426.21674281456944,161.98924870566304,297.73844212150834,150.0,1.0,2.272636939596172,0.0,1848.4809294527704,490.34572061344073,477.96655230669484,3212.4457263471454,21.98871280517949,0.0,476.96430600873106,86.13425307833782,97.0526795248877,41.666666666666664,12.37916830674588,191703555.20905304,95824833.33333333,10.0,1.0,7.853981633974483,20.0,2.5,98.17477042468104,8782.261557878492,9.610776124023438,9.85894800101479,50.0,12.131584940610962,2302.786376953125,426.2167428145695,5.208333333333333,0.36638087806051367,161.98924870566304
439,0.385849,1.0,1,713.234518148422,0.0,292.14192168805033,5.725981665085786,45.80785332068629,51.533834985772074,881.7363926541766,0.0,168.50187450575277,254.2245337593201,-0.0,0.0,3.8847944589376517,12.455921654890544,0.0,353.4165308564571,8782.261557878492,9.610776124023438,9.85894800101479,50.0,12.131584940610962,2302.786376953125,12.131584940610962,86.13425307833782,86.13425307833782,0.0,0.0,5.208333333333333,0.36638087806051367,426.21674281456944,161.98924870566304,297.73844212150834,150.0,1.0,2.272636939596172,0.0,1848.4809294527704,490.34572061344073,477.96655230669484,3212.4457263471454,21.98871280517949,0.0,476.96430600873106,86.13425307833782,97.0526795248877,41.666666666666664,12.37916830674588,191703555.20905304,95824833.33333333,10.0,1.0,7.853981633974483,20.0,2.5,98.17477042468104,8782.261557878492,9.610776124023438,9.85894800101479,50.0,12.131584940610962,2302.786376953125,426.2167428145695,5.208333333333333,0.36638087806051367,161.98924870566304
440,0.3652149999999999,1.0,1,675.0929626500933,0.0,327.0802779335961,6.410773447498483,51.28618757998787,57.69696102748635,916.6062697214811,0.0,241.51330707135412,0.0,-0.0,0.0,3.200002676524955,9.19061280129365,0.0,355.67780461135527,8782.261557878492,9.610776124023438,9.85894800101479,50.0,12.131584940610962,2302.786376953125,12.131584940610962,86.13425307833782,86.13425307833782,0.0,0.0,5.208333333333333,0.36638087806051367,426.21674281456944,161.98924870566304,297.73844212150834,150.0,1.0,2.272636939596172,0.0,1848.4809294527704,490.34572061344073,477.96655230669484,3212.4457263471454,21.98871280517949,0.0,476.96430600873106,86.13425307833782,97.0526795248877,41.666666666666664,12.37916830674588,191703555.20905304,95824833.33333333,10.0,1.0,7.853981633974483,20.0,2.5,98.17477042468104,8782.261557878492,9.610776124023438,9.85894800101479,50.0,12.131584940610962,2302.786376953125,426.2167428145695,5.208333333333333,0.36638087806051367,161.98924870566304
441,0.453366,1.0,1,838.0384050622847,0.0,248.35811784061545,4.867819109676063,38.9425528774085,43.810371987084565,838.0384050622827,0.0,0.0,0.0,-0.0,0.0,4.742957014347375,4.350860745837144,0.0,357.93907836625345,8782.261557878492,9.610776124023438,9.85894800101479,50.0,12.131584940610962,2302.786376953125,12.131584940610962,86.13425307833782,86.13425307833782,0.0,0.0,5.208333333333333,0.36638087806051367,426.21674281456944,161.98924870566304,297.73844212150834,150.0,1.0,2.272636939596172,0.0,1848.4809294527704,490.34572061344073,477.96655230669484,3212.4457263471454,21.98871280517949,0.0,476.96430600873106,86.13425307833782,97.0526795248877,41.666666666666664,12.37916830674588,191703555.20905304,95824833.33333333,10.0,1.0,7.853981633974483,20.0,2.5,98.17477042468104,8782.261557878492,9.610776124023438,9.85894800101479,50.0,12.131584940610962,2302.786376953125,426.2167428145695,5.208333333333333,0.36638087806051367,161.98924870566304
442,0.603997,1.0,1,1116.476935946685,0.0,490.34572061344085,9.61077612402344,76.88620899218752,86.49698511621096,1079.551712133672,0.0,0.0,0.0,0.0,0.0,0.0,4.350860745837146,0.0,360.20035212115164,8782.261557878492,9.610776124023438,9.85894800101479,50.0,12.131584940610962,2302.786376953125,12.131584940610962,86.13425307833782,86.13425307833782,0.0,0.0,5.208333333333333,0.36638087806051367,426.21674281456814,161.98924870566304,297.73844212150834,150.0,1.0,2.272636939596166,0.0,1848.4809294527704,490.34572061344073,477.96655230669484,3212.4457263471454,21.98871280517949,0.0,476.96430600873106,86.13425307833782,97.0526795248877,41.666666666666664,12.37916830674588,191703555.20905304,95824833.33333333,10.0,1.0,7.853981633974483,20.0,2.5,98.17477042468104,8782.261557878492,9.610776124023438,9.85894800101479,50.0,12.131584940610962,2302.786376953125,426.2167428145695,5.208333333333333,0.36638087806051367,161.98924870566304
443,0.6847770000000001,1.0,1,1265.79722542788,0.0,490.34572061344085,9.61077612402344,76.88620899218752,86.49698511621096,1079.5517121336738,0.0,0.0,0.0,0.0,0.0,0.0,4.350860745837135,0.0,362.4616258760498,8782.261557878492,9.610776124023447,9.85894800101479,50.0,12.131584940610974,2302.786376953125,12.131584940610974,86.1342530783379,86.13425307833784,0.0,0.0,5.208333333333333,0.36638087806051367,426.2167428145698,161.98924870566304,297.73844212150834,150.0,1.0,2.272636939596173,0.0,1848.4809294527704,490.34572061344073,477.96655230669484,3212.4457263471454,21.98871280517949,0.0,476.96430600873106,86.13425307833782,97.0526795248877,41.666666666666664,12.37916830674588,191703555.20905304,95824833.33333333,10.0,1.0,7.853981633974483,20.0,2.5,98.17477042468104,8782.261557878492,9.610776124023438,9.85894800101479,50.0,12.131584940610962,2302.786376953125,426.2167428145695,5.208333333333333,0.36638087806051367,161.98924870566304
444,0.69231,1.0,1,1279.7218322694475,0.0,490.34572061344073,9.610776124023438,76.8862089921875,86.49698511621094,1079.551712133672,0.0,0.0,0.0,0.0,0.0,0.0,4.350860745837139,0.0,364.722899630948,8782.261557878492,9.610776124023435,9.85894800101479,50.0,12.131584940610962,2302.786376953125,12.131584940610962,86.13425307833782,86.13425307833782,0.0,0.0,5.208333333333333,0.36638087806051367,426.21674281456814,161.98924870566304,297.73844212150834,150.0,1.0,2.272636939596166,0.0,1848.4809294527704,490.34572061344073,477.96655230669484,3212.4457263471454,21.98871280517949,0.0,476.96430600873106,86.13425307833782,97.0526795248877,41.666666666666664,12.37916830674588,191703555.20905304,95824833.33333333,10.0,1.0,7.853981633974483,20.0,2.5,98.17477042468104,8782.261557878492,9.610776124023438,9.85894800101479,50.0,12.131584940610962,2302.786376953125,426.2167428145695,5.208333333333333,0.36638087806051367,161.98924870566304
445,0.6571180000000001,1.0,1,1214.6700914001458,0.0,490.34572061344085,9.61077612402344,76.88620899218752,86.49698511621096,1079.5517121336734,0.0,0.0,0.0,1.0,0.0,0.0,4.350860745837139,0.0,366.9841733858462,8782.261557878492,9.61077612402344,9.85894800101479,50.0,12.131584940610962,2302.786376953125,12.131584940610962,86.13425307833782,86.13425307833782,0.0,0.0,5.208333333333333,0.36638087806051367,426.21674281456944,161.98924870566304,297.73844212150834,150.0,1.0,2.272636939596172,0.0,1848.4809294527704,490.34572061344073,477.96655230669484,3212.4457263471454,21.98871280517949,0.0,476.96430600873106,86.13425307833782,97.0526795248877,41.666666666666664,12.37916830674588,191703555.20905304,95824833.33333333,10.0,1.0,7.853981633974483,20.0,2.5,98.17477042468104,8782.261557878492,9.610776124023438,9.85894800101479,50.0,12.131584940610962,2302.786376953125,426.2167428145695,5.208333333333333,0.36638087806051367,161.98924870566304
446,0.6177440000000001,1.0,1,1141.8880032838724,0.0,490.34572061344073,9.610776124023438,76.8862089921875,86.49698511621094,1079.5517121336734,0.0,0.0,0.0,1.0,0.0,0.0,4.350860745837139,0.0,369.2454471407444,8782.261557878492,9.610776124023438,9.85894800101479,50.0,12.131584940610962,2302.786376953125,12.131584940610962,86.13425307833782,86.13425307833782,0.0,0.0,5.208333333333333,0.36638087806051367,426.21674281456944,161.98924870566304,297.73844212150834,150.0,1.0,2.272636939596172,0.0,1848.4809294527704,490.34572061344073,477.96655230669484,3212.4457263471454,21.98871280517949,0.0,476.96430600873106,86.13425307833782,97.0526795248877,41.666666666666664,12.37916830674588,191703555.20905304,95824833.33333333,10.0,1.0,7.853981633974483,20.0,2.5,98.17477042468104,8782.261557878492,9.610776124023438,9.85894800101479,50.0,12.131584940610962,2302.786376953125,426.2167428145695,5.208333333333333,0.36638087806051367,161.98924870566304
447,0.616429,1.0,1,1139.4572508616418,0.0,490.34572061344073,9.610776124023438,76.8862089921875,86.49698511621094,1079.5517121336734,0.0,0.0,0.0,1.0,0.0,0.0,4.350860745837139,0.0,371.50672089564256,8782.261557878492,9.610776124023438,9.85894800101479,50.0,12.131584940610962,2302.786376953125,12.131584940610962,86.13425307833782,86.13425307833782,0.0,0.0,5.208333333333333,0.36638087806051367,426.21674281456944,161.98924870566304,297.73844212150834,150.0,1.0,2.272636939596172,0.0,1848.4809294527704,490.34572061344073,477.96655230669484,3212.4457263471454,21.98871280517949,0.0,476.96430600873106,86.13425307833782,97.0526795248877,41.666666666666664,12.37916830674588,191703555.20905304,95824833.33333333,10.0,1.0,7.853981633974483,20.0,2.5,98.17477042468104,8782.261557878492,9.610776124023438,9.85894800101479,50.0,12.131584940610962,2302.786376953125,426.2167428145695,5.208333333333333,0.36638087806051367,161.98924870566304
448,0.621932,1.0,1,1149.6294414164204,0.0,490.345720613441,9.610776124023444,76.88620899218755,86.496985116211,1079.5517121336707,0.0,0.0,0.0,1.0,0.0,0.0,4.350860745837139,0.0,373.76799465055075,8782.261557878492,9.610776124023444,9.85894800101479,50.0,12.131584940610962,2302.786376953125,12.131584940610962,86.13425307833782,86.13425307833782,0.0,0.0,5.208333333333333,0.36638087806051367,426.21674281456677,161.98924870566304,297.73844212150834,150.0,1.0,2.272636939596172,0.0,1848.4809294527704,490.34572061344073,477.96655230669484,3212.4457263471454,21.98871280517949,0.0,476.96430600873106,86.13425307833782,97.0526795248877,41.666666666666664,12.37916830674588,191703555.20905304,95824833.33333333,10.0,1.0,7.853981633974483,20.0,2.5,98.17477042468104,8782.261557878492,9.610776124023438,9.85894800101479,50.0,12.131584940610962,2302.786376953125,426.2167428145695,5.208333333333333,0.36638087806051367,161.98924870566304
449,0.6213139999999999,1.0,1,1148.4870802020184,0.0,490.345720613441,9.610776124023444,76.88620899218755,86.496985116211,1079.551712133672,0.0,0.0,0.0,1.0,0.0,0.0,4.350860745837139,0.0,376.0292684054401,8782.261557878492,9.610776124023444,9.85894800101479,50.0,12.131584940610947,2302.786376953125,12.131584940610947,86.13425307833772,86.13425307833772,0.0,0.0,5.208333333333333,0.36638087806051367,426.21674281456814,161.98924870566304,297.73844212150834,150.0,1.0,2.27263693959615,0.0,1848.4809294527704,490.34572061344073,477.96655230669484,3212.4457263471454,21.98871280517949,0.0,476.96430600873106,86.13425307833782,97.0526795248877,41.666666666666664,12.37916830674588,191703555.20905304,95824833.33333333,10.0,1.0,7.853981633974483,20.0,2.5,98.17477042468104,8782.261557878492,9.610776124023438,9.85894800101479,50.0,12.131584940610962,2302.786376953125,426.2167428145695,5.208333333333333,0.36638087806051367,161.98924870566304
450,0.632576,1.0,1,1169.3046724295157,0.0,490.34572061344085,9.61077612402344,76.88620899218752,86.49698511621096,1079.5517121336738,0.0,0.0,0.0,0.0,0.0,0.0,4.350860745837132,0.0,378.2905421603471,8782.261557878492,9.610776124023447,9.85894800101479,50.0,12.131584940610974,2302.786376953125,12.131584940610974,86.1342530783379,86.13425307833784,0.0,0.0,5.208333333333333,0.36638087806051367,426.2167428145698,161.98924870566304,297.73844212150834,150.0,1.0,2.272636939596173,0.0,1848.4809294527704,490.34572061344073,477.96655230669484,3212.4457263471454,21.98871280517949,0.0,476.96430600873106,86.13425307833782,97.0526795248877,41.666666666666664,12.37916830674588,191703555.20905304,95824833.33333333,10.0,1.0,7.853981633974483,20.0,2.5,98.17477042468104,8782.261557878492,9.610776124023438,9.85894800101479,50.0,12.131584940610962,2302.786376953125,426.2167428145695,5.208333333333333,0.36638087806051367,161.98924870566304
451,0.655744,1.0,1,1212.1302786030774,0.0,490.34572061344085,9.61077612402344,76.88620899218752,86.49698511621096,1079.5517121336738,0.0,0.0,0.0,1.0,0.0,0.0,4.350860745837132,0.0,380.5518159151453,8782.261557878492,9.61077612402344,9.85894800101479,50.0,12.131584940610974,2302.786376953125,12.131584940610974,86.1342530783379,86.13425307833784,0.0,0.0,5.208333333333333,0.36638087806051367,426.2167428145698,161.98924870566304,297.73844212150834,150.0,1.0,2.272636939596173,0.0,1848.4809294527704,490.34572061344073,477.96655230669484,3212.4457263471454,21.98871280517949,0.0,476.96430600873106,86.13425307833782,97.0526795248877,41.666666666666664,12.37916830674588,191703555.20905304,95824833.33333333,10.0,1.0,7.853981633974483,20.0,2.5,98.17477042468104,8782.261557878492,9.610776124023438,9.85894800101479,50.0,12.131584940610962,2302.786376953125,426.2167428145695,5.208333333333333,0.36638087806051367,161.98924870566304
452,0.730598,1.0,1,1350.496470096335,0.0,490.34572061344085,9.61077612402344,76.88620899218752,86.49698511621096,1079.5517121336738,0.0,0.0,0.0,-0.0,0.0,0.0,4.350860745837132,0.0,382.813089670052,8782.261557878492,9.610776124023438,9.85894800101479,50.0,12.131584940610978,2302.786376953125,12.131584940610978,86.13425307833793,86.13425307833784,0.0,0.0,5.208333333333333,0.36638087806051367,426.2167428145698,161.98924870566304,297.73844212150834,150.0,1.0,2.2726369395961767,0.0,1848.4809294527704,490.34572061344073,477.96655230669484,3212.4457263471454,21.98871280517949,0.0,476.96430600873106,86.13425307833782,97.0526795248877,41.666666666666664,12.37916830674588,191703555.20905304,95824833.33333333,10.0,1.0,7.853981633974483,20.0,2.5,98.17477042468104,8782.261557878492,9.610776124023438,9.85894800101479,50.0,12.131584940610962,2302.786376953125,426.2167428145695,5.208333333333333,0.36638087806051367,161.98924870566304
453,0.8277519999999999,1.0,1,1530.0837863163895,0.0,490.34572061344073,9.610776124023438,76.8862089921875,86.49698511621094,1422.9719912250246,343.4202790913512,0.0,326.2492651367836,0.0,0.0,0.0,4.350860745837135,0.0,385.07436342495845,8782.261557878492,9.610776124023435,9.85894800101479,50.0,12.131584940610953,2302.786376953125,12.131584940610953,86.13425307833776,86.13425307833782,0.0,0.0,5.208333333333333,0.36638087806051367,426.21674281456944,161.98924870566304,297.73844212150834,150.0,1.0,2.2726369395961554,0.0,1848.4809294527704,490.34572061344073,477.96655230669484,3212.4457263471454,21.98871280517949,0.0,476.96430600873106,86.13425307833782,97.0526795248877,41.666666666666664,12.37916830674588,191703555.20905304,95824833.33333333,10.0,1.0,7.853981633974483,20.0,2.5,98.17477042468104,8782.261557878492,9.610776124023438,9.85894800101479,50.0,12.131584940610962,2302.786376953125,426.2167428145695,5.208333333333333,0.36638087806051367,161.98924870566304
454,0.899251,1.0,1,1662.2483242913333,0.0,490.34572061344073,9.610776124023438,76.8862089921875,86.49698511621094,1079.5517121336734,0.0,0.0,326.2492651367836,1.0,0.0,0.0,4.350860745837135,0.0,387.33563717985663,8782.261557878492,9.610776124023438,9.85894800101479,50.0,12.131584940610962,2302.786376953125,12.131584940610962,86.13425307833782,86.13425307833782,0.0,0.0,5.208333333333333,0.36638087806051367,426.2167428145695,161.98924870566304,297.73844212150834,150.0,1.0,2.2726369395961656,0.0,1848.4809294527704,490.34572061344073,477.96655230669484,3212.4457263471454,21.98871280517949,0.0,476.96430600873106,86.13425307833782,97.0526795248877,41.666666666666664,12.37916830674588,191703555.20905304,95824833.33333333,10.0,1.0,7.853981633974483,20.0,2.5,98.17477042468104,8782.261557878492,9.610776124023438,9.85894800101479,50.0,12.131584940610962,2302.786376953125,426.2167428145695,5.208333333333333,0.36638087806051367,161.98924870566304
455,0.95687,1.0,1,1768.7559469654725,0.0,490.34572061344073,9.610776124023438,76.8862089921875,86.49698511621094,1079.5517121336734,0.0,0.0,326.2492651367836,1.0,0.0,0.0,4.350860745837135,0.0,389.5969109347548,8782.261557878492,9.610776124023438,9.85894800101479,50.0,12.131584940610962,2302.786376953125,12.131584940610962,86.13425307833782,86.13425307833782,0.0,0.0,5.208333333333333,0.36638087806051367,426.2167428145695,161.98924870566304,297.73844212150834,150.0,1.0,2.2726369395961656,0.0,1848.4809294527704,490.34572061344073,477.96655230669484,3212.4457263471454,21.98871280517949,0.0,476.96430600873106,86.13425307833782,97.0526795248877,41.666666666666664,12.37916830674588,191703555.20905304,95824833.33333333,10.0,1.0,7.853981633974483,20.0,2.5,98.17477042468104,8782.261557878492,9.610776124023438,9.85894800101479,50.0,12.131584940610962,2302.786376953125,426.2167428145695,5.208333333333333,0.36638087806051367,161.98924870566304
456,0.469555,1.0,1,867.9634628291956,0.0,490.34572061344073,9.610776124023438,76.8862089921875,86.49698511621094,1079.5517121336707,0.0,211.5882493044778,103.52479218470171,0.0,0.0,0.0,4.35086074583714,0.0,391.85818468971667,8782.261557878492,9.610776124023433,9.85894800101479,50.0,12.131584940610947,2302.786376953125,12.131584940610947,86.13425307833772,86.13425307833784,0.0,0.0,5.208333333333333,0.36638087806051367,426.21674281456677,161.98924870566304,297.73844212150834,150.0,1.0,2.27263693959615,0.0,1848.4809294527704,490.34572061344073,477.96655230669484,3212.4457263471454,21.98871280517949,0.0,476.96430600873106,86.13425307833782,97.0526795248877,41.666666666666664,12.37916830674588,191703555.20905304,95824833.33333333,10.0,1.0,7.853981633974483,20.0,2.5,98.17477042468104,8782.261557878492,9.610776124023438,9.85894800101479,50.0,12.131584940610962,2302.786376953125,426.2167428145695,5.208333333333333,0.36638087806051367,161.98924870566304
457,0.598558,1.0,1,1106.4230481713914,0.0,490.3457206134407,9.610776124023436,76.88620899218749,86.49698511621092,1079.551712133672,0.0,0.0,103.52479218470171,0.0,0.0,0.0,4.350860745837144,0.0,394.1194584446226,8782.261557878492,9.610776124023433,9.85894800101479,50.0,12.131584940610947,2302.786376953125,12.131584940610947,86.13425307833772,86.13425307833772,0.0,0.0,5.208333333333333,0.36638087806051367,426.21674281456814,161.98924870566304,297.73844212150834,150.0,1.0,2.27263693959615,0.0,1848.4809294527704,490.34572061344073,477.96655230669484,3212.4457263471454,21.98871280517949,0.0,476.96430600873106,86.13425307833782,97.0526795248877,41.666666666666664,12.37916830674588,191703555.20905304,95824833.33333333,10.0,1.0,7.853981633974483,20.0,2.5,98.17477042468104,8782.261557878492,9.610776124023438,9.85894800101479,50.0,12.131584940610962,2302.786376953125,426.2167428145695,5.208333333333333,0.36638087806051367,161.98924870566304
458,0.6700839999999999,1.0,1,1238.6374951314301,0.0,490.34572061344085,9.61077612402344,76.88620899218752,86.49698511621096,1238.6374951314338,159.08578299776002,0.0,254.65628603257372,1.0,0.0,0.0,4.350860745837144,0.0,396.3807321995326,8782.261557878492,9.61077612402344,9.85894800101479,50.0,12.131584940610974,2302.786376953125,12.131584940610974,86.1342530783379,86.13425307833784,0.0,0.0,5.208333333333333,0.36638087806051367,426.2167428145698,161.98924870566304,297.73844212150834,150.0,1.0,2.272636939487683,0.0,1848.4809294527704,490.34572061344073,477.96655230669484,3212.4457263471454,21.98871280517949,0.0,476.96430600873106,86.13425307833782,97.0526795248877,41.666666666666664,12.37916830674588,191703555.20905304,95824833.33333333,10.0,1.0,7.853981633974483,20.0,2.5,98.17477042468104,8782.261557878492,9.610776124023438,9.85894800101479,50.0,12.131584940610962,2302.786376953125,426.2167428145695,5.208333333333333,0.36638087806051367,161.98924870566304
459,0.710708,1.0,1,1313.7301844095196,0.0,490.34572061344073,9.610776124023438,76.8862089921875,86.49698511621094,1313.73018440952,234.17847227584787,0.0,477.1258346946292,0.0,0.0,0.0,4.350860745837148,0.0,398.6420059544308,8782.261557878492,9.610776124023435,9.85894800101479,50.0,12.131584940610962,2302.786376953125,12.131584940610962,86.13425307833782,86.13425307833782,0.0,0.0,5.208333333333333,0.36638087806051367,426.21674281456814,161.98924870566304,297.73844212150834,150.0,1.0,2.272636939596172,0.0,1848.4809294527704,490.34572061344073,477.96655230669484,3212.4457263471454,21.98871280517949,0.0,476.96430600873106,86.13425307833782,97.0526795248877,41.666666666666664,12.37916830674588,191703555.20905304,95824833.33333333,10.0,1.0,7.853981633974483,20.0,2.5,98.17477042468104,8782.261557878492,9.610776124023438,9.85894800101479,50.0,12.131584940610962,2302.786376953125,426.2167428145695,5.208333333333333,0.36638087806051367,161.98924870566304
460,0.7386269999999999,1.0,1,1365.3379234789113,0.0,490.34572061344073,9.610776124023438,76.8862089921875,86.49698511621094,1365.3379234789147,285.7862113452414,0.0,748.6227354726085,1.0,0.0,0.0,4.350860745837148,0.0,400.90327970932196,8782.261557878492,9.610776124023438,9.85894800101479,50.0,12.131584940610974,2302.786376953125,12.131584940610974,86.1342530783379,86.13425307833784,0.0,0.0,5.208333333333333,0.36638087806051367,426.2167428145698,161.98924870566304,297.73844212150834,150.0,1.0,2.272636939596173,0.0,1848.4809294527704,490.34572061344073,477.96655230669484,3212.4457263471454,21.98871280517949,0.0,476.96430600873106,86.13425307833782,97.0526795248877,41.666666666666664,12.37916830674588,191703555.20905304,95824833.33333333,10.0,1.0,7.853981633974483,20.0,2.5,98.17477042468104,8782.261557878492,9.610776124023438,9.85894800101479,50.0,12.131584940610962,2302.786376953125,426.2167428145695,5.208333333333333,0.36638087806051367,161.98924870566304
461,0.750934,1.0,1,1388.0871782776867,0.0,490.34572061344073,9.610776124023438,76.8862089921875,86.49698511621094,1388.0871782776899,308.5354661440166,0.0,1041.7314283094242,1.0,0.0,0.0,4.350860745837153,0.0,403.16455346422015,8782.261557878492,9.610776124023438,9.85894800101479,50.0,12.131584940610962,2302.786376953125,12.131584940610962,86.13425307833782,86.13425307833782,0.0,0.0,5.208333333333333,0.36638087806051367,426.21674281456944,161.98924870566304,297.73844212150834,150.0,1.0,2.272636939596172,0.0,1848.4809294527704,490.34572061344073,477.96655230669484,3212.4457263471454,21.98871280517949,0.0,476.96430600873106,86.13425307833782,97.0526795248877,41.666666666666664,12.37916830674588,191703555.20905304,95824833.33333333,10.0,1.0,7.853981633974483,20.0,2.5,98.17477042468104,8782.261557878492,9.610776124023438,9.85894800101479,50.0,12.131584940610962,2302.786376953125,426.2167428145695,5.208333333333333,0.36638087806051367,161.98924870566304
462,0.7764719999999999,1.0,1,1435.2936842540514,0.0,490.34572061344085,9.61077612402344,76.88620899218752,86.49698511621096,1239.071919383577,159.52020724990322,0.0,1193.2756251968324,1.0,0.0,0.0,4.350860745837153,0.0,405.42582721911833,8782.261557878492,9.61077612402344,9.85894800101479,50.0,12.131584940610974,2302.786376953125,12.131584940610974,86.1342530783379,86.13425307833784,0.0,0.0,5.208333333333333,0.36638087806051367,426.2167428145698,161.98924870566304,297.73844212150834,150.0,1.0,2.272636939596173,0.0,1848.4809294527704,490.34572061344073,477.96655230669484,3212.4457263471454,21.98871280517949,0.0,476.96430600873106,86.13425307833782,97.0526795248877,41.666666666666664,12.37916830674588,191703555.20905304,95824833.33333333,10.0,1.0,7.853981633974483,20.0,2.5,98.17477042468104,8782.261557878492,9.610776124023438,9.85894800101479,50.0,12.131584940610962,2302.786376953125,426.2167428145695,5.208333333333333,0.36638087806051367,161.98924870566304
463,0.764365,1.0,1,1412.9141256411667,0.0,490.34572061344085,9.61077612402344,76.88620899218752,86.49698511621096,1412.9141256411704,333.36241350749685,0.0,1509.9699180289545,0.0,0.0,0.0,4.350860745837153,0.0,407.68710097403937,8782.261557878492,9.610776124023438,9.85894800101479,50.0,12.131584940610962,2302.786376953125,12.131584940610962,86.13425307833782,86.13425307833782,0.0,0.0,5.208333333333333,0.36638087806051367,426.21674281456944,161.98924870566304,297.73844212150834,150.0,1.0,2.272636939596172,0.0,1848.4809294527704,490.34572061344073,477.96655230669484,3212.4457263471454,21.98871280517949,0.0,476.96430600873106,86.13425307833782,97.0526795248877,41.666666666666664,12.37916830674588,191703555.20905304,95824833.33333333,10.0,1.0,7.853981633974483,20.0,2.5,98.17477042468104,8782.261557878492,9.610776124023438,9.85894800101479,50.0,12.131584940610962,2302.786376953125,426.2167428145695,5.208333333333333,0.36638087806051367,161.98924870566304
464,0.748305,1.0,1,1383.2275219141554,0.0,490.34572061344073,9.610776124023438,76.8862089921875,86.49698511621094,1383.2275219141543,303.6758097804822,0.0,1798.4619373204125,1.0,0.0,0.0,4.350860745837153,0.0,409.94837472893755,8782.261557878492,9.610776124023438,9.85894800101479,50.0,12.131584940610947,2302.786376953125,12.131584940610947,86.13425307833772,86.13425307833772,0.0,0.0,5.208333333333333,0.36638087806051367,426.21674281456814,161.98924870566304,297.73844212150834,150.0,1.0,2.27263693959615,0.0,1848.4809294527704,490.34572061344073,477.96655230669484,3212.4457263471454,21.98871280517949,0.0,476.96430600873106,86.13425307833782,97.0526795248877,41.666666666666664,12.37916830674588,191703555.20905304,95824833.33333333,10.0,1.0,7.853981633974483,20.0,2.5,98.17477042468104,8782.261557878492,9.610776124023438,9.85894800101479,50.0,12.131584940610962,2302.786376953125,426.2167428145695,5.208333333333333,0.36638087806051367,161.98924870566304
465,0.718537,1.0,1,1328.2019416062053,0.0,490.34572061344085,9.61077612402344,76.88620899218752,86.49698511621096,1079.5517121336734,0.0,0.0,1798.4619373204125,0.0,0.0,0.0,4.350860745837146,0.0,412.20964848383574,8782.261557878492,9.610776124023438,9.85894800101479,50.0,12.131584940610962,2302.786376953125,12.131584940610962,86.13425307833782,86.13425307833782,0.0,0.0,5.208333333333333,0.36638087806051367,426.21674281456944,161.98924870566304,297.73844212150834,150.0,1.0,2.272636939596172,0.0,1848.4809294527704,490.34572061344073,477.96655230669484,3212.4457263471454,21.98871280517949,0.0,476.96430600873106,86.13425307833782,97.0526795248877,41.666666666666664,12.37916830674588,191703555.20905304,95824833.33333333,10.0,1.0,7.853981633974483,20.0,2.5,98.17477042468104,8782.261557878492,9.610776124023438,9.85894800101479,50.0,12.131584940610962,2302.786376953125,426.2167428145695,5.208333333333333,0.36638087806051367,161.98924870566304
466,0.688305,1.0,1,1272.318666146989,0.0,490.34572061344085,9.61077612402344,76.88620899218752,86.49698511621096,1272.3186661469879,192.7669540133158,0.0,1981.5905436330625,1.0,0.0,0.0,4.350860745837146,0.0,414.4709222387339,8782.261557878492,9.61077612402344,9.85894800101479,50.0,12.131584940610962,2302.786376953125,12.131584940610962,86.13425307833782,86.13425307833782,0.0,0.0,5.208333333333333,0.36638087806051367,426.21674281456814,161.98924870566304,297.73844212150834,150.0,1.0,2.272636939596166,0.0,1848.4809294527704,490.34572061344073,477.96655230669484,3212.4457263471454,21.98871280517949,0.0,476.96430600873106,86.13425307833782,97.0526795248877,41.666666666666664,12.37916830674588,191703555.20905304,95824833.33333333,10.0,1.0,7.853981633974483,20.0,2.5,98.17477042468104,8782.261557878492,9.610776124023438,9.85894800101479,50.0,12.131584940610962,2302.786376953125,426.2167428145695,5.208333333333333,0.36638087806051367,161.98924870566304
467,0.666963,1.0,1,1232.868386150608,0.0,490.34572061344073,9.610776124023438,76.8862089921875,86.49698511621094,1232.8683861506065,153.31667401693443,0.0,2127.24138394915,1.0,0.0,0.0,4.350860745837149,0.0,416.7321959936321,8782.261557878492,9.610776124023438,9.85894800101479,50.0,12.131584940610947,2302.786376953125,12.131584940610947,86.13425307833772,86.13425307833772,0.0,0.0,5.208333333333333,0.36638087806051367,426.21674281456814,161.98924870566304,297.73844212150834,150.0,1.0,2.27263693959615,0.0,1848.4809294527704,490.34572061344073,477.96655230669484,3212.4457263471454,21.98871280517949,0.0,476.96430600873106,86.13425307833782,97.0526795248877,41.666666666666664,12.37916830674588,191703555.20905304,95824833.33333333,10.0,1.0,7.853981633974483,20.0,2.5,98.17477042468104,8782.261557878492,9.610776124023438,9.85894800101479,50.0,12.131584940610962,2302.786376953125,426.2167428145695,5.208333333333333,0.36638087806051367,161.98924870566304
468,0.680819,1.0,1,1258.4809379091057,0.0,490.34572061344085,9.61077612402344,76.88620899218752,86.49698511621096,1258.4809379091078,178.92922577543396,0.0,2297.2241484358124,1.0,0.0,0.0,4.350860745837149,0.0,418.99346974853023,8782.261557878492,9.61077612402344,9.85894800101479,50.0,12.131584940610947,2302.786376953125,12.131584940610947,86.13425307833772,86.13425307833772,0.0,0.0,5.208333333333333,0.36638087806051367,426.2167428145698,161.98924870566304,297.73844212150834,150.0,1.0,2.27263693959615,0.0,1848.4809294527704,490.34572061344073,477.96655230669484,3212.4457263471454,21.98871280517949,0.0,476.96430600873106,86.13425307833782,97.0526795248877,41.666666666666664,12.37916830674588,191703555.20905304,95824833.33333333,10.0,1.0,7.853981633974483,20.0,2.5,98.17477042468104,8782.261557878492,9.610776124023438,9.85894800101479,50.0,12.131584940610962,2302.786376953125,426.2167428145695,5.208333333333333,0.36638087806051367,161.98924870566304
469,0.694727,1.0,1,1284.1896106759348,0.0,490.34572061344073,9.610776124023438,76.8862089921875,86.49698511621094,1284.1896106759332,204.6378985422612,0.0,2491.6301520509605,0.0,0.0,0.0,4.350860745837149,0.0,421.2547435034284,8782.261557878492,9.610776124023435,9.85894800101479,50.0,12.131584940610947,2302.786376953125,12.131584940610947,86.13425307833772,86.13425307833772,0.0,0.0,5.208333333333333,0.36638087806051367,426.21674281456814,161.98924870566304,297.73844212150834,150.0,1.0,2.27263693959615,0.0,1848.4809294527704,490.34572061344073,477.96655230669484,3212.4457263471454,21.98871280517949,0.0,476.96430600873106,86.13425307833782,97.0526795248877,41.666666666666664,12.37916830674588,191703555.20905304,95824833.33333333,10.0,1.0,7.853981633974483,20.0,2.5,98.17477042468104,8782.261557878492,9.610776124023438,9.85894800101479,50.0,12.131584940610962,2302.786376953125,426.2167428145695,5.208333333333333,0.36638087806051367,161.98924870566304
470,0.706059,1.0,1,1305.1365965684936,0.0,490.34572061344073,9.610776124023438,76.8862089921875,86.49698511621094,1305.136596568494,225.58488443482076,0.0,2705.93579226404,1.0,0.0,0.0,4.350860745837149,0.0,423.5160172583266,8782.261557878492,9.610776124023438,9.85894800101479,50.0,12.131584940610962,2302.786376953125,12.131584940610962,86.13425307833782,86.13425307833782,0.0,0.0,5.208333333333333,0.36638087806051367,426.21674281456944,161.98924870566304,297.73844212150834,150.0,1.0,2.272636939596172,0.0,1848.4809294527704,490.34572061344073,477.96655230669484,3212.4457263471454,21.98871280517949,0.0,476.96430600873106,86.13425307833782,97.0526795248877,41.666666666666664,12.37916830674588,191703555.20905304,95824833.33333333,10.0,1.0,7.853981633974483,20.0,2.5,98.17477042468104,8782.261557878492,9.610776124023438,9.85894800101479,50.0,12.131584940610962,2302.786376953125,426.2167428145695,5.208333333333333,0.36638087806051367,161.98924870566304
471,0.700866,1.0,1,1295.5374351018454,0.0,490.34572061344073,9.610776124023438,76.8862089921875,86.49698511621094,1295.537435101847,215.98572296817366,0.0,2911.122229083805,1.0,0.0,0.0,4.350860745837149,0.0,425.7772910132248,8782.261557878492,9.610776124023438,9.85894800101479,50.0,12.131584940610962,2302.786376953125,12.131584940610962,86.13425307833782,86.13425307833782,0.0,0.0,5.208333333333333,0.36638087806051367,426.21674281456944,161.98924870566304,297.73844212150834,150.0,1.0,2.272636939596172,0.0,1848.4809294527704,490.34572061344073,477.96655230669484,3212.4457263471454,21.98871280517949,0.0,476.96430600873106,86.13425307833782,97.0526795248877,41.666666666666664,12.37916830674588,191703555.20905304,95824833.33333333,10.0,1.0,7.853981633974483,20.0,2.5,98.17477042468104,8782.261557878492,9.610776124023438,9.85894800101479,50.0,12.131584940610962,2302.786376953125,426.2167428145695,5.208333333333333,0.36638087806051367,161.98924870566304
472,0.681649,1.0,1,1260.0151770805514,0.0,490.34572061344073,9.610776124023438,76.8862089921875,86.49698511621094,1260.0151770805494,180.46346494687594,0.0,3082.5625207833373,0.0,0.0,0.0,4.350860745837149,0.0,428.03856476812297,8782.261557878492,9.610776124023438,9.85894800101479,50.0,12.131584940610962,2302.786376953125,12.131584940610962,86.13425307833782,86.13425307833782,0.0,0.0,5.208333333333333,0.36638087806051367,426.21674281456944,161.98924870566304,297.73844212150834,150.0,1.0,2.272636939596172,0.0,1848.4809294527704,490.34572061344073,477.96655230669484,3212.4457263471454,21.98871280517949,0.0,476.96430600873106,86.13425307833782,97.0526795248877,41.666666666666664,12.37916830674588,191703555.20905304,95824833.33333333,10.0,1.0,7.853981633974483,20.0,2.5,98.17477042468104,8782.261557878492,9.610776124023438,9.85894800101479,50.0,12.131584940610962,2302.786376953125,426.2167428145695,5.208333333333333,0.36638087806051367,161.98924870566304
473,0.657984,1.0,1,1216.2708758850517,0.0,490.34572061344085,9.61077612402344,76.88620899218752,86.49698511621096,1216.2708758850515,136.71916375137806,0.0,3212.4457263471463,0.0,0.0,0.0,4.350860745837149,0.0,430.29983852302115,8782.261557878492,9.610776124023438,9.85894800101479,50.0,12.131584940610962,2302.786376953125,12.131584940610962,86.13425307833782,86.13425307833782,0.0,0.0,5.208333333333333,0.36638087806051367,426.21674281456944,161.98924870566304,297.73844212150834,150.0,1.0,2.272636939596172,0.0,1848.4809294527704,490.34572061344073,477.96655230669484,3212.4457263471454,21.98871280517949,0.0,476.96430600873106,86.13425307833782,97.0526795248877,41.666666666666664,12.37916830674588,191703555.20905304,95824833.33333333,10.0,1.0,7.853981633974483,20.0,2.5,98.17477042468104,8782.261557878492,9.610776124023438,9.85894800101479,50.0,12.131584940610962,2302.786376953125,426.2167428145695,5.208333333333333,0.36638087806051367,161.98924870566304
474,0.627841,1.0,1,1160.5521152285569,0.0,490.34572061344085,9.61077612402344,76.88620899218752,86.49698511621096,1079.5517121336738,0.0,0.0,3212.4457263471463,0.0,0.0,0.0,4.350860745837149,0.0,432.56111227791934,8782.261557878492,9.610776124023447,9.85894800101479,50.0,12.131584940610974,2302.786376953125,12.131584940610974,86.1342530783379,86.13425307833784,0.0,0.0,5.208333333333333,0.36638087806051367,426.2167428145698,161.98924870566304,297.73844212150834,150.0,1.0,2.272636939596173,0.0,1848.4809294527704,490.34572061344073,477.96655230669484,3212.4457263471454,21.98871280517949,0.0,476.96430600873106,86.13425307833782,97.0526795248877,41.666666666666664,12.37916830674588,191703555.20905304,95824833.33333333,10.0,1.0,7.853981633974483,20.0,2.5,98.17477042468104,8782.261557878492,9.610776124023438,9.85894800101479,50.0,12.131584940610962,2302.786376953125,426.2167428145695,5.208333333333333,0.36638087806051367,161.98924870566304
475,0.607588,1.0,1,1123.11483096435,0.0,490.345720613441,9.610776124023444,76.88620899218755,86.496985116211,1079.5517121336707,0.0,0.0,3212.4457263471463,1.0,0.0,0.0,4.350860745837149,0.0,434.8223860328175,8782.261557878492,9.610776124023444,9.85894800101479,50.0,12.131584940610947,2302.786376953125,12.131584940610947,86.13425307833772,86.13425307833772,0.0,0.0,5.208333333333333,0.36638087806051367,426.21674281456677,161.98924870566304,297.73844212150834,150.0,1.0,2.27263693959615,0.0,1848.4809294527704,490.34572061344073,477.96655230669484,3212.4457263471454,21.98871280517949,0.0,476.96430600873106,86.13425307833782,97.0526795248877,41.666666666666664,12.37916830674588,191703555.20905304,95824833.33333333,10.0,1.0,7.853981633974483,20.0,2.5,98.17477042468104,8782.261557878492,9.610776124023438,9.85894800101479,50.0,12.131584940610962,2302.786376953125,426.2167428145695,5.208333333333333,0.36638087806051367,161.98924870566304
476,0.5851799999999999,1.0,1,1081.694070297172,0.0,490.34572061344073,9.610776124023438,76.8862089921875,86.49698511621094,1079.5517121336734,0.0,0.0,3212.4457263471463,0.0,0.0,0.0,4.3508607458371555,0.0,437.0836597877157,8782.261557878492,9.610776124023438,9.85894800101479,50.0,12.131584940610962,2302.786376953125,12.131584940610962,86.13425307833782,86.13425307833782,0.0,0.0,5.208333333333333,0.36638087806051367,426.21674281456944,161.98924870566304,297.73844212150834,150.0,1.0,2.272636939596172,0.0,1848.4809294527704,490.34572061344073,477.96655230669484,3212.4457263471454,21.98871280517949,0.0,476.96430600873106,86.13425307833782,97.0526795248877,41.666666666666664,12.37916830674588,191703555.20905304,95824833.33333333,10.0,1.0,7.853981633974483,20.0,2.5,98.17477042468104,8782.261557878492,9.610776124023438,9.85894800101479,50.0,12.131584940610962,2302.786376953125,426.2167428145695,5.208333333333333,0.36638087806051367,161.98924870566304
477,0.556065,1.0,1,1027.875548036155,0.0,438.5680723252768,8.595934217575424,68.76747374060339,77.36340795817881,1027.8755480361542,0.0,0.0,3212.4457263471463,-0.0,0.0,1.0148419064480139,3.315307780073876,0.0,439.3449335426139,8782.261557878492,9.610776124023438,9.85894800101479,50.0,12.131584940610962,2302.786376953125,12.131584940610962,86.13425307833782,86.13425307833782,0.0,0.0,5.208333333333333,0.36638087806051367,426.21674281456944,161.98924870566304,297.73844212150834,150.0,1.0,2.272636939596172,0.0,1848.4809294527704,490.34572061344073,477.96655230669484,3212.4457263471454,21.98871280517949,0.0,476.96430600873106,86.13425307833782,97.0526795248877,41.666666666666664,12.37916830674588,191703555.20905304,95824833.33333333,10.0,1.0,7.853981633974483,20.0,2.5,98.17477042468104,8782.261557878492,9.610776124023438,9.85894800101479,50.0,12.131584940610962,2302.786376953125,426.2167428145695,5.208333333333333,0.36638087806051367,161.98924870566304
478,0.520718,1.0,1,962.5372926227877,0.0,373.10150243492484,7.312789447724526,58.50231558179621,65.81510502952074,962.5372926227859,0.0,0.0,3212.4457263471463,-0.0,0.0,2.2979866762989083,0.9704234165035612,0.0,441.60620729751207,8782.261557878492,9.610776124023435,9.85894800101479,50.0,12.131584940610947,2302.786376953125,12.131584940610947,86.13425307833772,86.13425307833772,0.0,0.0,5.208333333333333,0.36638087806051367,426.21674281456814,161.98924870566304,297.73844212150834,150.0,1.0,2.27263693959615,0.0,1848.4809294527704,490.34572061344073,477.96655230669484,3212.4457263471454,21.98871280517949,0.0,476.96430600873106,86.13425307833782,97.0526795248877,41.666666666666664,12.37916830674588,191703555.20905304,95824833.33333333,10.0,1.0,7.853981633974483,20.0,2.5,98.17477042468104,8782.261557878492,9.610776124023438,9.85894800101479,50.0,12.131584940610962,2302.786376953125,426.2167428145695,5.208333333333333,0.36638087806051367,161.98924870566304
479,0.477541,1.0,1,882.7254315318054,0.0,441.8245497882625,8.659761175849946,69.27808940679957,77.93785058264952,1031.1256428033123,0.0,148.40021127150348,3056.2349776403007,-0.0,0.0,0.95101494817349,0.0,0.0,443.86748105241026,8782.261557878492,9.610776124023438,9.85894800101479,50.0,12.131584940610962,2302.786376953125,12.131584940610962,86.13425307833782,86.13425307833782,0.0,0.0,5.208333333333333,0.36638087806051367,426.21674281456944,161.98924870566304,297.73844212150834,150.0,1.0,2.272636939596172,0.0,1848.4809294527704,490.34572061344073,477.96655230669484,3212.4457263471454,21.98871280517949,0.0,476.96430600873106,86.13425307833782,97.0526795248877,41.666666666666664,12.37916830674588,191703555.20905304,95824833.33333333,10.0,1.0,7.853981633974483,20.0,2.5,98.17477042468104,8782.261557878492,9.610776124023438,9.85894800101479,50.0,12.131584940610962,2302.786376953125,426.2167428145695,5.208333333333333,0.36638087806051367,161.98924870566304
480,0.341652,-0.0,1,631.537206509398,0.0,487.99103061442673,9.564624200042763,76.5169936003421,86.08161780038486,670.1095277201753,0.0,38.57232121077723,3015.632534260535,1.0,9.564624200042763,0.0,9.373331716041907,0.0,433.95899059912904,0.0,0.0,9.85894800101479,50.0,0.0,0.0,0.0,0.0,0.0,0.0,0.0,5.208333333333333,0.36638087806051367,0.0,161.98924870566304,9080.0,150.0,-0.0,0.0,9.858948001014797,1848.4809294527704,490.34572061344073,477.96655230669484,3212.4457263471454,21.98871280517949,0.0,476.96430600873106,86.13425307833782,97.0526795248877,41.666666666666664,12.37916830674588,191703555.20905304,95824833.33333333,10.0,1.0,7.853981633974483,20.0,2.5,98.17477042468104,8782.261557878492,9.610776124023438,9.85894800101479,50.0,12.131584940610962,2302.786376953125,426.2167428145695,5.208333333333333,0.36638087806051367,161.98924870566304
481,0.346511,1.0,1,640.518975345609,0.0,50.45078976090565,0.9888354793137507,7.910683834510006,8.899519313823756,640.5189753456091,0.0,0.0,3015.632534260535,-0.0,0.0,8.621940644709696,0.575433098991196,0.0,436.2202643540273,8782.261557878492,9.610776124023438,9.85894800101479,50.0,12.131584940610962,2302.786376953125,12.131584940610962,86.13425307833782,86.13425307833782,0.0,0.0,5.208333333333333,0.36638087806051367,426.21674281456944,161.98924870566304,297.73844212150834,150.0,1.0,2.272636939596172,0.0,1848.4809294527704,490.34572061344073,477.96655230669484,3212.4457263471454,21.98871280517949,0.0,476.96430600873106,86.13425307833782,97.0526795248877,41.666666666666664,12.37916830674588,191703555.20905304,95824833.33333333,10.0,1.0,7.853981633974483,20.0,2.5,98.17477042468104,8782.261557878492,9.610776124023438,9.85894800101479,50.0,12.131584940610962,2302.786376953125,426.2167428145695,5.208333333333333,0.36638087806051367,161.98924870566304
482,0.332787,-0.0,1,615.1504230697991,0.0,490.34572061344085,9.61077612402344,76.88620899218752,86.49698511621096,672.5565215671509,0.0,57.40609849735159,2955.2050621580597,1.0,9.61077612402344,0.0,9.993993700534167,0.0,426.31177390074606,0.0,0.0,9.85894800101479,50.0,0.0,0.0,0.0,0.0,0.0,0.0,0.0,5.208333333333333,0.36638087806051367,0.0,161.98924870566304,9080.0,150.0,-0.0,0.0,9.85894800101479,1848.4809294527704,490.34572061344073,477.96655230669484,3212.4457263471454,21.98871280517949,0.0,476.96430600873106,86.13425307833782,97.0526795248877,41.666666666666664,12.37916830674588,191703555.20905304,95824833.33333333,10.0,1.0,7.853981633974483,20.0,2.5,98.17477042468104,8782.261557878492,9.610776124023438,9.85894800101479,50.0,12.131584940610962,2302.786376953125,426.2167428145695,5.208333333333333,0.36638087806051367,161.98924870566304
483,0.29213,1.0,1,539.9967339210378,0.0,98.88124136995287,1.9380723308510763,15.50457864680861,17.44265097765969,688.8545032695013,0.0,148.85776934846436,2798.5126733702027,-0.0,0.0,7.672703793172371,2.164704115664401,0.0,428.57304765564425,8782.261557878492,9.610776124023447,9.85894800101479,50.0,12.131584940610947,2302.786376953125,12.131584940610947,86.13425307833772,86.13425307833772,0.0,0.0,5.208333333333333,0.36638087806051367,426.21674281456814,161.98924870566304,297.73844212150834,150.0,1.0,2.27263693959615,0.0,1848.4809294527704,490.34572061344073,477.96655230669484,3212.4457263471454,21.98871280517949,0.0,476.96430600873106,86.13425307833782,97.0526795248877,41.666666666666664,12.37916830674588,191703555.20905304,95824833.33333333,10.0,1.0,7.853981633974483,20.0,2.5,98.17477042468104,8782.261557878492,9.610776124023438,9.85894800101479,50.0,12.131584940610962,2302.786376953125,426.2167428145695,5.208333333333333,0.36638087806051367,161.98924870566304
484,0.235487,-0.0,1,435.29322863404457,0.0,262.03231324902,5.135833339680792,41.086666717446334,46.22250005712713,435.2932286340446,0.0,0.0,2798.5126733702027,1.0,5.135833339680791,0.0,7.197820788551576,0.0,418.664557202363,0.0,0.0,9.85894800101479,50.0,0.0,0.0,0.0,0.0,0.0,0.0,0.0,5.208333333333333,0.36638087806051367,0.0,161.98924870566304,9080.0,150.0,-0.0,0.0,9.85894800101479,1848.4809294527704,490.34572061344073,477.96655230669484,3212.4457263471454,21.98871280517949,0.0,476.96430600873106,86.13425307833782,97.0526795248877,41.666666666666664,12.37916830674588,191703555.20905304,95824833.33333333,10.0,1.0,7.853981633974483,20.0,2.5,98.17477042468104,8782.261557878492,9.610776124023438,9.85894800101479,50.0,12.131584940610962,2302.786376953125,426.2167428145695,5.208333333333333,0.36638087806051367,161.98924870566304
485,0.185337,1.0,1,342.5919100219881,0.0,342.3017438274877,6.7091141790187585,53.67291343215007,60.38202761116882,931.797901542218,0.0,589.2059915202309,2178.2958401910123,0.0,0.0,2.9016619450046743,4.236941252832518,0.0,420.9258309572612,8782.261557878492,9.610776124023433,9.85894800101479,50.0,12.131584940610939,2302.786376953125,12.131584940610939,86.13425307833766,86.13425307833772,0.0,0.0,5.208333333333333,0.36638087806051367,426.21674281456677,161.98924870566304,297.73844212150834,150.0,1.0,2.272636939596141,0.0,1848.4809294527704,490.34572061344073,477.96655230669484,3212.4457263471454,21.98871280517949,0.0,476.96430600873106,86.13425307833782,97.0526795248877,41.666666666666664,12.37916830674588,191703555.20905304,95824833.33333333,10.0,1.0,7.853981633974483,20.0,2.5,98.17477042468104,8782.261557878492,9.610776124023438,9.85894800101479,50.0,12.131584940610962,2302.786376953125,426.2167428145695,5.208333333333333,0.36638087806051367,161.98924870566304
486,0.151251,-0.0,1,279.58458906066096,0.0,112.19720973344681,2.1990653107755573,17.59252248620446,19.791587796980018,279.58458906066096,0.0,0.0,2178.2958401910123,1.0,2.1990653107755573,0.0,6.392025257392564,0.0,411.01734050398,0.0,0.0,9.85894800101479,50.0,0.0,0.0,0.0,0.0,0.0,0.0,0.0,5.208333333333333,0.36638087806051367,0.0,161.98924870566304,9080.0,150.0,-0.0,0.0,9.85894800101479,1848.4809294527704,490.34572061344073,477.96655230669484,3212.4457263471454,21.98871280517949,0.0,476.96430600873106,86.13425307833782,97.0526795248877,41.666666666666664,12.37916830674588,191703555.20905304,95824833.33333333,10.0,1.0,7.853981633974483,20.0,2.5,98.17477042468104,8782.261557878492,9.610776124023438,9.85894800101479,50.0,12.131584940610962,2302.786376953125,426.2167428145695,5.208333333333333,0.36638087806051367,161.98924870566304
487,0.135045,-0.0,1,249.62810711794938,0.0,92.27476810817956,1.8085854549203193,14.468683639362554,16.277269094282875,258.88118772368324,0.0,9.253080605733878,2168.555755342871,1.0,1.8085854549203193,0.0,8.164439003214477,0.0,401.1088500506988,0.0,0.0,9.85894800101479,50.0,0.0,0.0,0.0,0.0,0.0,0.0,0.0,5.208333333333333,0.36638087806051367,0.0,161.98924870566304,9080.0,150.0,-0.0,0.0,9.85894800101479,1848.4809294527704,490.34572061344073,477.96655230669484,3212.4457263471454,21.98871280517949,0.0,476.96430600873106,86.13425307833782,97.0526795248877,41.666666666666664,12.37916830674588,191703555.20905304,95824833.33333333,10.0,1.0,7.853981633974483,20.0,2.5,98.17477042468104,8782.261557878492,9.610776124023438,9.85894800101479,50.0,12.131584940610962,2302.786376953125,426.2167428145695,5.208333333333333,0.36638087806051367,161.98924870566304
488,0.1175639999999999,0.0,1,217.31481199018532,0.0,52.2763311051985,1.0246160896618906,8.196928717295124,9.221544806957015,217.31481199018532,0.0,0.0,2168.555755342871,1.0,1.0246160896618906,0.0,9.16856277108217,0.0,391.20035959741756,0.0,0.0,9.85894800101479,50.0,0.0,0.0,0.0,0.0,0.0,0.0,0.0,5.208333333333333,0.36638087806051367,0.0,161.98924870566304,9080.0,150.0,0.0,0.0,9.85894800101479,1848.4809294527704,490.34572061344073,477.96655230669484,3212.4457263471454,21.98871280517949,0.0,476.96430600873106,86.13425307833782,97.0526795248877,41.666666666666664,12.37916830674588,191703555.20905304,95824833.33333333,10.0,1.0,7.853981633974483,20.0,2.5,98.17477042468104,8782.261557878492,9.610776124023438,9.85894800101479,50.0,12.131584940610962,2302.786376953125,426.2167428145695,5.208333333333333,0.36638087806051367,161.98924870566304
489,0.108231,-0.0,1,200.06293947560278,0.0,137.17939411902532,2.6887161247328963,21.50972899786317,24.198445122596066,305.5460750741542,0.0,105.48313559855137,2057.5208757654486,1.0,2.688716124732896,0.0,11.80350457332137,0.0,381.29186914413634,0.0,0.0,9.85894800101479,50.0,0.0,0.0,0.0,0.0,0.0,0.0,0.0,5.208333333333333,0.36638087806051367,0.0,161.98924870566304,9080.0,150.0,-0.0,0.0,9.858948001014797,1848.4809294527704,490.34572061344073,477.96655230669484,3212.4457263471454,21.98871280517949,0.0,476.96430600873106,86.13425307833782,97.0526795248877,41.666666666666664,12.37916830674588,191703555.20905304,95824833.33333333,10.0,1.0,7.853981633974483,20.0,2.5,98.17477042468104,8782.261557878492,9.610776124023438,9.85894800101479,50.0,12.131584940610962,2302.786376953125,426.2167428145695,5.208333333333333,0.36638087806051367,161.98924870566304
490,0.093497,0.0,1,172.82742146104567,0.0,0.0,0.0,0.0,0.0,172.82742146104613,9.838172755383077,0.0,2066.867139883063,-0.0,0.0,0.0,11.80350457332137,0.0,371.3833786908552,0.0,0.0,9.85894800101479,50.0,0.0,0.0,0.0,0.0,0.0,0.0,0.0,5.208333333333333,0.36638087806051367,0.0,161.98924870566304,9080.0,150.0,0.0,0.0,9.85894800101479,1848.4809294527704,490.34572061344073,477.96655230669484,3212.4457263471454,21.98871280517949,0.0,476.96430600873106,86.13425307833782,97.0526795248877,41.666666666666664,12.37916830674588,191703555.20905304,95824833.33333333,10.0,1.0,7.853981633974483,20.0,2.5,98.17477042468104,8782.261557878492,9.610776124023438,9.85894800101479,50.0,12.131584940610962,2302.786376953125,426.2167428145695,5.208333333333333,0.36638087806051367,161.98924870566304
491,0.081773,-0.0,1,151.1558310441414,0.0,0.0,0.0,0.0,0.0,162.98924870566304,0.0,11.83341766152239,2054.410910765671,-0.0,0.0,0.0,11.80350457332137,0.0,361.47488823757396,0.0,0.0,9.85894800101479,50.0,0.0,0.0,0.0,0.0,0.0,0.0,0.0,5.208333333333333,0.36638087806051367,0.0,161.98924870566304,9080.0,150.0,-0.0,0.0,9.85894800101479,1848.4809294527704,490.34572061344073,477.96655230669484,3212.4457263471454,21.98871280517949,0.0,476.96430600873106,86.13425307833782,97.0526795248877,41.666666666666664,12.37916830674588,191703555.20905304,95824833.33333333,10.0,1.0,7.853981633974483,20.0,2.5,98.17477042468104,8782.261557878492,9.610776124023438,9.85894800101479,50.0,12.131584940610962,2302.786376953125,426.2167428145695,5.208333333333333,0.36638087806051367,161.98924870566304
492,0.074226,-0.0,1,137.20534546956134,0.0,0.0,0.0,0.0,0.0,162.98924870566304,0.0,25.783903236101708,2027.269959990827,1.0,0.0,0.0,11.80350457332137,0.0,351.56639778429275,0.0,0.0,9.85894800101479,50.0,0.0,0.0,0.0,0.0,0.0,0.0,0.0,5.208333333333333,0.36638087806051367,0.0,161.98924870566304,9080.0,150.0,-0.0,0.0,9.85894800101479,1848.4809294527704,490.34572061344073,477.96655230669484,3212.4457263471454,21.98871280517949,0.0,476.96430600873106,86.13425307833782,97.0526795248877,41.666666666666664,12.37916830674588,191703555.20905304,95824833.33333333,10.0,1.0,7.853981633974483,20.0,2.5,98.17477042468104,8782.261557878492,9.610776124023438,9.85894800101479,50.0,12.131584940610962,2302.786376953125,426.2167428145695,5.208333333333333,0.36638087806051367,161.98924870566304
493,0.061459,-0.0,1,113.60578944323781,0.0,109.32042864052912,2.1426804013543705,17.141443210834964,19.284123612189333,276.5950381489009,0.0,162.98924870566307,1855.7023297743394,1.0,2.1426804013543705,0.0,13.903331366648652,0.0,341.65790733101153,0.0,0.0,9.85894800101479,50.0,0.0,0.0,0.0,0.0,0.0,0.0,0.0,5.208333333333333,0.36638087806051367,0.0,161.98924870566304,9080.0,150.0,-0.0,0.0,9.858948001014799,1848.4809294527704,490.34572061344073,477.96655230669484,3212.4457263471454,21.98871280517949,0.0,476.96430600873106,86.13425307833782,97.0526795248877,41.666666666666664,12.37916830674588,191703555.20905304,95824833.33333333,10.0,1.0,7.853981633974483,20.0,2.5,98.17477042468104,8782.261557878492,9.610776124023438,9.85894800101479,50.0,12.131584940610962,2302.786376953125,426.2167428145695,5.208333333333333,0.36638087806051367,161.98924870566304
494,0.038691,-0.0,1,71.51957564145715,0.0,271.3347761034214,5.318161611627059,42.54529289301647,47.863454504643535,444.9603480323386,0.0,373.4407723908805,1462.606779889202,1.0,5.318161611627059,0.0,19.11512974604318,0.0,331.74941687773037,0.0,0.0,9.85894800101479,50.0,0.0,0.0,0.0,0.0,0.0,0.0,0.0,5.208333333333333,0.36638087806051367,0.0,161.98924870566304,9080.0,150.0,-0.0,0.0,9.858948001014799,1848.4809294527704,490.34572061344073,477.96655230669484,3212.4457263471454,21.98871280517949,0.0,476.96430600873106,86.13425307833782,97.0526795248877,41.666666666666664,12.37916830674588,191703555.20905304,95824833.33333333,10.0,1.0,7.853981633974483,20.0,2.5,98.17477042468104,8782.261557878492,9.610776124023438,9.85894800101479,50.0,12.131584940610962,2302.786376953125,426.2167428145695,5.208333333333333,0.36638087806051367,161.98924870566304
495,0.031327,-0.0,1,57.90736207696694,0.0,0.0,0.0,0.0,0.0,162.98924870566304,0.0,105.08188662869611,1351.9942676484693,-0.0,0.0,0.0,19.11512974604318,0.0,321.84092642444915,0.0,0.0,9.85894800101479,50.0,0.0,0.0,0.0,0.0,0.0,0.0,0.0,5.208333333333333,0.36638087806051367,0.0,161.98924870566304,9080.0,150.0,-0.0,0.0,9.858948001014797,1848.4809294527704,490.34572061344073,477.96655230669484,3212.4457263471454,21.98871280517949,0.0,476.96430600873106,86.13425307833782,97.0526795248877,41.666666666666664,12.37916830674588,191703555.20905304,95824833.33333333,10.0,1.0,7.853981633974483,20.0,2.5,98.17477042468104,8782.261557878492,9.610776124023438,9.85894800101479,50.0,12.131584940610962,2302.786376953125,426.2167428145695,5.208333333333333,0.36638087806051367,161.98924870566304
496,0.058551,0.0,1,108.23040690038916,0.0,0.0,0.0,0.0,0.0,162.98924870566304,0.0,54.758841805276234,1294.3533815376522,1.0,0.0,0.0,19.11512974604318,0.0,311.93243597116793,0.0,0.0,9.85894800101479,50.0,0.0,0.0,0.0,0.0,0.0,0.0,0.0,5.208333333333333,0.36638087806051367,0.0,161.98924870566304,9080.0,150.0,0.0,0.0,9.85894800101479,1848.4809294527704,490.34572061344073,477.96655230669484,3212.4457263471454,21.98871280517949,0.0,476.96430600873106,86.13425307833782,97.0526795248877,41.666666666666664,12.37916830674588,191703555.20905304,95824833.33333333,10.0,1.0,7.853981633974483,20.0,2.5,98.17477042468104,8782.261557878492,9.610776124023438,9.85894800101479,50.0,12.131584940610962,2302.786376953125,426.2167428145695,5.208333333333333,0.36638087806051367,161.98924870566304
497,0.111973,-0.0,1,206.97995511361506,0.0,109.3618092817329,2.1434914619219647,17.147931695375718,19.291423157297682,276.6380409112399,0.0,69.65808579762479,1221.0290806980474,1.0,2.1434914619219647,0.0,21.215751378726708,0.0,302.0239455178867,0.0,0.0,9.85894800101479,50.0,0.0,0.0,0.0,0.0,0.0,0.0,0.0,5.208333333333333,0.36638087806051367,0.0,161.98924870566304,9080.0,150.0,-0.0,0.0,9.85894800101479,1848.4809294527704,490.34572061344073,477.96655230669484,3212.4457263471454,21.98871280517949,0.0,476.96430600873106,86.13425307833782,97.0526795248877,41.666666666666664,12.37916830674588,191703555.20905304,95824833.33333333,10.0,1.0,7.853981633974483,20.0,2.5,98.17477042468104,8782.261557878492,9.610776124023438,9.85894800101479,50.0,12.131584940610962,2302.786376953125,426.2167428145695,5.208333333333333,0.36638087806051367,161.98924870566304
498,0.183368,1.0,1,338.9522510718956,0.0,490.34572061344056,9.610776124023435,76.88620899218748,86.49698511621091,1079.5517121336702,0.0,740.5994610617761,441.4507006330199,-0.0,0.0,0.0,21.21575137872667,0.0,304.2852192727849,8782.261557878492,9.610776124023435,9.85894800101479,50.0,12.131584940610947,2302.786376953125,12.131584940610947,86.13425307833772,86.13425307833772,0.0,0.0,5.208333333333333,0.36638087806051367,426.21674281456677,161.98924870566304,297.73844212150834,150.0,1.0,2.27263693959615,0.0,1848.4809294527704,490.34572061344073,477.96655230669484,3212.4457263471454,21.98871280517949,0.0,476.96430600873106,86.13425307833782,97.0526795248877,41.666666666666664,12.37916830674588,191703555.20905304,95824833.33333333,10.0,1.0,7.853981633974483,20.0,2.5,98.17477042468104,8782.261557878492,9.610776124023438,9.85894800101479,50.0,12.131584940610962,2302.786376953125,426.2167428145695,5.208333333333333,0.36638087806051367,161.98924870566304
499,0.254135,1.0,1,469.7637010064798,0.0,58.06576185893289,1.1380889324350845,9.104711459480676,10.242800391915761,648.1190220983242,0.0,178.35532109184192,253.7082573784495,-0.0,0.0,8.472687191588347,12.570152203636518,0.0,306.5464930276831,8782.261557878492,9.610776124023438,9.85894800101479,50.0,12.131584940610962,2302.786376953125,12.131584940610962,86.13425307833782,86.13425307833782,0.0,0.0,5.208333333333333,0.36638087806051367,426.21674281456944,161.98924870566304,297.73844212150834,150.0,1.0,2.272636939596172,0.0,1848.4809294527704,490.34572061344073,477.96655230669484,3212.4457263471454,21.98871280517949,0.0,476.96430600873106,86.13425307833782,97.0526795248877,41.666666666666664,12.37916830674588,191703555.20905304,95824833.33333333,10.0,1.0,7.853981633974483,20.0,2.5,98.17477042468104,8782.261557878492,9.610776124023438,9.85894800101479,50.0,12.131584940610962,2302.786376953125,426.2167428145695,5.208333333333333,0.36638087806051367,161.98924870566304
500,0.3772749999999999,-0.0,1,697.3856426592938,0.0,490.34572061344085,9.61077612402344,76.88620899218752,86.49698511621096,697.385642659294,24.82912109214317,0.0,277.2959224159855,1.0,9.61077612402344,0.0,21.98871280517943,0.0,296.63800257440187,0.0,0.0,9.85894800101479,50.0,0.0,0.0,0.0,0.0,0.0,0.0,0.0,5.208333333333333,0.36638087806051367,0.0,161.98924870566304,9080.0,150.0,-0.0,0.0,9.85894800101479,1848.4809294527704,490.34572061344073,477.96655230669484,3212.4457263471454,21.98871280517949,0.0,476.96430600873106,86.13425307833782,97.0526795248877,41.666666666666664,12.37916830674588,191703555.20905304,95824833.33333333,10.0,1.0,7.853981633974483,20.0,2.5,98.17477042468104,8782.261557878492,9.610776124023438,9.85894800101479,50.0,12.131584940610962,2302.786376953125,426.2167428145695,5.208333333333333,0.36638087806051367,161.98924870566304
501,0.448954,1.0,1,829.8829072015391,0.0,240.18660381237626,4.707657434722575,37.6612594777806,42.368916912503174,829.8829072015362,0.0,0.0,277.2959224159855,-0.0,0.0,4.90311868930086,16.985530469158142,0.0,298.89927632928965,8782.261557878492,9.610776124023435,9.85894800101479,50.0,12.131584940610947,2302.786376953125,12.131584940610947,86.13425307833772,86.13425307833772,0.0,0.0,5.208333333333333,0.36638087806051367,426.21674281456677,161.98924870566304,297.73844212150834,150.0,1.0,2.27263693959615,0.0,1848.4809294527704,490.34572061344073,477.96655230669484,3212.4457263471454,21.98871280517949,0.0,476.96430600873106,86.13425307833782,97.0526795248877,41.666666666666664,12.37916830674588,191703555.20905304,95824833.33333333,10.0,1.0,7.853981633974483,20.0,2.5,98.17477042468104,8782.261557878492,9.610776124023438,9.85894800101479,50.0,12.131584940610962,2302.786376953125,426.2167428145695,5.208333333333333,0.36638087806051367,161.98924870566304
502,0.453067,1.0,1,837.4857092643783,0.0,367.5405237090922,7.203794264698207,57.630354117585654,64.83414838228386,956.9872134152575,0.0,119.50150415087887,151.50486541506038,-0.0,0.0,2.4069818593252403,14.529426531071161,0.0,301.16055008336065,8782.261557878492,9.610776124023447,9.85894800101479,50.0,12.131584940610974,2302.786376953125,12.131584940610974,86.1342530783379,86.13425307833784,0.0,0.0,5.208333333333333,0.36638087806051367,426.2167428145698,161.98924870566304,297.73844212150834,150.0,1.0,2.2726369387566026,0.0,1848.4809294527704,490.34572061344073,477.96655230669484,3212.4457263471454,21.98871280517949,0.0,476.96430600873106,86.13425307833782,97.0526795248877,41.666666666666664,12.37916830674588,191703555.20905304,95824833.33333333,10.0,1.0,7.853981633974483,20.0,2.5,98.17477042468104,8782.261557878492,9.610776124023438,9.85894800101479,50.0,12.131584940610962,2302.786376953125,426.2167428145695,5.208333333333333,0.36638087806051367,161.98924870566304
503,0.455445,1.0,1,841.881396914617,0.0,252.2086567492141,4.943289672284596,39.54631737827677,44.48960705056136,841.8813969146208,0.0,0.0,151.50486541506038,0.0,0.0,4.667486451738851,9.766685253786621,0.0,303.4218238382672,8782.261557878492,9.610776124023447,9.85894800101479,50.0,12.131584940610974,2302.786376953125,12.131584940610974,86.1342530783379,86.13425307833784,0.0,0.0,5.208333333333333,0.36638087806051367,426.2167428145698,161.98924870566304,297.73844212150834,150.0,1.0,2.272636939596173,0.0,1848.4809294527704,490.34572061344073,477.96655230669484,3212.4457263471454,21.98871280517949,0.0,476.96430600873106,86.13425307833782,97.0526795248877,41.666666666666664,12.37916830674588,191703555.20905304,95824833.33333333,10.0,1.0,7.853981633974483,20.0,2.5,98.17477042468104,8782.261557878492,9.610776124023438,9.85894800101479,50.0,12.131584940610962,2302.786376953125,426.2167428145695,5.208333333333333,0.36638087806051367,161.98924870566304
504,0.566232,1.0,1,1046.669053645901,0.0,457.3984855449344,8.965010316680713,71.7200825334457,80.68509285012642,1046.6690536458984,0.0,0.0,151.50486541506038,-0.0,0.0,0.6457658073427162,9.107740552416502,0.0,305.6830975931737,8782.261557878492,9.610776124023433,9.85894800101479,50.0,12.131584940610944,2302.786376953125,12.131584940610944,86.1342530783377,86.1342530783377,0.0,0.0,5.208333333333333,0.36638087806051367,426.21674281456677,161.98924870566304,297.73844212150834,150.0,1.0,2.272636939596143,0.0,1848.4809294527704,490.34572061344073,477.96655230669484,3212.4457263471454,21.98871280517949,0.0,476.96430600873106,86.13425307833782,97.0526795248877,41.666666666666664,12.37916830674588,191703555.20905304,95824833.33333333,10.0,1.0,7.853981633974483,20.0,2.5,98.17477042468104,8782.261557878492,9.610776124023438,9.85894800101479,50.0,12.131584940610962,2302.786376953125,426.2167428145695,5.208333333333333,0.36638087806051367,161.98924870566304
505,0.573564,1.0,1,1060.2221158206487,0.0,470.9781638892364,9.231172012229033,73.84937609783226,83.0805481100613,1060.2221158206487,0.0,0.0,151.50486541506038,0.0,0.0,0.3796041117944142,8.720389417932406,0.0,307.94437134808027,8782.261557878492,9.610776124023447,9.85894800101479,50.0,12.131584940610974,2302.786376953125,12.131584940610974,86.1342530783379,86.13425307833784,0.0,0.0,5.208333333333333,0.36638087806051367,426.2167428145698,161.98924870566304,297.73844212150834,150.0,1.0,2.272636939596173,0.0,1848.4809294527704,490.34572061344073,477.96655230669484,3212.4457263471454,21.98871280517949,0.0,476.96430600873106,86.13425307833782,97.0526795248877,41.666666666666664,12.37916830674588,191703555.20905304,95824833.33333333,10.0,1.0,7.853981633974483,20.0,2.5,98.17477042468104,8782.261557878492,9.610776124023438,9.85894800101479,50.0,12.131584940610962,2302.786376953125,426.2167428145695,5.208333333333333,0.36638087806051367,161.98924870566304
506,0.575935,1.0,1,1064.6048641043812,0.0,490.3457206134408,9.61077612402344,76.88620899218752,86.49698511621096,1079.5517121336707,0.0,14.94684802929197,135.77134117370042,0.0,0.0,0.0,8.720389417932427,0.0,310.2056451029867,8782.261557878492,9.610776124023435,9.85894800101479,50.0,12.131584940610947,2302.786376953125,12.131584940610947,86.13425307833772,86.13425307833772,0.0,0.0,5.208333333333333,0.36638087806051367,426.21674281456677,161.98924870566304,297.73844212150834,150.0,1.0,2.27263693959615,0.0,1848.4809294527704,490.34572061344073,477.96655230669484,3212.4457263471454,21.98871280517949,0.0,476.96430600873106,86.13425307833782,97.0526795248877,41.666666666666664,12.37916830674588,191703555.20905304,95824833.33333333,10.0,1.0,7.853981633974483,20.0,2.5,98.17477042468104,8782.261557878492,9.610776124023438,9.85894800101479,50.0,12.131584940610962,2302.786376953125,426.2167428145695,5.208333333333333,0.36638087806051367,161.98924870566304
507,0.56556,1.0,1,1045.4268744613087,0.0,490.34572061344085,9.61077612402344,76.88620899218752,86.49698511621096,1079.5517121336707,0.0,34.12483767236466,99.85045941333887,0.0,0.0,0.0,8.72038941793243,0.0,312.46691885787675,8782.261557878492,9.610776124023435,9.85894800101479,50.0,12.131584940610947,2302.786376953125,12.131584940610947,86.13425307833772,86.13425307833772,0.0,0.0,5.208333333333333,0.36638087806051367,426.21674281456677,161.98924870566304,297.73844212150834,150.0,1.0,2.27263693959615,0.0,1848.4809294527704,490.34572061344073,477.96655230669484,3212.4457263471454,21.98871280517949,0.0,476.96430600873106,86.13425307833782,97.0526795248877,41.666666666666664,12.37916830674588,191703555.20905304,95824833.33333333,10.0,1.0,7.853981633974483,20.0,2.5,98.17477042468104,8782.261557878492,9.610776124023438,9.85894800101479,50.0,12.131584940610962,2302.786376953125,426.2167428145695,5.208333333333333,0.36638087806051367,161.98924870566304
508,0.548085,1.0,1,1013.1246702191218,0.0,423.78822600946495,8.306249229785513,66.4499938382841,74.75624306806961,1013.1246702191186,0.0,0.0,99.85045941333887,-0.0,0.0,1.3045268942379113,7.389239525852929,0.0,314.7281926127588,8782.261557878492,9.610776124023435,9.85894800101479,50.0,12.131584940610935,2302.786376953125,12.131584940610935,86.13425307833764,86.1342530783377,0.0,0.0,5.208333333333333,0.36638087806051367,426.21674281456677,161.98924870566304,297.73844212150834,150.0,1.0,2.2726369395961394,0.0,1848.4809294527704,490.34572061344073,477.96655230669484,3212.4457263471454,21.98871280517949,0.0,476.96430600873106,86.13425307833782,97.0526795248877,41.666666666666664,12.37916830674588,191703555.20905304,95824833.33333333,10.0,1.0,7.853981633974483,20.0,2.5,98.17477042468104,8782.261557878492,9.610776124023438,9.85894800101479,50.0,12.131584940610962,2302.786376953125,426.2167428145695,5.208333333333333,0.36638087806051367,161.98924870566304
509,0.540987,1.0,1,1000.0041525818659,0.0,410.641941654877,8.048582056435588,64.3886564514847,72.4372385079203,1000.0041525818685,0.0,0.0,99.85045941333887,-0.0,0.0,1.5621940675878587,5.795163946681645,0.0,316.98946636784046,8782.261557878492,9.610776124023447,9.85894800101479,50.0,12.131584940610974,2302.786376953125,12.131584940610974,86.1342530783379,86.13425307833784,0.0,0.0,5.208333333333333,0.36638087806051367,426.2167428145698,161.98924870566304,297.73844212150834,150.0,1.0,2.2726369397721253,0.0,1848.4809294527704,490.34572061344073,477.96655230669484,3212.4457263471454,21.98871280517949,0.0,476.96430600873106,86.13425307833782,97.0526795248877,41.666666666666664,12.37916830674588,191703555.20905304,95824833.33333333,10.0,1.0,7.853981633974483,20.0,2.5,98.17477042468104,8782.261557878492,9.610776124023438,9.85894800101479,50.0,12.131584940610962,2302.786376953125,426.2167428145695,5.208333333333333,0.36638087806051367,161.98924870566304
510,0.54076,1.0,1,999.5845474108802,0.0,490.34572061344085,9.61077612402344,76.88620899218752,86.49698511621096,1079.5517121336738,0.0,79.96716472279269,15.674496547241304,0.0,0.0,0.0,5.79516394612758,0.0,319.250740122747,8782.261557878492,9.610776124023447,9.85894800101479,50.0,12.131584940610974,2302.786376953125,12.131584940610974,86.1342530783379,86.13425307833784,0.0,0.0,5.208333333333333,0.36638087806051367,426.2167428145698,161.98924870566304,297.73844212150834,150.0,1.0,2.272636939596173,0.0,1848.4809294527704,490.34572061344073,477.96655230669484,3212.4457263471454,21.98871280517949,0.0,476.96430600873106,86.13425307833782,97.0526795248877,41.666666666666664,12.37916830674588,191703555.20905304,95824833.33333333,10.0,1.0,7.853981633974483,20.0,2.5,98.17477042468104,8782.261557878492,9.610776124023438,9.85894800101479,50.0,12.131584940610962,2302.786376953125,426.2167428145695,5.208333333333333,0.36638087806051367,161.98924870566304
511,0.54688,1.0,1,1010.8972506991312,0.0,436.47644712273643,8.554938363605634,68.43950690884508,76.9944452724507,1025.7880224190112,0.0,14.89077171987924,0.0,-0.0,0.0,1.0558377604178126,4.717778476313486,0.0,321.51201387765366,8782.261557878492,9.610776124023447,9.85894800101479,50.0,12.131584940610974,2302.786376953125,12.131584940610974,86.1342530783379,86.13425307833784,0.0,0.0,5.208333333333333,0.36638087806051367,426.2167428145698,161.98924870566304,297.73844212150834,150.0,1.0,2.272636939596173,0.0,1848.4809294527704,490.34572061344073,477.96655230669484,3212.4457263471454,21.98871280517949,0.0,476.96430600873106,86.13425307833782,97.0526795248877,41.666666666666664,12.37916830674588,191703555.20905304,95824833.33333333,10.0,1.0,7.853981633974483,20.0,2.5,98.17477042468104,8782.261557878492,9.610776124023438,9.85894800101479,50.0,12.131584940610962,2302.786376953125,426.2167428145695,5.208333333333333,0.36638087806051367,161.98924870566304
512,0.563597,1.0,1,1041.7983063967931,0.0,452.51817288300896,8.869356188506975,70.9548495080558,79.82420569656277,1041.7983063967936,0.0,0.0,0.0,0.0,0.0,0.7414199355164719,3.9612275217048403,0.0,323.77328763256037,8782.261557878492,9.610776124023447,9.85894800101479,50.0,12.131584940610974,2302.786376953125,12.131584940610974,86.1342530783379,86.13425307833784,0.0,0.0,5.208333333333333,0.36638087806051367,426.2167428145698,161.98924870566304,297.73844212150834,150.0,1.0,2.272636939596173,0.0,1848.4809294527704,490.34572061344073,477.96655230669484,3212.4457263471454,21.98871280517949,0.0,476.96430600873106,86.13425307833782,97.0526795248877,41.666666666666664,12.37916830674588,191703555.20905304,95824833.33333333,10.0,1.0,7.853981633974483,20.0,2.5,98.17477042468104,8782.261557878492,9.610776124023438,9.85894800101479,50.0,12.131584940610962,2302.786376953125,426.2167428145695,5.208333333333333,0.36638087806051367,161.98924870566304
513,0.59017,1.0,1,1090.9179901351415,0.0,490.34572061344085,9.61077612402344,76.88620899218752,86.49698511621096,1079.5517121336738,0.0,0.0,0.0,0.0,0.0,0.0,3.961227521704833,0.0,326.034561387467,8782.261557878492,9.610776124023447,9.85894800101479,50.0,12.131584940610974,2302.786376953125,12.131584940610974,86.1342530783379,86.13425307833784,0.0,0.0,5.208333333333333,0.36638087806051367,426.2167428145698,161.98924870566304,297.73844212150834,150.0,1.0,2.272636939596173,0.0,1848.4809294527704,490.34572061344073,477.96655230669484,3212.4457263471454,21.98871280517949,0.0,476.96430600873106,86.13425307833782,97.0526795248877,41.666666666666664,12.37916830674588,191703555.20905304,95824833.33333333,10.0,1.0,7.853981633974483,20.0,2.5,98.17477042468104,8782.261557878492,9.610776124023438,9.85894800101479,50.0,12.131584940610962,2302.786376953125,426.2167428145695,5.208333333333333,0.36638087806051367,161.98924870566304
514,0.6130030000000001,1.0,1,1133.1243551973369,0.0,490.34572061344085,9.61077612402344,76.88620899218752,86.49698511621096,1133.1243551973373,53.57264306366346,0.0,50.89401091048029,1.0,0.0,0.0,3.961227521704833,0.0,328.2958351423737,8782.261557878492,9.61077612402344,9.85894800101479,50.0,12.131584940610974,2302.786376953125,12.131584940610974,86.1342530783379,86.13425307833784,0.0,0.0,5.208333333333333,0.36638087806051367,426.2167428145698,161.98924870566304,297.73844212150834,150.0,1.0,2.272636939596173,0.0,1848.4809294527704,490.34572061344073,477.96655230669484,3212.4457263471454,21.98871280517949,0.0,476.96430600873106,86.13425307833782,97.0526795248877,41.666666666666664,12.37916830674588,191703555.20905304,95824833.33333333,10.0,1.0,7.853981633974483,20.0,2.5,98.17477042468104,8782.261557878492,9.610776124023438,9.85894800101479,50.0,12.131584940610962,2302.786376953125,426.2167428145695,5.208333333333333,0.36638087806051367,161.98924870566304
515,0.619269,1.0,1,1144.7069367012875,0.0,490.34572061344073,9.610776124023438,76.8862089921875,86.49698511621094,1144.7069367012891,65.15522456761573,0.0,112.79147424971524,1.0,0.0,0.0,3.9612275217048385,0.0,330.55710889728397,8782.261557878492,9.610776124023438,9.85894800101479,50.0,12.131584940610974,2302.786376953125,12.131584940610974,86.1342530783379,86.13425307833784,0.0,0.0,5.208333333333333,0.36638087806051367,426.2167428145698,161.98924870566304,297.73844212150834,150.0,1.0,2.272636939596173,0.0,1848.4809294527704,490.34572061344073,477.96655230669484,3212.4457263471454,21.98871280517949,0.0,476.96430600873106,86.13425307833782,97.0526795248877,41.666666666666664,12.37916830674588,191703555.20905304,95824833.33333333,10.0,1.0,7.853981633974483,20.0,2.5,98.17477042468104,8782.261557878492,9.610776124023438,9.85894800101479,50.0,12.131584940610962,2302.786376953125,426.2167428145695,5.208333333333333,0.36638087806051367,161.98924870566304
516,0.624578,1.0,1,1154.5205219557524,0.0,490.34572061344085,9.61077612402344,76.88620899218752,86.49698511621096,1079.5517121336738,0.0,0.0,112.79147424971524,1.0,0.0,0.0,3.9612275217048385,0.0,332.8183826521742,8782.261557878492,9.61077612402344,9.85894800101479,50.0,12.131584940610974,2302.786376953125,12.131584940610974,86.1342530783379,86.13425307833784,0.0,0.0,5.208333333333333,0.36638087806051367,426.2167428145698,161.98924870566304,297.73844212150834,150.0,1.0,2.272636939596173,0.0,1848.4809294527704,490.34572061344073,477.96655230669484,3212.4457263471454,21.98871280517949,0.0,476.96430600873106,86.13425307833782,97.0526795248877,41.666666666666664,12.37916830674588,191703555.20905304,95824833.33333333,10.0,1.0,7.853981633974483,20.0,2.5,98.17477042468104,8782.261557878492,9.610776124023438,9.85894800101479,50.0,12.131584940610962,2302.786376953125,426.2167428145695,5.208333333333333,0.36638087806051367,161.98924870566304
517,0.642295,1.0,1,1187.270058582867,0.0,490.34572061344085,9.61077612402344,76.88620899218752,86.49698511621096,1187.2700585828659,107.7183464491938,0.0,215.12390337644933,1.0,0.0,0.0,3.9612275217048385,0.0,335.0796564070724,8782.261557878492,9.61077612402344,9.85894800101479,50.0,12.131584940610962,2302.786376953125,12.131584940610962,86.13425307833782,86.13425307833782,0.0,0.0,5.208333333333333,0.36638087806051367,426.21674281456814,161.98924870566304,297.73844212150834,150.0,1.0,2.272636939596166,0.0,1848.4809294527704,490.34572061344073,477.96655230669484,3212.4457263471454,21.98871280517949,0.0,476.96430600873106,86.13425307833782,97.0526795248877,41.666666666666664,12.37916830674588,191703555.20905304,95824833.33333333,10.0,1.0,7.853981633974483,20.0,2.5,98.17477042468104,8782.261557878492,9.610776124023438,9.85894800101479,50.0,12.131584940610962,2302.786376953125,426.2167428145695,5.208333333333333,0.36638087806051367,161.98924870566304
518,0.678976,1.0,1,1255.0741875561243,0.0,490.34572061344073,9.610776124023438,76.8862089921875,86.49698511621094,1255.0741875561212,175.52247542245044,0.0,381.8702550277772,0.0,0.0,0.0,3.9612275217048385,0.0,337.3409301619891,8782.261557878492,9.610776124023433,9.85894800101479,50.0,12.131584940610953,2302.786376953125,12.131584940610953,86.13425307833776,86.13425307833782,0.0,0.0,5.208333333333333,0.36638087806051367,426.21674281456677,161.98924870566304,297.73844212150834,150.0,1.0,2.2726369395961554,0.0,1848.4809294527704,490.34572061344073,477.96655230669484,3212.4457263471454,21.98871280517949,0.0,476.96430600873106,86.13425307833782,97.0526795248877,41.666666666666664,12.37916830674588,191703555.20905304,95824833.33333333,10.0,1.0,7.853981633974483,20.0,2.5,98.17477042468104,8782.261557878492,9.610776124023438,9.85894800101479,50.0,12.131584940610962,2302.786376953125,426.2167428145695,5.208333333333333,0.36638087806051367,161.98924870566304
519,0.7309869999999999,1.0,1,1351.2155291778922,0.0,490.345720613441,9.610776124023444,76.88620899218755,86.496985116211,1079.551712133672,0.0,0.0,381.8702550277772,1.0,0.0,0.0,3.9612275217048385,0.0,339.6022039168873,8782.261557878492,9.610776124023444,9.85894800101479,50.0,12.131584940610947,2302.786376953125,12.131584940610947,86.13425307833772,86.13425307833772,0.0,0.0,5.208333333333333,0.36638087806051367,426.21674281456814,161.98924870566304,297.73844212150834,150.0,1.0,2.27263693959615,0.0,1848.4809294527704,490.34572061344073,477.96655230669484,3212.4457263471454,21.98871280517949,0.0,476.96430600873106,86.13425307833782,97.0526795248877,41.666666666666664,12.37916830674588,191703555.20905304,95824833.33333333,10.0,1.0,7.853981633974483,20.0,2.5,98.17477042468104,8782.261557878492,9.610776124023438,9.85894800101479,50.0,12.131584940610962,2302.786376953125,426.2167428145695,5.208333333333333,0.36638087806051367,161.98924870566304
520,0.780848,1.0,1,1443.3826368013367,0.0,490.34572061344085,9.61077612402344,76.88620899218752,86.49698511621096,1286.060304576774,206.50859244310328,0.0,578.0534178487253,0.0,0.0,0.0,3.9612275217048456,0.0,341.8634776717972,8782.261557878492,9.610776124023433,9.85894800101479,50.0,12.131584940610939,2302.786376953125,12.131584940610939,86.13425307833766,86.13425307833772,0.0,0.0,5.208333333333333,0.36638087806051367,426.21674281456677,161.98924870566304,297.73844212150834,150.0,1.0,2.272636939596141,0.0,1848.4809294527704,490.34572061344073,477.96655230669484,3212.4457263471454,21.98871280517949,0.0,476.96430600873106,86.13425307833782,97.0526795248877,41.666666666666664,12.37916830674588,191703555.20905304,95824833.33333333,10.0,1.0,7.853981633974483,20.0,2.5,98.17477042468104,8782.261557878492,9.610776124023438,9.85894800101479,50.0,12.131584940610962,2302.786376953125,426.2167428145695,5.208333333333333,0.36638087806051367,161.98924870566304
521,0.809339,1.0,1,1496.0477069623757,0.0,490.34572061344085,9.61077612402344,76.88620899218752,86.49698511621096,1496.0477069623744,416.49599482870224,0.0,973.7246129359924,0.0,0.0,0.0,3.9612275217048456,0.0,344.1247514266954,8782.261557878492,9.610776124023438,9.85894800101479,50.0,12.131584940610947,2302.786376953125,12.131584940610947,86.13425307833772,86.13425307833772,0.0,0.0,5.208333333333333,0.36638087806051367,426.21674281456814,161.98924870566304,297.73844212150834,150.0,1.0,2.27263693959615,0.0,1848.4809294527704,490.34572061344073,477.96655230669484,3212.4457263471454,21.98871280517949,0.0,476.96430600873106,86.13425307833782,97.0526795248877,41.666666666666664,12.37916830674588,191703555.20905304,95824833.33333333,10.0,1.0,7.853981633974483,20.0,2.5,98.17477042468104,8782.261557878492,9.610776124023438,9.85894800101479,50.0,12.131584940610962,2302.786376953125,426.2167428145695,5.208333333333333,0.36638087806051367,161.98924870566304
522,0.816788,1.0,1,1509.8170414058693,0.0,490.34572061344085,9.61077612402344,76.88620899218752,86.49698511621096,1509.8170414058695,430.2653292721976,0.0,1382.4766757445727,1.0,0.0,0.0,3.9612275217048456,0.0,346.38602518161207,8782.261557878492,9.61077612402344,9.85894800101479,50.0,12.131584940610947,2302.786376953125,12.131584940610947,86.13425307833772,86.13425307833772,0.0,0.0,5.208333333333333,0.36638087806051367,426.21674281456814,161.98924870566304,297.73844212150834,150.0,1.0,2.27263693959615,0.0,1848.4809294527704,490.34572061344073,477.96655230669484,3212.4457263471454,21.98871280517949,0.0,476.96430600873106,86.13425307833782,97.0526795248877,41.666666666666664,12.37916830674588,191703555.20905304,95824833.33333333,10.0,1.0,7.853981633974483,20.0,2.5,98.17477042468104,8782.261557878492,9.610776124023438,9.85894800101479,50.0,12.131584940610962,2302.786376953125,426.2167428145695,5.208333333333333,0.36638087806051367,161.98924870566304
523,0.8218869999999999,1.0,1,1519.242445665149,0.0,490.34572061344085,9.61077612402344,76.88620899218752,86.49698511621096,1519.242445665157,439.6907335314832,0.0,1800.1828725994817,0.0,0.0,0.0,3.9612275217048456,0.0,348.64729893651025,8782.261557878492,9.610776124023447,9.85894800101479,50.0,12.131584940610974,2302.786376953125,12.131584940610974,86.1342530783379,86.13425307833784,0.0,0.0,5.208333333333333,0.36638087806051367,426.2167428145698,161.98924870566304,297.73844212150834,150.0,1.0,2.272636939596173,0.0,1848.4809294527704,490.34572061344073,477.96655230669484,3212.4457263471454,21.98871280517949,0.0,476.96430600873106,86.13425307833782,97.0526795248877,41.666666666666664,12.37916830674588,191703555.20905304,95824833.33333333,10.0,1.0,7.853981633974483,20.0,2.5,98.17477042468104,8782.261557878492,9.610776124023438,9.85894800101479,50.0,12.131584940610962,2302.786376953125,426.2167428145695,5.208333333333333,0.36638087806051367,161.98924870566304
524,0.83225,1.0,1,1538.3982535370683,0.0,490.34572061344085,9.61077612402344,76.88620899218752,86.49698511621096,1538.3982535370656,458.84654140339484,0.0,2236.087086932707,0.0,0.0,0.0,3.961227521704853,0.0,350.90857269140815,8782.261557878492,9.610776124023433,9.85894800101479,50.0,12.131584940610969,2302.786376953125,12.131584940610969,86.13425307833788,86.13425307833784,0.0,0.0,5.208333333333333,0.36638087806051367,426.21674281456677,161.98924870566304,297.73844212150834,150.0,1.0,2.272636939596172,0.0,1848.4809294527704,490.34572061344073,477.96655230669484,3212.4457263471454,21.98871280517949,0.0,476.96430600873106,86.13425307833782,97.0526795248877,41.666666666666664,12.37916830674588,191703555.20905304,95824833.33333333,10.0,1.0,7.853981633974483,20.0,2.5,98.17477042468104,8782.261557878492,9.610776124023438,9.85894800101479,50.0,12.131584940610962,2302.786376953125,426.2167428145695,5.208333333333333,0.36638087806051367,161.98924870566304
525,0.836641,1.0,1,1546.5149332982953,0.0,490.34572061344085,9.61077612402344,76.88620899218752,86.49698511621096,1546.5149332982955,466.96322116462204,0.0,2679.702147039098,1.0,0.0,0.0,3.961227521704853,0.0,353.16984644630634,8782.261557878492,9.61077612402344,9.85894800101479,50.0,12.13158494061098,2302.786376953125,12.13158494061098,86.13425307833795,86.13425307833784,0.0,0.0,5.208333333333333,0.36638087806051367,426.2167428145695,161.98924870566304,297.73844212150834,150.0,1.0,2.27263693959615,0.0,1848.4809294527704,490.34572061344073,477.96655230669484,3212.4457263471454,21.98871280517949,0.0,476.96430600873106,86.13425307833782,97.0526795248877,41.666666666666664,12.37916830674588,191703555.20905304,95824833.33333333,10.0,1.0,7.853981633974483,20.0,2.5,98.17477042468104,8782.261557878492,9.610776124023438,9.85894800101479,50.0,12.131584940610962,2302.786376953125,426.2167428145695,5.208333333333333,0.36638087806051367,161.98924870566304
526,0.841474,1.0,1,1555.4486416303407,0.0,490.34572061344073,9.610776124023438,76.8862089921875,86.49698511621094,1555.4486416302293,475.89692949655586,0.0,3131.804230060826,0.0,0.0,0.0,3.961227521704853,0.0,355.4311202012045,8782.261557878492,9.610776124023436,9.85894800101479,50.0,12.131584940610962,2302.786376953125,12.131584940610962,86.13425307833782,86.13425307833778,0.0,0.0,5.208333333333333,0.36638087806051367,426.21674281456944,161.98924870566304,297.73844212150834,150.0,1.0,2.272636939596166,0.0,1848.4809294527704,490.34572061344073,477.96655230669484,3212.4457263471454,21.98871280517949,0.0,476.96430600873106,86.13425307833782,97.0526795248877,41.666666666666664,12.37916830674588,191703555.20905304,95824833.33333333,10.0,1.0,7.853981633974483,20.0,2.5,98.17477042468104,8782.261557878492,9.610776124023438,9.85894800101479,50.0,12.131584940610962,2302.786376953125,426.2167428145695,5.208333333333333,0.36638087806051367,161.98924870566304
527,0.83692,1.0,1,1547.0306594776125,0.0,490.34572061344085,9.61077612402344,76.88620899218752,86.49698511621096,1250.5717507765592,84.88578556454789,0.0,3212.4457263471463,0.0,0.0,0.0,3.961227521704853,0.0,357.6923939561027,8782.261557878492,9.610776124023438,9.85894800101479,50.0,12.131584940610962,2302.786376953125,12.131584940610962,86.13425307833782,0.0,86.13425307833782,86.13425307833782,5.208333333333333,0.36638087806051367,426.21674281456944,161.98924870566304,297.73844212150834,150.0,1.0,2.272636939596172,0.0,1848.4809294527704,490.34572061344073,477.96655230669484,3212.4457263471454,21.98871280517949,0.0,476.96430600873106,86.13425307833782,97.0526795248877,41.666666666666664,12.37916830674588,191703555.20905304,95824833.33333333,10.0,1.0,7.853981633974483,20.0,2.5,98.17477042468104,8782.261557878492,9.610776124023438,9.85894800101479,50.0,12.131584940610962,2302.786376953125,426.2167428145695,5.208333333333333,0.36638087806051367,161.98924870566304
528,0.5371549999999999,1.0,1,992.9207736602027,0.0,403.54465204557675,7.909475180093304,63.275801440746434,71.18527662083974,992.920773660201,0.0,0.0,3212.4457263471463,-0.0,0.0,1.7013009439301365,2.225206150347571,0.0,359.9536677110009,8782.261557878492,9.610776124023438,9.85894800101479,50.0,12.131584940610947,2302.786376953125,12.131584940610947,86.13425307833772,86.13425307833772,0.0,0.0,5.208333333333333,0.36638087806051367,426.21674281456814,161.98924870566304,297.73844212150834,150.0,1.0,2.27263693959615,0.0,1848.4809294527704,490.34572061344073,477.96655230669484,3212.4457263471454,21.98871280517949,0.0,476.96430600873106,86.13425307833782,97.0526795248877,41.666666666666664,12.37916830674588,191703555.20905304,95824833.33333333,10.0,1.0,7.853981633974483,20.0,2.5,98.17477042468104,8782.261557878492,9.610776124023438,9.85894800101479,50.0,12.131584940610962,2302.786376953125,426.2167428145695,5.208333333333333,0.36638087806051367,161.98924870566304
529,0.501984,1.0,1,927.9078508904195,0.0,483.3510786292504,9.473681141133309,75.78944912906647,85.26313027019978,1072.5707796477707,0.0,144.6629287573528,3060.1689592341436,0.0,0.0,0.13709498289012956,2.0853133106637642,0.0,362.2149414658991,8782.261557878492,9.610776124023438,9.85894800101479,50.0,12.131584940610947,2302.786376953125,12.131584940610947,86.13425307833772,86.13425307833772,0.0,0.0,5.208333333333333,0.36638087806051367,426.21674281456814,161.98924870566304,297.73844212150834,150.0,1.0,2.27263693959615,0.0,1848.4809294527704,490.34572061344073,477.96655230669484,3212.4457263471454,21.98871280517949,0.0,476.96430600873106,86.13425307833782,97.0526795248877,41.666666666666664,12.37916830674588,191703555.20905304,95824833.33333333,10.0,1.0,7.853981633974483,20.0,2.5,98.17477042468104,8782.261557878492,9.610776124023438,9.85894800101479,50.0,12.131584940610962,2302.786376953125,426.2167428145695,5.208333333333333,0.36638087806051367,161.98924870566304
530,0.440832,1.0,1,814.8695450925237,0.0,490.34572061344056,9.610776124023435,76.88620899218748,86.49698511621091,1079.5517121336702,0.0,264.6821670411492,2781.5561518224076,0.0,0.0,0.0,2.0853133106637642,0.0,364.47621522079726,8782.261557878492,9.610776124023435,9.85894800101479,50.0,12.131584940610947,2302.786376953125,12.131584940610947,86.13425307833772,86.13425307833772,0.0,0.0,5.208333333333333,0.36638087806051367,426.21674281456677,161.98924870566304,297.73844212150834,150.0,1.0,2.27263693959615,0.0,1848.4809294527704,490.34572061344073,477.96655230669484,3212.4457263471454,21.98871280517949,0.0,476.96430600873106,86.13425307833782,97.0526795248877,41.666666666666664,12.37916830674588,191703555.20905304,95824833.33333333,10.0,1.0,7.853981633974483,20.0,2.5,98.17477042468104,8782.261557878492,9.610776124023438,9.85894800101479,50.0,12.131584940610962,2302.786376953125,426.2167428145695,5.208333333333333,0.36638087806051367,161.98924870566304
531,0.3416329999999999,-0.0,1,631.5020853717382,0.0,450.83991211129063,8.836462277381296,70.69169821905037,79.52816049643167,631.5020853717162,0.0,0.0,2781.5561518224076,1.0,8.836462277381296,0.0,10.745046342497433,0.0,354.56772476751604,0.0,0.0,9.85894800101479,50.0,0.0,0.0,0.0,0.0,0.0,0.0,0.0,5.208333333333333,0.36638087806051367,0.0,161.98924870566304,9080.0,150.0,-0.0,0.0,9.85894800101479,1848.4809294527704,490.34572061344073,477.96655230669484,3212.4457263471454,21.98871280517949,0.0,476.96430600873106,86.13425307833782,97.0526795248877,41.666666666666664,12.37916830674588,191703555.20905304,95824833.33333333,10.0,1.0,7.853981633974483,20.0,2.5,98.17477042468104,8782.261557878492,9.610776124023438,9.85894800101479,50.0,12.131584940610962,2302.786376953125,426.2167428145695,5.208333333333333,0.36638087806051367,161.98924870566304
532,0.188027,1.0,1,347.56432372221605,0.0,490.34572061344096,9.610776124023442,76.88620899218753,86.49698511621098,1079.5517121336707,0.0,731.9873884114552,2011.0431113892969,0.0,0.0,0.0,10.745046342497433,0.0,356.82899852241417,8782.261557878492,9.610776124023447,9.85894800101479,50.0,12.131584940610875,2302.786376953125,12.131584940610875,86.13425307833721,86.13425307833727,0.0,0.0,5.208333333333333,0.36638087806051367,426.21674281456677,161.98924870566304,297.73844212150834,150.0,1.0,2.2726369395960773,0.0,1848.4809294527704,490.34572061344073,477.96655230669484,3212.4457263471454,21.98871280517949,0.0,476.96430600873106,86.13425307833782,97.0526795248877,41.666666666666664,12.37916830674588,191703555.20905304,95824833.33333333,10.0,1.0,7.853981633974483,20.0,2.5,98.17477042468104,8782.261557878492,9.610776124023438,9.85894800101479,50.0,12.131584940610962,2302.786376953125,426.2167428145695,5.208333333333333,0.36638087806051367,161.98924870566304
533,0.0738149999999999,-0.0,1,136.44561980755606,0.0,0.0,0.0,0.0,0.0,162.98924870566304,0.0,26.543628898106817,1983.1024493912896,-0.0,0.0,0.0,10.745046342497433,0.0,346.92050806913295,0.0,0.0,9.85894800101479,50.0,0.0,0.0,0.0,0.0,0.0,0.0,0.0,5.208333333333333,0.36638087806051367,0.0,161.98924870566304,9080.0,150.0,-0.0,0.0,9.85894800101479,1848.4809294527704,490.34572061344073,477.96655230669484,3212.4457263471454,21.98871280517949,0.0,476.96430600873106,86.13425307833782,97.0526795248877,41.666666666666664,12.37916830674588,191703555.20905304,95824833.33333333,10.0,1.0,7.853981633974483,20.0,2.5,98.17477042468104,8782.261557878492,9.610776124023438,9.85894800101479,50.0,12.131584940610962,2302.786376953125,426.2167428145695,5.208333333333333,0.36638087806051367,161.98924870566304
534,0.027187,-0.0,1,50.254651029032466,0.0,0.0,0.0,0.0,0.0,162.98924870566304,0.0,112.73459767663059,1864.4344518369417,-0.0,0.0,0.0,10.745046342497433,0.0,337.01201761585173,0.0,0.0,9.85894800101479,50.0,0.0,0.0,0.0,0.0,0.0,0.0,0.0,5.208333333333333,0.36638087806051367,0.0,161.98924870566304,9080.0,150.0,-0.0,0.0,9.858948001014792,1848.4809294527704,490.34572061344073,477.96655230669484,3212.4457263471454,21.98871280517949,0.0,476.96430600873106,86.13425307833782,97.0526795248877,41.666666666666664,12.37916830674588,191703555.20905304,95824833.33333333,10.0,1.0,7.853981633974483,20.0,2.5,98.17477042468104,8782.261557878492,9.610776124023438,9.85894800101479,50.0,12.131584940610962,2302.786376953125,426.2167428145695,5.208333333333333,0.36638087806051367,161.98924870566304
535,0.022632,-0.0,1,41.8348203953751,0.0,0.0,0.0,0.0,0.0,162.98924870566304,0.0,121.15442831026803,1736.9034746682385,-0.0,0.0,0.0,10.745046342497433,0.0,327.1035271625706,0.0,0.0,9.85894800101479,50.0,0.0,0.0,0.0,0.0,0.0,0.0,0.0,5.208333333333333,0.36638087806051367,0.0,161.98924870566304,9080.0,150.0,-0.0,0.0,9.858948001014767,1848.4809294527704,490.34572061344073,477.96655230669484,3212.4457263471454,21.98871280517949,0.0,476.96430600873106,86.13425307833782,97.0526795248877,41.666666666666664,12.37916830674588,191703555.20905304,95824833.33333333,10.0,1.0,7.853981633974483,20.0,2.5,98.17477042468104,8782.261557878492,9.610776124023438,9.85894800101479,50.0,12.131584940610962,2302.786376953125,426.2167428145695,5.208333333333333,0.36638087806051367,161.98924870566304
536,0.032351,0.0,1,59.80020654872657,0.0,0.0,0.0,0.0,0.0,162.98924870566304,0.0,103.18904215693647,1628.283430292516,0.0,0.0,0.0,10.745046342497433,0.0,317.1950367092897,0.0,0.0,9.85894800101479,50.0,0.0,0.0,0.0,0.0,0.0,0.0,0.0,5.208333333333333,0.36638087806051367,0.0,161.98924870566304,9080.0,150.0,0.0,0.0,9.85894800101479,1848.4809294527704,490.34572061344073,477.96655230669484,3212.4457263471454,21.98871280517949,0.0,476.96430600873106,86.13425307833782,97.0526795248877,41.666666666666664,12.37916830674588,191703555.20905304,95824833.33333333,10.0,1.0,7.853981633974483,20.0,2.5,98.17477042468104,8782.261557878492,9.610776124023438,9.85894800101479,50.0,12.131584940610962,2302.786376953125,426.2167428145695,5.208333333333333,0.36638087806051367,161.98924870566304
537,0.047083,-0.0,1,87.03202760142479,0.0,0.0,0.0,0.0,0.0,162.98924870566304,0.0,75.95722110342818,1548.32846070996,1.0,0.0,0.0,10.745046342497433,0.0,307.2865462560085,0.0,0.0,9.85894800101479,50.0,0.0,0.0,0.0,0.0,0.0,0.0,0.0,5.208333333333333,0.36638087806051367,0.0,161.98924870566304,9080.0,150.0,-0.0,0.0,9.85894800101479,1848.4809294527704,490.34572061344073,477.96655230669484,3212.4457263471454,21.98871280517949,0.0,476.96430600873106,86.13425307833782,97.0526795248877,41.666666666666664,12.37916830674588,191703555.20905304,95824833.33333333,10.0,1.0,7.853981633974483,20.0,2.5,98.17477042468104,8782.261557878492,9.610776124023438,9.85894800101479,50.0,12.131584940610962,2302.786376953125,426.2167428145695,5.208333333333333,0.36638087806051367,161.98924870566304
538,0.056977,-0.0,1,105.3208979174305,0.0,0.0,0.0,0.0,0.0,162.98924870566304,0.0,57.668350788232544,1487.624933564452,-0.0,0.0,0.0,10.745046342497433,0.0,297.37805580272726,0.0,0.0,9.85894800101479,50.0,0.0,0.0,0.0,0.0,0.0,0.0,0.0,5.208333333333333,0.36638087806051367,0.0,161.98924870566304,9080.0,150.0,-0.0,0.0,9.85894800101479,1848.4809294527704,490.34572061344073,477.96655230669484,3212.4457263471454,21.98871280517949,0.0,476.96430600873106,86.13425307833782,97.0526795248877,41.666666666666664,12.37916830674588,191703555.20905304,95824833.33333333,10.0,1.0,7.853981633974483,20.0,2.5,98.17477042468104,8782.261557878492,9.610776124023438,9.85894800101479,50.0,12.131584940610962,2302.786376953125,426.2167428145695,5.208333333333333,0.36638087806051367,161.98924870566304
539,0.060792,-0.0,1,112.37285266329282,0.0,0.0,0.0,0.0,0.0,162.98924870566304,0.0,50.616396042370226,1434.3445166777465,-0.0,0.0,0.0,10.745046342497433,0.0,287.46956534944604,0.0,0.0,9.85894800101479,50.0,0.0,0.0,0.0,0.0,0.0,0.0,0.0,5.208333333333333,0.36638087806051367,0.0,161.98924870566304,9080.0,150.0,-0.0,0.0,9.85894800101479,1848.4809294527704,490.34572061344073,477.96655230669484,3212.4457263471454,21.98871280517949,0.0,476.96430600873106,86.13425307833782,97.0526795248877,41.666666666666664,12.37916830674588,191703555.20905304,95824833.33333333,10.0,1.0,7.853981633974483,20.0,2.5,98.17477042468104,8782.261557878492,9.610776124023438,9.85894800101479,50.0,12.131584940610962,2302.786376953125,426.2167428145695,5.208333333333333,0.36638087806051367,161.98924870566304
540,0.069004,-0.0,1,127.55257805595896,0.0,0.0,0.0,0.0,0.0,162.98924870566304,0.0,35.436670649704084,1397.0427580991106,-0.0,0.0,0.0,10.745046342497433,0.0,277.5610748961649,0.0,0.0,9.85894800101479,50.0,0.0,0.0,0.0,0.0,0.0,0.0,0.0,5.208333333333333,0.36638087806051367,0.0,161.98924870566304,9080.0,150.0,-0.0,0.0,9.85894800101477,1848.4809294527704,490.34572061344073,477.96655230669484,3212.4457263471454,21.98871280517949,0.0,476.96430600873106,86.13425307833782,97.0526795248877,41.666666666666664,12.37916830674588,191703555.20905304,95824833.33333333,10.0,1.0,7.853981633974483,20.0,2.5,98.17477042468104,8782.261557878492,9.610776124023438,9.85894800101479,50.0,12.131584940610962,2302.786376953125,426.2167428145695,5.208333333333333,0.36638087806051367,161.98924870566304
541,0.113623,1.0,1,210.02994864721214,0.0,490.34572061344073,9.610776124023438,76.8862089921875,86.49698511621094,1079.5517121336707,0.0,869.5217634864584,481.7566912712596,0.0,0.0,0.0,10.745046342497437,0.0,279.82234865106307,8782.261557878492,9.610776124023435,9.85894800101479,50.0,12.131584940610955,2302.786376953125,12.131584940610955,86.13425307833778,86.13425307833784,0.0,0.0,5.208333333333333,0.36638087806051367,426.21674281456677,161.98924870566304,297.73844212150834,150.0,1.0,2.272636939596157,0.0,1848.4809294527704,490.34572061344073,477.96655230669484,3212.4457263471454,21.98871280517949,0.0,476.96430600873106,86.13425307833782,97.0526795248877,41.666666666666664,12.37916830674588,191703555.20905304,95824833.33333333,10.0,1.0,7.853981633974483,20.0,2.5,98.17477042468104,8782.261557878492,9.610776124023438,9.85894800101479,50.0,12.131584940610962,2302.786376953125,426.2167428145695,5.208333333333333,0.36638087806051367,161.98924870566304
542,0.183742,1.0,1,339.6435829395109,0.0,0.0,0.0,0.0,0.0,590.1670691326336,0.0,250.52348619309876,218.04775843641886,-0.0,0.0,9.610776124023433,0.9381319302286268,0.0,282.08362240596125,8782.261557878492,9.610776124023428,9.85894800101479,50.0,12.131584940610944,2302.786376953125,12.131584940610944,86.1342530783377,86.1342530783377,0.0,0.0,5.208333333333333,0.36638087806051367,426.21674281456814,161.98924870566304,297.73844212150834,150.0,1.0,2.2726369395961483,0.0,1848.4809294527704,490.34572061344073,477.96655230669484,3212.4457263471454,21.98871280517949,0.0,476.96430600873106,86.13425307833782,97.0526795248877,41.666666666666664,12.37916830674588,191703555.20905304,95824833.33333333,10.0,1.0,7.853981633974483,20.0,2.5,98.17477042468104,8782.261557878492,9.610776124023438,9.85894800101479,50.0,12.131584940610962,2302.786376953125,426.2167428145695,5.208333333333333,0.36638087806051367,161.98924870566304
543,0.238287,-0.0,1,440.4689752365123,0.0,267.0128238364599,5.233451347194614,41.86761077755691,47.10106212475153,440.46897523651216,0.0,0.0,218.04775843641886,1.0,5.233451347194614,0.0,6.066914250479348,0.0,272.17513195268003,0.0,0.0,9.85894800101479,50.0,0.0,0.0,0.0,0.0,0.0,0.0,0.0,5.208333333333333,0.36638087806051367,0.0,161.98924870566304,9080.0,150.0,-0.0,0.0,9.85894800101479,1848.4809294527704,490.34572061344073,477.96655230669484,3212.4457263471454,21.98871280517949,0.0,476.96430600873106,86.13425307833782,97.0526795248877,41.666666666666664,12.37916830674588,191703555.20905304,95824833.33333333,10.0,1.0,7.853981633974483,20.0,2.5,98.17477042468104,8782.261557878492,9.610776124023438,9.85894800101479,50.0,12.131584940610962,2302.786376953125,426.2167428145695,5.208333333333333,0.36638087806051367,161.98924870566304
544,0.25694,0.0,1,474.94869001359484,0.0,300.1919181177173,5.883761595107259,47.070092760858074,52.95385435596533,474.94869001359484,0.0,0.0,218.04775843641886,1.0,5.883761595107258,0.0,11.83300061366953,0.0,262.2666414993988,0.0,0.0,9.85894800101479,50.0,0.0,0.0,0.0,0.0,0.0,0.0,0.0,5.208333333333333,0.36638087806051367,0.0,161.98924870566304,9080.0,150.0,0.0,0.0,9.85894800101479,1848.4809294527704,490.34572061344073,477.96655230669484,3212.4457263471454,21.98871280517949,0.0,476.96430600873106,86.13425307833782,97.0526795248877,41.666666666666664,12.37916830674588,191703555.20905304,95824833.33333333,10.0,1.0,7.853981633974483,20.0,2.5,98.17477042468104,8782.261557878492,9.610776124023438,9.85894800101479,50.0,12.131584940610962,2302.786376953125,426.2167428145695,5.208333333333333,0.36638087806051367,161.98924870566304
545,0.259056,1.0,1,478.8600756603169,0.0,0.0,0.0,0.0,0.0,590.1670691326323,0.0,111.30699347231827,100.88250214976806,-0.0,0.0,9.610776124023436,2.026086201400717,0.0,264.527915254297,8782.261557878492,9.610776124023433,9.85894800101479,50.0,12.131584940610974,2302.786376953125,12.131584940610974,86.1342530783379,86.1342530783379,0.0,0.0,5.208333333333333,0.36638087806051367,426.21674281456677,161.98924870566304,297.73844212150834,150.0,1.0,2.272636939596173,0.0,1848.4809294527704,490.34572061344073,477.96655230669484,3212.4457263471454,21.98871280517949,0.0,476.96430600873106,86.13425307833782,97.0526795248877,41.666666666666664,12.37916830674588,191703555.20905304,95824833.33333333,10.0,1.0,7.853981633974483,20.0,2.5,98.17477042468104,8782.261557878492,9.610776124023438,9.85894800101479,50.0,12.131584940610962,2302.786376953125,426.2167428145695,5.208333333333333,0.36638087806051367,161.98924870566304
546,0.24877,0.0,1,459.84660081996566,0.0,285.65949972507946,5.598926194611558,44.79140955689246,50.39033575150402,459.8466008199656,0.0,0.0,100.88250214976806,1.0,5.598926194611558,0.0,7.513033872120043,0.0,254.6194248010158,0.0,0.0,9.85894800101479,50.0,0.0,0.0,0.0,0.0,0.0,0.0,0.0,5.208333333333333,0.36638087806051367,0.0,161.98924870566304,9080.0,150.0,0.0,0.0,9.85894800101479,1848.4809294527704,490.34572061344073,477.96655230669484,3212.4457263471454,21.98871280517949,0.0,476.96430600873106,86.13425307833782,97.0526795248877,41.666666666666664,12.37916830674588,191703555.20905304,95824833.33333333,10.0,1.0,7.853981633974483,20.0,2.5,98.17477042468104,8782.261557878492,9.610776124023438,9.85894800101479,50.0,12.131584940610962,2302.786376953125,426.2167428145695,5.208333333333333,0.36638087806051367,161.98924870566304
547,0.1993019999999999,-0.0,1,368.40594620179587,0.0,197.6681076752626,3.8742949104351467,30.994359283481174,34.86865419391632,368.4059462017959,0.0,0.0,100.88250214976806,1.0,3.8742949104351467,0.0,11.309842884346487,0.0,244.71093434773462,0.0,0.0,9.85894800101479,50.0,0.0,0.0,0.0,0.0,0.0,0.0,0.0,5.208333333333333,0.36638087806051367,0.0,161.98924870566304,9080.0,150.0,-0.0,0.0,9.85894800101479,1848.4809294527704,490.34572061344073,477.96655230669484,3212.4457263471454,21.98871280517949,0.0,476.96430600873106,86.13425307833782,97.0526795248877,41.666666666666664,12.37916830674588,191703555.20905304,95824833.33333333,10.0,1.0,7.853981633974483,20.0,2.5,98.17477042468104,8782.261557878492,9.610776124023438,9.85894800101479,50.0,12.131584940610962,2302.786376953125,426.2167428145695,5.208333333333333,0.36638087806051367,161.98924870566304
548,0.127597,-0.0,1,235.86062115538513,0.0,162.3457943533504,3.181977569325668,25.455820554605346,28.637798123931013,331.6989981976648,0.0,95.83837704227966,0.0,1.0,3.181977569325668,0.0,14.428180902285641,0.0,234.80244389445343,0.0,0.0,9.85894800101479,50.0,0.0,0.0,0.0,0.0,0.0,0.0,0.0,5.208333333333333,0.36638087806051367,0.0,161.98924870566304,9080.0,150.0,-0.0,0.0,9.85894800101479,1848.4809294527704,490.34572061344073,477.96655230669484,3212.4457263471454,21.98871280517949,0.0,476.96430600873106,86.13425307833782,97.0526795248877,41.666666666666664,12.37916830674588,191703555.20905304,95824833.33333333,10.0,1.0,7.853981633974483,20.0,2.5,98.17477042468104,8782.261557878492,9.610776124023438,9.85894800101479,50.0,12.131584940610962,2302.786376953125,426.2167428145695,5.208333333333333,0.36638087806051367,161.98924870566304
549,0.089842,-0.0,1,166.0712236638958,0.0,2.9657187819791795,0.05812808812679192,0.46502470501433535,0.5231527931411273,166.0712236638958,0.0,0.0,0.0,1.0,0.05812808812679191,0.0,14.485146428649896,0.0,224.89395344117224,0.0,0.0,9.85894800101479,50.0,0.0,0.0,0.0,0.0,0.0,0.0,0.0,5.208333333333333,0.36638087806051367,0.0,161.98924870566304,9080.0,150.0,-0.0,0.0,9.85894800101479,1848.4809294527704,490.34572061344073,477.96655230669484,3212.4457263471454,21.98871280517949,0.0,476.96430600873106,86.13425307833782,97.0526795248877,41.666666666666664,12.37916830674588,191703555.20905304,95824833.33333333,10.0,1.0,7.853981633974483,20.0,2.5,98.17477042468104,8782.261557878492,9.610776124023438,9.85894800101479,50.0,12.131584940610962,2302.786376953125,426.2167428145695,5.208333333333333,0.36638087806051367,161.98924870566304
550,0.111825,-0.0,1,206.70637993605604,0.0,42.068063154727675,0.8245340378326624,6.5962723026612995,7.420806340493962,206.70637993605604,0.0,0.0,0.0,1.0,0.8245340378326623,0.0,15.293189785725906,0.0,214.9854629878808,0.0,0.0,9.85894800101479,50.0,0.0,0.0,0.0,0.0,0.0,0.0,0.0,5.208333333333333,0.36638087806051367,0.0,161.98924870566304,9080.0,150.0,-0.0,0.0,9.85894800101479,1848.4809294527704,490.34572061344073,477.96655230669484,3212.4457263471454,21.98871280517949,0.0,476.96430600873106,86.13425307833782,97.0526795248877,41.666666666666664,12.37916830674588,191703555.20905304,95824833.33333333,10.0,1.0,7.853981633974483,20.0,2.5,98.17477042468104,8782.261557878492,9.610776124023438,9.85894800101479,50.0,12.131584940610962,2302.786376953125,426.2167428145695,5.208333333333333,0.36638087806051367,161.98924870566304
551,0.145572,0.0,1,269.0870658622987,0.0,102.09566700984954,2.001075073393051,16.008600587144407,18.009675660537457,269.0870658622987,0.0,0.0,0.0,1.0,2.001075073393051,0.0,17.254243357651088,0.0,205.07697253444317,0.0,0.0,9.85894800101479,50.0,0.0,0.0,0.0,0.0,0.0,0.0,0.0,5.208333333333333,0.36638087806051367,0.0,161.98924870566304,9080.0,150.0,0.0,0.0,9.858948001170441,1848.4809294527704,490.34572061344073,477.96655230669484,3212.4457263471454,21.98871280517949,0.0,476.96430600873106,86.13425307833782,97.0526795248877,41.666666666666664,12.37916830674588,191703555.20905304,95824833.33333333,10.0,1.0,7.853981633974483,20.0,2.5,98.17477042468104,8782.261557878492,9.610776124023438,9.85894800101479,50.0,12.131584940610962,2302.786376953125,426.2167428145695,5.208333333333333,0.36638087806051367,161.98924870566304
552,0.558695,1.0,1,1032.7370528806157,0.0,443.43912443186855,8.691406838864623,69.53125471091698,78.2226615497816,1032.7370528806157,0.0,0.0,0.0,-0.0,0.0,0.919369285158812,16.316111434019646,0.0,207.33824628934133,8782.261557878492,9.610776124023435,9.85894800101479,50.0,12.131584940610947,2302.786376953125,12.131584940610947,86.13425307833772,86.13425307833772,0.0,0.0,5.208333333333333,0.36638087806051367,426.21674281456814,161.98924870566304,297.73844212150834,150.0,1.0,2.272636939596152,0.0,1848.4809294527704,490.34572061344073,477.96655230669484,3212.4457263471454,21.98871280517949,0.0,476.96430600873106,86.13425307833782,97.0526795248877,41.666666666666664,12.37916830674588,191703555.20905304,95824833.33333333,10.0,1.0,7.853981633974483,20.0,2.5,98.17477042468104,8782.261557878492,9.610776124023438,9.85894800101479,50.0,12.131584940610962,2302.786376953125,426.2167428145695,5.208333333333333,0.36638087806051367,161.98924870566304
553,0.585349,1.0,1,1082.0064635742497,0.0,490.34572061344085,9.61077612402344,76.88620899218752,86.49698511621096,1079.5517121336738,0.0,0.0,0.0,0.0,0.0,0.0,16.316111434019653,0.0,209.5995200442395,8782.261557878492,9.610776124023435,9.85894800101479,50.0,12.131584940610947,2302.786376953125,12.131584940610947,86.13425307833772,86.13425307833772,0.0,0.0,5.208333333333333,0.36638087806051367,426.2167428145698,161.98924870566304,297.73844212150834,150.0,1.0,2.27263693959615,0.0,1848.4809294527704,490.34572061344073,477.96655230669484,3212.4457263471454,21.98871280517949,0.0,476.96430600873106,86.13425307833782,97.0526795248877,41.666666666666664,12.37916830674588,191703555.20905304,95824833.33333333,10.0,1.0,7.853981633974483,20.0,2.5,98.17477042468104,8782.261557878492,9.610776124023438,9.85894800101479,50.0,12.131584940610962,2302.786376953125,426.2167428145695,5.208333333333333,0.36638087806051367,161.98924870566304
554,0.5908640000000001,1.0,1,1092.2008359001818,0.0,490.34572061344085,9.61077612402344,76.88620899218752,86.49698511621096,1079.5517121336738,0.0,0.0,0.0,1.0,0.0,0.0,16.316111434019653,0.0,211.8607937991377,8782.261557878492,9.61077612402344,9.85894800101479,50.0,12.131584940610978,2302.786376953125,12.131584940610978,86.13425307833793,86.13425307833784,0.0,0.0,5.208333333333333,0.36638087806051367,426.2167428145698,161.98924870566304,297.73844212150834,150.0,1.0,2.2726369395961767,0.0,1848.4809294527704,490.34572061344073,477.96655230669484,3212.4457263471454,21.98871280517949,0.0,476.96430600873106,86.13425307833782,97.0526795248877,41.666666666666664,12.37916830674588,191703555.20905304,95824833.33333333,10.0,1.0,7.853981633974483,20.0,2.5,98.17477042468104,8782.261557878492,9.610776124023438,9.85894800101479,50.0,12.131584940610962,2302.786376953125,426.2167428145695,5.208333333333333,0.36638087806051367,161.98924870566304
555,0.604102,1.0,1,1116.6710264442775,0.0,490.34572061344073,9.610776124023438,76.8862089921875,86.49698511621094,1079.5517121336734,0.0,0.0,0.0,1.0,0.0,0.0,16.316111434019653,0.0,214.12206755403588,8782.261557878492,9.610776124023438,9.85894800101479,50.0,12.131584940610962,2302.786376953125,12.131584940610962,86.13425307833782,86.13425307833782,0.0,0.0,5.208333333333333,0.36638087806051367,426.21674281456944,161.98924870566304,297.73844212150834,150.0,1.0,2.272636939596172,0.0,1848.4809294527704,490.34572061344073,477.96655230669484,3212.4457263471454,21.98871280517949,0.0,476.96430600873106,86.13425307833782,97.0526795248877,41.666666666666664,12.37916830674588,191703555.20905304,95824833.33333333,10.0,1.0,7.853981633974483,20.0,2.5,98.17477042468104,8782.261557878492,9.610776124023438,9.85894800101479,50.0,12.131584940610962,2302.786376953125,426.2167428145695,5.208333333333333,0.36638087806051367,161.98924870566304
556,0.643365,1.0,1,1189.2479331773816,0.0,490.34572061344073,9.610776124023438,76.8862089921875,86.49698511621094,1189.2479331773832,109.69622104370984,0.0,104.21140999152435,1.0,0.0,0.0,16.316111434019653,0.0,216.38334130893406,8782.261557878492,9.610776124023438,9.85894800101479,50.0,12.131584940610962,2302.786376953125,12.131584940610962,86.13425307833782,86.13425307833782,0.0,0.0,5.208333333333333,0.36638087806051367,426.21674281456944,161.98924870566304,297.73844212150834,150.0,1.0,2.272636939596172,0.0,1848.4809294527704,490.34572061344073,477.96655230669484,3212.4457263471454,21.98871280517949,0.0,476.96430600873106,86.13425307833782,97.0526795248877,41.666666666666664,12.37916830674588,191703555.20905304,95824833.33333333,10.0,1.0,7.853981633974483,20.0,2.5,98.17477042468104,8782.261557878492,9.610776124023438,9.85894800101479,50.0,12.131584940610962,2302.786376953125,426.2167428145695,5.208333333333333,0.36638087806051367,161.98924870566304
557,0.69888,1.0,1,1291.866351975952,0.0,490.34572061344073,9.610776124023438,76.8862089921875,86.49698511621094,1291.8663519759523,212.3146398422802,0.0,305.9103178416906,1.0,0.0,0.0,16.316111434019653,0.0,218.64461506383225,8782.261557878492,9.610776124023438,9.85894800101479,50.0,12.131584940610947,2302.786376953125,12.131584940610947,86.13425307833772,86.13425307833772,0.0,0.0,5.208333333333333,0.36638087806051367,426.21674281456814,161.98924870566304,297.73844212150834,150.0,1.0,2.27263693959615,0.0,1848.4809294527704,490.34572061344073,477.96655230669484,3212.4457263471454,21.98871280517949,0.0,476.96430600873106,86.13425307833782,97.0526795248877,41.666666666666664,12.37916830674588,191703555.20905304,95824833.33333333,10.0,1.0,7.853981633974483,20.0,2.5,98.17477042468104,8782.261557878492,9.610776124023438,9.85894800101479,50.0,12.131584940610962,2302.786376953125,426.2167428145695,5.208333333333333,0.36638087806051367,161.98924870566304
558,0.754415,1.0,1,1394.5217403931117,0.0,490.34572061344073,9.610776124023438,76.8862089921875,86.49698511621094,1394.521740393112,314.9700282594385,0.0,605.1318446881571,1.0,0.0,0.0,16.316111434019653,0.0,220.90588881873043,8782.261557878492,9.610776124023438,9.85894800101479,50.0,12.131584940610962,2302.786376953125,12.131584940610962,86.13425307833782,86.13425307833782,0.0,0.0,5.208333333333333,0.36638087806051367,426.2167428145695,161.98924870566304,297.73844212150834,150.0,1.0,2.272636939596165,0.0,1848.4809294527704,490.34572061344073,477.96655230669484,3212.4457263471454,21.98871280517949,0.0,476.96430600873106,86.13425307833782,97.0526795248877,41.666666666666664,12.37916830674588,191703555.20905304,95824833.33333333,10.0,1.0,7.853981633974483,20.0,2.5,98.17477042468104,8782.261557878492,9.610776124023438,9.85894800101479,50.0,12.131584940610962,2302.786376953125,426.2167428145695,5.208333333333333,0.36638087806051367,161.98924870566304
559,0.794708,1.0,1,1469.0025824835523,0.0,490.3457206134411,9.610776124023445,76.88620899218756,86.49698511621101,1469.0025824835525,389.45087034987887,0.0,975.1101715205419,-0.0,0.0,0.0,16.316111434019653,0.0,223.16716257362862,8782.261557878492,9.610776124023438,9.85894800101479,50.0,12.131584940610962,2302.786376953125,12.131584940610962,86.13425307833782,86.13425307833782,0.0,0.0,5.208333333333333,0.36638087806051367,426.2167428145695,161.98924870566304,297.73844212150834,150.0,1.0,2.2726369395961656,0.0,1848.4809294527704,490.34572061344073,477.96655230669484,3212.4457263471454,21.98871280517949,0.0,476.96430600873106,86.13425307833782,97.0526795248877,41.666666666666664,12.37916830674588,191703555.20905304,95824833.33333333,10.0,1.0,7.853981633974483,20.0,2.5,98.17477042468104,8782.261557878492,9.610776124023438,9.85894800101479,50.0,12.131584940610962,2302.786376953125,426.2167428145695,5.208333333333333,0.36638087806051367,161.98924870566304
560,0.81003,1.0,1,1497.3250072846276,0.0,490.34572061344085,9.61077612402344,76.88620899218752,86.49698511621096,1079.551712133672,0.0,0.0,975.1101715205419,0.0,0.0,0.0,16.316111434019646,0.0,225.4284363285268,8782.261557878492,9.610776124023447,9.85894800101479,50.0,12.131584940610974,2302.786376953125,12.131584940610974,86.1342530783379,86.13425307833784,0.0,0.0,5.208333333333333,0.36638087806051367,426.21674281456814,161.98924870566304,297.73844212150834,150.0,1.0,2.2726369395961785,0.0,1848.4809294527704,490.34572061344073,477.96655230669484,3212.4457263471454,21.98871280517949,0.0,476.96430600873106,86.13425307833782,97.0526795248877,41.666666666666664,12.37916830674588,191703555.20905304,95824833.33333333,10.0,1.0,7.853981633974483,20.0,2.5,98.17477042468104,8782.261557878492,9.610776124023438,9.85894800101479,50.0,12.131584940610962,2302.786376953125,426.2167428145695,5.208333333333333,0.36638087806051367,161.98924870566304
561,0.8028609999999999,1.0,1,1484.0732475013806,0.0,490.34572061344073,9.610776124023438,76.8862089921875,86.49698511621094,1404.4387161019574,324.8870039682841,0.0,1283.7528252904121,1.0,0.0,0.0,16.316111434019646,0.0,227.68971008366682,8782.261557878492,9.610776124023438,9.85894800101479,50.0,12.131584940610962,2302.786376953125,12.131584940610962,86.13425307833782,86.13425307833782,0.0,0.0,5.208333333333333,0.36638087806051367,426.21674281456944,161.98924870566304,297.73844212150834,150.0,1.0,2.272636939596172,0.0,1848.4809294527704,490.34572061344073,477.96655230669484,3212.4457263471454,21.98871280517949,0.0,476.96430600873106,86.13425307833782,97.0526795248877,41.666666666666664,12.37916830674588,191703555.20905304,95824833.33333333,10.0,1.0,7.853981633974483,20.0,2.5,98.17477042468104,8782.261557878492,9.610776124023438,9.85894800101479,50.0,12.131584940610962,2302.786376953125,426.2167428145695,5.208333333333333,0.36638087806051367,161.98924870566304
562,0.790888,1.0,1,1461.9413853330427,0.0,490.34572061344085,9.61077612402344,76.88620899218752,86.49698511621096,1079.5517121336734,0.0,0.0,1283.7528252904121,0.0,0.0,0.0,16.31611143401917,0.0,229.950983838565,8782.261557878492,9.610776124023438,9.85894800101479,50.0,12.131584940610962,2302.786376953125,12.131584940610962,86.13425307833782,86.13425307833782,0.0,0.0,5.208333333333333,0.36638087806051367,426.21674281456944,161.98924870566304,297.73844212150834,150.0,1.0,2.272636939596172,0.0,1848.4809294527704,490.34572061344073,477.96655230669484,3212.4457263471454,21.98871280517949,0.0,476.96430600873106,86.13425307833782,97.0526795248877,41.666666666666664,12.37916830674588,191703555.20905304,95824833.33333333,10.0,1.0,7.853981633974483,20.0,2.5,98.17477042468104,8782.261557878492,9.610776124023438,9.85894800101479,50.0,12.131584940610962,2302.786376953125,426.2167428145695,5.208333333333333,0.36638087806051367,161.98924870566304
563,0.790203,1.0,1,1460.6751758963676,0.0,490.34572061344073,9.610776124023438,76.8862089921875,86.49698511621094,1460.6751758963692,381.1234637626957,0.0,1645.820115864973,1.0,0.0,0.0,16.31611143401917,0.0,232.2122575934632,8782.261557878492,9.610776124023438,9.85894800101479,50.0,12.131584940610962,2302.786376953125,12.131584940610962,86.13425307833782,86.13425307833782,0.0,0.0,5.208333333333333,0.36638087806051367,426.21674281456944,161.98924870566304,297.73844212150834,150.0,1.0,2.272636939596172,0.0,1848.4809294527704,490.34572061344073,477.96655230669484,3212.4457263471454,21.98871280517949,0.0,476.96430600873106,86.13425307833782,97.0526795248877,41.666666666666664,12.37916830674588,191703555.20905304,95824833.33333333,10.0,1.0,7.853981633974483,20.0,2.5,98.17477042468104,8782.261557878492,9.610776124023438,9.85894800101479,50.0,12.131584940610962,2302.786376953125,426.2167428145695,5.208333333333333,0.36638087806051367,161.98924870566304
564,0.8005800000000001,1.0,1,1479.856862501299,0.0,490.34572061344073,9.610776124023438,76.8862089921875,86.49698511621094,1479.8568625012986,400.3051503676253,0.0,2026.1100087142172,1.0,0.0,0.0,16.31611143401917,0.0,234.47353134836138,8782.261557878492,9.610776124023438,9.85894800101479,50.0,12.131584940610962,2302.786376953125,12.131584940610962,86.13425307833782,86.13425307833782,0.0,0.0,5.208333333333333,0.36638087806051367,426.21674281456944,161.98924870566304,297.73844212150834,150.0,1.0,2.272636939596172,0.0,1848.4809294527704,490.34572061344073,477.96655230669484,3212.4457263471454,21.98871280517949,0.0,476.96430600873106,86.13425307833782,97.0526795248877,41.666666666666664,12.37916830674588,191703555.20905304,95824833.33333333,10.0,1.0,7.853981633974483,20.0,2.5,98.17477042468104,8782.261557878492,9.610776124023438,9.85894800101479,50.0,12.131584940610962,2302.786376953125,426.2167428145695,5.208333333333333,0.36638087806051367,161.98924870566304
565,0.813492,1.0,1,1503.724448262393,0.0,490.34572061344085,9.61077612402344,76.88620899218752,86.49698511621096,1079.5517121336734,0.0,0.0,2026.1100087142172,0.0,0.0,0.0,16.316111434019174,0.0,236.73480510325956,8782.261557878492,9.610776124023438,9.85894800101479,50.0,12.131584940610962,2302.786376953125,12.131584940610962,86.13425307833782,86.13425307833782,0.0,0.0,5.208333333333333,0.36638087806051367,426.2167428145695,161.98924870566304,297.73844212150834,150.0,1.0,2.2726369395961656,0.0,1848.4809294527704,490.34572061344073,477.96655230669484,3212.4457263471454,21.98871280517949,0.0,476.96430600873106,86.13425307833782,97.0526795248877,41.666666666666664,12.37916830674588,191703555.20905304,95824833.33333333,10.0,1.0,7.853981633974483,20.0,2.5,98.17477042468104,8782.261557878492,9.610776124023438,9.85894800101479,50.0,12.131584940610962,2302.786376953125,426.2167428145695,5.208333333333333,0.36638087806051367,161.98924870566304
566,0.8218880000000001,1.0,1,1519.2442941460786,0.0,490.3457206134408,9.61077612402344,76.88620899218752,86.49698511621096,1079.5517121336734,0.0,0.0,2026.1100087142172,0.0,0.0,0.0,16.31611143401917,0.0,238.99607885815774,8782.261557878492,9.610776124023438,9.85894800101479,50.0,12.131584940610962,2302.786376953125,12.131584940610962,86.13425307833782,86.13425307833782,0.0,0.0,5.208333333333333,0.36638087806051367,426.21674281456944,161.98924870566304,297.73844212150834,150.0,1.0,2.272636939596172,0.0,1848.4809294527704,490.34572061344073,477.96655230669484,3212.4457263471454,21.98871280517949,0.0,476.96430600873106,86.13425307833782,97.0526795248877,41.666666666666664,12.37916830674588,191703555.20905304,95824833.33333333,10.0,1.0,7.853981633974483,20.0,2.5,98.17477042468104,8782.261557878492,9.610776124023438,9.85894800101479,50.0,12.131584940610962,2302.786376953125,426.2167428145695,5.208333333333333,0.36638087806051367,161.98924870566304
567,0.835076,1.0,1,1543.6220606437018,0.0,490.34572061344085,9.61077612402344,76.88620899218752,86.49698511621096,1079.5517121336734,0.0,0.0,2026.1100087142172,0.0,0.0,0.0,16.31611143401917,0.0,241.25735261305593,8782.261557878492,9.610776124023438,9.85894800101479,50.0,12.131584940610962,2302.786376953125,12.131584940610962,86.13425307833782,86.13425307833782,0.0,0.0,5.208333333333333,0.36638087806051367,426.21674281456944,161.98924870566304,297.73844212150834,150.0,1.0,2.272636939596172,0.0,1848.4809294527704,490.34572061344073,477.96655230669484,3212.4457263471454,21.98871280517949,0.0,476.96430600873106,86.13425307833782,97.0526795248877,41.666666666666664,12.37916830674588,191703555.20905304,95824833.33333333,10.0,1.0,7.853981633974483,20.0,2.5,98.17477042468104,8782.261557878492,9.610776124023438,9.85894800101479,50.0,12.131584940610962,2302.786376953125,426.2167428145695,5.208333333333333,0.36638087806051367,161.98924870566304
568,0.8409589999999999,1.0,1,1554.4966739516722,0.0,490.34572061344073,9.610776124023438,76.8862089921875,86.49698511621094,1079.5517121336734,0.0,0.0,2026.1100087142172,1.0,0.0,0.0,16.31611143401917,0.0,243.5186263679541,8782.261557878492,9.610776124023438,9.85894800101479,50.0,12.131584940610962,2302.786376953125,12.131584940610962,86.13425307833782,86.13425307833782,0.0,0.0,5.208333333333333,0.36638087806051367,426.21674281456944,161.98924870566304,297.73844212150834,150.0,1.0,2.272636939596172,0.0,1848.4809294527704,490.34572061344073,477.96655230669484,3212.4457263471454,21.98871280517949,0.0,476.96430600873106,86.13425307833782,97.0526795248877,41.666666666666664,12.37916830674588,191703555.20905304,95824833.33333333,10.0,1.0,7.853981633974483,20.0,2.5,98.17477042468104,8782.261557878492,9.610776124023438,9.85894800101479,50.0,12.131584940610962,2302.786376953125,426.2167428145695,5.208333333333333,0.36638087806051367,161.98924870566304
569,0.8337089999999999,1.0,1,1541.0951872131395,0.0,490.34572061344085,9.61077612402344,76.88620899218752,86.49698511621096,1079.5517121336734,0.0,0.0,2026.1100087142172,0.0,0.0,0.0,16.316111434019174,0.0,245.7799001228523,8782.261557878492,9.610776124023438,9.85894800101479,50.0,12.131584940610962,2302.786376953125,12.131584940610962,86.13425307833782,86.13425307833782,0.0,0.0,5.208333333333333,0.36638087806051367,426.2167428145695,161.98924870566304,297.73844212150834,150.0,1.0,2.2726369395961656,0.0,1848.4809294527704,490.34572061344073,477.96655230669484,3212.4457263471454,21.98871280517949,0.0,476.96430600873106,86.13425307833782,97.0526795248877,41.666666666666664,12.37916830674588,191703555.20905304,95824833.33333333,10.0,1.0,7.853981633974483,20.0,2.5,98.17477042468104,8782.261557878492,9.610776124023438,9.85894800101479,50.0,12.131584940610962,2302.786376953125,426.2167428145695,5.208333333333333,0.36638087806051367,161.98924870566304
570,0.828643,1.0,1,1531.730782824532,0.0,490.34572061344085,9.61077612402344,76.88620899218752,86.49698511621096,1531.7307828245323,452.1790706908585,0.0,2455.6801258705327,0.0,0.0,0.0,16.316111434019167,0.0,248.04117387775003,8782.261557878492,9.610776124023447,9.85894800101479,50.0,12.131584940610974,2302.786376953125,12.131584940610974,86.1342530783379,86.13425307833784,0.0,0.0,5.208333333333333,0.36638087806051367,426.2167428145698,161.98924870566304,297.73844212150834,150.0,1.0,2.272636939596173,0.0,1848.4809294527704,490.34572061344073,477.96655230669484,3212.4457263471454,21.98871280517949,0.0,476.96430600873106,86.13425307833782,97.0526795248877,41.666666666666664,12.37916830674588,191703555.20905304,95824833.33333333,10.0,1.0,7.853981633974483,20.0,2.5,98.17477042468104,8782.261557878492,9.610776124023438,9.85894800101479,50.0,12.131584940610962,2302.786376953125,426.2167428145695,5.208333333333333,0.36638087806051367,161.98924870566304
571,0.820492,1.0,1,1516.6638147685626,0.0,490.34572061344085,9.61077612402344,76.88620899218752,86.49698511621096,1079.5517121336707,0.0,0.0,2455.6801258705327,0.0,0.0,0.0,16.316111434019177,0.0,250.30244763264804,8782.261557878492,9.610776124023433,9.85894800101479,50.0,12.131584940610963,2302.786376953125,12.131584940610963,86.13425307833784,86.13425307833784,0.0,0.0,5.208333333333333,0.36638087806051367,426.21674281456677,161.98924870566304,297.73844212150834,150.0,1.0,2.272636939596166,0.0,1848.4809294527704,490.34572061344073,477.96655230669484,3212.4457263471454,21.98871280517949,0.0,476.96430600873106,86.13425307833782,97.0526795248877,41.666666666666664,12.37916830674588,191703555.20905304,95824833.33333333,10.0,1.0,7.853981633974483,20.0,2.5,98.17477042468104,8782.261557878492,9.610776124023438,9.85894800101479,50.0,12.131584940610962,2302.786376953125,426.2167428145695,5.208333333333333,0.36638087806051367,161.98924870566304
572,0.796411,1.0,1,1472.1505455064103,0.0,490.34572061344085,9.61077612402344,76.88620899218752,86.49698511621096,1079.5517121336707,0.0,0.0,2455.6801258705327,0.0,0.0,0.0,16.316111434019177,0.0,252.56372138753952,8782.261557878492,9.610776124023438,9.85894800101479,50.0,12.131584940610978,2302.786376953125,12.131584940610978,86.13425307833793,86.13425307833784,0.0,0.0,5.208333333333333,0.36638087806051367,426.21674281456677,161.98924870566304,297.73844212150834,150.0,1.0,2.2726369395961767,0.0,1848.4809294527704,490.34572061344073,477.96655230669484,3212.4457263471454,21.98871280517949,0.0,476.96430600873106,86.13425307833782,97.0526795248877,41.666666666666664,12.37916830674588,191703555.20905304,95824833.33333333,10.0,1.0,7.853981633974483,20.0,2.5,98.17477042468104,8782.261557878492,9.610776124023438,9.85894800101479,50.0,12.131584940610962,2302.786376953125,426.2167428145695,5.208333333333333,0.36638087806051367,161.98924870566304
573,0.761084,1.0,1,1406.8492597116324,0.0,490.34572061344073,9.610776124023438,76.8862089921875,86.49698511621094,1406.849259711635,327.2975475779616,0.0,2766.6127960695962,1.0,0.0,0.0,16.316111434019177,0.0,254.8249951424377,8782.261557878492,9.610776124023438,9.85894800101479,50.0,12.131584940610962,2302.786376953125,12.131584940610962,86.13425307833782,86.13425307833782,0.0,0.0,5.208333333333333,0.36638087806051367,426.21674281456944,161.98924870566304,297.73844212150834,150.0,1.0,2.272636939596172,0.0,1848.4809294527704,490.34572061344073,477.96655230669484,3212.4457263471454,21.98871280517949,0.0,476.96430600873106,86.13425307833782,97.0526795248877,41.666666666666664,12.37916830674588,191703555.20905304,95824833.33333333,10.0,1.0,7.853981633974483,20.0,2.5,98.17477042468104,8782.261557878492,9.610776124023438,9.85894800101479,50.0,12.131584940610962,2302.786376953125,426.2167428145695,5.208333333333333,0.36638087806051367,161.98924870566304
574,0.727606,1.0,1,1344.9658151554124,0.0,490.34572061344045,9.610776124023433,76.88620899218746,86.4969851162109,1344.9658151554156,265.4141030217422,0.0,3018.7561939402513,0.0,0.0,0.0,16.316111434019177,0.0,257.0862688973359,8782.261557878492,9.610776124023433,9.85894800101479,50.0,12.131584940610974,2302.786376953125,12.131584940610974,86.1342530783379,86.13425307833784,0.0,0.0,5.208333333333333,0.36638087806051367,426.2167428145698,161.98924870566304,297.73844212150834,150.0,1.0,2.272636939596173,0.0,1848.4809294527704,490.34572061344073,477.96655230669484,3212.4457263471454,21.98871280517949,0.0,476.96430600873106,86.13425307833782,97.0526795248877,41.666666666666664,12.37916830674588,191703555.20905304,95824833.33333333,10.0,1.0,7.853981633974483,20.0,2.5,98.17477042468104,8782.261557878492,9.610776124023438,9.85894800101479,50.0,12.131584940610962,2302.786376953125,426.2167428145695,5.208333333333333,0.36638087806051367,161.98924870566304
575,0.6943189999999999,1.0,1,1283.435430456718,0.0,490.34572061344085,9.61077612402344,76.88620899218752,86.49698511621096,1283.4354304567214,203.88371832304756,0.0,3212.4457263471463,0.0,0.0,0.0,16.316111434019184,0.0,259.3475426522341,8782.261557878492,9.610776124023447,9.85894800101479,50.0,12.131584940610974,2302.786376953125,12.131584940610974,86.1342530783379,86.13425307833784,0.0,0.0,5.208333333333333,0.36638087806051367,426.2167428145698,161.98924870566304,297.73844212150834,150.0,1.0,2.272636939596173,0.0,1848.4809294527704,490.34572061344073,477.96655230669484,3212.4457263471454,21.98871280517949,0.0,476.96430600873106,86.13425307833782,97.0526795248877,41.666666666666664,12.37916830674588,191703555.20905304,95824833.33333333,10.0,1.0,7.853981633974483,20.0,2.5,98.17477042468104,8782.261557878492,9.610776124023438,9.85894800101479,50.0,12.131584940610962,2302.786376953125,426.2167428145695,5.208333333333333,0.36638087806051367,161.98924870566304
576,0.1980209999999999,1.0,1,366.03804213116683,0.0,298.2184362739918,5.845081350970239,46.76065080776191,52.60573215873215,887.8009972715296,0.0,521.7629551403602,2663.221563041504,0.0,0.0,3.7656947730531938,12.47356574723021,0.0,261.6088164068479,8782.261557878492,9.610776124023438,9.85894800101479,50.0,12.131584940610962,2302.786376953125,12.131584940610962,86.13425307833782,86.13425307833782,0.0,0.0,5.208333333333333,0.36638087806051367,426.21674281456944,161.98924870566304,297.73844212150834,150.0,1.0,2.272636939596172,0.0,1848.4809294527704,490.34572061344073,477.96655230669484,3212.4457263471454,21.98871280517949,0.0,476.96430600873106,86.13425307833782,97.0526795248877,41.666666666666664,12.37916830674588,191703555.20905304,95824833.33333333,10.0,1.0,7.853981633974483,20.0,2.5,98.17477042468104,8782.261557878492,9.610776124023438,9.85894800101479,50.0,12.131584940610962,2302.786376953125,426.2167428145695,5.208333333333333,0.36638087806051367,161.98924870566304
577,0.215353,1.0,1,398.07591360044245,0.0,490.34572061344045,9.610776124023433,76.88620899218746,86.4969851162109,1079.5517121336702,0.0,681.4757985332278,1945.878617217054,-0.0,0.0,0.0,12.47356574723021,0.0,263.8700901617461,8782.261557878492,9.610776124023433,9.85894800101479,50.0,12.131584940610935,2302.786376953125,12.131584940610935,86.13425307833764,86.1342530783377,0.0,0.0,5.208333333333333,0.36638087806051367,426.21674281456677,161.98924870566304,297.73844212150834,150.0,1.0,2.2726369395961377,0.0,1848.4809294527704,490.34572061344073,477.96655230669484,3212.4457263471454,21.98871280517949,0.0,476.96430600873106,86.13425307833782,97.0526795248877,41.666666666666664,12.37916830674588,191703555.20905304,95824833.33333333,10.0,1.0,7.853981633974483,20.0,2.5,98.17477042468104,8782.261557878492,9.610776124023438,9.85894800101479,50.0,12.131584940610962,2302.786376953125,426.2167428145695,5.208333333333333,0.36638087806051367,161.98924870566304
578,0.241635,0.0,1,446.65768938832014,0.0,272.96809149601336,5.350174593321862,42.801396746574895,48.151571339896755,446.65768938832014,0.0,0.0,1945.878617217054,1.0,5.350174593321862,0.0,17.716736848685635,0.0,253.96159970846486,0.0,0.0,9.85894800101479,50.0,0.0,0.0,0.0,0.0,0.0,0.0,0.0,5.208333333333333,0.36638087806051367,0.0,161.98924870566304,9080.0,150.0,0.0,0.0,9.85894800101479,1848.4809294527704,490.34572061344073,477.96655230669484,3212.4457263471454,21.98871280517949,0.0,476.96430600873106,86.13425307833782,97.0526795248877,41.666666666666664,12.37916830674588,191703555.20905304,95824833.33333333,10.0,1.0,7.853981633974483,20.0,2.5,98.17477042468104,8782.261557878492,9.610776124023438,9.85894800101479,50.0,12.131584940610962,2302.786376953125,426.2167428145695,5.208333333333333,0.36638087806051367,161.98924870566304
579,0.264963,1.0,1,489.7790525105944,0.0,490.34572061344085,9.61077612402344,76.88620899218752,86.49698511621096,1079.5517121336734,0.0,589.7726596230762,1325.0652912980263,0.0,0.0,0.0,17.716736848685642,0.0,256.22287346336304,8782.261557878492,9.610776124023438,9.85894800101479,50.0,12.131584940610962,2302.786376953125,12.131584940610962,86.13425307833782,86.13425307833782,0.0,0.0,5.208333333333333,0.36638087806051367,426.21674281456944,161.98924870566304,297.73844212150834,150.0,1.0,2.272636939596172,0.0,1848.4809294527704,490.34572061344073,477.96655230669484,3212.4457263471454,21.98871280517949,0.0,476.96430600873106,86.13425307833782,97.0526795248877,41.666666666666664,12.37916830674588,191703555.20905304,95824833.33333333,10.0,1.0,7.853981633974483,20.0,2.5,98.17477042468104,8782.261557878492,9.610776124023438,9.85894800101479,50.0,12.131584940610962,2302.786376953125,426.2167428145695,5.208333333333333,0.36638087806051367,161.98924870566304
580,0.296946,1.0,1,548.8990180772823,0.0,490.34572061344085,9.61077612402344,76.88620899218752,86.49698511621096,1079.5517121336734,0.0,530.6526940563883,766.4835080807754,0.0,0.0,0.0,17.71673684868565,0.0,258.4841472182612,8782.261557878492,9.610776124023438,9.85894800101479,50.0,12.131584940610962,2302.786376953125,12.131584940610962,86.13425307833782,86.13425307833782,0.0,0.0,5.208333333333333,0.36638087806051367,426.21674281456944,161.98924870566304,297.73844212150834,150.0,1.0,2.272636939596172,0.0,1848.4809294527704,490.34572061344073,477.96655230669484,3212.4457263471454,21.98871280517949,0.0,476.96430600873106,86.13425307833782,97.0526795248877,41.666666666666664,12.37916830674588,191703555.20905304,95824833.33333333,10.0,1.0,7.853981633974483,20.0,2.5,98.17477042468104,8782.261557878492,9.610776124023438,9.85894800101479,50.0,12.131584940610962,2302.786376953125,426.2167428145695,5.208333333333333,0.36638087806051367,161.98924870566304
581,0.3373589999999999,1.0,1,623.601677879257,0.0,490.34572061344085,9.61077612402344,76.88620899218752,86.49698511621096,1079.5517121336707,0.0,455.9500342544137,286.5361036024452,0.0,0.0,0.0,17.716736848685656,0.0,260.7454209731594,8782.261557878492,9.610776124023435,9.85894800101479,50.0,12.131584940610935,2302.786376953125,12.131584940610935,86.13425307833764,86.1342530783377,0.0,0.0,5.208333333333333,0.36638087806051367,426.21674281456677,161.98924870566304,297.73844212150834,150.0,1.0,2.2726369395961377,0.0,1848.4809294527704,490.34572061344073,477.96655230669484,3212.4457263471454,21.98871280517949,0.0,476.96430600873106,86.13425307833782,97.0526795248877,41.666666666666664,12.37916830674588,191703555.20905304,95824833.33333333,10.0,1.0,7.853981633974483,20.0,2.5,98.17477042468104,8782.261557878492,9.610776124023438,9.85894800101479,50.0,12.131584940610962,2302.786376953125,426.2167428145695,5.208333333333333,0.36638087806051367,161.98924870566304
582,0.386063,1.0,1,713.6300930673249,0.0,341.7286790397826,6.697882109179739,53.58305687343791,60.28093898261765,931.2259599614998,0.0,217.5958668941712,57.48782266121236,-0.0,0.0,2.9128940148437077,14.744396017212486,0.0,263.0066947280576,8782.261557878492,9.610776124023447,9.85894800101479,50.0,12.131584940610974,2302.786376953125,12.131584940610974,86.1342530783379,86.13425307833784,0.0,0.0,5.208333333333333,0.36638087806051367,426.2167428145698,161.98924870566304,297.73844212150834,150.0,1.0,2.272636939596173,0.0,1848.4809294527704,490.34572061344073,477.96655230669484,3212.4457263471454,21.98871280517949,0.0,476.96430600873106,86.13425307833782,97.0526795248877,41.666666666666664,12.37916830674588,191703555.20905304,95824833.33333333,10.0,1.0,7.853981633974483,20.0,2.5,98.17477042468104,8782.261557878492,9.610776124023438,9.85894800101479,50.0,12.131584940610962,2302.786376953125,426.2167428145695,5.208333333333333,0.36638087806051367,161.98924870566304
583,0.446252,1.0,1,824.8883117301576,0.0,235.18219970895512,4.6095711142955205,36.876568914364164,41.48614002865968,824.8883117301591,0.0,0.0,57.48782266121236,-0.0,0.0,5.001205009727914,9.641125599122777,0.0,265.2679684829558,8782.261557878492,9.610776124023435,9.85894800101479,50.0,12.131584940610955,2302.786376953125,12.131584940610955,86.13425307833778,86.13425307833778,0.0,0.0,5.208333333333333,0.36638087806051367,426.21674281456814,161.98924870566304,297.73844212150834,150.0,1.0,2.272636939596159,0.0,1848.4809294527704,490.34572061344073,477.96655230669484,3212.4457263471454,21.98871280517949,0.0,476.96430600873106,86.13425307833782,97.0526795248877,41.666666666666664,12.37916830674588,191703555.20905304,95824833.33333333,10.0,1.0,7.853981633974483,20.0,2.5,98.17477042468104,8782.261557878492,9.610776124023438,9.85894800101479,50.0,12.131584940610962,2302.786376953125,426.2167428145695,5.208333333333333,0.36638087806051367,161.98924870566304
584,0.508868,1.0,1,940.6327936087723,0.0,351.1539862892672,6.882618131269637,55.060945050157095,61.94356318142673,940.632793608775,0.0,0.0,57.48782266121236,-0.0,0.0,2.728157992753796,6.857290912639312,0.0,267.52924223785396,8782.261557878492,9.610776124023438,9.85894800101479,50.0,12.131584940610962,2302.786376953125,12.131584940610962,86.13425307833782,86.13425307833782,0.0,0.0,5.208333333333333,0.36638087806051367,426.21674281456944,161.98924870566304,297.73844212150834,150.0,1.0,2.272636939596172,0.0,1848.4809294527704,490.34572061344073,477.96655230669484,3212.4457263471454,21.98871280517949,0.0,476.96430600873106,86.13425307833782,97.0526795248877,41.666666666666664,12.37916830674588,191703555.20905304,95824833.33333333,10.0,1.0,7.853981633974483,20.0,2.5,98.17477042468104,8782.261557878492,9.610776124023438,9.85894800101479,50.0,12.131584940610962,2302.786376953125,426.2167428145695,5.208333333333333,0.36638087806051367,161.98924870566304
585,0.5477029999999999,1.0,1,1012.4185505040706,0.0,423.08071958181876,8.292382103803646,66.33905683042917,74.63143893423282,1012.418550504072,0.0,0.0,57.48782266121236,-0.0,0.0,1.3183940202197855,5.511990892006876,0.0,269.7905159927521,8782.261557878492,9.610776124023433,9.85894800101479,50.0,12.131584940610905,2302.786376953125,12.131584940610905,86.13425307833742,86.13425307833742,0.0,0.0,5.208333333333333,0.36638087806051367,426.21674281456814,161.98924870566304,297.73844212150834,150.0,1.0,2.2726369395961092,0.0,1848.4809294527704,490.34572061344073,477.96655230669484,3212.4457263471454,21.98871280517949,0.0,476.96430600873106,86.13425307833782,97.0526795248877,41.666666666666664,12.37916830674588,191703555.20905304,95824833.33333333,10.0,1.0,7.853981633974483,20.0,2.5,98.17477042468104,8782.261557878492,9.610776124023438,9.85894800101479,50.0,12.131584940610962,2302.786376953125,426.2167428145695,5.208333333333333,0.36638087806051367,161.98924870566304
586,0.557797,1.0,1,1031.077117005967,0.0,490.34572061344085,9.61077612402344,76.88620899218752,86.49698511621096,1079.5517121336738,0.0,48.474595127704845,6.461933053102006,-0.0,0.0,0.0,5.511990892006876,0.0,272.0517897476503,8782.261557878492,9.610776124023447,9.85894800101479,50.0,12.131584940610974,2302.786376953125,12.131584940610974,86.1342530783379,86.13425307833784,0.0,0.0,5.208333333333333,0.36638087806051367,426.2167428145698,161.98924870566304,297.73844212150834,150.0,1.0,2.272636939596173,0.0,1848.4809294527704,490.34572061344073,477.96655230669484,3212.4457263471454,21.98871280517949,0.0,476.96430600873106,86.13425307833782,97.0526795248877,41.666666666666664,12.37916830674588,191703555.20905304,95824833.33333333,10.0,1.0,7.853981633974483,20.0,2.5,98.17477042468104,8782.261557878492,9.610776124023438,9.85894800101479,50.0,12.131584940610962,2302.786376953125,426.2167428145695,5.208333333333333,0.36638087806051367,161.98924870566304
587,0.5807,1.0,1,1073.4128757332237,0.0,490.34572061344085,9.61077612402344,76.88620899218752,86.49698511621096,1079.5517121336734,0.0,6.138836400446905,0.0,0.0,0.0,0.0,5.511990892006883,0.0,274.31306350254846,8782.261557878492,9.610776124023438,9.85894800101479,50.0,12.131584940610962,2302.786376953125,12.131584940610962,86.13425307833782,86.13425307833782,0.0,0.0,5.208333333333333,0.36638087806051367,426.21674281456944,161.98924870566304,297.73844212150834,150.0,1.0,2.272636939596172,0.0,1848.4809294527704,490.34572061344073,477.96655230669484,3212.4457263471454,21.98871280517949,0.0,476.96430600873106,86.13425307833782,97.0526795248877,41.666666666666664,12.37916830674588,191703555.20905304,95824833.33333333,10.0,1.0,7.853981633974483,20.0,2.5,98.17477042468104,8782.261557878492,9.610776124023438,9.85894800101479,50.0,12.131584940610962,2302.786376953125,426.2167428145695,5.208333333333333,0.36638087806051367,161.98924870566304
588,0.620884,1.0,1,1147.6922334023538,0.0,490.34572061344085,9.61077612402344,76.88620899218752,86.49698511621096,1147.6922334023538,68.14052126868188,0.0,64.73349520524778,1.0,0.0,0.0,5.511990892006883,0.0,276.57433725744664,8782.261557878492,9.61077612402344,9.85894800101479,50.0,12.131584940610947,2302.786376953125,12.131584940610947,86.13425307833772,86.13425307833772,0.0,0.0,5.208333333333333,0.36638087806051367,426.21674281456814,161.98924870566304,297.73844212150834,150.0,1.0,2.272636939596152,0.0,1848.4809294527704,490.34572061344073,477.96655230669484,3212.4457263471454,21.98871280517949,0.0,476.96430600873106,86.13425307833782,97.0526795248877,41.666666666666664,12.37916830674588,191703555.20905304,95824833.33333333,10.0,1.0,7.853981633974483,20.0,2.5,98.17477042468104,8782.261557878492,9.610776124023438,9.85894800101479,50.0,12.131584940610962,2302.786376953125,426.2167428145695,5.208333333333333,0.36638087806051367,161.98924870566304
589,0.6634800000000001,1.0,1,1226.4301270733242,0.0,490.34572061344073,9.610776124023438,76.8862089921875,86.49698511621094,1226.430127073324,146.8784149396506,0.0,204.2679893979162,0.0,0.0,0.0,5.511990892006883,0.0,278.8356110123448,8782.261557878492,9.610776124023438,9.85894800101479,50.0,12.131584940610962,2302.786376953125,12.131584940610962,86.13425307833782,86.13425307833782,0.0,0.0,5.208333333333333,0.36638087806051367,426.21674281456944,161.98924870566304,297.73844212150834,150.0,1.0,2.272636939596172,0.0,1848.4809294527704,490.34572061344073,477.96655230669484,3212.4457263471454,21.98871280517949,0.0,476.96430600873106,86.13425307833782,97.0526795248877,41.666666666666664,12.37916830674588,191703555.20905304,95824833.33333333,10.0,1.0,7.853981633974483,20.0,2.5,98.17477042468104,8782.261557878492,9.610776124023438,9.85894800101479,50.0,12.131584940610962,2302.786376953125,426.2167428145695,5.208333333333333,0.36638087806051367,161.98924870566304
590,0.6941369999999999,1.0,1,1283.0990069275574,0.0,490.34572061344085,9.61077612402344,76.88620899218752,86.49698511621096,1079.5517121336738,0.0,0.0,204.2679893979162,0.0,0.0,0.0,5.511990892006876,0.0,281.096884767243,8782.261557878492,9.610776124023447,9.85894800101479,50.0,12.131584940610974,2302.786376953125,12.131584940610974,86.1342530783379,86.13425307833784,0.0,0.0,5.208333333333333,0.36638087806051367,426.2167428145698,161.98924870566304,297.73844212150834,150.0,1.0,2.272636939596173,0.0,1848.4809294527704,490.34572061344073,477.96655230669484,3212.4457263471454,21.98871280517949,0.0,476.96430600873106,86.13425307833782,97.0526795248877,41.666666666666664,12.37916830674588,191703555.20905304,95824833.33333333,10.0,1.0,7.853981633974483,20.0,2.5,98.17477042468104,8782.261557878492,9.610776124023438,9.85894800101479,50.0,12.131584940610962,2302.786376953125,426.2167428145695,5.208333333333333,0.36638087806051367,161.98924870566304
591,0.714386,1.0,1,1320.5288972680469,0.0,490.34572061344085,9.61077612402344,76.88620899218752,86.49698511621096,1231.058567609277,151.5068554756034,0.0,348.19950209973945,1.0,0.0,0.0,5.511990892006885,0.0,283.3581585221412,8782.261557878492,9.610776124023438,9.85894800101479,50.0,12.131584940610962,2302.786376953125,12.131584940610962,86.13425307833782,86.13425307833782,0.0,0.0,5.208333333333333,0.36638087806051367,426.21674281456944,161.98924870566304,297.73844212150834,150.0,1.0,2.272636939596172,0.0,1848.4809294527704,490.34572061344073,477.96655230669484,3212.4457263471454,21.98871280517949,0.0,476.96430600873106,86.13425307833782,97.0526795248877,41.666666666666664,12.37916830674588,191703555.20905304,95824833.33333333,10.0,1.0,7.853981633974483,20.0,2.5,98.17477042468104,8782.261557878492,9.610776124023438,9.85894800101479,50.0,12.131584940610962,2302.786376953125,426.2167428145695,5.208333333333333,0.36638087806051367,161.98924870566304
592,0.731038,1.0,1,1351.3098017052944,0.0,490.34572061344085,9.61077612402344,76.88620899218752,86.49698511621096,1351.3098017052946,271.7580895716207,0.0,606.3696871927791,1.0,0.0,0.0,5.511990892006885,0.0,285.6194322770394,8782.261557878492,9.61077612402344,9.85894800101479,50.0,12.131584940610974,2302.786376953125,12.131584940610974,86.1342530783379,86.13425307833784,0.0,0.0,5.208333333333333,0.36638087806051367,426.2167428145698,161.98924870566304,297.73844212150834,150.0,1.0,2.272636939596173,0.0,1848.4809294527704,490.34572061344073,477.96655230669484,3212.4457263471454,21.98871280517949,0.0,476.96430600873106,86.13425307833782,97.0526795248877,41.666666666666664,12.37916830674588,191703555.20905304,95824833.33333333,10.0,1.0,7.853981633974483,20.0,2.5,98.17477042468104,8782.261557878492,9.610776124023438,9.85894800101479,50.0,12.131584940610962,2302.786376953125,426.2167428145695,5.208333333333333,0.36638087806051367,161.98924870566304
593,0.767432,1.0,1,1418.5834166517984,0.0,490.34572061344085,9.61077612402344,76.88620899218752,86.49698511621096,1418.5834166517986,339.03170451812474,0.0,928.4498064849977,1.0,0.0,0.0,5.511990892006878,0.0,287.8807060319376,8782.261557878492,9.61077612402344,9.85894800101479,50.0,12.131584940610974,2302.786376953125,12.131584940610974,86.1342530783379,86.13425307833784,0.0,0.0,5.208333333333333,0.36638087806051367,426.2167428145698,161.98924870566304,297.73844212150834,150.0,1.0,2.272636939596173,0.0,1848.4809294527704,490.34572061344073,477.96655230669484,3212.4457263471454,21.98871280517949,0.0,476.96430600873106,86.13425307833782,97.0526795248877,41.666666666666664,12.37916830674588,191703555.20905304,95824833.33333333,10.0,1.0,7.853981633974483,20.0,2.5,98.17477042468104,8782.261557878492,9.610776124023438,9.85894800101479,50.0,12.131584940610962,2302.786376953125,426.2167428145695,5.208333333333333,0.36638087806051367,161.98924870566304
594,0.8071649999999999,1.0,1,1492.0291094217453,0.0,490.34572061344085,9.61077612402344,76.88620899218752,86.49698511621096,1492.0291094217437,412.47739728807176,0.0,1320.3033339086658,1.0,0.0,0.0,5.511990892006878,0.0,290.1419797868358,8782.261557878492,9.61077612402344,9.85894800101479,50.0,12.131584940610974,2302.786376953125,12.131584940610974,86.1342530783379,86.1342530783379,0.0,0.0,5.208333333333333,0.36638087806051367,426.21674281456814,161.98924870566304,297.73844212150834,150.0,1.0,2.2726369395961785,0.0,1848.4809294527704,490.34572061344073,477.96655230669484,3212.4457263471454,21.98871280517949,0.0,476.96430600873106,86.13425307833782,97.0526795248877,41.666666666666664,12.37916830674588,191703555.20905304,95824833.33333333,10.0,1.0,7.853981633974483,20.0,2.5,98.17477042468104,8782.261557878492,9.610776124023438,9.85894800101479,50.0,12.131584940610962,2302.786376953125,426.2167428145695,5.208333333333333,0.36638087806051367,161.98924870566304
595,0.830515,1.0,1,1535.1911391244676,0.0,490.34572061344085,9.61077612402344,76.88620899218752,86.49698511621096,1535.1911391244694,455.63942699079564,0.0,1753.1607895499217,0.0,0.0,0.0,5.511990892006878,0.0,292.403253541734,8782.261557878492,9.610776124023447,9.85894800101479,50.0,12.131584940610974,2302.786376953125,12.131584940610974,86.1342530783379,86.13425307833784,0.0,0.0,5.208333333333333,0.36638087806051367,426.2167428145698,161.98924870566304,297.73844212150834,150.0,1.0,2.272636939596173,0.0,1848.4809294527704,490.34572061344073,477.96655230669484,3212.4457263471454,21.98871280517949,0.0,476.96430600873106,86.13425307833782,97.0526795248877,41.666666666666664,12.37916830674588,191703555.20905304,95824833.33333333,10.0,1.0,7.853981633974483,20.0,2.5,98.17477042468104,8782.261557878492,9.610776124023438,9.85894800101479,50.0,12.131584940610962,2302.786376953125,426.2167428145695,5.208333333333333,0.36638087806051367,161.98924870566304
596,0.844784,1.0,1,1561.5671135068292,0.0,490.34572061344085,9.61077612402344,76.88620899218752,86.49698511621096,1561.567113506831,482.01540137315754,0.0,2211.0754208544213,0.0,0.0,0.0,5.511990892006883,0.0,294.6645272966322,8782.261557878492,9.610776124023438,9.85894800101479,50.0,12.131584940610962,2302.786376953125,12.131584940610962,86.13425307833782,86.13425307833782,0.0,0.0,5.208333333333333,0.36638087806051367,426.21674281456944,161.98924870566304,297.73844212150834,150.0,1.0,2.272636939596172,0.0,1848.4809294527704,490.34572061344073,477.96655230669484,3212.4457263471454,21.98871280517949,0.0,476.96430600873106,86.13425307833782,97.0526795248877,41.666666666666664,12.37916830674588,191703555.20905304,95824833.33333333,10.0,1.0,7.853981633974483,20.0,2.5,98.17477042468104,8782.261557878492,9.610776124023438,9.85894800101479,50.0,12.131584940610962,2302.786376953125,426.2167428145695,5.208333333333333,0.36638087806051367,161.98924870566304
597,0.862206,1.0,1,1593.7713482597553,0.0,490.34572061344085,9.61077612402344,76.88620899218752,86.49698511621096,1593.771348259755,514.2196361260818,0.0,2699.584075174199,0.0,0.0,0.0,5.511990892006883,0.0,296.92580105153036,8782.261557878492,9.610776124023438,9.85894800101479,50.0,12.131584940610962,2302.786376953125,12.131584940610962,86.13425307833782,86.13425307833782,0.0,0.0,5.208333333333333,0.36638087806051367,426.21674281456944,161.98924870566304,297.73844212150834,150.0,1.0,2.272636939596172,0.0,1848.4809294527704,490.34572061344073,477.96655230669484,3212.4457263471454,21.98871280517949,0.0,476.96430600873106,86.13425307833782,97.0526795248877,41.666666666666664,12.37916830674588,191703555.20905304,95824833.33333333,10.0,1.0,7.853981633974483,20.0,2.5,98.17477042468104,8782.261557878492,9.610776124023438,9.85894800101479,50.0,12.131584940610962,2302.786376953125,426.2167428145695,5.208333333333333,0.36638087806051367,161.98924870566304
598,0.8760739999999999,1.0,1,1619.4060817894062,0.0,490.34572061344073,9.610776124023438,76.8862089921875,86.49698511621094,1165.6859652120113,0.0,0.0,2699.584075174199,1.0,0.0,0.0,5.511990892006883,0.0,299.18707480642854,8782.261557878492,9.610776124023438,9.85894800101479,50.0,12.131584940610962,2302.786376953125,12.131584940610962,86.13425307833782,0.0,86.13425307833782,86.13425307833782,5.208333333333333,0.36638087806051367,426.2167428145695,161.98924870566304,297.73844212150834,150.0,1.0,2.2726369395961656,0.0,1848.4809294527704,490.34572061344073,477.96655230669484,3212.4457263471454,21.98871280517949,0.0,476.96430600873106,86.13425307833782,97.0526795248877,41.666666666666664,12.37916830674588,191703555.20905304,95824833.33333333,10.0,1.0,7.853981633974483,20.0,2.5,98.17477042468104,8782.261557878492,9.610776124023438,9.85894800101479,50.0,12.131584940610962,2302.786376953125,426.2167428145695,5.208333333333333,0.36638087806051367,161.98924870566304
599,0.87762,1.0,1,1622.2638333063403,0.0,490.3457206134408,9.61077612402344,76.88620899218752,86.49698511621096,1619.4060817894078,539.8543696557343,0.0,3212.4457263471463,0.0,0.0,0.0,5.511990892006883,0.0,301.4483485613267,8782.261557878492,9.610776124023438,9.85894800101479,50.0,12.131584940610962,2302.786376953125,12.131584940610962,86.13425307833782,86.13425307833782,0.0,0.0,5.208333333333333,0.36638087806051367,426.2167428145695,161.98924870566304,297.73844212150834,150.0,1.0,2.2726369395961656,0.0,1848.4809294527704,490.34572061344073,477.96655230669484,3212.4457263471454,21.98871280517949,0.0,476.96430600873106,86.13425307833782,97.0526795248877,41.666666666666664,12.37916830674588,191703555.20905304,95824833.33333333,10.0,1.0,7.853981633974483,20.0,2.5,98.17477042468104,8782.261557878492,9.610776124023438,9.85894800101479,50.0,12.131584940610962,2302.786376953125,426.2167428145695,5.208333333333333,0.36638087806051367,161.98924870566304
600,0.458152,1.0,1,846.8852347906457,0.0,490.3457206134395,9.610776124023413,76.8862089921873,86.49698511621072,1079.5517121336707,0.0,232.6664773430266,2967.533644933434,0.0,0.0,0.0,5.511990892006863,0.0,303.7096223162249,8782.261557878492,9.610776124023435,9.85894800101479,50.0,12.131584940610947,2302.786376953125,12.131584940610947,86.13425307833772,86.13425307833772,0.0,0.0,5.208333333333333,0.36638087806051367,426.21674281456814,161.98924870566304,297.73844212150834,150.0,1.0,2.27263693959615,0.0,1848.4809294527704,490.34572061344073,477.96655230669484,3212.4457263471454,21.98871280517949,0.0,476.96430600873106,86.13425307833782,97.0526795248877,41.666666666666664,12.37916830674588,191703555.20905304,95824833.33333333,10.0,1.0,7.853981633974483,20.0,2.5,98.17477042468104,8782.261557878492,9.610776124023438,9.85894800101479,50.0,12.131584940610962,2302.786376953125,426.2167428145695,5.208333333333333,0.36638087806051367,161.98924870566304
601,0.4451569999999999,1.0,1,822.8642251124068,0.0,490.34572061344073,9.610776124023438,76.8862089921875,86.49698511621094,1079.5517121336734,0.0,256.6874870212665,2697.336290174206,-0.0,0.0,0.0,5.511990892006863,0.0,305.97089607112304,8782.261557878492,9.610776124023438,9.85894800101479,50.0,12.131584940610962,2302.786376953125,12.131584940610962,86.13425307833782,86.13425307833782,0.0,0.0,5.208333333333333,0.36638087806051367,426.21674281456944,161.98924870566304,297.73844212150834,150.0,1.0,2.272636939596172,0.0,1848.4809294527704,490.34572061344073,477.96655230669484,3212.4457263471454,21.98871280517949,0.0,476.96430600873106,86.13425307833782,97.0526795248877,41.666666666666664,12.37916830674588,191703555.20905304,95824833.33333333,10.0,1.0,7.853981633974483,20.0,2.5,98.17477042468104,8782.261557878492,9.610776124023438,9.85894800101479,50.0,12.131584940610962,2302.786376953125,426.2167428145695,5.208333333333333,0.36638087806051367,161.98924870566304
602,0.423132,1.0,1,782.1514326412097,0.0,244.33346919873168,4.788935996295141,38.31148797036113,43.100423966656265,834.0216447317343,0.0,51.87021209052671,2642.73606692102,-0.0,0.0,4.821840127728276,0.5917458637127035,0.0,308.2321698260212,8782.261557878492,9.610776124023433,9.85894800101479,50.0,12.131584940610944,2302.786376953125,12.131584940610944,86.1342530783377,86.1342530783377,0.0,0.0,5.208333333333333,0.36638087806051367,426.21674281456677,161.98924870566304,297.73844212150834,150.0,1.0,2.272636939596143,0.0,1848.4809294527704,490.34572061344073,477.96655230669484,3212.4457263471454,21.98871280517949,0.0,476.96430600873106,86.13425307833782,97.0526795248877,41.666666666666664,12.37916830674588,191703555.20905304,95824833.33333333,10.0,1.0,7.853981633974483,20.0,2.5,98.17477042468104,8782.261557878492,9.610776124023438,9.85894800101479,50.0,12.131584940610962,2302.786376953125,426.2167428145695,5.208333333333333,0.36638087806051367,161.98924870566304
603,0.420783,1.0,1,777.8093509379252,0.0,490.34572061344085,9.61077612402344,76.88620899218752,86.49698511621096,1079.551712133672,0.0,301.74236119574687,2325.112528820234,-0.0,0.0,0.0,0.5917458637127035,0.0,310.4934435809194,8782.261557878492,9.610776124023438,9.85894800101479,50.0,12.131584940610947,2302.786376953125,12.131584940610947,86.13425307833772,86.13425307833772,0.0,0.0,5.208333333333333,0.36638087806051367,426.21674281456814,161.98924870566304,297.73844212150834,150.0,1.0,2.27263693959615,0.0,1848.4809294527704,490.34572061344073,477.96655230669484,3212.4457263471454,21.98871280517949,0.0,476.96430600873106,86.13425307833782,97.0526795248877,41.666666666666664,12.37916830674588,191703555.20905304,95824833.33333333,10.0,1.0,7.853981633974483,20.0,2.5,98.17477042468104,8782.261557878492,9.610776124023438,9.85894800101479,50.0,12.131584940610962,2302.786376953125,426.2167428145695,5.208333333333333,0.36638087806051367,161.98924870566304
604,0.412532,-0.0,1,762.5575347890103,0.0,490.34572061344085,9.61077612402344,76.88620899218752,86.49698511621096,762.5575347890101,90.0010132218593,0.0,2410.613491381,1.0,9.610776124023445,0.0,10.010306465255681,0.0,300.5849531276382,0.0,0.0,9.85894800101479,50.0,0.0,0.0,0.0,0.0,0.0,0.0,0.0,5.208333333333333,0.36638087806051367,0.0,161.98924870566304,9080.0,150.0,-0.0,0.0,9.858948001014797,1848.4809294527704,490.34572061344073,477.96655230669484,3212.4457263471454,21.98871280517949,0.0,476.96430600873106,86.13425307833782,97.0526795248877,41.666666666666664,12.37916830674588,191703555.20905304,95824833.33333333,10.0,1.0,7.853981633974483,20.0,2.5,98.17477042468104,8782.261557878492,9.610776124023438,9.85894800101479,50.0,12.131584940610962,2302.786376953125,426.2167428145695,5.208333333333333,0.36638087806051367,161.98924870566304
605,0.4381569999999999,1.0,1,809.9248586062373,0.0,490.34572061344056,9.610776124023435,76.88620899218748,86.49698511621091,1079.551712133673,0.0,269.62685352743443,2126.795750825806,-0.0,0.0,0.0,10.010306465255681,0.0,302.84622688253637,8782.261557878492,9.610776124023438,9.85894800101479,50.0,12.131584940610962,2302.786376953125,12.131584940610962,86.13425307833782,86.13425307833782,0.0,0.0,5.208333333333333,0.36638087806051367,426.21674281456944,161.98924870566304,297.73844212150834,150.0,1.0,2.272636939596172,0.0,1848.4809294527704,490.34572061344073,477.96655230669484,3212.4457263471454,21.98871280517949,0.0,476.96430600873106,86.13425307833782,97.0526795248877,41.666666666666664,12.37916830674588,191703555.20905304,95824833.33333333,10.0,1.0,7.853981633974483,20.0,2.5,98.17477042468104,8782.261557878492,9.610776124023438,9.85894800101479,50.0,12.131584940610962,2302.786376953125,426.2167428145695,5.208333333333333,0.36638087806051367,161.98924870566304
606,0.459843,1.0,1,850.0110160423503,0.0,260.3542412225143,5.1029431279612805,40.823545023690244,45.926488151651526,850.0110160423529,0.0,0.0,2126.795750825806,-0.0,0.0,4.507832996062152,5.410476877437157,0.0,305.10750063743455,8782.261557878492,9.610776124023438,9.85894800101479,50.0,12.131584940610962,2302.786376953125,12.131584940610962,86.13425307833782,86.13425307833782,0.0,0.0,5.208333333333333,0.36638087806051367,426.21674281456944,161.98924870566304,297.73844212150834,150.0,1.0,2.272636939596172,0.0,1848.4809294527704,490.34572061344073,477.96655230669484,3212.4457263471454,21.98871280517949,0.0,476.96430600873106,86.13425307833782,97.0526795248877,41.666666666666664,12.37916830674588,191703555.20905304,95824833.33333333,10.0,1.0,7.853981633974483,20.0,2.5,98.17477042468104,8782.261557878492,9.610776124023438,9.85894800101479,50.0,12.131584940610962,2302.786376953125,426.2167428145695,5.208333333333333,0.36638087806051367,161.98924870566304
607,0.471479,1.0,1,871.5199401374628,0.0,428.6296756340585,8.401141642427547,67.20913313942037,75.61027478184792,1017.9566306024506,0.0,146.4366904649885,1972.651866125818,-0.0,0.0,1.2096344815959,4.176155977849504,0.0,307.36877439233274,8782.261557878492,9.610776124023438,9.85894800101479,50.0,12.131584940610962,2302.786376953125,12.131584940610962,86.13425307833782,86.13425307833782,0.0,0.0,5.208333333333333,0.36638087806051367,426.21674281456944,161.98924870566304,297.73844212150834,150.0,1.0,2.272636939596172,0.0,1848.4809294527704,490.34572061344073,477.96655230669484,3212.4457263471454,21.98871280517949,0.0,476.96430600873106,86.13425307833782,97.0526795248877,41.666666666666664,12.37916830674588,191703555.20905304,95824833.33333333,10.0,1.0,7.853981633974483,20.0,2.5,98.17477042468104,8782.261557878492,9.610776124023438,9.85894800101479,50.0,12.131584940610962,2302.786376953125,426.2167428145695,5.208333333333333,0.36638087806051367,161.98924870566304
608,0.465289,0.0,1,860.0778431841501,0.0,490.34572061344085,9.61077612402344,76.88620899218752,86.49698511621096,860.07784318415,187.52132161699905,0.0,2150.797121661967,1.0,9.610776124023445,0.0,13.59471657939248,0.0,297.4602839390515,0.0,0.0,9.85894800101479,50.0,0.0,0.0,0.0,0.0,0.0,0.0,0.0,5.208333333333333,0.36638087806051367,0.0,161.98924870566304,9080.0,150.0,0.0,0.0,9.85894800101479,1848.4809294527704,490.34572061344073,477.96655230669484,3212.4457263471454,21.98871280517949,0.0,476.96430600873106,86.13425307833782,97.0526795248877,41.666666666666664,12.37916830674588,191703555.20905304,95824833.33333333,10.0,1.0,7.853981633974483,20.0,2.5,98.17477042468104,8782.261557878492,9.610776124023438,9.85894800101479,50.0,12.131584940610962,2302.786376953125,426.2167428145695,5.208333333333333,0.36638087806051367,161.98924870566304
609,0.437722,1.0,1,809.1207694019256,0.0,219.38369230621095,4.299920369201734,34.399362953613874,38.69928332281561,809.1207694019256,0.0,0.0,2150.797121661967,-0.0,0.0,5.310855754821704,8.175476013247884,0.0,299.7215576939497,8782.261557878492,9.610776124023438,9.85894800101479,50.0,12.131584940610962,2302.786376953125,12.131584940610962,86.13425307833782,86.13425307833782,0.0,0.0,5.208333333333333,0.36638087806051367,426.21674281456944,161.98924870566304,297.73844212150834,150.0,1.0,2.272636939596172,0.0,1848.4809294527704,490.34572061344073,477.96655230669484,3212.4457263471454,21.98871280517949,0.0,476.96430600873106,86.13425307833782,97.0526795248877,41.666666666666664,12.37916830674588,191703555.20905304,95824833.33333333,10.0,1.0,7.853981633974483,20.0,2.5,98.17477042468104,8782.261557878492,9.610776124023438,9.85894800101479,50.0,12.131584940610962,2302.786376953125,426.2167428145695,5.208333333333333,0.36638087806051367,161.98924870566304
610,0.412516,1.0,1,762.5279590941391,0.0,490.34572061344056,9.610776124023435,76.88620899218748,86.49698511621091,1079.5517121336716,0.0,317.0237530395343,1817.0879079361416,-0.0,0.0,0.0,8.175476013247884,0.0,301.9828314488479,8782.261557878492,9.610776124023435,9.85894800101479,50.0,12.131584940610947,2302.786376953125,12.131584940610947,86.13425307833772,86.13425307833772,0.0,0.0,5.208333333333333,0.36638087806051367,426.21674281456814,161.98924870566304,297.73844212150834,150.0,1.0,2.27263693959615,0.0,1848.4809294527704,490.34572061344073,477.96655230669484,3212.4457263471454,21.98871280517949,0.0,476.96430600873106,86.13425307833782,97.0526795248877,41.666666666666664,12.37916830674588,191703555.20905304,95824833.33333333,10.0,1.0,7.853981633974483,20.0,2.5,98.17477042468104,8782.261557878492,9.610776124023438,9.85894800101479,50.0,12.131584940610962,2302.786376953125,426.2167428145695,5.208333333333333,0.36638087806051367,161.98924870566304
611,0.375331,1.0,1,693.7921957324378,0.0,103.8286307160063,2.0350411620337234,16.280329296269787,18.315370458303512,693.7921957324378,0.0,0.0,1817.0879079361416,-0.0,0.0,7.575734961989728,0.4451342152991824,0.0,304.2441052037461,8782.261557878492,9.610776124023438,9.85894800101479,50.0,12.131584940610962,2302.786376953125,12.131584940610962,86.13425307833782,86.13425307833782,0.0,0.0,5.208333333333333,0.36638087806051367,426.21674281456944,161.98924870566304,297.73844212150834,150.0,1.0,2.272636939596172,0.0,1848.4809294527704,490.34572061344073,477.96655230669484,3212.4457263471454,21.98871280517949,0.0,476.96430600873106,86.13425307833782,97.0526795248877,41.666666666666664,12.37916830674588,191703555.20905304,95824833.33333333,10.0,1.0,7.853981633974483,20.0,2.5,98.17477042468104,8782.261557878492,9.610776124023438,9.85894800101479,50.0,12.131584940610962,2302.786376953125,426.2167428145695,5.208333333333333,0.36638087806051367,161.98924870566304
612,0.345174,0.0,1,638.0475563429305,0.0,457.13847925064226,8.959914193312589,71.67931354650071,80.6392277398133,638.0475563429305,0.0,0.0,1817.0879079361414,1.0,8.959914193312589,0.0,9.225850124745518,0.0,294.33561475046486,0.0,0.0,9.85894800101479,50.0,0.0,0.0,0.0,0.0,0.0,0.0,0.0,5.208333333333333,0.36638087806051367,0.0,161.98924870566304,9080.0,150.0,0.0,0.0,9.85894800101479,1848.4809294527704,490.34572061344073,477.96655230669484,3212.4457263471454,21.98871280517949,0.0,476.96430600873106,86.13425307833782,97.0526795248877,41.666666666666664,12.37916830674588,191703555.20905304,95824833.33333333,10.0,1.0,7.853981633974483,20.0,2.5,98.17477042468104,8782.261557878492,9.610776124023438,9.85894800101479,50.0,12.131584940610962,2302.786376953125,426.2167428145695,5.208333333333333,0.36638087806051367,161.98924870566304
613,0.339128,-0.0,1,626.871640643459,0.0,450.9299045059607,8.83822612831683,70.70580902653464,79.54403515485147,631.5956054682574,0.0,4.723964824798372,1812.115313383722,1.0,8.83822612831683,0.0,17.88731173049601,0.0,284.4271242971835,0.0,0.0,9.85894800101479,50.0,0.0,0.0,0.0,0.0,0.0,0.0,0.0,5.208333333333333,0.36638087806051367,0.0,161.98924870566304,9080.0,150.0,-0.0,0.0,9.858948001014797,1848.4809294527704,490.34572061344073,477.96655230669484,3212.4457263471454,21.98871280517949,0.0,476.96430600873106,86.13425307833782,97.0526795248877,41.666666666666664,12.37916830674588,191703555.20905304,95824833.33333333,10.0,1.0,7.853981633974483,20.0,2.5,98.17477042468104,8782.261557878492,9.610776124023438,9.85894800101479,50.0,12.131584940610962,2302.786376953125,426.2167428145695,5.208333333333333,0.36638087806051367,161.98924870566304
614,0.3239789999999999,1.0,1,598.869003043179,0.0,313.3300804138061,6.1412695761105995,49.130156608884796,55.2714261849954,902.8830225888299,0.0,304.01401954565097,1492.1005559672474,-0.0,0.0,3.469506547912835,14.346998926503321,0.0,286.6883980520739,8782.261557878492,9.610776124023435,9.85894800101479,50.0,12.131584940610947,2302.786376953125,12.131584940610947,86.13425307833772,86.13425307833772,0.0,0.0,5.208333333333333,0.36638087806051367,426.2167428145695,161.98924870566304,297.73844212150834,150.0,1.0,2.27263693959615,0.0,1848.4809294527704,490.34572061344073,477.96655230669484,3212.4457263471454,21.98871280517949,0.0,476.96430600873106,86.13425307833782,97.0526795248877,41.666666666666664,12.37916830674588,191703555.20905304,95824833.33333333,10.0,1.0,7.853981633974483,20.0,2.5,98.17477042468104,8782.261557878492,9.610776124023438,9.85894800101479,50.0,12.131584940610962,2302.786376953125,426.2167428145695,5.208333333333333,0.36638087806051367,161.98924870566304
615,0.311837,-0.0,1,576.4247475977635,0.0,397.84016444582335,7.797667223138137,62.381337785105096,70.17900500824324,576.4247475977627,0.0,0.0,1492.1005559672474,1.0,7.797667223138152,0.0,21.98871280517871,0.0,276.7799075987854,0.0,0.0,9.85894800101479,50.0,0.0,0.0,0.0,0.0,0.0,0.0,0.0,5.208333333333333,0.36638087806051367,0.0,161.98924870566304,9080.0,150.0,-0.0,0.0,9.858948001014799,1848.4809294527704,490.34572061344073,477.96655230669484,3212.4457263471454,21.98871280517949,0.0,476.96430600873106,86.13425307833782,97.0526795248877,41.666666666666664,12.37916830674588,191703555.20905304,95824833.33333333,10.0,1.0,7.853981633974483,20.0,2.5,98.17477042468104,8782.261557878492,9.610776124023438,9.85894800101479,50.0,12.131584940610962,2302.786376953125,426.2167428145695,5.208333333333333,0.36638087806051367,161.98924870566304
616,0.311235,1.0,1,575.3119620782329,0.0,0.0,0.0,0.0,0.0,590.1670691326349,0.0,14.855107054401799,1476.4636011731404,-0.0,0.0,9.610776124023438,12.181798392909895,0.0,279.0411813536836,8782.261557878492,9.610776124023438,9.85894800101479,50.0,12.131584940610962,2302.786376953125,12.131584940610962,86.13425307833782,86.13425307833782,0.0,0.0,5.208333333333333,0.36638087806051367,426.21674281456944,161.98924870566304,297.73844212150834,150.0,1.0,2.272636939596172,0.0,1848.4809294527704,490.34572061344073,477.96655230669484,3212.4457263471454,21.98871280517949,0.0,476.96430600873106,86.13425307833782,97.0526795248877,41.666666666666664,12.37916830674588,191703555.20905304,95824833.33333333,10.0,1.0,7.853981633974483,20.0,2.5,98.17477042468104,8782.261557878492,9.610776124023438,9.85894800101479,50.0,12.131584940610962,2302.786376953125,426.2167428145695,5.208333333333333,0.36638087806051367,161.98924870566304
617,0.312865,1.0,1,578.3249859932411,0.0,145.58384920518097,2.853443444421547,22.827547555372377,25.680990999793924,735.4655739933736,0.0,157.14058800013294,1311.0524559098426,-0.0,0.0,6.757332679601898,5.286560964744693,0.0,281.3024551087122,8782.261557878492,9.610776124023438,9.85894800101479,50.0,12.131584940610962,2302.786376953125,12.131584940610962,86.13425307833782,86.13425307833782,0.0,0.0,5.208333333333333,0.36638087806051367,426.21674281456944,161.98924870566304,297.73844212150834,150.0,1.0,2.272636939596172,0.0,1848.4809294527704,490.34572061344073,477.96655230669484,3212.4457263471454,21.98871280517949,0.0,476.96430600873106,86.13425307833782,97.0526795248877,41.666666666666664,12.37916830674588,191703555.20905304,95824833.33333333,10.0,1.0,7.853981633974483,20.0,2.5,98.17477042468104,8782.261557878492,9.610776124023438,9.85894800101479,50.0,12.131584940610962,2302.786376953125,426.2167428145695,5.208333333333333,0.36638087806051367,161.98924870566304
618,0.310377,1.0,1,573.7259654407626,0.0,490.34572061344056,9.610776124023435,76.88620899218748,86.49698511621091,1079.5517121336716,0.0,505.825746692909,778.6043014962543,-0.0,0.0,0.0,5.286560964744693,0.0,283.5637288636104,8782.261557878492,9.610776124023435,9.85894800101479,50.0,12.131584940610947,2302.786376953125,12.131584940610947,86.13425307833772,86.13425307833772,0.0,0.0,5.208333333333333,0.36638087806051367,426.21674281456814,161.98924870566304,297.73844212150834,150.0,1.0,2.27263693959615,0.0,1848.4809294527704,490.34572061344073,477.96655230669484,3212.4457263471454,21.98871280517949,0.0,476.96430600873106,86.13425307833782,97.0526795248877,41.666666666666664,12.37916830674588,191703555.20905304,95824833.33333333,10.0,1.0,7.853981633974483,20.0,2.5,98.17477042468104,8782.261557878492,9.610776124023438,9.85894800101479,50.0,12.131584940610962,2302.786376953125,426.2167428145695,5.208333333333333,0.36638087806051367,161.98924870566304
619,0.297276,1.0,1,549.5090167840017,0.0,490.34572061344085,9.61077612402344,76.88620899218752,86.49698511621096,1079.5517121336734,0.0,530.0426953496716,220.6646221808105,-0.0,0.0,0.0,5.286560964745473,0.0,285.82500261850856,8782.261557878492,9.610776124023438,9.85894800101479,50.0,12.131584940610962,2302.786376953125,12.131584940610962,86.13425307833782,86.13425307833782,0.0,0.0,5.208333333333333,0.36638087806051367,426.21674281456944,161.98924870566304,297.73844212150834,150.0,1.0,2.272636939596172,0.0,1848.4809294527704,490.34572061344073,477.96655230669484,3212.4457263471454,21.98871280517949,0.0,476.96430600873106,86.13425307833782,97.0526795248877,41.666666666666664,12.37916830674588,191703555.20905304,95824833.33333333,10.0,1.0,7.853981633974483,20.0,2.5,98.17477042468104,8782.261557878492,9.610776124023438,9.85894800101479,50.0,12.131584940610962,2302.786376953125,426.2167428145695,5.208333333333333,0.36638087806051367,161.98924870566304
620,0.278541,0.0,1,514.8777265707041,0.0,338.6147785460364,6.636849659502313,53.094797276018504,59.731646935520814,514.8777265707041,0.0,0.0,220.66462218081057,1.0,6.636849659502313,0.0,11.79067363105774,0.0,275.91651216522735,0.0,0.0,9.85894800101479,50.0,0.0,0.0,0.0,0.0,0.0,0.0,0.0,5.208333333333333,0.36638087806051367,0.0,161.98924870566304,9080.0,150.0,0.0,0.0,9.85894800101479,1848.4809294527704,490.34572061344073,477.96655230669484,3212.4457263471454,21.98871280517949,0.0,476.96430600873106,86.13425307833782,97.0526795248877,41.666666666666664,12.37916830674588,191703555.20905304,95824833.33333333,10.0,1.0,7.853981633974483,20.0,2.5,98.17477042468104,8782.261557878492,9.610776124023438,9.85894800101479,50.0,12.131584940610962,2302.786376953125,426.2167428145695,5.208333333333333,0.36638087806051367,161.98924870566304
621,0.250588,-0.0,1,463.20713914971077,0.0,288.89327409935305,5.66230817234732,45.29846537877856,50.96077355112588,463.2071391497107,0.0,0.0,220.66462218081057,1.0,5.66230817234732,0.0,17.339735639958114,0.0,266.0080217119461,0.0,0.0,9.85894800101479,50.0,0.0,0.0,0.0,0.0,0.0,0.0,0.0,5.208333333333333,0.36638087806051367,0.0,161.98924870566304,9080.0,150.0,-0.0,0.0,9.858948001014797,1848.4809294527704,490.34572061344073,477.96655230669484,3212.4457263471454,21.98871280517949,0.0,476.96430600873106,86.13425307833782,97.0526795248877,41.666666666666664,12.37916830674588,191703555.20905304,95824833.33333333,10.0,1.0,7.853981633974483,20.0,2.5,98.17477042468104,8782.261557878492,9.610776124023438,9.85894800101479,50.0,12.131584940610962,2302.786376953125,426.2167428145695,5.208333333333333,0.36638087806051367,161.98924870566304
622,0.205864,1.0,1,380.5356780608651,0.0,0.0,0.0,0.0,0.0,590.1670691326349,0.0,209.63139107177005,0.0,-0.0,0.0,9.610776124023442,7.532821227689295,0.0,268.2692954668443,8782.261557878492,9.610776124023438,9.85894800101479,50.0,12.131584940610962,2302.786376953125,12.131584940610962,86.13425307833782,86.13425307833782,0.0,0.0,5.208333333333333,0.36638087806051367,426.21674281456944,161.98924870566304,297.73844212150834,150.0,1.0,2.272636939596172,0.0,1848.4809294527704,490.34572061344073,477.96655230669484,3212.4457263471454,21.98871280517949,0.0,476.96430600873106,86.13425307833782,97.0526795248877,41.666666666666664,12.37916830674588,191703555.20905304,95824833.33333333,10.0,1.0,7.853981633974483,20.0,2.5,98.17477042468104,8782.261557878492,9.610776124023438,9.85894800101479,50.0,12.131584940610962,2302.786376953125,426.2167428145695,5.208333333333333,0.36638087806051367,161.98924870566304
623,0.159025,-0.0,1,293.9546798062268,0.0,126.025241628718,2.470094735922873,19.760757887382983,22.230852623305857,293.9546798062268,0.0,0.0,0.0,1.0,2.470094735922873,0.0,9.953514068893305,0.0,258.3608050135909,0.0,0.0,9.85894800101479,50.0,0.0,0.0,0.0,0.0,0.0,0.0,0.0,5.208333333333333,0.36638087806051367,0.0,161.98924870566304,9080.0,150.0,-0.0,0.0,9.85894800101479,1848.4809294527704,490.34572061344073,477.96655230669484,3212.4457263471454,21.98871280517949,0.0,476.96430600873106,86.13425307833782,97.0526795248877,41.666666666666664,12.37916830674588,191703555.20905304,95824833.33333333,10.0,1.0,7.853981633974483,20.0,2.5,98.17477042468104,8782.261557878492,9.610776124023438,9.85894800101479,50.0,12.131584940610962,2302.786376953125,426.2167428145695,5.208333333333333,0.36638087806051367,161.98924870566304
624,0.611789,1.0,1,1130.880299348981,0.0,490.34572061344085,9.61077612402344,76.88620899218752,86.49698511621096,1130.8802993489812,51.32858721530931,0.0,48.762157854543844,0.0,0.0,0.0,9.95351406889228,0.0,260.62207876848305,8782.261557878492,9.610776124023445,9.85894800101479,50.0,12.131584940610947,2302.786376953125,12.131584940610947,86.13425307833772,86.13425307833772,0.0,0.0,5.208333333333333,0.36638087806051367,426.21674281456814,161.98924870566304,297.73844212150834,150.0,1.0,2.27263693959615,0.0,1848.4809294527704,490.34572061344073,477.96655230669484,3212.4457263471454,21.98871280517949,0.0,476.96430600873106,86.13425307833782,97.0526795248877,41.666666666666664,12.37916830674588,191703555.20905304,95824833.33333333,10.0,1.0,7.853981633974483,20.0,2.5,98.17477042468104,8782.261557878492,9.610776124023438,9.85894800101479,50.0,12.131584940610962,2302.786376953125,426.2167428145695,5.208333333333333,0.36638087806051367,161.98924870566304
625,0.621332,1.0,1,1148.5203528587488,0.0,490.34572061344073,9.610776124023438,76.8862089921875,86.49698511621094,1080.6299326849883,1.078220551314984,0.0,49.78646737829308,1.0,0.0,0.0,9.95351406889228,0.0,262.88335252338123,8782.261557878492,9.610776124023438,9.85894800101479,50.0,12.131584940610962,2302.786376953125,12.131584940610962,86.13425307833782,86.13425307833782,0.0,0.0,5.208333333333333,0.36638087806051367,426.21674281456944,161.98924870566304,297.73844212150834,150.0,1.0,2.272636939596172,0.0,1848.4809294527704,490.34572061344073,477.96655230669484,3212.4457263471454,21.98871280517949,0.0,476.96430600873106,86.13425307833782,97.0526795248877,41.666666666666664,12.37916830674588,191703555.20905304,95824833.33333333,10.0,1.0,7.853981633974483,20.0,2.5,98.17477042468104,8782.261557878492,9.610776124023438,9.85894800101479,50.0,12.131584940610962,2302.786376953125,426.2167428145695,5.208333333333333,0.36638087806051367,161.98924870566304
626,0.6138709999999999,1.0,1,1134.7288366441014,0.0,490.34572061344073,9.610776124023438,76.8862089921875,86.49698511621094,1079.5517121336734,0.0,0.0,49.78646737829308,1.0,0.0,0.0,9.95351406889228,0.0,265.1446262780917,8782.261557878492,9.610776124023438,9.85894800101479,50.0,12.131584940610962,2302.786376953125,12.131584940610962,86.13425307833782,86.13425307833782,0.0,0.0,5.208333333333333,0.36638087806051367,426.21674281456944,161.98924870566304,297.73844212150834,150.0,1.0,2.272636939596172,0.0,1848.4809294527704,490.34572061344073,477.96655230669484,3212.4457263471454,21.98871280517949,0.0,476.96430600873106,86.13425307833782,97.0526795248877,41.666666666666664,12.37916830674588,191703555.20905304,95824833.33333333,10.0,1.0,7.853981633974483,20.0,2.5,98.17477042468104,8782.261557878492,9.610776124023438,9.85894800101479,50.0,12.131584940610962,2302.786376953125,426.2167428145695,5.208333333333333,0.36638087806051367,161.98924870566304
627,0.588434,1.0,1,1087.7090272416115,0.0,490.34572061344085,9.61077612402344,76.88620899218752,86.49698511621096,1079.5517121336707,0.0,0.0,49.78646737829308,0.0,0.0,0.0,9.953514068893305,0.0,267.4059000329899,8782.261557878492,9.610776124023435,9.85894800101479,50.0,12.131584940610937,2302.786376953125,12.131584940610937,86.13425307833765,86.13425307833771,0.0,0.0,5.208333333333333,0.36638087806051367,426.21674281456677,161.98924870566304,297.73844212150834,150.0,1.0,2.2726369395961394,0.0,1848.4809294527704,490.34572061344073,477.96655230669484,3212.4457263471454,21.98871280517949,0.0,476.96430600873106,86.13425307833782,97.0526795248877,41.666666666666664,12.37916830674588,191703555.20905304,95824833.33333333,10.0,1.0,7.853981633974483,20.0,2.5,98.17477042468104,8782.261557878492,9.610776124023438,9.85894800101479,50.0,12.131584940610962,2302.786376953125,426.2167428145695,5.208333333333333,0.36638087806051367,161.98924870566304
628,0.569667,1.0,1,1053.0185856385715,0.0,490.34572061344073,9.610776124023438,76.8862089921875,86.49698511621094,1079.5517121336734,0.0,26.53312649509843,21.85686054134737,1.0,0.0,0.0,9.953514068893305,0.0,269.6671737878881,8782.261557878492,9.610776124023438,9.85894800101479,50.0,12.131584940610962,2302.786376953125,12.131584940610962,86.13425307833782,86.13425307833782,0.0,0.0,5.208333333333333,0.36638087806051367,426.21674281456944,161.98924870566304,297.73844212150834,150.0,1.0,2.272636939596172,0.0,1848.4809294527704,490.34572061344073,477.96655230669484,3212.4457263471454,21.98871280517949,0.0,476.96430600873106,86.13425307833782,97.0526795248877,41.666666666666664,12.37916830674588,191703555.20905304,95824833.33333333,10.0,1.0,7.853981633974483,20.0,2.5,98.17477042468104,8782.261557878492,9.610776124023438,9.85894800101479,50.0,12.131584940610962,2302.786376953125,426.2167428145695,5.208333333333333,0.36638087806051367,161.98924870566304
629,0.572788,1.0,1,1058.7876946193933,0.0,490.34572061344073,9.610776124023438,76.8862089921875,86.49698511621094,1079.5517121336734,0.0,20.76401751428,0.0,1.0,0.0,0.0,9.953514068893305,0.0,271.9284475427863,8782.261557878492,9.610776124023438,9.85894800101479,50.0,12.131584940610962,2302.786376953125,12.131584940610962,86.13425307833782,86.13425307833782,0.0,0.0,5.208333333333333,0.36638087806051367,426.21674281456944,161.98924870566304,297.73844212150834,150.0,1.0,2.272636939596172,0.0,1848.4809294527704,490.34572061344073,477.96655230669484,3212.4457263471454,21.98871280517949,0.0,476.96430600873106,86.13425307833782,97.0526795248877,41.666666666666664,12.37916830674588,191703555.20905304,95824833.33333333,10.0,1.0,7.853981633974483,20.0,2.5,98.17477042468104,8782.261557878492,9.610776124023438,9.85894800101479,50.0,12.131584940610962,2302.786376953125,426.2167428145695,5.208333333333333,0.36638087806051367,161.98924870566304
630,0.627623,1.0,1,1160.149146385936,0.0,490.34572061344085,9.61077612402344,76.88620899218752,86.49698511621096,1160.1491463859363,80.59743425226242,0.0,76.56756253964929,1.0,0.0,0.0,9.953514068893305,0.0,274.18972129768446,8782.261557878492,9.61077612402344,9.85894800101479,50.0,12.131584940610974,2302.786376953125,12.131584940610974,86.1342530783379,86.13425307833784,0.0,0.0,5.208333333333333,0.36638087806051367,426.2167428145698,161.98924870566304,297.73844212150834,150.0,1.0,2.272636939596173,0.0,1848.4809294527704,490.34572061344073,477.96655230669484,3212.4457263471454,21.98871280517949,0.0,476.96430600873106,86.13425307833782,97.0526795248877,41.666666666666664,12.37916830674588,191703555.20905304,95824833.33333333,10.0,1.0,7.853981633974483,20.0,2.5,98.17477042468104,8782.261557878492,9.610776124023438,9.85894800101479,50.0,12.131584940610962,2302.786376953125,426.2167428145695,5.208333333333333,0.36638087806051367,161.98924870566304
631,0.689155,1.0,1,1273.889874937024,0.0,490.34572061344085,9.61077612402344,76.88620899218752,86.49698511621096,1273.8898749370242,194.33816280335077,0.0,261.18881720283247,1.0,0.0,0.0,9.953514068893305,0.0,276.45099505258264,8782.261557878492,9.61077612402344,9.85894800101479,50.0,12.131584940610953,2302.786376953125,12.131584940610953,86.13425307833776,86.13425307833782,0.0,0.0,5.208333333333333,0.36638087806051367,426.21674281456944,161.98924870566304,297.73844212150834,150.0,1.0,2.2726369395961554,0.0,1848.4809294527704,490.34572061344073,477.96655230669484,3212.4457263471454,21.98871280517949,0.0,476.96430600873106,86.13425307833782,97.0526795248877,41.666666666666664,12.37916830674588,191703555.20905304,95824833.33333333,10.0,1.0,7.853981633974483,20.0,2.5,98.17477042468104,8782.261557878492,9.610776124023438,9.85894800101479,50.0,12.131584940610962,2302.786376953125,426.2167428145695,5.208333333333333,0.36638087806051367,161.98924870566304
632,0.723642,1.0,1,1337.6384367510616,0.0,490.34572061344073,9.610776124023438,76.8862089921875,86.49698511621094,1337.6384367510618,258.0867246173884,0.0,506.37120558935146,1.0,0.0,0.0,9.953514068893305,0.0,278.7122688074808,8782.261557878492,9.610776124023438,9.85894800101479,50.0,12.131584940610962,2302.786376953125,12.131584940610962,86.13425307833782,86.13425307833782,0.0,0.0,5.208333333333333,0.36638087806051367,426.21674281456944,161.98924870566304,297.73844212150834,150.0,1.0,2.272636939596172,0.0,1848.4809294527704,490.34572061344073,477.96655230669484,3212.4457263471454,21.98871280517949,0.0,476.96430600873106,86.13425307833782,97.0526795248877,41.666666666666664,12.37916830674588,191703555.20905304,95824833.33333333,10.0,1.0,7.853981633974483,20.0,2.5,98.17477042468104,8782.261557878492,9.610776124023438,9.85894800101479,50.0,12.131584940610962,2302.786376953125,426.2167428145695,5.208333333333333,0.36638087806051367,161.98924870566304
633,0.72492,1.0,1,1340.0007953789022,0.0,490.34572061344085,9.61077612402344,76.88620899218752,86.49698511621096,1325.905520970074,246.35380883640056,0.0,740.407323983932,1.0,0.0,0.0,9.953514068893305,0.0,280.973542562379,8782.261557878492,9.61077612402344,9.85894800101479,50.0,12.131584940610978,2302.786376953125,12.131584940610978,86.13425307833793,86.13425307833784,0.0,0.0,5.208333333333333,0.36638087806051367,426.2167428145695,161.98924870566304,297.73844212150834,150.0,1.0,2.2726369395961767,0.0,1848.4809294527704,490.34572061344073,477.96655230669484,3212.4457263471454,21.98871280517949,0.0,476.96430600873106,86.13425307833782,97.0526795248877,41.666666666666664,12.37916830674588,191703555.20905304,95824833.33333333,10.0,1.0,7.853981633974483,20.0,2.5,98.17477042468104,8782.261557878492,9.610776124023438,9.85894800101479,50.0,12.131584940610962,2302.786376953125,426.2167428145695,5.208333333333333,0.36638087806051367,161.98924870566304
634,0.7188490000000001,1.0,1,1328.7786676561948,0.0,490.34572061344085,9.61077612402344,76.88620899218752,86.49698511621096,1079.5517121336734,0.0,0.0,740.407323983932,1.0,0.0,0.0,9.953514068893305,0.0,283.2348163172772,8782.261557878492,9.61077612402344,9.85894800101479,50.0,12.131584940610962,2302.786376953125,12.131584940610962,86.13425307833782,86.13425307833782,0.0,0.0,5.208333333333333,0.36638087806051367,426.21674281456944,161.98924870566304,297.73844212150834,150.0,1.0,2.272636939596166,0.0,1848.4809294527704,490.34572061344073,477.96655230669484,3212.4457263471454,21.98871280517949,0.0,476.96430600873106,86.13425307833782,97.0526795248877,41.666666666666664,12.37916830674588,191703555.20905304,95824833.33333333,10.0,1.0,7.853981633974483,20.0,2.5,98.17477042468104,8782.261557878492,9.610776124023438,9.85894800101479,50.0,12.131584940610962,2302.786376953125,426.2167428145695,5.208333333333333,0.36638087806051367,161.98924870566304
635,0.717778,1.0,1,1326.7989445807507,0.0,490.34572061344073,9.610776124023438,76.8862089921875,86.49698511621094,1326.7989445807525,247.247232447079,0.0,975.2921948086571,0.0,0.0,0.0,9.953514068893305,0.0,285.4960900721754,8782.261557878492,9.610776124023438,9.85894800101479,50.0,12.131584940610962,2302.786376953125,12.131584940610962,86.13425307833782,86.13425307833782,0.0,0.0,5.208333333333333,0.36638087806051367,426.21674281456944,161.98924870566304,297.73844212150834,150.0,1.0,2.272636939596172,0.0,1848.4809294527704,490.34572061344073,477.96655230669484,3212.4457263471454,21.98871280517949,0.0,476.96430600873106,86.13425307833782,97.0526795248877,41.666666666666664,12.37916830674588,191703555.20905304,95824833.33333333,10.0,1.0,7.853981633974483,20.0,2.5,98.17477042468104,8782.261557878492,9.610776124023438,9.85894800101479,50.0,12.131584940610962,2302.786376953125,426.2167428145695,5.208333333333333,0.36638087806051367,161.98924870566304
636,0.695982,1.0,1,1286.509454242398,0.0,490.34572061344073,9.610776124023438,76.8862089921875,86.49698511621094,1286.5094542423967,206.9577421087247,0.0,1171.9020498119455,1.0,0.0,0.0,9.953514068893305,0.0,287.75736382707356,8782.261557878492,9.610776124023438,9.85894800101479,50.0,12.131584940610947,2302.786376953125,12.131584940610947,86.13425307833772,86.13425307833772,0.0,0.0,5.208333333333333,0.36638087806051367,426.21674281456814,161.98924870566304,297.73844212150834,150.0,1.0,2.27263693959615,0.0,1848.4809294527704,490.34572061344073,477.96655230669484,3212.4457263471454,21.98871280517949,0.0,476.96430600873106,86.13425307833782,97.0526795248877,41.666666666666664,12.37916830674588,191703555.20905304,95824833.33333333,10.0,1.0,7.853981633974483,20.0,2.5,98.17477042468104,8782.261557878492,9.610776124023438,9.85894800101479,50.0,12.131584940610962,2302.786376953125,426.2167428145695,5.208333333333333,0.36638087806051367,161.98924870566304
637,0.6342949999999999,1.0,1,1172.482211147245,0.0,490.34572061344085,9.61077612402344,76.88620899218752,86.49698511621096,1079.551712133672,0.0,0.0,1171.9020498119455,1.0,0.0,0.0,9.953514068893305,0.0,290.01863758197175,8782.261557878492,9.61077612402344,9.85894800101479,50.0,12.131584940610962,2302.786376953125,12.131584940610962,86.13425307833782,86.13425307833782,0.0,0.0,5.208333333333333,0.36638087806051367,426.21674281456814,161.98924870566304,297.73844212150834,150.0,1.0,2.272636939596166,0.0,1848.4809294527704,490.34572061344073,477.96655230669484,3212.4457263471454,21.98871280517949,0.0,476.96430600873106,86.13425307833782,97.0526795248877,41.666666666666664,12.37916830674588,191703555.20905304,95824833.33333333,10.0,1.0,7.853981633974483,20.0,2.5,98.17477042468104,8782.261557878492,9.610776124023438,9.85894800101479,50.0,12.131584940610962,2302.786376953125,426.2167428145695,5.208333333333333,0.36638087806051367,161.98924870566304
638,0.57137,1.0,1,1056.1665486614295,0.0,490.34572061344073,9.610776124023438,76.8862089921875,86.49698511621094,1079.5517121336734,0.0,23.385163472242482,1147.2860882622165,1.0,0.0,0.0,9.953514068893305,0.0,292.27991133686993,8782.261557878492,9.610776124023438,9.85894800101479,50.0,12.131584940610962,2302.786376953125,12.131584940610962,86.13425307833782,86.13425307833782,0.0,0.0,5.208333333333333,0.36638087806051367,426.21674281456944,161.98924870566304,297.73844212150834,150.0,1.0,2.272636939596172,0.0,1848.4809294527704,490.34572061344073,477.96655230669484,3212.4457263471454,21.98871280517949,0.0,476.96430600873106,86.13425307833782,97.0526795248877,41.666666666666664,12.37916830674588,191703555.20905304,95824833.33333333,10.0,1.0,7.853981633974483,20.0,2.5,98.17477042468104,8782.261557878492,9.610776124023438,9.85894800101479,50.0,12.131584940610962,2302.786376953125,426.2167428145695,5.208333333333333,0.36638087806051367,161.98924870566304
639,0.4662559999999999,1.0,1,861.8653242429307,0.0,490.34572061344073,9.610776124023438,76.8862089921875,86.49698511621094,1079.5517121336734,0.0,217.6863878907426,918.1425220614349,0.0,0.0,0.0,9.953514068893305,0.0,294.5411850917681,8782.261557878492,9.610776124023438,9.85894800101479,50.0,12.131584940610962,2302.786376953125,12.131584940610962,86.13425307833782,86.13425307833782,0.0,0.0,5.208333333333333,0.36638087806051367,426.21674281456944,161.98924870566304,297.73844212150834,150.0,1.0,2.272636939596172,0.0,1848.4809294527704,490.34572061344073,477.96655230669484,3212.4457263471454,21.98871280517949,0.0,476.96430600873106,86.13425307833782,97.0526795248877,41.666666666666664,12.37916830674588,191703555.20905304,95824833.33333333,10.0,1.0,7.853981633974483,20.0,2.5,98.17477042468104,8782.261557878492,9.610776124023438,9.85894800101479,50.0,12.131584940610962,2302.786376953125,426.2167428145695,5.208333333333333,0.36638087806051367,161.98924870566304
640,0.38763,1.0,1,716.5266626837773,0.0,490.34572061344085,9.61077612402344,76.88620899218752,86.49698511621096,1079.5517121336734,0.0,363.0250494498941,536.0108910615463,0.0,0.0,0.0,9.953514068892893,0.0,296.8024588466663,8782.261557878492,9.610776124023438,9.85894800101479,50.0,12.131584940610962,2302.786376953125,12.131584940610962,86.13425307833782,86.13425307833782,0.0,0.0,5.208333333333333,0.36638087806051367,426.21674281456944,161.98924870566304,297.73844212150834,150.0,1.0,2.272636939596172,0.0,1848.4809294527704,490.34572061344073,477.96655230669484,3212.4457263471454,21.98871280517949,0.0,476.96430600873106,86.13425307833782,97.0526795248877,41.666666666666664,12.37916830674588,191703555.20905304,95824833.33333333,10.0,1.0,7.853981633974483,20.0,2.5,98.17477042468104,8782.261557878492,9.610776124023438,9.85894800101479,50.0,12.131584940610962,2302.786376953125,426.2167428145695,5.208333333333333,0.36638087806051367,161.98924870566304
641,0.399028,1.0,1,737.59564831768,0.0,490.34572061344085,9.61077612402344,76.88620899218752,86.49698511621096,1079.5517121336734,0.0,341.9560638159933,176.05713967629026,0.0,0.0,0.0,9.953514068892893,0.0,299.0637326015645,8782.261557878492,9.610776124023438,9.85894800101479,50.0,12.131584940610962,2302.786376953125,12.131584940610962,86.13425307833782,86.13425307833782,0.0,0.0,5.208333333333333,0.36638087806051367,426.21674281456944,161.98924870566304,297.73844212150834,150.0,1.0,2.272636939596172,0.0,1848.4809294527704,490.34572061344073,477.96655230669484,3212.4457263471454,21.98871280517949,0.0,476.96430600873106,86.13425307833782,97.0526795248877,41.666666666666664,12.37916830674588,191703555.20905304,95824833.33333333,10.0,1.0,7.853981633974483,20.0,2.5,98.17477042468104,8782.261557878492,9.610776124023438,9.85894800101479,50.0,12.131584940610962,2302.786376953125,426.2167428145695,5.208333333333333,0.36638087806051367,161.98924870566304
642,0.493539,1.0,1,912.2974294411908,0.0,490.34572061344085,9.61077612402344,76.88620899218752,86.49698511621096,1079.5517121336734,0.0,167.25428269247575,0.0,0.0,0.0,0.0,9.953514068892893,0.0,301.32500635646267,8782.261557878492,9.610776124023438,9.85894800101479,50.0,12.131584940610962,2302.786376953125,12.131584940610962,86.13425307833782,86.13425307833782,0.0,0.0,5.208333333333333,0.36638087806051367,426.21674281456944,161.98924870566304,297.73844212150834,150.0,1.0,2.272636939596172,0.0,1848.4809294527704,490.34572061344073,477.96655230669484,3212.4457263471454,21.98871280517949,0.0,476.96430600873106,86.13425307833782,97.0526795248877,41.666666666666664,12.37916830674588,191703555.20905304,95824833.33333333,10.0,1.0,7.853981633974483,20.0,2.5,98.17477042468104,8782.261557878492,9.610776124023438,9.85894800101479,50.0,12.131584940610962,2302.786376953125,426.2167428145695,5.208333333333333,0.36638087806051367,161.98924870566304
643,0.607595,1.0,1,1123.127770330856,0.0,490.345720613441,9.610776124023444,76.88620899218755,86.496985116211,1079.5517121336707,0.0,0.0,0.0,1.0,0.0,0.0,9.953514068892893,0.0,303.586280111398,8782.261557878492,9.610776124023444,9.85894800101479,50.0,12.131584940655232,2302.786376953125,12.131584940655232,86.13425307865214,86.13425307833784,0.0,0.0,5.208333333333333,0.36638087806051367,426.21674281456677,161.98924870566304,297.73844212150834,150.0,1.0,2.2726369396404342,0.0,1848.4809294527704,490.34572061344073,477.96655230669484,3212.4457263471454,21.98871280517949,0.0,476.96430600873106,86.13425307833782,97.0526795248877,41.666666666666664,12.37916830674588,191703555.20905304,95824833.33333333,10.0,1.0,7.853981633974483,20.0,2.5,98.17477042468104,8782.261557878492,9.610776124023438,9.85894800101479,50.0,12.131584940610962,2302.786376953125,426.2167428145695,5.208333333333333,0.36638087806051367,161.98924870566304
644,0.6603289999999999,1.0,1,1220.6055636646183,0.0,490.34572061344085,9.61077612402344,76.88620899218752,86.49698511621096,1220.6055636646165,141.05385153094448,0.0,134.00115895439725,1.0,0.0,0.0,9.953514068892895,0.0,305.84755386629234,8782.261557878492,9.61077612402344,9.85894800101479,50.0,12.131584940610947,2302.786376953125,12.131584940610947,86.13425307833772,86.13425307833772,0.0,0.0,5.208333333333333,0.36638087806051367,426.21674281456814,161.98924870566304,297.73844212150834,150.0,1.0,2.272636939596152,0.0,1848.4809294527704,490.34572061344073,477.96655230669484,3212.4457263471454,21.98871280517949,0.0,476.96430600873106,86.13425307833782,97.0526795248877,41.666666666666664,12.37916830674588,191703555.20905304,95824833.33333333,10.0,1.0,7.853981633974483,20.0,2.5,98.17477042468104,8782.261557878492,9.610776124023438,9.85894800101479,50.0,12.131584940610962,2302.786376953125,426.2167428145695,5.208333333333333,0.36638087806051367,161.98924870566304
645,0.694013,1.0,1,1282.8697952923055,0.0,490.34572061344073,9.610776124023438,76.8862089921875,86.49698511621094,1079.5517121336734,0.0,0.0,134.00115895439725,1.0,0.0,0.0,9.953514068892895,0.0,308.1088276211905,8782.261557878492,9.610776124023438,9.85894800101479,50.0,12.131584940610962,2302.786376953125,12.131584940610962,86.13425307833782,86.13425307833782,0.0,0.0,5.208333333333333,0.36638087806051367,426.21674281456944,161.98924870566304,297.73844212150834,150.0,1.0,2.272636939596172,0.0,1848.4809294527704,490.34572061344073,477.96655230669484,3212.4457263471454,21.98871280517949,0.0,476.96430600873106,86.13425307833782,97.0526795248877,41.666666666666664,12.37916830674588,191703555.20905304,95824833.33333333,10.0,1.0,7.853981633974483,20.0,2.5,98.17477042468104,8782.261557878492,9.610776124023438,9.85894800101479,50.0,12.131584940610962,2302.786376953125,426.2167428145695,5.208333333333333,0.36638087806051367,161.98924870566304
646,0.686929,1.0,1,1269.7751563880622,0.0,490.34572061344085,9.61077612402344,76.88620899218752,86.49698511621096,1269.7751563880652,190.22344425439132,0.0,314.713430996069,1.0,0.0,0.0,9.953514068892895,0.0,310.3701013760887,8782.261557878492,9.61077612402344,9.85894800101479,50.0,12.131584940610974,2302.786376953125,12.131584940610974,86.1342530783379,86.13425307833784,0.0,0.0,5.208333333333333,0.36638087806051367,426.2167428145698,161.98924870566304,297.73844212150834,150.0,1.0,2.272636939596173,0.0,1848.4809294527704,490.34572061344073,477.96655230669484,3212.4457263471454,21.98871280517949,0.0,476.96430600873106,86.13425307833782,97.0526795248877,41.666666666666664,12.37916830674588,191703555.20905304,95824833.33333333,10.0,1.0,7.853981633974483,20.0,2.5,98.17477042468104,8782.261557878492,9.610776124023438,9.85894800101479,50.0,12.131584940610962,2302.786376953125,426.2167428145695,5.208333333333333,0.36638087806051367,161.98924870566304
647,0.659163,1.0,1,1218.4502349008767,0.0,490.34572061344073,9.610776124023438,76.8862089921875,86.49698511621094,1079.5517121336734,0.0,127.30110100667115,180.71227204167832,1.0,0.0,0.0,9.953514068892895,0.0,312.6313751314313,8782.261557878492,9.610776124023438,9.85894800101479,50.0,12.131584940610962,2302.786376953125,12.131584940610962,86.13425307833782,86.13425307833782,0.0,0.0,5.208333333333333,0.36638087806051367,426.21674281456944,161.98924870566304,297.73844212150834,150.0,1.0,2.272636939596172,0.0,1848.4809294527704,490.34572061344073,477.96655230669484,3212.4457263471454,21.98871280517949,0.0,476.96430600873106,86.13425307833782,97.0526795248877,41.666666666666664,12.37916830674588,191703555.20905304,95824833.33333333,10.0,1.0,7.853981633974483,20.0,2.5,98.17477042468104,8782.261557878492,9.610776124023438,9.85894800101479,50.0,12.131584940610962,2302.786376953125,426.2167428145695,5.208333333333333,0.36638087806051367,161.98924870566304
648,0.8204,1.0,1,1516.4937545230528,0.0,490.34572061344073,9.610776124023438,76.8862089921875,86.49698511621094,1516.4937545230528,436.94204238937937,0.0,595.8072123115887,1.0,0.0,0.0,9.953514068892895,0.0,314.8926488863295,8782.261557878492,9.610776124023438,9.85894800101479,50.0,12.131584940610962,2302.786376953125,12.131584940610962,86.13425307833782,86.13425307833782,0.0,0.0,5.208333333333333,0.36638087806051367,426.2167428145695,161.98924870566304,297.73844212150834,150.0,1.0,2.2726369395961656,0.0,1848.4809294527704,490.34572061344073,477.96655230669484,3212.4457263471454,21.98871280517949,0.0,476.96430600873106,86.13425307833782,97.0526795248877,41.666666666666664,12.37916830674588,191703555.20905304,95824833.33333333,10.0,1.0,7.853981633974483,20.0,2.5,98.17477042468104,8782.261557878492,9.610776124023438,9.85894800101479,50.0,12.131584940610962,2302.786376953125,426.2167428145695,5.208333333333333,0.36638087806051367,161.98924870566304
649,0.818855,1.0,1,1513.6378514870482,0.0,490.34572061344073,9.610776124023438,76.8862089921875,86.49698511621094,1377.8685575207885,298.31684538711517,0.0,879.2082154293481,1.0,0.0,0.0,9.953514068892895,0.0,317.15392264122767,8782.261557878492,9.610776124023438,9.85894800101479,50.0,12.131584940610962,2302.786376953125,12.131584940610962,86.13425307833782,86.13425307833782,0.0,0.0,5.208333333333333,0.36638087806051367,426.2167428145695,161.98924870566304,297.73844212150834,150.0,1.0,2.2726369395961656,0.0,1848.4809294527704,490.34572061344073,477.96655230669484,3212.4457263471454,21.98871280517949,0.0,476.96430600873106,86.13425307833782,97.0526795248877,41.666666666666664,12.37916830674588,191703555.20905304,95824833.33333333,10.0,1.0,7.853981633974483,20.0,2.5,98.17477042468104,8782.261557878492,9.610776124023438,9.85894800101479,50.0,12.131584940610962,2302.786376953125,426.2167428145695,5.208333333333333,0.36638087806051367,161.98924870566304
650,0.7974600000000001,1.0,1,1474.0896020014063,0.0,490.34572061344073,9.610776124023438,76.8862089921875,86.49698511621094,1079.5517121336734,0.0,0.0,879.2082154293481,1.0,0.0,0.0,9.953514068892895,0.0,319.41519639612585,8782.261557878492,9.610776124023438,9.85894800101479,50.0,12.131584940610962,2302.786376953125,12.131584940610962,86.13425307833782,86.13425307833782,0.0,0.0,5.208333333333333,0.36638087806051367,426.2167428145695,161.98924870566304,297.73844212150834,150.0,1.0,2.2726369395961656,0.0,1848.4809294527704,490.34572061344073,477.96655230669484,3212.4457263471454,21.98871280517949,0.0,476.96430600873106,86.13425307833782,97.0526795248877,41.666666666666664,12.37916830674588,191703555.20905304,95824833.33333333,10.0,1.0,7.853981633974483,20.0,2.5,98.17477042468104,8782.261557878492,9.610776124023438,9.85894800101479,50.0,12.131584940610962,2302.786376953125,426.2167428145695,5.208333333333333,0.36638087806051367,161.98924870566304
651,0.762506,1.0,1,1409.477799593314,0.0,490.34572061344073,9.610776124023438,76.8862089921875,86.49698511621094,1079.5517121336734,0.0,0.0,879.2082154293481,1.0,0.0,0.0,9.953514068892895,0.0,321.67647015102403,8782.261557878492,9.610776124023438,9.85894800101479,50.0,12.131584940610962,2302.786376953125,12.131584940610962,86.13425307833782,86.13425307833782,0.0,0.0,5.208333333333333,0.36638087806051367,426.2167428145695,161.98924870566304,297.73844212150834,150.0,1.0,2.2726369395961656,0.0,1848.4809294527704,490.34572061344073,477.96655230669484,3212.4457263471454,21.98871280517949,0.0,476.96430600873106,86.13425307833782,97.0526795248877,41.666666666666664,12.37916830674588,191703555.20905304,95824833.33333333,10.0,1.0,7.853981633974483,20.0,2.5,98.17477042468104,8782.261557878492,9.610776124023438,9.85894800101479,50.0,12.131584940610962,2302.786376953125,426.2167428145695,5.208333333333333,0.36638087806051367,161.98924870566304
652,0.750122,1.0,1,1386.586211762971,0.0,490.34572061344073,9.610776124023438,76.8862089921875,86.49698511621094,1079.5517121336734,0.0,0.0,879.2082154293482,1.0,0.0,0.0,9.953514068892895,0.0,323.9377439059222,8782.261557878492,9.610776124023438,9.85894800101479,50.0,12.131584940610962,2302.786376953125,12.131584940610962,86.13425307833782,86.13425307833782,0.0,0.0,5.208333333333333,0.36638087806051367,426.2167428145695,161.98924870566304,297.73844212150834,150.0,1.0,2.2726369395961656,0.0,1848.4809294527704,490.34572061344073,477.96655230669484,3212.4457263471454,21.98871280517949,0.0,476.96430600873106,86.13425307833782,97.0526795248877,41.666666666666664,12.37916830674588,191703555.20905304,95824833.33333333,10.0,1.0,7.853981633974483,20.0,2.5,98.17477042468104,8782.261557878492,9.610776124023438,9.85894800101479,50.0,12.131584940610962,2302.786376953125,426.2167428145695,5.208333333333333,0.36638087806051367,161.98924870566304
653,0.781062,1.0,1,1443.7782117202398,0.0,490.34572061344073,9.610776124023438,76.8862089921875,86.49698511621094,1165.6859652120113,0.0,835.2478046578809,0.0,1.0,0.0,0.0,9.953514068892895,0.0,326.1990176608204,8782.261557878492,9.610776124023438,9.85894800101479,50.0,12.131584940610962,2302.786376953125,12.131584940610962,86.13425307833782,0.0,86.13425307833782,86.13425307833782,5.208333333333333,0.36638087806051367,426.2167428145695,161.98924870566304,297.73844212150834,150.0,1.0,2.2726369395961656,0.0,1848.4809294527704,490.34572061344073,477.96655230669484,3212.4457263471454,21.98871280517949,0.0,476.96430600873106,86.13425307833782,97.0526795248877,41.666666666666664,12.37916830674588,191703555.20905304,95824833.33333333,10.0,1.0,7.853981633974483,20.0,2.5,98.17477042468104,8782.261557878492,9.610776124023438,9.85894800101479,50.0,12.131584940610962,2302.786376953125,426.2167428145695,5.208333333333333,0.36638087806051367,161.98924870566304
654,0.810437,1.0,1,1498.0773390229149,0.0,490.34572061344073,9.610776124023438,76.8862089921875,86.49698511621094,1079.5517121336734,0.0,0.0,0.0,1.0,0.0,0.0,9.953514068892895,0.0,328.4602914157186,8782.261557878492,9.610776124023438,9.85894800101479,50.0,12.131584940610962,2302.786376953125,12.131584940610962,86.13425307833782,86.13425307833782,0.0,0.0,5.208333333333333,0.36638087806051367,426.2167428145695,161.98924870566304,297.73844212150834,150.0,1.0,2.2726369395961656,0.0,1848.4809294527704,490.34572061344073,477.96655230669484,3212.4457263471454,21.98871280517949,0.0,476.96430600873106,86.13425307833782,97.0526795248877,41.666666666666664,12.37916830674588,191703555.20905304,95824833.33333333,10.0,1.0,7.853981633974483,20.0,2.5,98.17477042468104,8782.261557878492,9.610776124023438,9.85894800101479,50.0,12.131584940610962,2302.786376953125,426.2167428145695,5.208333333333333,0.36638087806051367,161.98924870566304
655,0.8366509999999999,1.0,1,1546.5334181075896,0.0,490.34572061344073,9.610776124023438,76.8862089921875,86.49698511621094,1546.5334181075896,466.9817059739163,0.0,443.63262067522044,1.0,0.0,0.0,9.953514068892895,0.0,330.72156517061677,8782.261557878492,9.610776124023438,9.85894800101479,50.0,12.131584940610962,2302.786376953125,12.131584940610962,86.13425307833782,86.13425307833782,0.0,0.0,5.208333333333333,0.36638087806051367,426.2167428145695,161.98924870566304,297.73844212150834,150.0,1.0,2.2726369395961656,0.0,1848.4809294527704,490.34572061344073,477.96655230669484,3212.4457263471454,21.98871280517949,0.0,476.96430600873106,86.13425307833782,97.0526795248877,41.666666666666664,12.37916830674588,191703555.20905304,95824833.33333333,10.0,1.0,7.853981633974483,20.0,2.5,98.17477042468104,8782.261557878492,9.610776124023438,9.85894800101479,50.0,12.131584940610962,2302.786376953125,426.2167428145695,5.208333333333333,0.36638087806051367,161.98924870566304
656,0.872026,1.0,1,1611.9234309869814,0.0,490.34572061344073,9.610776124023438,76.8862089921875,86.49698511621094,1532.1797455115197,452.6280333778463,0.0,873.6292523841744,1.0,0.0,0.0,9.953514068892895,0.0,332.98283892551495,8782.261557878492,9.610776124023438,9.85894800101479,50.0,12.131584940610962,2302.786376953125,12.131584940610962,86.13425307833782,86.13425307833782,0.0,0.0,5.208333333333333,0.36638087806051367,426.2167428145695,161.98924870566304,297.73844212150834,150.0,1.0,2.2726369395961656,0.0,1848.4809294527704,490.34572061344073,477.96655230669484,3212.4457263471454,21.98871280517949,0.0,476.96430600873106,86.13425307833782,97.0526795248877,41.666666666666664,12.37916830674588,191703555.20905304,95824833.33333333,10.0,1.0,7.853981633974483,20.0,2.5,98.17477042468104,8782.261557878492,9.610776124023438,9.85894800101479,50.0,12.131584940610962,2302.786376953125,426.2167428145695,5.208333333333333,0.36638087806051367,161.98924870566304
657,0.905453,1.0,1,1673.7126030157992,0.0,490.34572061344073,9.610776124023438,76.8862089921875,86.49698511621094,1079.5517121336734,0.0,0.0,873.6292523841744,1.0,0.0,0.0,9.953514068892895,0.0,335.24411268041314,8782.261557878492,9.610776124023438,9.85894800101479,50.0,12.131584940610962,2302.786376953125,12.131584940610962,86.13425307833782,86.13425307833784,0.0,0.0,5.208333333333333,0.36638087806051367,426.2167428145695,161.98924870566304,297.73844212150834,150.0,1.0,2.2726369395961656,0.0,1848.4809294527704,490.34572061344073,477.96655230669484,3212.4457263471454,21.98871280517949,0.0,476.96430600873106,86.13425307833782,97.0526795248877,41.666666666666664,12.37916830674588,191703555.20905304,95824833.33333333,10.0,1.0,7.853981633974483,20.0,2.5,98.17477042468104,8782.261557878492,9.610776124023438,9.85894800101479,50.0,12.131584940610962,2302.786376953125,426.2167428145695,5.208333333333333,0.36638087806051367,161.98924870566304
658,0.930656,1.0,1,1720.2998678807976,0.0,490.34572061344073,9.610776124023438,76.8862089921875,86.49698511621094,1720.2998678807976,640.7481557471243,0.0,1482.3400003439424,1.0,0.0,0.0,9.953514068892895,0.0,337.5053864353113,8782.261557878492,9.610776124023438,9.85894800101479,50.0,12.131584940610962,2302.786376953125,12.131584940610962,86.13425307833782,86.13425307833782,0.0,0.0,5.208333333333333,0.36638087806051367,426.2167428145695,161.98924870566304,297.73844212150834,150.0,1.0,2.2726369395961656,0.0,1848.4809294527704,490.34572061344073,477.96655230669484,3212.4457263471454,21.98871280517949,0.0,476.96430600873106,86.13425307833782,97.0526795248877,41.666666666666664,12.37916830674588,191703555.20905304,95824833.33333333,10.0,1.0,7.853981633974483,20.0,2.5,98.17477042468104,8782.261557878492,9.610776124023438,9.85894800101479,50.0,12.131584940610962,2302.786376953125,426.2167428145695,5.208333333333333,0.36638087806051367,161.98924870566304
659,0.951421,1.0,1,1758.6835743808842,0.0,490.34572061344073,9.610776124023438,76.8862089921875,86.49698511621094,1079.5517121336734,0.0,0.0,1482.3400003439424,1.0,0.0,0.0,9.953514068892895,0.0,339.7666601902095,8782.261557878492,9.610776124023438,9.85894800101479,50.0,12.131584940610962,2302.786376953125,12.131584940610962,86.13425307833782,86.13425307833782,0.0,0.0,5.208333333333333,0.36638087806051367,426.2167428145695,161.98924870566304,297.73844212150834,150.0,1.0,2.2726369395961656,0.0,1848.4809294527704,490.34572061344073,477.96655230669484,3212.4457263471454,21.98871280517949,0.0,476.96430600873106,86.13425307833782,97.0526795248877,41.666666666666664,12.37916830674588,191703555.20905304,95824833.33333333,10.0,1.0,7.853981633974483,20.0,2.5,98.17477042468104,8782.261557878492,9.610776124023438,9.85894800101479,50.0,12.131584940610962,2302.786376953125,426.2167428145695,5.208333333333333,0.36638087806051367,161.98924870566304
660,0.957626,1.0,1,1770.1533985481387,0.0,490.34572061344073,9.610776124023438,76.8862089921875,86.49698511621094,1079.5517121336734,0.0,0.0,1482.3400003439424,1.0,0.0,0.0,9.953514068892895,0.0,342.0279339451077,8782.261557878492,9.610776124023438,9.85894800101479,50.0,12.131584940610962,2302.786376953125,12.131584940610962,86.13425307833782,86.13425307833782,0.0,0.0,5.208333333333333,0.36638087806051367,426.2167428145695,161.98924870566304,297.73844212150834,150.0,1.0,2.2726369395961656,0.0,1848.4809294527704,490.34572061344073,477.96655230669484,3212.4457263471454,21.98871280517949,0.0,476.96430600873106,86.13425307833782,97.0526795248877,41.666666666666664,12.37916830674588,191703555.20905304,95824833.33333333,10.0,1.0,7.853981633974483,20.0,2.5,98.17477042468104,8782.261557878492,9.610776124023438,9.85894800101479,50.0,12.131584940610962,2302.786376953125,426.2167428145695,5.208333333333333,0.36638087806051367,161.98924870566304
661,0.955107,1.0,1,1765.4970750868472,0.0,490.34572061344073,9.610776124023438,76.8862089921875,86.49698511621094,1079.5517121336734,0.0,0.0,1482.3400003439424,1.0,0.0,0.0,9.953514068892895,0.0,344.2892077000059,8782.261557878492,9.610776124023438,9.85894800101479,50.0,12.131584940610962,2302.786376953125,12.131584940610962,86.13425307833782,86.13425307833782,0.0,0.0,5.208333333333333,0.36638087806051367,426.2167428145695,161.98924870566304,297.73844212150834,150.0,1.0,2.2726369395961656,0.0,1848.4809294527704,490.34572061344073,477.96655230669484,3212.4457263471454,21.98871280517949,0.0,476.96430600873106,86.13425307833782,97.0526795248877,41.666666666666664,12.37916830674588,191703555.20905304,95824833.33333333,10.0,1.0,7.853981633974483,20.0,2.5,98.17477042468104,8782.261557878492,9.610776124023438,9.85894800101479,50.0,12.131584940610962,2302.786376953125,426.2167428145695,5.208333333333333,0.36638087806051367,161.98924870566304
662,0.948215,1.0,1,1752.7573445210587,0.0,490.34572061344073,9.610776124023438,76.8862089921875,86.49698511621094,1079.5517121336734,0.0,0.0,1482.3400003439424,1.0,0.0,0.0,9.953514068892895,0.0,346.55048145490406,8782.261557878492,9.610776124023438,9.85894800101479,50.0,12.131584940610962,2302.786376953125,12.131584940610962,86.13425307833782,86.13425307833782,0.0,0.0,5.208333333333333,0.36638087806051367,426.2167428145695,161.98924870566304,297.73844212150834,150.0,1.0,2.2726369395961656,0.0,1848.4809294527704,490.34572061344073,477.96655230669484,3212.4457263471454,21.98871280517949,0.0,476.96430600873106,86.13425307833782,97.0526795248877,41.666666666666664,12.37916830674588,191703555.20905304,95824833.33333333,10.0,1.0,7.853981633974483,20.0,2.5,98.17477042468104,8782.261557878492,9.610776124023438,9.85894800101479,50.0,12.131584940610962,2302.786376953125,426.2167428145695,5.208333333333333,0.36638087806051367,161.98924870566304
663,0.942221,1.0,1,1741.6775498299187,0.0,490.3457206134408,9.61077612402344,76.88620899218752,86.49698511621096,1741.677549829919,662.1258376962454,0.0,2111.3595461553755,0.0,0.0,0.0,9.953514068892895,0.0,348.81175520980224,8782.261557878492,9.610776124023438,9.85894800101479,50.0,12.131584940610962,2302.786376953125,12.131584940610962,86.13425307833782,86.13425307833782,0.0,0.0,5.208333333333333,0.36638087806051367,426.2167428145695,161.98924870566304,297.73844212150834,150.0,1.0,2.2726369395961656,0.0,1848.4809294527704,490.34572061344073,477.96655230669484,3212.4457263471454,21.98871280517949,0.0,476.96430600873106,86.13425307833782,97.0526795248877,41.666666666666664,12.37916830674588,191703555.20905304,95824833.33333333,10.0,1.0,7.853981633974483,20.0,2.5,98.17477042468104,8782.261557878492,9.610776124023438,9.85894800101479,50.0,12.131584940610962,2302.786376953125,426.2167428145695,5.208333333333333,0.36638087806051367,161.98924870566304
664,0.930419,1.0,1,1719.8617779005172,0.0,490.34572061344085,9.61077612402344,76.88620899218752,86.49698511621096,1079.5517121336734,0.0,0.0,2111.3595461553755,0.0,0.0,0.0,9.953514068892895,0.0,351.0730289647004,8782.261557878492,9.610776124023438,9.85894800101479,50.0,12.131584940610962,2302.786376953125,12.131584940610962,86.13425307833782,86.13425307833776,0.0,0.0,5.208333333333333,0.36638087806051367,426.2167428145695,161.98924870566304,297.73844212150834,150.0,1.0,2.2726369395961656,0.0,1848.4809294527704,490.34572061344073,477.96655230669484,3212.4457263471454,21.98871280517949,0.0,476.96430600873106,86.13425307833782,97.0526795248877,41.666666666666664,12.37916830674588,191703555.20905304,95824833.33333333,10.0,1.0,7.853981633974483,20.0,2.5,98.17477042468104,8782.261557878492,9.610776124023438,9.85894800101479,50.0,12.131584940610962,2302.786376953125,426.2167428145695,5.208333333333333,0.36638087806051367,161.98924870566304
665,0.909191,1.0,1,1680.6222247300936,0.0,490.34572061344085,9.61077612402344,76.88620899218752,86.49698511621096,1079.5517121336734,0.0,0.0,2111.3595461553755,0.0,0.0,0.0,9.953514068892897,0.0,353.3343027195986,8782.261557878492,9.610776124023438,9.85894800101479,50.0,12.131584940610962,2302.786376953125,12.131584940610962,86.13425307833782,86.13425307833782,0.0,0.0,5.208333333333333,0.36638087806051367,426.2167428145695,161.98924870566304,297.73844212150834,150.0,1.0,2.2726369395961656,0.0,1848.4809294527704,490.34572061344073,477.96655230669484,3212.4457263471454,21.98871280517949,0.0,476.96430600873106,86.13425307833782,97.0526795248877,41.666666666666664,12.37916830674588,191703555.20905304,95824833.33333333,10.0,1.0,7.853981633974483,20.0,2.5,98.17477042468104,8782.261557878492,9.610776124023438,9.85894800101479,50.0,12.131584940610962,2302.786376953125,426.2167428145695,5.208333333333333,0.36638087806051367,161.98924870566304
666,0.880024,1.0,1,1626.707581460745,0.0,490.34572061344073,9.610776124023438,76.8862089921875,86.49698511621094,1079.5517121336734,0.0,0.0,2111.3595461553755,1.0,0.0,0.0,9.953514068892897,0.0,355.5955764744968,8782.261557878492,9.610776124023438,9.85894800101479,50.0,12.131584940610962,2302.786376953125,12.131584940610962,86.13425307833782,86.13425307833782,0.0,0.0,5.208333333333333,0.36638087806051367,426.2167428145695,161.98924870566304,297.73844212150834,150.0,1.0,2.2726369395961656,0.0,1848.4809294527704,490.34572061344073,477.96655230669484,3212.4457263471454,21.98871280517949,0.0,476.96430600873106,86.13425307833782,97.0526795248877,41.666666666666664,12.37916830674588,191703555.20905304,95824833.33333333,10.0,1.0,7.853981633974483,20.0,2.5,98.17477042468104,8782.261557878492,9.610776124023438,9.85894800101479,50.0,12.131584940610962,2302.786376953125,426.2167428145695,5.208333333333333,0.36638087806051367,161.98924870566304
667,0.844843,1.0,1,1561.676173881667,0.0,490.34572061344073,9.610776124023438,76.8862089921875,86.49698511621094,1561.6761738816672,482.1244617479937,0.0,2569.3777848159693,1.0,0.0,0.0,9.953514068892897,0.0,357.856850229395,8782.261557878492,9.610776124023438,9.85894800101479,50.0,12.131584940610962,2302.786376953125,12.131584940610962,86.13425307833782,86.13425307833782,0.0,0.0,5.208333333333333,0.36638087806051367,426.2167428145695,161.98924870566304,297.73844212150834,150.0,1.0,2.2726369395961656,0.0,1848.4809294527704,490.34572061344073,477.96655230669484,3212.4457263471454,21.98871280517949,0.0,476.96430600873106,86.13425307833782,97.0526795248877,41.666666666666664,12.37916830674588,191703555.20905304,95824833.33333333,10.0,1.0,7.853981633974483,20.0,2.5,98.17477042468104,8782.261557878492,9.610776124023438,9.85894800101479,50.0,12.131584940610962,2302.786376953125,426.2167428145695,5.208333333333333,0.36638087806051367,161.98924870566304
668,0.795948,1.0,1,1471.2946988360736,0.0,490.34572061344073,9.610776124023438,76.8862089921875,86.49698511621094,1471.2946988360736,391.74298670240034,0.0,2941.5336221832495,1.0,0.0,0.0,9.953514068892897,0.0,360.11812398429316,8782.261557878492,9.610776124023438,9.85894800101479,50.0,12.131584940610962,2302.786376953125,12.131584940610962,86.13425307833782,86.13425307833782,0.0,0.0,5.208333333333333,0.36638087806051367,426.2167428145695,161.98924870566304,297.73844212150834,150.0,1.0,2.2726369395961656,0.0,1848.4809294527704,490.34572061344073,477.96655230669484,3212.4457263471454,21.98871280517949,0.0,476.96430600873106,86.13425307833782,97.0526795248877,41.666666666666664,12.37916830674588,191703555.20905304,95824833.33333333,10.0,1.0,7.853981633974483,20.0,2.5,98.17477042468104,8782.261557878492,9.610776124023438,9.85894800101479,50.0,12.131584940610962,2302.786376953125,426.2167428145695,5.208333333333333,0.36638087806051367,161.98924870566304
669,0.7332029999999999,1.0,1,1355.3117629175595,0.0,490.34572061344085,9.61077612402344,76.88620899218752,86.49698511621096,1355.3117629175595,275.7600507838862,0.0,3203.5056704279414,0.0,0.0,0.0,9.953514068892893,0.0,362.37939773919135,8782.261557878492,9.610776124023438,9.85894800101479,50.0,12.131584940610962,2302.786376953125,12.131584940610962,86.13425307833782,86.13425307833782,0.0,0.0,5.208333333333333,0.36638087806051367,426.2167428145695,161.98924870566304,297.73844212150834,150.0,1.0,2.2726369395961656,0.0,1848.4809294527704,490.34572061344073,477.96655230669484,3212.4457263471454,21.98871280517949,0.0,476.96430600873106,86.13425307833782,97.0526795248877,41.666666666666664,12.37916830674588,191703555.20905304,95824833.33333333,10.0,1.0,7.853981633974483,20.0,2.5,98.17477042468104,8782.261557878492,9.610776124023438,9.85894800101479,50.0,12.131584940610962,2302.786376953125,426.2167428145695,5.208333333333333,0.36638087806051367,161.98924870566304
670,0.6733920000000001,1.0,1,1244.7522700460602,0.0,490.34572061344085,9.61077612402344,76.88620899218752,86.49698511621096,1079.551712133672,0.0,0.0,3203.5056704279414,0.0,0.0,0.0,9.9535140688929,0.0,364.64067149408953,8782.261557878492,9.610776124023435,9.85894800101479,50.0,12.131584940610955,2302.786376953125,12.131584940610955,86.13425307833778,86.13425307833784,0.0,0.0,5.208333333333333,0.36638087806051367,426.21674281456814,161.98924870566304,297.73844212150834,150.0,1.0,2.272636939596157,0.0,1848.4809294527704,490.34572061344073,477.96655230669484,3212.4457263471454,21.98871280517949,0.0,476.96430600873106,86.13425307833782,97.0526795248877,41.666666666666664,12.37916830674588,191703555.20905304,95824833.33333333,10.0,1.0,7.853981633974483,20.0,2.5,98.17477042468104,8782.261557878492,9.610776124023438,9.85894800101479,50.0,12.131584940610962,2302.786376953125,426.2167428145695,5.208333333333333,0.36638087806051367,161.98924870566304
671,0.589112,1.0,1,1088.9622973117805,0.0,490.345720613441,9.610776124023444,76.88620899218755,86.496985116211,1088.9622973117803,9.410585178109727,0.0,3212.445726347145,1.0,0.0,0.0,9.9535140688929,0.0,366.9019452489877,8782.261557878492,9.610776124023444,9.85894800101479,50.0,12.131584940610947,2302.786376953125,12.131584940610947,86.13425307833772,86.13425307833772,0.0,0.0,5.208333333333333,0.36638087806051367,426.21674281456677,161.98924870566304,297.73844212150834,150.0,1.0,2.27263693959615,0.0,1848.4809294527704,490.34572061344073,477.96655230669484,3212.4457263471454,21.98871280517949,0.0,476.96430600873106,86.13425307833782,97.0526795248877,41.666666666666664,12.37916830674588,191703555.20905304,95824833.33333333,10.0,1.0,7.853981633974483,20.0,2.5,98.17477042468104,8782.261557878492,9.610776124023438,9.85894800101479,50.0,12.131584940610962,2302.786376953125,426.2167428145695,5.208333333333333,0.36638087806051367,161.98924870566304
672,0.381944,1.0,1,706.016200118909,0.0,490.34572061344056,9.610776124023435,76.88620899218748,86.49698511621091,1079.551712133673,0.0,373.53551201476074,2819.250450542134,-0.0,0.0,0.0,9.9535140688929,0.0,369.1632190038859,8782.261557878492,9.610776124023438,9.85894800101479,50.0,12.131584940610962,2302.786376953125,12.131584940610962,86.13425307833782,86.13425307833782,0.0,0.0,5.208333333333333,0.36638087806051367,426.21674281456944,161.98924870566304,297.73844212150834,150.0,1.0,2.272636939596172,0.0,1848.4809294527704,490.34572061344073,477.96655230669484,3212.4457263471454,21.98871280517949,0.0,476.96430600873106,86.13425307833782,97.0526795248877,41.666666666666664,12.37916830674588,191703555.20905304,95824833.33333333,10.0,1.0,7.853981633974483,20.0,2.5,98.17477042468104,8782.261557878492,9.610776124023438,9.85894800101479,50.0,12.131584940610962,2302.786376953125,426.2167428145695,5.208333333333333,0.36638087806051367,161.98924870566304
673,0.344283,1.0,1,636.4005598347882,0.0,490.34572061344045,9.610776124023433,76.88620899218746,86.4969851162109,1079.551712133673,0.0,443.1511522988821,2352.775553385416,-0.0,0.0,0.0,9.9535140688929,0.0,371.4244927587841,8782.261557878492,9.610776124023438,9.85894800101479,50.0,12.131584940610962,2302.786376953125,12.131584940610962,86.13425307833782,86.13425307833782,0.0,0.0,5.208333333333333,0.36638087806051367,426.21674281456944,161.98924870566304,297.73844212150834,150.0,1.0,2.272636939596172,0.0,1848.4809294527704,490.34572061344073,477.96655230669484,3212.4457263471454,21.98871280517949,0.0,476.96430600873106,86.13425307833782,97.0526795248877,41.666666666666664,12.37916830674588,191703555.20905304,95824833.33333333,10.0,1.0,7.853981633974483,20.0,2.5,98.17477042468104,8782.261557878492,9.610776124023438,9.85894800101479,50.0,12.131584940610962,2302.786376953125,426.2167428145695,5.208333333333333,0.36638087806051367,161.98924870566304
674,0.347228,1.0,1,641.8443361720265,0.0,490.34572061344045,9.610776124023433,76.88620899218746,86.4969851162109,1079.551712133673,0.0,437.7073759616438,1892.0309471100015,-0.0,0.0,0.0,9.9535140688929,0.0,373.68576651368227,8782.261557878492,9.610776124023438,9.85894800101479,50.0,12.131584940610962,2302.786376953125,12.131584940610962,86.13425307833782,86.13425307833782,0.0,0.0,5.208333333333333,0.36638087806051367,426.21674281456944,161.98924870566304,297.73844212150834,150.0,1.0,2.272636939596172,0.0,1848.4809294527704,490.34572061344073,477.96655230669484,3212.4457263471454,21.98871280517949,0.0,476.96430600873106,86.13425307833782,97.0526795248877,41.666666666666664,12.37916830674588,191703555.20905304,95824833.33333333,10.0,1.0,7.853981633974483,20.0,2.5,98.17477042468104,8782.261557878492,9.610776124023438,9.85894800101479,50.0,12.131584940610962,2302.786376953125,426.2167428145695,5.208333333333333,0.36638087806051367,161.98924870566304
675,0.354648,0.0,1,655.5600646685662,0.0,473.99039257400216,9.290211694450441,74.32169355560353,83.61190525005398,655.560064668566,0.0,0.0,1892.0309471100015,1.0,9.290211694450441,0.0,19.057921529454333,0.0,363.77727606040105,0.0,0.0,9.85894800101479,50.0,0.0,0.0,0.0,0.0,0.0,0.0,0.0,5.208333333333333,0.36638087806051367,0.0,161.98924870566304,9080.0,150.0,0.0,0.0,9.85894800101479,1848.4809294527704,490.34572061344073,477.96655230669484,3212.4457263471454,21.98871280517949,0.0,476.96430600873106,86.13425307833782,97.0526795248877,41.666666666666664,12.37916830674588,191703555.20905304,95824833.33333333,10.0,1.0,7.853981633974483,20.0,2.5,98.17477042468104,8782.261557878492,9.610776124023438,9.85894800101479,50.0,12.131584940610962,2302.786376953125,426.2167428145695,5.208333333333333,0.36638087806051367,161.98924870566304
676,0.3393609999999999,1.0,1,627.3023367000214,0.0,51.34685330807963,1.0063983248383608,8.051186598706886,9.057584923545248,641.4132826082306,0.0,14.110945908206531,1877.1773198382052,-0.0,0.0,8.604377799185071,10.277944183347117,0.0,366.03854981529923,8782.261557878492,9.610776124023438,9.85894800101479,50.0,12.131584940610962,2302.786376953125,12.131584940610962,86.13425307833782,86.13425307833782,0.0,0.0,5.208333333333333,0.36638087806051367,426.21674281456944,161.98924870566304,297.73844212150834,150.0,1.0,2.272636939596172,0.0,1848.4809294527704,490.34572061344073,477.96655230669484,3212.4457263471454,21.98871280517949,0.0,476.96430600873106,86.13425307833782,97.0526795248877,41.666666666666664,12.37916830674588,191703555.20905304,95824833.33333333,10.0,1.0,7.853981633974483,20.0,2.5,98.17477042468104,8782.261557878492,9.610776124023438,9.85894800101479,50.0,12.131584940610962,2302.786376953125,426.2167428145695,5.208333333333333,0.36638087806051367,161.98924870566304
677,0.285567,1.0,1,527.8651535810393,0.0,490.34572061344085,9.61077612402344,76.88620899218752,86.49698511621096,1079.5517121336738,0.0,551.6865585526309,1296.4546266249097,-0.0,0.0,0.0,10.277944183347117,0.0,368.2998235701974,8782.261557878492,9.610776124023447,9.85894800101479,50.0,12.131584940610974,2302.786376953125,12.131584940610974,86.1342530783379,86.13425307833784,0.0,0.0,5.208333333333333,0.36638087806051367,426.2167428145698,161.98924870566304,297.73844212150834,150.0,1.0,2.272636939596173,0.0,1848.4809294527704,490.34572061344073,477.96655230669484,3212.4457263471454,21.98871280517949,0.0,476.96430600873106,86.13425307833782,97.0526795248877,41.666666666666664,12.37916830674588,191703555.20905304,95824833.33333333,10.0,1.0,7.853981633974483,20.0,2.5,98.17477042468104,8782.261557878492,9.610776124023438,9.85894800101479,50.0,12.131584940610962,2302.786376953125,426.2167428145695,5.208333333333333,0.36638087806051367,161.98924870566304
678,0.195183,1.0,1,360.79205325338006,0.0,490.34572061344085,9.61077612402344,76.88620899218752,86.49698511621096,1079.5517121336734,0.0,718.7596588802933,539.8655120140747,-0.0,0.0,0.0,10.277944183347117,0.0,370.5610973250956,8782.261557878492,9.610776124023438,9.85894800101479,50.0,12.131584940610962,2302.786376953125,12.131584940610962,86.13425307833782,86.13425307833782,0.0,0.0,5.208333333333333,0.36638087806051367,426.21674281456944,161.98924870566304,297.73844212150834,150.0,1.0,2.272636939596172,0.0,1848.4809294527704,490.34572061344073,477.96655230669484,3212.4457263471454,21.98871280517949,0.0,476.96430600873106,86.13425307833782,97.0526795248877,41.666666666666664,12.37916830674588,191703555.20905304,95824833.33333333,10.0,1.0,7.853981633974483,20.0,2.5,98.17477042468104,8782.261557878492,9.610776124023438,9.85894800101479,50.0,12.131584940610962,2302.786376953125,426.2167428145695,5.208333333333333,0.36638087806051367,161.98924870566304
679,0.088613,-0.0,1,163.79944060159835,0.0,0.7796303848492594,0.015280755543045484,0.12224604434436387,0.13752679988740935,163.7994406015984,0.0,0.0,539.865512014075,1.0,0.015280755543045484,0.0,10.292919323779302,0.0,360.6526068718144,0.0,0.0,9.85894800101479,50.0,0.0,0.0,0.0,0.0,0.0,0.0,0.0,5.208333333333333,0.36638087806051367,0.0,161.98924870566304,9080.0,150.0,-0.0,0.0,9.858948001014799,1848.4809294527704,490.34572061344073,477.96655230669484,3212.4457263471454,21.98871280517949,0.0,476.96430600873106,86.13425307833782,97.0526795248877,41.666666666666664,12.37916830674588,191703555.20905304,95824833.33333333,10.0,1.0,7.853981633974483,20.0,2.5,98.17477042468104,8782.261557878492,9.610776124023438,9.85894800101479,50.0,12.131584940610962,2302.786376953125,426.2167428145695,5.208333333333333,0.36638087806051367,161.98924870566304
680,0.052369,0.0,1,96.80309779451213,0.0,0.0,0.0,0.0,0.0,162.98924870566304,0.0,66.18615091115134,470.1958794760209,-0.0,0.0,0.0,10.292919323779302,0.0,350.74411641853317,0.0,0.0,9.85894800101479,50.0,0.0,0.0,0.0,0.0,0.0,0.0,0.0,5.208333333333333,0.36638087806051367,0.0,161.98924870566304,9080.0,150.0,0.0,0.0,9.85894800101479,1848.4809294527704,490.34572061344073,477.96655230669484,3212.4457263471454,21.98871280517949,0.0,476.96430600873106,86.13425307833782,97.0526795248877,41.666666666666664,12.37916830674588,191703555.20905304,95824833.33333333,10.0,1.0,7.853981633974483,20.0,2.5,98.17477042468104,8782.261557878492,9.610776124023438,9.85894800101479,50.0,12.131584940610962,2302.786376953125,426.2167428145695,5.208333333333333,0.36638087806051367,161.98924870566304
681,0.084993,-0.0,1,157.10793963697932,0.0,93.04838905056052,1.8237484253909861,14.589987403127889,16.413735828518874,259.6851346070055,0.0,102.5771949700262,362.2198847707302,1.0,1.823748425390986,0.0,12.080192780662468,0.0,340.835625965252,0.0,0.0,9.85894800101479,50.0,0.0,0.0,0.0,0.0,0.0,0.0,0.0,5.208333333333333,0.36638087806051367,0.0,161.98924870566304,9080.0,150.0,-0.0,0.0,9.858948001014797,1848.4809294527704,490.34572061344073,477.96655230669484,3212.4457263471454,21.98871280517949,0.0,476.96430600873106,86.13425307833782,97.0526795248877,41.666666666666664,12.37916830674588,191703555.20905304,95824833.33333333,10.0,1.0,7.853981633974483,20.0,2.5,98.17477042468104,8782.261557878492,9.610776124023438,9.85894800101479,50.0,12.131584940610962,2302.786376953125,426.2167428145695,5.208333333333333,0.36638087806051367,161.98924870566304
682,0.151608,-0.0,1,280.2444967524756,0.0,112.83222483334538,2.2115116067335694,17.692092853868555,19.903604460602125,280.2444967524756,0.0,0.0,362.2198847707302,1.0,2.2115116067335694,0.0,14.247474155261367,0.0,330.9271355119708,0.0,0.0,9.85894800101479,50.0,0.0,0.0,0.0,0.0,0.0,0.0,0.0,5.208333333333333,0.36638087806051367,0.0,161.98924870566304,9080.0,150.0,-0.0,0.0,9.858948001014797,1848.4809294527704,490.34572061344073,477.96655230669484,3212.4457263471454,21.98871280517949,0.0,476.96430600873106,86.13425307833782,97.0526795248877,41.666666666666664,12.37916830674588,191703555.20905304,95824833.33333333,10.0,1.0,7.853981633974483,20.0,2.5,98.17477042468104,8782.261557878492,9.610776124023438,9.85894800101479,50.0,12.131584940610962,2302.786376953125,426.2167428145695,5.208333333333333,0.36638087806051367,161.98924870566304
683,0.26679,0.0,1,493.1562271687047,0.0,317.7126428628191,6.227167800111254,49.817342400890034,56.04451020100129,493.1562271687047,0.0,0.0,362.2198847707302,1.0,6.227167800111254,0.0,20.350098599369627,0.0,321.0186450590408,0.0,0.0,9.85894800101479,50.0,0.0,0.0,0.0,0.0,0.0,0.0,0.0,5.208333333333333,0.36638087806051367,0.0,161.98924870566304,9080.0,150.0,0.0,0.0,9.85894800101479,1848.4809294527704,490.34572061344073,477.96655230669484,3212.4457263471454,21.98871280517949,0.0,476.96430600873106,86.13425307833782,97.0526795248877,41.666666666666664,12.37916830674588,191703555.20905304,95824833.33333333,10.0,1.0,7.853981633974483,20.0,2.5,98.17477042468104,8782.261557878492,9.610776124023438,9.85894800101479,50.0,12.131584940610962,2302.786376953125,426.2167428145695,5.208333333333333,0.36638087806051367,161.98924870566304
684,0.407141,1.0,1,752.5923740983303,0.0,490.34572061344085,9.61077612402344,76.88620899218752,86.49698511621096,1079.5517121336734,0.0,326.9593380353417,18.052160523002026,0.0,0.0,0.0,20.35009859936963,0.0,323.279918813939,8782.261557878492,9.610776124023438,9.85894800101479,50.0,12.131584940610962,2302.786376953125,12.131584940610962,86.13425307833782,86.13425307833782,0.0,0.0,5.208333333333333,0.36638087806051367,426.21674281456944,161.98924870566304,297.73844212150834,150.0,1.0,2.272636939596172,0.0,1848.4809294527704,490.34572061344073,477.96655230669484,3212.4457263471454,21.98871280517949,0.0,476.96430600873106,86.13425307833782,97.0526795248877,41.666666666666664,12.37916830674588,191703555.20905304,95824833.33333333,10.0,1.0,7.853981633974483,20.0,2.5,98.17477042468104,8782.261557878492,9.610776124023438,9.85894800101479,50.0,12.131584940610962,2302.786376953125,426.2167428145695,5.208333333333333,0.36638087806051367,161.98924870566304
685,0.570682,1.0,1,1054.894793781966,0.0,482.82361142457796,9.463342783921728,75.70674227137383,85.17008505529556,1072.044346278821,0.0,17.149552496851925,0.0,0.0,0.0,0.1474333401017187,20.199656415592365,0.0,325.5411925688372,8782.261557878492,9.610776124023447,9.85894800101479,50.0,12.131584940610974,2302.786376953125,12.131584940610974,86.1342530783379,86.13425307833784,0.0,0.0,5.208333333333333,0.36638087806051367,426.2167428145698,161.98924870566304,297.73844212150834,150.0,1.0,2.272636939596173,0.0,1848.4809294527704,490.34572061344073,477.96655230669484,3212.4457263471454,21.98871280517949,0.0,476.96430600873106,86.13425307833782,97.0526795248877,41.666666666666664,12.37916830674588,191703555.20905304,95824833.33333333,10.0,1.0,7.853981633974483,20.0,2.5,98.17477042468104,8782.261557878492,9.610776124023438,9.85894800101479,50.0,12.131584940610962,2302.786376953125,426.2167428145695,5.208333333333333,0.36638087806051367,161.98924870566304
686,0.7319690000000001,1.0,1,1353.030737450615,0.0,490.34572061344085,9.61077612402344,76.88620899218752,86.49698511621096,1213.0477435864489,133.49603145277547,0.0,126.82122988013668,-0.0,0.0,0.0,20.199656415592365,0.0,327.80246632373536,8782.261557878492,9.610776124023438,9.85894800101479,50.0,12.131584940610962,2302.786376953125,12.131584940610962,86.13425307833782,86.13425307833782,0.0,0.0,5.208333333333333,0.36638087806051367,426.2167428145695,161.98924870566304,297.73844212150834,150.0,1.0,2.2726369395961656,0.0,1848.4809294527704,490.34572061344073,477.96655230669484,3212.4457263471454,21.98871280517949,0.0,476.96430600873106,86.13425307833782,97.0526795248877,41.666666666666664,12.37916830674588,191703555.20905304,95824833.33333333,10.0,1.0,7.853981633974483,20.0,2.5,98.17477042468104,8782.261557878492,9.610776124023438,9.85894800101479,50.0,12.131584940610962,2302.786376953125,426.2167428145695,5.208333333333333,0.36638087806051367,161.98924870566304
687,0.844847,1.0,1,1561.6835678053847,0.0,490.34572061344085,9.61077612402344,76.88620899218752,86.49698511621096,1079.5517121336734,0.0,0.0,126.82122988013668,0.0,0.0,0.0,20.19965641559238,0.0,330.06374007863354,8782.261557878492,9.610776124023438,9.85894800101479,50.0,12.131584940610962,2302.786376953125,12.131584940610962,86.13425307833782,86.13425307833782,0.0,0.0,5.208333333333333,0.36638087806051367,426.2167428145695,161.98924870566304,297.73844212150834,150.0,1.0,2.2726369395961656,0.0,1848.4809294527704,490.34572061344073,477.96655230669484,3212.4457263471454,21.98871280517949,0.0,476.96430600873106,86.13425307833782,97.0526795248877,41.666666666666664,12.37916830674588,191703555.20905304,95824833.33333333,10.0,1.0,7.853981633974483,20.0,2.5,98.17477042468104,8782.261557878492,9.610776124023438,9.85894800101479,50.0,12.131584940610962,2302.786376953125,426.2167428145695,5.208333333333333,0.36638087806051367,161.98924870566304
688,0.913952,1.0,1,1689.4228424352184,0.0,490.34572061344073,9.610776124023438,76.8862089921875,86.49698511621094,1079.5517121336734,0.0,0.0,126.82122988013668,-0.0,0.0,0.0,20.19965641559238,0.0,332.3250138335317,8782.261557878492,9.610776124023438,9.85894800101479,50.0,12.131584940610962,2302.786376953125,12.131584940610962,86.13425307833782,86.13425307833782,0.0,0.0,5.208333333333333,0.36638087806051367,426.21674281456944,161.98924870566304,297.73844212150834,150.0,1.0,2.272636939596172,0.0,1848.4809294527704,490.34572061344073,477.96655230669484,3212.4457263471454,21.98871280517949,0.0,476.96430600873106,86.13425307833782,97.0526795248877,41.666666666666664,12.37916830674588,191703555.20905304,95824833.33333333,10.0,1.0,7.853981633974483,20.0,2.5,98.17477042468104,8782.261557878492,9.610776124023438,9.85894800101479,50.0,12.131584940610962,2302.786376953125,426.2167428145695,5.208333333333333,0.36638087806051367,161.98924870566304
689,0.962609,1.0,1,1779.364379019602,0.0,490.34572061344085,9.61077612402344,76.88620899218752,86.49698511621096,1693.2301259412643,613.6784138075923,0.0,709.8157229973493,1.0,0.0,0.0,20.19965641559238,0.0,334.5862875884299,8782.261557878492,9.61077612402344,9.85894800101479,50.0,12.131584940610962,2302.786376953125,12.131584940610962,86.13425307833782,86.13425307833782,0.0,0.0,5.208333333333333,0.36638087806051367,426.21674281456814,161.98924870566304,297.73844212150834,150.0,1.0,2.272636939596166,0.0,1848.4809294527704,490.34572061344073,477.96655230669484,3212.4457263471454,21.98871280517949,0.0,476.96430600873106,86.13425307833782,97.0526795248877,41.666666666666664,12.37916830674588,191703555.20905304,95824833.33333333,10.0,1.0,7.853981633974483,20.0,2.5,98.17477042468104,8782.261557878492,9.610776124023438,9.85894800101479,50.0,12.131584940610962,2302.786376953125,426.2167428145695,5.208333333333333,0.36638087806051367,161.98924870566304
690,0.986144,1.0,1,1822.8683776942728,0.0,490.34572061344085,9.61077612402344,76.88620899218752,86.49698511621096,1079.5517121336734,0.0,0.0,709.8157229973493,0.0,0.0,0.0,20.199656415592383,0.0,336.8475613433281,8782.261557878492,9.610776124023438,9.85894800101479,50.0,12.131584940610962,2302.786376953125,12.131584940610962,86.13425307833782,86.13425307833782,0.0,0.0,5.208333333333333,0.36638087806051367,426.2167428145695,161.98924870566304,297.73844212150834,150.0,1.0,2.2726369395961656,0.0,1848.4809294527704,490.34572061344073,477.96655230669484,3212.4457263471454,21.98871280517949,0.0,476.96430600873106,86.13425307833782,97.0526795248877,41.666666666666664,12.37916830674588,191703555.20905304,95824833.33333333,10.0,1.0,7.853981633974483,20.0,2.5,98.17477042468104,8782.261557878492,9.610776124023438,9.85894800101479,50.0,12.131584940610962,2302.786376953125,426.2167428145695,5.208333333333333,0.36638087806051367,161.98924870566304
691,0.989045,1.0,1,1828.2308208706152,0.0,490.34572061344085,9.61077612402344,76.88620899218752,86.49698511621096,1079.551712133672,0.0,0.0,709.8157229973493,0.0,0.0,0.0,20.199656415592386,0.0,339.1088350982263,8782.261557878492,9.610776124023435,9.85894800101479,50.0,12.131584940610953,2302.786376953125,12.131584940610953,86.13425307833776,86.13425307833782,0.0,0.0,5.208333333333333,0.36638087806051367,426.21674281456814,161.98924870566304,297.73844212150834,150.0,1.0,2.2726369395961554,0.0,1848.4809294527704,490.34572061344073,477.96655230669484,3212.4457263471454,21.98871280517949,0.0,476.96430600873106,86.13425307833782,97.0526795248877,41.666666666666664,12.37916830674588,191703555.20905304,95824833.33333333,10.0,1.0,7.853981633974483,20.0,2.5,98.17477042468104,8782.261557878492,9.610776124023438,9.85894800101479,50.0,12.131584940610962,2302.786376953125,426.2167428145695,5.208333333333333,0.36638087806051367,161.98924870566304
692,0.988415,1.0,1,1827.0662778850601,0.0,490.34572061344085,9.61077612402344,76.88620899218752,86.49698511621096,1079.5517121336734,0.0,0.0,709.8157229973493,1.0,0.0,0.0,20.199656415592386,0.0,341.37010885312446,8782.261557878492,9.610776124023438,9.85894800101479,50.0,12.131584940610962,2302.786376953125,12.131584940610962,86.13425307833782,86.13425307833782,0.0,0.0,5.208333333333333,0.36638087806051367,426.21674281456944,161.98924870566304,297.73844212150834,150.0,1.0,2.272636939596172,0.0,1848.4809294527704,490.34572061344073,477.96655230669484,3212.4457263471454,21.98871280517949,0.0,476.96430600873106,86.13425307833782,97.0526795248877,41.666666666666664,12.37916830674588,191703555.20905304,95824833.33333333,10.0,1.0,7.853981633974483,20.0,2.5,98.17477042468104,8782.261557878492,9.610776124023438,9.85894800101479,50.0,12.131584940610962,2302.786376953125,426.2167428145695,5.208333333333333,0.36638087806051367,161.98924870566304
693,0.988231,1.0,1,1826.7261573940407,0.0,490.34572061344073,9.610776124023438,76.8862089921875,86.49698511621094,1165.6859652120113,0.0,0.0,709.8157229973493,1.0,0.0,0.0,20.199656415592386,0.0,343.63138260802265,8782.261557878492,9.610776124023438,9.85894800101479,50.0,12.131584940610962,2302.786376953125,12.131584940610962,86.13425307833782,0.0,86.13425307833782,86.13425307833782,5.208333333333333,0.36638087806051367,426.21674281456944,161.98924870566304,297.73844212150834,150.0,1.0,2.272636939596172,0.0,1848.4809294527704,490.34572061344073,477.96655230669484,3212.4457263471454,21.98871280517949,0.0,476.96430600873106,86.13425307833782,97.0526795248877,41.666666666666664,12.37916830674588,191703555.20905304,95824833.33333333,10.0,1.0,7.853981633974483,20.0,2.5,98.17477042468104,8782.261557878492,9.610776124023438,9.85894800101479,50.0,12.131584940610962,2302.786376953125,426.2167428145695,5.208333333333333,0.36638087806051367,161.98924870566304
694,0.987714,1.0,1,1825.7704927535137,0.0,490.34572061344085,9.61077612402344,76.88620899218752,86.49698511621096,1825.770492753512,746.21878061984,0.0,1418.7235645861972,1.0,0.0,0.0,20.199656415592386,0.0,345.89265636292083,8782.261557878492,9.61077612402344,9.85894800101479,50.0,12.131584940610972,2302.786376953125,12.131584940610972,86.1342530783379,86.1342530783379,0.0,0.0,5.208333333333333,0.36638087806051367,426.21674281456814,161.98924870566304,297.73844212150834,150.0,1.0,2.2726369395961767,0.0,1848.4809294527704,490.34572061344073,477.96655230669484,3212.4457263471454,21.98871280517949,0.0,476.96430600873106,86.13425307833782,97.0526795248877,41.666666666666664,12.37916830674588,191703555.20905304,95824833.33333333,10.0,1.0,7.853981633974483,20.0,2.5,98.17477042468104,8782.261557878492,9.610776124023438,9.85894800101479,50.0,12.131584940610962,2302.786376953125,426.2167428145695,5.208333333333333,0.36638087806051367,161.98924870566304
695,0.987215,1.0,1,1824.8481007697167,0.0,490.34572061344085,9.61077612402344,76.88620899218752,86.49698511621096,1824.8481007697173,745.2963886360438,0.0,2126.755133790439,1.0,0.0,0.0,20.199656415592386,0.0,348.153930117819,8782.261557878492,9.61077612402344,9.85894800101479,50.0,12.131584940610955,2302.786376953125,12.131584940610955,86.13425307833778,86.13425307833784,0.0,0.0,5.208333333333333,0.36638087806051367,426.2167428145695,161.98924870566304,297.73844212150834,150.0,1.0,2.272636939596157,0.0,1848.4809294527704,490.34572061344073,477.96655230669484,3212.4457263471454,21.98871280517949,0.0,476.96430600873106,86.13425307833782,97.0526795248877,41.666666666666664,12.37916830674588,191703555.20905304,95824833.33333333,10.0,1.0,7.853981633974483,20.0,2.5,98.17477042468104,8782.261557878492,9.610776124023438,9.85894800101479,50.0,12.131584940610962,2302.786376953125,426.2167428145695,5.208333333333333,0.36638087806051367,161.98924870566304
696,0.527632,1.0,1,975.3176897690241,0.0,490.34572061344073,9.610776124023438,76.8862089921875,86.49698511621094,1079.5517121336734,0.0,104.23402236464892,2017.0351102487032,1.0,0.0,0.0,20.199656415592386,0.0,350.4152038727172,8782.261557878492,9.610776124023438,9.85894800101479,50.0,12.131584940610962,2302.786376953125,12.131584940610962,86.13425307833782,86.13425307833782,0.0,0.0,5.208333333333333,0.36638087806051367,426.2167428145695,161.98924870566304,297.73844212150834,150.0,1.0,2.2726369395961656,0.0,1848.4809294527704,490.34572061344073,477.96655230669484,3212.4457263471454,21.98871280517949,0.0,476.96430600873106,86.13425307833782,97.0526795248877,41.666666666666664,12.37916830674588,191703555.20905304,95824833.33333333,10.0,1.0,7.853981633974483,20.0,2.5,98.17477042468104,8782.261557878492,9.610776124023438,9.85894800101479,50.0,12.131584940610962,2302.786376953125,426.2167428145695,5.208333333333333,0.36638087806051367,161.98924870566304
697,0.564523,1.0,1,1043.5099997374664,0.0,490.34572061344073,9.610776124023438,76.8862089921875,86.49698511621094,1079.5517121336734,0.0,36.04171239620689,1979.096465621117,1.0,0.0,0.0,20.199656415592386,0.0,352.6764776276154,8782.261557878492,9.610776124023438,9.85894800101479,50.0,12.131584940610962,2302.786376953125,12.131584940610962,86.13425307833782,86.13425307833782,0.0,0.0,5.208333333333333,0.36638087806051367,426.21674281456944,161.98924870566304,297.73844212150834,150.0,1.0,2.272636939596172,0.0,1848.4809294527704,490.34572061344073,477.96655230669484,3212.4457263471454,21.98871280517949,0.0,476.96430600873106,86.13425307833782,97.0526795248877,41.666666666666664,12.37916830674588,191703555.20905304,95824833.33333333,10.0,1.0,7.853981633974483,20.0,2.5,98.17477042468104,8782.261557878492,9.610776124023438,9.85894800101479,50.0,12.131584940610962,2302.786376953125,426.2167428145695,5.208333333333333,0.36638087806051367,161.98924870566304
698,0.611274,1.0,1,1129.9283316703127,0.0,490.34572061344073,9.610776124023438,76.8862089921875,86.49698511621094,1079.5517121336734,0.0,0.0,1979.0964656211167,1.0,0.0,0.0,20.199656415592386,0.0,354.93775138251357,8782.261557878492,9.610776124023438,9.85894800101479,50.0,12.131584940610962,2302.786376953125,12.131584940610962,86.13425307833782,86.13425307833782,0.0,0.0,5.208333333333333,0.36638087806051367,426.21674281456944,161.98924870566304,297.73844212150834,150.0,1.0,2.272636939596172,0.0,1848.4809294527704,490.34572061344073,477.96655230669484,3212.4457263471454,21.98871280517949,0.0,476.96430600873106,86.13425307833782,97.0526795248877,41.666666666666664,12.37916830674588,191703555.20905304,95824833.33333333,10.0,1.0,7.853981633974483,20.0,2.5,98.17477042468104,8782.261557878492,9.610776124023438,9.85894800101479,50.0,12.131584940610962,2302.786376953125,426.2167428145695,5.208333333333333,0.36638087806051367,161.98924870566304
699,0.6513909999999999,1.0,1,1204.0838411171694,0.0,490.34572061344073,9.610776124023438,76.8862089921875,86.49698511621094,1165.6859652120113,0.0,0.0,1979.0964656211167,1.0,0.0,0.0,20.199656415592386,0.0,357.19902513741175,8782.261557878492,9.610776124023438,9.85894800101479,50.0,12.131584940610962,2302.786376953125,12.131584940610962,86.13425307833782,0.0,86.13425307833782,86.13425307833782,5.208333333333333,0.36638087806051367,426.21674281456944,161.98924870566304,297.73844212150834,150.0,1.0,2.272636939596172,0.0,1848.4809294527704,490.34572061344073,477.96655230669484,3212.4457263471454,21.98871280517949,0.0,476.96430600873106,86.13425307833782,97.0526795248877,41.666666666666664,12.37916830674588,191703555.20905304,95824833.33333333,10.0,1.0,7.853981633974483,20.0,2.5,98.17477042468104,8782.261557878492,9.610776124023438,9.85894800101479,50.0,12.131584940610962,2302.786376953125,426.2167428145695,5.208333333333333,0.36638087806051367,161.98924870566304
700,0.6892,1.0,1,1273.9730565788493,0.0,490.34572061344085,9.61077612402344,76.88620899218752,86.49698511621096,1262.2190374706283,182.6673253369549,0.0,2152.630424691224,0.0,0.0,0.0,20.199656415592386,0.0,359.46029889230994,8782.261557878492,9.610776124023438,9.85894800101479,50.0,12.131584940610962,2302.786376953125,12.131584940610962,86.13425307833782,86.13425307833782,0.0,0.0,5.208333333333333,0.36638087806051367,426.21674281456944,161.98924870566304,297.73844212150834,150.0,1.0,2.272636939596172,0.0,1848.4809294527704,490.34572061344073,477.96655230669484,3212.4457263471454,21.98871280517949,0.0,476.96430600873106,86.13425307833782,97.0526795248877,41.666666666666664,12.37916830674588,191703555.20905304,95824833.33333333,10.0,1.0,7.853981633974483,20.0,2.5,98.17477042468104,8782.261557878492,9.610776124023438,9.85894800101479,50.0,12.131584940610962,2302.786376953125,426.2167428145695,5.208333333333333,0.36638087806051367,161.98924870566304
701,0.7184579999999999,1.0,1,1328.0559116127783,0.0,490.34572061344085,9.61077612402344,76.88620899218752,86.49698511621096,1079.5517121336734,0.0,0.0,2152.630424691224,0.0,0.0,0.0,20.19965641559238,0.0,361.7215726472081,8782.261557878492,9.610776124023438,9.85894800101479,50.0,12.131584940610962,2302.786376953125,12.131584940610962,86.13425307833782,86.13425307833782,0.0,0.0,5.208333333333333,0.36638087806051367,426.2167428145695,161.98924870566304,297.73844212150834,150.0,1.0,2.2726369395961656,0.0,1848.4809294527704,490.34572061344073,477.96655230669484,3212.4457263471454,21.98871280517949,0.0,476.96430600873106,86.13425307833782,97.0526795248877,41.666666666666664,12.37916830674588,191703555.20905304,95824833.33333333,10.0,1.0,7.853981633974483,20.0,2.5,98.17477042468104,8782.261557878492,9.610776124023438,9.85894800101479,50.0,12.131584940610962,2302.786376953125,426.2167428145695,5.208333333333333,0.36638087806051367,161.98924870566304
702,0.769473,1.0,1,1422.3561662288116,0.0,490.34572061344073,9.610776124023438,76.8862089921875,86.49698511621094,1079.5517121336734,0.0,0.0,2152.630424691224,1.0,0.0,0.0,20.19965641559238,0.0,363.9828464021063,8782.261557878492,9.610776124023438,9.85894800101479,50.0,12.131584940610962,2302.786376953125,12.131584940610962,86.13425307833782,86.13425307833782,0.0,0.0,5.208333333333333,0.36638087806051367,426.2167428145695,161.98924870566304,297.73844212150834,150.0,1.0,2.2726369395961656,0.0,1848.4809294527704,490.34572061344073,477.96655230669484,3212.4457263471454,21.98871280517949,0.0,476.96430600873106,86.13425307833782,97.0526795248877,41.666666666666664,12.37916830674588,191703555.20905304,95824833.33333333,10.0,1.0,7.853981633974483,20.0,2.5,98.17477042468104,8782.261557878492,9.610776124023438,9.85894800101479,50.0,12.131584940610962,2302.786376953125,426.2167428145695,5.208333333333333,0.36638087806051367,161.98924870566304
703,0.785328,1.0,1,1451.6638313652852,0.0,490.34572061344073,9.610776124023438,76.8862089921875,86.49698511621094,1451.6638313652852,372.1121192316119,0.0,2506.136937961255,1.0,0.0,0.0,20.19965641559238,0.0,366.2441201570045,8782.261557878492,9.610776124023438,9.85894800101479,50.0,12.131584940610962,2302.786376953125,12.131584940610962,86.13425307833782,86.13425307833782,0.0,0.0,5.208333333333333,0.36638087806051367,426.2167428145695,161.98924870566304,297.73844212150834,150.0,1.0,2.2726369395961656,0.0,1848.4809294527704,490.34572061344073,477.96655230669484,3212.4457263471454,21.98871280517949,0.0,476.96430600873106,86.13425307833782,97.0526795248877,41.666666666666664,12.37916830674588,191703555.20905304,95824833.33333333,10.0,1.0,7.853981633974483,20.0,2.5,98.17477042468104,8782.261557878492,9.610776124023438,9.85894800101479,50.0,12.131584940610962,2302.786376953125,426.2167428145695,5.208333333333333,0.36638087806051367,161.98924870566304
704,0.7791079999999999,1.0,1,1440.166279984089,0.0,490.34572061344073,9.610776124023438,76.8862089921875,86.49698511621094,1285.2561529384957,205.7044408048224,0.0,2701.5561567258364,1.0,0.0,0.0,20.19965641559238,0.0,368.5053939119027,8782.261557878492,9.610776124023438,9.85894800101479,50.0,12.131584940610962,2302.786376953125,12.131584940610962,86.13425307833782,86.13425307833782,0.0,0.0,5.208333333333333,0.36638087806051367,426.2167428145695,161.98924870566304,297.73844212150834,150.0,1.0,2.2726369395961656,0.0,1848.4809294527704,490.34572061344073,477.96655230669484,3212.4457263471454,21.98871280517949,0.0,476.96430600873106,86.13425307833782,97.0526795248877,41.666666666666664,12.37916830674588,191703555.20905304,95824833.33333333,10.0,1.0,7.853981633974483,20.0,2.5,98.17477042468104,8782.261557878492,9.610776124023438,9.85894800101479,50.0,12.131584940610962,2302.786376953125,426.2167428145695,5.208333333333333,0.36638087806051367,161.98924870566304
705,0.750294,1.0,1,1386.904150482837,0.0,490.34572061344073,9.610776124023438,76.8862089921875,86.49698511621094,1386.9041504828372,307.3524383491637,0.0,2993.540973157542,1.0,0.0,0.0,20.19965641559238,0.0,370.76666766680086,8782.261557878492,9.610776124023438,9.85894800101479,50.0,12.131584940610962,2302.786376953125,12.131584940610962,86.13425307833782,86.13425307833782,0.0,0.0,5.208333333333333,0.36638087806051367,426.2167428145695,161.98924870566304,297.73844212150834,150.0,1.0,2.2726369395961656,0.0,1848.4809294527704,490.34572061344073,477.96655230669484,3212.4457263471454,21.98871280517949,0.0,476.96430600873106,86.13425307833782,97.0526795248877,41.666666666666664,12.37916830674588,191703555.20905304,95824833.33333333,10.0,1.0,7.853981633974483,20.0,2.5,98.17477042468104,8782.261557878492,9.610776124023438,9.85894800101479,50.0,12.131584940610962,2302.786376953125,426.2167428145695,5.208333333333333,0.36638087806051367,161.98924870566304
706,0.708678,1.0,1,1309.9777681227304,0.0,490.34572061344073,9.610776124023438,76.8862089921875,86.49698511621094,1309.9777681227306,230.42605598905715,0.0,3212.4457263471463,1.0,0.0,0.0,20.19965641559238,0.0,373.02794142169904,8782.261557878492,9.610776124023438,9.85894800101479,50.0,12.131584940610962,2302.786376953125,12.131584940610962,86.13425307833782,86.13425307833782,0.0,0.0,5.208333333333333,0.36638087806051367,426.2167428145695,161.98924870566304,297.73844212150834,150.0,1.0,2.2726369395961656,0.0,1848.4809294527704,490.34572061344073,477.96655230669484,3212.4457263471454,21.98871280517949,0.0,476.96430600873106,86.13425307833782,97.0526795248877,41.666666666666664,12.37916830674588,191703555.20905304,95824833.33333333,10.0,1.0,7.853981633974483,20.0,2.5,98.17477042468104,8782.261557878492,9.610776124023438,9.85894800101479,50.0,12.131584940610962,2302.786376953125,426.2167428145695,5.208333333333333,0.36638087806051367,161.98924870566304
707,0.655006,1.0,1,1210.7660996771413,0.0,490.34572061344085,9.61077612402344,76.88620899218752,86.49698511621096,1079.5517121336707,0.0,0.0,3212.4457263471463,0.0,0.0,0.0,20.199656415592386,0.0,375.2892151765972,8782.261557878492,9.610776124023433,9.85894800101479,50.0,12.131584940610969,2302.786376953125,12.131584940610969,86.13425307833788,86.13425307833784,0.0,0.0,5.208333333333333,0.36638087806051367,426.21674281456677,161.98924870566304,297.73844212150834,150.0,1.0,2.272636939596172,0.0,1848.4809294527704,490.34572061344073,477.96655230669484,3212.4457263471454,21.98871280517949,0.0,476.96430600873106,86.13425307833782,97.0526795248877,41.666666666666664,12.37916830674588,191703555.20905304,95824833.33333333,10.0,1.0,7.853981633974483,20.0,2.5,98.17477042468104,8782.261557878492,9.610776124023438,9.85894800101479,50.0,12.131584940610962,2302.786376953125,426.2167428145695,5.208333333333333,0.36638087806051367,161.98924870566304
708,0.579012,1.0,1,1070.2926399243074,0.0,481.0684649830402,9.428941913667588,75.4315353093407,84.86047722300829,1070.292639924308,0.0,0.0,3212.4457263471454,0.0,0.0,0.1818342103558468,20.014111302984382,0.0,377.5504889314954,8782.261557878492,9.610776124023435,9.85894800101479,50.0,12.131584940610947,2302.786376953125,12.131584940610947,86.13425307833772,86.13425307833772,0.0,0.0,5.208333333333333,0.36638087806051367,426.21674281456944,161.98924870566304,297.73844212150834,150.0,1.0,2.27263693959615,0.0,1848.4809294527704,490.34572061344073,477.96655230669484,3212.4457263471454,21.98871280517949,0.0,476.96430600873106,86.13425307833782,97.0526795248877,41.666666666666664,12.37916830674588,191703555.20905304,95824833.33333333,10.0,1.0,7.853981633974483,20.0,2.5,98.17477042468104,8782.261557878492,9.610776124023438,9.85894800101479,50.0,12.131584940610962,2302.786376953125,426.2167428145695,5.208333333333333,0.36638087806051367,161.98924870566304
709,0.475761,1.0,1,879.4351354773795,0.0,289.83614518931574,5.680788445710588,45.446307565684705,51.127096011395295,879.4351354773795,0.0,0.0,3212.4457263471454,-0.0,0.0,3.929987678312851,16.00391979450188,0.0,379.8117626863936,8782.261557878492,9.610776124023436,9.85894800101479,50.0,12.131584940610978,2302.786376953125,12.131584940610978,86.13425307833793,86.13425307833784,0.0,0.0,5.208333333333333,0.36638087806051367,426.21674281456944,161.98924870566304,297.73844212150834,150.0,1.0,2.2726369395961767,0.0,1848.4809294527704,490.34572061344073,477.96655230669484,3212.4457263471454,21.98871280517949,0.0,476.96430600873106,86.13425307833782,97.0526795248877,41.666666666666664,12.37916830674588,191703555.20905304,95824833.33333333,10.0,1.0,7.853981633974483,20.0,2.5,98.17477042468104,8782.261557878492,9.610776124023438,9.85894800101479,50.0,12.131584940610962,2302.786376953125,426.2167428145695,5.208333333333333,0.36638087806051367,161.98924870566304
710,0.388671,1.0,1,718.4509313313378,0.0,212.8903404436401,4.172650672695346,33.381205381562765,37.55385605425811,802.6401445090057,0.0,84.18921317766535,3123.8255019496028,-0.0,0.0,5.438125451328089,10.45481219110587,0.0,382.0730364412918,8782.261557878492,9.610776124023435,9.85894800101479,50.0,12.131584940610974,2302.786376953125,12.131584940610974,86.1342530783379,86.13425307833784,0.0,0.0,5.208333333333333,0.36638087806051367,426.2167428145698,161.98924870566304,297.73844212150834,150.0,1.0,2.272636939596173,0.0,1848.4809294527704,490.34572061344073,477.96655230669484,3212.4457263471454,21.98871280517949,0.0,476.96430600873106,86.13425307833782,97.0526795248877,41.666666666666664,12.37916830674588,191703555.20905304,95824833.33333333,10.0,1.0,7.853981633974483,20.0,2.5,98.17477042468104,8782.261557878492,9.610776124023438,9.85894800101479,50.0,12.131584940610962,2302.786376953125,426.2167428145695,5.208333333333333,0.36638087806051367,161.98924870566304
711,0.330241,1.0,1,610.4441906234124,0.0,20.31694269846657,0.39821207688994475,3.185696615119558,3.5839086920095027,610.4441906234098,0.0,0.0,3123.8255019496028,0.0,0.0,9.212564047133489,1.0542366328063801,0.0,384.33431019618996,8782.261557878492,9.610776124023433,9.85894800101479,50.0,12.131584940610944,2302.786376953125,12.131584940610944,86.1342530783377,86.1342530783377,0.0,0.0,5.208333333333333,0.36638087806051367,426.21674281456677,161.98924870566304,297.73844212150834,150.0,1.0,2.272636939596142,0.0,1848.4809294527704,490.34572061344073,477.96655230669484,3212.4457263471454,21.98871280517949,0.0,476.96430600873106,86.13425307833782,97.0526795248877,41.666666666666664,12.37916830674588,191703555.20905304,95824833.33333333,10.0,1.0,7.853981633974483,20.0,2.5,98.17477042468104,8782.261557878492,9.610776124023438,9.85894800101479,50.0,12.131584940610962,2302.786376953125,426.2167428145695,5.208333333333333,0.36638087806051367,161.98924870566304
712,0.27793,-0.0,1,513.7483047228085,0.0,337.52795998570485,6.615548015719815,52.92438412575852,59.53993214147834,513.7483047228076,0.0,0.0,3123.8255019496028,1.0,6.615548015719831,0.0,7.537473688211815,0.0,374.4258197429088,0.0,0.0,9.85894800101479,50.0,0.0,0.0,0.0,0.0,0.0,0.0,0.0,5.208333333333333,0.36638087806051367,0.0,161.98924870566304,9080.0,150.0,-0.0,0.0,9.858948001014799,1848.4809294527704,490.34572061344073,477.96655230669484,3212.4457263471454,21.98871280517949,0.0,476.96430600873106,86.13425307833782,97.0526795248877,41.666666666666664,12.37916830674588,191703555.20905304,95824833.33333333,10.0,1.0,7.853981633974483,20.0,2.5,98.17477042468104,8782.261557878492,9.610776124023438,9.85894800101479,50.0,12.131584940610962,2302.786376953125,426.2167428145695,5.208333333333333,0.36638087806051367,161.98924870566304
713,0.219208,-0.0,1,405.2018075834829,0.0,233.07598044439942,4.5682892167102285,36.54631373368183,41.114602950392054,405.20180758348295,0.0,0.0,3123.8255019496028,1.0,4.5682892167102285,0.0,12.014397120587839,0.0,364.5173292896276,0.0,0.0,9.85894800101479,50.0,0.0,0.0,0.0,0.0,0.0,0.0,0.0,5.208333333333333,0.36638087806051367,0.0,161.98924870566304,9080.0,150.0,-0.0,0.0,9.85894800101479,1848.4809294527704,490.34572061344073,477.96655230669484,3212.4457263471454,21.98871280517949,0.0,476.96430600873106,86.13425307833782,97.0526795248877,41.666666666666664,12.37916830674588,191703555.20905304,95824833.33333333,10.0,1.0,7.853981633974483,20.0,2.5,98.17477042468104,8782.261557878492,9.610776124023438,9.85894800101479,50.0,12.131584940610962,2302.786376953125,426.2167428145695,5.208333333333333,0.36638087806051367,161.98924870566304
714,0.173352,-0.0,1,320.43786608249667,0.0,151.50944705238032,2.9695851622266543,23.756681297813234,26.726266460039888,320.43786608249667,0.0,0.0,3123.8255019496028,1.0,2.9695851622266543,0.0,14.924590579569957,0.0,354.60883883634637,0.0,0.0,9.85894800101479,50.0,0.0,0.0,0.0,0.0,0.0,0.0,0.0,5.208333333333333,0.36638087806051367,0.0,161.98924870566304,9080.0,150.0,-0.0,0.0,9.85894800101479,1848.4809294527704,490.34572061344073,477.96655230669484,3212.4457263471454,21.98871280517949,0.0,476.96430600873106,86.13425307833782,97.0526795248877,41.666666666666664,12.37916830674588,191703555.20905304,95824833.33333333,10.0,1.0,7.853981633974483,20.0,2.5,98.17477042468104,8782.261557878492,9.610776124023438,9.85894800101479,50.0,12.131584940610962,2302.786376953125,426.2167428145695,5.208333333333333,0.36638087806051367,161.98924870566304
715,0.150115,-0.0,1,277.48471472480264,0.0,110.17654543797086,2.159460290584229,17.27568232467383,19.43514261525806,277.48471472480236,0.0,0.0,3123.8255019496028,1.0,2.159460290584229,0.0,17.0408616643425,0.0,344.70034838306515,0.0,0.0,9.85894800101479,50.0,0.0,0.0,0.0,0.0,0.0,0.0,0.0,5.208333333333333,0.36638087806051367,0.0,161.98924870566304,9080.0,150.0,-0.0,0.0,9.85894800101479,1848.4809294527704,490.34572061344073,477.96655230669484,3212.4457263471454,21.98871280517949,0.0,476.96430600873106,86.13425307833782,97.0526795248877,41.666666666666664,12.37916830674588,191703555.20905304,95824833.33333333,10.0,1.0,7.853981633974483,20.0,2.5,98.17477042468104,8782.261557878492,9.610776124023438,9.85894800101479,50.0,12.131584940610962,2302.786376953125,426.2167428145695,5.208333333333333,0.36638087806051367,161.98924870566304
716,0.120644,-0.0,1,223.00813325290002,0.0,57.754892751382776,1.1319958979271023,9.055967183416819,10.18796308134392,223.00813325290002,0.0,0.0,3123.8255019496028,1.0,1.1319958979271023,0.0,18.150217644311063,0.0,334.791857929784,0.0,0.0,9.85894800101479,50.0,0.0,0.0,0.0,0.0,0.0,0.0,0.0,5.208333333333333,0.36638087806051367,0.0,161.98924870566304,9080.0,150.0,-0.0,0.0,9.85894800101479,1848.4809294527704,490.34572061344073,477.96655230669484,3212.4457263471454,21.98871280517949,0.0,476.96430600873106,86.13425307833782,97.0526795248877,41.666666666666664,12.37916830674588,191703555.20905304,95824833.33333333,10.0,1.0,7.853981633974483,20.0,2.5,98.17477042468104,8782.261557878492,9.610776124023438,9.85894800101479,50.0,12.131584940610962,2302.786376953125,426.2167428145695,5.208333333333333,0.36638087806051367,161.98924870566304
717,0.087505,1.0,1,161.75132373176467,0.0,45.198949777774885,0.8858994156443877,7.087195325155101,7.973094740799489,635.2774289688457,0.0,473.526105237081,2625.3769701210967,-0.0,0.0,8.724876708379059,9.24728222759774,0.0,337.05313168468217,8782.261557878492,9.610776124023444,9.85894800101479,50.0,12.131584940610978,2302.786376953125,12.131584940610978,86.13425307833793,86.13425307833784,0.0,0.0,5.208333333333333,0.36638087806051367,426.2167428145698,161.98924870566304,297.73844212150834,150.0,1.0,2.2726369395961767,0.0,1848.4809294527704,490.34572061344073,477.96655230669484,3212.4457263471454,21.98871280517949,0.0,476.96430600873106,86.13425307833782,97.0526795248877,41.666666666666664,12.37916830674588,191703555.20905304,95824833.33333333,10.0,1.0,7.853981633974483,20.0,2.5,98.17477042468104,8782.261557878492,9.610776124023438,9.85894800101479,50.0,12.131584940610962,2302.786376953125,426.2167428145695,5.208333333333333,0.36638087806051367,161.98924870566304
718,0.0766299999999999,-0.0,1,141.64909362396563,0.0,0.0,0.0,0.0,0.0,162.98924870566304,0.0,21.340155081697418,2602.9136489824677,1.0,0.0,0.0,9.24728222759774,0.0,327.14464123140095,0.0,0.0,9.85894800101479,50.0,0.0,0.0,0.0,0.0,0.0,0.0,0.0,5.208333333333333,0.36638087806051367,0.0,161.98924870566304,9080.0,150.0,-0.0,0.0,9.858948001014797,1848.4809294527704,490.34572061344073,477.96655230669484,3212.4457263471454,21.98871280517949,0.0,476.96430600873106,86.13425307833782,97.0526795248877,41.666666666666664,12.37916830674588,191703555.20905304,95824833.33333333,10.0,1.0,7.853981633974483,20.0,2.5,98.17477042468104,8782.261557878492,9.610776124023438,9.85894800101479,50.0,12.131584940610962,2302.786376953125,426.2167428145695,5.208333333333333,0.36638087806051367,161.98924870566304
719,0.093744,0.0,1,173.2839962506205,0.0,9.906416036333098,0.19416575431212874,1.5533260344970299,1.7474917888091586,173.28399625062042,0.0,0.0,2602.9136489824677,1.0,0.1941657543121318,0.0,9.43756466682363,0.0,317.23615077811974,0.0,0.0,9.85894800101479,50.0,0.0,0.0,0.0,0.0,0.0,0.0,0.0,5.208333333333333,0.36638087806051367,0.0,161.98924870566304,9080.0,150.0,0.0,0.0,9.85894800101479,1848.4809294527704,490.34572061344073,477.96655230669484,3212.4457263471454,21.98871280517949,0.0,476.96430600873106,86.13425307833782,97.0526795248877,41.666666666666664,12.37916830674588,191703555.20905304,95824833.33333333,10.0,1.0,7.853981633974483,20.0,2.5,98.17477042468104,8782.261557878492,9.610776124023438,9.85894800101479,50.0,12.131584940610962,2302.786376953125,426.2167428145695,5.208333333333333,0.36638087806051367,161.98924870566304
720,0.5423709999999999,1.0,1,1002.5624501882285,0.0,413.2052633718022,8.098823162087323,64.79058529669858,72.88940845878591,1002.5624501882255,0.0,0.0,2602.9136489824677,-0.0,0.0,1.5119529619361107,7.894755521990863,0.0,319.49742453301786,8782.261557878492,9.610776124023433,9.85894800101479,50.0,12.131584940610944,2302.786376953125,12.131584940610944,86.1342530783377,86.1342530783377,0.0,0.0,5.208333333333333,0.36638087806051367,426.21674281456677,161.98924870566304,297.73844212150834,150.0,1.0,2.272636939596143,0.0,1848.4809294527704,490.34572061344073,477.96655230669484,3212.4457263471454,21.98871280517949,0.0,476.96430600873106,86.13425307833782,97.0526795248877,41.666666666666664,12.37916830674588,191703555.20905304,95824833.33333333,10.0,1.0,7.853981633974483,20.0,2.5,98.17477042468104,8782.261557878492,9.610776124023438,9.85894800101479,50.0,12.131584940610962,2302.786376953125,426.2167428145695,5.208333333333333,0.36638087806051367,161.98924870566304
721,0.53572,1.0,1,990.2682035264381,0.0,400.8868726642243,7.8573827042187965,62.85906163375037,70.71644433796916,990.2682035264377,0.0,0.0,2602.913648982471,-0.0,0.0,1.7533934198046381,6.105578563006539,0.0,321.75869828791605,8782.261557878492,9.610776124023435,9.85894800101479,50.0,12.131584940610947,2302.786376953125,12.131584940610947,86.13425307833772,86.13425307833772,0.0,0.0,5.208333333333333,0.36638087806051367,426.2167428145698,161.98924870566304,297.73844212150834,150.0,1.0,2.27263693959615,0.0,1848.4809294527704,490.34572061344073,477.96655230669484,3212.4457263471454,21.98871280517949,0.0,476.96430600873106,86.13425307833782,97.0526795248877,41.666666666666664,12.37916830674588,191703555.20905304,95824833.33333333,10.0,1.0,7.853981633974483,20.0,2.5,98.17477042468104,8782.261557878492,9.610776124023438,9.85894800101479,50.0,12.131584940610962,2302.786376953125,426.2167428145695,5.208333333333333,0.36638087806051367,161.98924870566304
722,0.530442,1.0,1,980.5119211807864,0.0,391.11143045183627,7.665784036855991,61.326272294847925,68.99205633170392,980.5119211807854,0.0,0.0,2602.913648982471,-0.0,0.0,1.9449920871674298,4.120892759774467,0.0,324.01997204281423,8782.261557878492,9.610776124023438,9.85894800101479,50.0,12.131584940610962,2302.786376953125,12.131584940610962,86.13425307833782,86.13425307833782,0.0,0.0,5.208333333333333,0.36638087806051367,426.21674281456944,161.98924870566304,297.73844212150834,150.0,1.0,2.272636939596172,0.0,1848.4809294527704,490.34572061344073,477.96655230669484,3212.4457263471454,21.98871280517949,0.0,476.96430600873106,86.13425307833782,97.0526795248877,41.666666666666664,12.37916830674588,191703555.20905304,95824833.33333333,10.0,1.0,7.853981633974483,20.0,2.5,98.17477042468104,8782.261557878492,9.610776124023438,9.85894800101479,50.0,12.131584940610962,2302.786376953125,426.2167428145695,5.208333333333333,0.36638087806051367,161.98924870566304
723,0.530397,-0.0,1,980.428739538961,0.0,490.34572061344085,9.61077612402344,76.88620899218752,86.49698511621096,980.428739538961,307.87221797181013,0.0,2895.3922560556907,1.0,9.61077612402344,0.0,13.539453361317454,0.0,314.111481589533,0.0,0.0,9.85894800101479,50.0,0.0,0.0,0.0,0.0,0.0,0.0,0.0,5.208333333333333,0.36638087806051367,0.0,161.98924870566304,9080.0,150.0,-0.0,0.0,9.858948001014797,1848.4809294527704,490.34572061344073,477.96655230669484,3212.4457263471454,21.98871280517949,0.0,476.96430600873106,86.13425307833782,97.0526795248877,41.666666666666664,12.37916830674588,191703555.20905304,95824833.33333333,10.0,1.0,7.853981633974483,20.0,2.5,98.17477042468104,8782.261557878492,9.610776124023438,9.85894800101479,50.0,12.131584940610962,2302.786376953125,426.2167428145695,5.208333333333333,0.36638087806051367,161.98924870566304
724,0.5450389999999999,1.0,1,1007.4941973080084,0.0,490.34572061344085,9.61077612402344,76.88620899218752,86.49698511621096,1079.5517121336734,0.0,72.05751482566541,2819.542240449727,-0.0,0.0,0.0,13.539453361317454,0.0,316.3727553444312,8782.261557878492,9.610776124023438,9.85894800101479,50.0,12.131584940610962,2302.786376953125,12.131584940610962,86.13425307833782,86.13425307833782,0.0,0.0,5.208333333333333,0.36638087806051367,426.21674281456944,161.98924870566304,297.73844212150834,150.0,1.0,2.272636939596172,0.0,1848.4809294527704,490.34572061344073,477.96655230669484,3212.4457263471454,21.98871280517949,0.0,476.96430600873106,86.13425307833782,97.0526795248877,41.666666666666664,12.37916830674588,191703555.20905304,95824833.33333333,10.0,1.0,7.853981633974483,20.0,2.5,98.17477042468104,8782.261557878492,9.610776124023438,9.85894800101479,50.0,12.131584940610962,2302.786376953125,426.2167428145695,5.208333333333333,0.36638087806051367,161.98924870566304
725,0.5596169999999999,1.0,1,1034.4413522975708,0.0,445.1467708357741,8.724876708381172,69.79901366704938,78.52389037543055,1034.441352297571,0.0,0.0,2819.542240449727,0.0,0.0,0.8858994156422604,12.635474365764125,0.0,318.6340290993294,8782.261557878492,9.610776124023433,9.85894800101479,50.0,12.131584940610962,2302.786376953125,12.131584940610962,86.13425307833782,86.13425307833782,0.0,0.0,5.208333333333333,0.36638087806051367,426.2167428145698,161.98924870566304,297.73844212150834,150.0,1.0,2.272636939596166,0.0,1848.4809294527704,490.34572061344073,477.96655230669484,3212.4457263471454,21.98871280517949,0.0,476.96430600873106,86.13425307833782,97.0526795248877,41.666666666666664,12.37916830674588,191703555.20905304,95824833.33333333,10.0,1.0,7.853981633974483,20.0,2.5,98.17477042468104,8782.261557878492,9.610776124023438,9.85894800101479,50.0,12.131584940610962,2302.786376953125,426.2167428145695,5.208333333333333,0.36638087806051367,161.98924870566304
726,0.559455,1.0,1,1034.1418983869996,0.0,444.84672884289665,8.718995885320775,69.7519670825662,78.47096296788698,1034.1418983869999,0.0,0.0,2819.542240449727,0.0,0.0,0.8917802387026725,11.725494530354222,0.0,320.8953028542276,8782.261557878492,9.610776124023447,9.85894800101479,50.0,12.131584940610974,2302.786376953125,12.131584940610974,86.1342530783379,86.13425307833784,0.0,0.0,5.208333333333333,0.36638087806051367,426.2167428145698,161.98924870566304,297.73844212150834,150.0,1.0,2.272636939596211,0.0,1848.4809294527704,490.34572061344073,477.96655230669484,3212.4457263471454,21.98871280517949,0.0,476.96430600873106,86.13425307833782,97.0526795248877,41.666666666666664,12.37916830674588,191703555.20905304,95824833.33333333,10.0,1.0,7.853981633974483,20.0,2.5,98.17477042468104,8782.261557878492,9.610776124023438,9.85894800101479,50.0,12.131584940610962,2302.786376953125,426.2167428145695,5.208333333333333,0.36638087806051367,161.98924870566304
727,0.554332,1.0,1,1024.6721305854132,0.0,435.35836384591767,8.533023931379986,68.26419145103989,76.79721538241988,1024.6721305854117,0.0,0.0,2819.542240449727,-0.0,0.0,1.0777521926434488,10.625747395003764,0.0,323.1565766091258,8782.261557878492,9.610776124023433,9.85894800101479,50.0,12.131584940610974,2302.786376953125,12.131584940610974,86.1342530783379,86.13425307833784,0.0,0.0,5.208333333333333,0.36638087806051367,426.21674281456677,161.98924870566304,297.73844212150834,150.0,1.0,2.2726369395961767,0.0,1848.4809294527704,490.34572061344073,477.96655230669484,3212.4457263471454,21.98871280517949,0.0,476.96430600873106,86.13425307833782,97.0526795248877,41.666666666666664,12.37916830674588,191703555.20905304,95824833.33333333,10.0,1.0,7.853981633974483,20.0,2.5,98.17477042468104,8782.261557878492,9.610776124023438,9.85894800101479,50.0,12.131584940610962,2302.786376953125,426.2167428145695,5.208333333333333,0.36638087806051367,161.98924870566304
728,0.5516749999999999,1.0,1,1019.760716755857,0.0,430.4373047405132,8.436571172914059,67.49256938331247,75.92914055622653,1019.7607167558566,0.0,0.0,2819.542240449727,-0.0,0.0,1.1742049511093866,9.427579077545206,0.0,325.417850364024,8782.261557878492,9.610776124023438,9.85894800101479,50.0,12.131584940610962,2302.786376953125,12.131584940610962,86.13425307833782,86.13425307833782,0.0,0.0,5.208333333333333,0.36638087806051367,426.21674281456944,161.98924870566304,297.73844212150834,150.0,1.0,2.272636939596172,0.0,1848.4809294527704,490.34572061344073,477.96655230669484,3212.4457263471454,21.98871280517949,0.0,476.96430600873106,86.13425307833782,97.0526795248877,41.666666666666664,12.37916830674588,191703555.20905304,95824833.33333333,10.0,1.0,7.853981633974483,20.0,2.5,98.17477042468104,8782.261557878492,9.610776124023438,9.85894800101479,50.0,12.131584940610962,2302.786376953125,426.2167428145695,5.208333333333333,0.36638087806051367,161.98924870566304
729,0.541082,1.0,1,1000.1797582701638,0.0,456.01684198359635,8.937930102878488,71.5034408230279,80.44137092590638,1045.2901181059422,0.0,45.11035983577831,2772.057651148907,-0.0,0.0,0.6728460211449471,8.74100150494832,0.0,327.6791241189222,8782.261557878492,9.610776124023435,9.85894800101479,50.0,12.131584940610947,2302.786376953125,12.131584940610947,86.13425307833772,86.13425307833772,0.0,0.0,5.208333333333333,0.36638087806051367,426.21674281456814,161.98924870566304,297.73844212150834,150.0,1.0,2.272636939596152,0.0,1848.4809294527704,490.34572061344073,477.96655230669484,3212.4457263471454,21.98871280517949,0.0,476.96430600873106,86.13425307833782,97.0526795248877,41.666666666666664,12.37916830674588,191703555.20905304,95824833.33333333,10.0,1.0,7.853981633974483,20.0,2.5,98.17477042468104,8782.261557878492,9.610776124023438,9.85894800101479,50.0,12.131584940610962,2302.786376953125,426.2167428145695,5.208333333333333,0.36638087806051367,161.98924870566304
730,0.5233099999999999,1.0,1,967.3285551919291,0.0,377.9021743209634,7.406882616690883,59.25506093352706,66.66194355021794,967.3285551919292,0.0,0.0,2772.057651148907,-0.0,0.0,2.2038935073325536,6.4921305790987756,0.0,329.94039787382036,8782.261557878492,9.610776124023438,9.85894800101479,50.0,12.131584940610962,2302.786376953125,12.131584940610962,86.13425307833782,86.13425307833782,0.0,0.0,5.208333333333333,0.36638087806051367,426.21674281456944,161.98924870566304,297.73844212150834,150.0,1.0,2.272636939596172,0.0,1848.4809294527704,490.34572061344073,477.96655230669484,3212.4457263471454,21.98871280517949,0.0,476.96430600873106,86.13425307833782,97.0526795248877,41.666666666666664,12.37916830674588,191703555.20905304,95824833.33333333,10.0,1.0,7.853981633974483,20.0,2.5,98.17477042468104,8782.261557878492,9.610776124023438,9.85894800101479,50.0,12.131584940610962,2302.786376953125,426.2167428145695,5.208333333333333,0.36638087806051367,161.98924870566304
731,0.4963829999999999,1.0,1,917.5545092045544,0.0,328.0303796159662,6.429395440472937,51.435163523783494,57.86455896425643,917.5545092045538,0.0,0.0,2772.057651148907,-0.0,0.0,3.1813806835505156,3.2458237591492693,0.0,332.20167162871854,8782.261557878492,9.610776124023449,9.85894800101479,50.0,12.131584940610978,2302.786376953125,12.131584940610978,86.13425307833793,86.13425307833784,0.0,0.0,5.208333333333333,0.36638087806051367,426.21674281456944,161.98924870566304,297.73844212150834,150.0,1.0,2.2726369395961767,0.0,1848.4809294527704,490.34572061344073,477.96655230669484,3212.4457263471454,21.98871280517949,0.0,476.96430600873106,86.13425307833782,97.0526795248877,41.666666666666664,12.37916830674588,191703555.20905304,95824833.33333333,10.0,1.0,7.853981633974483,20.0,2.5,98.17477042468104,8782.261557878492,9.610776124023438,9.85894800101479,50.0,12.131584940610962,2302.786376953125,426.2167428145695,5.208333333333333,0.36638087806051367,161.98924870566304
732,0.48524,-0.0,1,896.9568862076624,0.0,490.34572061344085,9.61077612402344,76.88620899218752,86.49698511621096,896.9568862076859,224.40036464053506,0.0,2985.2379975574154,1.0,9.61077612402344,0.0,12.664384360692768,0.0,322.2931811754373,0.0,0.0,9.85894800101479,50.0,0.0,0.0,0.0,0.0,0.0,0.0,0.0,5.208333333333333,0.36638087806051367,0.0,161.98924870566304,9080.0,150.0,-0.0,0.0,9.858948001014797,1848.4809294527704,490.34572061344073,477.96655230669484,3212.4457263471454,21.98871280517949,0.0,476.96430600873106,86.13425307833782,97.0526795248877,41.666666666666664,12.37916830674588,191703555.20905304,95824833.33333333,10.0,1.0,7.853981633974483,20.0,2.5,98.17477042468104,8782.261557878492,9.610776124023438,9.85894800101479,50.0,12.131584940610962,2302.786376953125,426.2167428145695,5.208333333333333,0.36638087806051367,161.98924870566304
733,0.488093,1.0,1,902.2306022993911,0.0,312.67637886934176,6.128457025839098,49.027656206712784,55.15611323255188,902.2306022993913,0.0,0.0,2985.2379975574154,-0.0,0.0,3.4823190981843366,9.110997525810792,0.0,324.5544549303355,8782.261557878492,9.610776124023435,9.85894800101479,50.0,12.131584940610947,2302.786376953125,12.131584940610947,86.13425307833772,86.13425307833772,0.0,0.0,5.208333333333333,0.36638087806051367,426.21674281456814,161.98924870566304,297.73844212150834,150.0,1.0,2.272636939596152,0.0,1848.4809294527704,490.34572061344073,477.96655230669484,3212.4457263471454,21.98871280517949,0.0,476.96430600873106,86.13425307833782,97.0526795248877,41.666666666666664,12.37916830674588,191703555.20905304,95824833.33333333,10.0,1.0,7.853981633974483,20.0,2.5,98.17477042468104,8782.261557878492,9.610776124023438,9.85894800101479,50.0,12.131584940610962,2302.786376953125,426.2167428145695,5.208333333333333,0.36638087806051367,161.98924870566304
734,0.493228,-0.0,1,911.722551872131,0.0,490.34572061344085,9.61077612402344,76.88620899218752,86.49698511621096,911.7225518721307,239.1660303049798,0.0,3212.4457263471463,1.0,9.61077612402344,0.0,18.529558127353763,0.0,314.6459644770543,0.0,0.0,9.85894800101479,50.0,0.0,0.0,0.0,0.0,0.0,0.0,0.0,5.208333333333333,0.36638087806051367,0.0,161.98924870566304,9080.0,150.0,-0.0,0.0,9.858948001014797,1848.4809294527704,490.34572061344073,477.96655230669484,3212.4457263471454,21.98871280517949,0.0,476.96430600873106,86.13425307833782,97.0526795248877,41.666666666666664,12.37916830674588,191703555.20905304,95824833.33333333,10.0,1.0,7.853981633974483,20.0,2.5,98.17477042468104,8782.261557878492,9.610776124023438,9.85894800101479,50.0,12.131584940610962,2302.786376953125,426.2167428145695,5.208333333333333,0.36638087806051367,161.98924870566304
735,0.4843179999999999,1.0,1,895.2525867907067,0.0,305.68465959086996,5.991419327981051,47.93135462384841,53.922773951829456,895.2525867907054,0.0,0.0,3212.4457263471463,-0.0,0.0,3.6193567960423874,14.836336906902348,0.0,316.9072382319525,8782.261557878492,9.610776124023438,9.85894800101479,50.0,12.131584940610947,2302.786376953125,12.131584940610947,86.13425307833772,86.13425307833772,0.0,0.0,5.208333333333333,0.36638087806051367,426.21674281456814,161.98924870566304,297.73844212150834,150.0,1.0,2.27263693959615,0.0,1848.4809294527704,490.34572061344073,477.96655230669484,3212.4457263471454,21.98871280517949,0.0,476.96430600873106,86.13425307833782,97.0526795248877,41.666666666666664,12.37916830674588,191703555.20905304,95824833.33333333,10.0,1.0,7.853981633974483,20.0,2.5,98.17477042468104,8782.261557878492,9.610776124023438,9.85894800101479,50.0,12.131584940610962,2302.786376953125,426.2167428145695,5.208333333333333,0.36638087806051367,161.98924870566304
736,0.451673,1.0,1,834.9089268487212,0.0,326.5377194092266,6.400139300420841,51.20111440336673,57.60125370378757,916.0647746118193,0.0,81.15584776309852,3127.0185181754637,-0.0,0.0,3.210636823602591,11.560176882818071,0.0,319.16851198685066,8782.261557878492,9.610776124023438,9.85894800101479,50.0,12.131584940610962,2302.786376953125,12.131584940610962,86.13425307833782,86.13425307833782,0.0,0.0,5.208333333333333,0.36638087806051367,426.21674281456944,161.98924870566304,297.73844212150834,150.0,1.0,2.272636939596172,0.0,1848.4809294527704,490.34572061344073,477.96655230669484,3212.4457263471454,21.98871280517949,0.0,476.96430600873106,86.13425307833782,97.0526795248877,41.666666666666664,12.37916830674588,191703555.20905304,95824833.33333333,10.0,1.0,7.853981633974483,20.0,2.5,98.17477042468104,8782.261557878492,9.610776124023438,9.85894800101479,50.0,12.131584940610962,2302.786376953125,426.2167428145695,5.208333333333333,0.36638087806051367,161.98924870566304
737,0.41249,-0.0,1,762.4798985899733,0.0,490.34572061344085,9.61077612402344,76.88620899218752,86.49698511621096,762.4798985899736,89.9233770228227,0.0,3212.4457263471454,1.0,9.61077612402344,0.0,20.97873748436104,0.0,309.26002153356944,0.0,0.0,9.85894800101479,50.0,0.0,0.0,0.0,0.0,0.0,0.0,0.0,5.208333333333333,0.36638087806051367,0.0,161.98924870566304,9080.0,150.0,-0.0,0.0,9.85894800101479,1848.4809294527704,490.34572061344073,477.96655230669484,3212.4457263471454,21.98871280517949,0.0,476.96430600873106,86.13425307833782,97.0526795248877,41.666666666666664,12.37916830674588,191703555.20905304,95824833.33333333,10.0,1.0,7.853981633974483,20.0,2.5,98.17477042468104,8782.261557878492,9.610776124023438,9.85894800101479,50.0,12.131584940610962,2302.786376953125,426.2167428145695,5.208333333333333,0.36638087806051367,161.98924870566304
738,0.377512,1.0,1,697.8237326395742,0.0,107.86808495344809,2.1142144650875827,16.91371572070066,19.027930185788243,697.8237326395742,0.0,0.0,3212.4457263471454,-0.0,0.0,7.496561658935855,13.32918477116119,0.0,311.5212952884676,8782.261557878492,9.610776124023438,9.85894800101479,50.0,12.131584940610962,2302.786376953125,12.131584940610962,86.13425307833782,86.13425307833782,0.0,0.0,5.208333333333333,0.36638087806051367,426.2167428145695,161.98924870566304,297.73844212150834,150.0,1.0,2.2726369395961656,0.0,1848.4809294527704,490.34572061344073,477.96655230669484,3212.4457263471454,21.98871280517949,0.0,476.96430600873106,86.13425307833782,97.0526795248877,41.666666666666664,12.37916830674588,191703555.20905304,95824833.33333333,10.0,1.0,7.853981633974483,20.0,2.5,98.17477042468104,8782.261557878492,9.610776124023438,9.85894800101479,50.0,12.131584940610962,2302.786376953125,426.2167428145695,5.208333333333333,0.36638087806051367,161.98924870566304
739,0.341627,-0.0,1,631.4909944861616,0.0,450.82923958862455,8.83625309593704,70.69002476749633,79.52627786343336,631.4909944861616,0.0,0.0,3212.4457263471454,1.0,8.83625309593704,0.0,21.98871280517949,0.0,301.6128048351864,0.0,0.0,9.85894800101479,50.0,0.0,0.0,0.0,0.0,0.0,0.0,0.0,5.208333333333333,0.36638087806051367,0.0,161.98924870566304,9080.0,150.0,-0.0,0.0,9.85894800101479,1848.4809294527704,490.34572061344073,477.96655230669484,3212.4457263471454,21.98871280517949,0.0,476.96430600873106,86.13425307833782,97.0526795248877,41.666666666666664,12.37916830674588,191703555.20905304,95824833.33333333,10.0,1.0,7.853981633974483,20.0,2.5,98.17477042468104,8782.261557878492,9.610776124023438,9.85894800101479,50.0,12.131584940610962,2302.786376953125,426.2167428145695,5.208333333333333,0.36638087806051367,161.98924870566304
740,0.297021,1.0,1,549.0376541469913,0.0,490.34572061344085,9.61077612402344,76.88620899218752,86.49698511621096,1079.551712133672,0.0,530.5140579866825,2654.009875834848,0.0,0.0,0.0,21.988712805179482,0.0,303.87407859008465,8782.261557878492,9.610776124023435,9.85894800101479,50.0,12.131584940610974,2302.786376953125,12.131584940610974,86.1342530783379,86.1342530783379,0.0,0.0,5.208333333333333,0.36638087806051367,426.21674281456814,161.98924870566304,297.73844212150834,150.0,1.0,2.2726369395961785,0.0,1848.4809294527704,490.34572061344073,477.96655230669484,3212.4457263471454,21.98871280517949,0.0,476.96430600873106,86.13425307833782,97.0526795248877,41.666666666666664,12.37916830674588,191703555.20905304,95824833.33333333,10.0,1.0,7.853981633974483,20.0,2.5,98.17477042468104,8782.261557878492,9.610776124023438,9.85894800101479,50.0,12.131584940610962,2302.786376953125,426.2167428145695,5.208333333333333,0.36638087806051367,161.98924870566304
741,0.2798589999999999,1.0,1,517.3140244357227,0.0,151.43085836759028,2.968044824004769,23.744358592038154,26.712403416042925,741.301123017822,0.0,223.9870985820803,2418.233982590553,0.0,0.0,6.642731300018664,15.21041556026277,0.0,306.13535234498283,8782.261557878492,9.610776124023433,9.85894800101479,50.0,12.131584940610969,2302.786376953125,12.131584940610969,86.13425307833788,86.13425307833784,0.0,0.0,5.208333333333333,0.36638087806051367,426.21674281456677,161.98924870566304,297.73844212150834,150.0,1.0,2.272636939596172,0.0,1848.4809294527704,490.34572061344073,477.96655230669484,3212.4457263471454,21.98871280517949,0.0,476.96430600873106,86.13425307833782,97.0526795248877,41.666666666666664,12.37916830674588,191703555.20905304,95824833.33333333,10.0,1.0,7.853981633974483,20.0,2.5,98.17477042468104,8782.261557878492,9.610776124023438,9.85894800101479,50.0,12.131584940610962,2302.786376953125,426.2167428145695,5.208333333333333,0.36638087806051367,161.98924870566304
742,0.286566,-0.0,1,529.7117860295626,0.0,352.889277640396,6.916629841751762,55.333038734014096,62.24966857576586,529.7117860295626,0.0,0.0,2418.233982590553,1.0,6.916629841751762,0.0,21.988712805179492,0.0,296.2268618917016,0.0,0.0,9.85894800101479,50.0,0.0,0.0,0.0,0.0,0.0,0.0,0.0,5.208333333333333,0.36638087806051367,0.0,161.98924870566304,9080.0,150.0,-0.0,0.0,9.858948001014797,1848.4809294527704,490.34572061344073,477.96655230669484,3212.4457263471454,21.98871280517949,0.0,476.96430600873106,86.13425307833782,97.0526795248877,41.666666666666664,12.37916830674588,191703555.20905304,95824833.33333333,10.0,1.0,7.853981633974483,20.0,2.5,98.17477042468104,8782.261557878492,9.610776124023438,9.85894800101479,50.0,12.131584940610962,2302.786376953125,426.2167428145695,5.208333333333333,0.36638087806051367,161.98924870566304
743,0.296982,1.0,1,548.9655633907427,0.0,29.641515107028,0.5809736960977487,4.64778956878199,5.228763264879738,619.750486870053,0.0,70.78492347931073,2343.7235368228576,0.0,0.0,9.02980242792569,12.774628695051241,0.0,298.4881356465998,8782.261557878492,9.610776124023438,9.85894800101479,50.0,12.131584940610962,2302.786376953125,12.131584940610962,86.13425307833782,86.13425307833782,0.0,0.0,5.208333333333333,0.36638087806051367,426.21674281456944,161.98924870566304,297.73844212150834,150.0,1.0,2.272636939596172,0.0,1848.4809294527704,490.34572061344073,477.96655230669484,3212.4457263471454,21.98871280517949,0.0,476.96430600873106,86.13425307833782,97.0526795248877,41.666666666666664,12.37916830674588,191703555.20905304,95824833.33333333,10.0,1.0,7.853981633974483,20.0,2.5,98.17477042468104,8782.261557878492,9.610776124023438,9.85894800101479,50.0,12.131584940610962,2302.786376953125,426.2167428145695,5.208333333333333,0.36638087806051367,161.98924870566304
744,0.0769929999999999,-0.0,1,142.32009220135697,0.0,0.0,0.0,0.0,0.0,162.98924870566304,0.0,20.669156504306073,2321.9665299762196,1.0,0.0,0.0,12.774628695051241,0.0,288.57964519331864,0.0,0.0,9.85894800101479,50.0,0.0,0.0,0.0,0.0,0.0,0.0,0.0,5.208333333333333,0.36638087806051367,0.0,161.98924870566304,9080.0,150.0,-0.0,0.0,9.858948001014767,1848.4809294527704,490.34572061344073,477.96655230669484,3212.4457263471454,21.98871280517949,0.0,476.96430600873106,86.13425307833782,97.0526795248877,41.666666666666664,12.37916830674588,191703555.20905304,95824833.33333333,10.0,1.0,7.853981633974483,20.0,2.5,98.17477042468104,8782.261557878492,9.610776124023438,9.85894800101479,50.0,12.131584940610962,2302.786376953125,426.2167428145695,5.208333333333333,0.36638087806051367,161.98924870566304
745,0.082233,-0.0,1,152.00613227168967,0.0,0.0,0.0,0.0,0.0,162.98924870566304,0.0,10.983116433973379,2310.4053547825633,1.0,0.0,0.0,12.774628695051241,0.0,278.6711547400374,0.0,0.0,9.85894800101479,50.0,0.0,0.0,0.0,0.0,0.0,0.0,0.0,5.208333333333333,0.36638087806051367,0.0,161.98924870566304,9080.0,150.0,-0.0,0.0,9.85894800101479,1848.4809294527704,490.34572061344073,477.96655230669484,3212.4457263471454,21.98871280517949,0.0,476.96430600873106,86.13425307833782,97.0526795248877,41.666666666666664,12.37916830674588,191703555.20905304,95824833.33333333,10.0,1.0,7.853981633974483,20.0,2.5,98.17477042468104,8782.261557878492,9.610776124023438,9.85894800101479,50.0,12.131584940610962,2302.786376953125,426.2167428145695,5.208333333333333,0.36638087806051367,161.98924870566304
746,0.080206,-0.0,1,148.2592614276889,0.0,0.0,0.0,0.0,0.0,162.98924870566304,0.0,14.729987277974146,2294.9001050162747,1.0,0.0,0.0,12.774628695051241,0.0,268.7626642867562,0.0,0.0,9.85894800101479,50.0,0.0,0.0,0.0,0.0,0.0,0.0,0.0,5.208333333333333,0.36638087806051367,0.0,161.98924870566304,9080.0,150.0,-0.0,0.0,9.85894800101479,1848.4809294527704,490.34572061344073,477.96655230669484,3212.4457263471454,21.98871280517949,0.0,476.96430600873106,86.13425307833782,97.0526795248877,41.666666666666664,12.37916830674588,191703555.20905304,95824833.33333333,10.0,1.0,7.853981633974483,20.0,2.5,98.17477042468104,8782.261557878492,9.610776124023438,9.85894800101479,50.0,12.131584940610962,2302.786376953125,426.2167428145695,5.208333333333333,0.36638087806051367,161.98924870566304
747,0.073187,-0.0,1,135.28477378385992,0.0,0.0,0.0,0.0,0.0,162.98924870566304,0.0,27.7044749218028,2265.737499835429,1.0,0.0,0.0,12.774628695051241,0.0,258.854173833475,0.0,0.0,9.85894800101479,50.0,0.0,0.0,0.0,0.0,0.0,0.0,0.0,5.208333333333333,0.36638087806051367,0.0,161.98924870566304,9080.0,150.0,-0.0,0.0,9.85894800101479,1848.4809294527704,490.34572061344073,477.96655230669484,3212.4457263471454,21.98871280517949,0.0,476.96430600873106,86.13425307833782,97.0526795248877,41.666666666666664,12.37916830674588,191703555.20905304,95824833.33333333,10.0,1.0,7.853981633974483,20.0,2.5,98.17477042468104,8782.261557878492,9.610776124023438,9.85894800101479,50.0,12.131584940610962,2302.786376953125,426.2167428145695,5.208333333333333,0.36638087806051367,161.98924870566304
748,0.065432,-0.0,1,120.94980417595367,0.0,0.0,0.0,0.0,0.0,162.98924870566304,0.0,42.039444529705904,2221.4854529620543,-0.0,0.0,0.0,12.774628695051241,0.0,248.94568338019383,0.0,0.0,9.85894800101479,50.0,0.0,0.0,0.0,0.0,0.0,0.0,0.0,5.208333333333333,0.36638087806051367,0.0,161.98924870566304,9080.0,150.0,-0.0,0.0,9.85894800101479,1848.4809294527704,490.34572061344073,477.96655230669484,3212.4457263471454,21.98871280517949,0.0,476.96430600873106,86.13425307833782,97.0526795248877,41.666666666666664,12.37916830674588,191703555.20905304,95824833.33333333,10.0,1.0,7.853981633974483,20.0,2.5,98.17477042468104,8782.261557878492,9.610776124023438,9.85894800101479,50.0,12.131584940610962,2302.786376953125,426.2167428145695,5.208333333333333,0.36638087806051367,161.98924870566304
749,0.056911,-0.0,1,105.19889817608662,0.0,0.0,0.0,0.0,0.0,162.98924870566304,0.0,57.79035052957643,2160.6535050361845,1.0,0.0,0.0,12.774628695051241,0.0,239.03719292691264,0.0,0.0,9.85894800101479,50.0,0.0,0.0,0.0,0.0,0.0,0.0,0.0,5.208333333333333,0.36638087806051367,0.0,161.98924870566304,9080.0,150.0,-0.0,0.0,9.85894800101479,1848.4809294527704,490.34572061344073,477.96655230669484,3212.4457263471454,21.98871280517949,0.0,476.96430600873106,86.13425307833782,97.0526795248877,41.666666666666664,12.37916830674588,191703555.20905304,95824833.33333333,10.0,1.0,7.853981633974483,20.0,2.5,98.17477042468104,8782.261557878492,9.610776124023438,9.85894800101479,50.0,12.131584940610962,2302.786376953125,426.2167428145695,5.208333333333333,0.36638087806051367,161.98924870566304
750,0.043132,-0.0,1,79.72867944915689,0.0,0.0,0.0,0.0,0.0,162.98924870566304,0.0,83.26056925650616,2073.0108005556517,1.0,0.0,0.0,12.774628695051241,0.0,229.12870247363145,0.0,0.0,9.85894800101479,50.0,0.0,0.0,0.0,0.0,0.0,0.0,0.0,5.208333333333333,0.36638087806051367,0.0,161.98924870566304,9080.0,150.0,-0.0,0.0,9.85894800101479,1848.4809294527704,490.34572061344073,477.96655230669484,3212.4457263471454,21.98871280517949,0.0,476.96430600873106,86.13425307833782,97.0526795248877,41.666666666666664,12.37916830674588,191703555.20905304,95824833.33333333,10.0,1.0,7.853981633974483,20.0,2.5,98.17477042468104,8782.261557878492,9.610776124023438,9.85894800101479,50.0,12.131584940610962,2302.786376953125,426.2167428145695,5.208333333333333,0.36638087806051367,161.98924870566304
751,0.033241,-0.0,1,61.44535457593954,0.0,0.0,0.0,0.0,0.0,162.98924870566304,0.0,101.5438941297235,1966.1224909454163,1.0,0.0,0.0,12.774628695051241,0.0,219.22021202035026,0.0,0.0,9.85894800101479,50.0,0.0,0.0,0.0,0.0,0.0,0.0,0.0,5.208333333333333,0.36638087806051367,0.0,161.98924870566304,9080.0,150.0,-0.0,0.0,9.85894800101479,1848.4809294527704,490.34572061344073,477.96655230669484,3212.4457263471454,21.98871280517949,0.0,476.96430600873106,86.13425307833782,97.0526795248877,41.666666666666664,12.37916830674588,191703555.20905304,95824833.33333333,10.0,1.0,7.853981633974483,20.0,2.5,98.17477042468104,8782.261557878492,9.610776124023438,9.85894800101479,50.0,12.131584940610962,2302.786376953125,426.2167428145695,5.208333333333333,0.36638087806051367,161.98924870566304
752,0.0268769999999999,0.0,1,49.68162194090193,0.0,0.0,0.0,0.0,0.0,162.98924870566304,0.0,113.30762676476112,1846.8513048772468,1.0,0.0,0.0,12.774628695051241,0.0,209.31172156706907,0.0,0.0,9.85894800101479,50.0,0.0,0.0,0.0,0.0,0.0,0.0,0.0,5.208333333333333,0.36638087806051367,0.0,161.98924870566304,9080.0,150.0,0.0,0.0,9.85894800101479,1848.4809294527704,490.34572061344073,477.96655230669484,3212.4457263471454,21.98871280517949,0.0,476.96430600873106,86.13425307833782,97.0526795248877,41.666666666666664,12.37916830674588,191703555.20905304,95824833.33333333,10.0,1.0,7.853981633974483,20.0,2.5,98.17477042468104,8782.261557878492,9.610776124023438,9.85894800101479,50.0,12.131584940610962,2302.786376953125,426.2167428145695,5.208333333333333,0.36638087806051367,161.98924870566304
753,0.0240279999999999,-0.0,1,44.41529977289098,0.0,0.0,0.0,0.0,0.0,162.98924870566304,0.0,118.57394893277205,1722.0366217901183,-0.0,0.0,0.0,12.774628695051241,0.0,199.40323111381016,0.0,0.0,9.85894800101479,50.0,0.0,0.0,0.0,0.0,0.0,0.0,0.0,5.208333333333333,0.36638087806051367,0.0,161.98924870566304,9080.0,150.0,-0.0,0.0,9.858948001014767,1848.4809294527704,490.34572061344073,477.96655230669484,3212.4457263471454,21.98871280517949,0.0,476.96430600873106,86.13425307833782,97.0526795248877,41.666666666666664,12.37916830674588,191703555.20905304,95824833.33333333,10.0,1.0,7.853981633974483,20.0,2.5,98.17477042468104,8782.261557878492,9.610776124023438,9.85894800101479,50.0,12.131584940610962,2302.786376953125,426.2167428145695,5.208333333333333,0.36638087806051367,161.98924870566304
754,0.02862,-0.0,1,52.903524200938286,0.0,0.0,0.0,0.0,0.0,162.98924870566304,0.0,110.08572450472477,1606.1569117851448,1.0,0.0,0.0,12.774628695051241,0.0,189.49474066052898,0.0,0.0,9.85894800101479,50.0,0.0,0.0,0.0,0.0,0.0,0.0,0.0,5.208333333333333,0.36638087806051367,0.0,161.98924870566304,9080.0,150.0,-0.0,0.0,9.85894800101479,1848.4809294527704,490.34572061344073,477.96655230669484,3212.4457263471454,21.98871280517949,0.0,476.96430600873106,86.13425307833782,97.0526795248877,41.666666666666664,12.37916830674588,191703555.20905304,95824833.33333333,10.0,1.0,7.853981633974483,20.0,2.5,98.17477042468104,8782.261557878492,9.610776124023438,9.85894800101479,50.0,12.131584940610962,2302.786376953125,426.2167428145695,5.208333333333333,0.36638087806051367,161.98924870566304
755,0.039865,-0.0,1,73.68969225263469,0.0,0.0,0.0,0.0,0.0,162.98924870566304,0.0,89.29955645302836,1512.157378676694,1.0,0.0,0.0,12.774628695051241,0.0,179.5862502072478,0.0,0.0,9.85894800101479,50.0,0.0,0.0,0.0,0.0,0.0,0.0,0.0,5.208333333333333,0.36638087806051367,0.0,161.98924870566304,9080.0,150.0,-0.0,0.0,9.85894800101479,1848.4809294527704,490.34572061344073,477.96655230669484,3212.4457263471454,21.98871280517949,0.0,476.96430600873106,86.13425307833782,97.0526795248877,41.666666666666664,12.37916830674588,191703555.20905304,95824833.33333333,10.0,1.0,7.853981633974483,20.0,2.5,98.17477042468104,8782.261557878492,9.610776124023438,9.85894800101479,50.0,12.131584940610962,2302.786376953125,426.2167428145695,5.208333333333333,0.36638087806051367,161.98924870566304
756,0.044406,-0.0,1,82.08364415327972,0.0,0.0,0.0,0.0,0.0,162.98924870566304,0.0,80.90560455238332,1426.9935844110273,1.0,0.0,0.0,12.774628695051241,0.0,169.67775975394517,0.0,0.0,9.85894800101479,50.0,0.0,0.0,0.0,0.0,0.0,0.0,0.0,5.208333333333333,0.36638087806051367,0.0,161.98924870566304,9080.0,150.0,-0.0,0.0,9.858948001014792,1848.4809294527704,490.34572061344073,477.96655230669484,3212.4457263471454,21.98871280517949,0.0,476.96430600873106,86.13425307833782,97.0526795248877,41.666666666666664,12.37916830674588,191703555.20905304,95824833.33333333,10.0,1.0,7.853981633974483,20.0,2.5,98.17477042468104,8782.261557878492,9.610776124023438,9.85894800101479,50.0,12.131584940610962,2302.786376953125,426.2167428145695,5.208333333333333,0.36638087806051367,161.98924870566304
757,0.029369,-0.0,1,54.28803641709841,0.0,0.0,0.0,0.0,0.0,162.98924870566304,0.0,108.70121228856463,1312.5712556862225,-0.0,0.0,0.0,12.774628695051241,0.0,159.76926930066398,0.0,0.0,9.85894800101479,50.0,0.0,0.0,0.0,0.0,0.0,0.0,0.0,5.208333333333333,0.36638087806051367,0.0,161.98924870566304,9080.0,150.0,-0.0,0.0,9.85894800101479,1848.4809294527704,490.34572061344073,477.96655230669484,3212.4457263471454,21.98871280517949,0.0,476.96430600873106,86.13425307833782,97.0526795248877,41.666666666666664,12.37916830674588,191703555.20905304,95824833.33333333,10.0,1.0,7.853981633974483,20.0,2.5,98.17477042468104,8782.261557878492,9.610776124023438,9.85894800101479,50.0,12.131584940610962,2302.786376953125,426.2167428145695,5.208333333333333,0.36638087806051367,161.98924870566304
758,0.015827,-0.0,1,29.255907670448998,0.0,0.0,0.0,0.0,0.0,162.98924870566304,0.0,133.7333410352253,1171.7993177544063,1.0,0.0,0.0,12.774628695051241,0.0,149.8607788473828,0.0,0.0,9.85894800101479,50.0,0.0,0.0,0.0,0.0,0.0,0.0,0.0,5.208333333333333,0.36638087806051367,0.0,161.98924870566304,9080.0,150.0,-0.0,0.0,9.85894800101479,1848.4809294527704,490.34572061344073,477.96655230669484,3212.4457263471454,21.98871280517949,0.0,476.96430600873106,86.13425307833782,97.0526795248877,41.666666666666664,12.37916830674588,191703555.20905304,95824833.33333333,10.0,1.0,7.853981633974483,20.0,2.5,98.17477042468104,8782.261557878492,9.610776124023438,9.85894800101479,50.0,12.131584940610962,2302.786376953125,426.2167428145695,5.208333333333333,0.36638087806051367,161.98924870566304
759,0.010734,-0.0,1,19.841594296746038,0.0,0.0,0.0,0.0,0.0,162.98924870566304,0.0,143.147654408917,1021.1175762713357,-0.0,0.0,0.0,12.774628695051241,0.0,139.9522883941016,0.0,0.0,9.85894800101479,50.0,0.0,0.0,0.0,0.0,0.0,0.0,0.0,5.208333333333333,0.36638087806051367,0.0,161.98924870566304,9080.0,150.0,-0.0,0.0,9.85894800101479,1848.4809294527704,490.34572061344073,477.96655230669484,3212.4457263471454,21.98871280517949,0.0,476.96430600873106,86.13425307833782,97.0526795248877,41.666666666666664,12.37916830674588,191703555.20905304,95824833.33333333,10.0,1.0,7.853981633974483,20.0,2.5,98.17477042468104,8782.261557878492,9.610776124023438,9.85894800101479,50.0,12.131584940610962,2302.786376953125,426.2167428145695,5.208333333333333,0.36638087806051367,161.98924870566304
760,0.007416,-0.0,1,13.708334572821745,0.0,0.0,0.0,0.0,0.0,162.98924870566304,0.0,149.2809141328413,863.9797719209764,-0.0,0.0,0.0,12.774628695051241,0.0,130.0437979408203,0.0,0.0,9.85894800101479,50.0,0.0,0.0,0.0,0.0,0.0,0.0,0.0,5.208333333333333,0.36638087806051367,0.0,161.98924870566304,9080.0,150.0,-0.0,0.0,9.85894800101479,1848.4809294527704,490.34572061344073,477.96655230669484,3212.4457263471454,21.98871280517949,0.0,476.96430600873106,86.13425307833782,97.0526795248877,41.666666666666664,12.37916830674588,191703555.20905304,95824833.33333333,10.0,1.0,7.853981633974483,20.0,2.5,98.17477042468104,8782.261557878492,9.610776124023438,9.85894800101479,50.0,12.131584940610962,2302.786376953125,426.2167428145695,5.208333333333333,0.36638087806051367,161.98924870566304
761,0.009112,0.0,1,16.843358229173646,0.0,0.0,0.0,0.0,0.0,162.98924870566304,0.0,146.1458904764894,710.1419924720402,1.0,0.0,0.0,12.774628695051241,0.0,120.1353074875391,0.0,0.0,9.85894800101479,50.0,0.0,0.0,0.0,0.0,0.0,0.0,0.0,5.208333333333333,0.36638087806051367,0.0,161.98924870566304,9080.0,150.0,-0.0,0.0,9.85894800101479,1848.4809294527704,490.34572061344073,477.96655230669484,3212.4457263471454,21.98871280517949,0.0,476.96430600873106,86.13425307833782,97.0526795248877,41.666666666666664,12.37916830674588,191703555.20905304,95824833.33333333,10.0,1.0,7.853981633974483,20.0,2.5,98.17477042468104,8782.261557878492,9.610776124023438,9.85894800101479,50.0,12.131584940610962,2302.786376953125,426.2167428145695,5.208333333333333,0.36638087806051367,161.98924870566304
762,0.019094,-0.0,1,35.2948948669712,0.0,0.0,0.0,0.0,0.0,162.98924870566304,0.0,127.69435383869185,575.726883168154,1.0,0.0,0.0,12.774628695051241,0.0,110.2268170342579,0.0,0.0,9.85894800101479,50.0,0.0,0.0,0.0,0.0,0.0,0.0,0.0,5.208333333333333,0.36638087806051367,0.0,161.98924870566304,9080.0,150.0,-0.0,0.0,9.85894800101479,1848.4809294527704,490.34572061344073,477.96655230669484,3212.4457263471454,21.98871280517949,0.0,476.96430600873106,86.13425307833782,97.0526795248877,41.666666666666664,12.37916830674588,191703555.20905304,95824833.33333333,10.0,1.0,7.853981633974483,20.0,2.5,98.17477042468104,8782.261557878492,9.610776124023438,9.85894800101479,50.0,12.131584940610962,2302.786376953125,426.2167428145695,5.208333333333333,0.36638087806051367,161.98924870566304
763,0.02958,-0.0,1,54.678065893212946,0.0,0.0,0.0,0.0,0.0,162.98924870566304,0.0,108.3111828124501,461.7151117866276,1.0,0.0,0.0,12.774628695051241,0.0,100.31832658097672,0.0,0.0,9.85894800101479,50.0,0.0,0.0,0.0,0.0,0.0,0.0,0.0,5.208333333333333,0.36638087806051367,0.0,161.98924870566304,9080.0,150.0,-0.0,0.0,9.85894800101479,1848.4809294527704,490.34572061344073,477.96655230669484,3212.4457263471454,21.98871280517949,0.0,476.96430600873106,86.13425307833782,97.0526795248877,41.666666666666664,12.37916830674588,191703555.20905304,95824833.33333333,10.0,1.0,7.853981633974483,20.0,2.5,98.17477042468104,8782.261557878492,9.610776124023438,9.85894800101479,50.0,12.131584940610962,2302.786376953125,426.2167428145695,5.208333333333333,0.36638087806051367,161.98924870566304
764,0.034622,-0.0,1,63.998106739513815,0.0,0.0,0.0,0.0,0.0,162.98924870566304,0.0,98.99114196614923,357.5139097169968,1.0,0.0,0.0,12.774628695051447,0.0,90.40983612767755,0.0,0.0,9.85894800101479,50.0,0.0,0.0,0.0,0.0,0.0,0.0,0.0,5.208333333333333,0.36638087806051367,0.0,161.98924870566304,9080.0,150.0,-0.0,0.0,9.85894800101479,1848.4809294527704,490.34572061344073,477.96655230669484,3212.4457263471454,21.98871280517949,0.0,476.96430600873106,86.13425307833782,97.0526795248877,41.666666666666664,12.37916830674588,191703555.20905304,95824833.33333333,10.0,1.0,7.853981633974483,20.0,2.5,98.17477042468104,8782.261557878492,9.610776124023438,9.85894800101479,50.0,12.131584940610962,2302.786376953125,426.2167428145695,5.208333333333333,0.36638087806051367,161.98924870566304
765,0.032509,-0.0,1,60.092266535580116,0.0,0.0,0.0,0.0,0.0,162.98924870566304,0.0,102.89698217008285,249.2012969063833,-0.0,0.0,0.0,12.774628695051447,0.0,80.50134567439636,0.0,0.0,9.85894800101479,50.0,0.0,0.0,0.0,0.0,0.0,0.0,0.0,5.208333333333333,0.36638087806051367,0.0,161.98924870566304,9080.0,150.0,-0.0,0.0,9.85894800101479,1848.4809294527704,490.34572061344073,477.96655230669484,3212.4457263471454,21.98871280517949,0.0,476.96430600873106,86.13425307833782,97.0526795248877,41.666666666666664,12.37916830674588,191703555.20905304,95824833.33333333,10.0,1.0,7.853981633974483,20.0,2.5,98.17477042468104,8782.261557878492,9.610776124023438,9.85894800101479,50.0,12.131584940610962,2302.786376953125,426.2167428145695,5.208333333333333,0.36638087806051367,161.98924870566304
766,0.026418,-0.0,1,48.833169194283286,0.0,0.0,0.0,0.0,0.0,162.98924870566304,0.0,114.15607951137976,129.0370026838783,1.0,0.0,0.0,12.774628695051447,0.0,70.59285522111517,0.0,0.0,9.85894800101479,50.0,0.0,0.0,0.0,0.0,0.0,0.0,0.0,5.208333333333333,0.36638087806051367,0.0,161.98924870566304,9080.0,150.0,-0.0,0.0,9.85894800101479,1848.4809294527704,490.34572061344073,477.96655230669484,3212.4457263471454,21.98871280517949,0.0,476.96430600873106,86.13425307833782,97.0526795248877,41.666666666666664,12.37916830674588,191703555.20905304,95824833.33333333,10.0,1.0,7.853981633974483,20.0,2.5,98.17477042468104,8782.261557878492,9.610776124023438,9.85894800101479,50.0,12.131584940610962,2302.786376953125,426.2167428145695,5.208333333333333,0.36638087806051367,161.98924870566304
767,0.021858,-0.0,1,40.40409615597866,0.0,0.0,0.0,0.0,0.0,162.98924870566304,0.0,122.58515254968438,0.0,1.0,0.0,0.0,12.774628695051447,0.0,60.6843647678232,0.0,0.0,9.85894800101479,50.0,0.0,0.0,0.0,0.0,0.0,0.0,0.0,5.208333333333333,0.36638087806051367,0.0,161.98924870566304,9080.0,150.0,-0.0,0.0,9.85894800101479,1848.4809294527704,490.34572061344073,477.96655230669484,3212.4457263471454,21.98871280517949,0.0,476.96430600873106,86.13425307833782,97.0526795248877,41.666666666666664,12.37916830674588,191703555.20905304,95824833.33333333,10.0,1.0,7.853981633974483,20.0,2.5,98.17477042468104,8782.261557878492,9.610776124023438,9.85894800101479,50.0,12.131584940610962,2302.786376953125,426.2167428145695,5.208333333333333,0.36638087806051367,161.98924870566304
768,0.8988379999999999,1.0,1,1661.484901667469,0.0,490.34572061344085,9.61077612402344,76.88620899218752,86.49698511621096,1661.4849016674666,581.9331895337958,0.0,552.836530057106,1.0,0.0,0.0,12.774628695051447,0.0,62.94563852145122,8782.261557878492,9.61077612402344,9.85894800101479,50.0,12.131584940214747,2302.786376953125,12.131584940214747,86.1342530755247,86.1342530755247,0.0,0.0,5.208333333333333,0.36638087806051367,426.21674281456677,161.98924870566304,297.73844212150834,150.0,1.0,2.272636938308134,0.0,1848.4809294527704,490.34572061344073,477.96655230669484,3212.4457263471454,21.98871280517949,0.0,476.96430600873106,86.13425307833782,97.0526795248877,41.666666666666664,12.37916830674588,191703555.20905304,95824833.33333333,10.0,1.0,7.853981633974483,20.0,2.5,98.17477042468104,8782.261557878492,9.610776124023438,9.85894800101479,50.0,12.131584940610962,2302.786376953125,426.2167428145695,5.208333333333333,0.36638087806051367,161.98924870566304
769,0.918996,1.0,1,1698.7465802433783,0.0,490.34572061344073,9.610776124023438,76.8862089921875,86.49698511621094,1162.3248396736394,82.77312753996596,0.0,631.4710012200736,1.0,0.0,0.0,12.774628695051447,0.0,65.20691227634941,8782.261557878492,9.610776124023438,9.85894800101479,50.0,12.131584940610962,2302.786376953125,12.131584940610962,86.13425307833782,86.13425307833782,0.0,0.0,5.208333333333333,0.36638087806051367,426.2167428145695,161.98924870566304,297.73844212150834,150.0,1.0,2.2726369395961656,0.0,1848.4809294527704,490.34572061344073,477.96655230669484,3212.4457263471454,21.98871280517949,0.0,476.96430600873106,86.13425307833782,97.0526795248877,41.666666666666664,12.37916830674588,191703555.20905304,95824833.33333333,10.0,1.0,7.853981633974483,20.0,2.5,98.17477042468104,8782.261557878492,9.610776124023438,9.85894800101479,50.0,12.131584940610962,2302.786376953125,426.2167428145695,5.208333333333333,0.36638087806051367,161.98924870566304
770,0.936596,1.0,1,1731.2798446017468,0.0,490.34572061344073,9.610776124023438,76.8862089921875,86.49698511621094,1079.5517121336734,0.0,0.0,631.4710012200736,1.0,0.0,0.0,12.774628695051447,0.0,67.46818603136911,8782.261557878492,9.610776124023438,9.85894800101479,50.0,12.131584940610962,2302.786376953125,12.131584940610962,86.13425307833782,86.13425307833782,0.0,0.0,5.208333333333333,0.36638087806051367,426.2167428145695,161.98924870566304,297.73844212150834,150.0,1.0,2.2726369395961656,0.0,1848.4809294527704,490.34572061344073,477.96655230669484,3212.4457263471454,21.98871280517949,0.0,476.96430600873106,86.13425307833782,97.0526795248877,41.666666666666664,12.37916830674588,191703555.20905304,95824833.33333333,10.0,1.0,7.853981633974483,20.0,2.5,98.17477042468104,8782.261557878492,9.610776124023438,9.85894800101479,50.0,12.131584940610962,2302.786376953125,426.2167428145695,5.208333333333333,0.36638087806051367,161.98924870566304
771,0.943617,1.0,1,1744.258029207435,0.0,490.34572061344085,9.61077612402344,76.88620899218752,86.49698511621096,1165.6859652120113,0.0,0.0,631.4710012200736,0.0,0.0,0.0,12.774628695051447,0.0,69.7294597862673,8782.261557878492,9.610776124023438,9.85894800101479,50.0,12.131584940610962,2302.786376953125,12.131584940610962,86.13425307833782,0.0,86.13425307833782,86.13425307833782,5.208333333333333,0.36638087806051367,426.2167428145695,161.98924870566304,297.73844212150834,150.0,1.0,2.2726369395961656,0.0,1848.4809294527704,490.34572061344073,477.96655230669484,3212.4457263471454,21.98871280517949,0.0,476.96430600873106,86.13425307833782,97.0526795248877,41.666666666666664,12.37916830674588,191703555.20905304,95824833.33333333,10.0,1.0,7.853981633974483,20.0,2.5,98.17477042468104,8782.261557878492,9.610776124023438,9.85894800101479,50.0,12.131584940610962,2302.786376953125,426.2167428145695,5.208333333333333,0.36638087806051367,161.98924870566304
772,0.946659,1.0,1,1749.8811081948302,0.0,490.34572061344085,9.61077612402344,76.88620899218752,86.49698511621096,1079.5517121336734,0.0,0.0,631.4710012200676,0.0,0.0,0.0,12.774628695051447,0.0,71.99073354116548,8782.261557878492,9.610776124023438,9.85894800101479,50.0,12.131584940610962,2302.786376953125,12.131584940610962,86.13425307833782,86.13425307833776,0.0,0.0,5.208333333333333,0.36638087806051367,426.2167428145695,161.98924870566304,297.73844212150834,150.0,1.0,2.2726369395961656,0.0,1848.4809294527704,490.34572061344073,477.96655230669484,3212.4457263471454,21.98871280517949,0.0,476.96430600873106,86.13425307833782,97.0526795248877,41.666666666666664,12.37916830674588,191703555.20905304,95824833.33333333,10.0,1.0,7.853981633974483,20.0,2.5,98.17477042468104,8782.261557878492,9.610776124023438,9.85894800101479,50.0,12.131584940610962,2302.786376953125,426.2167428145695,5.208333333333333,0.36638087806051367,161.98924870566304
773,0.943609,1.0,1,1744.2432413599993,0.0,490.34572061344085,9.61077612402344,76.88620899218752,86.49698511621096,1079.5517121336707,0.0,0.0,631.4710012200676,0.0,0.0,0.0,12.774628695051447,0.0,74.25200729608258,8782.261557878492,9.610776124023438,9.85894800101479,50.0,12.131584940610944,2302.786376953125,12.131584940610944,86.1342530783377,86.1342530783377,0.0,0.0,5.208333333333333,0.36638087806051367,426.21674281456677,161.98924870566304,297.73844212150834,150.0,1.0,2.272636939596132,0.0,1848.4809294527704,490.34572061344073,477.96655230669484,3212.4457263471454,21.98871280517949,0.0,476.96430600873106,86.13425307833782,97.0526795248877,41.666666666666664,12.37916830674588,191703555.20905304,95824833.33333333,10.0,1.0,7.853981633974483,20.0,2.5,98.17477042468104,8782.261557878492,9.610776124023438,9.85894800101479,50.0,12.131584940610962,2302.786376953125,426.2167428145695,5.208333333333333,0.36638087806051367,161.98924870566304
774,0.936273,1.0,1,1730.6827852615338,0.0,490.34572061344085,9.61077612402344,76.88620899218752,86.49698511621096,1079.5517121336734,0.0,0.0,631.4710012200736,0.0,0.0,0.0,12.77462869505145,0.0,76.51328105098077,8782.261557878492,9.610776124023438,9.85894800101479,50.0,12.131584940610962,2302.786376953125,12.131584940610962,86.13425307833782,86.13425307833782,0.0,0.0,5.208333333333333,0.36638087806051367,426.2167428145695,161.98924870566304,297.73844212150834,150.0,1.0,2.2726369395961656,0.0,1848.4809294527704,490.34572061344073,477.96655230669484,3212.4457263471454,21.98871280517949,0.0,476.96430600873106,86.13425307833782,97.0526795248877,41.666666666666664,12.37916830674588,191703555.20905304,95824833.33333333,10.0,1.0,7.853981633974483,20.0,2.5,98.17477042468104,8782.261557878492,9.610776124023438,9.85894800101479,50.0,12.131584940610962,2302.786376953125,426.2167428145695,5.208333333333333,0.36638087806051367,161.98924870566304
775,0.919414,1.0,1,1699.5192452718893,0.0,490.34572061344085,9.61077612402344,76.88620899218752,86.49698511621096,1079.5517121336707,0.0,510.11869180533665,94.50395721445614,1.0,0.0,0.0,12.77462869505145,0.0,78.7745548059125,8782.261557878492,9.61077612402344,9.85894800101479,50.0,12.131584940610944,2302.786376953125,12.131584940610944,86.1342530783377,86.1342530783377,0.0,0.0,5.208333333333333,0.36638087806051367,426.21674281456677,161.98924870566304,297.73844212150834,150.0,1.0,2.272636939596136,0.0,1848.4809294527704,490.34572061344073,477.96655230669484,3212.4457263471454,21.98871280517949,0.0,476.96430600873106,86.13425307833782,97.0526795248877,41.666666666666664,12.37916830674588,191703555.20905304,95824833.33333333,10.0,1.0,7.853981633974483,20.0,2.5,98.17477042468104,8782.261557878492,9.610776124023438,9.85894800101479,50.0,12.131584940610962,2302.786376953125,426.2167428145695,5.208333333333333,0.36638087806051367,161.98924870566304
776,0.8898010000000001,1.0,1,1644.7801795080047,0.0,490.34572061344085,9.61077612402344,76.88620899218752,86.49698511621096,1644.780179508005,565.2284673743343,0.0,631.4710012200736,0.0,0.0,0.0,12.774628695051458,0.0,81.03582856082947,8782.261557878492,9.610776124023433,9.85894800101479,50.0,12.131584940610944,2302.786376953125,12.131584940610944,86.1342530783377,86.1342530783377,0.0,0.0,5.208333333333333,0.36638087806051367,426.21674281456677,161.98924870566304,297.73844212150834,150.0,1.0,2.272636939596136,0.0,1848.4809294527704,490.34572061344073,477.96655230669484,3212.4457263471454,21.98871280517949,0.0,476.96430600873106,86.13425307833782,97.0526795248877,41.666666666666664,12.37916830674588,191703555.20905304,95824833.33333333,10.0,1.0,7.853981633974483,20.0,2.5,98.17477042468104,8782.261557878492,9.610776124023438,9.85894800101479,50.0,12.131584940610962,2302.786376953125,426.2167428145695,5.208333333333333,0.36638087806051367,161.98924870566304
777,0.8623730000000001,1.0,1,1594.0800445749742,0.0,490.3457206134408,9.61077612402344,76.88620899218752,86.49698511621096,1079.5517121336707,0.0,121.81201076509456,503.24783199365834,0.0,0.0,0.0,12.774628695051467,0.0,83.29710231573551,8782.261557878492,9.610776124023433,9.85894800101479,50.0,12.131584940610944,2302.786376953125,12.131584940610944,86.1342530783377,86.1342530783377,0.0,0.0,5.208333333333333,0.36638087806051367,426.21674281456677,161.98924870566304,297.73844212150834,150.0,1.0,2.272636939596136,0.0,1848.4809294527704,490.34572061344073,477.96655230669484,3212.4457263471454,21.98871280517949,0.0,476.96430600873106,86.13425307833782,97.0526795248877,41.666666666666664,12.37916830674588,191703555.20905304,95824833.33333333,10.0,1.0,7.853981633974483,20.0,2.5,98.17477042468104,8782.261557878492,9.610776124023438,9.85894800101479,50.0,12.131584940610962,2302.786376953125,426.2167428145695,5.208333333333333,0.36638087806051367,161.98924870566304
778,0.829631,1.0,1,1533.5570819828313,0.0,490.3457206134411,9.610776124023445,76.88620899218756,86.49698511621101,1079.5517121336736,0.0,0.0,503.24783199365834,-0.0,0.0,0.0,12.774628695051467,0.0,85.5583760706337,8782.261557878492,9.610776124023438,9.85894800101479,50.0,12.131584940610962,2302.786376953125,12.131584940610962,86.13425307833782,86.13425307833782,0.0,0.0,5.208333333333333,0.36638087806051367,426.2167428145695,161.98924870566304,297.73844212150834,150.0,1.0,2.2726369395961656,0.0,1848.4809294527704,490.34572061344073,477.96655230669484,3212.4457263471454,21.98871280517949,0.0,476.96430600873106,86.13425307833782,97.0526795248877,41.666666666666664,12.37916830674588,191703555.20905304,95824833.33333333,10.0,1.0,7.853981633974483,20.0,2.5,98.17477042468104,8782.261557878492,9.610776124023438,9.85894800101479,50.0,12.131584940610962,2302.786376953125,426.2167428145695,5.208333333333333,0.36638087806051367,161.98924870566304
779,0.800563,1.0,1,1479.8254383254982,0.0,490.34572061344073,9.610776124023438,76.8862089921875,86.49698511621094,1079.5517121336734,0.0,0.0,503.24783199365834,1.0,0.0,0.0,12.774628695051467,0.0,87.81964982553188,8782.261557878492,9.610776124023438,9.85894800101479,50.0,12.131584940610962,2302.786376953125,12.131584940610962,86.13425307833782,86.13425307833782,0.0,0.0,5.208333333333333,0.36638087806051367,426.2167428145695,161.98924870566304,297.73844212150834,150.0,1.0,2.2726369395961656,0.0,1848.4809294527704,490.34572061344073,477.96655230669484,3212.4457263471454,21.98871280517949,0.0,476.96430600873106,86.13425307833782,97.0526795248877,41.666666666666664,12.37916830674588,191703555.20905304,95824833.33333333,10.0,1.0,7.853981633974483,20.0,2.5,98.17477042468104,8782.261557878492,9.610776124023438,9.85894800101479,50.0,12.131584940610962,2302.786376953125,426.2167428145695,5.208333333333333,0.36638087806051367,161.98924870566304
780,0.772073,1.0,1,1427.1622166453888,0.0,490.34572061344085,9.61077612402344,76.88620899218752,86.49698511621096,1079.5517121336734,0.0,0.0,503.24783199365834,0.0,0.0,0.0,12.774628695051469,0.0,90.0809235805262,8782.261557878492,9.610776124023438,9.85894800101479,50.0,12.131584940610962,2302.786376953125,12.131584940610962,86.13425307833782,86.13425307833782,0.0,0.0,5.208333333333333,0.36638087806051367,426.2167428145695,161.98924870566304,297.73844212150834,150.0,1.0,2.2726369395961656,0.0,1848.4809294527704,490.34572061344073,477.96655230669484,3212.4457263471454,21.98871280517949,0.0,476.96430600873106,86.13425307833782,97.0526795248877,41.666666666666664,12.37916830674588,191703555.20905304,95824833.33333333,10.0,1.0,7.853981633974483,20.0,2.5,98.17477042468104,8782.261557878492,9.610776124023438,9.85894800101479,50.0,12.131584940610962,2302.786376953125,426.2167428145695,5.208333333333333,0.36638087806051367,161.98924870566304
781,0.735201,1.0,1,1359.0050278146061,0.0,490.34572061344085,9.61077612402344,76.88620899218752,86.49698511621096,1079.5517121336734,0.0,0.0,503.24783199365834,0.0,0.0,0.0,12.774628695051469,0.0,92.34219733542439,8782.261557878492,9.610776124023438,9.85894800101479,50.0,12.131584940610962,2302.786376953125,12.131584940610962,86.13425307833782,86.13425307833782,0.0,0.0,5.208333333333333,0.36638087806051367,426.2167428145695,161.98924870566304,297.73844212150834,150.0,1.0,2.2726369395961656,0.0,1848.4809294527704,490.34572061344073,477.96655230669484,3212.4457263471454,21.98871280517949,0.0,476.96430600873106,86.13425307833782,97.0526795248877,41.666666666666664,12.37916830674588,191703555.20905304,95824833.33333333,10.0,1.0,7.853981633974483,20.0,2.5,98.17477042468104,8782.261557878492,9.610776124023438,9.85894800101479,50.0,12.131584940610962,2302.786376953125,426.2167428145695,5.208333333333333,0.36638087806051367,161.98924870566304
782,0.691414,1.0,1,1278.0655933566577,0.0,490.34572061344073,9.610776124023438,76.8862089921875,86.49698511621094,1278.065593356658,198.51388122298454,0.0,691.8360191554937,1.0,0.0,0.0,12.774628695051469,0.0,94.60347109045512,8782.261557878492,9.610776124023438,9.85894800101479,50.0,12.131584940610962,2302.786376953125,12.131584940610962,86.13425307833782,86.13425307833782,0.0,0.0,5.208333333333333,0.36638087806051367,426.2167428145695,161.98924870566304,297.73844212150834,150.0,1.0,2.2726369395961656,0.0,1848.4809294527704,490.34572061344073,477.96655230669484,3212.4457263471454,21.98871280517949,0.0,476.96430600873106,86.13425307833782,97.0526795248877,41.666666666666664,12.37916830674588,191703555.20905304,95824833.33333333,10.0,1.0,7.853981633974483,20.0,2.5,98.17477042468104,8782.261557878492,9.610776124023438,9.85894800101479,50.0,12.131584940610962,2302.786376953125,426.2167428145695,5.208333333333333,0.36638087806051367,161.98924870566304
783,0.6365879999999999,1.0,1,1176.72077791848,0.0,490.34572061344085,9.61077612402344,76.88620899218752,86.49698511621096,1079.5517121336734,0.0,0.0,691.8360191554937,0.0,0.0,0.0,12.774628695051472,0.0,96.8647448453533,8782.261557878492,9.610776124023438,9.85894800101479,50.0,12.131584940610962,2302.786376953125,12.131584940610962,86.13425307833782,86.13425307833782,0.0,0.0,5.208333333333333,0.36638087806051367,426.2167428145695,161.98924870566304,297.73844212150834,150.0,1.0,2.2726369395961656,0.0,1848.4809294527704,490.34572061344073,477.96655230669484,3212.4457263471454,21.98871280517949,0.0,476.96430600873106,86.13425307833782,97.0526795248877,41.666666666666664,12.37916830674588,191703555.20905304,95824833.33333333,10.0,1.0,7.853981633974483,20.0,2.5,98.17477042468104,8782.261557878492,9.610776124023438,9.85894800101479,50.0,12.131584940610962,2302.786376953125,426.2167428145695,5.208333333333333,0.36638087806051367,161.98924870566304
784,0.569495,1.0,1,1052.7006469187054,0.0,490.34572061344073,9.610776124023438,76.8862089921875,86.49698511621094,1079.5517121336734,0.0,26.851065214967832,663.5717399818433,1.0,0.0,0.0,12.774628695051472,0.0,99.12601860025148,8782.261557878492,9.610776124023438,9.85894800101479,50.0,12.131584940610962,2302.786376953125,12.131584940610962,86.13425307833782,86.13425307833782,0.0,0.0,5.208333333333333,0.36638087806051367,426.2167428145695,161.98924870566304,297.73844212150834,150.0,1.0,2.2726369395961656,0.0,1848.4809294527704,490.34572061344073,477.96655230669484,3212.4457263471454,21.98871280517949,0.0,476.96430600873106,86.13425307833782,97.0526795248877,41.666666666666664,12.37916830674588,191703555.20905304,95824833.33333333,10.0,1.0,7.853981633974483,20.0,2.5,98.17477042468104,8782.261557878492,9.610776124023438,9.85894800101479,50.0,12.131584940610962,2302.786376953125,426.2167428145695,5.208333333333333,0.36638087806051367,161.98924870566304
785,0.518048,1.0,1,957.6018485411487,0.0,490.34572061344073,9.610776124023438,76.8862089921875,86.49698511621094,1079.5517121336734,0.0,121.9498635925246,535.2034625160279,1.0,0.0,0.0,12.774628695051472,0.0,101.38729235514967,8782.261557878492,9.610776124023438,9.85894800101479,50.0,12.131584940610962,2302.786376953125,12.131584940610962,86.13425307833782,86.13425307833782,0.0,0.0,5.208333333333333,0.36638087806051367,426.2167428145695,161.98924870566304,297.73844212150834,150.0,1.0,2.2726369395961656,0.0,1848.4809294527704,490.34572061344073,477.96655230669484,3212.4457263471454,21.98871280517949,0.0,476.96430600873106,86.13425307833782,97.0526795248877,41.666666666666664,12.37916830674588,191703555.20905304,95824833.33333333,10.0,1.0,7.853981633974483,20.0,2.5,98.17477042468104,8782.261557878492,9.610776124023438,9.85894800101479,50.0,12.131584940610962,2302.786376953125,426.2167428145695,5.208333333333333,0.36638087806051367,161.98924870566304
786,0.484401,1.0,1,895.4060107078515,0.0,490.34572061344073,9.610776124023438,76.8862089921875,86.49698511621094,1079.5517121336734,0.0,184.1457014258218,341.3658820677945,1.0,0.0,0.0,12.774628695051472,0.0,103.64856611018041,8782.261557878492,9.610776124023438,9.85894800101479,50.0,12.131584940610962,2302.786376953125,12.131584940610962,86.13425307833782,86.13425307833782,0.0,0.0,5.208333333333333,0.36638087806051367,426.2167428145695,161.98924870566304,297.73844212150834,150.0,1.0,2.2726369395961656,0.0,1848.4809294527704,490.34572061344073,477.96655230669484,3212.4457263471454,21.98871280517949,0.0,476.96430600873106,86.13425307833782,97.0526795248877,41.666666666666664,12.37916830674588,191703555.20905304,95824833.33333333,10.0,1.0,7.853981633974483,20.0,2.5,98.17477042468104,8782.261557878492,9.610776124023438,9.85894800101479,50.0,12.131584940610962,2302.786376953125,426.2167428145695,5.208333333333333,0.36638087806051367,161.98924870566304
787,0.4802579999999999,1.0,1,887.7477542171284,0.0,490.34572061344073,9.610776124023438,76.8862089921875,86.49698511621094,1079.5517121336734,0.0,191.80395791654485,139.4669789977473,1.0,0.0,0.0,12.774628695051472,0.0,105.9098398650786,8782.261557878492,9.610776124023438,9.85894800101479,50.0,12.131584940610962,2302.786376953125,12.131584940610962,86.13425307833782,86.13425307833782,0.0,0.0,5.208333333333333,0.36638087806051367,426.2167428145695,161.98924870566304,297.73844212150834,150.0,1.0,2.2726369395961656,0.0,1848.4809294527704,490.34572061344073,477.96655230669484,3212.4457263471454,21.98871280517949,0.0,476.96430600873106,86.13425307833782,97.0526795248877,41.666666666666664,12.37916830674588,191703555.20905304,95824833.33333333,10.0,1.0,7.853981633974483,20.0,2.5,98.17477042468104,8782.261557878492,9.610776124023438,9.85894800101479,50.0,12.131584940610962,2302.786376953125,426.2167428145695,5.208333333333333,0.36638087806051367,161.98924870566304
788,0.514159,1.0,1,950.413106206507,0.0,490.34572061344073,9.610776124023438,76.8862089921875,86.49698511621094,1079.5517121336734,0.0,129.13860592716634,3.5316043375722095,1.0,0.0,0.0,12.774628695051472,0.0,108.17111361997678,8782.261557878492,9.610776124023438,9.85894800101479,50.0,12.131584940610962,2302.786376953125,12.131584940610962,86.13425307833782,86.13425307833782,0.0,0.0,5.208333333333333,0.36638087806051367,426.2167428145695,161.98924870566304,297.73844212150834,150.0,1.0,2.2726369395961656,0.0,1848.4809294527704,490.34572061344073,477.96655230669484,3212.4457263471454,21.98871280517949,0.0,476.96430600873106,86.13425307833782,97.0526795248877,41.666666666666664,12.37916830674588,191703555.20905304,95824833.33333333,10.0,1.0,7.853981633974483,20.0,2.5,98.17477042468104,8782.261557878492,9.610776124023438,9.85894800101479,50.0,12.131584940610962,2302.786376953125,426.2167428145695,5.208333333333333,0.36638087806051367,161.98924870566304
789,0.582206,1.0,1,1076.1966880129796,0.0,490.34572061344073,9.610776124023438,76.8862089921875,86.49698511621094,1079.5517121336734,0.0,3.3550241206935993,0.0,1.0,0.0,0.0,12.774628695051472,0.0,110.43238737487496,8782.261557878492,9.610776124023438,9.85894800101479,50.0,12.131584940610962,2302.786376953125,12.131584940610962,86.13425307833782,86.13425307833782,0.0,0.0,5.208333333333333,0.36638087806051367,426.2167428145695,161.98924870566304,297.73844212150834,150.0,1.0,2.2726369395961656,0.0,1848.4809294527704,490.34572061344073,477.96655230669484,3212.4457263471454,21.98871280517949,0.0,476.96430600873106,86.13425307833782,97.0526795248877,41.666666666666664,12.37916830674588,191703555.20905304,95824833.33333333,10.0,1.0,7.853981633974483,20.0,2.5,98.17477042468104,8782.261557878492,9.610776124023438,9.85894800101479,50.0,12.131584940610962,2302.786376953125,426.2167428145695,5.208333333333333,0.36638087806051367,161.98924870566304
790,0.650891,1.0,1,1203.1596006524433,0.0,490.34572061344073,9.610776124023438,76.8862089921875,86.49698511621094,1079.5517121336734,0.0,0.0,0.0,1.0,0.0,0.0,12.774628695051472,0.0,112.69366112990579,8782.261557878492,9.610776124023438,9.85894800101479,50.0,12.131584940610962,2302.786376953125,12.131584940610962,86.13425307833782,86.13425307833782,0.0,0.0,5.208333333333333,0.36638087806051367,426.2167428145695,161.98924870566304,297.73844212150834,150.0,1.0,2.2726369395961656,0.0,1848.4809294527704,490.34572061344073,477.96655230669484,3212.4457263471454,21.98871280517949,0.0,476.96430600873106,86.13425307833782,97.0526795248877,41.666666666666664,12.37916830674588,191703555.20905304,95824833.33333333,10.0,1.0,7.853981633974483,20.0,2.5,98.17477042468104,8782.261557878492,9.610776124023438,9.85894800101479,50.0,12.131584940610962,2302.786376953125,426.2167428145695,5.208333333333333,0.36638087806051367,161.98924870566304
791,0.71441,1.0,1,1320.5732608103538,0.0,490.34572061344085,9.61077612402344,76.88620899218752,86.49698511621096,1079.5517121336734,0.0,0.0,0.0,0.0,0.0,0.0,12.774628695051474,0.0,114.95493488480398,8782.261557878492,9.610776124023438,9.85894800101479,50.0,12.131584940610962,2302.786376953125,12.131584940610962,86.13425307833782,86.13425307833782,0.0,0.0,5.208333333333333,0.36638087806051367,426.2167428145695,161.98924870566304,297.73844212150834,150.0,1.0,2.2726369395961656,0.0,1848.4809294527704,490.34572061344073,477.96655230669484,3212.4457263471454,21.98871280517949,0.0,476.96430600873106,86.13425307833782,97.0526795248877,41.666666666666664,12.37916830674588,191703555.20905304,95824833.33333333,10.0,1.0,7.853981633974483,20.0,2.5,98.17477042468104,8782.261557878492,9.610776124023438,9.85894800101479,50.0,12.131584940610962,2302.786376953125,426.2167428145695,5.208333333333333,0.36638087806051367,161.98924870566304
792,0.988967,1.0,1,1828.086639358118,0.0,490.34572061344073,9.610776124023438,76.8862089921875,86.49698511621094,1079.5517121336734,0.0,0.0,0.0,1.0,0.0,0.0,12.774628695051474,0.0,117.21620863970216,8782.261557878492,9.610776124023438,9.85894800101479,50.0,12.131584940610962,2302.786376953125,12.131584940610962,86.13425307833782,86.13425307833782,0.0,0.0,5.208333333333333,0.36638087806051367,426.2167428145695,161.98924870566304,297.73844212150834,150.0,1.0,2.2726369395961656,0.0,1848.4809294527704,490.34572061344073,477.96655230669484,3212.4457263471454,21.98871280517949,0.0,476.96430600873106,86.13425307833782,97.0526795248877,41.666666666666664,12.37916830674588,191703555.20905304,95824833.33333333,10.0,1.0,7.853981633974483,20.0,2.5,98.17477042468104,8782.261557878492,9.610776124023438,9.85894800101479,50.0,12.131584940610962,2302.786376953125,426.2167428145695,5.208333333333333,0.36638087806051367,161.98924870566304
793,0.98551,1.0,1,1821.6964407849998,0.0,490.34572061344085,9.61077612402344,76.88620899218752,86.49698511621096,1079.5517121336707,0.0,0.0,0.0,1.0,0.0,0.0,12.774628695051474,0.0,119.47748239461956,8782.261557878492,9.61077612402344,9.85894800101479,50.0,12.131584940610944,2302.786376953125,12.131584940610944,86.1342530783377,86.1342530783377,0.0,0.0,5.208333333333333,0.36638087806051367,426.21674281456677,161.98924870566304,297.73844212150834,150.0,1.0,2.272636939596136,0.0,1848.4809294527704,490.34572061344073,477.96655230669484,3212.4457263471454,21.98871280517949,0.0,476.96430600873106,86.13425307833782,97.0526795248877,41.666666666666664,12.37916830674588,191703555.20905304,95824833.33333333,10.0,1.0,7.853981633974483,20.0,2.5,98.17477042468104,8782.261557878492,9.610776124023438,9.85894800101479,50.0,12.131584940610962,2302.786376953125,426.2167428145695,5.208333333333333,0.36638087806051367,161.98924870566304
794,0.985982,1.0,1,1822.5689237837016,0.0,490.34572061344073,9.610776124023438,76.8862089921875,86.49698511621094,1079.5517121336734,0.0,0.0,0.0,1.0,0.0,0.0,12.774628695051474,0.0,121.73875614952578,8782.261557878492,9.610776124023438,9.85894800101479,50.0,12.131584940610974,2302.786376953125,12.131584940610974,86.1342530783379,86.13425307833784,0.0,0.0,5.208333333333333,0.36638087806051367,426.2167428145698,161.98924870566304,297.73844212150834,150.0,1.0,2.272636939596173,0.0,1848.4809294527704,490.34572061344073,477.96655230669484,3212.4457263471454,21.98871280517949,0.0,476.96430600873106,86.13425307833782,97.0526795248877,41.666666666666664,12.37916830674588,191703555.20905304,95824833.33333333,10.0,1.0,7.853981633974483,20.0,2.5,98.17477042468104,8782.261557878492,9.610776124023438,9.85894800101479,50.0,12.131584940610962,2302.786376953125,426.2167428145695,5.208333333333333,0.36638087806051367,161.98924870566304
795,0.986517,1.0,1,1823.5578610809587,0.0,490.34572061344073,9.610776124023438,76.8862089921875,86.49698511621094,1079.5517121336734,0.0,0.0,0.0,1.0,0.0,0.0,12.774628695051474,0.0,124.00002990442397,8782.261557878492,9.610776124023438,9.85894800101479,50.0,12.131584940610962,2302.786376953125,12.131584940610962,86.13425307833782,86.13425307833782,0.0,0.0,5.208333333333333,0.36638087806051367,426.2167428145695,161.98924870566304,297.73844212150834,150.0,1.0,2.2726369395961656,0.0,1848.4809294527704,490.34572061344073,477.96655230669484,3212.4457263471454,21.98871280517949,0.0,476.96430600873106,86.13425307833782,97.0526795248877,41.666666666666664,12.37916830674588,191703555.20905304,95824833.33333333,10.0,1.0,7.853981633974483,20.0,2.5,98.17477042468104,8782.261557878492,9.610776124023438,9.85894800101479,50.0,12.131584940610962,2302.786376953125,426.2167428145695,5.208333333333333,0.36638087806051367,161.98924870566304
796,0.984012,1.0,1,1818.9274163526795,0.0,490.34572061344073,9.610776124023438,76.8862089921875,86.49698511621094,1079.5517121336734,0.0,0.0,0.0,1.0,0.0,0.0,12.774628695051474,0.0,126.26130365939235,8782.261557878492,9.610776124023438,9.85894800101479,50.0,12.131584940610962,2302.786376953125,12.131584940610962,86.13425307833782,86.13425307833782,0.0,0.0,5.208333333333333,0.36638087806051367,426.2167428145695,161.98924870566304,297.73844212150834,150.0,1.0,2.2726369395961656,0.0,1848.4809294527704,490.34572061344073,477.96655230669484,3212.4457263471454,21.98871280517949,0.0,476.96430600873106,86.13425307833782,97.0526795248877,41.666666666666664,12.37916830674588,191703555.20905304,95824833.33333333,10.0,1.0,7.853981633974483,20.0,2.5,98.17477042468104,8782.261557878492,9.610776124023438,9.85894800101479,50.0,12.131584940610962,2302.786376953125,426.2167428145695,5.208333333333333,0.36638087806051367,161.98924870566304
797,0.989099,1.0,1,1828.3306388408057,0.0,490.34572061344073,9.610776124023438,76.8862089921875,86.49698511621094,1165.6859652120113,0.0,0.0,0.0,1.0,0.0,0.0,12.774628695051474,0.0,128.52257741429054,8782.261557878492,9.610776124023438,9.85894800101479,50.0,12.131584940610962,2302.786376953125,12.131584940610962,86.13425307833782,0.0,86.13425307833782,86.13425307833782,5.208333333333333,0.36638087806051367,426.2167428145695,161.98924870566304,297.73844212150834,150.0,1.0,2.2726369395961656,0.0,1848.4809294527704,490.34572061344073,477.96655230669484,3212.4457263471454,21.98871280517949,0.0,476.96430600873106,86.13425307833782,97.0526795248877,41.666666666666664,12.37916830674588,191703555.20905304,95824833.33333333,10.0,1.0,7.853981633974483,20.0,2.5,98.17477042468104,8782.261557878492,9.610776124023438,9.85894800101479,50.0,12.131584940610962,2302.786376953125,426.2167428145695,5.208333333333333,0.36638087806051367,161.98924870566304
798,0.9863,1.0,1,1823.1567407192674,0.0,490.34572061344073,9.610776124023438,76.8862089921875,86.49698511621094,1165.6859652120113,0.0,0.0,0.0,1.0,0.0,0.0,12.774628695051474,0.0,130.78385116932077,8782.261557878492,9.610776124023438,9.85894800101479,50.0,12.131584940610962,2302.786376953125,12.131584940610962,86.13425307833782,0.0,86.13425307833782,86.13425307833782,5.208333333333333,0.36638087806051367,426.2167428145695,161.98924870566304,297.73844212150834,150.0,1.0,2.2726369395961656,0.0,1848.4809294527704,490.34572061344073,477.96655230669484,3212.4457263471454,21.98871280517949,0.0,476.96430600873106,86.13425307833782,97.0526795248877,41.666666666666664,12.37916830674588,191703555.20905304,95824833.33333333,10.0,1.0,7.853981633974483,20.0,2.5,98.17477042468104,8782.261557878492,9.610776124023438,9.85894800101479,50.0,12.131584940610962,2302.786376953125,426.2167428145695,5.208333333333333,0.36638087806051367,161.98924870566304
799,0.970471,1.0,1,1793.8971360869596,0.0,490.34572061344073,9.610776124023438,76.8862089921875,86.49698511621094,1691.7054045030136,612.1536923693402,0.0,581.5460077508732,-0.0,0.0,0.0,12.774628695051474,0.0,133.04512492421895,8782.261557878492,9.610776124023438,9.85894800101479,50.0,12.131584940610962,2302.786376953125,12.131584940610962,86.13425307833782,86.13425307833782,0.0,0.0,5.208333333333333,0.36638087806051367,426.2167428145695,161.98924870566304,297.73844212150834,150.0,1.0,2.2726369395961656,0.0,1848.4809294527704,490.34572061344073,477.96655230669484,3212.4457263471454,21.98871280517949,0.0,476.96430600873106,86.13425307833782,97.0526795248877,41.666666666666664,12.37916830674588,191703555.20905304,95824833.33333333,10.0,1.0,7.853981633974483,20.0,2.5,98.17477042468104,8782.261557878492,9.610776124023438,9.85894800101479,50.0,12.131584940610962,2302.786376953125,426.2167428145695,5.208333333333333,0.36638087806051367,161.98924870566304
800,0.935853,1.0,1,1729.9064232711637,0.0,490.34572061344073,9.610776124023438,76.8862089921875,86.49698511621094,1079.5517121336734,0.0,0.0,581.5460077508732,1.0,0.0,0.0,12.774628695051474,0.0,135.30639867911714,8782.261557878492,9.610776124023438,9.85894800101479,50.0,12.131584940610962,2302.786376953125,12.131584940610962,86.13425307833782,86.13425307833784,0.0,0.0,5.208333333333333,0.36638087806051367,426.2167428145695,161.98924870566304,297.73844212150834,150.0,1.0,2.2726369395961656,0.0,1848.4809294527704,490.34572061344073,477.96655230669484,3212.4457263471454,21.98871280517949,0.0,476.96430600873106,86.13425307833782,97.0526795248877,41.666666666666664,12.37916830674588,191703555.20905304,95824833.33333333,10.0,1.0,7.853981633974483,20.0,2.5,98.17477042468104,8782.261557878492,9.610776124023438,9.85894800101479,50.0,12.131584940610962,2302.786376953125,426.2167428145695,5.208333333333333,0.36638087806051367,161.98924870566304
801,0.8813500000000001,1.0,1,1629.1586671731993,0.0,490.34572061344073,9.610776124023438,76.8862089921875,86.49698511621094,1629.1586671731993,549.606955039526,0.0,1103.672615038423,1.0,0.0,0.0,12.774628695051474,0.0,137.56767243401532,8782.261557878492,9.610776124023438,9.85894800101479,50.0,12.131584940610962,2302.786376953125,12.131584940610962,86.13425307833782,86.13425307833782,0.0,0.0,5.208333333333333,0.36638087806051367,426.2167428145695,161.98924870566304,297.73844212150834,150.0,1.0,2.2726369395961656,0.0,1848.4809294527704,490.34572061344073,477.96655230669484,3212.4457263471454,21.98871280517949,0.0,476.96430600873106,86.13425307833782,97.0526795248877,41.666666666666664,12.37916830674588,191703555.20905304,95824833.33333333,10.0,1.0,7.853981633974483,20.0,2.5,98.17477042468104,8782.261557878492,9.610776124023438,9.85894800101479,50.0,12.131584940610962,2302.786376953125,426.2167428145695,5.208333333333333,0.36638087806051367,161.98924870566304
802,0.8713390000000001,1.0,1,1610.6535245884477,0.0,490.34572061344085,9.61077612402344,76.88620899218752,86.49698511621096,1079.5517121336734,0.0,0.0,1103.672615038423,0.0,0.0,0.0,12.774628695051476,0.0,139.8289461889135,8782.261557878492,9.610776124023438,9.85894800101479,50.0,12.131584940610962,2302.786376953125,12.131584940610962,86.13425307833782,86.13425307833782,0.0,0.0,5.208333333333333,0.36638087806051367,426.2167428145695,161.98924870566304,297.73844212150834,150.0,1.0,2.2726369395961656,0.0,1848.4809294527704,490.34572061344073,477.96655230669484,3212.4457263471454,21.98871280517949,0.0,476.96430600873106,86.13425307833782,97.0526795248877,41.666666666666664,12.37916830674588,191703555.20905304,95824833.33333333,10.0,1.0,7.853981633974483,20.0,2.5,98.17477042468104,8782.261557878492,9.610776124023438,9.85894800101479,50.0,12.131584940610962,2302.786376953125,426.2167428145695,5.208333333333333,0.36638087806051367,161.98924870566304
803,0.83897,1.0,1,1550.8200453829907,0.0,490.34572061344073,9.610776124023438,76.8862089921875,86.49698511621094,1079.5517121336734,0.0,0.0,1103.672615038423,-0.0,0.0,0.0,12.774628695051476,0.0,142.09021994381112,8782.261557878492,9.610776124023438,9.85894800101479,50.0,12.131584940610962,2302.786376953125,12.131584940610962,86.13425307833782,86.13425307833782,0.0,0.0,5.208333333333333,0.36638087806051367,426.2167428145695,161.98924870566304,297.73844212150834,150.0,1.0,2.2726369395961656,0.0,1848.4809294527704,490.34572061344073,477.96655230669484,3212.4457263471454,21.98871280517949,0.0,476.96430600873106,86.13425307833782,97.0526795248877,41.666666666666664,12.37916830674588,191703555.20905304,95824833.33333333,10.0,1.0,7.853981633974483,20.0,2.5,98.17477042468104,8782.261557878492,9.610776124023438,9.85894800101479,50.0,12.131584940610962,2302.786376953125,426.2167428145695,5.208333333333333,0.36638087806051367,161.98924870566304
804,0.7834800000000001,1.0,1,1448.2478386076566,0.0,490.34572061344085,9.61077612402344,76.88620899218752,86.49698511621096,1079.5517121336734,0.0,0.0,1103.672615038423,0.0,0.0,0.0,12.774628695051478,0.0,144.3514936987093,8782.261557878492,9.610776124023438,9.85894800101479,50.0,12.131584940610962,2302.786376953125,12.131584940610962,86.13425307833782,86.13425307833782,0.0,0.0,5.208333333333333,0.36638087806051367,426.2167428145695,161.98924870566304,297.73844212150834,150.0,1.0,2.2726369395961656,0.0,1848.4809294527704,490.34572061344073,477.96655230669484,3212.4457263471454,21.98871280517949,0.0,476.96430600873106,86.13425307833782,97.0526795248877,41.666666666666664,12.37916830674588,191703555.20905304,95824833.33333333,10.0,1.0,7.853981633974483,20.0,2.5,98.17477042468104,8782.261557878492,9.610776124023438,9.85894800101479,50.0,12.131584940610962,2302.786376953125,426.2167428145695,5.208333333333333,0.36638087806051367,161.98924870566304
805,0.725795,1.0,1,1341.6182161921733,0.0,490.34572061344073,9.610776124023438,76.8862089921875,86.49698511621094,1165.6859652120113,0.0,0.0,1103.672615038423,1.0,0.0,0.0,12.774628695051478,0.0,146.61276745352967,8782.261557878492,9.610776124023438,9.85894800101479,50.0,12.131584940610962,2302.786376953125,12.131584940610962,86.13425307833782,0.0,86.13425307833782,86.13425307833782,5.208333333333333,0.36638087806051367,426.2167428145695,161.98924870566304,297.73844212150834,150.0,1.0,2.2726369395961656,0.0,1848.4809294527704,490.34572061344073,477.96655230669484,3212.4457263471454,21.98871280517949,0.0,476.96430600873106,86.13425307833782,97.0526795248877,41.666666666666664,12.37916830674588,191703555.20905304,95824833.33333333,10.0,1.0,7.853981633974483,20.0,2.5,98.17477042468104,8782.261557878492,9.610776124023438,9.85894800101479,50.0,12.131584940610962,2302.786376953125,426.2167428145695,5.208333333333333,0.36638087806051367,161.98924870566304
806,0.662693,1.0,1,1224.9753725818448,0.0,490.34572061344073,9.610776124023438,76.8862089921875,86.49698511621094,1165.6859652120113,0.0,0.0,1103.672615038423,1.0,0.0,0.0,12.774628695051478,0.0,148.87404120842785,8782.261557878492,9.610776124023438,9.85894800101479,50.0,12.131584940610962,2302.786376953125,12.131584940610962,86.13425307833782,0.0,86.13425307833782,86.13425307833782,5.208333333333333,0.36638087806051367,426.2167428145695,161.98924870566304,297.73844212150834,150.0,1.0,2.2726369395961656,0.0,1848.4809294527704,490.34572061344073,477.96655230669484,3212.4457263471454,21.98871280517949,0.0,476.96430600873106,86.13425307833782,97.0526795248877,41.666666666666664,12.37916830674588,191703555.20905304,95824833.33333333,10.0,1.0,7.853981633974483,20.0,2.5,98.17477042468104,8782.261557878492,9.610776124023438,9.85894800101479,50.0,12.131584940610962,2302.786376953125,426.2167428145695,5.208333333333333,0.36638087806051367,161.98924870566304
807,0.7347659999999999,1.0,1,1358.200938610294,0.0,490.34572061344073,9.610776124023438,76.8862089921875,86.49698511621094,1165.6859652120113,0.0,0.0,1103.672615038423,1.0,0.0,0.0,12.774628695051478,0.0,151.13531496332604,8782.261557878492,9.610776124023438,9.85894800101479,50.0,12.131584940610962,2302.786376953125,12.131584940610962,86.13425307833782,0.0,86.13425307833782,86.13425307833782,5.208333333333333,0.36638087806051367,426.2167428145695,161.98924870566304,297.73844212150834,150.0,1.0,2.2726369395961656,0.0,1848.4809294527704,490.34572061344073,477.96655230669484,3212.4457263471454,21.98871280517949,0.0,476.96430600873106,86.13425307833782,97.0526795248877,41.666666666666664,12.37916830674588,191703555.20905304,95824833.33333333,10.0,1.0,7.853981633974483,20.0,2.5,98.17477042468104,8782.261557878492,9.610776124023438,9.85894800101479,50.0,12.131584940610962,2302.786376953125,426.2167428145695,5.208333333333333,0.36638087806051367,161.98924870566304
808,0.903178,1.0,1,1669.5073089012944,0.0,490.34572061344073,9.610776124023438,76.8862089921875,86.49698511621094,1669.5073089012944,589.9555967676212,0.0,1664.1304319676628,1.0,0.0,0.0,12.774628695051478,0.0,153.39658871822422,8782.261557878492,9.610776124023438,9.85894800101479,50.0,12.131584940610962,2302.786376953125,12.131584940610962,86.13425307833782,86.13425307833782,0.0,0.0,5.208333333333333,0.36638087806051367,426.2167428145695,161.98924870566304,297.73844212150834,150.0,1.0,2.2726369395961656,0.0,1848.4809294527704,490.34572061344073,477.96655230669484,3212.4457263471454,21.98871280517949,0.0,476.96430600873106,86.13425307833782,97.0526795248877,41.666666666666664,12.37916830674588,191703555.20905304,95824833.33333333,10.0,1.0,7.853981633974483,20.0,2.5,98.17477042468104,8782.261557878492,9.610776124023438,9.85894800101479,50.0,12.131584940610962,2302.786376953125,426.2167428145695,5.208333333333333,0.36638087806051367,161.98924870566304
809,0.959014,1.0,1,1772.7190900782193,0.0,490.34572061344073,9.610776124023438,76.8862089921875,86.49698511621094,1354.5557654511508,275.0040533174773,0.0,1925.3842826192663,1.0,0.0,0.0,12.774628695051478,0.0,155.65786247306283,8782.261557878492,9.610776124023438,9.85894800101479,50.0,12.131584940610962,2302.786376953125,12.131584940610962,86.13425307833782,86.13425307833782,0.0,0.0,5.208333333333333,0.36638087806051367,426.2167428145695,161.98924870566304,297.73844212150834,150.0,1.0,2.2726369395961656,0.0,1848.4809294527704,490.34572061344073,477.96655230669484,3212.4457263471454,21.98871280517949,0.0,476.96430600873106,86.13425307833782,97.0526795248877,41.666666666666664,12.37916830674588,191703555.20905304,95824833.33333333,10.0,1.0,7.853981633974483,20.0,2.5,98.17477042468104,8782.261557878492,9.610776124023438,9.85894800101479,50.0,12.131584940610962,2302.786376953125,426.2167428145695,5.208333333333333,0.36638087806051367,161.98924870566304
810,0.985705,1.0,1,1822.056894566243,0.0,490.34572061344073,9.610776124023438,76.8862089921875,86.49698511621094,1165.6859652120113,0.0,0.0,1925.3842826192663,1.0,0.0,0.0,12.774628695051478,0.0,157.91913622796102,8782.261557878492,9.610776124023438,9.85894800101479,50.0,12.131584940610962,2302.786376953125,12.131584940610962,86.13425307833782,0.0,86.13425307833782,86.13425307833782,5.208333333333333,0.36638087806051367,426.2167428145695,161.98924870566304,297.73844212150834,150.0,1.0,2.2726369395961656,0.0,1848.4809294527704,490.34572061344073,477.96655230669484,3212.4457263471454,21.98871280517949,0.0,476.96430600873106,86.13425307833782,97.0526795248877,41.666666666666664,12.37916830674588,191703555.20905304,95824833.33333333,10.0,1.0,7.853981633974483,20.0,2.5,98.17477042468104,8782.261557878492,9.610776124023438,9.85894800101479,50.0,12.131584940610962,2302.786376953125,426.2167428145695,5.208333333333333,0.36638087806051367,161.98924870566304
811,0.988679,1.0,1,1827.5542768504356,0.0,490.34572061344073,9.610776124023438,76.8862089921875,86.49698511621094,1827.5542768504356,748.0025647167623,0.0,2635.9867191001904,1.0,0.0,0.0,12.774628695051478,0.0,160.18040998278454,8782.261557878492,9.610776124023438,9.85894800101479,50.0,12.131584940610962,2302.786376953125,12.131584940610962,86.13425307833782,86.13425307833782,0.0,0.0,5.208333333333333,0.36638087806051367,426.2167428145695,161.98924870566304,297.73844212150834,150.0,1.0,2.2726369395961656,0.0,1848.4809294527704,490.34572061344073,477.96655230669484,3212.4457263471454,21.98871280517949,0.0,476.96430600873106,86.13425307833782,97.0526795248877,41.666666666666664,12.37916830674588,191703555.20905304,95824833.33333333,10.0,1.0,7.853981633974483,20.0,2.5,98.17477042468104,8782.261557878492,9.610776124023438,9.85894800101479,50.0,12.131584940610962,2302.786376953125,426.2167428145695,5.208333333333333,0.36638087806051367,161.98924870566304
812,0.974098,1.0,1,1800.6015764180847,0.0,490.34572061344073,9.610776124023438,76.8862089921875,86.49698511621094,1165.6859652120113,0.0,0.0,2635.9867191001904,-0.0,0.0,0.0,12.774628695051476,0.0,162.44168373768272,8782.261557878492,9.610776124023438,9.85894800101479,50.0,12.131584940610962,2302.786376953125,12.131584940610962,86.13425307833782,0.0,86.13425307833784,86.13425307833784,5.208333333333333,0.36638087806051367,426.2167428145695,161.98924870566304,297.73844212150834,150.0,1.0,2.2726369395961656,0.0,1848.4809294527704,490.34572061344073,477.96655230669484,3212.4457263471454,21.98871280517949,0.0,476.96430600873106,86.13425307833782,97.0526795248877,41.666666666666664,12.37916830674588,191703555.20905304,95824833.33333333,10.0,1.0,7.853981633974483,20.0,2.5,98.17477042468104,8782.261557878492,9.610776124023438,9.85894800101479,50.0,12.131584940610962,2302.786376953125,426.2167428145695,5.208333333333333,0.36638087806051367,161.98924870566304
813,0.974287,1.0,1,1800.9509393137514,0.0,490.34572061344085,9.61077612402344,76.88620899218752,86.49698511621096,1079.5517121336734,0.0,0.0,2635.9867191001904,1.0,0.0,0.0,12.774628695051476,0.0,164.70295749256607,8782.261557878492,9.61077612402344,9.85894800101479,50.0,12.131584940610953,2302.786376953125,12.131584940610953,86.13425307833776,86.13425307833782,0.0,0.0,5.208333333333333,0.36638087806051367,426.21674281456944,161.98924870566304,297.73844212150834,150.0,1.0,2.2726369395961554,0.0,1848.4809294527704,490.34572061344073,477.96655230669484,3212.4457263471454,21.98871280517949,0.0,476.96430600873106,86.13425307833782,97.0526795248877,41.666666666666664,12.37916830674588,191703555.20905304,95824833.33333333,10.0,1.0,7.853981633974483,20.0,2.5,98.17477042468104,8782.261557878492,9.610776124023438,9.85894800101479,50.0,12.131584940610962,2302.786376953125,426.2167428145695,5.208333333333333,0.36638087806051367,161.98924870566304
814,0.960851,1.0,1,1776.114749545624,0.0,490.34572061344085,9.61077612402344,76.88620899218752,86.49698511621096,1165.6859652120113,0.0,0.0,2635.9867191001904,0.0,0.0,0.0,12.77462869505148,0.0,166.96423124746426,8782.261557878492,9.610776124023438,9.85894800101479,50.0,12.131584940610962,2302.786376953125,12.131584940610962,86.13425307833782,0.0,86.13425307833782,86.13425307833782,5.208333333333333,0.36638087806051367,426.2167428145695,161.98924870566304,297.73844212150834,150.0,1.0,2.2726369395961656,0.0,1848.4809294527704,490.34572061344073,477.96655230669484,3212.4457263471454,21.98871280517949,0.0,476.96430600873106,86.13425307833782,97.0526795248877,41.666666666666664,12.37916830674588,191703555.20905304,95824833.33333333,10.0,1.0,7.853981633974483,20.0,2.5,98.17477042468104,8782.261557878492,9.610776124023438,9.85894800101479,50.0,12.131584940610962,2302.786376953125,426.2167428145695,5.208333333333333,0.36638087806051367,161.98924870566304
815,0.91229,1.0,1,1686.350667130468,0.0,490.34572061344073,9.610776124023438,76.8862089921875,86.49698511621094,1686.350667130468,606.7989549967948,0.0,3212.4457263471454,1.0,0.0,0.0,12.77462869505148,0.0,169.225505002306,8782.261557878492,9.610776124023438,9.85894800101479,50.0,12.131584940610962,2302.786376953125,12.131584940610962,86.13425307833782,86.13425307833782,0.0,0.0,5.208333333333333,0.36638087806051367,426.2167428145695,161.98924870566304,297.73844212150834,150.0,1.0,2.2726369395961656,0.0,1848.4809294527704,490.34572061344073,477.96655230669484,3212.4457263471454,21.98871280517949,0.0,476.96430600873106,86.13425307833782,97.0526795248877,41.666666666666664,12.37916830674588,191703555.20905304,95824833.33333333,10.0,1.0,7.853981633974483,20.0,2.5,98.17477042468104,8782.261557878492,9.610776124023438,9.85894800101479,50.0,12.131584940610962,2302.786376953125,426.2167428145695,5.208333333333333,0.36638087806051367,161.98924870566304
816,0.316024,1.0,1,584.1643372493824,0.0,223.49285646573452,4.380459986728397,35.043679893827175,39.42413988055557,813.2218795996952,0.0,229.0575423503108,2971.332523873134,0.0,0.0,5.230316137295038,7.437571412097356,0.0,171.48677875718445,8782.261557878492,9.610776124023435,9.85894800101479,50.0,12.131584940591132,2302.786376953125,12.131584940591132,86.13425307819703,86.13425307819703,0.0,0.0,5.208333333333333,0.36638087806051367,426.21674281456814,161.98924870566304,297.73844212150834,150.0,1.0,2.2726369395763366,0.0,1848.4809294527704,490.34572061344073,477.96655230669484,3212.4457263471454,21.98871280517949,0.0,476.96430600873106,86.13425307833782,97.0526795248877,41.666666666666664,12.37916830674588,191703555.20905304,95824833.33333333,10.0,1.0,7.853981633974483,20.0,2.5,98.17477042468104,8782.261557878492,9.610776124023438,9.85894800101479,50.0,12.131584940610962,2302.786376953125,426.2167428145695,5.208333333333333,0.36638087806051367,161.98924870566304
817,0.3048929999999999,0.0,1,563.5888960236433,0.0,385.48849819183454,7.555574564559957,60.444596516479656,68.00017108103961,563.5888960237849,0.0,0.0,2971.332523873134,1.0,7.555574563143663,0.0,14.842034485423344,0.0,161.57828830390326,0.0,0.0,9.85894800101479,50.0,0.0,0.0,0.0,0.0,0.0,0.0,0.0,5.208333333333333,0.36638087806051367,0.0,161.98924870566304,9080.0,150.0,0.0,0.0,9.85894800101479,1848.4809294527704,490.34572061344073,477.96655230669484,3212.4457263471454,21.98871280517949,0.0,476.96430600873106,86.13425307833782,97.0526795248877,41.666666666666664,12.37916830674588,191703555.20905304,95824833.33333333,10.0,1.0,7.853981633974483,20.0,2.5,98.17477042468104,8782.261557878492,9.610776124023438,9.85894800101479,50.0,12.131584940610962,2302.786376953125,426.2167428145695,5.208333333333333,0.36638087806051367,161.98924870566304
818,0.297348,-0.0,1,549.6421074109223,0.0,372.0678009069223,7.292528897775677,58.340231182205414,65.6327600799811,549.6421074081368,0.0,0.0,2971.332523873134,1.0,7.292528897775677,0.0,21.98871280517904,0.0,151.66979785062207,0.0,0.0,9.85894800101479,50.0,0.0,0.0,0.0,0.0,0.0,0.0,0.0,5.208333333333333,0.36638087806051367,0.0,161.98924870566304,9080.0,150.0,-0.0,0.0,9.858948001014797,1848.4809294527704,490.34572061344073,477.96655230669484,3212.4457263471454,21.98871280517949,0.0,476.96430600873106,86.13425307833782,97.0526795248877,41.666666666666664,12.37916830674588,191703555.20905304,95824833.33333333,10.0,1.0,7.853981633974483,20.0,2.5,98.17477042468104,8782.261557878492,9.610776124023438,9.85894800101479,50.0,12.131584940610962,2302.786376953125,426.2167428145695,5.208333333333333,0.36638087806051367,161.98924870566304
819,0.296942,1.0,1,548.8916241535645,0.0,0.0,0.0,0.0,0.0,590.1670691326349,0.0,41.275444979067636,2927.884687053063,0.0,0.0,9.610776124023436,12.181798392910228,0.0,153.93107160590876,8782.261557878492,9.610776124023438,9.85894800101479,50.0,12.131584940610962,2302.786376953125,12.131584940610962,86.13425307833782,86.13425307833782,0.0,0.0,5.208333333333333,0.36638087806051367,426.21674281456944,161.98924870566304,297.73844212150834,150.0,1.0,2.272636939596172,0.0,1848.4809294527704,490.34572061344073,477.96655230669484,3212.4457263471454,21.98871280517949,0.0,476.96430600873106,86.13425307833782,97.0526795248877,41.666666666666664,12.37916830674588,191703555.20905304,95824833.33333333,10.0,1.0,7.853981633974483,20.0,2.5,98.17477042468104,8782.261557878492,9.610776124023438,9.85894800101479,50.0,12.131584940610962,2302.786376953125,426.2167428145695,5.208333333333333,0.36638087806051367,161.98924870566304
820,0.288595,-0.0,1,533.4623538354223,0.0,356.4983690625089,6.987368033625175,55.8989442690014,62.88631230262657,533.4623538354223,0.0,0.0,2927.884687053063,1.0,6.987368033625175,0.0,19.0294190658629,0.0,144.02258115262757,0.0,0.0,9.85894800101479,50.0,0.0,0.0,0.0,0.0,0.0,0.0,0.0,5.208333333333333,0.36638087806051367,0.0,161.98924870566304,9080.0,150.0,-0.0,0.0,9.85894800101479,1848.4809294527704,490.34572061344073,477.96655230669484,3212.4457263471454,21.98871280517949,0.0,476.96430600873106,86.13425307833782,97.0526795248877,41.666666666666664,12.37916830674588,191703555.20905304,95824833.33333333,10.0,1.0,7.853981633974483,20.0,2.5,98.17477042468104,8782.261557878492,9.610776124023438,9.85894800101479,50.0,12.131584940610962,2302.786376953125,426.2167428145695,5.208333333333333,0.36638087806051367,161.98924870566304
821,0.269539,1.0,1,498.23770124377023,0.0,490.34572061344085,9.61077612402344,76.88620899218752,86.49698511621096,1079.551712133672,0.0,581.3140108899015,2315.9752019057983,0.0,0.0,0.0,19.0294190658629,0.0,146.28385490752575,8782.261557878492,9.610776124023438,9.85894800101479,50.0,12.131584940610962,2302.786376953125,12.131584940610962,86.13425307833782,86.13425307833782,0.0,0.0,5.208333333333333,0.36638087806051367,426.21674281456814,161.98924870566304,297.73844212150834,150.0,1.0,2.272636939596166,0.0,1848.4809294527704,490.34572061344073,477.96655230669484,3212.4457263471454,21.98871280517949,0.0,476.96430600873106,86.13425307833782,97.0526795248877,41.666666666666664,12.37916830674588,191703555.20905304,95824833.33333333,10.0,1.0,7.853981633974483,20.0,2.5,98.17477042468104,8782.261557878492,9.610776124023438,9.85894800101479,50.0,12.131584940610962,2302.786376953125,426.2167428145695,5.208333333333333,0.36638087806051367,161.98924870566304
822,0.236183,1.0,1,436.57977136094365,0.0,490.3457206134375,9.610776124023374,76.886208992187,86.49698511621037,1079.5517121336675,0.0,642.9719407727264,1639.1626326713495,0.0,0.0,0.0,19.029419065864857,0.0,148.54512866242393,8782.261557878492,9.610776124023433,9.85894800101479,50.0,12.131584940610962,2302.786376953125,12.131584940610962,86.13425307833782,86.13425307833782,0.0,0.0,5.208333333333333,0.36638087806051367,426.21674281456677,161.98924870566304,297.73844212150834,150.0,1.0,2.272636939596172,0.0,1848.4809294527704,490.34572061344073,477.96655230669484,3212.4457263471454,21.98871280517949,0.0,476.96430600873106,86.13425307833782,97.0526795248877,41.666666666666664,12.37916830674588,191703555.20905304,95824833.33333333,10.0,1.0,7.853981633974483,20.0,2.5,98.17477042468104,8782.261557878492,9.610776124023438,9.85894800101479,50.0,12.131584940610962,2302.786376953125,426.2167428145695,5.208333333333333,0.36638087806051367,161.98924870566304
823,0.196889,1.0,1,363.9455617190265,0.0,0.0,0.0,0.0,0.0,590.167069132635,0.0,226.22150741360832,1401.0347301307092,-0.0,0.0,9.61077612402344,9.22250465359604,0.0,150.80640241732212,8782.261557878492,9.610776124023438,9.85894800101479,50.0,12.131584940610962,2302.786376953125,12.131584940610962,86.13425307833782,86.13425307833782,0.0,0.0,5.208333333333333,0.36638087806051367,426.2167428145695,161.98924870566304,297.73844212150834,150.0,1.0,2.2726369395961656,0.0,1848.4809294527704,490.34572061344073,477.96655230669484,3212.4457263471454,21.98871280517949,0.0,476.96430600873106,86.13425307833782,97.0526795248877,41.666666666666664,12.37916830674588,191703555.20905304,95824833.33333333,10.0,1.0,7.853981633974483,20.0,2.5,98.17477042468104,8782.261557878492,9.610776124023438,9.85894800101479,50.0,12.131584940610962,2302.786376953125,426.2167428145695,5.208333333333333,0.36638087806051367,161.98924870566304
824,0.156567,-0.0,1,289.41111368163195,0.0,121.65306483445815,2.3844000707553796,19.075200566043037,21.459600636798417,289.411113681632,0.0,0.0,1401.0347301307092,1.0,2.3844000707553796,0.0,11.559216722936313,0.0,140.89791196404093,0.0,0.0,9.85894800101479,50.0,0.0,0.0,0.0,0.0,0.0,0.0,0.0,5.208333333333333,0.36638087806051367,0.0,161.98924870566304,9080.0,150.0,-0.0,0.0,9.85894800101479,1848.4809294527704,490.34572061344073,477.96655230669484,3212.4457263471454,21.98871280517949,0.0,476.96430600873106,86.13425307833782,97.0526795248877,41.666666666666664,12.37916830674588,191703555.20905304,95824833.33333333,10.0,1.0,7.853981633974483,20.0,2.5,98.17477042468104,8782.261557878492,9.610776124023438,9.85894800101479,50.0,12.131584940610962,2302.786376953125,426.2167428145695,5.208333333333333,0.36638087806051367,161.98924870566304
825,0.122169,0.0,1,225.8270666703155,0.0,60.467492267756406,1.1851628484480254,9.481302787584204,10.666465636032228,225.8270666703155,0.0,0.0,1401.0347301307092,1.0,1.1851628484480254,0.0,12.720676314415378,0.0,130.98942151075974,0.0,0.0,9.85894800101479,50.0,0.0,0.0,0.0,0.0,0.0,0.0,0.0,5.208333333333333,0.36638087806051367,0.0,161.98924870566304,9080.0,150.0,0.0,0.0,9.85894800101479,1848.4809294527704,490.34572061344073,477.96655230669484,3212.4457263471454,21.98871280517949,0.0,476.96430600873106,86.13425307833782,97.0526795248877,41.666666666666664,12.37916830674588,191703555.20905304,95824833.33333333,10.0,1.0,7.853981633974483,20.0,2.5,98.17477042468104,8782.261557878492,9.610776124023438,9.85894800101479,50.0,12.131584940610962,2302.786376953125,426.2167428145695,5.208333333333333,0.36638087806051367,161.98924870566304
826,0.090498,-0.0,1,167.2838271536168,0.0,4.132581262464953,0.08099859274431308,0.6479887419545046,0.7289873346988177,167.28382715361664,0.0,0.0,1401.0347301307092,1.0,0.08099859274431663,0.0,12.800054935304809,0.0,121.08093105747852,0.0,0.0,9.85894800101479,50.0,0.0,0.0,0.0,0.0,0.0,0.0,0.0,5.208333333333333,0.36638087806051367,0.0,161.98924870566304,9080.0,150.0,-0.0,0.0,9.858948001014797,1848.4809294527704,490.34572061344073,477.96655230669484,3212.4457263471454,21.98871280517949,0.0,476.96430600873106,86.13425307833782,97.0526795248877,41.666666666666664,12.37916830674588,191703555.20905304,95824833.33333333,10.0,1.0,7.853981633974483,20.0,2.5,98.17477042468104,8782.261557878492,9.610776124023438,9.85894800101479,50.0,12.131584940610962,2302.786376953125,426.2167428145695,5.208333333333333,0.36638087806051367,161.98924870566304
827,0.064863,-0.0,1,119.89801852709505,0.0,0.0,0.0,0.0,0.0,162.98924870566304,0.0,43.091230178568225,1355.6755404690584,1.0,0.0,0.0,12.800054935304809,0.0,111.17244060419733,0.0,0.0,9.85894800101479,50.0,0.0,0.0,0.0,0.0,0.0,0.0,0.0,5.208333333333333,0.36638087806051367,0.0,161.98924870566304,9080.0,150.0,-0.0,0.0,9.85894800101479,1848.4809294527704,490.34572061344073,477.96655230669484,3212.4457263471454,21.98871280517949,0.0,476.96430600873106,86.13425307833782,97.0526795248877,41.666666666666664,12.37916830674588,191703555.20905304,95824833.33333333,10.0,1.0,7.853981633974483,20.0,2.5,98.17477042468104,8782.261557878492,9.610776124023438,9.85894800101479,50.0,12.131584940610962,2302.786376953125,426.2167428145695,5.208333333333333,0.36638087806051367,161.98924870566304
828,0.0515739999999999,-0.0,1,95.333555455597,0.0,0.0,0.0,0.0,0.0,162.98924870566304,0.0,67.65569325006605,1284.4590212584626,-0.0,0.0,0.0,12.800054935304809,0.0,101.26395015091614,0.0,0.0,9.85894800101479,50.0,0.0,0.0,0.0,0.0,0.0,0.0,0.0,5.208333333333333,0.36638087806051367,0.0,161.98924870566304,9080.0,150.0,-0.0,0.0,9.85894800101479,1848.4809294527704,490.34572061344073,477.96655230669484,3212.4457263471454,21.98871280517949,0.0,476.96430600873106,86.13425307833782,97.0526795248877,41.666666666666664,12.37916830674588,191703555.20905304,95824833.33333333,10.0,1.0,7.853981633974483,20.0,2.5,98.17477042468104,8782.261557878492,9.610776124023438,9.85894800101479,50.0,12.131584940610962,2302.786376953125,426.2167428145695,5.208333333333333,0.36638087806051367,161.98924870566304
829,0.048273,-0.0,1,89.23171990747359,0.0,0.0,0.0,0.0,0.0,162.98924870566304,0.0,73.75752879818945,1206.8195172603685,-0.0,0.0,0.0,12.800054935304809,0.0,91.35545969763496,0.0,0.0,9.85894800101479,50.0,0.0,0.0,0.0,0.0,0.0,0.0,0.0,5.208333333333333,0.36638087806051367,0.0,161.98924870566304,9080.0,150.0,-0.0,0.0,9.85894800101479,1848.4809294527704,490.34572061344073,477.96655230669484,3212.4457263471454,21.98871280517949,0.0,476.96430600873106,86.13425307833782,97.0526795248877,41.666666666666664,12.37916830674588,191703555.20905304,95824833.33333333,10.0,1.0,7.853981633974483,20.0,2.5,98.17477042468104,8782.261557878492,9.610776124023438,9.85894800101479,50.0,12.131584940610962,2302.786376953125,426.2167428145695,5.208333333333333,0.36638087806051367,161.98924870566304
830,0.047709,1.0,1,88.18917666326223,0.0,266.8528641474949,5.230316137290901,41.842529098327205,47.072845235618104,856.496901666398,0.0,768.3077250031395,398.0745435728532,-0.0,0.0,4.380459986732532,8.330197805985899,0.0,93.61673345253313,8782.261557878492,9.610776124023433,9.85894800101479,50.0,12.131584940610955,2302.786376953125,12.131584940610955,86.13425307833778,86.13425307833784,0.0,0.0,5.208333333333333,0.36638087806051367,426.21674281456677,161.98924870566304,297.73844212150834,150.0,1.0,2.272636939596157,0.0,1848.4809294527704,490.34572061344073,477.96655230669484,3212.4457263471454,21.98871280517949,0.0,476.96430600873106,86.13425307833782,97.0526795248877,41.666666666666664,12.37916830674588,191703555.20905304,95824833.33333333,10.0,1.0,7.853981633974483,20.0,2.5,98.17477042468104,8782.261557878492,9.610776124023438,9.85894800101479,50.0,12.131584940610962,2302.786376953125,426.2167428145695,5.208333333333333,0.36638087806051367,161.98924870566304
831,0.0483059999999999,-0.0,1,89.29271977814534,0.0,0.0,0.0,0.0,0.0,162.98924870566304,0.0,73.6965289275177,320.49924996493985,-0.0,0.0,0.0,8.330197805985899,0.0,83.70824299925194,0.0,0.0,9.85894800101479,50.0,0.0,0.0,0.0,0.0,0.0,0.0,0.0,5.208333333333333,0.36638087806051367,0.0,161.98924870566304,9080.0,150.0,-0.0,0.0,9.85894800101479,1848.4809294527704,490.34572061344073,477.96655230669484,3212.4457263471454,21.98871280517949,0.0,476.96430600873106,86.13425307833782,97.0526795248877,41.666666666666664,12.37916830674588,191703555.20905304,95824833.33333333,10.0,1.0,7.853981633974483,20.0,2.5,98.17477042468104,8782.261557878492,9.610776124023438,9.85894800101479,50.0,12.131584940610962,2302.786376953125,426.2167428145695,5.208333333333333,0.36638087806051367,161.98924870566304
832,0.054776,0.0,1,101.25239139170495,0.0,0.0,0.0,0.0,0.0,162.98924870566304,0.0,61.7368573139581,255.51308437129973,-0.0,0.0,0.0,8.330197805985899,0.0,73.79975254597075,0.0,0.0,9.85894800101479,50.0,0.0,0.0,0.0,0.0,0.0,0.0,0.0,5.208333333333333,0.36638087806051367,0.0,161.98924870566304,9080.0,150.0,0.0,0.0,9.85894800101479,1848.4809294527704,490.34572061344073,477.96655230669484,3212.4457263471454,21.98871280517949,0.0,476.96430600873106,86.13425307833782,97.0526795248877,41.666666666666664,12.37916830674588,191703555.20905304,95824833.33333333,10.0,1.0,7.853981633974483,20.0,2.5,98.17477042468104,8782.261557878492,9.610776124023438,9.85894800101479,50.0,12.131584940610962,2302.786376953125,426.2167428145695,5.208333333333333,0.36638087806051367,161.98924870566304
833,0.0734549999999999,-0.0,1,135.78016667295304,0.0,0.0,0.0,0.0,0.0,162.98924870566304,0.0,27.20908203271,226.87194538949973,1.0,0.0,0.0,8.330197805985899,0.0,63.89126209268252,0.0,0.0,9.85894800101479,50.0,0.0,0.0,0.0,0.0,0.0,0.0,0.0,5.208333333333333,0.36638087806051367,0.0,161.98924870566304,9080.0,150.0,-0.0,0.0,9.858948001014797,1848.4809294527704,490.34572061344073,477.96655230669484,3212.4457263471454,21.98871280517949,0.0,476.96430600873106,86.13425307833782,97.0526795248877,41.666666666666664,12.37916830674588,191703555.20905304,95824833.33333333,10.0,1.0,7.853981633974483,20.0,2.5,98.17477042468104,8782.261557878492,9.610776124023438,9.85894800101479,50.0,12.131584940610962,2302.786376953125,426.2167428145695,5.208333333333333,0.36638087806051367,161.98924870566304
834,0.1098349999999999,-0.0,1,203.02790288644485,0.0,38.52834313008257,0.7551555253496183,6.041244202796946,6.7963997281465645,203.02790288644485,0.0,0.0,226.87194538949973,1.0,0.7551555253496183,0.0,9.070250220828523,0.0,53.982771639401236,0.0,0.0,9.85894800101479,50.0,0.0,0.0,0.0,0.0,0.0,0.0,0.0,5.208333333333333,0.36638087806051367,0.0,161.98924870566304,9080.0,150.0,-0.0,0.0,9.858948001014797,1848.4809294527704,490.34572061344073,477.96655230669484,3212.4457263471454,21.98871280517949,0.0,476.96430600873106,86.13425307833782,97.0526795248877,41.666666666666664,12.37916830674588,191703555.20905304,95824833.33333333,10.0,1.0,7.853981633974483,20.0,2.5,98.17477042468104,8782.261557878492,9.610776124023438,9.85894800101479,50.0,12.131584940610962,2302.786376953125,426.2167428145695,5.208333333333333,0.36638087806051367,161.98924870566304
835,0.156057,-0.0,1,288.468388407611,0.0,120.7459004060315,2.3666196479582173,18.93295718366574,21.299576831623956,288.46838840761103,0.0,0.0,226.87194538949973,1.0,2.3666196479582173,0.0,11.389537475827577,0.0,44.07428118610928,0.0,0.0,9.85894800101479,50.0,0.0,0.0,0.0,0.0,0.0,0.0,0.0,5.208333333333333,0.36638087806051367,0.0,161.98924870566304,9080.0,150.0,-0.0,0.0,9.858948000281613,1848.4809294527704,490.34572061344073,477.96655230669484,3212.4457263471454,21.98871280517949,0.0,476.96430600873106,86.13425307833782,97.0526795248877,41.666666666666664,12.37916830674588,191703555.20905304,95824833.33333333,10.0,1.0,7.853981633974483,20.0,2.5,98.17477042468104,8782.261557878492,9.610776124023438,9.85894800101479,50.0,12.131584940610962,2302.786376953125,426.2167428145695,5.208333333333333,0.36638087806051367,161.98924870566304
836,0.217144,1.0,1,401.3865429450924,0.0,0.0,0.0,0.0,0.0,590.1670691326336,0.0,188.78052618753975,28.155602034194747,0.0,0.0,9.610776124023433,1.582623063558768,0.0,46.33555494100745,8782.261557878492,9.610776124023433,9.85894800101479,50.0,12.131584940610963,2302.786376953125,12.131584940610963,86.13425307833784,86.13425307833784,0.0,0.0,5.208333333333333,0.36638087806051367,426.21674281456814,161.98924870566304,297.73844212150834,150.0,1.0,2.27263693959615,0.0,1848.4809294527704,490.34572061344073,477.96655230669484,3212.4457263471454,21.98871280517949,0.0,476.96430600873106,86.13425307833782,97.0526795248877,41.666666666666664,12.37916830674588,191703555.20905304,95824833.33333333,10.0,1.0,7.853981633974483,20.0,2.5,98.17477042468104,8782.261557878492,9.610776124023438,9.85894800101479,50.0,12.131584940610962,2302.786376953125,426.2167428145695,5.208333333333333,0.36638087806051367,161.98924870566304
837,0.274449,-0.0,1,507.3137426073834,0.0,331.336118073249,6.49418791423568,51.95350331388544,58.44769122812112,507.3137426073834,0.0,0.0,28.155602034194747,1.0,6.49418791423568,0.0,7.9469272195097345,0.0,36.4270644871494,0.0,0.0,9.85894800101479,50.0,0.0,0.0,0.0,0.0,0.0,0.0,0.0,5.208333333333333,0.36638087806051367,0.0,161.98924870566304,9080.0,150.0,-0.0,0.0,9.85894800101477,1848.4809294527704,490.34572061344073,477.96655230669484,3212.4457263471454,21.98871280517949,0.0,476.96430600873106,86.13425307833782,97.0526795248877,41.666666666666664,12.37916830674588,191703555.20905304,95824833.33333333,10.0,1.0,7.853981633974483,20.0,2.5,98.17477042468104,8782.261557878492,9.610776124023438,9.85894800101479,50.0,12.131584940610962,2302.786376953125,426.2167428145695,5.208333333333333,0.36638087806051367,161.98924870566304
838,0.307648,-0.0,1,568.6814609842859,0.0,390.38896485625753,7.651623711182648,61.21298968946118,68.86461340064383,568.6814609842859,0.0,0.0,28.155602034194747,1.0,7.651623711182647,0.0,15.445518456468733,0.0,26.518574033868205,0.0,0.0,9.85894800101479,50.0,0.0,0.0,0.0,0.0,0.0,0.0,0.0,5.208333333333333,0.36638087806051367,0.0,161.98924870566304,9080.0,150.0,-0.0,0.0,9.85894800101479,1848.4809294527704,490.34572061344073,477.96655230669484,3212.4457263471454,21.98871280517949,0.0,476.96430600873106,86.13425307833782,97.0526795248877,41.666666666666664,12.37916830674588,191703555.20905304,95824833.33333333,10.0,1.0,7.853981633974483,20.0,2.5,98.17477042468104,8782.261557878492,9.610776124023438,9.85894800101479,50.0,12.131584940610962,2302.786376953125,426.2167428145695,5.208333333333333,0.36638087806051367,161.98924870566304
839,0.319983,1.0,1,591.4824732490858,0.0,28.11833799139913,0.5511194246314229,4.4089553970513835,4.960074821682807,618.2302951815709,0.0,26.74782193248501,0.0,-0.0,0.0,9.059656699392015,6.200970804027902,0.0,28.77984778876639,8782.261557878492,9.610776124023438,9.85894800101479,50.0,12.131584940610962,2302.786376953125,12.131584940610962,86.13425307833782,86.13425307833782,0.0,0.0,5.208333333333333,0.36638087806051367,426.2167428145695,161.98924870566304,297.73844212150834,150.0,1.0,2.2726369395961656,0.0,1848.4809294527704,490.34572061344073,477.96655230669484,3212.4457263471454,21.98871280517949,0.0,476.96430600873106,86.13425307833782,97.0526795248877,41.666666666666664,12.37916830674588,191703555.20905304,95824833.33333333,10.0,1.0,7.853981633974483,20.0,2.5,98.17477042468104,8782.261557878492,9.610776124023438,9.85894800101479,50.0,12.131584940610962,2302.786376953125,426.2167428145695,5.208333333333333,0.36638087806051367,161.98924870566304
840,0.987931,1.0,1,1826.171613115205,0.0,490.34572061344073,9.610776124023438,76.8862089921875,86.49698511621094,1079.5517121336734,0.0,0.0,0.0,1.0,0.0,0.0,6.200970804027902,0.0,31.041121543789757,8782.261557878492,9.610776124023438,9.85894800101479,50.0,12.131584940610962,2302.786376953125,12.131584940610962,86.13425307833782,86.13425307833782,0.0,0.0,5.208333333333333,0.36638087806051367,426.2167428145695,161.98924870566304,297.73844212150834,150.0,1.0,2.2726369395961656,0.0,1848.4809294527704,490.34572061344073,477.96655230669484,3212.4457263471454,21.98871280517949,0.0,476.96430600873106,86.13425307833782,97.0526795248877,41.666666666666664,12.37916830674588,191703555.20905304,95824833.33333333,10.0,1.0,7.853981633974483,20.0,2.5,98.17477042468104,8782.261557878492,9.610776124023438,9.85894800101479,50.0,12.131584940610962,2302.786376953125,426.2167428145695,5.208333333333333,0.36638087806051367,161.98924870566304
841,0.986462,1.0,1,1823.4561946298386,0.0,490.34572061344073,9.610776124023438,76.8862089921875,86.49698511621094,1079.5517121336734,0.0,0.0,0.0,1.0,0.0,0.0,6.200970804027902,0.0,33.30239529868794,8782.261557878492,9.610776124023438,9.85894800101479,50.0,12.131584940610962,2302.786376953125,12.131584940610962,86.13425307833782,86.13425307833782,0.0,0.0,5.208333333333333,0.36638087806051367,426.2167428145695,161.98924870566304,297.73844212150834,150.0,1.0,2.2726369395961656,0.0,1848.4809294527704,490.34572061344073,477.96655230669484,3212.4457263471454,21.98871280517949,0.0,476.96430600873106,86.13425307833782,97.0526795248877,41.666666666666664,12.37916830674588,191703555.20905304,95824833.33333333,10.0,1.0,7.853981633974483,20.0,2.5,98.17477042468104,8782.261557878492,9.610776124023438,9.85894800101479,50.0,12.131584940610962,2302.786376953125,426.2167428145695,5.208333333333333,0.36638087806051367,161.98924870566304
842,0.987244,1.0,1,1824.9017067166708,0.0,490.34572061344073,9.610776124023438,76.8862089921875,86.49698511621094,1079.5517121336734,0.0,0.0,0.0,1.0,0.0,0.0,6.200970804027902,0.0,35.563669053586125,8782.261557878492,9.610776124023438,9.85894800101479,50.0,12.131584940610962,2302.786376953125,12.131584940610962,86.13425307833782,86.13425307833782,0.0,0.0,5.208333333333333,0.36638087806051367,426.2167428145695,161.98924870566304,297.73844212150834,150.0,1.0,2.2726369395961656,0.0,1848.4809294527704,490.34572061344073,477.96655230669484,3212.4457263471454,21.98871280517949,0.0,476.96430600873106,86.13425307833782,97.0526795248877,41.666666666666664,12.37916830674588,191703555.20905304,95824833.33333333,10.0,1.0,7.853981633974483,20.0,2.5,98.17477042468104,8782.261557878492,9.610776124023438,9.85894800101479,50.0,12.131584940610962,2302.786376953125,426.2167428145695,5.208333333333333,0.36638087806051367,161.98924870566304
843,0.988411,1.0,1,1827.0588839613424,0.0,490.34572061344073,9.610776124023438,76.8862089921875,86.49698511621094,1079.5517121336734,0.0,0.0,0.0,1.0,0.0,0.0,6.200970804027902,0.0,37.82494280848431,8782.261557878492,9.610776124023438,9.85894800101479,50.0,12.131584940610962,2302.786376953125,12.131584940610962,86.13425307833782,86.13425307833782,0.0,0.0,5.208333333333333,0.36638087806051367,426.2167428145695,161.98924870566304,297.73844212150834,150.0,1.0,2.2726369395961656,0.0,1848.4809294527704,490.34572061344073,477.96655230669484,3212.4457263471454,21.98871280517949,0.0,476.96430600873106,86.13425307833782,97.0526795248877,41.666666666666664,12.37916830674588,191703555.20905304,95824833.33333333,10.0,1.0,7.853981633974483,20.0,2.5,98.17477042468104,8782.261557878492,9.610776124023438,9.85894800101479,50.0,12.131584940610962,2302.786376953125,426.2167428145695,5.208333333333333,0.36638087806051367,161.98924870566304
844,0.98804,1.0,1,1826.3730975365154,0.0,490.34572061344073,9.610776124023438,76.8862089921875,86.49698511621094,1079.5517121336734,0.0,0.0,0.0,1.0,0.0,0.0,6.200970804027902,0.0,40.08621656346364,8782.261557878492,9.610776124023438,9.85894800101479,50.0,12.131584940610962,2302.786376953125,12.131584940610962,86.13425307833782,86.13425307833782,0.0,0.0,5.208333333333333,0.36638087806051367,426.2167428145695,161.98924870566304,297.73844212150834,150.0,1.0,2.2726369395961656,0.0,1848.4809294527704,490.34572061344073,477.96655230669484,3212.4457263471454,21.98871280517949,0.0,476.96430600873106,86.13425307833782,97.0526795248877,41.666666666666664,12.37916830674588,191703555.20905304,95824833.33333333,10.0,1.0,7.853981633974483,20.0,2.5,98.17477042468104,8782.261557878492,9.610776124023438,9.85894800101479,50.0,12.131584940610962,2302.786376953125,426.2167428145695,5.208333333333333,0.36638087806051367,161.98924870566304
845,0.98873,1.0,1,1827.6485493778378,0.0,490.34572061344073,9.610776124023438,76.8862089921875,86.49698511621094,1079.5517121336734,0.0,0.0,0.0,1.0,0.0,0.0,6.200970804027902,0.0,42.34749031836182,8782.261557878492,9.610776124023438,9.85894800101479,50.0,12.131584940610962,2302.786376953125,12.131584940610962,86.13425307833782,86.13425307833782,0.0,0.0,5.208333333333333,0.36638087806051367,426.2167428145695,161.98924870566304,297.73844212150834,150.0,1.0,2.2726369395961656,0.0,1848.4809294527704,490.34572061344073,477.96655230669484,3212.4457263471454,21.98871280517949,0.0,476.96430600873106,86.13425307833782,97.0526795248877,41.666666666666664,12.37916830674588,191703555.20905304,95824833.33333333,10.0,1.0,7.853981633974483,20.0,2.5,98.17477042468104,8782.261557878492,9.610776124023438,9.85894800101479,50.0,12.131584940610962,2302.786376953125,426.2167428145695,5.208333333333333,0.36638087806051367,161.98924870566304
846,0.988949,1.0,1,1828.0533667013879,0.0,490.34572061344073,9.610776124023438,76.8862089921875,86.49698511621094,1079.5517121336734,0.0,0.0,0.0,1.0,0.0,0.0,6.200970804027902,0.0,44.60876407339225,8782.261557878492,9.610776124023438,9.85894800101479,50.0,12.131584940610962,2302.786376953125,12.131584940610962,86.13425307833782,86.13425307833782,0.0,0.0,5.208333333333333,0.36638087806051367,426.2167428145695,161.98924870566304,297.73844212150834,150.0,1.0,2.2726369395961656,0.0,1848.4809294527704,490.34572061344073,477.96655230669484,3212.4457263471454,21.98871280517949,0.0,476.96430600873106,86.13425307833782,97.0526795248877,41.666666666666664,12.37916830674588,191703555.20905304,95824833.33333333,10.0,1.0,7.853981633974483,20.0,2.5,98.17477042468104,8782.261557878492,9.610776124023438,9.85894800101479,50.0,12.131584940610962,2302.786376953125,426.2167428145695,5.208333333333333,0.36638087806051367,161.98924870566304
847,0.986252,1.0,1,1823.0680136346537,0.0,490.34572061344073,9.610776124023438,76.8862089921875,86.49698511621094,1079.5517121336734,0.0,0.0,0.0,1.0,0.0,0.0,6.200970804027902,0.0,46.870037828290435,8782.261557878492,9.610776124023438,9.85894800101479,50.0,12.131584940610962,2302.786376953125,12.131584940610962,86.13425307833782,86.13425307833782,0.0,0.0,5.208333333333333,0.36638087806051367,426.2167428145695,161.98924870566304,297.73844212150834,150.0,1.0,2.2726369395961656,0.0,1848.4809294527704,490.34572061344073,477.96655230669484,3212.4457263471454,21.98871280517949,0.0,476.96430600873106,86.13425307833782,97.0526795248877,41.666666666666664,12.37916830674588,191703555.20905304,95824833.33333333,10.0,1.0,7.853981633974483,20.0,2.5,98.17477042468104,8782.261557878492,9.610776124023438,9.85894800101479,50.0,12.131584940610962,2302.786376953125,426.2167428145695,5.208333333333333,0.36638087806051367,161.98924870566304
848,0.938557,1.0,1,1734.9047157044038,0.0,490.34572061344073,9.610776124023438,76.8862089921875,86.49698511621094,1079.5517121336734,0.0,0.0,0.0,1.0,0.0,0.0,6.200970804027902,0.0,49.13131158318862,8782.261557878492,9.610776124023438,9.85894800101479,50.0,12.131584940610962,2302.786376953125,12.131584940610962,86.13425307833782,86.13425307833782,0.0,0.0,5.208333333333333,0.36638087806051367,426.2167428145695,161.98924870566304,297.73844212150834,150.0,1.0,2.2726369395961656,0.0,1848.4809294527704,490.34572061344073,477.96655230669484,3212.4457263471454,21.98871280517949,0.0,476.96430600873106,86.13425307833782,97.0526795248877,41.666666666666664,12.37916830674588,191703555.20905304,95824833.33333333,10.0,1.0,7.853981633974483,20.0,2.5,98.17477042468104,8782.261557878492,9.610776124023438,9.85894800101479,50.0,12.131584940610962,2302.786376953125,426.2167428145695,5.208333333333333,0.36638087806051367,161.98924870566304
849,0.903185,1.0,1,1669.5202482678005,0.0,490.34572061344073,9.610776124023438,76.8862089921875,86.49698511621094,1669.5202482678005,589.9685361341272,0.0,560.4701093274209,1.0,0.0,0.0,6.200970804027902,0.0,51.3925853380868,8782.261557878492,9.610776124023438,9.85894800101479,50.0,12.131584940610962,2302.786376953125,12.131584940610962,86.13425307833782,86.13425307833782,0.0,0.0,5.208333333333333,0.36638087806051367,426.2167428145695,161.98924870566304,297.73844212150834,150.0,1.0,2.2726369395961656,0.0,1848.4809294527704,490.34572061344073,477.96655230669484,3212.4457263471454,21.98871280517949,0.0,476.96430600873106,86.13425307833782,97.0526795248877,41.666666666666664,12.37916830674588,191703555.20905304,95824833.33333333,10.0,1.0,7.853981633974483,20.0,2.5,98.17477042468104,8782.261557878492,9.610776124023438,9.85894800101479,50.0,12.131584940610962,2302.786376953125,426.2167428145695,5.208333333333333,0.36638087806051367,161.98924870566304
850,0.914694,1.0,1,1690.7944152848725,0.0,490.34572061344073,9.610776124023438,76.8862089921875,86.49698511621094,1100.8258791507455,21.274167017072138,0.0,580.6805679936394,1.0,0.0,0.0,6.200970804027902,0.0,53.65385909310989,8782.261557878492,9.610776124023438,9.85894800101479,50.0,12.131584940610962,2302.786376953125,12.131584940610962,86.13425307833782,86.13425307833782,0.0,0.0,5.208333333333333,0.36638087806051367,426.2167428145695,161.98924870566304,297.73844212150834,150.0,1.0,2.2726369395961656,0.0,1848.4809294527704,490.34572061344073,477.96655230669484,3212.4457263471454,21.98871280517949,0.0,476.96430600873106,86.13425307833782,97.0526795248877,41.666666666666664,12.37916830674588,191703555.20905304,95824833.33333333,10.0,1.0,7.853981633974483,20.0,2.5,98.17477042468104,8782.261557878492,9.610776124023438,9.85894800101479,50.0,12.131584940610962,2302.786376953125,426.2167428145695,5.208333333333333,0.36638087806051367,161.98924870566304
851,0.943591,1.0,1,1744.209968703269,0.0,490.34572061344073,9.610776124023438,76.8862089921875,86.49698511621094,1079.5517121336734,0.0,0.0,580.6805679936394,1.0,0.0,0.0,6.200970804027902,0.0,55.91513284800807,8782.261557878492,9.610776124023438,9.85894800101479,50.0,12.131584940610962,2302.786376953125,12.131584940610962,86.13425307833782,86.13425307833782,0.0,0.0,5.208333333333333,0.36638087806051367,426.2167428145695,161.98924870566304,297.73844212150834,150.0,1.0,2.2726369395961656,0.0,1848.4809294527704,490.34572061344073,477.96655230669484,3212.4457263471454,21.98871280517949,0.0,476.96430600873106,86.13425307833782,97.0526795248877,41.666666666666664,12.37916830674588,191703555.20905304,95824833.33333333,10.0,1.0,7.853981633974483,20.0,2.5,98.17477042468104,8782.261557878492,9.610776124023438,9.85894800101479,50.0,12.131584940610962,2302.786376953125,426.2167428145695,5.208333333333333,0.36638087806051367,161.98924870566304
852,0.967543,1.0,1,1788.484783925522,0.0,490.34572061344085,9.61077612402344,76.88620899218752,86.49698511621096,1079.5517121336734,0.0,0.0,580.6805679936394,0.0,0.0,0.0,6.200970804027904,0.0,58.176406602906255,8782.261557878492,9.610776124023438,9.85894800101479,50.0,12.131584940610962,2302.786376953125,12.131584940610962,86.13425307833782,86.13425307833782,0.0,0.0,5.208333333333333,0.36638087806051367,426.2167428145695,161.98924870566304,297.73844212150834,150.0,1.0,2.2726369395961656,0.0,1848.4809294527704,490.34572061344073,477.96655230669484,3212.4457263471454,21.98871280517949,0.0,476.96430600873106,86.13425307833782,97.0526795248877,41.666666666666664,12.37916830674588,191703555.20905304,95824833.33333333,10.0,1.0,7.853981633974483,20.0,2.5,98.17477042468104,8782.261557878492,9.610776124023438,9.85894800101479,50.0,12.131584940610962,2302.786376953125,426.2167428145695,5.208333333333333,0.36638087806051367,161.98924870566304
853,0.983862,1.0,1,1818.6501442132617,0.0,490.34572061344085,9.61077612402344,76.88620899218752,86.49698511621096,1697.3935736712529,617.8418615375796,0.0,1167.63033645434,0.0,0.0,0.0,6.200970804027904,0.0,60.43768035780444,8782.261557878492,9.610776124023438,9.85894800101479,50.0,12.131584940610962,2302.786376953125,12.131584940610962,86.13425307833782,86.13425307833782,0.0,0.0,5.208333333333333,0.36638087806051367,426.2167428145695,161.98924870566304,297.73844212150834,150.0,1.0,2.2726369395961656,0.0,1848.4809294527704,490.34572061344073,477.96655230669484,3212.4457263471454,21.98871280517949,0.0,476.96430600873106,86.13425307833782,97.0526795248877,41.666666666666664,12.37916830674588,191703555.20905304,95824833.33333333,10.0,1.0,7.853981633974483,20.0,2.5,98.17477042468104,8782.261557878492,9.610776124023438,9.85894800101479,50.0,12.131584940610962,2302.786376953125,426.2167428145695,5.208333333333333,0.36638087806051367,161.98924870566304
854,0.987185,1.0,1,1824.792646341833,0.0,490.34572061344073,9.610776124023438,76.8862089921875,86.49698511621094,1824.792646341833,745.2409342081597,0.0,1875.6092239520917,1.0,0.0,0.0,6.200970804027904,0.0,62.69895411282742,8782.261557878492,9.610776124023438,9.85894800101479,50.0,12.131584940610962,2302.786376953125,12.131584940610962,86.13425307833782,86.13425307833782,0.0,0.0,5.208333333333333,0.36638087806051367,426.2167428145695,161.98924870566304,297.73844212150834,150.0,1.0,2.2726369395961656,0.0,1848.4809294527704,490.34572061344073,477.96655230669484,3212.4457263471454,21.98871280517949,0.0,476.96430600873106,86.13425307833782,97.0526795248877,41.666666666666664,12.37916830674588,191703555.20905304,95824833.33333333,10.0,1.0,7.853981633974483,20.0,2.5,98.17477042468104,8782.261557878492,9.610776124023438,9.85894800101479,50.0,12.131584940610962,2302.786376953125,426.2167428145695,5.208333333333333,0.36638087806051367,161.98924870566304
855,0.973206,1.0,1,1798.9527314290128,0.0,490.34572061344073,9.610776124023438,76.8862089921875,86.49698511621094,1208.7158034455397,129.1640913118662,0.0,1998.3151106983646,1.0,0.0,0.0,6.200970804027904,0.0,64.9602278677256,8782.261557878492,9.610776124023438,9.85894800101479,50.0,12.131584940610962,2302.786376953125,12.131584940610962,86.13425307833782,86.13425307833782,0.0,0.0,5.208333333333333,0.36638087806051367,426.2167428145695,161.98924870566304,297.73844212150834,150.0,1.0,2.2726369395961656,0.0,1848.4809294527704,490.34572061344073,477.96655230669484,3212.4457263471454,21.98871280517949,0.0,476.96430600873106,86.13425307833782,97.0526795248877,41.666666666666664,12.37916830674588,191703555.20905304,95824833.33333333,10.0,1.0,7.853981633974483,20.0,2.5,98.17477042468104,8782.261557878492,9.610776124023438,9.85894800101479,50.0,12.131584940610962,2302.786376953125,426.2167428145695,5.208333333333333,0.36638087806051367,161.98924870566304
856,0.913543,1.0,1,1688.6668137350723,0.0,490.34572061344073,9.610776124023438,76.8862089921875,86.49698511621094,1688.6668137350725,609.115101601399,0.0,2576.9744572196937,1.0,0.0,0.0,6.200970804027904,0.0,67.22150162262379,8782.261557878492,9.610776124023438,9.85894800101479,50.0,12.131584940610962,2302.786376953125,12.131584940610962,86.13425307833782,86.13425307833782,0.0,0.0,5.208333333333333,0.36638087806051367,426.2167428145695,161.98924870566304,297.73844212150834,150.0,1.0,2.2726369395961656,0.0,1848.4809294527704,490.34572061344073,477.96655230669484,3212.4457263471454,21.98871280517949,0.0,476.96430600873106,86.13425307833782,97.0526795248877,41.666666666666664,12.37916830674588,191703555.20905304,95824833.33333333,10.0,1.0,7.853981633974483,20.0,2.5,98.17477042468104,8782.261557878492,9.610776124023438,9.85894800101479,50.0,12.131584940610962,2302.786376953125,426.2167428145695,5.208333333333333,0.36638087806051367,161.98924870566304
857,0.868855,1.0,1,1606.0618979596868,0.0,490.34572061344073,9.610776124023438,76.8862089921875,86.49698511621094,1606.061897959687,526.5101858260135,0.0,3077.1591337544064,1.0,0.0,0.0,6.200970804027904,0.0,69.48277537752197,8782.261557878492,9.610776124023438,9.85894800101479,50.0,12.131584940610962,2302.786376953125,12.131584940610962,86.13425307833782,86.13425307833782,0.0,0.0,5.208333333333333,0.36638087806051367,426.2167428145695,161.98924870566304,297.73844212150834,150.0,1.0,2.2726369395961656,0.0,1848.4809294527704,490.34572061344073,477.96655230669484,3212.4457263471454,21.98871280517949,0.0,476.96430600873106,86.13425307833782,97.0526795248877,41.666666666666664,12.37916830674588,191703555.20905304,95824833.33333333,10.0,1.0,7.853981633974483,20.0,2.5,98.17477042468104,8782.261557878492,9.610776124023438,9.85894800101479,50.0,12.131584940610962,2302.786376953125,426.2167428145695,5.208333333333333,0.36638087806051367,161.98924870566304
858,0.785983,1.0,1,1452.874586374077,0.0,490.34572061344073,9.610776124023438,76.8862089921875,86.49698511621094,1079.5517121336734,0.0,0.0,3077.1591337544064,1.0,0.0,0.0,6.200970804027904,0.0,71.74404913254487,8782.261557878492,9.610776124023438,9.85894800101479,50.0,12.131584940610962,2302.786376953125,12.131584940610962,86.13425307833782,86.13425307833782,0.0,0.0,5.208333333333333,0.36638087806051367,426.2167428145695,161.98924870566304,297.73844212150834,150.0,1.0,2.2726369395961656,0.0,1848.4809294527704,490.34572061344073,477.96655230669484,3212.4457263471454,21.98871280517949,0.0,476.96430600873106,86.13425307833782,97.0526795248877,41.666666666666664,12.37916830674588,191703555.20905304,95824833.33333333,10.0,1.0,7.853981633974483,20.0,2.5,98.17477042468104,8782.261557878492,9.610776124023438,9.85894800101479,50.0,12.131584940610962,2302.786376953125,426.2167428145695,5.208333333333333,0.36638087806051367,161.98924870566304
859,0.661061,1.0,1,1221.958651704978,0.0,490.34572061344073,9.610776124023438,76.8862089921875,86.49698511621094,1200.9528765372563,121.40116440358297,0.0,3192.4902399378107,1.0,0.0,0.0,6.200970804027904,0.0,74.00532288744306,8782.261557878492,9.610776124023438,9.85894800101479,50.0,12.131584940610962,2302.786376953125,12.131584940610962,86.13425307833782,86.13425307833776,0.0,0.0,5.208333333333333,0.36638087806051367,426.2167428145695,161.98924870566304,297.73844212150834,150.0,1.0,2.2726369395961656,0.0,1848.4809294527704,490.34572061344073,477.96655230669484,3212.4457263471454,21.98871280517949,0.0,476.96430600873106,86.13425307833782,97.0526795248877,41.666666666666664,12.37916830674588,191703555.20905304,95824833.33333333,10.0,1.0,7.853981633974483,20.0,2.5,98.17477042468104,8782.261557878492,9.610776124023438,9.85894800101479,50.0,12.131584940610962,2302.786376953125,426.2167428145695,5.208333333333333,0.36638087806051367,161.98924870566304
860,0.453052,1.0,1,837.4579820504365,0.0,490.34572061344073,9.610776124023438,76.8862089921875,86.49698511621094,1079.5517121336734,0.0,242.09373008323678,2937.654734587035,-0.0,0.0,0.0,6.200970804027904,0.0,76.26659664234124,8782.261557878492,9.610776124023438,9.85894800101479,50.0,12.131584940610962,2302.786376953125,12.131584940610962,86.13425307833782,86.13425307833782,0.0,0.0,5.208333333333333,0.36638087806051367,426.2167428145695,161.98924870566304,297.73844212150834,150.0,1.0,2.2726369395961656,0.0,1848.4809294527704,490.34572061344073,477.96655230669484,3212.4457263471454,21.98871280517949,0.0,476.96430600873106,86.13425307833782,97.0526795248877,41.666666666666664,12.37916830674588,191703555.20905304,95824833.33333333,10.0,1.0,7.853981633974483,20.0,2.5,98.17477042468104,8782.261557878492,9.610776124023438,9.85894800101479,50.0,12.131584940610962,2302.786376953125,426.2167428145695,5.208333333333333,0.36638087806051367,161.98924870566304
861,0.146547,1.0,1,270.88933476851514,0.0,490.34572061344073,9.610776124023438,76.8862089921875,86.49698511621094,1079.5517121336734,0.0,808.6623773651581,2086.4311794658156,-0.0,0.0,0.0,6.200970804027904,0.0,78.52787039723943,8782.261557878492,9.610776124023438,9.85894800101479,50.0,12.131584940610962,2302.786376953125,12.131584940610962,86.13425307833782,86.13425307833782,0.0,0.0,5.208333333333333,0.36638087806051367,426.2167428145695,161.98924870566304,297.73844212150834,150.0,1.0,2.2726369395961656,0.0,1848.4809294527704,490.34572061344073,477.96655230669484,3212.4457263471454,21.98871280517949,0.0,476.96430600873106,86.13425307833782,97.0526795248877,41.666666666666664,12.37916830674588,191703555.20905304,95824833.33333333,10.0,1.0,7.853981633974483,20.0,2.5,98.17477042468104,8782.261557878492,9.610776124023438,9.85894800101479,50.0,12.131584940610962,2302.786376953125,426.2167428145695,5.208333333333333,0.36638087806051367,161.98924870566304
862,0.015419,1.0,1,28.501727451232266,0.0,490.34572061344085,9.61077612402344,76.88620899218752,86.49698511621096,1079.5517121336734,0.0,1051.0499846824412,980.0627745369302,-0.0,0.0,0.0,6.200970804027904,0.0,80.78914415225067,8782.261557878492,9.610776124023438,9.85894800101479,50.0,12.131584940610962,2302.786376953125,12.131584940610962,86.13425307833782,86.13425307833782,0.0,0.0,5.208333333333333,0.36638087806051367,426.2167428145695,161.98924870566304,297.73844212150834,150.0,1.0,2.2726369395961656,0.0,1848.4809294527704,490.34572061344073,477.96655230669484,3212.4457263471454,21.98871280517949,0.0,476.96430600873106,86.13425307833782,97.0526795248877,41.666666666666664,12.37916830674588,191703555.20905304,95824833.33333333,10.0,1.0,7.853981633974483,20.0,2.5,98.17477042468104,8782.261557878492,9.610776124023438,9.85894800101479,50.0,12.131584940610962,2302.786376953125,426.2167428145695,5.208333333333333,0.36638087806051367,161.98924870566304
863,0.097851,1.0,1,180.87570742788301,0.0,490.34572061344085,9.61077612402344,76.88620899218752,86.49698511621096,1079.5517121336734,0.0,898.6760047057904,34.088032741361275,-0.0,0.0,0.0,6.200970804027904,0.0,83.05041790714886,8782.261557878492,9.610776124023438,9.85894800101479,50.0,12.131584940610962,2302.786376953125,12.131584940610962,86.13425307833782,86.13425307833782,0.0,0.0,5.208333333333333,0.36638087806051367,426.2167428145695,161.98924870566304,297.73844212150834,150.0,1.0,2.2726369395961656,0.0,1848.4809294527704,490.34572061344073,477.96655230669484,3212.4457263471454,21.98871280517949,0.0,476.96430600873106,86.13425307833782,97.0526795248877,41.666666666666664,12.37916830674588,191703555.20905304,95824833.33333333,10.0,1.0,7.853981633974483,20.0,2.5,98.17477042468104,8782.261557878492,9.610776124023438,9.85894800101479,50.0,12.131584940610962,2302.786376953125,426.2167428145695,5.208333333333333,0.36638087806051367,161.98924870566304
864,0.582254,1.0,1,1076.2854150975934,0.0,490.34572061344073,9.610776124023438,76.8862089921875,86.49698511621094,1079.5517121336734,0.0,3.266297036079834,30.649825334961452,1.0,0.0,0.0,6.200970804027904,0.0,85.31169166204704,8782.261557878492,9.610776124023438,9.85894800101479,50.0,12.131584940610962,2302.786376953125,12.131584940610962,86.13425307833782,86.13425307833782,0.0,0.0,5.208333333333333,0.36638087806051367,426.2167428145695,161.98924870566304,297.73844212150834,150.0,1.0,2.2726369395961656,0.0,1848.4809294527704,490.34572061344073,477.96655230669484,3212.4457263471454,21.98871280517949,0.0,476.96430600873106,86.13425307833782,97.0526795248877,41.666666666666664,12.37916830674588,191703555.20905304,95824833.33333333,10.0,1.0,7.853981633974483,20.0,2.5,98.17477042468104,8782.261557878492,9.610776124023438,9.85894800101479,50.0,12.131584940610962,2302.786376953125,426.2167428145695,5.208333333333333,0.36638087806051367,161.98924870566304
865,0.572787,1.0,1,1058.7858461384642,0.0,490.34572061344073,9.610776124023438,76.8862089921875,86.49698511621094,1079.5517121336734,0.0,20.765865995209026,8.79101902421511,1.0,0.0,0.0,6.200970804027904,0.0,87.57296541694522,8782.261557878492,9.610776124023438,9.85894800101479,50.0,12.131584940610962,2302.786376953125,12.131584940610962,86.13425307833782,86.13425307833782,0.0,0.0,5.208333333333333,0.36638087806051367,426.2167428145695,161.98924870566304,297.73844212150834,150.0,1.0,2.272636939596165,0.0,1848.4809294527704,490.34572061344073,477.96655230669484,3212.4457263471454,21.98871280517949,0.0,476.96430600873106,86.13425307833782,97.0526795248877,41.666666666666664,12.37916830674588,191703555.20905304,95824833.33333333,10.0,1.0,7.853981633974483,20.0,2.5,98.17477042468104,8782.261557878492,9.610776124023438,9.85894800101479,50.0,12.131584940610962,2302.786376953125,426.2167428145695,5.208333333333333,0.36638087806051367,161.98924870566304
866,0.579503,1.0,1,1071.2002440606689,0.0,490.34572061344073,9.610776124023438,76.8862089921875,86.49698511621094,1079.5517121336734,0.0,8.351468073004355,0.0,1.0,0.0,0.0,6.200970804027904,0.0,89.83423917177294,8782.261557878492,9.610776124023438,9.85894800101479,50.0,12.131584940610962,2302.786376953125,12.131584940610962,86.13425307833782,86.13425307833782,0.0,0.0,5.208333333333333,0.36638087806051367,426.2167428145695,161.98924870566304,297.73844212150834,150.0,1.0,2.272636939596165,0.0,1848.4809294527704,490.34572061344073,477.96655230669484,3212.4457263471454,21.98871280517949,0.0,476.96430600873106,86.13425307833782,97.0526795248877,41.666666666666664,12.37916830674588,191703555.20905304,95824833.33333333,10.0,1.0,7.853981633974483,20.0,2.5,98.17477042468104,8782.261557878492,9.610776124023438,9.85894800101479,50.0,12.131584940610962,2302.786376953125,426.2167428145695,5.208333333333333,0.36638087806051367,161.98924870566304
867,0.606447,1.0,1,1121.0057142238443,0.0,490.34572061344073,9.610776124023438,76.8862089921875,86.49698511621094,1079.5517121336734,0.0,0.0,0.0,1.0,0.0,0.0,6.200970804027904,0.0,92.09551292667112,8782.261557878492,9.610776124023438,9.85894800101479,50.0,12.131584940610962,2302.786376953125,12.131584940610962,86.13425307833782,86.13425307833782,0.0,0.0,5.208333333333333,0.36638087806051367,426.2167428145695,161.98924870566304,297.73844212150834,150.0,1.0,2.272636939596165,0.0,1848.4809294527704,490.34572061344073,477.96655230669484,3212.4457263471454,21.98871280517949,0.0,476.96430600873106,86.13425307833782,97.0526795248877,41.666666666666664,12.37916830674588,191703555.20905304,95824833.33333333,10.0,1.0,7.853981633974483,20.0,2.5,98.17477042468104,8782.261557878492,9.610776124023438,9.85894800101479,50.0,12.131584940610962,2302.786376953125,426.2167428145695,5.208333333333333,0.36638087806051367,161.98924870566304
868,0.6435489999999999,1.0,1,1189.5880536684008,0.0,490.345720613441,9.610776124023444,76.88620899218755,86.496985116211,1165.6859652120113,0.0,0.0,0.0,0.0,0.0,0.0,6.200970804027909,0.0,94.3567866815693,8782.261557878492,9.610776124023438,9.85894800101479,50.0,12.131584940610962,2302.786376953125,12.131584940610962,86.13425307833782,0.0,86.13425307833782,86.13425307833782,5.208333333333333,0.36638087806051367,426.2167428145695,161.98924870566304,297.73844212150834,150.0,1.0,2.272636939596165,0.0,1848.4809294527704,490.34572061344073,477.96655230669484,3212.4457263471454,21.98871280517949,0.0,476.96430600873106,86.13425307833782,97.0526795248877,41.666666666666664,12.37916830674588,191703555.20905304,95824833.33333333,10.0,1.0,7.853981633974483,20.0,2.5,98.17477042468104,8782.261557878492,9.610776124023438,9.85894800101479,50.0,12.131584940610962,2302.786376953125,426.2167428145695,5.208333333333333,0.36638087806051367,161.98924870566304
869,0.6372770000000001,1.0,1,1177.9943812788733,0.0,490.34572061344073,9.610776124023438,76.8862089921875,86.49698511621094,1165.6859652120113,0.0,0.0,0.0,1.0,0.0,0.0,6.200970804027909,0.0,96.61806043646749,8782.261557878492,9.610776124023438,9.85894800101479,50.0,12.131584940610962,2302.786376953125,12.131584940610962,86.13425307833782,0.0,86.13425307833782,86.13425307833782,5.208333333333333,0.36638087806051367,426.2167428145695,161.98924870566304,297.73844212150834,150.0,1.0,2.2726369395961656,0.0,1848.4809294527704,490.34572061344073,477.96655230669484,3212.4457263471454,21.98871280517949,0.0,476.96430600873106,86.13425307833782,97.0526795248877,41.666666666666664,12.37916830674588,191703555.20905304,95824833.33333333,10.0,1.0,7.853981633974483,20.0,2.5,98.17477042468104,8782.261557878492,9.610776124023438,9.85894800101479,50.0,12.131584940610962,2302.786376953125,426.2167428145695,5.208333333333333,0.36638087806051367,161.98924870566304
870,0.664578,1.0,1,1228.4597591338631,0.0,490.34572061344073,9.610776124023438,76.8862089921875,86.49698511621094,1165.6859652120113,0.0,0.0,0.0,1.0,0.0,0.0,6.200970804027909,0.0,98.87933419129922,8782.261557878492,9.610776124023438,9.85894800101479,50.0,12.131584940610962,2302.786376953125,12.131584940610962,86.13425307833782,0.0,86.13425307833782,86.13425307833782,5.208333333333333,0.36638087806051367,426.2167428145695,161.98924870566304,297.73844212150834,150.0,1.0,2.2726369395961656,0.0,1848.4809294527704,490.34572061344073,477.96655230669484,3212.4457263471454,21.98871280517949,0.0,476.96430600873106,86.13425307833782,97.0526795248877,41.666666666666664,12.37916830674588,191703555.20905304,95824833.33333333,10.0,1.0,7.853981633974483,20.0,2.5,98.17477042468104,8782.261557878492,9.610776124023438,9.85894800101479,50.0,12.131584940610962,2302.786376953125,426.2167428145695,5.208333333333333,0.36638087806051367,161.98924870566304
871,0.708312,1.0,1,1309.3012241025508,0.0,490.34572061344073,9.610776124023438,76.8862089921875,86.49698511621094,1079.5517121336734,0.0,0.0,0.0,1.0,0.0,0.0,6.200970804027909,0.0,101.1406079461974,8782.261557878492,9.610776124023438,9.85894800101479,50.0,12.131584940610962,2302.786376953125,12.131584940610962,86.13425307833782,86.13425307833782,0.0,0.0,5.208333333333333,0.36638087806051367,426.2167428145695,161.98924870566304,297.73844212150834,150.0,1.0,2.2726369395961656,0.0,1848.4809294527704,490.34572061344073,477.96655230669484,3212.4457263471454,21.98871280517949,0.0,476.96430600873106,86.13425307833782,97.0526795248877,41.666666666666664,12.37916830674588,191703555.20905304,95824833.33333333,10.0,1.0,7.853981633974483,20.0,2.5,98.17477042468104,8782.261557878492,9.610776124023438,9.85894800101479,50.0,12.131584940610962,2302.786376953125,426.2167428145695,5.208333333333333,0.36638087806051367,161.98924870566304
872,0.765788,1.0,1,1415.5445140037782,0.0,490.34572061344073,9.610776124023438,76.8862089921875,86.49698511621094,1079.5517121336734,0.0,0.0,0.0,1.0,0.0,0.0,6.200970804027909,0.0,103.40188170109559,8782.261557878492,9.610776124023438,9.85894800101479,50.0,12.131584940610962,2302.786376953125,12.131584940610962,86.13425307833782,86.13425307833782,0.0,0.0,5.208333333333333,0.36638087806051367,426.2167428145695,161.98924870566304,297.73844212150834,150.0,1.0,2.2726369395961656,0.0,1848.4809294527704,490.34572061344073,477.96655230669484,3212.4457263471454,21.98871280517949,0.0,476.96430600873106,86.13425307833782,97.0526795248877,41.666666666666664,12.37916830674588,191703555.20905304,95824833.33333333,10.0,1.0,7.853981633974483,20.0,2.5,98.17477042468104,8782.261557878492,9.610776124023438,9.85894800101479,50.0,12.131584940610962,2302.786376953125,426.2167428145695,5.208333333333333,0.36638087806051367,161.98924870566304
873,0.805225,1.0,1,1488.443056418607,0.0,490.34572061344073,9.610776124023438,76.8862089921875,86.49698511621094,1079.5517121336734,0.0,0.0,0.0,1.0,0.0,0.0,6.200970804027909,0.0,105.66315545599377,8782.261557878492,9.610776124023438,9.85894800101479,50.0,12.131584940610962,2302.786376953125,12.131584940610962,86.13425307833782,86.13425307833782,0.0,0.0,5.208333333333333,0.36638087806051367,426.2167428145695,161.98924870566304,297.73844212150834,150.0,1.0,2.2726369395961656,0.0,1848.4809294527704,490.34572061344073,477.96655230669484,3212.4457263471454,21.98871280517949,0.0,476.96430600873106,86.13425307833782,97.0526795248877,41.666666666666664,12.37916830674588,191703555.20905304,95824833.33333333,10.0,1.0,7.853981633974483,20.0,2.5,98.17477042468104,8782.261557878492,9.610776124023438,9.85894800101479,50.0,12.131584940610962,2302.786376953125,426.2167428145695,5.208333333333333,0.36638087806051367,161.98924870566304
874,0.825663,1.0,1,1526.2223096547627,0.0,490.3457206134411,9.610776124023445,76.88620899218756,86.49698511621101,1079.5517121336736,0.0,0.0,0.0,0.0,0.0,0.0,6.20097080402792,0.0,107.92442921080983,8782.261557878492,9.610776124023438,9.85894800101479,50.0,12.131584940610962,2302.786376953125,12.131584940610962,86.13425307833782,86.13425307833782,0.0,0.0,5.208333333333333,0.36638087806051367,426.2167428145695,161.98924870566304,297.73844212150834,150.0,1.0,2.2726369395961656,0.0,1848.4809294527704,490.34572061344073,477.96655230669484,3212.4457263471454,21.98871280517949,0.0,476.96430600873106,86.13425307833782,97.0526795248877,41.666666666666664,12.37916830674588,191703555.20905304,95824833.33333333,10.0,1.0,7.853981633974483,20.0,2.5,98.17477042468104,8782.261557878492,9.610776124023438,9.85894800101479,50.0,12.131584940610962,2302.786376953125,426.2167428145695,5.208333333333333,0.36638087806051367,161.98924870566304
875,0.851931,1.0,1,1574.7782067096282,0.0,490.34572061344073,9.610776124023438,76.8862089921875,86.49698511621094,1079.5517121336734,0.0,0.0,0.0,1.0,0.0,0.0,6.20097080402792,0.0,110.18570296570802,8782.261557878492,9.610776124023438,9.85894800101479,50.0,12.131584940610962,2302.786376953125,12.131584940610962,86.13425307833782,86.13425307833782,0.0,0.0,5.208333333333333,0.36638087806051367,426.2167428145695,161.98924870566304,297.73844212150834,150.0,1.0,2.2726369395961656,0.0,1848.4809294527704,490.34572061344073,477.96655230669484,3212.4457263471454,21.98871280517949,0.0,476.96430600873106,86.13425307833782,97.0526795248877,41.666666666666664,12.37916830674588,191703555.20905304,95824833.33333333,10.0,1.0,7.853981633974483,20.0,2.5,98.17477042468104,8782.261557878492,9.610776124023438,9.85894800101479,50.0,12.131584940610962,2302.786376953125,426.2167428145695,5.208333333333333,0.36638087806051367,161.98924870566304
876,0.873181,1.0,1,1614.0584264604995,0.0,490.34572061344073,9.610776124023438,76.8862089921875,86.49698511621094,1079.5517121336734,0.0,0.0,0.0,1.0,0.0,0.0,6.20097080402792,0.0,112.4469767206062,8782.261557878492,9.610776124023438,9.85894800101479,50.0,12.131584940610962,2302.786376953125,12.131584940610962,86.13425307833782,86.13425307833782,0.0,0.0,5.208333333333333,0.36638087806051367,426.2167428145695,161.98924870566304,297.73844212150834,150.0,1.0,2.2726369395961656,0.0,1848.4809294527704,490.34572061344073,477.96655230669484,3212.4457263471454,21.98871280517949,0.0,476.96430600873106,86.13425307833782,97.0526795248877,41.666666666666664,12.37916830674588,191703555.20905304,95824833.33333333,10.0,1.0,7.853981633974483,20.0,2.5,98.17477042468104,8782.261557878492,9.610776124023438,9.85894800101479,50.0,12.131584940610962,2302.786376953125,426.2167428145695,5.208333333333333,0.36638087806051367,161.98924870566304
877,0.893375,1.0,1,1651.386650349869,0.0,490.34572061344073,9.610776124023438,76.8862089921875,86.49698511621094,1079.5517121336734,0.0,0.0,0.0,1.0,0.0,0.0,6.20097080402792,0.0,114.7082504754071,8782.261557878492,9.610776124023438,9.85894800101479,50.0,12.131584940610962,2302.786376953125,12.131584940610962,86.13425307833782,86.13425307833782,0.0,0.0,5.208333333333333,0.36638087806051367,426.2167428145695,161.98924870566304,297.73844212150834,150.0,1.0,2.2726369395961656,0.0,1848.4809294527704,490.34572061344073,477.96655230669484,3212.4457263471454,21.98871280517949,0.0,476.96430600873106,86.13425307833782,97.0526795248877,41.666666666666664,12.37916830674588,191703555.20905304,95824833.33333333,10.0,1.0,7.853981633974483,20.0,2.5,98.17477042468104,8782.261557878492,9.610776124023438,9.85894800101479,50.0,12.131584940610962,2302.786376953125,426.2167428145695,5.208333333333333,0.36638087806051367,161.98924870566304
878,0.896062,1.0,1,1656.3535186073084,0.0,490.34572061344073,9.610776124023438,76.8862089921875,86.49698511621094,1208.6733386186593,129.12162648498597,0.0,122.66554516073666,1.0,0.0,0.0,6.20097080402792,0.0,116.96952423030528,8782.261557878492,9.610776124023438,9.85894800101479,50.0,12.131584940610962,2302.786376953125,12.131584940610962,86.13425307833782,86.13425307833782,0.0,0.0,5.208333333333333,0.36638087806051367,426.2167428145695,161.98924870566304,297.73844212150834,150.0,1.0,2.2726369395961656,0.0,1848.4809294527704,490.34572061344073,477.96655230669484,3212.4457263471454,21.98871280517949,0.0,476.96430600873106,86.13425307833782,97.0526795248877,41.666666666666664,12.37916830674588,191703555.20905304,95824833.33333333,10.0,1.0,7.853981633974483,20.0,2.5,98.17477042468104,8782.261557878492,9.610776124023438,9.85894800101479,50.0,12.131584940610962,2302.786376953125,426.2167428145695,5.208333333333333,0.36638087806051367,161.98924870566304
879,0.896556,1.0,1,1657.266668186458,0.0,490.34572061344073,9.610776124023438,76.8862089921875,86.49698511621094,1079.5517121336734,0.0,0.0,122.66554516073666,1.0,0.0,0.0,6.20097080402792,0.0,119.23079798520347,8782.261557878492,9.610776124023438,9.85894800101479,50.0,12.131584940610962,2302.786376953125,12.131584940610962,86.13425307833782,86.13425307833782,0.0,0.0,5.208333333333333,0.36638087806051367,426.2167428145695,161.98924870566304,297.73844212150834,150.0,1.0,2.2726369395961656,0.0,1848.4809294527704,490.34572061344073,477.96655230669484,3212.4457263471454,21.98871280517949,0.0,476.96430600873106,86.13425307833782,97.0526795248877,41.666666666666664,12.37916830674588,191703555.20905304,95824833.33333333,10.0,1.0,7.853981633974483,20.0,2.5,98.17477042468104,8782.261557878492,9.610776124023438,9.85894800101479,50.0,12.131584940610962,2302.786376953125,426.2167428145695,5.208333333333333,0.36638087806051367,161.98924870566304
880,0.905157,1.0,1,1673.1654526606812,0.0,490.3457206134411,9.610776124023445,76.88620899218756,86.49698511621101,1079.5517121336736,0.0,0.0,122.66554516073666,0.0,0.0,0.0,6.200970804027925,0.0,121.49207174010165,8782.261557878492,9.610776124023438,9.85894800101479,50.0,12.131584940610962,2302.786376953125,12.131584940610962,86.13425307833782,86.13425307833782,0.0,0.0,5.208333333333333,0.36638087806051367,426.2167428145695,161.98924870566304,297.73844212150834,150.0,1.0,2.2726369395961656,0.0,1848.4809294527704,490.34572061344073,477.96655230669484,3212.4457263471454,21.98871280517949,0.0,476.96430600873106,86.13425307833782,97.0526795248877,41.666666666666664,12.37916830674588,191703555.20905304,95824833.33333333,10.0,1.0,7.853981633974483,20.0,2.5,98.17477042468104,8782.261557878492,9.610776124023438,9.85894800101479,50.0,12.131584940610962,2302.786376953125,426.2167428145695,5.208333333333333,0.36638087806051367,161.98924870566304
881,0.915483,1.0,1,1692.2528667382107,0.0,490.34572061344073,9.610776124023438,76.8862089921875,86.49698511621094,1079.5517121336734,0.0,0.0,122.66554516073666,1.0,0.0,0.0,6.200970804027925,0.0,123.75334549492102,8782.261557878492,9.610776124023438,9.85894800101479,50.0,12.131584940610962,2302.786376953125,12.131584940610962,86.13425307833782,86.13425307833782,0.0,0.0,5.208333333333333,0.36638087806051367,426.2167428145695,161.98924870566304,297.73844212150834,150.0,1.0,2.2726369395961656,0.0,1848.4809294527704,490.34572061344073,477.96655230669484,3212.4457263471454,21.98871280517949,0.0,476.96430600873106,86.13425307833782,97.0526795248877,41.666666666666664,12.37916830674588,191703555.20905304,95824833.33333333,10.0,1.0,7.853981633974483,20.0,2.5,98.17477042468104,8782.261557878492,9.610776124023438,9.85894800101479,50.0,12.131584940610962,2302.786376953125,426.2167428145695,5.208333333333333,0.36638087806051367,161.98924870566304
882,0.925136,1.0,1,1710.0962531502182,0.0,490.34572061344073,9.610776124023438,76.8862089921875,86.49698511621094,1710.0962531502182,630.5445410165449,0.0,721.6828591264543,1.0,0.0,0.0,6.200970804027925,0.0,126.0146192498192,8782.261557878492,9.610776124023438,9.85894800101479,50.0,12.131584940610962,2302.786376953125,12.131584940610962,86.13425307833782,86.13425307833782,0.0,0.0,5.208333333333333,0.36638087806051367,426.2167428145695,161.98924870566304,297.73844212150834,150.0,1.0,2.2726369395961656,0.0,1848.4809294527704,490.34572061344073,477.96655230669484,3212.4457263471454,21.98871280517949,0.0,476.96430600873106,86.13425307833782,97.0526795248877,41.666666666666664,12.37916830674588,191703555.20905304,95824833.33333333,10.0,1.0,7.853981633974483,20.0,2.5,98.17477042468104,8782.261557878492,9.610776124023438,9.85894800101479,50.0,12.131584940610962,2302.786376953125,426.2167428145695,5.208333333333333,0.36638087806051367,161.98924870566304
883,0.932325,1.0,1,1723.384982552054,0.0,490.34572061344073,9.610776124023438,76.8862089921875,86.49698511621094,1079.5517121336734,0.0,0.0,721.6828591264547,1.0,0.0,0.0,6.200970804027925,0.0,128.2758930047174,8782.261557878492,9.610776124023438,9.85894800101479,50.0,12.131584940610962,2302.786376953125,12.131584940610962,86.13425307833782,86.13425307833782,0.0,0.0,5.208333333333333,0.36638087806051367,426.21674281456944,161.98924870566304,297.73844212150834,150.0,1.0,2.272636939596172,0.0,1848.4809294527704,490.34572061344073,477.96655230669484,3212.4457263471454,21.98871280517949,0.0,476.96430600873106,86.13425307833782,97.0526795248877,41.666666666666664,12.37916830674588,191703555.20905304,95824833.33333333,10.0,1.0,7.853981633974483,20.0,2.5,98.17477042468104,8782.261557878492,9.610776124023438,9.85894800101479,50.0,12.131584940610962,2302.786376953125,426.2167428145695,5.208333333333333,0.36638087806051367,161.98924870566304
884,0.931487,1.0,1,1721.8359555331726,0.0,490.34572061344073,9.610776124023438,76.8862089921875,86.49698511621094,1721.8359555331726,642.2842433994994,0.0,1331.852890355979,1.0,0.0,0.0,6.200970804027925,0.0,130.5371667596156,8782.261557878492,9.610776124023438,9.85894800101479,50.0,12.131584940610962,2302.786376953125,12.131584940610962,86.13425307833782,86.13425307833782,0.0,0.0,5.208333333333333,0.36638087806051367,426.2167428145695,161.98924870566304,297.73844212150834,150.0,1.0,2.2726369395961656,0.0,1848.4809294527704,490.34572061344073,477.96655230669484,3212.4457263471454,21.98871280517949,0.0,476.96430600873106,86.13425307833782,97.0526795248877,41.666666666666664,12.37916830674588,191703555.20905304,95824833.33333333,10.0,1.0,7.853981633974483,20.0,2.5,98.17477042468104,8782.261557878492,9.610776124023438,9.85894800101479,50.0,12.131584940610962,2302.786376953125,426.2167428145695,5.208333333333333,0.36638087806051367,161.98924870566304
885,0.936406,1.0,1,1730.9286332251509,0.0,490.34572061344073,9.610776124023438,76.8862089921875,86.49698511621094,1730.9286332251509,651.3769210914776,0.0,1950.6609653928826,1.0,0.0,0.0,6.200970804027925,0.0,132.79844051451377,8782.261557878492,9.610776124023438,9.85894800101479,50.0,12.131584940610962,2302.786376953125,12.131584940610962,86.13425307833782,86.13425307833782,0.0,0.0,5.208333333333333,0.36638087806051367,426.2167428145695,161.98924870566304,297.73844212150834,150.0,1.0,2.2726369395961656,0.0,1848.4809294527704,490.34572061344073,477.96655230669484,3212.4457263471454,21.98871280517949,0.0,476.96430600873106,86.13425307833782,97.0526795248877,41.666666666666664,12.37916830674588,191703555.20905304,95824833.33333333,10.0,1.0,7.853981633974483,20.0,2.5,98.17477042468104,8782.261557878492,9.610776124023438,9.85894800101479,50.0,12.131584940610962,2302.786376953125,426.2167428145695,5.208333333333333,0.36638087806051367,161.98924870566304
886,0.941822,1.0,1,1740.9400059390673,0.0,490.34572061344073,9.610776124023438,76.8862089921875,86.49698511621094,1740.9400059390673,661.388293805394,0.0,2578.979844508007,1.0,0.0,0.0,6.200970804027925,0.0,135.05971426941196,8782.261557878492,9.610776124023438,9.85894800101479,50.0,12.131584940610962,2302.786376953125,12.131584940610962,86.13425307833782,86.13425307833782,0.0,0.0,5.208333333333333,0.36638087806051367,426.2167428145695,161.98924870566304,297.73844212150834,150.0,1.0,2.2726369395961656,0.0,1848.4809294527704,490.34572061344073,477.96655230669484,3212.4457263471454,21.98871280517949,0.0,476.96430600873106,86.13425307833782,97.0526795248877,41.666666666666664,12.37916830674588,191703555.20905304,95824833.33333333,10.0,1.0,7.853981633974483,20.0,2.5,98.17477042468104,8782.261557878492,9.610776124023438,9.85894800101479,50.0,12.131584940610962,2302.786376953125,426.2167428145695,5.208333333333333,0.36638087806051367,161.98924870566304
887,0.944753,1.0,1,1746.357903543293,0.0,490.34572061344085,9.61077612402344,76.88620899218752,86.49698511621096,1746.3579035432929,666.8061914096195,0.0,3212.4457263471454,0.0,0.0,0.0,6.200970804027909,0.0,137.32098802431014,8782.261557878492,9.610776124023438,9.85894800101479,50.0,12.131584940610962,2302.786376953125,12.131584940610962,86.13425307833782,86.13425307833782,0.0,0.0,5.208333333333333,0.36638087806051367,426.2167428145695,161.98924870566304,297.73844212150834,150.0,1.0,2.2726369395961656,0.0,1848.4809294527704,490.34572061344073,477.96655230669484,3212.4457263471454,21.98871280517949,0.0,476.96430600873106,86.13425307833782,97.0526795248877,41.666666666666664,12.37916830674588,191703555.20905304,95824833.33333333,10.0,1.0,7.853981633974483,20.0,2.5,98.17477042468104,8782.261557878492,9.610776124023438,9.85894800101479,50.0,12.131584940610962,2302.786376953125,426.2167428145695,5.208333333333333,0.36638087806051367,161.98924870566304
