t,cf_wind,y_A_on,y_U_on,P_wind,P_grid,P_el,M_H2_prod,M_O2_prod,M_H2O_el,total_electric_load,ch_B,dis_B,I_B,hydrogen_charge_mode,ch_H,dis_H,I_H,I_C,I_NH3,Ft,Fh2,Fnh3,Fco2,F_NH3_A,F_H2O_A,F_NH3_strip,Q_S,Q_rec,Q_HU,P_HU_el,F_U,w_U,E_A,E_U,Ft_spill,Fco2_spill,ammonia_charge_mode,ch_NH3,dis_NH3,W_cap,E_cap,E_cap_incremental,B_cap,H_cap,C_cap,NH3_cap,HX_cap,K_nh3_plant_tpy,K_urea_plant_tpy,E_cap_included_in_nh3,nh3_plant_capex,urea_plant_capex,ammonia_reactor_length_m,ammonia_reactor_diameter_m,ammonia_reactor_volume_m3,urea_reactor_length_m,urea_reactor_diameter_m,urea_reactor_volume_m3,Ft_op,Fh2_op,Fnh3_op,Fco2_op,F_NH3_A_op,F_H2O_A_op,E_A_op,F_U_op,w_U_op,E_U_op
0,0.021468,-0.0,1,42.64827974994969,0.0,0.0,0.0,0.0,0.0,162.98924870566307,0.0,120.34096895571338,4052.3200739475565,-0.0,0.0,0.0,11.136460964840627,0.0,127.11673082190626,0.0,0.0,9.85894800101479,50.0,0.0,0.0,0.0,0.0,0.0,0.0,0.0,5.208333333333333,0.3663808780605136,0.0,161.98924870566307,9080.0,150.0,-0.0,0.0,9.85894800101479,1986.597715201681,487.53329762800786,475.49007896836804,4178.994778111465,45.70389748642083,0.0,445.0285799683013,83.79671543377395,94.41883429157629,41.666666666666664,12.043218659639834,191700744.8961891,95824833.33333333,10.0,1.0,7.853981633974483,20.0,2.5,98.17477042468104,8847.63018035549,9.555652633508954,9.85894800101479,50.0,11.802354286447036,2302.786376953125,429.7173714067458,5.208333333333333,0.3663808780605136,161.98924870566307
1,0.016452,0.0,1,32.68350561049806,0.0,0.0,0.0,0.0,0.0,162.98924870566307,0.0,130.305743095165,3915.156133847382,-0.0,0.0,0.0,11.136460964840627,0.0,117.20824036862504,0.0,0.0,9.85894800101479,50.0,0.0,0.0,0.0,0.0,0.0,0.0,0.0,5.208333333333333,0.3663808780605136,0.0,161.98924870566307,9080.0,150.0,-0.0,0.0,9.85894800101479,1986.597715201681,487.53329762800786,475.49007896836804,4178.994778111465,45.70389748642083,0.0,445.0285799683013,83.79671543377395,94.41883429157629,41.666666666666664,12.043218659639834,191700744.8961891,95824833.33333333,10.0,1.0,7.853981633974483,20.0,2.5,98.17477042468104,8847.63018035549,9.555652633508954,9.85894800101479,50.0,11.802354286447036,2302.786376953125,429.7173714067458,5.208333333333333,0.3663808780605136,161.98924870566307
2,0.013938,-0.0,1,27.689198954481032,0.0,0.0,0.0,0.0,0.0,162.98924870566307,0.0,135.30004975118203,3772.735028846138,-0.0,0.0,0.0,11.136460964840627,0.0,107.29974991534385,0.0,0.0,9.85894800101479,50.0,0.0,0.0,0.0,0.0,0.0,0.0,0.0,5.208333333333333,0.3663808780605136,0.0,161.98924870566307,9080.0,150.0,-0.0,0.0,9.85894800101479,1986.597715201681,487.53329762800786,475.49007896836804,4178.994778111465,45.70389748642083,0.0,445.0285799683013,83.79671543377395,94.41883429157629,41.666666666666664,12.043218659639834,191700744.8961891,95824833.33333333,10.0,1.0,7.853981633974483,20.0,2.5,98.17477042468104,8847.63018035549,9.555652633508954,9.85894800101479,50.0,11.802354286447036,2302.786376953125,429.7173714067458,5.208333333333333,0.3663808780605136,161.98924870566307
3,0.015609,-0.0,1,31.008803736583037,0.0,158.04326304666915,3.097647955714715,24.78118364571772,27.878831601432438,327.2278076637616,0.0,296.2190039271786,3460.9255510280555,1.0,3.097647955714715,0.0,14.172155961441048,0.0,97.39125946206265,0.0,0.0,9.85894800101479,50.0,0.0,0.0,0.0,0.0,0.0,0.0,0.0,5.208333333333333,0.3663808780605136,0.0,161.98924870566307,9080.0,150.0,-0.0,0.0,9.85894800101479,1986.597715201681,487.53329762800786,475.49007896836804,4178.994778111465,45.70389748642083,0.0,445.0285799683013,83.79671543377395,94.41883429157629,41.666666666666664,12.043218659639834,191700744.8961891,95824833.33333333,10.0,1.0,7.853981633974483,20.0,2.5,98.17477042468104,8847.63018035549,9.555652633508954,9.85894800101479,50.0,11.802354286447036,2302.786376953125,429.7173714067458,5.208333333333333,0.3663808780605136,161.98924870566307
4,0.020609,-0.0,1,40.94179231259144,0.0,0.0,0.0,0.0,0.0,162.98924870566307,0.0,122.04745639307163,3332.4545442985063,-0.0,0.0,0.0,14.172155961441048,0.0,87.48276900878145,0.0,0.0,9.85894800101479,50.0,0.0,0.0,0.0,0.0,0.0,0.0,0.0,5.208333333333333,0.3663808780605136,0.0,161.98924870566307,9080.0,150.0,-0.0,0.0,9.85894800101479,1986.597715201681,487.53329762800786,475.49007896836804,4178.994778111465,45.70389748642083,0.0,445.0285799683013,83.79671543377395,94.41883429157629,41.666666666666664,12.043218659639834,191700744.8961891,95824833.33333333,10.0,1.0,7.853981633974483,20.0,2.5,98.17477042468104,8847.63018035549,9.555652633508954,9.85894800101479,50.0,11.802354286447036,2302.786376953125,429.7173714067458,5.208333333333333,0.3663808780605136,161.98924870566307
5,0.03494,0.0,1,69.41172416914674,0.0,0.0,0.0,0.0,0.0,162.98924870566307,0.0,93.57752453651634,3233.951886891647,-0.0,0.0,0.0,14.172155961441048,0.0,77.57427855550026,0.0,0.0,9.85894800101479,50.0,0.0,0.0,0.0,0.0,0.0,0.0,0.0,5.208333333333333,0.3663808780605136,0.0,161.98924870566307,9080.0,150.0,-0.0,0.0,9.85894800101479,1986.597715201681,487.53329762800786,475.49007896836804,4178.994778111465,45.70389748642083,0.0,445.0285799683013,83.79671543377395,94.41883429157629,41.666666666666664,12.043218659639834,191700744.8961891,95824833.33333333,10.0,1.0,7.853981633974483,20.0,2.5,98.17477042468104,8847.63018035549,9.555652633508954,9.85894800101479,50.0,11.802354286447036,2302.786376953125,429.7173714067458,5.208333333333333,0.3663808780605136,161.98924870566307
6,0.069596,-0.0,1,138.2592545871762,0.0,487.53329762800786,9.555652633508954,76.44522106807163,86.00087370158059,669.6338516006888,0.0,531.3745970135127,2674.6102058247916,1.0,9.555652633508954,0.0,23.536695542279745,0.0,67.66578810221907,0.0,0.0,9.85894800101479,50.0,0.0,0.0,0.0,0.0,0.0,0.0,0.0,5.208333333333333,0.3663808780605136,0.0,161.98924870566307,9080.0,150.0,-0.0,0.0,9.85894800101479,1986.597715201681,487.53329762800786,475.49007896836804,4178.994778111465,45.70389748642083,0.0,445.0285799683013,83.79671543377395,94.41883429157629,41.666666666666664,12.043218659639834,191700744.8961891,95824833.33333333,10.0,1.0,7.853981633974483,20.0,2.5,98.17477042468104,8847.63018035549,9.555652633508954,9.85894800101479,50.0,11.802354286447036,2302.786376953125,429.7173714067458,5.208333333333333,0.3663808780605136,161.98924870566307
7,0.111914,-0.0,1,222.32809669908093,0.0,0.0,0.0,0.0,0.0,162.98924870566307,0.0,0.0,2674.6102058247916,-0.0,0.0,0.0,23.536695542279745,0.0,57.75729764893787,0.0,0.0,9.85894800101479,50.0,0.0,0.0,0.0,0.0,0.0,0.0,0.0,5.208333333333333,0.3663808780605136,0.0,161.98924870566307,9080.0,150.0,-0.0,0.0,9.85894800101479,1986.597715201681,487.53329762800786,475.49007896836804,4178.994778111465,45.70389748642083,0.0,445.0285799683013,83.79671543377395,94.41883429157629,41.666666666666664,12.043218659639834,191700744.8961891,95824833.33333333,10.0,1.0,7.853981633974483,20.0,2.5,98.17477042468104,8847.63018035549,9.555652633508954,9.85894800101479,50.0,11.802354286447036,2302.786376953125,429.7173714067458,5.208333333333333,0.3663808780605136,161.98924870566307
8,0.167074,1.0,1,331.9088266696057,0.0,487.53329762800786,9.555652633508954,76.44522106807163,86.00087370158059,1080.2399177404168,0.0,748.3310910708111,1886.8932678555168,-0.0,0.0,0.0,23.536695542279745,0.0,59.69098690294293,8847.63018035549,9.555652633508954,9.85894800101479,50.0,11.802354286447036,2302.786376953125,11.802354286447036,83.79671543377395,83.79671543377395,0.0,0.0,5.208333333333333,0.3663808780605136,429.7173714067458,161.98924870566307,232.36981964450933,150.0,1.0,1.9434062854322462,0.0,1986.597715201681,487.53329762800786,475.49007896836804,4178.994778111465,45.70389748642083,0.0,445.0285799683013,83.79671543377395,94.41883429157629,41.666666666666664,12.043218659639834,191700744.8961891,95824833.33333333,10.0,1.0,7.853981633974483,20.0,2.5,98.17477042468104,8847.63018035549,9.555652633508954,9.85894800101479,50.0,11.802354286447036,2302.786376953125,429.7173714067458,5.208333333333333,0.3663808780605136,161.98924870566307
9,0.217229,-0.0,1,431.54663507554596,0.0,0.0,0.0,0.0,0.0,162.98924870566307,0.0,0.0,1886.8932678555168,-0.0,0.0,0.0,23.536695542279745,0.0,49.782496449661735,0.0,0.0,9.85894800101479,50.0,0.0,0.0,0.0,0.0,0.0,0.0,0.0,5.208333333333333,0.3663808780605136,0.0,161.98924870566307,9080.0,150.0,-0.0,0.0,9.85894800101479,1986.597715201681,487.53329762800786,475.49007896836804,4178.994778111465,45.70389748642083,0.0,445.0285799683013,83.79671543377395,94.41883429157629,41.666666666666664,12.043218659639834,191700744.8961891,95824833.33333333,10.0,1.0,7.853981633974483,20.0,2.5,98.17477042468104,8847.63018035549,9.555652633508954,9.85894800101479,50.0,11.802354286447036,2302.786376953125,429.7173714067458,5.208333333333333,0.3663808780605136,161.98924870566307
10,0.253232,1.0,1,503.0701126159521,0.0,487.53329762800786,9.555652633508954,76.44522106807163,86.00087370158059,1080.2399177404168,0.0,577.1698051244648,1279.3461045666065,-0.0,0.0,0.0,23.536695542279745,0.0,51.716185703666824,8847.63018035549,9.555652633508954,9.85894800101479,50.0,11.802354286447036,2302.786376953125,11.802354286447036,83.79671543377395,83.79671543377395,0.0,0.0,5.208333333333333,0.3663808780605136,429.7173714067458,161.98924870566307,232.36981964450933,150.0,1.0,1.9434062854322462,0.0,1986.597715201681,487.53329762800786,475.49007896836804,4178.994778111465,45.70389748642083,0.0,445.0285799683013,83.79671543377395,94.41883429157629,41.666666666666664,12.043218659639834,191700744.8961891,95824833.33333333,10.0,1.0,7.853981633974483,20.0,2.5,98.17477042468104,8847.63018035549,9.555652633508954,9.85894800101479,50.0,11.802354286447036,2302.786376953125,429.7173714067458,5.208333333333333,0.3663808780605136,161.98924870566307
11,0.260111,-0.0,1,516.7359182988245,0.0,0.0,0.0,0.0,0.0,516.7359182988245,353.7466695931614,0.0,1615.40544068011,-0.0,0.0,0.0,23.536695542279745,0.0,41.80769525038563,0.0,0.0,9.85894800101479,50.0,0.0,0.0,0.0,0.0,0.0,0.0,0.0,5.208333333333333,0.3663808780605136,0.0,161.98924870566307,9080.0,150.0,-0.0,0.0,9.85894800101479,1986.597715201681,487.53329762800786,475.49007896836804,4178.994778111465,45.70389748642083,0.0,445.0285799683013,83.79671543377395,94.41883429157629,41.666666666666664,12.043218659639834,191700744.8961891,95824833.33333333,10.0,1.0,7.853981633974483,20.0,2.5,98.17477042468104,8847.63018035549,9.555652633508954,9.85894800101479,50.0,11.802354286447036,2302.786376953125,429.7173714067458,5.208333333333333,0.3663808780605136,161.98924870566307
12,0.2885419999999999,1.0,1,573.2168779397233,0.0,487.53329762800786,9.555652633508954,76.44522106807163,86.00087370158059,1080.2399177404168,0.0,507.0230398006938,1081.6969777320112,-0.0,0.0,0.0,23.536695542279745,0.0,43.741384504390716,8847.63018035549,9.555652633508954,9.85894800101479,50.0,11.802354286447036,2302.786376953125,11.802354286447036,83.79671543377395,83.79671543377395,0.0,0.0,5.208333333333333,0.3663808780605136,429.7173714067458,161.98924870566307,232.36981964450933,150.0,1.0,1.9434062854322462,0.0,1986.597715201681,487.53329762800786,475.49007896836804,4178.994778111465,45.70389748642083,0.0,445.0285799683013,83.79671543377395,94.41883429157629,41.666666666666664,12.043218659639834,191700744.8961891,95824833.33333333,10.0,1.0,7.853981633974483,20.0,2.5,98.17477042468104,8847.63018035549,9.555652633508954,9.85894800101479,50.0,11.802354286447036,2302.786376953125,429.7173714067458,5.208333333333333,0.3663808780605136,161.98924870566307
13,0.288552,1.0,1,573.2367439168754,0.0,487.53329762800786,9.555652633508954,76.44522106807163,86.00087370158059,1080.2399177404168,0.0,507.0031738235413,548.0094263388098,-0.0,0.0,0.0,23.536695542279745,0.0,45.675073758395804,8847.63018035549,9.555652633508954,9.85894800101479,50.0,11.802354286447036,2302.786376953125,11.802354286447036,83.79671543377395,83.79671543377395,0.0,0.0,5.208333333333333,0.3663808780605136,429.7173714067458,161.98924870566307,232.36981964450933,150.0,1.0,1.9434062854322462,0.0,1986.597715201681,487.53329762800786,475.49007896836804,4178.994778111465,45.70389748642083,0.0,445.0285799683013,83.79671543377395,94.41883429157629,41.666666666666664,12.043218659639834,191700744.8961891,95824833.33333333,10.0,1.0,7.853981633974483,20.0,2.5,98.17477042468104,8847.63018035549,9.555652633508954,9.85894800101479,50.0,11.802354286447036,2302.786376953125,429.7173714067458,5.208333333333333,0.3663808780605136,161.98924870566307
14,0.2969859999999999,-0.0,1,589.9917090468863,0.0,0.0,0.0,0.0,0.0,589.9917090468863,427.00246034122324,0.0,953.6617636629719,-0.0,0.0,0.0,23.536695542279745,0.0,35.76658330511461,0.0,0.0,9.85894800101479,50.0,0.0,0.0,0.0,0.0,0.0,0.0,0.0,5.208333333333333,0.3663808780605136,0.0,161.98924870566307,9080.0,150.0,-0.0,0.0,9.85894800101479,1986.597715201681,487.53329762800786,475.49007896836804,4178.994778111465,45.70389748642083,0.0,445.0285799683013,83.79671543377395,94.41883429157629,41.666666666666664,12.043218659639834,191700744.8961891,95824833.33333333,10.0,1.0,7.853981633974483,20.0,2.5,98.17477042468104,8847.63018035549,9.555652633508954,9.85894800101479,50.0,11.802354286447036,2302.786376953125,429.7173714067458,5.208333333333333,0.3663808780605136,161.98924870566307
15,0.281607,-0.0,1,559.4398227847997,0.0,0.0,0.0,0.0,0.0,559.4398227847997,396.4505740791367,0.0,1330.2898090381518,-0.0,0.0,0.0,23.536695542279745,0.0,25.858092851833415,0.0,0.0,9.85894800101479,50.0,0.0,0.0,0.0,0.0,0.0,0.0,0.0,5.208333333333333,0.3663808780605136,0.0,161.98924870566307,9080.0,150.0,-0.0,0.0,9.85894800101479,1986.597715201681,487.53329762800786,475.49007896836804,4178.994778111465,45.70389748642083,0.0,445.0285799683013,83.79671543377395,94.41883429157629,41.666666666666664,12.043218659639834,191700744.8961891,95824833.33333333,10.0,1.0,7.853981633974483,20.0,2.5,98.17477042468104,8847.63018035549,9.555652633508954,9.85894800101479,50.0,11.802354286447036,2302.786376953125,429.7173714067458,5.208333333333333,0.3663808780605136,161.98924870566307
16,0.249078,1.0,1,494.8177857070043,0.0,487.53329762800786,9.555652633508954,76.44522106807163,86.00087370158059,1080.2399177404168,0.0,585.4221320334125,714.0559858450861,-0.0,0.0,0.0,23.536695542279745,0.0,27.7917821058385,8847.63018035549,9.555652633508954,9.85894800101479,50.0,11.802354286447036,2302.786376953125,11.802354286447036,83.79671543377395,83.79671543377395,0.0,0.0,5.208333333333333,0.3663808780605136,429.7173714067458,161.98924870566307,232.36981964450933,150.0,1.0,1.9434062854322462,0.0,1986.597715201681,487.53329762800786,475.49007896836804,4178.994778111465,45.70389748642083,0.0,445.0285799683013,83.79671543377395,94.41883429157629,41.666666666666664,12.043218659639834,191700744.8961891,95824833.33333333,10.0,1.0,7.853981633974483,20.0,2.5,98.17477042468104,8847.63018035549,9.555652633508954,9.85894800101479,50.0,11.802354286447036,2302.786376953125,429.7173714067458,5.208333333333333,0.3663808780605136,161.98924870566307
17,0.215077,-0.0,1,427.27147679243194,0.0,0.0,0.0,0.0,0.0,162.98924870566307,0.0,0.0,714.0559858450861,-0.0,0.0,0.0,23.536695542279745,0.0,17.883291652557304,0.0,0.0,9.85894800101479,50.0,0.0,0.0,0.0,0.0,0.0,0.0,0.0,5.208333333333333,0.3663808780605136,0.0,161.98924870566307,9080.0,150.0,-0.0,0.0,9.85894800101479,1986.597715201681,487.53329762800786,475.49007896836804,4178.994778111465,45.70389748642083,0.0,445.0285799683013,83.79671543377395,94.41883429157629,41.666666666666664,12.043218659639834,191700744.8961891,95824833.33333333,10.0,1.0,7.853981633974483,20.0,2.5,98.17477042468104,8847.63018035549,9.555652633508954,9.85894800101479,50.0,11.802354286447036,2302.786376953125,429.7173714067458,5.208333333333333,0.3663808780605136,161.98924870566307
18,0.202299,1.0,1,401.88673118758487,0.0,487.53329762800786,9.555652633508954,76.44522106807163,86.00087370158059,1080.2399177404168,0.0,678.3531865528319,0.0,-0.0,0.0,0.0,23.536695542279745,0.0,19.81698090656239,8847.63018035549,9.555652633508954,9.85894800101479,50.0,11.802354286447036,2302.786376953125,11.802354286447036,83.79671543377395,83.79671543377395,0.0,0.0,5.208333333333333,0.3663808780605136,429.7173714067458,161.98924870566307,232.36981964450933,150.0,1.0,1.9434062854322462,0.0,1986.597715201681,487.53329762800786,475.49007896836804,4178.994778111465,45.70389748642083,0.0,445.0285799683013,83.79671543377395,94.41883429157629,41.666666666666664,12.043218659639834,191700744.8961891,95824833.33333333,10.0,1.0,7.853981633974483,20.0,2.5,98.17477042468104,8847.63018035549,9.555652633508954,9.85894800101479,50.0,11.802354286447036,2302.786376953125,429.7173714067458,5.208333333333333,0.3663808780605136,161.98924870566307
19,0.22774,-0.0,1,452.42776366003085,0.0,0.0,0.0,0.0,0.0,452.4277636600308,289.43851495436775,0.0,274.96658920664936,-0.0,0.0,0.0,23.536695542279745,0.0,9.908490453281194,0.0,0.0,9.85894800101479,50.0,0.0,0.0,0.0,0.0,0.0,0.0,0.0,5.208333333333333,0.3663808780605136,0.0,161.98924870566307,9080.0,150.0,-0.0,0.0,9.85894800101479,1986.597715201681,487.53329762800786,475.49007896836804,4178.994778111465,45.70389748642083,0.0,445.0285799683013,83.79671543377395,94.41883429157629,41.666666666666664,12.043218659639834,191700744.8961891,95824833.33333333,10.0,1.0,7.853981633974483,20.0,2.5,98.17477042468104,8847.63018035549,9.555652633508954,9.85894800101479,50.0,11.802354286447036,2302.786376953125,429.7173714067458,5.208333333333333,0.3663808780605136,161.98924870566307
20,0.307679,-0.0,1,611.234398415538,0.0,466.3057386059487,9.139592476676594,73.11673981341275,82.25633229008935,647.5741722649649,0.0,36.33977384942699,236.71419568093674,1.0,9.139592476676594,0.0,32.493496169422805,0.0,0.0,0.0,0.0,9.85894800101479,50.0,0.0,0.0,0.0,0.0,0.0,0.0,0.0,5.208333333333333,0.3663808780605136,0.0,161.98924870566307,9080.0,150.0,-0.0,0.0,9.85894800101479,1986.597715201681,487.53329762800786,475.49007896836804,4178.994778111465,45.70389748642083,0.0,445.0285799683013,83.79671543377395,94.41883429157629,41.666666666666664,12.043218659639834,191700744.8961891,95824833.33333333,10.0,1.0,7.853981633974483,20.0,2.5,98.17477042468104,8847.63018035549,9.555652633508954,9.85894800101479,50.0,11.802354286447036,2302.786376953125,429.7173714067458,5.208333333333333,0.3663808780605136,161.98924870566307
21,0.4305659999999999,1.0,1,855.3614318435268,0.0,487.53329762800786,9.555652633508954,76.44522106807163,86.00087370158059,1080.2399177404168,0.0,224.8784858968899,0.0,-0.0,0.0,0.0,32.493496169422805,0.0,1.9336892540050852,8847.63018035549,9.555652633508954,9.85894800101479,50.0,11.802354286447036,2302.786376953125,11.802354286447036,83.79671543377395,83.79671543377395,0.0,0.0,5.208333333333333,0.3663808780605136,429.7173714067458,161.98924870566307,232.36981964450933,150.0,1.0,1.9434062854322465,0.0,1986.597715201681,487.53329762800786,475.49007896836804,4178.994778111465,45.70389748642083,0.0,445.0285799683013,83.79671543377395,94.41883429157629,41.666666666666664,12.043218659639834,191700744.8961891,95824833.33333333,10.0,1.0,7.853981633974483,20.0,2.5,98.17477042468104,8847.63018035549,9.555652633508954,9.85894800101479,50.0,11.802354286447036,2302.786376953125,429.7173714067458,5.208333333333333,0.3663808780605136,161.98924870566307
22,0.560929,1.0,1,1114.3402697903637,0.0,487.53329762800786,9.555652633508954,76.44522106807163,86.00087370158059,1080.2399177404168,0.0,0.0,0.0,1.0,0.0,0.0,32.493496169422805,0.0,3.867378508010173,8847.63018035549,9.555652633508954,9.85894800101479,50.0,11.802354286447036,2302.786376953125,11.802354286447036,83.79671543377395,83.79671543377395,0.0,0.0,5.208333333333333,0.3663808780605136,429.7173714067458,161.98924870566307,232.36981964450933,150.0,1.0,1.9434062854322462,0.0,1986.597715201681,487.53329762800786,475.49007896836804,4178.994778111465,45.70389748642083,0.0,445.0285799683013,83.79671543377395,94.41883429157629,41.666666666666664,12.043218659639834,191700744.8961891,95824833.33333333,10.0,1.0,7.853981633974483,20.0,2.5,98.17477042468104,8847.63018035549,9.555652633508954,9.85894800101479,50.0,11.802354286447036,2302.786376953125,429.7173714067458,5.208333333333333,0.3663808780605136,161.98924870566307
23,0.688258,1.0,1,1367.2917702692787,0.0,487.53329762800786,9.555652633508954,76.44522106807163,86.00087370158059,1367.2917702692787,203.255137095088,0.0,193.0923802403336,1.0,0.0,0.0,32.493496169422805,0.0,5.801067762015258,8847.63018035549,9.555652633508954,9.85894800101479,50.0,11.802354286447036,2302.786376953125,11.802354286447036,83.79671543377395,0.0,83.79671543377395,83.79671543377395,5.208333333333333,0.3663808780605136,429.7173714067458,161.98924870566307,232.36981964450933,150.0,1.0,1.9434062854322462,0.0,1986.597715201681,487.53329762800786,475.49007896836804,4178.994778111465,45.70389748642083,0.0,445.0285799683013,83.79671543377395,94.41883429157629,41.666666666666664,12.043218659639834,191700744.8961891,95824833.33333333,10.0,1.0,7.853981633974483,20.0,2.5,98.17477042468104,8847.63018035549,9.555652633508954,9.85894800101479,50.0,11.802354286447036,2302.786376953125,429.7173714067458,5.208333333333333,0.3663808780605136,161.98924870566307
24,0.644692,1.0,1,1280.7436542088021,0.0,487.53329762800786,9.555652633508954,76.44522106807163,86.00087370158059,1280.7436542088021,116.70702103461133,0.0,303.9640502232144,0.0,0.0,0.0,32.493496169422805,0.0,7.734757016020346,8847.63018035549,9.555652633508954,9.85894800101479,50.0,11.802354286447036,2302.786376953125,11.802354286447036,83.79671543377395,0.0,83.79671543377395,83.79671543377395,5.208333333333333,0.3663808780605136,429.7173714067458,161.98924870566307,232.36981964450933,150.0,1.0,1.9434062854322462,0.0,1986.597715201681,487.53329762800786,475.49007896836804,4178.994778111465,45.70389748642083,0.0,445.0285799683013,83.79671543377395,94.41883429157629,41.666666666666664,12.043218659639834,191700744.8961891,95824833.33333333,10.0,1.0,7.853981633974483,20.0,2.5,98.17477042468104,8847.63018035549,9.555652633508954,9.85894800101479,50.0,11.802354286447036,2302.786376953125,429.7173714067458,5.208333333333333,0.3663808780605136,161.98924870566307
25,0.6825869999999999,1.0,1,1356.0257746263696,0.0,487.53329762800786,9.555652633508954,76.44522106807163,86.00087370158059,1356.0257746263696,191.98914145217896,0.0,486.35373460278436,-0.0,0.0,0.0,32.493496169422805,0.0,9.668446270025434,8847.63018035549,9.555652633508954,9.85894800101479,50.0,11.802354286447036,2302.786376953125,11.802354286447036,83.79671543377395,0.0,83.79671543377395,83.79671543377395,5.208333333333333,0.3663808780605136,429.7173714067458,161.98924870566307,232.36981964450933,150.0,1.0,1.9434062854322462,0.0,1986.597715201681,487.53329762800786,475.49007896836804,4178.994778111465,45.70389748642083,0.0,445.0285799683013,83.79671543377395,94.41883429157629,41.666666666666664,12.043218659639834,191700744.8961891,95824833.33333333,10.0,1.0,7.853981633974483,20.0,2.5,98.17477042468104,8847.63018035549,9.555652633508954,9.85894800101479,50.0,11.802354286447036,2302.786376953125,429.7173714067458,5.208333333333333,0.3663808780605136,161.98924870566307
26,0.696116,1.0,1,1382.9024551153334,0.0,487.53329762800786,9.555652633508954,76.44522106807163,86.00087370158059,1382.9024551153334,218.8658219411426,0.0,694.2762654468698,1.0,0.0,0.0,32.493496169422805,0.0,11.602135524030523,8847.63018035549,9.555652633508954,9.85894800101479,50.0,11.802354286447036,2302.786376953125,11.802354286447036,83.79671543377395,0.0,83.79671543377395,83.79671543377395,5.208333333333333,0.3663808780605136,429.7173714067458,161.98924870566307,232.36981964450933,150.0,1.0,1.9434062854322462,0.0,1986.597715201681,487.53329762800786,475.49007896836804,4178.994778111465,45.70389748642083,0.0,445.0285799683013,83.79671543377395,94.41883429157629,41.666666666666664,12.043218659639834,191700744.8961891,95824833.33333333,10.0,1.0,7.853981633974483,20.0,2.5,98.17477042468104,8847.63018035549,9.555652633508954,9.85894800101479,50.0,11.802354286447036,2302.786376953125,429.7173714067458,5.208333333333333,0.3663808780605136,161.98924870566307
27,0.681432,1.0,1,1353.731254265312,0.0,487.53329762800786,9.555652633508954,76.44522106807163,86.00087370158059,1353.731254265312,189.69462109112123,0.0,874.486155483435,1.0,0.0,0.0,32.493496169422805,0.0,13.535824778035611,8847.63018035549,9.555652633508954,9.85894800101479,50.0,11.802354286447036,2302.786376953125,11.802354286447036,83.79671543377395,0.0,83.79671543377395,83.79671543377395,5.208333333333333,0.3663808780605136,429.7173714067458,161.98924870566307,232.36981964450933,150.0,1.0,1.9434062854322462,0.0,1986.597715201681,487.53329762800786,475.49007896836804,4178.994778111465,45.70389748642083,0.0,445.0285799683013,83.79671543377395,94.41883429157629,41.666666666666664,12.043218659639834,191700744.8961891,95824833.33333333,10.0,1.0,7.853981633974483,20.0,2.5,98.17477042468104,8847.63018035549,9.555652633508954,9.85894800101479,50.0,11.802354286447036,2302.786376953125,429.7173714067458,5.208333333333333,0.3663808780605136,161.98924870566307
28,0.636729,1.0,1,1264.9243766026511,0.0,487.53329762800786,9.555652633508954,76.44522106807163,86.00087370158059,1264.9243766026511,100.88774342846045,0.0,970.3295117404724,-0.0,0.0,0.0,32.493496169422805,0.0,15.4695140320407,8847.63018035549,9.555652633508954,9.85894800101479,50.0,11.802354286447036,2302.786376953125,11.802354286447036,83.79671543377395,0.0,83.79671543377395,83.79671543377395,5.208333333333333,0.3663808780605136,429.7173714067458,161.98924870566307,232.36981964450933,150.0,1.0,1.9434062854322462,0.0,1986.597715201681,487.53329762800786,475.49007896836804,4178.994778111465,45.70389748642083,0.0,445.0285799683013,83.79671543377395,94.41883429157629,41.666666666666664,12.043218659639834,191700744.8961891,95824833.33333333,10.0,1.0,7.853981633974483,20.0,2.5,98.17477042468104,8847.63018035549,9.555652633508954,9.85894800101479,50.0,11.802354286447036,2302.786376953125,429.7173714067458,5.208333333333333,0.3663808780605136,161.98924870566307
29,0.590928,1.0,1,1173.936214648699,0.0,487.53329762800786,9.555652633508954,76.44522106807163,86.00087370158059,1080.2399177404168,0.0,0.0,970.3295117404724,1.0,0.0,0.0,32.493496169422805,0.0,17.403203286045784,8847.63018035549,9.555652633508954,9.85894800101479,50.0,11.802354286447036,2302.786376953125,11.802354286447036,83.79671543377395,83.79671543377395,0.0,0.0,5.208333333333333,0.3663808780605136,429.7173714067458,161.98924870566307,232.36981964450933,150.0,1.0,1.9434062854322462,0.0,1986.597715201681,487.53329762800786,475.49007896836804,4178.994778111465,45.70389748642083,0.0,445.0285799683013,83.79671543377395,94.41883429157629,41.666666666666664,12.043218659639834,191700744.8961891,95824833.33333333,10.0,1.0,7.853981633974483,20.0,2.5,98.17477042468104,8847.63018035549,9.555652633508954,9.85894800101479,50.0,11.802354286447036,2302.786376953125,429.7173714067458,5.208333333333333,0.3663808780605136,161.98924870566307
30,0.578739,1.0,1,1149.7215750981056,0.0,487.53329762800786,9.555652633508954,76.44522106807163,86.00087370158059,1080.2399177404168,0.0,0.0,970.3295117404724,1.0,0.0,0.0,32.493496169422805,0.0,19.33689254005087,8847.63018035549,9.555652633508954,9.85894800101479,50.0,11.802354286447036,2302.786376953125,11.802354286447036,83.79671543377395,83.79671543377395,0.0,0.0,5.208333333333333,0.3663808780605136,429.7173714067458,161.98924870566307,232.36981964450933,150.0,1.0,1.9434062854322462,0.0,1986.597715201681,487.53329762800786,475.49007896836804,4178.994778111465,45.70389748642083,0.0,445.0285799683013,83.79671543377395,94.41883429157629,41.666666666666664,12.043218659639834,191700744.8961891,95824833.33333333,10.0,1.0,7.853981633974483,20.0,2.5,98.17477042468104,8847.63018035549,9.555652633508954,9.85894800101479,50.0,11.802354286447036,2302.786376953125,429.7173714067458,5.208333333333333,0.3663808780605136,161.98924870566307
31,0.5964940000000001,1.0,1,1184.9936175315117,0.0,487.53329762800786,9.555652633508954,76.44522106807163,86.00087370158059,1080.2399177404168,0.0,0.0,970.3295117404724,-0.0,0.0,0.0,32.493496169422805,0.0,21.27058179405595,8847.63018035549,9.555652633508954,9.85894800101479,50.0,11.802354286447036,2302.786376953125,11.802354286447036,83.79671543377395,83.79671543377395,0.0,0.0,5.208333333333333,0.3663808780605136,429.7173714067458,161.98924870566307,232.36981964450933,150.0,1.0,1.9434062854322462,0.0,1986.597715201681,487.53329762800786,475.49007896836804,4178.994778111465,45.70389748642083,0.0,445.0285799683013,83.79671543377395,94.41883429157629,41.666666666666664,12.043218659639834,191700744.8961891,95824833.33333333,10.0,1.0,7.853981633974483,20.0,2.5,98.17477042468104,8847.63018035549,9.555652633508954,9.85894800101479,50.0,11.802354286447036,2302.786376953125,429.7173714067458,5.208333333333333,0.3663808780605136,161.98924870566307
32,0.590373,1.0,1,1172.833652916762,0.0,487.53329762800786,9.555652633508954,76.44522106807163,86.00087370158059,1080.2399177404168,0.0,0.0,970.3295117404724,1.0,0.0,0.0,32.493496169422805,0.0,23.204271048061035,8847.63018035549,9.555652633508954,9.85894800101479,50.0,11.802354286447036,2302.786376953125,11.802354286447036,83.79671543377395,83.79671543377395,0.0,0.0,5.208333333333333,0.3663808780605136,429.7173714067458,161.98924870566307,232.36981964450933,150.0,1.0,1.9434062854322462,0.0,1986.597715201681,487.53329762800786,475.49007896836804,4178.994778111465,45.70389748642083,0.0,445.0285799683013,83.79671543377395,94.41883429157629,41.666666666666664,12.043218659639834,191700744.8961891,95824833.33333333,10.0,1.0,7.853981633974483,20.0,2.5,98.17477042468104,8847.63018035549,9.555652633508954,9.85894800101479,50.0,11.802354286447036,2302.786376953125,429.7173714067458,5.208333333333333,0.3663808780605136,161.98924870566307
33,0.547881,1.0,1,1088.4191428024121,0.0,487.53329762800786,9.555652633508954,76.44522106807163,86.00087370158059,1080.2399177404168,0.0,592.0032634766264,347.1681817650762,1.0,0.0,0.0,32.493496169422805,0.0,25.13796030206612,8847.63018035549,9.555652633508954,9.85894800101479,50.0,11.802354286447036,2302.786376953125,11.802354286447036,83.79671543377395,83.79671543377395,0.0,0.0,5.208333333333333,0.3663808780605136,429.7173714067458,161.98924870566307,232.36981964450933,150.0,1.0,1.9434062854322462,0.0,1986.597715201681,487.53329762800786,475.49007896836804,4178.994778111465,45.70389748642083,0.0,445.0285799683013,83.79671543377395,94.41883429157629,41.666666666666664,12.043218659639834,191700744.8961891,95824833.33333333,10.0,1.0,7.853981633974483,20.0,2.5,98.17477042468104,8847.63018035549,9.555652633508954,9.85894800101479,50.0,11.802354286447036,2302.786376953125,429.7173714067458,5.208333333333333,0.3663808780605136,161.98924870566307
34,0.499267,1.0,1,991.8426814755977,0.0,487.53329762800786,9.555652633508954,76.44522106807163,86.00087370158059,1080.2399177404168,0.0,88.39723626481901,254.1184593810562,-0.0,0.0,0.0,32.493496169422805,0.0,27.071649556071204,8847.63018035549,9.555652633508954,9.85894800101479,50.0,11.802354286447036,2302.786376953125,11.802354286447036,83.79671543377395,83.79671543377395,0.0,0.0,5.208333333333333,0.3663808780605136,429.7173714067458,161.98924870566307,232.36981964450933,150.0,1.0,1.9434062854322462,0.0,1986.597715201681,487.53329762800786,475.49007896836804,4178.994778111465,45.70389748642083,0.0,445.0285799683013,83.79671543377395,94.41883429157629,41.666666666666664,12.043218659639834,191700744.8961891,95824833.33333333,10.0,1.0,7.853981633974483,20.0,2.5,98.17477042468104,8847.63018035549,9.555652633508954,9.85894800101479,50.0,11.802354286447036,2302.786376953125,429.7173714067458,5.208333333333333,0.3663808780605136,161.98924870566307
35,0.4721789999999999,1.0,1,938.0297225662143,0.0,487.53329762800786,9.555652633508954,76.44522106807163,86.00087370158059,1080.2399177404168,0.0,142.2101951742024,104.42351709242212,-0.0,0.0,0.0,32.493496169422805,0.0,29.00533881007629,8847.63018035549,9.555652633508954,9.85894800101479,50.0,11.802354286447036,2302.786376953125,11.802354286447036,83.79671543377395,83.79671543377395,0.0,0.0,5.208333333333333,0.3663808780605136,429.7173714067458,161.98924870566307,232.36981964450933,150.0,1.0,1.9434062854322462,0.0,1986.597715201681,487.53329762800786,475.49007896836804,4178.994778111465,45.70389748642083,0.0,445.0285799683013,83.79671543377395,94.41883429157629,41.666666666666664,12.043218659639834,191700744.8961891,95824833.33333333,10.0,1.0,7.853981633974483,20.0,2.5,98.17477042468104,8847.63018035549,9.555652633508954,9.85894800101479,50.0,11.802354286447036,2302.786376953125,429.7173714067458,5.208333333333333,0.3663808780605136,161.98924870566307
36,0.493828,1.0,1,981.0375765026157,0.0,487.53329762800786,9.555652633508954,76.44522106807163,86.00087370158059,1080.2399177404168,0.0,99.20234123780102,0.0,1.0,0.0,0.0,32.493496169422805,0.0,30.939028064081363,8847.63018035549,9.555652633508954,9.85894800101479,50.0,11.802354286447036,2302.786376953125,11.802354286447036,83.79671543377395,83.79671543377395,0.0,0.0,5.208333333333333,0.3663808780605136,429.7173714067458,161.98924870566307,232.36981964450933,150.0,1.0,1.9434062854322462,0.0,1986.597715201681,487.53329762800786,475.49007896836804,4178.994778111465,45.70389748642083,0.0,445.0285799683013,83.79671543377395,94.41883429157629,41.666666666666664,12.043218659639834,191700744.8961891,95824833.33333333,10.0,1.0,7.853981633974483,20.0,2.5,98.17477042468104,8847.63018035549,9.555652633508954,9.85894800101479,50.0,11.802354286447036,2302.786376953125,429.7173714067458,5.208333333333333,0.3663808780605136,161.98924870566307
37,0.551581,1.0,1,1095.7695543486584,0.0,487.53329762800786,9.555652633508954,76.44522106807163,86.00087370158059,1080.2399177404168,0.0,0.0,0.0,1.0,0.0,0.0,32.493496169422805,0.0,32.87271731808642,8847.63018035549,9.555652633508954,9.85894800101479,50.0,11.802354286447036,2302.786376953125,11.802354286447036,83.79671543377395,83.79671543377395,0.0,0.0,5.208333333333333,0.3663808780605136,429.7173714067458,161.98924870566307,232.36981964450933,150.0,1.0,1.9434062854322462,0.0,1986.597715201681,487.53329762800786,475.49007896836804,4178.994778111465,45.70389748642083,0.0,445.0285799683013,83.79671543377395,94.41883429157629,41.666666666666664,12.043218659639834,191700744.8961891,95824833.33333333,10.0,1.0,7.853981633974483,20.0,2.5,98.17477042468104,8847.63018035549,9.555652633508954,9.85894800101479,50.0,11.802354286447036,2302.786376953125,429.7173714067458,5.208333333333333,0.3663808780605136,161.98924870566307
38,0.6367910000000001,1.0,1,1265.0475456609938,0.0,487.53329762800786,9.555652633508954,76.44522106807163,86.00087370158059,1080.2399177404168,0.0,0.0,0.0,1.0,0.0,0.0,32.493496169422805,0.0,34.806406572091504,8847.63018035549,9.555652633508954,9.85894800101479,50.0,11.802354286447036,2302.786376953125,11.802354286447036,83.79671543377395,83.79671543377395,0.0,0.0,5.208333333333333,0.3663808780605136,429.7173714067458,161.98924870566307,232.36981964450933,150.0,1.0,1.9434062854322462,0.0,1986.597715201681,487.53329762800786,475.49007896836804,4178.994778111465,45.70389748642083,0.0,445.0285799683013,83.79671543377395,94.41883429157629,41.666666666666664,12.043218659639834,191700744.8961891,95824833.33333333,10.0,1.0,7.853981633974483,20.0,2.5,98.17477042468104,8847.63018035549,9.555652633508954,9.85894800101479,50.0,11.802354286447036,2302.786376953125,429.7173714067458,5.208333333333333,0.3663808780605136,161.98924870566307
39,0.738213,1.0,1,1466.5322591321785,0.0,487.53329762800786,9.555652633508954,76.44522106807163,86.00087370158059,1164.0366331741907,0.0,0.0,0.0,0.0,0.0,0.0,32.493496169422805,0.0,36.74009582609659,8847.63018035549,9.555652633508954,9.85894800101479,50.0,11.802354286447036,2302.786376953125,11.802354286447036,83.79671543377395,0.0,83.79671543377395,83.79671543377395,5.208333333333333,0.3663808780605136,429.7173714067458,161.98924870566307,232.36981964450933,150.0,1.0,1.9434062854322462,0.0,1986.597715201681,487.53329762800786,475.49007896836804,4178.994778111465,45.70389748642083,0.0,445.0285799683013,83.79671543377395,94.41883429157629,41.666666666666664,12.043218659639834,191700744.8961891,95824833.33333333,10.0,1.0,7.853981633974483,20.0,2.5,98.17477042468104,8847.63018035549,9.555652633508954,9.85894800101479,50.0,11.802354286447036,2302.786376953125,429.7173714067458,5.208333333333333,0.3663808780605136,161.98924870566307
40,0.827915,1.0,1,1644.7340473811996,0.0,487.53329762800786,9.555652633508954,76.44522106807163,86.00087370158059,1164.0366331741907,0.0,0.0,0.0,1.0,0.0,0.0,32.493496169422805,0.0,38.67378508010168,8847.63018035549,9.555652633508954,9.85894800101479,50.0,11.802354286447036,2302.786376953125,11.802354286447036,83.79671543377395,0.0,83.79671543377395,83.79671543377395,5.208333333333333,0.3663808780605136,429.7173714067458,161.98924870566307,232.36981964450933,150.0,1.0,1.9434062854322462,0.0,1986.597715201681,487.53329762800786,475.49007896836804,4178.994778111465,45.70389748642083,0.0,445.0285799683013,83.79671543377395,94.41883429157629,41.666666666666664,12.043218659639834,191700744.8961891,95824833.33333333,10.0,1.0,7.853981633974483,20.0,2.5,98.17477042468104,8847.63018035549,9.555652633508954,9.85894800101479,50.0,11.802354286447036,2302.786376953125,429.7173714067458,5.208333333333333,0.3663808780605136,161.98924870566307
41,0.888608,1.0,1,1765.3066225099353,0.0,487.53329762800786,9.555652633508954,76.44522106807163,86.00087370158059,1765.3066225099356,685.0667047695187,0.0,650.8133695310429,1.0,0.0,0.0,32.493496169422805,0.0,40.60747433410676,8847.63018035549,9.555652633508954,9.85894800101479,50.0,11.802354286447036,2302.786376953125,11.802354286447036,83.79671543377395,83.79671543377395,0.0,0.0,5.208333333333333,0.3663808780605136,429.7173714067458,161.98924870566307,232.36981964450933,150.0,1.0,1.9434062854322462,0.0,1986.597715201681,487.53329762800786,475.49007896836804,4178.994778111465,45.70389748642083,0.0,445.0285799683013,83.79671543377395,94.41883429157629,41.666666666666664,12.043218659639834,191700744.8961891,95824833.33333333,10.0,1.0,7.853981633974483,20.0,2.5,98.17477042468104,8847.63018035549,9.555652633508954,9.85894800101479,50.0,11.802354286447036,2302.786376953125,429.7173714067458,5.208333333333333,0.3663808780605136,161.98924870566307
42,0.913821,1.0,1,1815.3947107033152,0.0,487.53329762800786,9.555652633508954,76.44522106807163,86.00087370158059,1815.3947107033155,735.1547929628986,0.0,1349.2104228457965,1.0,0.0,0.0,32.493496169422805,0.0,42.54116358811185,8847.63018035549,9.555652633508954,9.85894800101479,50.0,11.802354286447036,2302.786376953125,11.802354286447036,83.79671543377395,83.79671543377395,0.0,0.0,5.208333333333333,0.3663808780605136,429.7173714067458,161.98924870566307,232.36981964450933,150.0,1.0,1.9434062854322462,0.0,1986.597715201681,487.53329762800786,475.49007896836804,4178.994778111465,45.70389748642083,0.0,445.0285799683013,83.79671543377395,94.41883429157629,41.666666666666664,12.043218659639834,191700744.8961891,95824833.33333333,10.0,1.0,7.853981633974483,20.0,2.5,98.17477042468104,8847.63018035549,9.555652633508954,9.85894800101479,50.0,11.802354286447036,2302.786376953125,429.7173714067458,5.208333333333333,0.3663808780605136,161.98924870566307
43,0.923208,1.0,1,1834.0429034559136,0.0,487.53329762800786,9.555652633508954,76.44522106807163,86.00087370158059,1834.0429034559138,753.8029857154969,0.0,2065.3232592755185,1.0,0.0,0.0,32.493496169422805,0.0,44.47485284211694,8847.63018035549,9.555652633508954,9.85894800101479,50.0,11.802354286447036,2302.786376953125,11.802354286447036,83.79671543377395,83.79671543377395,0.0,0.0,5.208333333333333,0.3663808780605136,429.7173714067458,161.98924870566307,232.36981964450933,150.0,1.0,1.9434062854322462,0.0,1986.597715201681,487.53329762800786,475.49007896836804,4178.994778111465,45.70389748642083,0.0,445.0285799683013,83.79671543377395,94.41883429157629,41.666666666666664,12.043218659639834,191700744.8961891,95824833.33333333,10.0,1.0,7.853981633974483,20.0,2.5,98.17477042468104,8847.63018035549,9.555652633508954,9.85894800101479,50.0,11.802354286447036,2302.786376953125,429.7173714067458,5.208333333333333,0.3663808780605136,161.98924870566307
44,0.936193,1.0,1,1859.8388747878075,0.0,487.53329762800786,9.555652633508954,76.44522106807163,86.00087370158059,1164.0366331741907,0.0,1962.0570963117427,0.0,1.0,0.0,0.0,32.493496169422805,0.0,46.408542096122034,8847.63018035549,9.555652633508954,9.85894800101479,50.0,11.802354286447036,2302.786376953125,11.802354286447036,83.79671543377395,0.0,83.79671543377395,83.79671543377395,5.208333333333333,0.3663808780605136,429.7173714067458,161.98924870566307,232.36981964450933,150.0,1.0,1.9434062854322462,0.0,1986.597715201681,487.53329762800786,475.49007896836804,4178.994778111465,45.70389748642083,0.0,445.0285799683013,83.79671543377395,94.41883429157629,41.666666666666664,12.043218659639834,191700744.8961891,95824833.33333333,10.0,1.0,7.853981633974483,20.0,2.5,98.17477042468104,8847.63018035549,9.555652633508954,9.85894800101479,50.0,11.802354286447036,2302.786376953125,429.7173714067458,5.208333333333333,0.3663808780605136,161.98924870566307
45,0.946311,1.0,1,1879.939270470218,0.0,487.53329762800786,9.555652633508954,76.44522106807163,86.00087370158059,1879.9392704702182,799.6993527298013,0.0,759.7143850933112,1.0,0.0,0.0,32.493496169422805,0.0,48.34223135012712,8847.63018035549,9.555652633508954,9.85894800101479,50.0,11.802354286447036,2302.786376953125,11.802354286447036,83.79671543377395,83.79671543377395,0.0,0.0,5.208333333333333,0.3663808780605136,429.7173714067458,161.98924870566307,232.36981964450933,150.0,1.0,1.9434062854322462,0.0,1986.597715201681,487.53329762800786,475.49007896836804,4178.994778111465,45.70389748642083,0.0,445.0285799683013,83.79671543377395,94.41883429157629,41.666666666666664,12.043218659639834,191700744.8961891,95824833.33333333,10.0,1.0,7.853981633974483,20.0,2.5,98.17477042468104,8847.63018035549,9.555652633508954,9.85894800101479,50.0,11.802354286447036,2302.786376953125,429.7173714067458,5.208333333333333,0.3663808780605136,161.98924870566307
46,0.947288,1.0,1,1881.88017643797,0.0,487.53329762800786,9.555652633508954,76.44522106807163,86.00087370158059,1881.88017643797,801.6402586975533,0.0,1521.2726308559866,1.0,0.0,0.0,32.493496169422805,0.0,50.2759206041321,8847.63018035549,9.555652633508954,9.85894800101479,50.0,11.802354286447036,2302.786376953125,11.802354286447036,83.79671543377395,83.79671543377395,0.0,0.0,5.208333333333333,0.3663808780605136,429.7173714067458,161.98924870566307,232.36981964450933,150.0,1.0,1.9434062854322462,0.0,1986.597715201681,487.53329762800786,475.49007896836804,4178.994778111465,45.70389748642083,0.0,445.0285799683013,83.79671543377395,94.41883429157629,41.666666666666664,12.043218659639834,191700744.8961891,95824833.33333333,10.0,1.0,7.853981633974483,20.0,2.5,98.17477042468104,8847.63018035549,9.555652633508954,9.85894800101479,50.0,11.802354286447036,2302.786376953125,429.7173714067458,5.208333333333333,0.3663808780605136,161.98924870566307
47,0.938542,1.0,1,1864.505392820816,0.0,487.53329762800786,9.555652633508954,76.44522106807163,86.00087370158059,1080.2399177404168,0.0,0.0,1521.2726308559866,1.0,0.0,0.0,32.493496169422805,0.0,52.209609858137185,8847.63018035549,9.555652633508954,9.85894800101479,50.0,11.802354286447036,2302.786376953125,11.802354286447036,83.79671543377395,83.79671543377395,0.0,0.0,5.208333333333333,0.3663808780605136,429.7173714067458,161.98924870566307,232.36981964450933,150.0,1.0,1.9434062854322462,0.0,1986.597715201681,487.53329762800786,475.49007896836804,4178.994778111465,45.70389748642083,0.0,445.0285799683013,83.79671543377395,94.41883429157629,41.666666666666664,12.043218659639834,191700744.8961891,95824833.33333333,10.0,1.0,7.853981633974483,20.0,2.5,98.17477042468104,8847.63018035549,9.555652633508954,9.85894800101479,50.0,11.802354286447036,2302.786376953125,429.7173714067458,5.208333333333333,0.3663808780605136,161.98924870566307
48,0.975441,1.0,1,1937.8088619140428,0.0,487.53329762800786,9.555652633508954,76.44522106807163,86.00087370158059,1937.8088619140428,773.7722287398522,0.0,2256.356248158846,1.0,0.0,0.0,32.493496169422805,0.0,54.14329911214227,8847.63018035549,9.555652633508954,9.85894800101479,50.0,11.802354286447036,2302.786376953125,11.802354286447036,83.79671543377395,0.0,83.79671543377395,83.79671543377395,5.208333333333333,0.3663808780605136,429.7173714067458,161.98924870566307,232.36981964450933,150.0,1.0,1.9434062854322462,0.0,1986.597715201681,487.53329762800786,475.49007896836804,4178.994778111465,45.70389748642083,0.0,445.0285799683013,83.79671543377395,94.41883429157629,41.666666666666664,12.043218659639834,191700744.8961891,95824833.33333333,10.0,1.0,7.853981633974483,20.0,2.5,98.17477042468104,8847.63018035549,9.555652633508954,9.85894800101479,50.0,11.802354286447036,2302.786376953125,429.7173714067458,5.208333333333333,0.3663808780605136,161.98924870566307
49,0.988817,1.0,1,1964.3815929525806,0.0,487.53329762800786,9.555652633508954,76.44522106807163,86.00087370158059,1080.2399177404168,0.0,0.0,2256.356248158846,1.0,0.0,0.0,32.493496169422805,0.0,56.07698836614736,8847.63018035549,9.555652633508954,9.85894800101479,50.0,11.802354286447036,2302.786376953125,11.802354286447036,83.79671543377395,83.79671543377395,0.0,0.0,5.208333333333333,0.3663808780605136,429.7173714067458,161.98924870566307,232.36981964450933,150.0,1.0,1.9434062854322462,0.0,1986.597715201681,487.53329762800786,475.49007896836804,4178.994778111465,45.70389748642083,0.0,445.0285799683013,83.79671543377395,94.41883429157629,41.666666666666664,12.043218659639834,191700744.8961891,95824833.33333333,10.0,1.0,7.853981633974483,20.0,2.5,98.17477042468104,8847.63018035549,9.555652633508954,9.85894800101479,50.0,11.802354286447036,2302.786376953125,429.7173714067458,5.208333333333333,0.3663808780605136,161.98924870566307
50,0.975603,1.0,1,1938.1306907439057,0.0,487.53329762800786,9.555652633508954,76.44522106807163,86.00087370158059,1080.2399177404168,0.0,0.0,2256.356248158846,1.0,0.0,0.0,32.493496169422805,0.0,58.01067762015265,8847.63018035549,9.555652633508954,9.85894800101479,50.0,11.802354286447036,2302.786376953125,11.802354286447036,83.79671543377395,83.79671543377395,0.0,0.0,5.208333333333333,0.3663808780605136,429.7173714067458,161.98924870566307,232.36981964450933,150.0,1.0,1.9434062854322462,0.0,1986.597715201681,487.53329762800786,475.49007896836804,4178.994778111465,45.70389748642083,0.0,445.0285799683013,83.79671543377395,94.41883429157629,41.666666666666664,12.043218659639834,191700744.8961891,95824833.33333333,10.0,1.0,7.853981633974483,20.0,2.5,98.17477042468104,8847.63018035549,9.555652633508954,9.85894800101479,50.0,11.802354286447036,2302.786376953125,429.7173714067458,5.208333333333333,0.3663808780605136,161.98924870566307
51,0.976492,1.0,1,1939.8967761127199,0.0,487.53329762800786,9.555652633508954,76.44522106807163,86.00087370158059,1080.2399177404168,0.0,0.0,2256.356248158846,1.0,0.0,0.0,32.493496169422805,0.0,59.94436687415774,8847.63018035549,9.555652633508954,9.85894800101479,50.0,11.802354286447036,2302.786376953125,11.802354286447036,83.79671543377395,83.79671543377395,0.0,0.0,5.208333333333333,0.3663808780605136,429.7173714067458,161.98924870566307,232.36981964450933,150.0,1.0,1.9434062854322462,0.0,1986.597715201681,487.53329762800786,475.49007896836804,4178.994778111465,45.70389748642083,0.0,445.0285799683013,83.79671543377395,94.41883429157629,41.666666666666664,12.043218659639834,191700744.8961891,95824833.33333333,10.0,1.0,7.853981633974483,20.0,2.5,98.17477042468104,8847.63018035549,9.555652633508954,9.85894800101479,50.0,11.802354286447036,2302.786376953125,429.7173714067458,5.208333333333333,0.3663808780605136,161.98924870566307
52,0.960217,1.0,1,1907.5648982978125,0.0,487.53329762800786,9.555652633508954,76.44522106807163,86.00087370158059,1080.2399177404168,0.0,0.0,2256.356248158846,1.0,0.0,0.0,32.493496169422805,0.0,61.87805612816274,8847.63018035549,9.555652633508954,9.85894800101479,50.0,11.802354286447036,2302.786376953125,11.802354286447036,83.79671543377395,83.79671543377395,0.0,0.0,5.208333333333333,0.3663808780605136,429.7173714067458,161.98924870566307,232.36981964450933,150.0,1.0,1.9434062854322462,0.0,1986.597715201681,487.53329762800786,475.49007896836804,4178.994778111465,45.70389748642083,0.0,445.0285799683013,83.79671543377395,94.41883429157629,41.666666666666664,12.043218659639834,191700744.8961891,95824833.33333333,10.0,1.0,7.853981633974483,20.0,2.5,98.17477042468104,8847.63018035549,9.555652633508954,9.85894800101479,50.0,11.802354286447036,2302.786376953125,429.7173714067458,5.208333333333333,0.3663808780605136,161.98924870566307
53,0.956944,1.0,1,1901.0627639759575,0.0,487.53329762800786,9.555652633508954,76.44522106807163,86.00087370158059,1080.2399177404168,0.0,0.0,2256.356248158846,1.0,0.0,0.0,32.493496169422805,0.0,63.81174538216783,8847.63018035549,9.555652633508954,9.85894800101479,50.0,11.802354286447036,2302.786376953125,11.802354286447036,83.79671543377395,83.79671543377395,0.0,0.0,5.208333333333333,0.3663808780605136,429.7173714067458,161.98924870566307,232.36981964450933,150.0,1.0,1.9434062854322462,0.0,1986.597715201681,487.53329762800786,475.49007896836804,4178.994778111465,45.70389748642083,0.0,445.0285799683013,83.79671543377395,94.41883429157629,41.666666666666664,12.043218659639834,191700744.8961891,95824833.33333333,10.0,1.0,7.853981633974483,20.0,2.5,98.17477042468104,8847.63018035549,9.555652633508954,9.85894800101479,50.0,11.802354286447036,2302.786376953125,429.7173714067458,5.208333333333333,0.3663808780605136,161.98924870566307
54,0.979945,1.0,1,1946.7564980233112,0.0,487.53329762800786,9.555652633508954,76.44522106807163,86.00087370158059,1080.2399177404168,0.0,0.0,2256.356248158846,1.0,0.0,0.0,32.493496169422805,0.0,65.7454346361728,8847.63018035549,9.555652633508954,9.85894800101479,50.0,11.802354286447036,2302.786376953125,11.802354286447036,83.79671543377395,83.79671543377395,0.0,0.0,5.208333333333333,0.3663808780605136,429.7173714067458,161.98924870566307,232.36981964450933,150.0,1.0,1.9434062854322462,0.0,1986.597715201681,487.53329762800786,475.49007896836804,4178.994778111465,45.70389748642083,0.0,445.0285799683013,83.79671543377395,94.41883429157629,41.666666666666664,12.043218659639834,191700744.8961891,95824833.33333333,10.0,1.0,7.853981633974483,20.0,2.5,98.17477042468104,8847.63018035549,9.555652633508954,9.85894800101479,50.0,11.802354286447036,2302.786376953125,429.7173714067458,5.208333333333333,0.3663808780605136,161.98924870566307
55,0.980376,1.0,1,1947.6127216385632,0.0,487.53329762800786,9.555652633508954,76.44522106807163,86.00087370158059,1080.2399177404168,0.0,0.0,2256.356248158846,1.0,0.0,0.0,32.493496169422805,0.0,67.67912389017789,8847.63018035549,9.555652633508954,9.85894800101479,50.0,11.802354286447036,2302.786376953125,11.802354286447036,83.79671543377395,83.79671543377395,0.0,0.0,5.208333333333333,0.3663808780605136,429.7173714067458,161.98924870566307,232.36981964450933,150.0,1.0,1.9434062854322462,0.0,1986.597715201681,487.53329762800786,475.49007896836804,4178.994778111465,45.70389748642083,0.0,445.0285799683013,83.79671543377395,94.41883429157629,41.666666666666664,12.043218659639834,191700744.8961891,95824833.33333333,10.0,1.0,7.853981633974483,20.0,2.5,98.17477042468104,8847.63018035549,9.555652633508954,9.85894800101479,50.0,11.802354286447036,2302.786376953125,429.7173714067458,5.208333333333333,0.3663808780605136,161.98924870566307
56,0.9848,1.0,1,1956.4014299306154,0.0,487.53329762800786,9.555652633508954,76.44522106807163,86.00087370158059,1080.2399177404168,0.0,0.0,2256.356248158846,1.0,0.0,0.0,32.493496169422805,0.0,69.61281314418298,8847.63018035549,9.555652633508954,9.85894800101479,50.0,11.802354286447036,2302.786376953125,11.802354286447036,83.79671543377395,83.79671543377395,0.0,0.0,5.208333333333333,0.3663808780605136,429.7173714067458,161.98924870566307,232.36981964450933,150.0,1.0,1.9434062854322462,0.0,1986.597715201681,487.53329762800786,475.49007896836804,4178.994778111465,45.70389748642083,0.0,445.0285799683013,83.79671543377395,94.41883429157629,41.666666666666664,12.043218659639834,191700744.8961891,95824833.33333333,10.0,1.0,7.853981633974483,20.0,2.5,98.17477042468104,8847.63018035549,9.555652633508954,9.85894800101479,50.0,11.802354286447036,2302.786376953125,429.7173714067458,5.208333333333333,0.3663808780605136,161.98924870566307
57,0.988731,1.0,1,1964.2107455490734,0.0,487.53329762800786,9.555652633508954,76.44522106807163,86.00087370158059,1080.2399177404168,0.0,0.0,2256.356248158846,1.0,0.0,0.0,32.493496169422805,0.0,71.54650239818807,8847.63018035549,9.555652633508954,9.85894800101479,50.0,11.802354286447036,2302.786376953125,11.802354286447036,83.79671543377395,83.79671543377395,0.0,0.0,5.208333333333333,0.3663808780605136,429.7173714067458,161.98924870566307,232.36981964450933,150.0,1.0,1.9434062854322462,0.0,1986.597715201681,487.53329762800786,475.49007896836804,4178.994778111465,45.70389748642083,0.0,445.0285799683013,83.79671543377395,94.41883429157629,41.666666666666664,12.043218659639834,191700744.8961891,95824833.33333333,10.0,1.0,7.853981633974483,20.0,2.5,98.17477042468104,8847.63018035549,9.555652633508954,9.85894800101479,50.0,11.802354286447036,2302.786376953125,429.7173714067458,5.208333333333333,0.3663808780605136,161.98924870566307
58,0.988945,1.0,1,1964.6358774601263,0.0,487.53329762800786,9.555652633508954,76.44522106807163,86.00087370158059,1080.2399177404168,0.0,0.0,2256.356248158846,1.0,0.0,0.0,32.493496169422805,0.0,73.48019165219304,8847.63018035549,9.555652633508954,9.85894800101479,50.0,11.802354286447036,2302.786376953125,11.802354286447036,83.79671543377395,83.79671543377395,0.0,0.0,5.208333333333333,0.3663808780605136,429.7173714067458,161.98924870566307,232.36981964450933,150.0,1.0,1.9434062854322462,0.0,1986.597715201681,487.53329762800786,475.49007896836804,4178.994778111465,45.70389748642083,0.0,445.0285799683013,83.79671543377395,94.41883429157629,41.666666666666664,12.043218659639834,191700744.8961891,95824833.33333333,10.0,1.0,7.853981633974483,20.0,2.5,98.17477042468104,8847.63018035549,9.555652633508954,9.85894800101479,50.0,11.802354286447036,2302.786376953125,429.7173714067458,5.208333333333333,0.3663808780605136,161.98924870566307
59,0.986665,1.0,1,1960.1064346694666,0.0,487.53329762800786,9.555652633508954,76.44522106807163,86.00087370158059,1080.2399177404168,0.0,0.0,2256.356248158846,1.0,0.0,0.0,32.493496169422805,0.0,75.41388090619813,8847.63018035549,9.555652633508954,9.85894800101479,50.0,11.802354286447036,2302.786376953125,11.802354286447036,83.79671543377395,83.79671543377395,0.0,0.0,5.208333333333333,0.3663808780605136,429.7173714067458,161.98924870566307,232.36981964450933,150.0,1.0,1.9434062854322462,0.0,1986.597715201681,487.53329762800786,475.49007896836804,4178.994778111465,45.70389748642083,0.0,445.0285799683013,83.79671543377395,94.41883429157629,41.666666666666664,12.043218659639834,191700744.8961891,95824833.33333333,10.0,1.0,7.853981633974483,20.0,2.5,98.17477042468104,8847.63018035549,9.555652633508954,9.85894800101479,50.0,11.802354286447036,2302.786376953125,429.7173714067458,5.208333333333333,0.3663808780605136,161.98924870566307
60,0.982849,1.0,1,1952.525577788257,0.0,487.53329762800786,9.555652633508954,76.44522106807163,86.00087370158059,1080.2399177404168,0.0,0.0,2256.356248158846,1.0,0.0,0.0,32.493496169422805,0.0,77.34757016020322,8847.63018035549,9.555652633508954,9.85894800101479,50.0,11.802354286447036,2302.786376953125,11.802354286447036,83.79671543377395,83.79671543377395,0.0,0.0,5.208333333333333,0.3663808780605136,429.7173714067458,161.98924870566307,232.36981964450933,150.0,1.0,1.9434062854322462,0.0,1986.597715201681,487.53329762800786,475.49007896836804,4178.994778111465,45.70389748642083,0.0,445.0285799683013,83.79671543377395,94.41883429157629,41.666666666666664,12.043218659639834,191700744.8961891,95824833.33333333,10.0,1.0,7.853981633974483,20.0,2.5,98.17477042468104,8847.63018035549,9.555652633508954,9.85894800101479,50.0,11.802354286447036,2302.786376953125,429.7173714067458,5.208333333333333,0.3663808780605136,161.98924870566307
61,0.973926,1.0,1,1934.7991663755122,0.0,487.53329762800786,9.555652633508954,76.44522106807163,86.00087370158059,1934.7991663755124,854.5592486350955,0.0,3068.187534362187,1.0,0.0,0.0,32.493496169422805,0.0,79.28125941420831,8847.63018035549,9.555652633508954,9.85894800101479,50.0,11.802354286447036,2302.786376953125,11.802354286447036,83.79671543377395,83.79671543377395,0.0,0.0,5.208333333333333,0.3663808780605136,429.7173714067458,161.98924870566307,232.36981964450933,150.0,1.0,1.9434062854322462,0.0,1986.597715201681,487.53329762800786,475.49007896836804,4178.994778111465,45.70389748642083,0.0,445.0285799683013,83.79671543377395,94.41883429157629,41.666666666666664,12.043218659639834,191700744.8961891,95824833.33333333,10.0,1.0,7.853981633974483,20.0,2.5,98.17477042468104,8847.63018035549,9.555652633508954,9.85894800101479,50.0,11.802354286447036,2302.786376953125,429.7173714067458,5.208333333333333,0.3663808780605136,161.98924870566307
62,0.958467,1.0,1,1904.0883522962095,0.0,487.53329762800786,9.555652633508954,76.44522106807163,86.00087370158059,1080.2399177404168,0.0,0.0,3068.187534362187,1.0,0.0,0.0,32.493496169422805,0.0,81.21494866821328,8847.63018035549,9.555652633508954,9.85894800101479,50.0,11.802354286447036,2302.786376953125,11.802354286447036,83.79671543377395,83.79671543377395,0.0,0.0,5.208333333333333,0.3663808780605136,429.7173714067458,161.98924870566307,232.36981964450933,150.0,1.0,1.9434062854322462,0.0,1986.597715201681,487.53329762800786,475.49007896836804,4178.994778111465,45.70389748642083,0.0,445.0285799683013,83.79671543377395,94.41883429157629,41.666666666666664,12.043218659639834,191700744.8961891,95824833.33333333,10.0,1.0,7.853981633974483,20.0,2.5,98.17477042468104,8847.63018035549,9.555652633508954,9.85894800101479,50.0,11.802354286447036,2302.786376953125,429.7173714067458,5.208333333333333,0.3663808780605136,161.98924870566307
63,0.936824,1.0,1,1861.0924179460997,0.0,487.53329762800786,9.555652633508954,76.44522106807163,86.00087370158059,1080.2399177404168,0.0,0.0,3068.187534362187,1.0,0.0,0.0,32.493496169422805,0.0,83.14863792221837,8847.63018035549,9.555652633508954,9.85894800101479,50.0,11.802354286447036,2302.786376953125,11.802354286447036,83.79671543377395,83.79671543377395,0.0,0.0,5.208333333333333,0.3663808780605136,429.7173714067458,161.98924870566307,232.36981964450933,150.0,1.0,1.9434062854322462,0.0,1986.597715201681,487.53329762800786,475.49007896836804,4178.994778111465,45.70389748642083,0.0,445.0285799683013,83.79671543377395,94.41883429157629,41.666666666666664,12.043218659639834,191700744.8961891,95824833.33333333,10.0,1.0,7.853981633974483,20.0,2.5,98.17477042468104,8847.63018035549,9.555652633508954,9.85894800101479,50.0,11.802354286447036,2302.786376953125,429.7173714067458,5.208333333333333,0.3663808780605136,161.98924870566307
64,0.913512,1.0,1,1814.780852009318,0.0,487.53329762800786,9.555652633508954,76.44522106807163,86.00087370158059,1080.2399177404168,0.0,0.0,3068.187534362187,1.0,0.0,0.0,32.493496169422805,0.0,85.08232717622346,8847.63018035549,9.555652633508954,9.85894800101479,50.0,11.802354286447036,2302.786376953125,11.802354286447036,83.79671543377395,83.79671543377395,0.0,0.0,5.208333333333333,0.3663808780605136,429.7173714067458,161.98924870566307,232.36981964450933,150.0,1.0,1.9434062854322462,0.0,1986.597715201681,487.53329762800786,475.49007896836804,4178.994778111465,45.70389748642083,0.0,445.0285799683013,83.79671543377395,94.41883429157629,41.666666666666664,12.043218659639834,191700744.8961891,95824833.33333333,10.0,1.0,7.853981633974483,20.0,2.5,98.17477042468104,8847.63018035549,9.555652633508954,9.85894800101479,50.0,11.802354286447036,2302.786376953125,429.7173714067458,5.208333333333333,0.3663808780605136,161.98924870566307
65,0.887602,1.0,1,1763.3081052084424,0.0,487.53329762800786,9.555652633508954,76.44522106807163,86.00087370158059,1763.3081052084426,683.0681874680257,0.0,3717.102312456811,1.0,0.0,0.0,32.493496169422805,0.0,87.01601643022855,8847.63018035549,9.555652633508954,9.85894800101479,50.0,11.802354286447036,2302.786376953125,11.802354286447036,83.79671543377395,83.79671543377395,0.0,0.0,5.208333333333333,0.3663808780605136,429.7173714067458,161.98924870566307,232.36981964450933,150.0,1.0,1.9434062854322462,0.0,1986.597715201681,487.53329762800786,475.49007896836804,4178.994778111465,45.70389748642083,0.0,445.0285799683013,83.79671543377395,94.41883429157629,41.666666666666664,12.043218659639834,191700744.8961891,95824833.33333333,10.0,1.0,7.853981633974483,20.0,2.5,98.17477042468104,8847.63018035549,9.555652633508954,9.85894800101479,50.0,11.802354286447036,2302.786376953125,429.7173714067458,5.208333333333333,0.3663808780605136,161.98924870566307
66,0.862414,1.0,1,1713.2696819579426,0.0,487.53329762800786,9.555652633508954,76.44522106807163,86.00087370158059,1080.2399177404168,0.0,0.0,3717.102312456811,1.0,0.0,0.0,32.493496169422805,0.0,88.94970568423352,8847.63018035549,9.555652633508954,9.85894800101479,50.0,11.802354286447036,2302.786376953125,11.802354286447036,83.79671543377395,83.79671543377395,0.0,0.0,5.208333333333333,0.3663808780605136,429.7173714067458,161.98924870566307,232.36981964450933,150.0,1.0,1.9434062854322462,0.0,1986.597715201681,487.53329762800786,475.49007896836804,4178.994778111465,45.70389748642083,0.0,445.0285799683013,83.79671543377395,94.41883429157629,41.666666666666664,12.043218659639834,191700744.8961891,95824833.33333333,10.0,1.0,7.853981633974483,20.0,2.5,98.17477042468104,8847.63018035549,9.555652633508954,9.85894800101479,50.0,11.802354286447036,2302.786376953125,429.7173714067458,5.208333333333333,0.3663808780605136,161.98924870566307
67,0.829924,1.0,1,1648.7251221910399,0.0,487.53329762800786,9.555652633508954,76.44522106807163,86.00087370158059,1080.2399177404168,0.0,0.0,3717.102312456811,1.0,0.0,0.0,32.493496169422805,0.0,90.88339493823861,8847.63018035549,9.555652633508954,9.85894800101479,50.0,11.802354286447036,2302.786376953125,11.802354286447036,83.79671543377395,83.79671543377395,0.0,0.0,5.208333333333333,0.3663808780605136,429.7173714067458,161.98924870566307,232.36981964450933,150.0,1.0,1.9434062854322462,0.0,1986.597715201681,487.53329762800786,475.49007896836804,4178.994778111465,45.70389748642083,0.0,445.0285799683013,83.79671543377395,94.41883429157629,41.666666666666664,12.043218659639834,191700744.8961891,95824833.33333333,10.0,1.0,7.853981633974483,20.0,2.5,98.17477042468104,8847.63018035549,9.555652633508954,9.85894800101479,50.0,11.802354286447036,2302.786376953125,429.7173714067458,5.208333333333333,0.3663808780605136,161.98924870566307
68,0.825661,1.0,1,1640.2562561311352,0.0,487.53329762800786,9.555652633508954,76.44522106807163,86.00087370158059,1080.2399177404168,0.0,0.0,3717.102312456811,1.0,0.0,0.0,32.493496169422805,0.0,92.8170841922437,8847.63018035549,9.555652633508954,9.85894800101479,50.0,11.802354286447036,2302.786376953125,11.802354286447036,83.79671543377395,83.79671543377395,0.0,0.0,5.208333333333333,0.3663808780605136,429.7173714067458,161.98924870566307,232.36981964450933,150.0,1.0,1.9434062854322462,0.0,1986.597715201681,487.53329762800786,475.49007896836804,4178.994778111465,45.70389748642083,0.0,445.0285799683013,83.79671543377395,94.41883429157629,41.666666666666664,12.043218659639834,191700744.8961891,95824833.33333333,10.0,1.0,7.853981633974483,20.0,2.5,98.17477042468104,8847.63018035549,9.555652633508954,9.85894800101479,50.0,11.802354286447036,2302.786376953125,429.7173714067458,5.208333333333333,0.3663808780605136,161.98924870566307
69,0.836093,1.0,1,1660.980443496119,0.0,487.53329762800786,9.555652633508954,76.44522106807163,86.00087370158059,1080.2399177404168,0.0,0.0,3717.102312456811,1.0,0.0,0.0,32.493496169422805,0.0,94.75077344624879,8847.63018035549,9.555652633508954,9.85894800101479,50.0,11.802354286447036,2302.786376953125,11.802354286447036,83.79671543377395,83.79671543377395,0.0,0.0,5.208333333333333,0.3663808780605136,429.7173714067458,161.98924870566307,232.36981964450933,150.0,1.0,1.9434062854322462,0.0,1986.597715201681,487.53329762800786,475.49007896836804,4178.994778111465,45.70389748642083,0.0,445.0285799683013,83.79671543377395,94.41883429157629,41.666666666666664,12.043218659639834,191700744.8961891,95824833.33333333,10.0,1.0,7.853981633974483,20.0,2.5,98.17477042468104,8847.63018035549,9.555652633508954,9.85894800101479,50.0,11.802354286447036,2302.786376953125,429.7173714067458,5.208333333333333,0.3663808780605136,161.98924870566307
70,0.8432540000000001,1.0,1,1675.2064697346784,0.0,487.53329762800786,9.555652633508954,76.44522106807163,86.00087370158059,1080.2399177404168,0.0,0.0,3717.102312456811,1.0,0.0,0.0,32.493496169422805,0.0,96.68446270025376,8847.63018035549,9.555652633508954,9.85894800101479,50.0,11.802354286447036,2302.786376953125,11.802354286447036,83.79671543377395,83.79671543377395,0.0,0.0,5.208333333333333,0.3663808780605136,429.7173714067458,161.98924870566307,232.36981964450933,150.0,1.0,1.9434062854322462,0.0,1986.597715201681,487.53329762800786,475.49007896836804,4178.994778111465,45.70389748642083,0.0,445.0285799683013,83.79671543377395,94.41883429157629,41.666666666666664,12.043218659639834,191700744.8961891,95824833.33333333,10.0,1.0,7.853981633974483,20.0,2.5,98.17477042468104,8847.63018035549,9.555652633508954,9.85894800101479,50.0,11.802354286447036,2302.786376953125,429.7173714067458,5.208333333333333,0.3663808780605136,161.98924870566307
71,0.840831,1.0,1,1670.3929434707447,0.0,487.53329762800786,9.555652633508954,76.44522106807163,86.00087370158059,1080.2399177404168,0.0,3329.9142021387875,211.9294681001927,1.0,0.0,0.0,32.493496169422805,0.0,98.61815195425885,8847.63018035549,9.555652633508954,9.85894800101479,50.0,11.802354286447036,2302.786376953125,11.802354286447036,83.79671543377395,83.79671543377395,0.0,0.0,5.208333333333333,0.3663808780605136,429.7173714067458,161.98924870566307,232.36981964450933,150.0,1.0,1.9434062854322462,0.0,1986.597715201681,487.53329762800786,475.49007896836804,4178.994778111465,45.70389748642083,0.0,445.0285799683013,83.79671543377395,94.41883429157629,41.666666666666664,12.043218659639834,191700744.8961891,95824833.33333333,10.0,1.0,7.853981633974483,20.0,2.5,98.17477042468104,8847.63018035549,9.555652633508954,9.85894800101479,50.0,11.802354286447036,2302.786376953125,429.7173714067458,5.208333333333333,0.3663808780605136,161.98924870566307
72,0.906804,1.0,1,1801.4547545357452,0.0,487.53329762800786,9.555652633508954,76.44522106807163,86.00087370158059,1080.2399177404168,0.0,0.0,211.9294681001927,1.0,0.0,0.0,32.493496169422805,0.0,100.55184120826394,8847.63018035549,9.555652633508954,9.85894800101479,50.0,11.802354286447036,2302.786376953125,11.802354286447036,83.79671543377395,83.79671543377395,0.0,0.0,5.208333333333333,0.3663808780605136,429.7173714067458,161.98924870566307,232.36981964450933,150.0,1.0,1.9434062854322462,0.0,1986.597715201681,487.53329762800786,475.49007896836804,4178.994778111465,45.70389748642083,0.0,445.0285799683013,83.79671543377395,94.41883429157629,41.666666666666664,12.043218659639834,191700744.8961891,95824833.33333333,10.0,1.0,7.853981633974483,20.0,2.5,98.17477042468104,8847.63018035549,9.555652633508954,9.85894800101479,50.0,11.802354286447036,2302.786376953125,429.7173714067458,5.208333333333333,0.3663808780605136,161.98924870566307
73,0.920249,1.0,1,1828.1645608166318,0.0,487.53329762800786,9.555652633508954,76.44522106807163,86.00087370158059,1080.2399177404168,0.0,0.0,211.9294681001927,1.0,0.0,0.0,32.493496169422805,0.0,102.48553046226903,8847.63018035549,9.555652633508954,9.85894800101479,50.0,11.802354286447036,2302.786376953125,11.802354286447036,83.79671543377395,83.79671543377395,0.0,0.0,5.208333333333333,0.3663808780605136,429.7173714067458,161.98924870566307,232.36981964450933,150.0,1.0,1.9434062854322462,0.0,1986.597715201681,487.53329762800786,475.49007896836804,4178.994778111465,45.70389748642083,0.0,445.0285799683013,83.79671543377395,94.41883429157629,41.666666666666664,12.043218659639834,191700744.8961891,95824833.33333333,10.0,1.0,7.853981633974483,20.0,2.5,98.17477042468104,8847.63018035549,9.555652633508954,9.85894800101479,50.0,11.802354286447036,2302.786376953125,429.7173714067458,5.208333333333333,0.3663808780605136,161.98924870566307
74,0.927268,1.0,1,1842.1084901796323,0.0,487.53329762800786,9.555652633508954,76.44522106807163,86.00087370158059,1080.2399177404168,0.0,0.0,211.9294681001927,1.0,0.0,0.0,32.493496169422805,0.0,104.41921971627411,8847.63018035549,9.555652633508954,9.85894800101479,50.0,11.802354286447036,2302.786376953125,11.802354286447036,83.79671543377395,83.79671543377395,0.0,0.0,5.208333333333333,0.3663808780605136,429.7173714067458,161.98924870566307,232.36981964450933,150.0,1.0,1.9434062854322462,0.0,1986.597715201681,487.53329762800786,475.49007896836804,4178.994778111465,45.70389748642083,0.0,445.0285799683013,83.79671543377395,94.41883429157629,41.666666666666664,12.043218659639834,191700744.8961891,95824833.33333333,10.0,1.0,7.853981633974483,20.0,2.5,98.17477042468104,8847.63018035549,9.555652633508954,9.85894800101479,50.0,11.802354286447036,2302.786376953125,429.7173714067458,5.208333333333333,0.3663808780605136,161.98924870566307
75,0.928963,1.0,1,1845.475773306899,0.0,487.53329762800786,9.555652633508954,76.44522106807163,86.00087370158059,1080.2399177404168,0.0,0.0,211.9294681001927,1.0,0.0,0.0,32.493496169422805,0.0,106.3529089702794,8847.63018035549,9.555652633508954,9.85894800101479,50.0,11.802354286447036,2302.786376953125,11.802354286447036,83.79671543377395,83.79671543377395,0.0,0.0,5.208333333333333,0.3663808780605136,429.7173714067458,161.98924870566307,232.36981964450933,150.0,1.0,1.9434062854322462,0.0,1986.597715201681,487.53329762800786,475.49007896836804,4178.994778111465,45.70389748642083,0.0,445.0285799683013,83.79671543377395,94.41883429157629,41.666666666666664,12.043218659639834,191700744.8961891,95824833.33333333,10.0,1.0,7.853981633974483,20.0,2.5,98.17477042468104,8847.63018035549,9.555652633508954,9.85894800101479,50.0,11.802354286447036,2302.786376953125,429.7173714067458,5.208333333333333,0.3663808780605136,161.98924870566307
76,0.925099,1.0,1,1837.79955973536,0.0,487.53329762800786,9.555652633508954,76.44522106807163,86.00087370158059,1080.2399177404168,0.0,0.0,211.9294681001927,1.0,0.0,0.0,32.493496169422805,0.0,108.28659822428449,8847.63018035549,9.555652633508954,9.85894800101479,50.0,11.802354286447036,2302.786376953125,11.802354286447036,83.79671543377395,83.79671543377395,0.0,0.0,5.208333333333333,0.3663808780605136,429.7173714067458,161.98924870566307,232.36981964450933,150.0,1.0,1.9434062854322462,0.0,1986.597715201681,487.53329762800786,475.49007896836804,4178.994778111465,45.70389748642083,0.0,445.0285799683013,83.79671543377395,94.41883429157629,41.666666666666664,12.043218659639834,191700744.8961891,95824833.33333333,10.0,1.0,7.853981633974483,20.0,2.5,98.17477042468104,8847.63018035549,9.555652633508954,9.85894800101479,50.0,11.802354286447036,2302.786376953125,429.7173714067458,5.208333333333333,0.3663808780605136,161.98924870566307
77,0.927672,1.0,1,1842.911075656574,0.0,487.53329762800786,9.555652633508954,76.44522106807163,86.00087370158059,1080.2399177404168,0.0,0.0,211.9294681001927,1.0,0.0,0.0,32.493496169422805,0.0,110.22028747828958,8847.63018035549,9.555652633508954,9.85894800101479,50.0,11.802354286447036,2302.786376953125,11.802354286447036,83.79671543377395,83.79671543377395,0.0,0.0,5.208333333333333,0.3663808780605136,429.7173714067458,161.98924870566307,232.36981964450933,150.0,1.0,1.9434062854322462,0.0,1986.597715201681,487.53329762800786,475.49007896836804,4178.994778111465,45.70389748642083,0.0,445.0285799683013,83.79671543377395,94.41883429157629,41.666666666666664,12.043218659639834,191700744.8961891,95824833.33333333,10.0,1.0,7.853981633974483,20.0,2.5,98.17477042468104,8847.63018035549,9.555652633508954,9.85894800101479,50.0,11.802354286447036,2302.786376953125,429.7173714067458,5.208333333333333,0.3663808780605136,161.98924870566307
78,0.935441,1.0,1,1858.3449533059757,0.0,487.53329762800786,9.555652633508954,76.44522106807163,86.00087370158059,1080.2399177404168,0.0,0.0,211.9294681001927,1.0,0.0,0.0,32.493496169422805,0.0,112.15397673229467,8847.63018035549,9.555652633508954,9.85894800101479,50.0,11.802354286447036,2302.786376953125,11.802354286447036,83.79671543377395,83.79671543377395,0.0,0.0,5.208333333333333,0.3663808780605136,429.7173714067458,161.98924870566307,232.36981964450933,150.0,1.0,1.9434062854322462,0.0,1986.597715201681,487.53329762800786,475.49007896836804,4178.994778111465,45.70389748642083,0.0,445.0285799683013,83.79671543377395,94.41883429157629,41.666666666666664,12.043218659639834,191700744.8961891,95824833.33333333,10.0,1.0,7.853981633974483,20.0,2.5,98.17477042468104,8847.63018035549,9.555652633508954,9.85894800101479,50.0,11.802354286447036,2302.786376953125,429.7173714067458,5.208333333333333,0.3663808780605136,161.98924870566307
79,0.93953,1.0,1,1866.4681513634353,0.0,487.53329762800786,9.555652633508954,76.44522106807163,86.00087370158059,1080.2399177404168,0.0,0.0,211.9294681001927,1.0,0.0,0.0,32.493496169422805,0.0,114.08766598629975,8847.63018035549,9.555652633508954,9.85894800101479,50.0,11.802354286447036,2302.786376953125,11.802354286447036,83.79671543377395,83.79671543377395,0.0,0.0,5.208333333333333,0.3663808780605136,429.7173714067458,161.98924870566307,232.36981964450933,150.0,1.0,1.9434062854322462,0.0,1986.597715201681,487.53329762800786,475.49007896836804,4178.994778111465,45.70389748642083,0.0,445.0285799683013,83.79671543377395,94.41883429157629,41.666666666666664,12.043218659639834,191700744.8961891,95824833.33333333,10.0,1.0,7.853981633974483,20.0,2.5,98.17477042468104,8847.63018035549,9.555652633508954,9.85894800101479,50.0,11.802354286447036,2302.786376953125,429.7173714067458,5.208333333333333,0.3663808780605136,161.98924870566307
80,0.939801,1.0,1,1867.006519344255,0.0,487.53329762800786,9.555652633508954,76.44522106807163,86.00087370158059,1080.2399177404168,0.0,0.0,211.9294681001927,1.0,0.0,0.0,32.493496169422805,0.0,116.02135524030484,8847.63018035549,9.555652633508954,9.85894800101479,50.0,11.802354286447036,2302.786376953125,11.802354286447036,83.79671543377395,83.79671543377395,0.0,0.0,5.208333333333333,0.3663808780605136,429.7173714067458,161.98924870566307,232.36981964450933,150.0,1.0,1.9434062854322462,0.0,1986.597715201681,487.53329762800786,475.49007896836804,4178.994778111465,45.70389748642083,0.0,445.0285799683013,83.79671543377395,94.41883429157629,41.666666666666664,12.043218659639834,191700744.8961891,95824833.33333333,10.0,1.0,7.853981633974483,20.0,2.5,98.17477042468104,8847.63018035549,9.555652633508954,9.85894800101479,50.0,11.802354286447036,2302.786376953125,429.7173714067458,5.208333333333333,0.3663808780605136,161.98924870566307
81,0.942056,1.0,1,1871.4862971920347,0.0,487.53329762800786,9.555652633508954,76.44522106807163,86.00087370158059,1080.2399177404168,0.0,0.0,211.9294681001927,1.0,0.0,0.0,32.493496169422805,0.0,117.95504449430993,8847.63018035549,9.555652633508954,9.85894800101479,50.0,11.802354286447036,2302.786376953125,11.802354286447036,83.79671543377395,83.79671543377395,0.0,0.0,5.208333333333333,0.3663808780605136,429.7173714067458,161.98924870566307,232.36981964450933,150.0,1.0,1.9434062854322462,0.0,1986.597715201681,487.53329762800786,475.49007896836804,4178.994778111465,45.70389748642083,0.0,445.0285799683013,83.79671543377395,94.41883429157629,41.666666666666664,12.043218659639834,191700744.8961891,95824833.33333333,10.0,1.0,7.853981633974483,20.0,2.5,98.17477042468104,8847.63018035549,9.555652633508954,9.85894800101479,50.0,11.802354286447036,2302.786376953125,429.7173714067458,5.208333333333333,0.3663808780605136,161.98924870566307
82,0.940245,1.0,1,1867.8885687298045,0.0,487.53329762800786,9.555652633508954,76.44522106807163,86.00087370158059,1867.8885687298048,787.6486509893879,0.0,960.1956865401112,1.0,0.0,0.0,32.493496169422805,0.0,119.88873374831502,8847.63018035549,9.555652633508954,9.85894800101479,50.0,11.802354286447036,2302.786376953125,11.802354286447036,83.79671543377395,83.79671543377395,0.0,0.0,5.208333333333333,0.3663808780605136,429.7173714067458,161.98924870566307,232.36981964450933,150.0,1.0,1.9434062854322462,0.0,1986.597715201681,487.53329762800786,475.49007896836804,4178.994778111465,45.70389748642083,0.0,445.0285799683013,83.79671543377395,94.41883429157629,41.666666666666664,12.043218659639834,191700744.8961891,95824833.33333333,10.0,1.0,7.853981633974483,20.0,2.5,98.17477042468104,8847.63018035549,9.555652633508954,9.85894800101479,50.0,11.802354286447036,2302.786376953125,429.7173714067458,5.208333333333333,0.3663808780605136,161.98924870566307
83,0.939738,1.0,1,1866.8813636881973,0.0,487.53329762800786,9.555652633508954,76.44522106807163,86.00087370158059,1080.2399177404168,0.0,0.0,960.1956865401112,1.0,0.0,0.0,32.493496169422805,0.0,121.82242300232011,8847.63018035549,9.555652633508954,9.85894800101479,50.0,11.802354286447036,2302.786376953125,11.802354286447036,83.79671543377395,83.79671543377395,0.0,0.0,5.208333333333333,0.3663808780605136,429.7173714067458,161.98924870566307,232.36981964450933,150.0,1.0,1.9434062854322462,0.0,1986.597715201681,487.53329762800786,475.49007896836804,4178.994778111465,45.70389748642083,0.0,445.0285799683013,83.79671543377395,94.41883429157629,41.666666666666664,12.043218659639834,191700744.8961891,95824833.33333333,10.0,1.0,7.853981633974483,20.0,2.5,98.17477042468104,8847.63018035549,9.555652633508954,9.85894800101479,50.0,11.802354286447036,2302.786376953125,429.7173714067458,5.208333333333333,0.3663808780605136,161.98924870566307
84,0.960398,1.0,1,1907.924472484264,0.0,487.53329762800786,9.555652633508954,76.44522106807163,86.00087370158059,1080.2399177404168,0.0,0.0,960.1956865401112,1.0,0.0,0.0,32.493496169422805,0.0,123.7561122563252,8847.63018035549,9.555652633508954,9.85894800101479,50.0,11.802354286447036,2302.786376953125,11.802354286447036,83.79671543377395,83.79671543377395,0.0,0.0,5.208333333333333,0.3663808780605136,429.7173714067458,161.98924870566307,232.36981964450933,150.0,1.0,1.9434062854322462,0.0,1986.597715201681,487.53329762800786,475.49007896836804,4178.994778111465,45.70389748642083,0.0,445.0285799683013,83.79671543377395,94.41883429157629,41.666666666666664,12.043218659639834,191700744.8961891,95824833.33333333,10.0,1.0,7.853981633974483,20.0,2.5,98.17477042468104,8847.63018035549,9.555652633508954,9.85894800101479,50.0,11.802354286447036,2302.786376953125,429.7173714067458,5.208333333333333,0.3663808780605136,161.98924870566307
85,0.979013,1.0,1,1944.9049889527435,0.0,487.53329762800786,9.555652633508954,76.44522106807163,86.00087370158059,1080.2399177404168,0.0,0.0,960.1956865401112,1.0,0.0,0.0,32.493496169422805,0.0,125.68980151033026,8847.63018035549,9.555652633508954,9.85894800101479,50.0,11.802354286447036,2302.786376953125,11.802354286447036,83.79671543377395,83.79671543377395,0.0,0.0,5.208333333333333,0.3663808780605136,429.7173714067458,161.98924870566307,232.36981964450933,150.0,1.0,1.9434062854322462,0.0,1986.597715201681,487.53329762800786,475.49007896836804,4178.994778111465,45.70389748642083,0.0,445.0285799683013,83.79671543377395,94.41883429157629,41.666666666666664,12.043218659639834,191700744.8961891,95824833.33333333,10.0,1.0,7.853981633974483,20.0,2.5,98.17477042468104,8847.63018035549,9.555652633508954,9.85894800101479,50.0,11.802354286447036,2302.786376953125,429.7173714067458,5.208333333333333,0.3663808780605136,161.98924870566307
86,0.988997,1.0,1,1964.739180541317,0.0,487.53329762800786,9.555652633508954,76.44522106807163,86.00087370158059,1080.2399177404168,0.0,0.0,960.1956865401112,1.0,0.0,0.0,32.493496169422805,0.0,127.62349076433534,8847.63018035549,9.555652633508954,9.85894800101479,50.0,11.802354286447036,2302.786376953125,11.802354286447036,83.79671543377395,83.79671543377395,0.0,0.0,5.208333333333333,0.3663808780605136,429.7173714067458,161.98924870566307,232.36981964450933,150.0,1.0,1.9434062854322462,0.0,1986.597715201681,487.53329762800786,475.49007896836804,4178.994778111465,45.70389748642083,0.0,445.0285799683013,83.79671543377395,94.41883429157629,41.666666666666664,12.043218659639834,191700744.8961891,95824833.33333333,10.0,1.0,7.853981633974483,20.0,2.5,98.17477042468104,8847.63018035549,9.555652633508954,9.85894800101479,50.0,11.802354286447036,2302.786376953125,429.7173714067458,5.208333333333333,0.3663808780605136,161.98924870566307
87,0.983234,1.0,1,1953.2904179086097,0.0,487.53329762800786,9.555652633508954,76.44522106807163,86.00087370158059,1080.2399177404168,0.0,0.0,960.1956865401112,1.0,0.0,0.0,32.493496169422805,0.0,129.55718001834043,8847.63018035549,9.555652633508954,9.85894800101479,50.0,11.802354286447036,2302.786376953125,11.802354286447036,83.79671543377395,83.79671543377395,0.0,0.0,5.208333333333333,0.3663808780605136,429.7173714067458,161.98924870566307,232.36981964450933,150.0,1.0,1.9434062854322462,0.0,1986.597715201681,487.53329762800786,475.49007896836804,4178.994778111465,45.70389748642083,0.0,445.0285799683013,83.79671543377395,94.41883429157629,41.666666666666664,12.043218659639834,191700744.8961891,95824833.33333333,10.0,1.0,7.853981633974483,20.0,2.5,98.17477042468104,8847.63018035549,9.555652633508954,9.85894800101479,50.0,11.802354286447036,2302.786376953125,429.7173714067458,5.208333333333333,0.3663808780605136,161.98924870566307
88,0.974896,1.0,1,1936.726166159258,0.0,487.53329762800786,9.555652633508954,76.44522106807163,86.00087370158059,1080.2399177404168,0.0,0.0,960.1956865401112,1.0,0.0,0.0,32.493496169422805,0.0,131.49086927234552,8847.63018035549,9.555652633508954,9.85894800101479,50.0,11.802354286447036,2302.786376953125,11.802354286447036,83.79671543377395,83.79671543377395,0.0,0.0,5.208333333333333,0.3663808780605136,429.7173714067458,161.98924870566307,232.36981964450933,150.0,1.0,1.9434062854322462,0.0,1986.597715201681,487.53329762800786,475.49007896836804,4178.994778111465,45.70389748642083,0.0,445.0285799683013,83.79671543377395,94.41883429157629,41.666666666666664,12.043218659639834,191700744.8961891,95824833.33333333,10.0,1.0,7.853981633974483,20.0,2.5,98.17477042468104,8847.63018035549,9.555652633508954,9.85894800101479,50.0,11.802354286447036,2302.786376953125,429.7173714067458,5.208333333333333,0.3663808780605136,161.98924870566307
89,0.971291,1.0,1,1929.564481395956,0.0,487.53329762800786,9.555652633508954,76.44522106807163,86.00087370158059,1929.5644813959561,849.3245636555392,0.0,1767.0540220128735,1.0,0.0,0.0,32.493496169422805,0.0,133.4245585263506,8847.63018035549,9.555652633508954,9.85894800101479,50.0,11.802354286447036,2302.786376953125,11.802354286447036,83.79671543377395,83.79671543377395,0.0,0.0,5.208333333333333,0.3663808780605136,429.7173714067458,161.98924870566307,232.36981964450933,150.0,1.0,1.9434062854322462,0.0,1986.597715201681,487.53329762800786,475.49007896836804,4178.994778111465,45.70389748642083,0.0,445.0285799683013,83.79671543377395,94.41883429157629,41.666666666666664,12.043218659639834,191700744.8961891,95824833.33333333,10.0,1.0,7.853981633974483,20.0,2.5,98.17477042468104,8847.63018035549,9.555652633508954,9.85894800101479,50.0,11.802354286447036,2302.786376953125,429.7173714067458,5.208333333333333,0.3663808780605136,161.98924870566307
90,0.969465,1.0,1,1925.9369539679976,0.0,487.53329762800786,9.555652633508954,76.44522106807163,86.00087370158059,1925.9369539679979,845.697036227581,0.0,2570.466206429075,-0.0,0.0,0.0,32.493496169422805,0.0,135.35824778035564,8847.63018035549,9.555652633508954,9.85894800101479,50.0,11.802354286447036,2302.786376953125,11.802354286447036,83.79671543377395,83.79671543377395,0.0,0.0,5.208333333333333,0.3663808780605136,429.7173714067458,161.98924870566307,232.36981964450933,150.0,1.0,1.9434062854322462,0.0,1986.597715201681,487.53329762800786,475.49007896836804,4178.994778111465,45.70389748642083,0.0,445.0285799683013,83.79671543377395,94.41883429157629,41.666666666666664,12.043218659639834,191700744.8961891,95824833.33333333,10.0,1.0,7.853981633974483,20.0,2.5,98.17477042468104,8847.63018035549,9.555652633508954,9.85894800101479,50.0,11.802354286447036,2302.786376953125,429.7173714067458,5.208333333333333,0.3663808780605136,161.98924870566307
91,0.96611,1.0,1,1919.2719186334962,0.0,487.53329762800786,9.555652633508954,76.44522106807163,86.00087370158059,1919.2719186334962,839.0320008930795,0.0,3367.5466072775007,1.0,0.0,0.0,32.493496169422805,0.0,137.29193703436073,8847.63018035549,9.555652633508954,9.85894800101479,50.0,11.802354286447036,2302.786376953125,11.802354286447036,83.79671543377395,83.79671543377395,0.0,0.0,5.208333333333333,0.3663808780605136,429.7173714067458,161.98924870566307,232.36981964450933,150.0,1.0,1.9434062854322462,0.0,1986.597715201681,487.53329762800786,475.49007896836804,4178.994778111465,45.70389748642083,0.0,445.0285799683013,83.79671543377395,94.41883429157629,41.666666666666664,12.043218659639834,191700744.8961891,95824833.33333333,10.0,1.0,7.853981633974483,20.0,2.5,98.17477042468104,8847.63018035549,9.555652633508954,9.85894800101479,50.0,11.802354286447036,2302.786376953125,429.7173714067458,5.208333333333333,0.3663808780605136,161.98924870566307
92,0.9591,1.0,1,1905.345868649932,0.0,487.53329762800786,9.555652633508954,76.44522106807163,86.00087370158059,1080.2399177404168,0.0,0.0,3367.5466072775007,1.0,0.0,0.0,32.493496169422805,0.0,139.22562628836582,8847.63018035549,9.555652633508954,9.85894800101479,50.0,11.802354286447036,2302.786376953125,11.802354286447036,83.79671543377395,83.79671543377395,0.0,0.0,5.208333333333333,0.3663808780605136,429.7173714067458,161.98924870566307,232.36981964450933,150.0,1.0,1.9434062854322462,0.0,1986.597715201681,487.53329762800786,475.49007896836804,4178.994778111465,45.70389748642083,0.0,445.0285799683013,83.79671543377395,94.41883429157629,41.666666666666664,12.043218659639834,191700744.8961891,95824833.33333333,10.0,1.0,7.853981633974483,20.0,2.5,98.17477042468104,8847.63018035549,9.555652633508954,9.85894800101479,50.0,11.802354286447036,2302.786376953125,429.7173714067458,5.208333333333333,0.3663808780605136,161.98924870566307
93,0.968457,1.0,1,1923.9344634710744,0.0,487.53329762800786,9.555652633508954,76.44522106807163,86.00087370158059,1080.2399177404168,0.0,0.0,3367.5466072775007,1.0,0.0,0.0,32.493496169422805,0.0,141.1593155423709,8847.63018035549,9.555652633508954,9.85894800101479,50.0,11.802354286447036,2302.786376953125,11.802354286447036,83.79671543377395,83.79671543377395,0.0,0.0,5.208333333333333,0.3663808780605136,429.7173714067458,161.98924870566307,232.36981964450933,150.0,1.0,1.9434062854322462,0.0,1986.597715201681,487.53329762800786,475.49007896836804,4178.994778111465,45.70389748642083,0.0,445.0285799683013,83.79671543377395,94.41883429157629,41.666666666666664,12.043218659639834,191700744.8961891,95824833.33333333,10.0,1.0,7.853981633974483,20.0,2.5,98.17477042468104,8847.63018035549,9.555652633508954,9.85894800101479,50.0,11.802354286447036,2302.786376953125,429.7173714067458,5.208333333333333,0.3663808780605136,161.98924870566307
94,0.973723,1.0,1,1934.3958870393265,0.0,487.53329762800786,9.555652633508954,76.44522106807163,86.00087370158059,1934.3958870393267,854.1559692989098,0.0,4178.994778111465,-0.0,0.0,0.0,32.493496169422805,0.0,143.09300479637594,8847.63018035549,9.555652633508954,9.85894800101479,50.0,11.802354286447036,2302.786376953125,11.802354286447036,83.79671543377395,83.79671543377395,0.0,0.0,5.208333333333333,0.3663808780605136,429.7173714067458,161.98924870566307,232.36981964450933,150.0,1.0,1.9434062854322462,0.0,1986.597715201681,487.53329762800786,475.49007896836804,4178.994778111465,45.70389748642083,0.0,445.0285799683013,83.79671543377395,94.41883429157629,41.666666666666664,12.043218659639834,191700744.8961891,95824833.33333333,10.0,1.0,7.853981633974483,20.0,2.5,98.17477042468104,8847.63018035549,9.555652633508954,9.85894800101479,50.0,11.802354286447036,2302.786376953125,429.7173714067458,5.208333333333333,0.3663808780605136,161.98924870566307
95,0.983134,1.0,1,1953.0917581370893,0.0,487.53329762800786,9.555652633508954,76.44522106807163,86.00087370158059,1080.2399177404168,0.0,0.0,4178.994778111465,-0.0,0.0,0.0,32.493496169422805,0.0,145.02669405038102,8847.63018035549,9.555652633508954,9.85894800101479,50.0,11.802354286447036,2302.786376953125,11.802354286447036,83.79671543377395,83.79671543377395,0.0,0.0,5.208333333333333,0.3663808780605136,429.7173714067458,161.98924870566307,232.36981964450933,150.0,1.0,1.9434062854322462,0.0,1986.597715201681,487.53329762800786,475.49007896836804,4178.994778111465,45.70389748642083,0.0,445.0285799683013,83.79671543377395,94.41883429157629,41.666666666666664,12.043218659639834,191700744.8961891,95824833.33333333,10.0,1.0,7.853981633974483,20.0,2.5,98.17477042468104,8847.63018035549,9.555652633508954,9.85894800101479,50.0,11.802354286447036,2302.786376953125,429.7173714067458,5.208333333333333,0.3663808780605136,161.98924870566307
96,0.506436,1.0,1,1006.0846004958785,0.0,487.53329762800786,9.555652633508954,76.44522106807163,86.00087370158059,1080.2399177404168,0.0,74.15531724453825,4100.936549433004,1.0,0.0,0.0,32.493496169422805,0.0,146.9603833043861,8847.63018035549,9.555652633508954,9.85894800101479,50.0,11.802354286447036,2302.786376953125,11.802354286447036,83.79671543377395,83.79671543377395,0.0,0.0,5.208333333333333,0.3663808780605136,429.7173714067458,161.98924870566307,232.36981964450933,150.0,1.0,1.9434062854322462,0.0,1986.597715201681,487.53329762800786,475.49007896836804,4178.994778111465,45.70389748642083,0.0,445.0285799683013,83.79671543377395,94.41883429157629,41.666666666666664,12.043218659639834,191700744.8961891,95824833.33333333,10.0,1.0,7.853981633974483,20.0,2.5,98.17477042468104,8847.63018035549,9.555652633508954,9.85894800101479,50.0,11.802354286447036,2302.786376953125,429.7173714067458,5.208333333333333,0.3663808780605136,161.98924870566307
97,0.5150560000000001,1.0,1,1023.2090728009172,0.0,487.53329762800786,9.555652633508954,76.44522106807163,86.00087370158059,1080.2399177404168,0.0,57.03084493949956,4040.904081075636,1.0,0.0,0.0,32.493496169422805,0.0,148.8940725583912,8847.63018035549,9.555652633508954,9.85894800101479,50.0,11.802354286447036,2302.786376953125,11.802354286447036,83.79671543377395,83.79671543377395,0.0,0.0,5.208333333333333,0.3663808780605136,429.7173714067458,161.98924870566307,232.36981964450933,150.0,1.0,1.9434062854322462,0.0,1986.597715201681,487.53329762800786,475.49007896836804,4178.994778111465,45.70389748642083,0.0,445.0285799683013,83.79671543377395,94.41883429157629,41.666666666666664,12.043218659639834,191700744.8961891,95824833.33333333,10.0,1.0,7.853981633974483,20.0,2.5,98.17477042468104,8847.63018035549,9.555652633508954,9.85894800101479,50.0,11.802354286447036,2302.786376953125,429.7173714067458,5.208333333333333,0.3663808780605136,161.98924870566307
98,0.526399,1.0,1,1045.7430506844496,0.0,487.53329762800786,9.555652633508954,76.44522106807163,86.00087370158059,1080.2399177404168,0.0,34.49686705596713,4004.591589437776,1.0,0.0,0.0,32.493496169422805,0.0,150.8277618123963,8847.63018035549,9.555652633508954,9.85894800101479,50.0,11.802354286447036,2302.786376953125,11.802354286447036,83.79671543377395,83.79671543377395,0.0,0.0,5.208333333333333,0.3663808780605136,429.7173714067458,161.98924870566307,232.36981964450933,150.0,1.0,1.9434062854322462,0.0,1986.597715201681,487.53329762800786,475.49007896836804,4178.994778111465,45.70389748642083,0.0,445.0285799683013,83.79671543377395,94.41883429157629,41.666666666666664,12.043218659639834,191700744.8961891,95824833.33333333,10.0,1.0,7.853981633974483,20.0,2.5,98.17477042468104,8847.63018035549,9.555652633508954,9.85894800101479,50.0,11.802354286447036,2302.786376953125,429.7173714067458,5.208333333333333,0.3663808780605136,161.98924870566307
99,0.508755,1.0,1,1010.6915205974311,0.0,487.53329762800786,9.555652633508954,76.44522106807163,86.00087370158059,1080.2399177404168,0.0,69.5483971429856,3931.382750339896,1.0,0.0,0.0,32.493496169422805,0.0,152.76145106640138,8847.63018035549,9.555652633508954,9.85894800101479,50.0,11.802354286447036,2302.786376953125,11.802354286447036,83.79671543377395,83.79671543377395,0.0,0.0,5.208333333333333,0.3663808780605136,429.7173714067458,161.98924870566307,232.36981964450933,150.0,1.0,1.9434062854322462,0.0,1986.597715201681,487.53329762800786,475.49007896836804,4178.994778111465,45.70389748642083,0.0,445.0285799683013,83.79671543377395,94.41883429157629,41.666666666666664,12.043218659639834,191700744.8961891,95824833.33333333,10.0,1.0,7.853981633974483,20.0,2.5,98.17477042468104,8847.63018035549,9.555652633508954,9.85894800101479,50.0,11.802354286447036,2302.786376953125,429.7173714067458,5.208333333333333,0.3663808780605136,161.98924870566307
100,0.4719379999999999,1.0,1,937.5509525168508,0.0,487.53329762800786,9.555652633508954,76.44522106807163,86.00087370158059,1080.2399177404168,0.0,142.68896522356596,3781.183839578246,1.0,0.0,0.0,32.493496169422805,0.0,154.69514032040647,8847.63018035549,9.555652633508954,9.85894800101479,50.0,11.802354286447036,2302.786376953125,11.802354286447036,83.79671543377395,83.79671543377395,0.0,0.0,5.208333333333333,0.3663808780605136,429.7173714067458,161.98924870566307,232.36981964450933,150.0,1.0,1.9434062854322462,0.0,1986.597715201681,487.53329762800786,475.49007896836804,4178.994778111465,45.70389748642083,0.0,445.0285799683013,83.79671543377395,94.41883429157629,41.666666666666664,12.043218659639834,191700744.8961891,95824833.33333333,10.0,1.0,7.853981633974483,20.0,2.5,98.17477042468104,8847.63018035549,9.555652633508954,9.85894800101479,50.0,11.802354286447036,2302.786376953125,429.7173714067458,5.208333333333333,0.3663808780605136,161.98924870566307
101,0.432259,1.0,1,858.7247417753634,0.0,487.53329762800786,9.555652633508954,76.44522106807163,86.00087370158059,1080.2399177404168,0.0,221.5151759650533,3548.009970141348,1.0,0.0,0.0,32.4934961694228,0.0,156.62882957441155,8847.63018035549,9.555652633508954,9.85894800101479,50.0,11.802354286447036,2302.786376953125,11.802354286447036,83.79671543377395,83.79671543377395,0.0,0.0,5.208333333333333,0.3663808780605136,429.7173714067458,161.98924870566307,232.36981964450933,150.0,1.0,1.9434062854322462,0.0,1986.597715201681,487.53329762800786,475.49007896836804,4178.994778111465,45.70389748642083,0.0,445.0285799683013,83.79671543377395,94.41883429157629,41.666666666666664,12.043218659639834,191700744.8961891,95824833.33333333,10.0,1.0,7.853981633974483,20.0,2.5,98.17477042468104,8847.63018035549,9.555652633508954,9.85894800101479,50.0,11.802354286447036,2302.786376953125,429.7173714067458,5.208333333333333,0.3663808780605136,161.98924870566307
102,0.3873999999999999,1.0,1,769.607954869131,0.0,176.29130044223805,3.455309488667866,27.642475909342927,31.097785398010792,769.607954869131,0.0,0.0,3548.009970141348,-0.0,0.0,6.100343144841088,26.268656225707403,0.0,158.56251882841664,8847.63018035549,9.555652633508954,9.85894800101479,50.0,11.802354286447036,2302.786376953125,11.802354286447036,83.79671543377395,83.79671543377395,0.0,0.0,5.208333333333333,0.3663808780605136,429.7173714067458,161.98924870566307,232.36981964450933,150.0,1.0,1.9434062854322462,0.0,1986.597715201681,487.53329762800786,475.49007896836804,4178.994778111465,45.70389748642083,0.0,445.0285799683013,83.79671543377395,94.41883429157629,41.666666666666664,12.043218659639834,191700744.8961891,95824833.33333333,10.0,1.0,7.853981633974483,20.0,2.5,98.17477042468104,8847.63018035549,9.555652633508954,9.85894800101479,50.0,11.802354286447036,2302.786376953125,429.7173714067458,5.208333333333333,0.3663808780605136,161.98924870566307
103,0.324,1.0,1,643.6576597253446,0.0,487.53329762800786,9.555652633508954,76.44522106807163,86.00087370158059,1080.2399177404168,0.0,436.5822580150721,3088.4496985465353,-0.0,0.0,0.0,26.268656225707403,0.0,160.4962080824218,8847.63018035549,9.555652633508954,9.85894800101479,50.0,11.802354286447036,2302.786376953125,11.802354286447036,83.79671543377395,83.79671543377395,0.0,0.0,5.208333333333333,0.3663808780605136,429.7173714067458,161.98924870566307,232.36981964450933,150.0,1.0,1.9434062854322462,0.0,1986.597715201681,487.53329762800786,475.49007896836804,4178.994778111465,45.70389748642083,0.0,445.0285799683013,83.79671543377395,94.41883429157629,41.666666666666664,12.043218659639834,191700744.8961891,95824833.33333333,10.0,1.0,7.853981633974483,20.0,2.5,98.17477042468104,8847.63018035549,9.555652633508954,9.85894800101479,50.0,11.802354286447036,2302.786376953125,429.7173714067458,5.208333333333333,0.3663808780605136,161.98924870566307
104,0.218768,1.0,1,434.60400895924136,0.0,487.53329762800786,9.555652633508954,76.44522106807163,86.00087370158059,1080.2399177404168,0.0,645.6359087811754,2408.8329524610895,-0.0,0.0,0.0,26.268656225707403,0.0,162.42989733642688,8847.63018035549,9.555652633508954,9.85894800101479,50.0,11.802354286447036,2302.786376953125,11.802354286447036,83.79671543377395,83.79671543377395,0.0,0.0,5.208333333333333,0.3663808780605136,429.7173714067458,161.98924870566307,232.36981964450933,150.0,1.0,1.9434062854322462,0.0,1986.597715201681,487.53329762800786,475.49007896836804,4178.994778111465,45.70389748642083,0.0,445.0285799683013,83.79671543377395,94.41883429157629,41.666666666666664,12.043218659639834,191700744.8961891,95824833.33333333,10.0,1.0,7.853981633974483,20.0,2.5,98.17477042468104,8847.63018035549,9.555652633508954,9.85894800101479,50.0,11.802354286447036,2302.786376953125,429.7173714067458,5.208333333333333,0.3663808780605136,161.98924870566307
105,0.121616,1.0,1,241.60206773196765,0.0,487.53329762800786,9.555652633508954,76.44522106807163,86.00087370158059,1080.2399177404168,0.0,838.637850008449,1526.0562682416694,-0.0,0.0,0.0,26.268656225707403,0.0,164.36358659043196,8847.63018035549,9.555652633508954,9.85894800101479,50.0,11.802354286447036,2302.786376953125,11.802354286447036,83.79671543377395,83.79671543377395,0.0,0.0,5.208333333333333,0.3663808780605136,429.7173714067458,161.98924870566307,232.36981964450933,150.0,1.0,1.9434062854322462,0.0,1986.597715201681,487.53329762800786,475.49007896836804,4178.994778111465,45.70389748642083,0.0,445.0285799683013,83.79671543377395,94.41883429157629,41.666666666666664,12.043218659639834,191700744.8961891,95824833.33333333,10.0,1.0,7.853981633974483,20.0,2.5,98.17477042468104,8847.63018035549,9.555652633508954,9.85894800101479,50.0,11.802354286447036,2302.786376953125,429.7173714067458,5.208333333333333,0.3663808780605136,161.98924870566307
106,0.055934,-0.0,1,111.11835660209083,0.0,0.0,0.0,0.0,0.0,162.98924870566307,0.0,51.870892103572245,1471.4553291852776,-0.0,0.0,0.0,26.268656225707403,0.0,154.45509613715078,0.0,0.0,9.85894800101479,50.0,0.0,0.0,0.0,0.0,0.0,0.0,0.0,5.208333333333333,0.3663808780605136,0.0,161.98924870566307,9080.0,150.0,-0.0,0.0,9.85894800101479,1986.597715201681,487.53329762800786,475.49007896836804,4178.994778111465,45.70389748642083,0.0,445.0285799683013,83.79671543377395,94.41883429157629,41.666666666666664,12.043218659639834,191700744.8961891,95824833.33333333,10.0,1.0,7.853981633974483,20.0,2.5,98.17477042468104,8847.63018035549,9.555652633508954,9.85894800101479,50.0,11.802354286447036,2302.786376953125,429.7173714067458,5.208333333333333,0.3663808780605136,161.98924870566307
107,0.052838,-0.0,1,104.96785007582643,0.0,0.0,0.0,0.0,0.0,162.98924870566307,0.0,58.02139862983664,1410.380172732818,-0.0,0.0,0.0,26.268656225707403,0.0,144.5466056838696,0.0,0.0,9.85894800101479,50.0,0.0,0.0,0.0,0.0,0.0,0.0,0.0,5.208333333333333,0.3663808780605136,0.0,161.98924870566307,9080.0,150.0,-0.0,0.0,9.85894800101479,1986.597715201681,487.53329762800786,475.49007896836804,4178.994778111465,45.70389748642083,0.0,445.0285799683013,83.79671543377395,94.41883429157629,41.666666666666664,12.043218659639834,191700744.8961891,95824833.33333333,10.0,1.0,7.853981633974483,20.0,2.5,98.17477042468104,8847.63018035549,9.555652633508954,9.85894800101479,50.0,11.802354286447036,2302.786376953125,429.7173714067458,5.208333333333333,0.3663808780605136,161.98924870566307
108,0.11756,1.0,1,233.54442739910962,0.0,420.2476081273327,8.23685311929572,65.89482495436576,74.13167807366148,1013.0861081911629,0.0,779.5416807920533,589.8099824253935,-0.0,0.0,1.3187995142132338,24.92294243569389,0.0,146.48029493787465,8847.63018035549,9.555652633508954,9.85894800101479,50.0,11.802354286447036,2302.786376953125,11.802354286447036,83.79671543377395,83.79671543377395,0.0,0.0,5.208333333333333,0.3663808780605136,429.7173714067458,161.98924870566307,232.36981964450933,150.0,1.0,1.9434062854322462,0.0,1986.597715201681,487.53329762800786,475.49007896836804,4178.994778111465,45.70389748642083,0.0,445.0285799683013,83.79671543377395,94.41883429157629,41.666666666666664,12.043218659639834,191700744.8961891,95824833.33333333,10.0,1.0,7.853981633974483,20.0,2.5,98.17477042468104,8847.63018035549,9.555652633508954,9.85894800101479,50.0,11.802354286447036,2302.786376953125,429.7173714067458,5.208333333333333,0.3663808780605136,161.98924870566307
109,0.261714,1.0,1,519.9204344362928,0.0,487.53329762800786,9.555652633508954,76.44522106807163,86.00087370158059,1080.2399177404168,0.0,560.3194833041239,0.0,-0.0,0.0,0.0,24.92294243569389,0.0,148.41398419187973,8847.63018035549,9.555652633508954,9.85894800101479,50.0,11.802354286447036,2302.786376953125,11.802354286447036,83.79671543377395,83.79671543377395,0.0,0.0,5.208333333333333,0.3663808780605136,429.7173714067458,161.98924870566307,232.36981964450933,150.0,1.0,1.9434062854322462,0.0,1986.597715201681,487.53329762800786,475.49007896836804,4178.994778111465,45.70389748642083,0.0,445.0285799683013,83.79671543377395,94.41883429157629,41.666666666666664,12.043218659639834,191700744.8961891,95824833.33333333,10.0,1.0,7.853981633974483,20.0,2.5,98.17477042468104,8847.63018035549,9.555652633508954,9.85894800101479,50.0,11.802354286447036,2302.786376953125,429.7173714067458,5.208333333333333,0.3663808780605136,161.98924870566307
110,0.455983,1.0,1,905.8547859708082,0.0,312.8056997665909,6.130991715425182,49.04793372340146,55.17892543882664,905.8547859708083,0.0,0.0,0.0,-0.0,0.0,3.424660918083772,21.428390478465552,0.0,150.34767344588482,8847.63018035549,9.555652633508954,9.85894800101479,50.0,11.802354286447036,2302.786376953125,11.802354286447036,83.79671543377395,83.79671543377395,0.0,0.0,5.208333333333333,0.3663808780605136,429.7173714067458,161.98924870566307,232.36981964450933,150.0,1.0,1.9434062854322462,0.0,1986.597715201681,487.53329762800786,475.49007896836804,4178.994778111465,45.70389748642083,0.0,445.0285799683013,83.79671543377395,94.41883429157629,41.666666666666664,12.043218659639834,191700744.8961891,95824833.33333333,10.0,1.0,7.853981633974483,20.0,2.5,98.17477042468104,8847.63018035549,9.555652633508954,9.85894800101479,50.0,11.802354286447036,2302.786376953125,429.7173714067458,5.208333333333333,0.3663808780605136,161.98924870566307
111,0.6050399999999999,1.0,1,1201.971081605625,0.0,487.53329762800786,9.555652633508954,76.44522106807163,86.00087370158059,1080.2399177404168,0.0,0.0,0.0,1.0,0.0,0.0,21.428390478465552,0.0,152.2813626998899,8847.63018035549,9.555652633508954,9.85894800101479,50.0,11.802354286447036,2302.786376953125,11.802354286447036,83.79671543377395,83.79671543377395,0.0,0.0,5.208333333333333,0.3663808780605136,429.7173714067458,161.98924870566307,232.36981964450933,150.0,1.0,1.9434062854322462,0.0,1986.597715201681,487.53329762800786,475.49007896836804,4178.994778111465,45.70389748642083,0.0,445.0285799683013,83.79671543377395,94.41883429157629,41.666666666666664,12.043218659639834,191700744.8961891,95824833.33333333,10.0,1.0,7.853981633974483,20.0,2.5,98.17477042468104,8847.63018035549,9.555652633508954,9.85894800101479,50.0,11.802354286447036,2302.786376953125,429.7173714067458,5.208333333333333,0.3663808780605136,161.98924870566307
112,0.6698959999999999,1.0,1,1330.8138630227452,0.0,487.53329762800786,9.555652633508954,76.44522106807163,86.00087370158059,1080.2399177404168,0.0,0.0,0.0,1.0,0.0,0.0,21.428390478465552,0.0,154.21505195389497,8847.63018035549,9.555652633508954,9.85894800101479,50.0,11.802354286447036,2302.786376953125,11.802354286447036,83.79671543377395,83.79671543377395,0.0,0.0,5.208333333333333,0.3663808780605136,429.7173714067458,161.98924870566307,232.36981964450933,150.0,1.0,1.9434062854322462,0.0,1986.597715201681,487.53329762800786,475.49007896836804,4178.994778111465,45.70389748642083,0.0,445.0285799683013,83.79671543377395,94.41883429157629,41.666666666666664,12.043218659639834,191700744.8961891,95824833.33333333,10.0,1.0,7.853981633974483,20.0,2.5,98.17477042468104,8847.63018035549,9.555652633508954,9.85894800101479,50.0,11.802354286447036,2302.786376953125,429.7173714067458,5.208333333333333,0.3663808780605136,161.98924870566307
113,0.689994,1.0,1,1370.7405039028686,0.0,487.53329762800786,9.555652633508954,76.44522106807163,86.00087370158059,1164.0366331741907,0.0,0.0,0.0,-0.0,0.0,0.0,21.428390478465552,0.0,156.14874120790006,8847.63018035549,9.555652633508954,9.85894800101479,50.0,11.802354286447036,2302.786376953125,11.802354286447036,83.79671543377395,0.0,83.79671543377395,83.79671543377395,5.208333333333333,0.3663808780605136,429.7173714067458,161.98924870566307,232.36981964450933,150.0,1.0,1.9434062854322462,0.0,1986.597715201681,487.53329762800786,475.49007896836804,4178.994778111465,45.70389748642083,0.0,445.0285799683013,83.79671543377395,94.41883429157629,41.666666666666664,12.043218659639834,191700744.8961891,95824833.33333333,10.0,1.0,7.853981633974483,20.0,2.5,98.17477042468104,8847.63018035549,9.555652633508954,9.85894800101479,50.0,11.802354286447036,2302.786376953125,429.7173714067458,5.208333333333333,0.3663808780605136,161.98924870566307
114,0.70758,1.0,1,1405.6768113224055,0.0,487.53329762800786,9.555652633508954,76.44522106807163,86.00087370158059,1164.0366331741907,0.0,0.0,0.0,1.0,0.0,0.0,21.428390478465552,0.0,158.08243046190515,8847.63018035549,9.555652633508954,9.85894800101479,50.0,11.802354286447036,2302.786376953125,11.802354286447036,83.79671543377395,0.0,83.79671543377395,83.79671543377395,5.208333333333333,0.3663808780605136,429.7173714067458,161.98924870566307,232.36981964450933,150.0,1.0,1.9434062854322462,0.0,1986.597715201681,487.53329762800786,475.49007896836804,4178.994778111465,45.70389748642083,0.0,445.0285799683013,83.79671543377395,94.41883429157629,41.666666666666664,12.043218659639834,191700744.8961891,95824833.33333333,10.0,1.0,7.853981633974483,20.0,2.5,98.17477042468104,8847.63018035549,9.555652633508954,9.85894800101479,50.0,11.802354286447036,2302.786376953125,429.7173714067458,5.208333333333333,0.3663808780605136,161.98924870566307
115,0.7372609999999999,1.0,1,1464.6410181073065,0.0,487.53329762800786,9.555652633508954,76.44522106807163,86.00087370158059,1080.2399177404168,0.0,0.0,0.0,-0.0,0.0,0.0,21.428390478465552,0.0,160.01611971591024,8847.63018035549,9.555652633508954,9.85894800101479,50.0,11.802354286447036,2302.786376953125,11.802354286447036,83.79671543377395,83.79671543377395,0.0,0.0,5.208333333333333,0.3663808780605136,429.7173714067458,161.98924870566307,232.36981964450933,150.0,1.0,1.9434062854322462,0.0,1986.597715201681,487.53329762800786,475.49007896836804,4178.994778111465,45.70389748642083,0.0,445.0285799683013,83.79671543377395,94.41883429157629,41.666666666666664,12.043218659639834,191700744.8961891,95824833.33333333,10.0,1.0,7.853981633974483,20.0,2.5,98.17477042468104,8847.63018035549,9.555652633508954,9.85894800101479,50.0,11.802354286447036,2302.786376953125,429.7173714067458,5.208333333333333,0.3663808780605136,161.98924870566307
116,0.755937,1.0,1,1501.742717036413,0.0,487.53329762800786,9.555652633508954,76.44522106807163,86.00087370158059,1164.0366331741907,0.0,0.0,0.0,1.0,0.0,0.0,21.428390478465552,0.0,161.94980896991532,8847.63018035549,9.555652633508954,9.85894800101479,50.0,11.802354286447036,2302.786376953125,11.802354286447036,83.79671543377395,0.0,83.79671543377395,83.79671543377395,5.208333333333333,0.3663808780605136,429.7173714067458,161.98924870566307,232.36981964450933,150.0,1.0,1.9434062854322462,0.0,1986.597715201681,487.53329762800786,475.49007896836804,4178.994778111465,45.70389748642083,0.0,445.0285799683013,83.79671543377395,94.41883429157629,41.666666666666664,12.043218659639834,191700744.8961891,95824833.33333333,10.0,1.0,7.853981633974483,20.0,2.5,98.17477042468104,8847.63018035549,9.555652633508954,9.85894800101479,50.0,11.802354286447036,2302.786376953125,429.7173714067458,5.208333333333333,0.3663808780605136,161.98924870566307
117,0.749204,1.0,1,1488.36695461996,0.0,487.53329762800786,9.555652633508954,76.44522106807163,86.00087370158059,1488.36695461996,408.12703687954337,0.0,387.7206850355662,-0.0,0.0,0.0,21.428390478465552,0.0,163.8834982239204,8847.63018035549,9.555652633508954,9.85894800101479,50.0,11.802354286447036,2302.786376953125,11.802354286447036,83.79671543377395,83.79671543377395,0.0,0.0,5.208333333333333,0.3663808780605136,429.7173714067458,161.98924870566307,232.36981964450933,150.0,1.0,1.9434062854322462,0.0,1986.597715201681,487.53329762800786,475.49007896836804,4178.994778111465,45.70389748642083,0.0,445.0285799683013,83.79671543377395,94.41883429157629,41.666666666666664,12.043218659639834,191700744.8961891,95824833.33333333,10.0,1.0,7.853981633974483,20.0,2.5,98.17477042468104,8847.63018035549,9.555652633508954,9.85894800101479,50.0,11.802354286447036,2302.786376953125,429.7173714067458,5.208333333333333,0.3663808780605136,161.98924870566307
118,0.736367,1.0,1,1462.8649997499163,0.0,487.53329762800786,9.555652633508954,76.44522106807163,86.00087370158059,1080.2399177404168,0.0,0.0,387.7206850355662,-0.0,0.0,0.0,21.428390478465552,0.0,165.8171874779255,8847.63018035549,9.555652633508954,9.85894800101479,50.0,11.802354286447036,2302.786376953125,11.802354286447036,83.79671543377395,83.79671543377395,0.0,0.0,5.208333333333333,0.3663808780605136,429.7173714067458,161.98924870566307,232.36981964450933,150.0,1.0,1.9434062854322462,0.0,1986.597715201681,487.53329762800786,475.49007896836804,4178.994778111465,45.70389748642083,0.0,445.0285799683013,83.79671543377395,94.41883429157629,41.666666666666664,12.043218659639834,191700744.8961891,95824833.33333333,10.0,1.0,7.853981633974483,20.0,2.5,98.17477042468104,8847.63018035549,9.555652633508954,9.85894800101479,50.0,11.802354286447036,2302.786376953125,429.7173714067458,5.208333333333333,0.3663808780605136,161.98924870566307
119,0.73172,1.0,1,1453.633280167374,0.0,487.53329762800786,9.555652633508954,76.44522106807163,86.00087370158059,1080.2399177404168,0.0,0.0,387.7206850355662,-0.0,0.0,0.0,21.428390478465552,0.0,167.7508767319306,8847.63018035549,9.555652633508954,9.85894800101479,50.0,11.802354286447036,2302.786376953125,11.802354286447036,83.79671543377395,83.79671543377395,0.0,0.0,5.208333333333333,0.3663808780605136,429.7173714067458,161.98924870566307,232.36981964450933,150.0,1.0,1.9434062854322462,0.0,1986.597715201681,487.53329762800786,475.49007896836804,4178.994778111465,45.70389748642083,0.0,445.0285799683013,83.79671543377395,94.41883429157629,41.666666666666664,12.043218659639834,191700744.8961891,95824833.33333333,10.0,1.0,7.853981633974483,20.0,2.5,98.17477042468104,8847.63018035549,9.555652633508954,9.85894800101479,50.0,11.802354286447036,2302.786376953125,429.7173714067458,5.208333333333333,0.3663808780605136,161.98924870566307
120,0.97928,1.0,1,1945.4354105427024,0.0,487.53329762800786,9.555652633508954,76.44522106807163,86.00087370158059,1945.4354105427024,865.1954928022857,0.0,1209.6564031977375,1.0,0.0,0.0,21.428390478465552,0.0,169.68456598593568,8847.63018035549,9.555652633508954,9.85894800101479,50.0,11.802354286447036,2302.786376953125,11.802354286447036,83.79671543377395,83.79671543377395,0.0,0.0,5.208333333333333,0.3663808780605136,429.7173714067458,161.98924870566307,232.36981964450933,150.0,1.0,1.9434062854322462,0.0,1986.597715201681,487.53329762800786,475.49007896836804,4178.994778111465,45.70389748642083,0.0,445.0285799683013,83.79671543377395,94.41883429157629,41.666666666666664,12.043218659639834,191700744.8961891,95824833.33333333,10.0,1.0,7.853981633974483,20.0,2.5,98.17477042468104,8847.63018035549,9.555652633508954,9.85894800101479,50.0,11.802354286447036,2302.786376953125,429.7173714067458,5.208333333333333,0.3663808780605136,161.98924870566307
121,0.969782,1.0,1,1926.5667054437167,0.0,487.53329762800786,9.555652633508954,76.44522106807163,86.00087370158059,1080.2399177404168,0.0,0.0,1209.6564031977375,1.0,0.0,0.0,21.428390478465552,0.0,171.61825523994074,8847.63018035549,9.555652633508954,9.85894800101479,50.0,11.802354286447036,2302.786376953125,11.802354286447036,83.79671543377395,83.79671543377395,0.0,0.0,5.208333333333333,0.3663808780605136,429.7173714067458,161.98924870566307,232.36981964450933,150.0,1.0,1.9434062854322462,0.0,1986.597715201681,487.53329762800786,475.49007896836804,4178.994778111465,45.70389748642083,0.0,445.0285799683013,83.79671543377395,94.41883429157629,41.666666666666664,12.043218659639834,191700744.8961891,95824833.33333333,10.0,1.0,7.853981633974483,20.0,2.5,98.17477042468104,8847.63018035549,9.555652633508954,9.85894800101479,50.0,11.802354286447036,2302.786376953125,429.7173714067458,5.208333333333333,0.3663808780605136,161.98924870566307
122,0.983215,1.0,1,1953.2526725520206,0.0,487.53329762800786,9.555652633508954,76.44522106807163,86.00087370158059,1953.2526725520206,873.0127548116039,0.0,2039.0185202687612,1.0,0.0,0.0,21.428390478465552,0.0,173.55194449394583,8847.63018035549,9.555652633508954,9.85894800101479,50.0,11.802354286447036,2302.786376953125,11.802354286447036,83.79671543377395,83.79671543377395,0.0,0.0,5.208333333333333,0.3663808780605136,429.7173714067458,161.98924870566307,232.36981964450933,150.0,1.0,1.9434062854322462,0.0,1986.597715201681,487.53329762800786,475.49007896836804,4178.994778111465,45.70389748642083,0.0,445.0285799683013,83.79671543377395,94.41883429157629,41.666666666666664,12.043218659639834,191700744.8961891,95824833.33333333,10.0,1.0,7.853981633974483,20.0,2.5,98.17477042468104,8847.63018035549,9.555652633508954,9.85894800101479,50.0,11.802354286447036,2302.786376953125,429.7173714067458,5.208333333333333,0.3663808780605136,161.98924870566307
123,0.984622,1.0,1,1956.0478155373096,0.0,487.53329762800786,9.555652633508954,76.44522106807163,86.00087370158059,1956.0478155373098,875.8078977968929,0.0,2871.0360231758095,1.0,0.0,0.0,21.428390478465552,0.0,175.4856337479509,8847.63018035549,9.555652633508954,9.85894800101479,50.0,11.802354286447036,2302.786376953125,11.802354286447036,83.79671543377395,83.79671543377395,0.0,0.0,5.208333333333333,0.3663808780605136,429.7173714067458,161.98924870566307,232.36981964450933,150.0,1.0,1.9434062854322462,0.0,1986.597715201681,487.53329762800786,475.49007896836804,4178.994778111465,45.70389748642083,0.0,445.0285799683013,83.79671543377395,94.41883429157629,41.666666666666664,12.043218659639834,191700744.8961891,95824833.33333333,10.0,1.0,7.853981633974483,20.0,2.5,98.17477042468104,8847.63018035549,9.555652633508954,9.85894800101479,50.0,11.802354286447036,2302.786376953125,429.7173714067458,5.208333333333333,0.3663808780605136,161.98924870566307
124,0.974388,1.0,1,1935.7169745199355,0.0,487.53329762800786,9.555652633508954,76.44522106807163,86.00087370158059,1080.2399177404168,0.0,0.0,2871.0360231758095,1.0,0.0,0.0,21.428390478465552,0.0,177.419323001956,8847.63018035549,9.555652633508954,9.85894800101479,50.0,11.802354286447036,2302.786376953125,11.802354286447036,83.79671543377395,83.79671543377395,0.0,0.0,5.208333333333333,0.3663808780605136,429.7173714067458,161.98924870566307,232.36981964450933,150.0,1.0,1.9434062854322462,0.0,1986.597715201681,487.53329762800786,475.49007896836804,4178.994778111465,45.70389748642083,0.0,445.0285799683013,83.79671543377395,94.41883429157629,41.666666666666664,12.043218659639834,191700744.8961891,95824833.33333333,10.0,1.0,7.853981633974483,20.0,2.5,98.17477042468104,8847.63018035549,9.555652633508954,9.85894800101479,50.0,11.802354286447036,2302.786376953125,429.7173714067458,5.208333333333333,0.3663808780605136,161.98924870566307
125,0.951277,1.0,1,1889.8047147239097,0.0,487.53329762800786,9.555652633508954,76.44522106807163,86.00087370158059,1889.80471472391,809.564796983493,0.0,3640.122580310128,1.0,0.0,0.0,21.428390478465552,0.0,179.3530122559611,8847.63018035549,9.555652633508954,9.85894800101479,50.0,11.802354286447036,2302.786376953125,11.802354286447036,83.79671543377395,83.79671543377395,0.0,0.0,5.208333333333333,0.3663808780605136,429.7173714067458,161.98924870566307,232.36981964450933,150.0,1.0,1.9434062854322462,0.0,1986.597715201681,487.53329762800786,475.49007896836804,4178.994778111465,45.70389748642083,0.0,445.0285799683013,83.79671543377395,94.41883429157629,41.666666666666664,12.043218659639834,191700744.8961891,95824833.33333333,10.0,1.0,7.853981633974483,20.0,2.5,98.17477042468104,8847.63018035549,9.555652633508954,9.85894800101479,50.0,11.802354286447036,2302.786376953125,429.7173714067458,5.208333333333333,0.3663808780605136,161.98924870566307
126,0.9083,1.0,1,1804.4267047176868,0.0,487.53329762800786,9.555652633508954,76.44522106807163,86.00087370158059,1080.2399177404168,0.0,0.0,3640.122580310128,1.0,0.0,0.0,21.428390478465552,0.0,181.28670150996618,8847.63018035549,9.555652633508954,9.85894800101479,50.0,11.802354286447036,2302.786376953125,11.802354286447036,83.79671543377395,83.79671543377395,0.0,0.0,5.208333333333333,0.3663808780605136,429.7173714067458,161.98924870566307,232.36981964450933,150.0,1.0,1.9434062854322462,0.0,1986.597715201681,487.53329762800786,475.49007896836804,4178.994778111465,45.70389748642083,0.0,445.0285799683013,83.79671543377395,94.41883429157629,41.666666666666664,12.043218659639834,191700744.8961891,95824833.33333333,10.0,1.0,7.853981633974483,20.0,2.5,98.17477042468104,8847.63018035549,9.555652633508954,9.85894800101479,50.0,11.802354286447036,2302.786376953125,429.7173714067458,5.208333333333333,0.3663808780605136,161.98924870566307
127,0.840767,1.0,1,1670.2658012169718,0.0,487.53329762800786,9.555652633508954,76.44522106807163,86.00087370158059,1080.2399177404168,0.0,0.0,3640.122580310128,0.0,0.0,0.0,21.428390478465552,0.0,183.22039076397127,8847.63018035549,9.555652633508954,9.85894800101479,50.0,11.802354286447036,2302.786376953125,11.802354286447036,83.79671543377395,83.79671543377395,0.0,0.0,5.208333333333333,0.3663808780605136,429.7173714067458,161.98924870566307,232.36981964450933,150.0,1.0,1.9434062854322462,0.0,1986.597715201681,487.53329762800786,475.49007896836804,4178.994778111465,45.70389748642083,0.0,445.0285799683013,83.79671543377395,94.41883429157629,41.666666666666664,12.043218659639834,191700744.8961891,95824833.33333333,10.0,1.0,7.853981633974483,20.0,2.5,98.17477042468104,8847.63018035549,9.555652633508954,9.85894800101479,50.0,11.802354286447036,2302.786376953125,429.7173714067458,5.208333333333333,0.3663808780605136,161.98924870566307
128,0.7579940000000001,1.0,1,1505.829148536583,0.0,487.53329762800786,9.555652633508954,76.44522106807163,86.00087370158059,1080.2399177404168,0.0,0.0,3640.122580310128,0.0,0.0,0.0,21.428390478465552,0.0,185.15408001797636,8847.63018035549,9.555652633508954,9.85894800101479,50.0,11.802354286447036,2302.786376953125,11.802354286447036,83.79671543377395,83.79671543377395,0.0,0.0,5.208333333333333,0.3663808780605136,429.7173714067458,161.98924870566307,232.36981964450933,150.0,1.0,1.9434062854322462,0.0,1986.597715201681,487.53329762800786,475.49007896836804,4178.994778111465,45.70389748642083,0.0,445.0285799683013,83.79671543377395,94.41883429157629,41.666666666666664,12.043218659639834,191700744.8961891,95824833.33333333,10.0,1.0,7.853981633974483,20.0,2.5,98.17477042468104,8847.63018035549,9.555652633508954,9.85894800101479,50.0,11.802354286447036,2302.786376953125,429.7173714067458,5.208333333333333,0.3663808780605136,161.98924870566307
129,0.6512720000000001,1.0,1,1293.8154671748293,0.0,487.53329762800786,9.555652633508954,76.44522106807163,86.00087370158059,1080.2399177404168,0.0,0.0,3640.122580310128,-0.0,0.0,0.0,21.428390478465552,0.0,187.08776927198144,8847.63018035549,9.555652633508954,9.85894800101479,50.0,11.802354286447036,2302.786376953125,11.802354286447036,83.79671543377395,83.79671543377395,0.0,0.0,5.208333333333333,0.3663808780605136,429.7173714067458,161.98924870566307,232.36981964450933,150.0,1.0,1.9434062854322462,0.0,1986.597715201681,487.53329762800786,475.49007896836804,4178.994778111465,45.70389748642083,0.0,445.0285799683013,83.79671543377395,94.41883429157629,41.666666666666664,12.043218659639834,191700744.8961891,95824833.33333333,10.0,1.0,7.853981633974483,20.0,2.5,98.17477042468104,8847.63018035549,9.555652633508954,9.85894800101479,50.0,11.802354286447036,2302.786376953125,429.7173714067458,5.208333333333333,0.3663808780605136,161.98924870566307
130,0.502214,1.0,1,997.6971849422971,0.0,487.53329762800786,9.555652633508954,76.44522106807163,86.00087370158059,1080.2399177404168,0.0,82.54273279811963,3553.235493154213,1.0,0.0,0.0,21.428390478465552,0.0,189.02145852598653,8847.63018035549,9.555652633508954,9.85894800101479,50.0,11.802354286447036,2302.786376953125,11.802354286447036,83.79671543377395,83.79671543377395,0.0,0.0,5.208333333333333,0.3663808780605136,429.7173714067458,161.98924870566307,232.36981964450933,150.0,1.0,1.9434062854322462,0.0,1986.597715201681,487.53329762800786,475.49007896836804,4178.994778111465,45.70389748642083,0.0,445.0285799683013,83.79671543377395,94.41883429157629,41.666666666666664,12.043218659639834,191700744.8961891,95824833.33333333,10.0,1.0,7.853981633974483,20.0,2.5,98.17477042468104,8847.63018035549,9.555652633508954,9.85894800101479,50.0,11.802354286447036,2302.786376953125,429.7173714067458,5.208333333333333,0.3663808780605136,161.98924870566307
131,0.367577,1.0,1,730.2276283606883,0.0,487.53329762800786,9.555652633508954,76.44522106807163,86.00087370158059,1080.2399177404168,0.0,350.01228937972843,3184.8015043334462,-0.0,0.0,0.0,21.428390478465552,0.0,190.95514777999162,8847.63018035549,9.555652633508954,9.85894800101479,50.0,11.802354286447036,2302.786376953125,11.802354286447036,83.79671543377395,83.79671543377395,0.0,0.0,5.208333333333333,0.3663808780605136,429.7173714067458,161.98924870566307,232.36981964450933,150.0,1.0,1.9434062854322462,0.0,1986.597715201681,487.53329762800786,475.49007896836804,4178.994778111465,45.70389748642083,0.0,445.0285799683013,83.79671543377395,94.41883429157629,41.666666666666664,12.043218659639834,191700744.8961891,95824833.33333333,10.0,1.0,7.853981633974483,20.0,2.5,98.17477042468104,8847.63018035549,9.555652633508954,9.85894800101479,50.0,11.802354286447036,2302.786376953125,429.7173714067458,5.208333333333333,0.3663808780605136,161.98924870566307
132,0.259524,1.0,1,515.569785440001,0.0,487.53329762800786,9.555652633508954,76.44522106807163,86.00087370158059,1080.2399177404168,0.0,564.6701323004157,2590.41189138564,-0.0,0.0,0.0,21.428390478465552,0.0,192.88883703399668,8847.63018035549,9.555652633508954,9.85894800101479,50.0,11.802354286447036,2302.786376953125,11.802354286447036,83.79671543377395,83.79671543377395,0.0,0.0,5.208333333333333,0.3663808780605136,429.7173714067458,161.98924870566307,232.36981964450933,150.0,1.0,1.9434062854322462,0.0,1986.597715201681,487.53329762800786,475.49007896836804,4178.994778111465,45.70389748642083,0.0,445.0285799683013,83.79671543377395,94.41883429157629,41.666666666666664,12.043218659639834,191700744.8961891,95824833.33333333,10.0,1.0,7.853981633974483,20.0,2.5,98.17477042468104,8847.63018035549,9.555652633508954,9.85894800101479,50.0,11.802354286447036,2302.786376953125,429.7173714067458,5.208333333333333,0.3663808780605136,161.98924870566307
133,0.1711359999999999,-0.0,1,339.9783865887547,0.0,0.0,0.0,0.0,0.0,162.98924870566307,0.0,0.0,2590.41189138564,-0.0,0.0,0.0,21.428390478465552,0.0,182.9803465807155,0.0,0.0,9.85894800101479,50.0,0.0,0.0,0.0,0.0,0.0,0.0,0.0,5.208333333333333,0.3663808780605136,0.0,161.98924870566307,9080.0,150.0,-0.0,0.0,9.85894800101479,1986.597715201681,487.53329762800786,475.49007896836804,4178.994778111465,45.70389748642083,0.0,445.0285799683013,83.79671543377395,94.41883429157629,41.666666666666664,12.043218659639834,191700744.8961891,95824833.33333333,10.0,1.0,7.853981633974483,20.0,2.5,98.17477042468104,8847.63018035549,9.555652633508954,9.85894800101479,50.0,11.802354286447036,2302.786376953125,429.7173714067458,5.208333333333333,0.3663808780605136,161.98924870566307
134,0.119634,-0.0,1,237.66463106043793,0.0,0.0,0.0,0.0,0.0,162.98924870566307,0.0,0.0,2590.41189138564,-0.0,0.0,0.0,21.428390478465552,0.0,173.0718561274343,0.0,0.0,9.85894800101479,50.0,0.0,0.0,0.0,0.0,0.0,0.0,0.0,5.208333333333333,0.3663808780605136,0.0,161.98924870566307,9080.0,150.0,-0.0,0.0,9.85894800101479,1986.597715201681,487.53329762800786,475.49007896836804,4178.994778111465,45.70389748642083,0.0,445.0285799683013,83.79671543377395,94.41883429157629,41.666666666666664,12.043218659639834,191700744.8961891,95824833.33333333,10.0,1.0,7.853981633974483,20.0,2.5,98.17477042468104,8847.63018035549,9.555652633508954,9.85894800101479,50.0,11.802354286447036,2302.786376953125,429.7173714067458,5.208333333333333,0.3663808780605136,161.98924870566307
135,0.099837,-0.0,1,198.3359560925902,0.0,0.0,0.0,0.0,0.0,162.98924870566307,0.0,1874.999279169543,616.7284396282267,-0.0,0.0,0.0,21.428390478465552,0.0,163.1633656741531,0.0,0.0,9.85894800101479,50.0,0.0,0.0,0.0,0.0,0.0,0.0,0.0,5.208333333333333,0.3663808780605136,0.0,161.98924870566307,9080.0,150.0,-0.0,0.0,9.85894800101479,1986.597715201681,487.53329762800786,475.49007896836804,4178.994778111465,45.70389748642083,0.0,445.0285799683013,83.79671543377395,94.41883429157629,41.666666666666664,12.043218659639834,191700744.8961891,95824833.33333333,10.0,1.0,7.853981633974483,20.0,2.5,98.17477042468104,8847.63018035549,9.555652633508954,9.85894800101479,50.0,11.802354286447036,2302.786376953125,429.7173714067458,5.208333333333333,0.3663808780605136,161.98924870566307
136,0.081426,-0.0,1,161.76070555801206,0.0,0.0,0.0,0.0,0.0,162.98924870566307,0.0,1.2285431476510098,615.4352363149098,-0.0,0.0,0.0,21.428390478465552,0.0,153.2548752208719,0.0,0.0,9.85894800101479,50.0,0.0,0.0,0.0,0.0,0.0,0.0,0.0,5.208333333333333,0.3663808780605136,0.0,161.98924870566307,9080.0,150.0,-0.0,0.0,9.85894800101479,1986.597715201681,487.53329762800786,475.49007896836804,4178.994778111465,45.70389748642083,0.0,445.0285799683013,83.79671543377395,94.41883429157629,41.666666666666664,12.043218659639834,191700744.8961891,95824833.33333333,10.0,1.0,7.853981633974483,20.0,2.5,98.17477042468104,8847.63018035549,9.555652633508954,9.85894800101479,50.0,11.802354286447036,2302.786376953125,429.7173714067458,5.208333333333333,0.3663808780605136,161.98924870566307
137,0.056156,-0.0,1,111.55938129486559,0.0,0.0,0.0,0.0,0.0,162.98924870566307,0.0,51.429867410797485,561.2985337772283,-0.0,0.0,0.0,21.428390478465552,0.0,143.3463847675907,0.0,0.0,9.85894800101479,50.0,0.0,0.0,0.0,0.0,0.0,0.0,0.0,5.208333333333333,0.3663808780605136,0.0,161.98924870566307,9080.0,150.0,-0.0,0.0,9.85894800101479,1986.597715201681,487.53329762800786,475.49007896836804,4178.994778111465,45.70389748642083,0.0,445.0285799683013,83.79671543377395,94.41883429157629,41.666666666666664,12.043218659639834,191700744.8961891,95824833.33333333,10.0,1.0,7.853981633974483,20.0,2.5,98.17477042468104,8847.63018035549,9.555652633508954,9.85894800101479,50.0,11.802354286447036,2302.786376953125,429.7173714067458,5.208333333333333,0.3663808780605136,161.98924870566307
138,0.047165,-0.0,1,93.69788123748728,0.0,0.0,0.0,0.0,0.0,162.98924870566307,0.0,69.29136746817579,488.3602522317801,-0.0,0.0,0.0,21.428390478465552,0.0,133.43789431430952,0.0,0.0,9.85894800101479,50.0,0.0,0.0,0.0,0.0,0.0,0.0,0.0,5.208333333333333,0.3663808780605136,0.0,161.98924870566307,9080.0,150.0,-0.0,0.0,9.85894800101479,1986.597715201681,487.53329762800786,475.49007896836804,4178.994778111465,45.70389748642083,0.0,445.0285799683013,83.79671543377395,94.41883429157629,41.666666666666664,12.043218659639834,191700744.8961891,95824833.33333333,10.0,1.0,7.853981633974483,20.0,2.5,98.17477042468104,8847.63018035549,9.555652633508954,9.85894800101479,50.0,11.802354286447036,2302.786376953125,429.7173714067458,5.208333333333333,0.3663808780605136,161.98924870566307
139,0.03841,-0.0,1,76.30521824089656,0.0,0.0,0.0,0.0,0.0,162.98924870566307,0.0,86.68403046476651,397.11390437413115,-0.0,0.0,0.0,21.428390478465552,0.0,123.52940386102833,0.0,0.0,9.85894800101479,50.0,0.0,0.0,0.0,0.0,0.0,0.0,0.0,5.208333333333333,0.3663808780605136,0.0,161.98924870566307,9080.0,150.0,-0.0,0.0,9.85894800101479,1986.597715201681,487.53329762800786,475.49007896836804,4178.994778111465,45.70389748642083,0.0,445.0285799683013,83.79671543377395,94.41883429157629,41.666666666666664,12.043218659639834,191700744.8961891,95824833.33333333,10.0,1.0,7.853981633974483,20.0,2.5,98.17477042468104,8847.63018035549,9.555652633508954,9.85894800101479,50.0,11.802354286447036,2302.786376953125,429.7173714067458,5.208333333333333,0.3663808780605136,161.98924870566307
140,0.033184,-0.0,1,65.92325858125258,0.0,0.0,0.0,0.0,0.0,162.98924870566307,0.0,97.06599012441049,294.9391779273833,-0.0,0.0,0.0,21.428390478465552,0.0,113.62091340774711,0.0,0.0,9.85894800101479,50.0,0.0,0.0,0.0,0.0,0.0,0.0,0.0,5.208333333333333,0.3663808780605136,0.0,161.98924870566307,9080.0,150.0,-0.0,0.0,9.85894800101479,1986.597715201681,487.53329762800786,475.49007896836804,4178.994778111465,45.70389748642083,0.0,445.0285799683013,83.79671543377395,94.41883429157629,41.666666666666664,12.043218659639834,191700744.8961891,95824833.33333333,10.0,1.0,7.853981633974483,20.0,2.5,98.17477042468104,8847.63018035549,9.555652633508954,9.85894800101479,50.0,11.802354286447036,2302.786376953125,429.7173714067458,5.208333333333333,0.3663808780605136,161.98924870566307
141,0.027909,-0.0,1,55.44395563356372,0.0,0.0,0.0,0.0,0.0,162.98924870566307,0.0,107.54529307209935,181.73360627254186,-0.0,0.0,0.0,21.428390478465552,0.0,103.71242295446592,0.0,0.0,9.85894800101479,50.0,0.0,0.0,0.0,0.0,0.0,0.0,0.0,5.208333333333333,0.3663808780605136,0.0,161.98924870566307,9080.0,150.0,-0.0,0.0,9.85894800101479,1986.597715201681,487.53329762800786,475.49007896836804,4178.994778111465,45.70389748642083,0.0,445.0285799683013,83.79671543377395,94.41883429157629,41.666666666666664,12.043218659639834,191700744.8961891,95824833.33333333,10.0,1.0,7.853981633974483,20.0,2.5,98.17477042468104,8847.63018035549,9.555652633508954,9.85894800101479,50.0,11.802354286447036,2302.786376953125,429.7173714067458,5.208333333333333,0.3663808780605136,161.98924870566307
142,0.028477,-0.0,1,56.57234313579827,0.0,0.0,0.0,0.0,0.0,162.98924870566307,0.0,106.41690556986481,69.7158109358421,-0.0,0.0,0.0,21.428390478465552,0.0,93.80393250118473,0.0,0.0,9.85894800101479,50.0,0.0,0.0,0.0,0.0,0.0,0.0,0.0,5.208333333333333,0.3663808780605136,0.0,161.98924870566307,9080.0,150.0,-0.0,0.0,9.85894800101479,1986.597715201681,487.53329762800786,475.49007896836804,4178.994778111465,45.70389748642083,0.0,445.0285799683013,83.79671543377395,94.41883429157629,41.666666666666664,12.043218659639834,191700744.8961891,95824833.33333333,10.0,1.0,7.853981633974483,20.0,2.5,98.17477042468104,8847.63018035549,9.555652633508954,9.85894800101479,50.0,11.802354286447036,2302.786376953125,429.7173714067458,5.208333333333333,0.3663808780605136,161.98924870566307
143,0.048706,-0.0,1,96.75922831661308,0.0,0.0,0.0,0.0,0.0,162.98924870566307,0.0,66.23002038905,0.0,-0.0,0.0,0.0,21.428390478465552,0.0,83.89544204790354,0.0,0.0,9.85894800101479,50.0,0.0,0.0,0.0,0.0,0.0,0.0,0.0,5.208333333333333,0.3663808780605136,0.0,161.98924870566307,9080.0,150.0,-0.0,0.0,9.85894800101479,1986.597715201681,487.53329762800786,475.49007896836804,4178.994778111465,45.70389748642083,0.0,445.0285799683013,83.79671543377395,94.41883429157629,41.666666666666664,12.043218659639834,191700744.8961891,95824833.33333333,10.0,1.0,7.853981633974483,20.0,2.5,98.17477042468104,8847.63018035549,9.555652633508954,9.85894800101479,50.0,11.802354286447036,2302.786376953125,429.7173714067458,5.208333333333333,0.3663808780605136,161.98924870566307
144,0.8795890000000001,1.0,1,1747.3894977165314,0.0,487.53329762800786,9.555652633508954,76.44522106807163,86.00087370158059,1080.2399177404168,0.0,0.0,0.0,1.0,0.0,0.0,21.428390478465552,0.0,85.82913130190863,8847.63018035549,9.555652633508954,9.85894800101479,50.0,11.802354286447036,2302.786376953125,11.802354286447036,83.79671543377395,83.79671543377395,0.0,0.0,5.208333333333333,0.3663808780605136,429.7173714067458,161.98924870566307,232.36981964450933,150.0,1.0,1.9434062854322462,0.0,1986.597715201681,487.53329762800786,475.49007896836804,4178.994778111465,45.70389748642083,0.0,445.0285799683013,83.79671543377395,94.41883429157629,41.666666666666664,12.043218659639834,191700744.8961891,95824833.33333333,10.0,1.0,7.853981633974483,20.0,2.5,98.17477042468104,8847.63018035549,9.555652633508954,9.85894800101479,50.0,11.802354286447036,2302.786376953125,429.7173714067458,5.208333333333333,0.3663808780605136,161.98924870566307
145,0.8686929999999999,1.0,1,1725.7435290116937,0.0,487.53329762800786,9.555652633508954,76.44522106807163,86.00087370158059,1725.7435290116937,645.503611271277,0.0,613.2284307077131,0.0,0.0,0.0,21.428390478465552,0.0,87.76282055591372,8847.63018035549,9.555652633508954,9.85894800101479,50.0,11.802354286447036,2302.786376953125,11.802354286447036,83.79671543377395,83.79671543377395,0.0,0.0,5.208333333333333,0.3663808780605136,429.7173714067458,161.98924870566307,232.36981964450933,150.0,1.0,1.9434062854322462,0.0,1986.597715201681,487.53329762800786,475.49007896836804,4178.994778111465,45.70389748642083,0.0,445.0285799683013,83.79671543377395,94.41883429157629,41.666666666666664,12.043218659639834,191700744.8961891,95824833.33333333,10.0,1.0,7.853981633974483,20.0,2.5,98.17477042468104,8847.63018035549,9.555652633508954,9.85894800101479,50.0,11.802354286447036,2302.786376953125,429.7173714067458,5.208333333333333,0.3663808780605136,161.98924870566307
146,0.842828,1.0,1,1674.3601791080025,0.0,487.53329762800786,9.555652633508954,76.44522106807163,86.00087370158059,1164.0366331741907,0.0,582.5670091723274,0.0,1.0,0.0,0.0,21.428390478465552,0.0,89.69650980991881,8847.63018035549,9.555652633508954,9.85894800101479,50.0,11.802354286447036,2302.786376953125,11.802354286447036,83.79671543377395,0.0,83.79671543377395,83.79671543377395,5.208333333333333,0.3663808780605136,429.7173714067458,161.98924870566307,232.36981964450933,150.0,1.0,1.9434062854322462,0.0,1986.597715201681,487.53329762800786,475.49007896836804,4178.994778111465,45.70389748642083,0.0,445.0285799683013,83.79671543377395,94.41883429157629,41.666666666666664,12.043218659639834,191700744.8961891,95824833.33333333,10.0,1.0,7.853981633974483,20.0,2.5,98.17477042468104,8847.63018035549,9.555652633508954,9.85894800101479,50.0,11.802354286447036,2302.786376953125,429.7173714067458,5.208333333333333,0.3663808780605136,161.98924870566307
147,0.835546,1.0,1,1659.8937745459039,0.0,487.53329762800786,9.555652633508954,76.44522106807163,86.00087370158059,1164.0366331741907,0.0,0.0,0.0,1.0,0.0,0.0,21.428390478465552,0.0,91.6301990639239,8847.63018035549,9.555652633508954,9.85894800101479,50.0,11.802354286447036,2302.786376953125,11.802354286447036,83.79671543377395,0.0,83.79671543377395,83.79671543377395,5.208333333333333,0.3663808780605136,429.7173714067458,161.98924870566307,232.36981964450933,150.0,1.0,1.9434062854322462,0.0,1986.597715201681,487.53329762800786,475.49007896836804,4178.994778111465,45.70389748642083,0.0,445.0285799683013,83.79671543377395,94.41883429157629,41.666666666666664,12.043218659639834,191700744.8961891,95824833.33333333,10.0,1.0,7.853981633974483,20.0,2.5,98.17477042468104,8847.63018035549,9.555652633508954,9.85894800101479,50.0,11.802354286447036,2302.786376953125,429.7173714067458,5.208333333333333,0.3663808780605136,161.98924870566307
148,0.8474919999999999,1.0,1,1683.6256708517028,0.0,487.53329762800786,9.555652633508954,76.44522106807163,86.00087370158059,1683.625670851703,603.3857531112861,0.0,573.2164654557218,0.0,0.0,0.0,21.428390478465552,0.0,93.56388831792898,8847.63018035549,9.555652633508954,9.85894800101479,50.0,11.802354286447036,2302.786376953125,11.802354286447036,83.79671543377395,83.79671543377395,0.0,0.0,5.208333333333333,0.3663808780605136,429.7173714067458,161.98924870566307,232.36981964450933,150.0,1.0,1.9434062854322462,0.0,1986.597715201681,487.53329762800786,475.49007896836804,4178.994778111465,45.70389748642083,0.0,445.0285799683013,83.79671543377395,94.41883429157629,41.666666666666664,12.043218659639834,191700744.8961891,95824833.33333333,10.0,1.0,7.853981633974483,20.0,2.5,98.17477042468104,8847.63018035549,9.555652633508954,9.85894800101479,50.0,11.802354286447036,2302.786376953125,429.7173714067458,5.208333333333333,0.3663808780605136,161.98924870566307
149,0.86388,1.0,1,1716.1820342084281,0.0,487.53329762800786,9.555652633508954,76.44522106807163,86.00087370158059,1080.2399177404168,0.0,544.5556421829358,0.0,1.0,0.0,0.0,21.428390478465552,0.0,95.49757757193407,8847.63018035549,9.555652633508954,9.85894800101479,50.0,11.802354286447036,2302.786376953125,11.802354286447036,83.79671543377395,83.79671543377395,0.0,0.0,5.208333333333333,0.3663808780605136,429.7173714067458,161.98924870566307,232.36981964450933,150.0,1.0,1.9434062854322462,0.0,1986.597715201681,487.53329762800786,475.49007896836804,4178.994778111465,45.70389748642083,0.0,445.0285799683013,83.79671543377395,94.41883429157629,41.666666666666664,12.043218659639834,191700744.8961891,95824833.33333333,10.0,1.0,7.853981633974483,20.0,2.5,98.17477042468104,8847.63018035549,9.555652633508954,9.85894800101479,50.0,11.802354286447036,2302.786376953125,429.7173714067458,5.208333333333333,0.3663808780605136,161.98924870566307
150,0.872008,1.0,1,1732.3291004375874,0.0,487.53329762800786,9.555652633508954,76.44522106807163,86.00087370158059,1080.2399177404168,0.0,0.0,0.0,1.0,0.0,0.0,21.428390478465552,0.0,97.43126682593915,8847.63018035549,9.555652633508954,9.85894800101479,50.0,11.802354286447036,2302.786376953125,11.802354286447036,83.79671543377395,83.79671543377395,0.0,0.0,5.208333333333333,0.3663808780605136,429.7173714067458,161.98924870566307,232.36981964450933,150.0,1.0,1.9434062854322462,0.0,1986.597715201681,487.53329762800786,475.49007896836804,4178.994778111465,45.70389748642083,0.0,445.0285799683013,83.79671543377395,94.41883429157629,41.666666666666664,12.043218659639834,191700744.8961891,95824833.33333333,10.0,1.0,7.853981633974483,20.0,2.5,98.17477042468104,8847.63018035549,9.555652633508954,9.85894800101479,50.0,11.802354286447036,2302.786376953125,429.7173714067458,5.208333333333333,0.3663808780605136,161.98924870566307
151,0.880144,1.0,1,1748.4920594484684,0.0,487.53329762800786,9.555652633508954,76.44522106807163,86.00087370158059,1080.2399177404168,0.0,0.0,0.0,-0.0,0.0,0.0,21.428390478465552,0.0,99.36495607994424,8847.63018035549,9.555652633508954,9.85894800101479,50.0,11.802354286447036,2302.786376953125,11.802354286447036,83.79671543377395,83.79671543377395,0.0,0.0,5.208333333333333,0.3663808780605136,429.7173714067458,161.98924870566307,232.36981964450933,150.0,1.0,1.9434062854322462,0.0,1986.597715201681,487.53329762800786,475.49007896836804,4178.994778111465,45.70389748642083,0.0,445.0285799683013,83.79671543377395,94.41883429157629,41.666666666666664,12.043218659639834,191700744.8961891,95824833.33333333,10.0,1.0,7.853981633974483,20.0,2.5,98.17477042468104,8847.63018035549,9.555652633508954,9.85894800101479,50.0,11.802354286447036,2302.786376953125,429.7173714067458,5.208333333333333,0.3663808780605136,161.98924870566307
152,0.890577,1.0,1,1769.2182334111674,0.0,487.53329762800786,9.555652633508954,76.44522106807163,86.00087370158059,1080.2399177404168,0.0,0.0,0.0,1.0,0.0,0.0,21.428390478465552,0.0,101.29864533394931,8847.63018035549,9.555652633508954,9.85894800101479,50.0,11.802354286447036,2302.786376953125,11.802354286447036,83.79671543377395,83.79671543377395,0.0,0.0,5.208333333333333,0.3663808780605136,429.7173714067458,161.98924870566307,232.36981964450933,150.0,1.0,1.9434062854322462,0.0,1986.597715201681,487.53329762800786,475.49007896836804,4178.994778111465,45.70389748642083,0.0,445.0285799683013,83.79671543377395,94.41883429157629,41.666666666666664,12.043218659639834,191700744.8961891,95824833.33333333,10.0,1.0,7.853981633974483,20.0,2.5,98.17477042468104,8847.63018035549,9.555652633508954,9.85894800101479,50.0,11.802354286447036,2302.786376953125,429.7173714067458,5.208333333333333,0.3663808780605136,161.98924870566307
153,0.897083,1.0,1,1782.1430381462696,0.0,487.53329762800786,9.555652633508954,76.44522106807163,86.00087370158059,1080.2399177404168,0.0,0.0,0.0,1.0,0.0,0.0,21.428390478465552,0.0,103.2323345879544,8847.63018035549,9.555652633508954,9.85894800101479,50.0,11.802354286447036,2302.786376953125,11.802354286447036,83.79671543377395,83.79671543377395,0.0,0.0,5.208333333333333,0.3663808780605136,429.7173714067458,161.98924870566307,232.36981964450933,150.0,1.0,1.9434062854322462,0.0,1986.597715201681,487.53329762800786,475.49007896836804,4178.994778111465,45.70389748642083,0.0,445.0285799683013,83.79671543377395,94.41883429157629,41.666666666666664,12.043218659639834,191700744.8961891,95824833.33333333,10.0,1.0,7.853981633974483,20.0,2.5,98.17477042468104,8847.63018035549,9.555652633508954,9.85894800101479,50.0,11.802354286447036,2302.786376953125,429.7173714067458,5.208333333333333,0.3663808780605136,161.98924870566307
154,0.896766,1.0,1,1781.5132866705505,0.0,487.53329762800786,9.555652633508954,76.44522106807163,86.00087370158059,1080.2399177404168,0.0,0.0,0.0,1.0,0.0,0.0,21.428390478465552,0.0,105.16602384195946,8847.63018035549,9.555652633508954,9.85894800101479,50.0,11.802354286447036,2302.786376953125,11.802354286447036,83.79671543377395,83.79671543377395,0.0,0.0,5.208333333333333,0.3663808780605136,429.7173714067458,161.98924870566307,232.36981964450933,150.0,1.0,1.9434062854322462,0.0,1986.597715201681,487.53329762800786,475.49007896836804,4178.994778111465,45.70389748642083,0.0,445.0285799683013,83.79671543377395,94.41883429157629,41.666666666666664,12.043218659639834,191700744.8961891,95824833.33333333,10.0,1.0,7.853981633974483,20.0,2.5,98.17477042468104,8847.63018035549,9.555652633508954,9.85894800101479,50.0,11.802354286447036,2302.786376953125,429.7173714067458,5.208333333333333,0.3663808780605136,161.98924870566307
155,0.88621,1.0,1,1760.5427611888817,0.0,487.53329762800786,9.555652633508954,76.44522106807163,86.00087370158059,1080.2399177404168,0.0,0.0,0.0,1.0,0.0,0.0,21.428390478465552,0.0,107.09971309596455,8847.63018035549,9.555652633508954,9.85894800101479,50.0,11.802354286447036,2302.786376953125,11.802354286447036,83.79671543377395,83.79671543377395,0.0,0.0,5.208333333333333,0.3663808780605136,429.7173714067458,161.98924870566307,232.36981964450933,150.0,1.0,1.9434062854322462,0.0,1986.597715201681,487.53329762800786,475.49007896836804,4178.994778111465,45.70389748642083,0.0,445.0285799683013,83.79671543377395,94.41883429157629,41.666666666666664,12.043218659639834,191700744.8961891,95824833.33333333,10.0,1.0,7.853981633974483,20.0,2.5,98.17477042468104,8847.63018035549,9.555652633508954,9.85894800101479,50.0,11.802354286447036,2302.786376953125,429.7173714067458,5.208333333333333,0.3663808780605136,161.98924870566307
156,0.871316,1.0,1,1730.954374818668,0.0,487.53329762800786,9.555652633508954,76.44522106807163,86.00087370158059,1080.2399177404168,0.0,0.0,0.0,1.0,0.0,0.0,21.428390478465552,0.0,109.03340234996963,8847.63018035549,9.555652633508954,9.85894800101479,50.0,11.802354286447036,2302.786376953125,11.802354286447036,83.79671543377395,83.79671543377395,0.0,0.0,5.208333333333333,0.3663808780605136,429.7173714067458,161.98924870566307,232.36981964450933,150.0,1.0,1.9434062854322462,0.0,1986.597715201681,487.53329762800786,475.49007896836804,4178.994778111465,45.70389748642083,0.0,445.0285799683013,83.79671543377395,94.41883429157629,41.666666666666664,12.043218659639834,191700744.8961891,95824833.33333333,10.0,1.0,7.853981633974483,20.0,2.5,98.17477042468104,8847.63018035549,9.555652633508954,9.85894800101479,50.0,11.802354286447036,2302.786376953125,429.7173714067458,5.208333333333333,0.3663808780605136,161.98924870566307
157,0.8611449999999999,1.0,1,1710.7486894573515,0.0,487.53329762800786,9.555652633508954,76.44522106807163,86.00087370158059,1080.2399177404168,0.0,0.0,0.0,1.0,0.0,0.0,21.428390478465552,0.0,110.9670916039747,8847.63018035549,9.555652633508954,9.85894800101479,50.0,11.802354286447036,2302.786376953125,11.802354286447036,83.79671543377395,83.79671543377395,0.0,0.0,5.208333333333333,0.3663808780605136,429.7173714067458,161.98924870566307,232.36981964450933,150.0,1.0,1.9434062854322462,0.0,1986.597715201681,487.53329762800786,475.49007896836804,4178.994778111465,45.70389748642083,0.0,445.0285799683013,83.79671543377395,94.41883429157629,41.666666666666664,12.043218659639834,191700744.8961891,95824833.33333333,10.0,1.0,7.853981633974483,20.0,2.5,98.17477042468104,8847.63018035549,9.555652633508954,9.85894800101479,50.0,11.802354286447036,2302.786376953125,429.7173714067458,5.208333333333333,0.3663808780605136,161.98924870566307
158,0.8662380000000001,1.0,1,1720.866431620874,0.0,487.53329762800786,9.555652633508954,76.44522106807163,86.00087370158059,1080.2399177404168,0.0,0.0,0.0,1.0,0.0,0.0,21.428390478465552,0.0,112.90078085797978,8847.63018035549,9.555652633508954,9.85894800101479,50.0,11.802354286447036,2302.786376953125,11.802354286447036,83.79671543377395,83.79671543377395,0.0,0.0,5.208333333333333,0.3663808780605136,429.7173714067458,161.98924870566307,232.36981964450933,150.0,1.0,1.9434062854322462,0.0,1986.597715201681,487.53329762800786,475.49007896836804,4178.994778111465,45.70389748642083,0.0,445.0285799683013,83.79671543377395,94.41883429157629,41.666666666666664,12.043218659639834,191700744.8961891,95824833.33333333,10.0,1.0,7.853981633974483,20.0,2.5,98.17477042468104,8847.63018035549,9.555652633508954,9.85894800101479,50.0,11.802354286447036,2302.786376953125,429.7173714067458,5.208333333333333,0.3663808780605136,161.98924870566307
159,0.881635,1.0,1,1751.454076641834,0.0,487.53329762800786,9.555652633508954,76.44522106807163,86.00087370158059,1080.2399177404168,0.0,0.0,0.0,1.0,0.0,0.0,21.428390478465552,0.0,114.83447011198487,8847.63018035549,9.555652633508954,9.85894800101479,50.0,11.802354286447036,2302.786376953125,11.802354286447036,83.79671543377395,83.79671543377395,0.0,0.0,5.208333333333333,0.3663808780605136,429.7173714067458,161.98924870566307,232.36981964450933,150.0,1.0,1.9434062854322462,0.0,1986.597715201681,487.53329762800786,475.49007896836804,4178.994778111465,45.70389748642083,0.0,445.0285799683013,83.79671543377395,94.41883429157629,41.666666666666664,12.043218659639834,191700744.8961891,95824833.33333333,10.0,1.0,7.853981633974483,20.0,2.5,98.17477042468104,8847.63018035549,9.555652633508954,9.85894800101479,50.0,11.802354286447036,2302.786376953125,429.7173714067458,5.208333333333333,0.3663808780605136,161.98924870566307
160,0.8971399999999999,1.0,1,1782.256274216036,0.0,487.53329762800786,9.555652633508954,76.44522106807163,86.00087370158059,1080.2399177404168,0.0,0.0,0.0,1.0,0.0,0.0,21.428390478465552,0.0,116.76815936598996,8847.63018035549,9.555652633508954,9.85894800101479,50.0,11.802354286447036,2302.786376953125,11.802354286447036,83.79671543377395,83.79671543377395,0.0,0.0,5.208333333333333,0.3663808780605136,429.7173714067458,161.98924870566307,232.36981964450933,150.0,1.0,1.9434062854322462,0.0,1986.597715201681,487.53329762800786,475.49007896836804,4178.994778111465,45.70389748642083,0.0,445.0285799683013,83.79671543377395,94.41883429157629,41.666666666666664,12.043218659639834,191700744.8961891,95824833.33333333,10.0,1.0,7.853981633974483,20.0,2.5,98.17477042468104,8847.63018035549,9.555652633508954,9.85894800101479,50.0,11.802354286447036,2302.786376953125,429.7173714067458,5.208333333333333,0.3663808780605136,161.98924870566307
161,0.914249,1.0,1,1816.2449745254216,0.0,487.53329762800786,9.555652633508954,76.44522106807163,86.00087370158059,1816.2449745254216,736.005056785005,0.0,699.2048039457546,1.0,0.0,0.0,21.428390478465552,0.0,118.70184861999505,8847.63018035549,9.555652633508954,9.85894800101479,50.0,11.802354286447036,2302.786376953125,11.802354286447036,83.79671543377395,83.79671543377395,0.0,0.0,5.208333333333333,0.3663808780605136,429.7173714067458,161.98924870566307,232.36981964450933,150.0,1.0,1.9434062854322462,0.0,1986.597715201681,487.53329762800786,475.49007896836804,4178.994778111465,45.70389748642083,0.0,445.0285799683013,83.79671543377395,94.41883429157629,41.666666666666664,12.043218659639834,191700744.8961891,95824833.33333333,10.0,1.0,7.853981633974483,20.0,2.5,98.17477042468104,8847.63018035549,9.555652633508954,9.85894800101479,50.0,11.802354286447036,2302.786376953125,429.7173714067458,5.208333333333333,0.3663808780605136,161.98924870566307
162,0.920246,1.0,1,1828.1586010234862,0.0,487.53329762800786,9.555652633508954,76.44522106807163,86.00087370158059,1080.2399177404168,0.0,0.0,699.2048039457546,-0.0,0.0,0.0,21.428390478465552,0.0,120.63553787400014,8847.63018035549,9.555652633508954,9.85894800101479,50.0,11.802354286447036,2302.786376953125,11.802354286447036,83.79671543377395,83.79671543377395,0.0,0.0,5.208333333333333,0.3663808780605136,429.7173714067458,161.98924870566307,232.36981964450933,150.0,1.0,1.9434062854322462,0.0,1986.597715201681,487.53329762800786,475.49007896836804,4178.994778111465,45.70389748642083,0.0,445.0285799683013,83.79671543377395,94.41883429157629,41.666666666666664,12.043218659639834,191700744.8961891,95824833.33333333,10.0,1.0,7.853981633974483,20.0,2.5,98.17477042468104,8847.63018035549,9.555652633508954,9.85894800101479,50.0,11.802354286447036,2302.786376953125,429.7173714067458,5.208333333333333,0.3663808780605136,161.98924870566307
163,0.907744,1.0,1,1803.3221563880347,0.0,487.53329762800786,9.555652633508954,76.44522106807163,86.00087370158059,1080.2399177404168,0.0,0.0,699.2048039457547,1.0,0.0,0.0,21.428390478465552,0.0,122.56922712800522,8847.63018035549,9.555652633508954,9.85894800101479,50.0,11.802354286447036,2302.786376953125,11.802354286447036,83.79671543377395,83.79671543377395,0.0,0.0,5.208333333333333,0.3663808780605136,429.7173714067458,161.98924870566307,232.36981964450933,150.0,1.0,1.9434062854322462,0.0,1986.597715201681,487.53329762800786,475.49007896836804,4178.994778111465,45.70389748642083,0.0,445.0285799683013,83.79671543377395,94.41883429157629,41.666666666666664,12.043218659639834,191700744.8961891,95824833.33333333,10.0,1.0,7.853981633974483,20.0,2.5,98.17477042468104,8847.63018035549,9.555652633508954,9.85894800101479,50.0,11.802354286447036,2302.786376953125,429.7173714067458,5.208333333333333,0.3663808780605136,161.98924870566307
164,0.909564,1.0,1,1806.9377642297018,0.0,487.53329762800786,9.555652633508954,76.44522106807163,86.00087370158059,1806.9377642297018,726.6978464892851,0.0,1389.5677581105756,1.0,0.0,0.0,21.428390478465552,0.0,124.50291638201023,8847.63018035549,9.555652633508954,9.85894800101479,50.0,11.802354286447036,2302.786376953125,11.802354286447036,83.79671543377395,83.79671543377395,0.0,0.0,5.208333333333333,0.3663808780605136,429.7173714067458,161.98924870566307,232.36981964450933,150.0,1.0,1.9434062854322462,0.0,1986.597715201681,487.53329762800786,475.49007896836804,4178.994778111465,45.70389748642083,0.0,445.0285799683013,83.79671543377395,94.41883429157629,41.666666666666664,12.043218659639834,191700744.8961891,95824833.33333333,10.0,1.0,7.853981633974483,20.0,2.5,98.17477042468104,8847.63018035549,9.555652633508954,9.85894800101479,50.0,11.802354286447036,2302.786376953125,429.7173714067458,5.208333333333333,0.3663808780605136,161.98924870566307
165,0.921044,1.0,1,1829.743906000217,0.0,487.53329762800786,9.555652633508954,76.44522106807163,86.00087370158059,1080.2399177404168,0.0,0.0,1389.5677581105756,-0.0,0.0,0.0,21.428390478465552,0.0,126.43660563601532,8847.63018035549,9.555652633508954,9.85894800101479,50.0,11.802354286447036,2302.786376953125,11.802354286447036,83.79671543377395,83.79671543377395,0.0,0.0,5.208333333333333,0.3663808780605136,429.7173714067458,161.98924870566307,232.36981964450933,150.0,1.0,1.9434062854322462,0.0,1986.597715201681,487.53329762800786,475.49007896836804,4178.994778111465,45.70389748642083,0.0,445.0285799683013,83.79671543377395,94.41883429157629,41.666666666666664,12.043218659639834,191700744.8961891,95824833.33333333,10.0,1.0,7.853981633974483,20.0,2.5,98.17477042468104,8847.63018035549,9.555652633508954,9.85894800101479,50.0,11.802354286447036,2302.786376953125,429.7173714067458,5.208333333333333,0.3663808780605136,161.98924870566307
166,0.935077,1.0,1,1857.6218317376424,0.0,487.53329762800786,9.555652633508954,76.44522106807163,86.00087370158059,1080.2399177404168,0.0,0.0,1389.5677581105756,1.0,0.0,0.0,21.428390478465552,0.0,128.3702948900204,8847.63018035549,9.555652633508954,9.85894800101479,50.0,11.802354286447036,2302.786376953125,11.802354286447036,83.79671543377395,83.79671543377395,0.0,0.0,5.208333333333333,0.3663808780605136,429.7173714067458,161.98924870566307,232.36981964450933,150.0,1.0,1.9434062854322462,0.0,1986.597715201681,487.53329762800786,475.49007896836804,4178.994778111465,45.70389748642083,0.0,445.0285799683013,83.79671543377395,94.41883429157629,41.666666666666664,12.043218659639834,191700744.8961891,95824833.33333333,10.0,1.0,7.853981633974483,20.0,2.5,98.17477042468104,8847.63018035549,9.555652633508954,9.85894800101479,50.0,11.802354286447036,2302.786376953125,429.7173714067458,5.208333333333333,0.3663808780605136,161.98924870566307
167,0.932559,1.0,1,1852.6195786907645,0.0,487.53329762800786,9.555652633508954,76.44522106807163,86.00087370158059,1080.2399177404168,0.0,0.0,1389.5677581105756,1.0,0.0,0.0,21.428390478465552,0.0,130.30398414402546,8847.63018035549,9.555652633508954,9.85894800101479,50.0,11.802354286447036,2302.786376953125,11.802354286447036,83.79671543377395,83.79671543377395,0.0,0.0,5.208333333333333,0.3663808780605136,429.7173714067458,161.98924870566307,232.36981964450933,150.0,1.0,1.9434062854322462,0.0,1986.597715201681,487.53329762800786,475.49007896836804,4178.994778111465,45.70389748642083,0.0,445.0285799683013,83.79671543377395,94.41883429157629,41.666666666666664,12.043218659639834,191700744.8961891,95824833.33333333,10.0,1.0,7.853981633974483,20.0,2.5,98.17477042468104,8847.63018035549,9.555652633508954,9.85894800101479,50.0,11.802354286447036,2302.786376953125,429.7173714067458,5.208333333333333,0.3663808780605136,161.98924870566307
168,0.951723,1.0,1,1890.6907373048894,0.0,487.53329762800786,9.555652633508954,76.44522106807163,86.00087370158059,1080.2399177404168,0.0,0.0,1389.5677581105756,1.0,0.0,0.0,21.428390478465552,0.0,132.23767339803055,8847.63018035549,9.555652633508954,9.85894800101479,50.0,11.802354286447036,2302.786376953125,11.802354286447036,83.79671543377395,83.79671543377395,0.0,0.0,5.208333333333333,0.3663808780605136,429.7173714067458,161.98924870566307,232.36981964450933,150.0,1.0,1.9434062854322462,0.0,1986.597715201681,487.53329762800786,475.49007896836804,4178.994778111465,45.70389748642083,0.0,445.0285799683013,83.79671543377395,94.41883429157629,41.666666666666664,12.043218659639834,191700744.8961891,95824833.33333333,10.0,1.0,7.853981633974483,20.0,2.5,98.17477042468104,8847.63018035549,9.555652633508954,9.85894800101479,50.0,11.802354286447036,2302.786376953125,429.7173714067458,5.208333333333333,0.3663808780605136,161.98924870566307
169,0.954106,1.0,1,1895.424799660215,0.0,487.53329762800786,9.555652633508954,76.44522106807163,86.00087370158059,1080.2399177404168,0.0,0.0,1389.5677581105756,-0.0,0.0,0.0,21.428390478465552,0.0,134.17136265203553,8847.63018035549,9.555652633508954,9.85894800101479,50.0,11.802354286447036,2302.786376953125,11.802354286447036,83.79671543377395,83.79671543377395,0.0,0.0,5.208333333333333,0.3663808780605136,429.7173714067458,161.98924870566307,232.36981964450933,150.0,1.0,1.9434062854322462,0.0,1986.597715201681,487.53329762800786,475.49007896836804,4178.994778111465,45.70389748642083,0.0,445.0285799683013,83.79671543377395,94.41883429157629,41.666666666666664,12.043218659639834,191700744.8961891,95824833.33333333,10.0,1.0,7.853981633974483,20.0,2.5,98.17477042468104,8847.63018035549,9.555652633508954,9.85894800101479,50.0,11.802354286447036,2302.786376953125,429.7173714067458,5.208333333333333,0.3663808780605136,161.98924870566307
170,0.958999,1.0,1,1905.145222280697,0.0,487.53329762800786,9.555652633508954,76.44522106807163,86.00087370158059,1080.2399177404168,0.0,0.0,1389.5677581105756,1.0,0.0,0.0,21.428390478465552,0.0,136.10505190604061,8847.63018035549,9.555652633508954,9.85894800101479,50.0,11.802354286447036,2302.786376953125,11.802354286447036,83.79671543377395,83.79671543377395,0.0,0.0,5.208333333333333,0.3663808780605136,429.7173714067458,161.98924870566307,232.36981964450933,150.0,1.0,1.9434062854322462,0.0,1986.597715201681,487.53329762800786,475.49007896836804,4178.994778111465,45.70389748642083,0.0,445.0285799683013,83.79671543377395,94.41883429157629,41.666666666666664,12.043218659639834,191700744.8961891,95824833.33333333,10.0,1.0,7.853981633974483,20.0,2.5,98.17477042468104,8847.63018035549,9.555652633508954,9.85894800101479,50.0,11.802354286447036,2302.786376953125,429.7173714067458,5.208333333333333,0.3663808780605136,161.98924870566307
171,0.961229,1.0,1,1909.5753351855967,0.0,487.53329762800786,9.555652633508954,76.44522106807163,86.00087370158059,1909.575335185597,829.33541744518,0.0,2177.4364046834967,-0.0,0.0,0.0,21.428390478465552,0.0,138.0387411600457,8847.63018035549,9.555652633508954,9.85894800101479,50.0,11.802354286447036,2302.786376953125,11.802354286447036,83.79671543377395,83.79671543377395,0.0,0.0,5.208333333333333,0.3663808780605136,429.7173714067458,161.98924870566307,232.36981964450933,150.0,1.0,1.9434062854322462,0.0,1986.597715201681,487.53329762800786,475.49007896836804,4178.994778111465,45.70389748642083,0.0,445.0285799683013,83.79671543377395,94.41883429157629,41.666666666666664,12.043218659639834,191700744.8961891,95824833.33333333,10.0,1.0,7.853981633974483,20.0,2.5,98.17477042468104,8847.63018035549,9.555652633508954,9.85894800101479,50.0,11.802354286447036,2302.786376953125,429.7173714067458,5.208333333333333,0.3663808780605136,161.98924870566307
172,0.95939,1.0,1,1905.9219819873406,0.0,487.53329762800786,9.555652633508954,76.44522106807163,86.00087370158059,1080.2399177404168,0.0,0.0,2177.4364046834967,1.0,0.0,0.0,21.428390478465552,0.0,139.9724304140508,8847.63018035549,9.555652633508954,9.85894800101479,50.0,11.802354286447036,2302.786376953125,11.802354286447036,83.79671543377395,83.79671543377395,0.0,0.0,5.208333333333333,0.3663808780605136,429.7173714067458,161.98924870566307,232.36981964450933,150.0,1.0,1.9434062854322462,0.0,1986.597715201681,487.53329762800786,475.49007896836804,4178.994778111465,45.70389748642083,0.0,445.0285799683013,83.79671543377395,94.41883429157629,41.666666666666664,12.043218659639834,191700744.8961891,95824833.33333333,10.0,1.0,7.853981633974483,20.0,2.5,98.17477042468104,8847.63018035549,9.555652633508954,9.85894800101479,50.0,11.802354286447036,2302.786376953125,429.7173714067458,5.208333333333333,0.3663808780605136,161.98924870566307
173,0.955932,1.0,1,1899.0523270881733,0.0,487.53329762800786,9.555652633508954,76.44522106807163,86.00087370158059,1080.2399177404168,0.0,0.0,2177.4364046834967,-0.0,0.0,0.0,21.428390478465552,0.0,141.90611966805585,8847.63018035549,9.555652633508954,9.85894800101479,50.0,11.802354286447036,2302.786376953125,11.802354286447036,83.79671543377395,83.79671543377395,0.0,0.0,5.208333333333333,0.3663808780605136,429.7173714067458,161.98924870566307,232.36981964450933,150.0,1.0,1.9434062854322462,0.0,1986.597715201681,487.53329762800786,475.49007896836804,4178.994778111465,45.70389748642083,0.0,445.0285799683013,83.79671543377395,94.41883429157629,41.666666666666664,12.043218659639834,191700744.8961891,95824833.33333333,10.0,1.0,7.853981633974483,20.0,2.5,98.17477042468104,8847.63018035549,9.555652633508954,9.85894800101479,50.0,11.802354286447036,2302.786376953125,429.7173714067458,5.208333333333333,0.3663808780605136,161.98924870566307
174,0.946303,1.0,1,1879.9233776884964,0.0,487.53329762800786,9.555652633508954,76.44522106807163,86.00087370158059,1080.2399177404168,0.0,0.0,2177.4364046834967,-0.0,0.0,0.0,21.428390478465552,0.0,143.83980892206094,8847.63018035549,9.555652633508954,9.85894800101479,50.0,11.802354286447036,2302.786376953125,11.802354286447036,83.79671543377395,83.79671543377395,0.0,0.0,5.208333333333333,0.3663808780605136,429.7173714067458,161.98924870566307,232.36981964450933,150.0,1.0,1.9434062854322462,0.0,1986.597715201681,487.53329762800786,475.49007896836804,4178.994778111465,45.70389748642083,0.0,445.0285799683013,83.79671543377395,94.41883429157629,41.666666666666664,12.043218659639834,191700744.8961891,95824833.33333333,10.0,1.0,7.853981633974483,20.0,2.5,98.17477042468104,8847.63018035549,9.555652633508954,9.85894800101479,50.0,11.802354286447036,2302.786376953125,429.7173714067458,5.208333333333333,0.3663808780605136,161.98924870566307
175,0.953203,1.0,1,1893.630901923388,0.0,487.53329762800786,9.555652633508954,76.44522106807163,86.00087370158059,1080.2399177404168,0.0,0.0,2177.4364046834967,1.0,0.0,0.0,21.428390478465552,0.0,145.77349817606603,8847.63018035549,9.555652633508954,9.85894800101479,50.0,11.802354286447036,2302.786376953125,11.802354286447036,83.79671543377395,83.79671543377395,0.0,0.0,5.208333333333333,0.3663808780605136,429.7173714067458,161.98924870566307,232.36981964450933,150.0,1.0,1.9434062854322462,0.0,1986.597715201681,487.53329762800786,475.49007896836804,4178.994778111465,45.70389748642083,0.0,445.0285799683013,83.79671543377395,94.41883429157629,41.666666666666664,12.043218659639834,191700744.8961891,95824833.33333333,10.0,1.0,7.853981633974483,20.0,2.5,98.17477042468104,8847.63018035549,9.555652633508954,9.85894800101479,50.0,11.802354286447036,2302.786376953125,429.7173714067458,5.208333333333333,0.3663808780605136,161.98924870566307
176,0.959008,1.0,1,1905.1631016601336,0.0,487.53329762800786,9.555652633508954,76.44522106807163,86.00087370158059,1080.2399177404168,0.0,0.0,2177.4364046834967,1.0,0.0,0.0,21.428390478465552,0.0,147.70718743007112,8847.63018035549,9.555652633508954,9.85894800101479,50.0,11.802354286447036,2302.786376953125,11.802354286447036,83.79671543377395,83.79671543377395,0.0,0.0,5.208333333333333,0.3663808780605136,429.7173714067458,161.98924870566307,232.36981964450933,150.0,1.0,1.9434062854322462,0.0,1986.597715201681,487.53329762800786,475.49007896836804,4178.994778111465,45.70389748642083,0.0,445.0285799683013,83.79671543377395,94.41883429157629,41.666666666666664,12.043218659639834,191700744.8961891,95824833.33333333,10.0,1.0,7.853981633974483,20.0,2.5,98.17477042468104,8847.63018035549,9.555652633508954,9.85894800101479,50.0,11.802354286447036,2302.786376953125,429.7173714067458,5.208333333333333,0.3663808780605136,161.98924870566307
177,0.96384,1.0,1,1914.7623418199883,0.0,487.53329762800786,9.555652633508954,76.44522106807163,86.00087370158059,1080.2399177404168,0.0,0.0,2177.4364046834967,-0.0,0.0,0.0,21.428390478465552,0.0,149.64087668407618,8847.63018035549,9.555652633508954,9.85894800101479,50.0,11.802354286447036,2302.786376953125,11.802354286447036,83.79671543377395,83.79671543377395,0.0,0.0,5.208333333333333,0.3663808780605136,429.7173714067458,161.98924870566307,232.36981964450933,150.0,1.0,1.9434062854322462,0.0,1986.597715201681,487.53329762800786,475.49007896836804,4178.994778111465,45.70389748642083,0.0,445.0285799683013,83.79671543377395,94.41883429157629,41.666666666666664,12.043218659639834,191700744.8961891,95824833.33333333,10.0,1.0,7.853981633974483,20.0,2.5,98.17477042468104,8847.63018035549,9.555652633508954,9.85894800101479,50.0,11.802354286447036,2302.786376953125,429.7173714067458,5.208333333333333,0.3663808780605136,161.98924870566307
178,0.961535,1.0,1,1910.1832340864485,0.0,487.53329762800786,9.555652633508954,76.44522106807163,86.00087370158059,1080.2399177404168,0.0,0.0,2177.4364046834967,-0.0,0.0,0.0,21.428390478465552,0.0,151.57456593808126,8847.63018035549,9.555652633508954,9.85894800101479,50.0,11.802354286447036,2302.786376953125,11.802354286447036,83.79671543377395,83.79671543377395,0.0,0.0,5.208333333333333,0.3663808780605136,429.7173714067458,161.98924870566307,232.36981964450933,150.0,1.0,1.9434062854322462,0.0,1986.597715201681,487.53329762800786,475.49007896836804,4178.994778111465,45.70389748642083,0.0,445.0285799683013,83.79671543377395,94.41883429157629,41.666666666666664,12.043218659639834,191700744.8961891,95824833.33333333,10.0,1.0,7.853981633974483,20.0,2.5,98.17477042468104,8847.63018035549,9.555652633508954,9.85894800101479,50.0,11.802354286447036,2302.786376953125,429.7173714067458,5.208333333333333,0.3663808780605136,161.98924870566307
179,0.951195,1.0,1,1889.641813711263,0.0,487.53329762800786,9.555652633508954,76.44522106807163,86.00087370158059,1889.6418137112632,809.4018959708463,0.0,2946.3682058558006,-0.0,0.0,0.0,21.428390478465552,0.0,153.50825519208635,8847.63018035549,9.555652633508954,9.85894800101479,50.0,11.802354286447036,2302.786376953125,11.802354286447036,83.79671543377395,83.79671543377395,0.0,0.0,5.208333333333333,0.3663808780605136,429.7173714067458,161.98924870566307,232.36981964450933,150.0,1.0,1.9434062854322462,0.0,1986.597715201681,487.53329762800786,475.49007896836804,4178.994778111465,45.70389748642083,0.0,445.0285799683013,83.79671543377395,94.41883429157629,41.666666666666664,12.043218659639834,191700744.8961891,95824833.33333333,10.0,1.0,7.853981633974483,20.0,2.5,98.17477042468104,8847.63018035549,9.555652633508954,9.85894800101479,50.0,11.802354286447036,2302.786376953125,429.7173714067458,5.208333333333333,0.3663808780605136,161.98924870566307
180,0.950148,1.0,1,1887.5618459034467,0.0,487.53329762800786,9.555652633508954,76.44522106807163,86.00087370158059,1080.2399177404168,0.0,0.0,2946.3682058558006,1.0,0.0,0.0,21.428390478465552,0.0,155.44194444609144,8847.63018035549,9.555652633508954,9.85894800101479,50.0,11.802354286447036,2302.786376953125,11.802354286447036,83.79671543377395,83.79671543377395,0.0,0.0,5.208333333333333,0.3663808780605136,429.7173714067458,161.98924870566307,232.36981964450933,150.0,1.0,1.9434062854322462,0.0,1986.597715201681,487.53329762800786,475.49007896836804,4178.994778111465,45.70389748642083,0.0,445.0285799683013,83.79671543377395,94.41883429157629,41.666666666666664,12.043218659639834,191700744.8961891,95824833.33333333,10.0,1.0,7.853981633974483,20.0,2.5,98.17477042468104,8847.63018035549,9.555652633508954,9.85894800101479,50.0,11.802354286447036,2302.786376953125,429.7173714067458,5.208333333333333,0.3663808780605136,161.98924870566307
181,0.943407,1.0,1,1874.1701907052723,0.0,487.53329762800786,9.555652633508954,76.44522106807163,86.00087370158059,1080.2399177404168,0.0,0.0,2946.3682058558006,-0.0,0.0,0.0,21.428390478465552,0.0,157.37563370009653,8847.63018035549,9.555652633508954,9.85894800101479,50.0,11.802354286447036,2302.786376953125,11.802354286447036,83.79671543377395,83.79671543377395,0.0,0.0,5.208333333333333,0.3663808780605136,429.7173714067458,161.98924870566307,232.36981964450933,150.0,1.0,1.9434062854322462,0.0,1986.597715201681,487.53329762800786,475.49007896836804,4178.994778111465,45.70389748642083,0.0,445.0285799683013,83.79671543377395,94.41883429157629,41.666666666666664,12.043218659639834,191700744.8961891,95824833.33333333,10.0,1.0,7.853981633974483,20.0,2.5,98.17477042468104,8847.63018035549,9.555652633508954,9.85894800101479,50.0,11.802354286447036,2302.786376953125,429.7173714067458,5.208333333333333,0.3663808780605136,161.98924870566307
182,0.921855,1.0,1,1831.3550367472455,0.0,487.53329762800786,9.555652633508954,76.44522106807163,86.00087370158059,1080.2399177404168,0.0,0.0,2946.3682058558006,1.0,0.0,0.0,21.428390478465552,0.0,159.30932295410162,8847.63018035549,9.555652633508954,9.85894800101479,50.0,11.802354286447036,2302.786376953125,11.802354286447036,83.79671543377395,83.79671543377395,0.0,0.0,5.208333333333333,0.3663808780605136,429.7173714067458,161.98924870566307,232.36981964450933,150.0,1.0,1.9434062854322462,0.0,1986.597715201681,487.53329762800786,475.49007896836804,4178.994778111465,45.70389748642083,0.0,445.0285799683013,83.79671543377395,94.41883429157629,41.666666666666664,12.043218659639834,191700744.8961891,95824833.33333333,10.0,1.0,7.853981633974483,20.0,2.5,98.17477042468104,8847.63018035549,9.555652633508954,9.85894800101479,50.0,11.802354286447036,2302.786376953125,429.7173714067458,5.208333333333333,0.3663808780605136,161.98924870566307
183,0.900853,1.0,1,1789.6325115325799,0.0,487.53329762800786,9.555652633508954,76.44522106807163,86.00087370158059,1080.2399177404168,0.0,0.0,2946.3682058558006,-0.0,0.0,0.0,21.428390478465552,0.0,161.24301220810648,8847.63018035549,9.555652633508954,9.85894800101479,50.0,11.802354286447036,2302.786376953125,11.802354286447036,83.79671543377395,83.79671543377395,0.0,0.0,5.208333333333333,0.3663808780605136,429.7173714067458,161.98924870566307,232.36981964450933,150.0,1.0,1.9434062854322462,0.0,1986.597715201681,487.53329762800786,475.49007896836804,4178.994778111465,45.70389748642083,0.0,445.0285799683013,83.79671543377395,94.41883429157629,41.666666666666664,12.043218659639834,191700744.8961891,95824833.33333333,10.0,1.0,7.853981633974483,20.0,2.5,98.17477042468104,8847.63018035549,9.555652633508954,9.85894800101479,50.0,11.802354286447036,2302.786376953125,429.7173714067458,5.208333333333333,0.3663808780605136,161.98924870566307
184,0.914034,1.0,1,1815.8178560166534,0.0,487.53329762800786,9.555652633508954,76.44522106807163,86.00087370158059,1080.2399177404168,0.0,0.0,2946.3682058558006,-0.0,0.0,0.0,21.428390478465552,0.0,163.17670146211157,8847.63018035549,9.555652633508954,9.85894800101479,50.0,11.802354286447036,2302.786376953125,11.802354286447036,83.79671543377395,83.79671543377395,0.0,0.0,5.208333333333333,0.3663808780605136,429.7173714067458,161.98924870566307,232.36981964450933,150.0,1.0,1.9434062854322462,0.0,1986.597715201681,487.53329762800786,475.49007896836804,4178.994778111465,45.70389748642083,0.0,445.0285799683013,83.79671543377395,94.41883429157629,41.666666666666664,12.043218659639834,191700744.8961891,95824833.33333333,10.0,1.0,7.853981633974483,20.0,2.5,98.17477042468104,8847.63018035549,9.555652633508954,9.85894800101479,50.0,11.802354286447036,2302.786376953125,429.7173714067458,5.208333333333333,0.3663808780605136,161.98924870566307
185,0.919265,1.0,1,1826.2097486648734,0.0,487.53329762800786,9.555652633508954,76.44522106807163,86.00087370158059,1826.2097486648736,745.9698309244567,0.0,3655.0395452340344,-0.0,0.0,0.0,21.428390478465552,0.0,165.11039071611665,8847.63018035549,9.555652633508954,9.85894800101479,50.0,11.802354286447036,2302.786376953125,11.802354286447036,83.79671543377395,83.79671543377395,0.0,0.0,5.208333333333333,0.3663808780605136,429.7173714067458,161.98924870566307,232.36981964450933,150.0,1.0,1.9434062854322462,0.0,1986.597715201681,487.53329762800786,475.49007896836804,4178.994778111465,45.70389748642083,0.0,445.0285799683013,83.79671543377395,94.41883429157629,41.666666666666664,12.043218659639834,191700744.8961891,95824833.33333333,10.0,1.0,7.853981633974483,20.0,2.5,98.17477042468104,8847.63018035549,9.555652633508954,9.85894800101479,50.0,11.802354286447036,2302.786376953125,429.7173714067458,5.208333333333333,0.3663808780605136,161.98924870566307
186,0.893358,1.0,1,1774.7429616571433,0.0,487.53329762800786,9.555652633508954,76.44522106807163,86.00087370158059,1080.2399177404168,0.0,0.0,3655.0395452340344,-0.0,0.0,0.0,21.428390478465552,0.0,167.04407997012174,8847.63018035549,9.555652633508954,9.85894800101479,50.0,11.802354286447036,2302.786376953125,11.802354286447036,83.79671543377395,83.79671543377395,0.0,0.0,5.208333333333333,0.3663808780605136,429.7173714067458,161.98924870566307,232.36981964450933,150.0,1.0,1.9434062854322462,0.0,1986.597715201681,487.53329762800786,475.49007896836804,4178.994778111465,45.70389748642083,0.0,445.0285799683013,83.79671543377395,94.41883429157629,41.666666666666664,12.043218659639834,191700744.8961891,95824833.33333333,10.0,1.0,7.853981633974483,20.0,2.5,98.17477042468104,8847.63018035549,9.555652633508954,9.85894800101479,50.0,11.802354286447036,2302.786376953125,429.7173714067458,5.208333333333333,0.3663808780605136,161.98924870566307
187,0.844885,1.0,1,1678.4466106081723,0.0,487.53329762800786,9.555652633508954,76.44522106807163,86.00087370158059,1164.0366331741907,0.0,0.0,3655.0395452340344,0.0,0.0,0.0,21.428390478465552,0.0,168.97776922412683,8847.63018035549,9.555652633508954,9.85894800101479,50.0,11.802354286447036,2302.786376953125,11.802354286447036,83.79671543377395,0.0,83.79671543377395,83.79671543377395,5.208333333333333,0.3663808780605136,429.7173714067458,161.98924870566307,232.36981964450933,150.0,1.0,1.9434062854322462,0.0,1986.597715201681,487.53329762800786,475.49007896836804,4178.994778111465,45.70389748642083,0.0,445.0285799683013,83.79671543377395,94.41883429157629,41.666666666666664,12.043218659639834,191700744.8961891,95824833.33333333,10.0,1.0,7.853981633974483,20.0,2.5,98.17477042468104,8847.63018035549,9.555652633508954,9.85894800101479,50.0,11.802354286447036,2302.786376953125,429.7173714067458,5.208333333333333,0.3663808780605136,161.98924870566307
188,0.837074,1.0,1,1662.929295854732,0.0,487.53329762800786,9.555652633508954,76.44522106807163,86.00087370158059,1164.0366331741907,0.0,0.0,3655.0395452340344,0.0,0.0,0.0,21.428390478465552,0.0,170.91145847813192,8847.63018035549,9.555652633508954,9.85894800101479,50.0,11.802354286447036,2302.786376953125,11.802354286447036,83.79671543377395,0.0,83.79671543377395,83.79671543377395,5.208333333333333,0.3663808780605136,429.7173714067458,161.98924870566307,232.36981964450933,150.0,1.0,1.9434062854322462,0.0,1986.597715201681,487.53329762800786,475.49007896836804,4178.994778111465,45.70389748642083,0.0,445.0285799683013,83.79671543377395,94.41883429157629,41.666666666666664,12.043218659639834,191700744.8961891,95824833.33333333,10.0,1.0,7.853981633974483,20.0,2.5,98.17477042468104,8847.63018035549,9.555652633508954,9.85894800101479,50.0,11.802354286447036,2302.786376953125,429.7173714067458,5.208333333333333,0.3663808780605136,161.98924870566307
189,0.8635839999999999,1.0,1,1715.5940012847284,0.0,487.53329762800786,9.555652633508954,76.44522106807163,86.00087370158059,1164.0366331741907,0.0,0.0,3655.0395452340344,0.0,0.0,0.0,21.428390478465552,0.0,172.845147732137,8847.63018035549,9.555652633508954,9.85894800101479,50.0,11.802354286447036,2302.786376953125,11.802354286447036,83.79671543377395,0.0,83.79671543377395,83.79671543377395,5.208333333333333,0.3663808780605136,429.7173714067458,161.98924870566307,232.36981964450933,150.0,1.0,1.9434062854322462,0.0,1986.597715201681,487.53329762800786,475.49007896836804,4178.994778111465,45.70389748642083,0.0,445.0285799683013,83.79671543377395,94.41883429157629,41.666666666666664,12.043218659639834,191700744.8961891,95824833.33333333,10.0,1.0,7.853981633974483,20.0,2.5,98.17477042468104,8847.63018035549,9.555652633508954,9.85894800101479,50.0,11.802354286447036,2302.786376953125,429.7173714067458,5.208333333333333,0.3663808780605136,161.98924870566307
190,0.873189,1.0,1,1734.6752723392406,0.0,487.53329762800786,9.555652633508954,76.44522106807163,86.00087370158059,1164.0366331741907,0.0,62.6223455188956,3589.1212867930917,1.0,0.0,0.0,21.428390478465552,0.0,174.7788369861421,8847.63018035549,9.555652633508954,9.85894800101479,50.0,11.802354286447036,2302.786376953125,11.802354286447036,83.79671543377395,0.0,83.79671543377395,83.79671543377395,5.208333333333333,0.3663808780605136,429.7173714067458,161.98924870566307,232.36981964450933,150.0,1.0,1.9434062854322462,0.0,1986.597715201681,487.53329762800786,475.49007896836804,4178.994778111465,45.70389748642083,0.0,445.0285799683013,83.79671543377395,94.41883429157629,41.666666666666664,12.043218659639834,191700744.8961891,95824833.33333333,10.0,1.0,7.853981633974483,20.0,2.5,98.17477042468104,8847.63018035549,9.555652633508954,9.85894800101479,50.0,11.802354286447036,2302.786376953125,429.7173714067458,5.208333333333333,0.3663808780605136,161.98924870566307
191,0.856318,1.0,1,1701.1593822860732,0.0,487.53329762800786,9.555652633508954,76.44522106807163,86.00087370158059,1701.1593822860732,620.9194645456565,0.0,4178.994778111465,0.0,0.0,0.0,21.428390478465552,0.0,176.71252624014718,8847.63018035549,9.555652633508954,9.85894800101479,50.0,11.802354286447036,2302.786376953125,11.802354286447036,83.79671543377395,83.79671543377395,0.0,0.0,5.208333333333333,0.3663808780605136,429.7173714067458,161.98924870566307,232.36981964450933,150.0,1.0,1.9434062854322462,0.0,1986.597715201681,487.53329762800786,475.49007896836804,4178.994778111465,45.70389748642083,0.0,445.0285799683013,83.79671543377395,94.41883429157629,41.666666666666664,12.043218659639834,191700744.8961891,95824833.33333333,10.0,1.0,7.853981633974483,20.0,2.5,98.17477042468104,8847.63018035549,9.555652633508954,9.85894800101479,50.0,11.802354286447036,2302.786376953125,429.7173714067458,5.208333333333333,0.3663808780605136,161.98924870566307
192,0.310357,1.0,1,616.554507096848,0.0,487.53329762800786,9.555652633508954,76.44522106807163,86.00087370158059,1080.2399177404168,0.0,463.68541064356873,3690.9048721708664,-0.0,0.0,0.0,21.428390478465552,0.0,178.64621549415227,8847.63018035549,9.555652633508954,9.85894800101479,50.0,11.802354286447036,2302.786376953125,11.802354286447036,83.79671543377395,83.79671543377395,0.0,0.0,5.208333333333333,0.3663808780605136,429.7173714067458,161.98924870566307,232.36981964450933,150.0,1.0,1.9434062854322462,0.0,1986.597715201681,487.53329762800786,475.49007896836804,4178.994778111465,45.70389748642083,0.0,445.0285799683013,83.79671543377395,94.41883429157629,41.666666666666664,12.043218659639834,191700744.8961891,95824833.33333333,10.0,1.0,7.853981633974483,20.0,2.5,98.17477042468104,8847.63018035549,9.555652633508954,9.85894800101479,50.0,11.802354286447036,2302.786376953125,429.7173714067458,5.208333333333333,0.3663808780605136,161.98924870566307
193,0.400821,1.0,1,796.2700828048529,0.0,487.53329762800786,9.555652633508954,76.44522106807163,86.00087370158059,1080.2399177404168,0.0,283.9698349355639,3391.98925644922,-0.0,0.0,0.0,21.428390478465552,0.0,180.57990474815736,8847.63018035549,9.555652633508954,9.85894800101479,50.0,11.802354286447036,2302.786376953125,11.802354286447036,83.79671543377395,83.79671543377395,0.0,0.0,5.208333333333333,0.3663808780605136,429.7173714067458,161.98924870566307,232.36981964450933,150.0,1.0,1.9434062854322462,0.0,1986.597715201681,487.53329762800786,475.49007896836804,4178.994778111465,45.70389748642083,0.0,445.0285799683013,83.79671543377395,94.41883429157629,41.666666666666664,12.043218659639834,191700744.8961891,95824833.33333333,10.0,1.0,7.853981633974483,20.0,2.5,98.17477042468104,8847.63018035549,9.555652633508954,9.85894800101479,50.0,11.802354286447036,2302.786376953125,429.7173714067458,5.208333333333333,0.3663808780605136,161.98924870566307
194,0.4992919999999999,1.0,1,991.8923464184775,0.0,487.53329762800786,9.555652633508954,76.44522106807163,86.00087370158059,1080.2399177404168,0.0,88.34757132193923,3298.991812952442,1.0,0.0,0.0,21.428390478465552,0.0,182.51359400216245,8847.63018035549,9.555652633508954,9.85894800101479,50.0,11.802354286447036,2302.786376953125,11.802354286447036,83.79671543377395,83.79671543377395,0.0,0.0,5.208333333333333,0.3663808780605136,429.7173714067458,161.98924870566307,232.36981964450933,150.0,1.0,1.9434062854322462,0.0,1986.597715201681,487.53329762800786,475.49007896836804,4178.994778111465,45.70389748642083,0.0,445.0285799683013,83.79671543377395,94.41883429157629,41.666666666666664,12.043218659639834,191700744.8961891,95824833.33333333,10.0,1.0,7.853981633974483,20.0,2.5,98.17477042468104,8847.63018035549,9.555652633508954,9.85894800101479,50.0,11.802354286447036,2302.786376953125,429.7173714067458,5.208333333333333,0.3663808780605136,161.98924870566307
195,0.52896,1.0,1,1050.8307274330812,0.0,487.53329762800786,9.555652633508954,76.44522106807163,86.00087370158059,1080.2399177404168,0.0,2853.302216146628,295.51579595599196,1.0,0.0,0.0,21.428390478465552,0.0,184.44728325616754,8847.63018035549,9.555652633508954,9.85894800101479,50.0,11.802354286447036,2302.786376953125,11.802354286447036,83.79671543377395,83.79671543377395,0.0,0.0,5.208333333333333,0.3663808780605136,429.7173714067458,161.98924870566307,232.36981964450933,150.0,1.0,1.9434062854322462,0.0,1986.597715201681,487.53329762800786,475.49007896836804,4178.994778111465,45.70389748642083,0.0,445.0285799683013,83.79671543377395,94.41883429157629,41.666666666666664,12.043218659639834,191700744.8961891,95824833.33333333,10.0,1.0,7.853981633974483,20.0,2.5,98.17477042468104,8847.63018035549,9.555652633508954,9.85894800101479,50.0,11.802354286447036,2302.786376953125,429.7173714067458,5.208333333333333,0.3663808780605136,161.98924870566307
196,0.565219,1.0,1,1122.862773988579,0.0,487.53329762800786,9.555652633508954,76.44522106807163,86.00087370158059,1080.2399177404168,0.0,0.0,295.51579595599173,-0.0,0.0,0.0,21.428390478465552,0.0,186.38097251017263,8847.63018035549,9.555652633508954,9.85894800101479,50.0,11.802354286447036,2302.786376953125,11.802354286447036,83.79671543377395,83.79671543377395,0.0,0.0,5.208333333333333,0.3663808780605136,429.7173714067458,161.98924870566307,232.36981964450933,150.0,1.0,1.9434062854322462,0.0,1986.597715201681,487.53329762800786,475.49007896836804,4178.994778111465,45.70389748642083,0.0,445.0285799683013,83.79671543377395,94.41883429157629,41.666666666666664,12.043218659639834,191700744.8961891,95824833.33333333,10.0,1.0,7.853981633974483,20.0,2.5,98.17477042468104,8847.63018035549,9.555652633508954,9.85894800101479,50.0,11.802354286447036,2302.786376953125,429.7173714067458,5.208333333333333,0.3663808780605136,161.98924870566307
197,0.7753099999999999,1.0,1,1540.2290745730152,0.0,487.53329762800786,9.555652633508954,76.44522106807163,86.00087370158059,1080.2399177404168,0.0,0.0,295.51579595599173,-0.0,0.0,0.0,21.428390478465552,0.0,188.3146617641777,8847.63018035549,9.555652633508954,9.85894800101479,50.0,11.802354286447036,2302.786376953125,11.802354286447036,83.79671543377395,83.79671543377395,0.0,0.0,5.208333333333333,0.3663808780605136,429.7173714067458,161.98924870566307,232.36981964450933,150.0,1.0,1.9434062854322462,0.0,1986.597715201681,487.53329762800786,475.49007896836804,4178.994778111465,45.70389748642083,0.0,445.0285799683013,83.79671543377395,94.41883429157629,41.666666666666664,12.043218659639834,191700744.8961891,95824833.33333333,10.0,1.0,7.853981633974483,20.0,2.5,98.17477042468104,8847.63018035549,9.555652633508954,9.85894800101479,50.0,11.802354286447036,2302.786376953125,429.7173714067458,5.208333333333333,0.3663808780605136,161.98924870566307
198,0.8166100000000001,1.0,1,1622.2755602108448,0.0,487.53329762800786,9.555652633508954,76.44522106807163,86.00087370158059,1080.2399177404168,0.0,0.0,295.51579595599173,1.0,0.0,0.0,21.428390478465552,0.0,190.2483510181828,8847.63018035549,9.555652633508954,9.85894800101479,50.0,11.802354286447036,2302.786376953125,11.802354286447036,83.79671543377395,83.79671543377395,0.0,0.0,5.208333333333333,0.3663808780605136,429.7173714067458,161.98924870566307,232.36981964450933,150.0,1.0,1.9434062854322462,0.0,1986.597715201681,487.53329762800786,475.49007896836804,4178.994778111465,45.70389748642083,0.0,445.0285799683013,83.79671543377395,94.41883429157629,41.666666666666664,12.043218659639834,191700744.8961891,95824833.33333333,10.0,1.0,7.853981633974483,20.0,2.5,98.17477042468104,8847.63018035549,9.555652633508954,9.85894800101479,50.0,11.802354286447036,2302.786376953125,429.7173714067458,5.208333333333333,0.3663808780605136,161.98924870566307
199,0.8467250000000001,1.0,1,1682.1019504041435,0.0,487.53329762800786,9.555652633508954,76.44522106807163,86.00087370158059,1682.1019504041437,601.8620326637268,0.0,867.2847269865322,0.0,0.0,0.0,21.428390478465552,0.0,192.1820402721879,8847.63018035549,9.555652633508954,9.85894800101479,50.0,11.802354286447036,2302.786376953125,11.802354286447036,83.79671543377395,83.79671543377395,0.0,0.0,5.208333333333333,0.3663808780605136,429.7173714067458,161.98924870566307,232.36981964450933,150.0,1.0,1.9434062854322462,0.0,1986.597715201681,487.53329762800786,475.49007896836804,4178.994778111465,45.70389748642083,0.0,445.0285799683013,83.79671543377395,94.41883429157629,41.666666666666664,12.043218659639834,191700744.8961891,95824833.33333333,10.0,1.0,7.853981633974483,20.0,2.5,98.17477042468104,8847.63018035549,9.555652633508954,9.85894800101479,50.0,11.802354286447036,2302.786376953125,429.7173714067458,5.208333333333333,0.3663808780605136,161.98924870566307
200,0.8038500000000001,1.0,1,1596.9265733648715,0.0,487.53329762800786,9.555652633508954,76.44522106807163,86.00087370158059,1596.9265733648717,516.6866556244548,0.0,1358.1370498297642,1.0,0.0,0.0,21.428390478465552,0.0,194.11572952619298,8847.63018035549,9.555652633508954,9.85894800101479,50.0,11.802354286447036,2302.786376953125,11.802354286447036,83.79671543377395,83.79671543377395,0.0,0.0,5.208333333333333,0.3663808780605136,429.7173714067458,161.98924870566307,232.36981964450933,150.0,1.0,1.9434062854322462,0.0,1986.597715201681,487.53329762800786,475.49007896836804,4178.994778111465,45.70389748642083,0.0,445.0285799683013,83.79671543377395,94.41883429157629,41.666666666666664,12.043218659639834,191700744.8961891,95824833.33333333,10.0,1.0,7.853981633974483,20.0,2.5,98.17477042468104,8847.63018035549,9.555652633508954,9.85894800101479,50.0,11.802354286447036,2302.786376953125,429.7173714067458,5.208333333333333,0.3663808780605136,161.98924870566307
201,0.816252,1.0,1,1621.5643582288026,0.0,487.53329762800786,9.555652633508954,76.44522106807163,86.00087370158059,1080.2399177404168,0.0,0.0,1358.1370498297642,-0.0,0.0,0.0,21.428390478465552,0.0,196.04941878019807,8847.63018035549,9.555652633508954,9.85894800101479,50.0,11.802354286447036,2302.786376953125,11.802354286447036,83.79671543377395,83.79671543377395,0.0,0.0,5.208333333333333,0.3663808780605136,429.7173714067458,161.98924870566307,232.36981964450933,150.0,1.0,1.9434062854322462,0.0,1986.597715201681,487.53329762800786,475.49007896836804,4178.994778111465,45.70389748642083,0.0,445.0285799683013,83.79671543377395,94.41883429157629,41.666666666666664,12.043218659639834,191700744.8961891,95824833.33333333,10.0,1.0,7.853981633974483,20.0,2.5,98.17477042468104,8847.63018035549,9.555652633508954,9.85894800101479,50.0,11.802354286447036,2302.786376953125,429.7173714067458,5.208333333333333,0.3663808780605136,161.98924870566307
202,0.783158,1.0,1,1555.819893441918,0.0,487.53329762800786,9.555652633508954,76.44522106807163,86.00087370158059,1080.2399177404168,0.0,0.0,1358.1370498297642,0.0,0.0,0.0,21.428390478465552,0.0,197.98310803420316,8847.63018035549,9.555652633508954,9.85894800101479,50.0,11.802354286447036,2302.786376953125,11.802354286447036,83.79671543377395,83.79671543377395,0.0,0.0,5.208333333333333,0.3663808780605136,429.7173714067458,161.98924870566307,232.36981964450933,150.0,1.0,1.9434062854322462,0.0,1986.597715201681,487.53329762800786,475.49007896836804,4178.994778111465,45.70389748642083,0.0,445.0285799683013,83.79671543377395,94.41883429157629,41.666666666666664,12.043218659639834,191700744.8961891,95824833.33333333,10.0,1.0,7.853981633974483,20.0,2.5,98.17477042468104,8847.63018035549,9.555652633508954,9.85894800101479,50.0,11.802354286447036,2302.786376953125,429.7173714067458,5.208333333333333,0.3663808780605136,161.98924870566307
203,0.747236,1.0,1,1484.4573303164434,0.0,487.53329762800786,9.555652633508954,76.44522106807163,86.00087370158059,1080.2399177404168,0.0,0.0,1358.1370498297642,1.0,0.0,0.0,21.428390478465552,0.0,199.91679728820824,8847.63018035549,9.555652633508954,9.85894800101479,50.0,11.802354286447036,2302.786376953125,11.802354286447036,83.79671543377395,83.79671543377395,0.0,0.0,5.208333333333333,0.3663808780605136,429.7173714067458,161.98924870566307,232.36981964450933,150.0,1.0,1.9434062854322462,0.0,1986.597715201681,487.53329762800786,475.49007896836804,4178.994778111465,45.70389748642083,0.0,445.0285799683013,83.79671543377395,94.41883429157629,41.666666666666664,12.043218659639834,191700744.8961891,95824833.33333333,10.0,1.0,7.853981633974483,20.0,2.5,98.17477042468104,8847.63018035549,9.555652633508954,9.85894800101479,50.0,11.802354286447036,2302.786376953125,429.7173714067458,5.208333333333333,0.3663808780605136,161.98924870566307
204,0.763361,1.0,1,1516.4912184740704,0.0,487.53329762800786,9.555652633508954,76.44522106807163,86.00087370158059,1164.0366331741907,0.0,0.0,1358.1370498297642,1.0,0.0,0.0,21.428390478465552,0.0,201.85048654221333,8847.63018035549,9.555652633508954,9.85894800101479,50.0,11.802354286447036,2302.786376953125,11.802354286447036,83.79671543377395,0.0,83.79671543377395,83.79671543377395,5.208333333333333,0.3663808780605136,429.7173714067458,161.98924870566307,232.36981964450933,150.0,1.0,1.9434062854322462,0.0,1986.597715201681,487.53329762800786,475.49007896836804,4178.994778111465,45.70389748642083,0.0,445.0285799683013,83.79671543377395,94.41883429157629,41.666666666666664,12.043218659639834,191700744.8961891,95824833.33333333,10.0,1.0,7.853981633974483,20.0,2.5,98.17477042468104,8847.63018035549,9.555652633508954,9.85894800101479,50.0,11.802354286447036,2302.786376953125,429.7173714067458,5.208333333333333,0.3663808780605136,161.98924870566307
205,0.823013,1.0,1,1634.995745381281,0.0,487.53329762800786,9.555652633508954,76.44522106807163,86.00087370158059,1164.0366331741907,0.0,0.0,1358.1370498297642,1.0,0.0,0.0,21.428390478465552,0.0,203.78417579621825,8847.63018035549,9.555652633508954,9.85894800101479,50.0,11.802354286447036,2302.786376953125,11.802354286447036,83.79671543377395,0.0,83.79671543377395,83.79671543377395,5.208333333333333,0.3663808780605136,429.7173714067458,161.98924870566307,232.36981964450933,150.0,1.0,1.9434062854322462,0.0,1986.597715201681,487.53329762800786,475.49007896836804,4178.994778111465,45.70389748642083,0.0,445.0285799683013,83.79671543377395,94.41883429157629,41.666666666666664,12.043218659639834,191700744.8961891,95824833.33333333,10.0,1.0,7.853981633974483,20.0,2.5,98.17477042468104,8847.63018035549,9.555652633508954,9.85894800101479,50.0,11.802354286447036,2302.786376953125,429.7173714067458,5.208333333333333,0.3663808780605136,161.98924870566307
206,0.867903,1.0,1,1724.1741168166845,0.0,487.53329762800786,9.555652633508954,76.44522106807163,86.00087370158059,1724.1741168166845,643.9341990762679,0.0,1969.8745389522187,0.0,0.0,0.0,21.428390478465552,0.0,205.71786505022334,8847.63018035549,9.555652633508954,9.85894800101479,50.0,11.802354286447036,2302.786376953125,11.802354286447036,83.79671543377395,83.79671543377395,0.0,0.0,5.208333333333333,0.3663808780605136,429.7173714067458,161.98924870566307,232.36981964450933,150.0,1.0,1.9434062854322462,0.0,1986.597715201681,487.53329762800786,475.49007896836804,4178.994778111465,45.70389748642083,0.0,445.0285799683013,83.79671543377395,94.41883429157629,41.666666666666664,12.043218659639834,191700744.8961891,95824833.33333333,10.0,1.0,7.853981633974483,20.0,2.5,98.17477042468104,8847.63018035549,9.555652633508954,9.85894800101479,50.0,11.802354286447036,2302.786376953125,429.7173714067458,5.208333333333333,0.3663808780605136,161.98924870566307
207,0.8991549999999999,1.0,1,1786.2592686121673,0.0,487.53329762800786,9.555652633508954,76.44522106807163,86.00087370158059,1080.2399177404168,0.0,0.0,1969.8745389522187,0.0,0.0,0.0,21.428390478465552,0.0,207.65155430422843,8847.63018035549,9.555652633508954,9.85894800101479,50.0,11.802354286447036,2302.786376953125,11.802354286447036,83.79671543377395,83.79671543377395,0.0,0.0,5.208333333333333,0.3663808780605136,429.7173714067458,161.98924870566307,232.36981964450933,150.0,1.0,1.9434062854322462,0.0,1986.597715201681,487.53329762800786,475.49007896836804,4178.994778111465,45.70389748642083,0.0,445.0285799683013,83.79671543377395,94.41883429157629,41.666666666666664,12.043218659639834,191700744.8961891,95824833.33333333,10.0,1.0,7.853981633974483,20.0,2.5,98.17477042468104,8847.63018035549,9.555652633508954,9.85894800101479,50.0,11.802354286447036,2302.786376953125,429.7173714067458,5.208333333333333,0.3663808780605136,161.98924870566307
208,0.910593,1.0,1,1808.9819732786443,0.0,487.53329762800786,9.555652633508954,76.44522106807163,86.00087370158059,1164.0366331741907,0.0,0.0,1969.8745389522187,1.0,0.0,0.0,21.428390478465552,0.0,209.58524355823351,8847.63018035549,9.555652633508954,9.85894800101479,50.0,11.802354286447036,2302.786376953125,11.802354286447036,83.79671543377395,0.0,83.79671543377395,83.79671543377395,5.208333333333333,0.3663808780605136,429.7173714067458,161.98924870566307,232.36981964450933,150.0,1.0,1.9434062854322462,0.0,1986.597715201681,487.53329762800786,475.49007896836804,4178.994778111465,45.70389748642083,0.0,445.0285799683013,83.79671543377395,94.41883429157629,41.666666666666664,12.043218659639834,191700744.8961891,95824833.33333333,10.0,1.0,7.853981633974483,20.0,2.5,98.17477042468104,8847.63018035549,9.555652633508954,9.85894800101479,50.0,11.802354286447036,2302.786376953125,429.7173714067458,5.208333333333333,0.3663808780605136,161.98924870566307
209,0.908386,1.0,1,1804.5975521211942,0.0,487.53329762800786,9.555652633508954,76.44522106807163,86.00087370158059,1164.0366331741907,0.0,0.0,1969.8745389522187,1.0,0.0,0.0,21.428390478465552,0.0,211.51893281223872,8847.63018035549,9.555652633508954,9.85894800101479,50.0,11.802354286447036,2302.786376953125,11.802354286447036,83.79671543377395,0.0,83.79671543377395,83.79671543377395,5.208333333333333,0.3663808780605136,429.7173714067458,161.98924870566307,232.36981964450933,150.0,1.0,1.9434062854322462,0.0,1986.597715201681,487.53329762800786,475.49007896836804,4178.994778111465,45.70389748642083,0.0,445.0285799683013,83.79671543377395,94.41883429157629,41.666666666666664,12.043218659639834,191700744.8961891,95824833.33333333,10.0,1.0,7.853981633974483,20.0,2.5,98.17477042468104,8847.63018035549,9.555652633508954,9.85894800101479,50.0,11.802354286447036,2302.786376953125,429.7173714067458,5.208333333333333,0.3663808780605136,161.98924870566307
210,0.902226,1.0,1,1792.360110195552,0.0,487.53329762800786,9.555652633508954,76.44522106807163,86.00087370158059,1164.0366331741907,0.0,0.0,1969.8745389522187,1.0,0.0,0.0,21.428390478465552,0.0,213.4526220662438,8847.63018035549,9.555652633508954,9.85894800101479,50.0,11.802354286447036,2302.786376953125,11.802354286447036,83.79671543377395,0.0,83.79671543377395,83.79671543377395,5.208333333333333,0.3663808780605136,429.7173714067458,161.98924870566307,232.36981964450933,150.0,1.0,1.9434062854322462,0.0,1986.597715201681,487.53329762800786,475.49007896836804,4178.994778111465,45.70389748642083,0.0,445.0285799683013,83.79671543377395,94.41883429157629,41.666666666666664,12.043218659639834,191700744.8961891,95824833.33333333,10.0,1.0,7.853981633974483,20.0,2.5,98.17477042468104,8847.63018035549,9.555652633508954,9.85894800101479,50.0,11.802354286447036,2302.786376953125,429.7173714067458,5.208333333333333,0.3663808780605136,161.98924870566307
211,0.891285,1.0,1,1770.6247445935303,0.0,487.53329762800786,9.555652633508954,76.44522106807163,86.00087370158059,1164.0366331741907,0.0,0.0,1969.8745389522187,1.0,0.0,0.0,21.428390478465552,0.0,215.3863113202489,8847.63018035549,9.555652633508954,9.85894800101479,50.0,11.802354286447036,2302.786376953125,11.802354286447036,83.79671543377395,0.0,83.79671543377395,83.79671543377395,5.208333333333333,0.3663808780605136,429.7173714067458,161.98924870566307,232.36981964450933,150.0,1.0,1.9434062854322462,0.0,1986.597715201681,487.53329762800786,475.49007896836804,4178.994778111465,45.70389748642083,0.0,445.0285799683013,83.79671543377395,94.41883429157629,41.666666666666664,12.043218659639834,191700744.8961891,95824833.33333333,10.0,1.0,7.853981633974483,20.0,2.5,98.17477042468104,8847.63018035549,9.555652633508954,9.85894800101479,50.0,11.802354286447036,2302.786376953125,429.7173714067458,5.208333333333333,0.3663808780605136,161.98924870566307
212,0.86225,1.0,1,1712.9438799326495,0.0,487.53329762800786,9.555652633508954,76.44522106807163,86.00087370158059,1080.2399177404168,0.0,0.0,1969.8745389522187,1.0,0.0,0.0,21.428390478465552,0.0,217.32000057425398,8847.63018035549,9.555652633508954,9.85894800101479,50.0,11.802354286447036,2302.786376953125,11.802354286447036,83.79671543377395,83.79671543377395,0.0,0.0,5.208333333333333,0.3663808780605136,429.7173714067458,161.98924870566307,232.36981964450933,150.0,1.0,1.9434062854322462,0.0,1986.597715201681,487.53329762800786,475.49007896836804,4178.994778111465,45.70389748642083,0.0,445.0285799683013,83.79671543377395,94.41883429157629,41.666666666666664,12.043218659639834,191700744.8961891,95824833.33333333,10.0,1.0,7.853981633974483,20.0,2.5,98.17477042468104,8847.63018035549,9.555652633508954,9.85894800101479,50.0,11.802354286447036,2302.786376953125,429.7173714067458,5.208333333333333,0.3663808780605136,161.98924870566307
213,0.8041459999999999,1.0,1,1597.5146062885708,0.0,487.53329762800786,9.555652633508954,76.44522106807163,86.00087370158059,1597.514606288571,517.2746885481541,0.0,2461.285493072965,0.0,0.0,0.0,21.428390478465552,0.0,219.25368982825896,8847.63018035549,9.555652633508954,9.85894800101479,50.0,11.802354286447036,2302.786376953125,11.802354286447036,83.79671543377395,83.79671543377395,0.0,0.0,5.208333333333333,0.3663808780605136,429.7173714067458,161.98924870566307,232.36981964450933,150.0,1.0,1.9434062854322462,0.0,1986.597715201681,487.53329762800786,475.49007896836804,4178.994778111465,45.70389748642083,0.0,445.0285799683013,83.79671543377395,94.41883429157629,41.666666666666664,12.043218659639834,191700744.8961891,95824833.33333333,10.0,1.0,7.853981633974483,20.0,2.5,98.17477042468104,8847.63018035549,9.555652633508954,9.85894800101479,50.0,11.802354286447036,2302.786376953125,429.7173714067458,5.208333333333333,0.3663808780605136,161.98924870566307
214,0.7626430000000001,1.0,1,1515.0648413145557,0.0,487.53329762800786,9.555652633508954,76.44522106807163,86.00087370158059,1515.064841314556,434.824923574139,0.0,2874.369170468397,-0.0,0.0,0.0,21.428390478465552,0.0,221.18737908226404,8847.63018035549,9.555652633508954,9.85894800101479,50.0,11.802354286447036,2302.786376953125,11.802354286447036,83.79671543377395,83.79671543377395,0.0,0.0,5.208333333333333,0.3663808780605136,429.7173714067458,161.98924870566307,232.36981964450933,150.0,1.0,1.9434062854322462,0.0,1986.597715201681,487.53329762800786,475.49007896836804,4178.994778111465,45.70389748642083,0.0,445.0285799683013,83.79671543377395,94.41883429157629,41.666666666666664,12.043218659639834,191700744.8961891,95824833.33333333,10.0,1.0,7.853981633974483,20.0,2.5,98.17477042468104,8847.63018035549,9.555652633508954,9.85894800101479,50.0,11.802354286447036,2302.786376953125,429.7173714067458,5.208333333333333,0.3663808780605136,161.98924870566307
215,0.724076,1.0,1,1438.4477272323725,0.0,487.53329762800786,9.555652633508954,76.44522106807163,86.00087370158059,1080.2399177404168,0.0,0.0,2874.369170468397,0.0,0.0,0.0,21.428390478465552,0.0,223.12106833626913,8847.63018035549,9.555652633508954,9.85894800101479,50.0,11.802354286447036,2302.786376953125,11.802354286447036,83.79671543377395,83.79671543377395,0.0,0.0,5.208333333333333,0.3663808780605136,429.7173714067458,161.98924870566307,232.36981964450933,150.0,1.0,1.9434062854322462,0.0,1986.597715201681,487.53329762800786,475.49007896836804,4178.994778111465,45.70389748642083,0.0,445.0285799683013,83.79671543377395,94.41883429157629,41.666666666666664,12.043218659639834,191700744.8961891,95824833.33333333,10.0,1.0,7.853981633974483,20.0,2.5,98.17477042468104,8847.63018035549,9.555652633508954,9.85894800101479,50.0,11.802354286447036,2302.786376953125,429.7173714067458,5.208333333333333,0.3663808780605136,161.98924870566307
216,0.8951720000000001,1.0,1,1778.3466499125193,0.0,487.53329762800786,9.555652633508954,76.44522106807163,86.00087370158059,1778.3466499125193,698.1067321721026,0.0,3537.5705660318945,1.0,0.0,0.0,21.428390478465552,0.0,225.05475759027422,8847.63018035549,9.555652633508954,9.85894800101479,50.0,11.802354286447036,2302.786376953125,11.802354286447036,83.79671543377395,83.79671543377395,0.0,0.0,5.208333333333333,0.3663808780605136,429.7173714067458,161.98924870566307,232.36981964450933,150.0,1.0,1.9434062854322462,0.0,1986.597715201681,487.53329762800786,475.49007896836804,4178.994778111465,45.70389748642083,0.0,445.0285799683013,83.79671543377395,94.41883429157629,41.666666666666664,12.043218659639834,191700744.8961891,95824833.33333333,10.0,1.0,7.853981633974483,20.0,2.5,98.17477042468104,8847.63018035549,9.555652633508954,9.85894800101479,50.0,11.802354286447036,2302.786376953125,429.7173714067458,5.208333333333333,0.3663808780605136,161.98924870566307
217,0.883633,1.0,1,1755.423298876807,0.0,487.53329762800786,9.555652633508954,76.44522106807163,86.00087370158059,1755.4232988768072,675.1833811363903,0.0,4178.994778111465,1.0,0.0,0.0,21.428390478465552,0.0,226.9884468442795,8847.63018035549,9.555652633508954,9.85894800101479,50.0,11.802354286447036,2302.786376953125,11.802354286447036,83.79671543377395,83.79671543377395,0.0,0.0,5.208333333333333,0.3663808780605136,429.7173714067458,161.98924870566307,232.36981964450933,150.0,1.0,1.9434062854322462,0.0,1986.597715201681,487.53329762800786,475.49007896836804,4178.994778111465,45.70389748642083,0.0,445.0285799683013,83.79671543377395,94.41883429157629,41.666666666666664,12.043218659639834,191700744.8961891,95824833.33333333,10.0,1.0,7.853981633974483,20.0,2.5,98.17477042468104,8847.63018035549,9.555652633508954,9.85894800101479,50.0,11.802354286447036,2302.786376953125,429.7173714067458,5.208333333333333,0.3663808780605136,161.98924870566307
218,0.8221459999999999,1.0,1,1633.2733651622011,0.0,487.53329762800786,9.555652633508954,76.44522106807163,86.00087370158059,1164.0366331741907,0.0,0.0,4178.994778111465,0.0,0.0,0.0,21.428390478465552,0.0,228.9221360982846,8847.63018035549,9.555652633508954,9.85894800101479,50.0,11.802354286447036,2302.786376953125,11.802354286447036,83.79671543377395,0.0,83.79671543377395,83.79671543377395,5.208333333333333,0.3663808780605136,429.7173714067458,161.98924870566307,232.36981964450933,150.0,1.0,1.9434062854322462,0.0,1986.597715201681,487.53329762800786,475.49007896836804,4178.994778111465,45.70389748642083,0.0,445.0285799683013,83.79671543377395,94.41883429157629,41.666666666666664,12.043218659639834,191700744.8961891,95824833.33333333,10.0,1.0,7.853981633974483,20.0,2.5,98.17477042468104,8847.63018035549,9.555652633508954,9.85894800101479,50.0,11.802354286447036,2302.786376953125,429.7173714067458,5.208333333333333,0.3663808780605136,161.98924870566307
219,0.708446,1.0,1,1407.3972049437702,0.0,487.53329762800786,9.555652633508954,76.44522106807163,86.00087370158059,1164.0366331741907,0.0,0.0,4178.994778111465,1.0,0.0,0.0,21.428390478465552,0.0,230.8558253522896,8847.63018035549,9.555652633508954,9.85894800101479,50.0,11.802354286447036,2302.786376953125,11.802354286447036,83.79671543377395,0.0,83.79671543377395,83.79671543377395,5.208333333333333,0.3663808780605136,429.7173714067458,161.98924870566307,232.36981964450933,150.0,1.0,1.9434062854322462,0.0,1986.597715201681,487.53329762800786,475.49007896836804,4178.994778111465,45.70389748642083,0.0,445.0285799683013,83.79671543377395,94.41883429157629,41.666666666666664,12.043218659639834,191700744.8961891,95824833.33333333,10.0,1.0,7.853981633974483,20.0,2.5,98.17477042468104,8847.63018035549,9.555652633508954,9.85894800101479,50.0,11.802354286447036,2302.786376953125,429.7173714067458,5.208333333333333,0.3663808780605136,161.98924870566307
220,0.503998,1.0,1,1001.2412752662167,0.0,487.53329762800786,9.555652633508954,76.44522106807163,86.00087370158059,1080.2399177404168,0.0,78.99864247419997,4095.8383123491494,1.0,0.0,0.0,21.428390478465552,0.0,232.78951460629483,8847.63018035549,9.555652633508954,9.85894800101479,50.0,11.802354286447036,2302.786376953125,11.802354286447036,83.79671543377395,83.79671543377395,0.0,0.0,5.208333333333333,0.3663808780605136,429.7173714067458,161.98924870566307,232.36981964450933,150.0,1.0,1.9434062854322462,0.0,1986.597715201681,487.53329762800786,475.49007896836804,4178.994778111465,45.70389748642083,0.0,445.0285799683013,83.79671543377395,94.41883429157629,41.666666666666664,12.043218659639834,191700744.8961891,95824833.33333333,10.0,1.0,7.853981633974483,20.0,2.5,98.17477042468104,8847.63018035549,9.555652633508954,9.85894800101479,50.0,11.802354286447036,2302.786376953125,429.7173714067458,5.208333333333333,0.3663808780605136,161.98924870566307
221,0.345109,1.0,1,685.5927508955369,0.0,487.53329762800786,9.555652633508954,76.44522106807163,86.00087370158059,1080.2399177404168,0.0,394.6471668448798,3680.420241986118,1.0,0.0,0.0,21.428390478465552,0.0,234.72320386029983,8847.63018035549,9.555652633508954,9.85894800101479,50.0,11.802354286447036,2302.786376953125,11.802354286447036,83.79671543377395,83.79671543377395,0.0,0.0,5.208333333333333,0.3663808780605136,429.7173714067458,161.98924870566307,232.36981964450933,150.0,1.0,1.9434062854322462,0.0,1986.597715201681,487.53329762800786,475.49007896836804,4178.994778111465,45.70389748642083,0.0,445.0285799683013,83.79671543377395,94.41883429157629,41.666666666666664,12.043218659639834,191700744.8961891,95824833.33333333,10.0,1.0,7.853981633974483,20.0,2.5,98.17477042468104,8847.63018035549,9.555652633508954,9.85894800101479,50.0,11.802354286447036,2302.786376953125,429.7173714067458,5.208333333333333,0.3663808780605136,161.98924870566307
222,0.29934,-0.0,1,594.6681600684711,0.0,415.39541124211706,8.141750060345494,65.13400048276395,73.27575054310944,594.6681600684711,0.0,0.0,3680.420241986118,1.0,8.141750060345494,0.0,29.407305537604135,0.0,224.81471340701864,0.0,0.0,9.85894800101479,50.0,0.0,0.0,0.0,0.0,0.0,0.0,0.0,5.208333333333333,0.3663808780605136,0.0,161.98924870566307,9080.0,150.0,-0.0,0.0,9.85894800101479,1986.597715201681,487.53329762800786,475.49007896836804,4178.994778111465,45.70389748642083,0.0,445.0285799683013,83.79671543377395,94.41883429157629,41.666666666666664,12.043218659639834,191700744.8961891,95824833.33333333,10.0,1.0,7.853981633974483,20.0,2.5,98.17477042468104,8847.63018035549,9.555652633508954,9.85894800101479,50.0,11.802354286447036,2302.786376953125,429.7173714067458,5.208333333333333,0.3663808780605136,161.98924870566307
223,0.371245,1.0,1,737.5144687800481,0.0,487.53329762800786,9.555652633508954,76.44522106807163,86.00087370158059,1080.2399177404168,0.0,342.72544896036925,3319.656611501519,1.0,0.0,0.0,29.407305537604135,0.0,226.74840266102402,8847.63018035549,9.555652633508954,9.85894800101479,50.0,11.802354286447036,2302.786376953125,11.802354286447036,83.79671543377395,83.79671543377395,0.0,0.0,5.208333333333333,0.3663808780605136,429.7173714067458,161.98924870566307,232.36981964450933,150.0,1.0,1.9434062854322462,0.0,1986.597715201681,487.53329762800786,475.49007896836804,4178.994778111465,45.70389748642083,0.0,445.0285799683013,83.79671543377395,94.41883429157629,41.666666666666664,12.043218659639834,191700744.8961891,95824833.33333333,10.0,1.0,7.853981633974483,20.0,2.5,98.17477042468104,8847.63018035549,9.555652633508954,9.85894800101479,50.0,11.802354286447036,2302.786376953125,429.7173714067458,5.208333333333333,0.3663808780605136,161.98924870566307
224,0.450335,1.0,1,894.634482075349,0.0,301.56336088692757,5.91064187338378,47.28513498707024,53.195776860454025,894.634482075349,0.0,0.0,3319.656611501519,-0.0,0.0,3.6450107601251736,25.68790680278253,0.0,228.6820919150291,8847.63018035549,9.555652633508954,9.85894800101479,50.0,11.802354286447036,2302.786376953125,11.802354286447036,83.79671543377395,83.79671543377395,0.0,0.0,5.208333333333333,0.3663808780605136,429.7173714067458,161.98924870566307,232.36981964450933,150.0,1.0,1.9434062854322462,0.0,1986.597715201681,487.53329762800786,475.49007896836804,4178.994778111465,45.70389748642083,0.0,445.0285799683013,83.79671543377395,94.41883429157629,41.666666666666664,12.043218659639834,191700744.8961891,95824833.33333333,10.0,1.0,7.853981633974483,20.0,2.5,98.17477042468104,8847.63018035549,9.555652633508954,9.85894800101479,50.0,11.802354286447036,2302.786376953125,429.7173714067458,5.208333333333333,0.3663808780605136,161.98924870566307
225,0.465283,1.0,1,924.3301447221837,0.0,331.3173413354415,6.493819890174652,51.95055912139722,58.44437901157187,924.3301447221838,0.0,0.0,3319.6566115015185,-0.0,0.0,3.061832743334302,22.5635876769312,0.0,230.6157811690341,8847.63018035549,9.555652633508954,9.85894800101479,50.0,11.802354286447036,2302.786376953125,11.802354286447036,83.79671543377395,83.79671543377395,0.0,0.0,5.208333333333333,0.3663808780605136,429.7173714067458,161.98924870566307,232.36981964450933,150.0,1.0,1.9434062854322462,0.0,1986.597715201681,487.53329762800786,475.49007896836804,4178.994778111465,45.70389748642083,0.0,445.0285799683013,83.79671543377395,94.41883429157629,41.666666666666664,12.043218659639834,191700744.8961891,95824833.33333333,10.0,1.0,7.853981633974483,20.0,2.5,98.17477042468104,8847.63018035549,9.555652633508954,9.85894800101479,50.0,11.802354286447036,2302.786376953125,429.7173714067458,5.208333333333333,0.3663808780605136,161.98924870566307
226,0.4408519999999999,1.0,1,875.7955759420913,0.0,487.53329762800786,9.555652633508954,76.44522106807163,86.00087370158059,1080.2399177404168,0.0,204.4443417983254,3104.452041187492,-0.0,0.0,0.0,22.5635876769312,0.0,232.5494704230391,8847.63018035549,9.555652633508954,9.85894800101479,50.0,11.802354286447036,2302.786376953125,11.802354286447036,83.79671543377395,83.79671543377395,0.0,0.0,5.208333333333333,0.3663808780605136,429.7173714067458,161.98924870566307,232.36981964450933,150.0,1.0,1.9434062854322462,0.0,1986.597715201681,487.53329762800786,475.49007896836804,4178.994778111465,45.70389748642083,0.0,445.0285799683013,83.79671543377395,94.41883429157629,41.666666666666664,12.043218659639834,191700744.8961891,95824833.33333333,10.0,1.0,7.853981633974483,20.0,2.5,98.17477042468104,8847.63018035549,9.555652633508954,9.85894800101479,50.0,11.802354286447036,2302.786376953125,429.7173714067458,5.208333333333333,0.3663808780605136,161.98924870566307
227,0.404657,1.0,1,803.8906716403666,0.0,487.53329762800786,9.555652633508954,76.44522106807163,86.00087370158059,1080.2399177404168,0.0,276.34924610005015,2813.5580979242814,-0.0,0.0,0.0,22.563587676931206,0.0,234.4831596770441,8847.63018035549,9.555652633508954,9.85894800101479,50.0,11.802354286447036,2302.786376953125,11.802354286447036,83.79671543377395,83.79671543377395,0.0,0.0,5.208333333333333,0.3663808780605136,429.7173714067458,161.98924870566307,232.36981964450933,150.0,1.0,1.9434062854322462,0.0,1986.597715201681,487.53329762800786,475.49007896836804,4178.994778111465,45.70389748642083,0.0,445.0285799683013,83.79671543377395,94.41883429157629,41.666666666666664,12.043218659639834,191700744.8961891,95824833.33333333,10.0,1.0,7.853981633974483,20.0,2.5,98.17477042468104,8847.63018035549,9.555652633508954,9.85894800101479,50.0,11.802354286447036,2302.786376953125,429.7173714067458,5.208333333333333,0.3663808780605136,161.98924870566307
228,0.378497,-0.0,1,751.9212754106906,0.0,0.0,0.0,0.0,0.0,751.9212754106906,588.9320267050275,0.0,3373.043523294057,-0.0,0.0,0.0,22.563587676931206,0.0,224.57466922376292,0.0,0.0,9.85894800101479,50.0,0.0,0.0,0.0,0.0,0.0,0.0,0.0,5.208333333333333,0.3663808780605136,0.0,161.98924870566307,9080.0,150.0,-0.0,0.0,9.85894800101479,1986.597715201681,487.53329762800786,475.49007896836804,4178.994778111465,45.70389748642083,0.0,445.0285799683013,83.79671543377395,94.41883429157629,41.666666666666664,12.043218659639834,191700744.8961891,95824833.33333333,10.0,1.0,7.853981633974483,20.0,2.5,98.17477042468104,8847.63018035549,9.555652633508954,9.85894800101479,50.0,11.802354286447036,2302.786376953125,429.7173714067458,5.208333333333333,0.3663808780605136,161.98924870566307
229,0.3458179999999999,1.0,1,687.0012486756148,0.0,487.53329762800786,9.555652633508954,76.44522106807163,86.00087370158059,1080.2399177404168,0.0,393.23866906480197,2959.108082173213,-0.0,0.0,0.0,22.563587676931206,0.0,226.508358477768,8847.63018035549,9.555652633508954,9.85894800101479,50.0,11.802354286447036,2302.786376953125,11.802354286447036,83.79671543377395,83.79671543377395,0.0,0.0,5.208333333333333,0.3663808780605136,429.7173714067458,161.98924870566307,232.36981964450933,150.0,1.0,1.9434062854322462,0.0,1986.597715201681,487.53329762800786,475.49007896836804,4178.994778111465,45.70389748642083,0.0,445.0285799683013,83.79671543377395,94.41883429157629,41.666666666666664,12.043218659639834,191700744.8961891,95824833.33333333,10.0,1.0,7.853981633974483,20.0,2.5,98.17477042468104,8847.63018035549,9.555652633508954,9.85894800101479,50.0,11.802354286447036,2302.786376953125,429.7173714067458,5.208333333333333,0.3663808780605136,161.98924870566307
230,0.317511,1.0,1,630.7666271514009,0.0,487.53329762800786,9.555652633508954,76.44522106807163,86.00087370158059,1080.2399177404168,0.0,449.4732905890158,2485.978302605828,-0.0,0.0,0.0,22.563587676931206,0.0,228.4420477317731,8847.63018035549,9.555652633508954,9.85894800101479,50.0,11.802354286447036,2302.786376953125,11.802354286447036,83.79671543377395,83.79671543377395,0.0,0.0,5.208333333333333,0.3663808780605136,429.7173714067458,161.98924870566307,232.36981964450933,150.0,1.0,1.9434062854322462,0.0,1986.597715201681,487.53329762800786,475.49007896836804,4178.994778111465,45.70389748642083,0.0,445.0285799683013,83.79671543377395,94.41883429157629,41.666666666666664,12.043218659639834,191700744.8961891,95824833.33333333,10.0,1.0,7.853981633974483,20.0,2.5,98.17477042468104,8847.63018035549,9.555652633508954,9.85894800101479,50.0,11.802354286447036,2302.786376953125,429.7173714067458,5.208333333333333,0.3663808780605136,161.98924870566307
231,0.289489,-0.0,1,575.0981859760194,0.0,396.56364248494646,7.77264739270495,62.1811791416396,69.95382653434456,575.0981859760194,0.0,0.0,2485.978302605828,1.0,7.77264739270495,0.0,30.18078212178206,0.0,218.5335572784919,0.0,0.0,9.85894800101479,50.0,0.0,0.0,0.0,0.0,0.0,0.0,0.0,5.208333333333333,0.3663808780605136,0.0,161.98924870566307,9080.0,150.0,-0.0,0.0,9.85894800101479,1986.597715201681,487.53329762800786,475.49007896836804,4178.994778111465,45.70389748642083,0.0,445.0285799683013,83.79671543377395,94.41883429157629,41.666666666666664,12.043218659639834,191700744.8961891,95824833.33333333,10.0,1.0,7.853981633974483,20.0,2.5,98.17477042468104,8847.63018035549,9.555652633508954,9.85894800101479,50.0,11.802354286447036,2302.786376953125,429.7173714067458,5.208333333333333,0.3663808780605136,161.98924870566307
232,0.252867,1.0,1,502.3450044499035,0.0,0.0,0.0,0.0,0.0,593.6621853757598,0.0,91.31718092585625,2389.8549542628216,-0.0,0.0,9.555652633508954,20.430116169221904,0.0,220.46724653249703,8847.63018035549,9.555652633508954,9.85894800101479,50.0,11.802354286447036,2302.786376953125,11.802354286447036,83.79671543377395,83.79671543377395,0.0,0.0,5.208333333333333,0.3663808780605136,429.7173714067458,161.98924870566307,232.36981964450933,150.0,1.0,1.9434062854322462,0.0,1986.597715201681,487.53329762800786,475.49007896836804,4178.994778111465,45.70389748642083,0.0,445.0285799683013,83.79671543377395,94.41883429157629,41.666666666666664,12.043218659639834,191700744.8961891,95824833.33333333,10.0,1.0,7.853981633974483,20.0,2.5,98.17477042468104,8847.63018035549,9.555652633508954,9.85894800101479,50.0,11.802354286447036,2302.786376953125,429.7173714067458,5.208333333333333,0.3663808780605136,161.98924870566307
233,0.226348,-0.0,1,449.6624196404701,0.0,275.8594793445025,5.4068457951522495,43.254766361217996,48.661612156370246,449.6624196404701,0.0,0.0,2389.8549542628216,1.0,5.406845795152249,0.0,25.72882504847111,0.0,210.55875607921575,0.0,0.0,9.85894800101479,50.0,0.0,0.0,0.0,0.0,0.0,0.0,0.0,5.208333333333333,0.3663808780605136,0.0,161.98924870566307,9080.0,150.0,-0.0,0.0,9.85894800101479,1986.597715201681,487.53329762800786,475.49007896836804,4178.994778111465,45.70389748642083,0.0,445.0285799683013,83.79671543377395,94.41883429157629,41.666666666666664,12.043218659639834,191700744.8961891,95824833.33333333,10.0,1.0,7.853981633974483,20.0,2.5,98.17477042468104,8847.63018035549,9.555652633508954,9.85894800101479,50.0,11.802354286447036,2302.786376953125,429.7173714067458,5.208333333333333,0.3663808780605136,161.98924870566307
234,0.222327,-0.0,1,441.6743102276441,0.0,268.17269199574775,5.256184763116655,42.04947810493324,47.3056628680499,441.6743102276441,0.0,0.0,2389.8549542628216,1.0,5.256184763116656,0.0,30.87988611632543,0.0,200.65026562593457,0.0,0.0,9.85894800101479,50.0,0.0,0.0,0.0,0.0,0.0,0.0,0.0,5.208333333333333,0.3663808780605136,0.0,161.98924870566307,9080.0,150.0,-0.0,0.0,9.85894800101479,1986.597715201681,487.53329762800786,475.49007896836804,4178.994778111465,45.70389748642083,0.0,445.0285799683013,83.79671543377395,94.41883429157629,41.666666666666664,12.043218659639834,191700744.8961891,95824833.33333333,10.0,1.0,7.853981633974483,20.0,2.5,98.17477042468104,8847.63018035549,9.555652633508954,9.85894800101479,50.0,11.802354286447036,2302.786376953125,429.7173714067458,5.208333333333333,0.3663808780605136,161.98924870566307
235,0.214494,1.0,1,426.11329032446935,0.0,487.53329762800786,9.555652633508954,76.44522106807163,86.00087370158059,1080.2399177404168,0.0,654.1266274159475,1701.3006096144559,-0.0,0.0,0.0,30.87988611632543,0.0,202.58395487993965,8847.63018035549,9.555652633508954,9.85894800101479,50.0,11.802354286447036,2302.786376953125,11.802354286447036,83.79671543377395,83.79671543377395,0.0,0.0,5.208333333333333,0.3663808780605136,429.7173714067458,161.98924870566307,232.36981964450933,150.0,1.0,1.9434062854322462,0.0,1986.597715201681,487.53329762800786,475.49007896836804,4178.994778111465,45.70389748642083,0.0,445.0285799683013,83.79671543377395,94.41883429157629,41.666666666666664,12.043218659639834,191700744.8961891,95824833.33333333,10.0,1.0,7.853981633974483,20.0,2.5,98.17477042468104,8847.63018035549,9.555652633508954,9.85894800101479,50.0,11.802354286447036,2302.786376953125,429.7173714067458,5.208333333333333,0.3663808780605136,161.98924870566307
236,0.202372,1.0,1,402.03175282079457,0.0,254.36074605769127,4.985470622730749,39.88376498184599,44.869235604576744,847.524384371178,0.0,445.4926315503834,1232.3609974561575,-0.0,0.0,4.570182010778205,26.216435084919098,0.0,204.51764413394474,8847.63018035549,9.555652633508954,9.85894800101479,50.0,11.802354286447036,2302.786376953125,11.802354286447036,83.79671543377395,83.79671543377395,0.0,0.0,5.208333333333333,0.3663808780605136,429.7173714067458,161.98924870566307,232.36981964450933,150.0,1.0,1.9434062854322462,0.0,1986.597715201681,487.53329762800786,475.49007896836804,4178.994778111465,45.70389748642083,0.0,445.0285799683013,83.79671543377395,94.41883429157629,41.666666666666664,12.043218659639834,191700744.8961891,95824833.33333333,10.0,1.0,7.853981633974483,20.0,2.5,98.17477042468104,8847.63018035549,9.555652633508954,9.85894800101479,50.0,11.802354286447036,2302.786376953125,429.7173714067458,5.208333333333333,0.3663808780605136,161.98924870566307
237,0.200547,-0.0,1,398.4062119905515,0.0,226.53672371525064,4.440119784818912,35.5209582785513,39.96107806337021,398.4062119905515,0.0,0.0,1232.3609974561575,1.0,4.440119784818912,0.0,30.567752474041633,0.0,194.60915368066355,0.0,0.0,9.85894800101479,50.0,0.0,0.0,0.0,0.0,0.0,0.0,0.0,5.208333333333333,0.3663808780605136,0.0,161.98924870566307,9080.0,150.0,-0.0,0.0,9.85894800101479,1986.597715201681,487.53329762800786,475.49007896836804,4178.994778111465,45.70389748642083,0.0,445.0285799683013,83.79671543377395,94.41883429157629,41.666666666666664,12.043218659639834,191700744.8961891,95824833.33333333,10.0,1.0,7.853981633974483,20.0,2.5,98.17477042468104,8847.63018035549,9.555652633508954,9.85894800101479,50.0,11.802354286447036,2302.786376953125,429.7173714067458,5.208333333333333,0.3663808780605136,161.98924870566307
238,0.223768,1.0,1,444.5369975352497,0.0,487.53329762800786,9.555652633508954,76.44522106807163,86.00087370158059,1080.2399177404168,0.0,635.702920205167,563.2000288191397,-0.0,0.0,0.0,30.567752474041633,0.0,196.54284293466856,8847.63018035549,9.555652633508954,9.85894800101479,50.0,11.802354286447036,2302.786376953125,11.802354286447036,83.79671543377395,83.79671543377395,0.0,0.0,5.208333333333333,0.3663808780605136,429.7173714067458,161.98924870566307,232.36981964450933,150.0,1.0,1.9434062854322462,0.0,1986.597715201681,487.53329762800786,475.49007896836804,4178.994778111465,45.70389748642083,0.0,445.0285799683013,83.79671543377395,94.41883429157629,41.666666666666664,12.043218659639834,191700744.8961891,95824833.33333333,10.0,1.0,7.853981633974483,20.0,2.5,98.17477042468104,8847.63018035549,9.555652633508954,9.85894800101479,50.0,11.802354286447036,2302.786376953125,429.7173714067458,5.208333333333333,0.3663808780605136,161.98924870566307
239,0.274439,1.0,1,545.1998903622341,0.0,487.53329762800786,9.555652633508954,76.44522106807163,86.00087370158059,1080.2399177404168,0.0,535.0400273781827,0.0,-0.0,0.0,0.0,30.567752474041633,0.0,198.47653218867367,8847.63018035549,9.555652633508954,9.85894800101479,50.0,11.802354286447036,2302.786376953125,11.802354286447036,83.79671543377395,83.79671543377395,0.0,0.0,5.208333333333333,0.3663808780605136,429.7173714067458,161.98924870566307,232.36981964450933,150.0,1.0,1.9434062854322462,0.0,1986.597715201681,487.53329762800786,475.49007896836804,4178.994778111465,45.70389748642083,0.0,445.0285799683013,83.79671543377395,94.41883429157629,41.666666666666664,12.043218659639834,191700744.8961891,95824833.33333333,10.0,1.0,7.853981633974483,20.0,2.5,98.17477042468104,8847.63018035549,9.555652633508954,9.85894800101479,50.0,11.802354286447036,2302.786376953125,429.7173714067458,5.208333333333333,0.3663808780605136,161.98924870566307
240,0.85988,1.0,1,1708.2356433476214,0.0,487.53329762800786,9.555652633508954,76.44522106807163,86.00087370158059,1080.2399177404168,0.0,0.0,0.0,-0.0,0.0,0.0,30.567752474041633,0.0,200.41022144267876,8847.63018035549,9.555652633508954,9.85894800101479,50.0,11.802354286447036,2302.786376953125,11.802354286447036,83.79671543377395,83.79671543377395,0.0,0.0,5.208333333333333,0.3663808780605136,429.7173714067458,161.98924870566307,232.36981964450933,150.0,1.0,1.9434062854322462,0.0,1986.597715201681,487.53329762800786,475.49007896836804,4178.994778111465,45.70389748642083,0.0,445.0285799683013,83.79671543377395,94.41883429157629,41.666666666666664,12.043218659639834,191700744.8961891,95824833.33333333,10.0,1.0,7.853981633974483,20.0,2.5,98.17477042468104,8847.63018035549,9.555652633508954,9.85894800101479,50.0,11.802354286447036,2302.786376953125,429.7173714067458,5.208333333333333,0.3663808780605136,161.98924870566307
241,0.896046,1.0,1,1780.0829363156056,0.0,487.53329762800786,9.555652633508954,76.44522106807163,86.00087370158059,1080.2399177404168,0.0,0.0,0.0,1.0,0.0,0.0,30.567752474041633,0.0,202.34391069668396,8847.63018035549,9.555652633508954,9.85894800101479,50.0,11.802354286447036,2302.786376953125,11.802354286447036,83.79671543377395,83.79671543377395,0.0,0.0,5.208333333333333,0.3663808780605136,429.7173714067458,161.98924870566307,232.36981964450933,150.0,1.0,1.9434062854322462,0.0,1986.597715201681,487.53329762800786,475.49007896836804,4178.994778111465,45.70389748642083,0.0,445.0285799683013,83.79671543377395,94.41883429157629,41.666666666666664,12.043218659639834,191700744.8961891,95824833.33333333,10.0,1.0,7.853981633974483,20.0,2.5,98.17477042468104,8847.63018035549,9.555652633508954,9.85894800101479,50.0,11.802354286447036,2302.786376953125,429.7173714067458,5.208333333333333,0.3663808780605136,161.98924870566307
242,0.929645,1.0,1,1846.8306329486668,0.0,487.53329762800786,9.555652633508954,76.44522106807163,86.00087370158059,1080.2399177404168,0.0,0.0,0.0,1.0,0.0,0.0,30.567752474041633,0.0,204.27759995068905,8847.63018035549,9.555652633508954,9.85894800101479,50.0,11.802354286447036,2302.786376953125,11.802354286447036,83.79671543377395,83.79671543377395,0.0,0.0,5.208333333333333,0.3663808780605136,429.7173714067458,161.98924870566307,232.36981964450933,150.0,1.0,1.9434062854322462,0.0,1986.597715201681,487.53329762800786,475.49007896836804,4178.994778111465,45.70389748642083,0.0,445.0285799683013,83.79671543377395,94.41883429157629,41.666666666666664,12.043218659639834,191700744.8961891,95824833.33333333,10.0,1.0,7.853981633974483,20.0,2.5,98.17477042468104,8847.63018035549,9.555652633508954,9.85894800101479,50.0,11.802354286447036,2302.786376953125,429.7173714067458,5.208333333333333,0.3663808780605136,161.98924870566307
243,0.962762,1.0,1,1912.6207894830009,0.0,487.53329762800786,9.555652633508954,76.44522106807163,86.00087370158059,1912.6207894830009,832.3808717425842,0.0,790.761828155455,1.0,0.0,0.0,30.567752474041633,0.0,206.21128920469414,8847.63018035549,9.555652633508954,9.85894800101479,50.0,11.802354286447036,2302.786376953125,11.802354286447036,83.79671543377395,83.79671543377395,0.0,0.0,5.208333333333333,0.3663808780605136,429.7173714067458,161.98924870566307,232.36981964450933,150.0,1.0,1.9434062854322462,0.0,1986.597715201681,487.53329762800786,475.49007896836804,4178.994778111465,45.70389748642083,0.0,445.0285799683013,83.79671543377395,94.41883429157629,41.666666666666664,12.043218659639834,191700744.8961891,95824833.33333333,10.0,1.0,7.853981633974483,20.0,2.5,98.17477042468104,8847.63018035549,9.555652633508954,9.85894800101479,50.0,11.802354286447036,2302.786376953125,429.7173714067458,5.208333333333333,0.3663808780605136,161.98924870566307
244,0.984271,1.0,1,1955.3505197392738,0.0,487.53329762800786,9.555652633508954,76.44522106807163,86.00087370158059,1080.2399177404168,0.0,0.0,790.761828155455,1.0,0.0,0.0,30.567752474041633,0.0,208.14497845869923,8847.63018035549,9.555652633508954,9.85894800101479,50.0,11.802354286447036,2302.786376953125,11.802354286447036,83.79671543377395,83.79671543377395,0.0,0.0,5.208333333333333,0.3663808780605136,429.7173714067458,161.98924870566307,232.36981964450933,150.0,1.0,1.9434062854322462,0.0,1986.597715201681,487.53329762800786,475.49007896836804,4178.994778111465,45.70389748642083,0.0,445.0285799683013,83.79671543377395,94.41883429157629,41.666666666666664,12.043218659639834,191700744.8961891,95824833.33333333,10.0,1.0,7.853981633974483,20.0,2.5,98.17477042468104,8847.63018035549,9.555652633508954,9.85894800101479,50.0,11.802354286447036,2302.786376953125,429.7173714067458,5.208333333333333,0.3663808780605136,161.98924870566307
245,0.989076,1.0,1,1964.8961217608178,0.0,487.53329762800786,9.555652633508954,76.44522106807163,86.00087370158059,1080.2399177404168,0.0,0.0,790.761828155455,1.0,0.0,0.0,30.567752474041633,0.0,210.07866771270443,8847.63018035549,9.555652633508954,9.85894800101479,50.0,11.802354286447036,2302.786376953125,11.802354286447036,83.79671543377395,83.79671543377395,0.0,0.0,5.208333333333333,0.3663808780605136,429.7173714067458,161.98924870566307,232.36981964450933,150.0,1.0,1.9434062854322462,0.0,1986.597715201681,487.53329762800786,475.49007896836804,4178.994778111465,45.70389748642083,0.0,445.0285799683013,83.79671543377395,94.41883429157629,41.666666666666664,12.043218659639834,191700744.8961891,95824833.33333333,10.0,1.0,7.853981633974483,20.0,2.5,98.17477042468104,8847.63018035549,9.555652633508954,9.85894800101479,50.0,11.802354286447036,2302.786376953125,429.7173714067458,5.208333333333333,0.3663808780605136,161.98924870566307
246,0.986599,1.0,1,1959.9753192202634,0.0,487.53329762800786,9.555652633508954,76.44522106807163,86.00087370158059,1080.2399177404168,0.0,0.0,790.761828155455,1.0,0.0,0.0,30.567752474041633,0.0,212.01235696670952,8847.63018035549,9.555652633508954,9.85894800101479,50.0,11.802354286447036,2302.786376953125,11.802354286447036,83.79671543377395,83.79671543377395,0.0,0.0,5.208333333333333,0.3663808780605136,429.7173714067458,161.98924870566307,232.36981964450933,150.0,1.0,1.9434062854322462,0.0,1986.597715201681,487.53329762800786,475.49007896836804,4178.994778111465,45.70389748642083,0.0,445.0285799683013,83.79671543377395,94.41883429157629,41.666666666666664,12.043218659639834,191700744.8961891,95824833.33333333,10.0,1.0,7.853981633974483,20.0,2.5,98.17477042468104,8847.63018035549,9.555652633508954,9.85894800101479,50.0,11.802354286447036,2302.786376953125,429.7173714067458,5.208333333333333,0.3663808780605136,161.98924870566307
247,0.986981,1.0,1,1960.7341995474703,0.0,487.53329762800786,9.555652633508954,76.44522106807163,86.00087370158059,1080.2399177404168,0.0,0.0,790.761828155455,1.0,0.0,0.0,30.567752474041633,0.0,213.9460462207146,8847.63018035549,9.555652633508954,9.85894800101479,50.0,11.802354286447036,2302.786376953125,11.802354286447036,83.79671543377395,83.79671543377395,0.0,0.0,5.208333333333333,0.3663808780605136,429.7173714067458,161.98924870566307,232.36981964450933,150.0,1.0,1.9434062854322462,0.0,1986.597715201681,487.53329762800786,475.49007896836804,4178.994778111465,45.70389748642083,0.0,445.0285799683013,83.79671543377395,94.41883429157629,41.666666666666664,12.043218659639834,191700744.8961891,95824833.33333333,10.0,1.0,7.853981633974483,20.0,2.5,98.17477042468104,8847.63018035549,9.555652633508954,9.85894800101479,50.0,11.802354286447036,2302.786376953125,429.7173714067458,5.208333333333333,0.3663808780605136,161.98924870566307
248,0.989092,1.0,1,1964.927907324261,0.0,487.53329762800786,9.555652633508954,76.44522106807163,86.00087370158059,1080.2399177404168,0.0,0.0,790.761828155455,1.0,0.0,0.0,30.567752474041633,0.0,215.8797354747197,8847.63018035549,9.555652633508954,9.85894800101479,50.0,11.802354286447036,2302.786376953125,11.802354286447036,83.79671543377395,83.79671543377395,0.0,0.0,5.208333333333333,0.3663808780605136,429.7173714067458,161.98924870566307,232.36981964450933,150.0,1.0,1.9434062854322462,0.0,1986.597715201681,487.53329762800786,475.49007896836804,4178.994778111465,45.70389748642083,0.0,445.0285799683013,83.79671543377395,94.41883429157629,41.666666666666664,12.043218659639834,191700744.8961891,95824833.33333333,10.0,1.0,7.853981633974483,20.0,2.5,98.17477042468104,8847.63018035549,9.555652633508954,9.85894800101479,50.0,11.802354286447036,2302.786376953125,429.7173714067458,5.208333333333333,0.3663808780605136,161.98924870566307
249,0.985266,1.0,1,1957.3271844658993,0.0,487.53329762800786,9.555652633508954,76.44522106807163,86.00087370158059,1080.2399177404168,0.0,0.0,790.761828155455,1.0,0.0,0.0,30.567752474041633,0.0,217.81342472872478,8847.63018035549,9.555652633508954,9.85894800101479,50.0,11.802354286447036,2302.786376953125,11.802354286447036,83.79671543377395,83.79671543377395,0.0,0.0,5.208333333333333,0.3663808780605136,429.7173714067458,161.98924870566307,232.36981964450933,150.0,1.0,1.9434062854322462,0.0,1986.597715201681,487.53329762800786,475.49007896836804,4178.994778111465,45.70389748642083,0.0,445.0285799683013,83.79671543377395,94.41883429157629,41.666666666666664,12.043218659639834,191700744.8961891,95824833.33333333,10.0,1.0,7.853981633974483,20.0,2.5,98.17477042468104,8847.63018035549,9.555652633508954,9.85894800101479,50.0,11.802354286447036,2302.786376953125,429.7173714067458,5.208333333333333,0.3663808780605136,161.98924870566307
250,0.974093,1.0,1,1935.1309281939511,0.0,487.53329762800786,9.555652633508954,76.44522106807163,86.00087370158059,1080.2399177404168,0.0,0.0,790.761828155455,1.0,0.0,0.0,30.567752474041633,0.0,219.74711398272987,8847.63018035549,9.555652633508954,9.85894800101479,50.0,11.802354286447036,2302.786376953125,11.802354286447036,83.79671543377395,83.79671543377395,0.0,0.0,5.208333333333333,0.3663808780605136,429.7173714067458,161.98924870566307,232.36981964450933,150.0,1.0,1.9434062854322462,0.0,1986.597715201681,487.53329762800786,475.49007896836804,4178.994778111465,45.70389748642083,0.0,445.0285799683013,83.79671543377395,94.41883429157629,41.666666666666664,12.043218659639834,191700744.8961891,95824833.33333333,10.0,1.0,7.853981633974483,20.0,2.5,98.17477042468104,8847.63018035549,9.555652633508954,9.85894800101479,50.0,11.802354286447036,2302.786376953125,429.7173714067458,5.208333333333333,0.3663808780605136,161.98924870566307
251,0.969485,1.0,1,1925.9766859223018,0.0,487.53329762800786,9.555652633508954,76.44522106807163,86.00087370158059,1080.2399177404168,0.0,0.0,790.761828155455,1.0,0.0,0.0,30.567752474041633,0.0,221.68080323673496,8847.63018035549,9.555652633508954,9.85894800101479,50.0,11.802354286447036,2302.786376953125,11.802354286447036,83.79671543377395,83.79671543377395,0.0,0.0,5.208333333333333,0.3663808780605136,429.7173714067458,161.98924870566307,232.36981964450933,150.0,1.0,1.9434062854322462,0.0,1986.597715201681,487.53329762800786,475.49007896836804,4178.994778111465,45.70389748642083,0.0,445.0285799683013,83.79671543377395,94.41883429157629,41.666666666666664,12.043218659639834,191700744.8961891,95824833.33333333,10.0,1.0,7.853981633974483,20.0,2.5,98.17477042468104,8847.63018035549,9.555652633508954,9.85894800101479,50.0,11.802354286447036,2302.786376953125,429.7173714067458,5.208333333333333,0.3663808780605136,161.98924870566307
252,0.969799,1.0,1,1926.6004776048749,0.0,487.53329762800786,9.555652633508954,76.44522106807163,86.00087370158059,1080.2399177404168,0.0,0.0,790.761828155455,1.0,0.0,0.0,30.567752474041633,0.0,223.61449249074005,8847.63018035549,9.555652633508954,9.85894800101479,50.0,11.802354286447036,2302.786376953125,11.802354286447036,83.79671543377395,83.79671543377395,0.0,0.0,5.208333333333333,0.3663808780605136,429.7173714067458,161.98924870566307,232.36981964450933,150.0,1.0,1.9434062854322462,0.0,1986.597715201681,487.53329762800786,475.49007896836804,4178.994778111465,45.70389748642083,0.0,445.0285799683013,83.79671543377395,94.41883429157629,41.666666666666664,12.043218659639834,191700744.8961891,95824833.33333333,10.0,1.0,7.853981633974483,20.0,2.5,98.17477042468104,8847.63018035549,9.555652633508954,9.85894800101479,50.0,11.802354286447036,2302.786376953125,429.7173714067458,5.208333333333333,0.3663808780605136,161.98924870566307
253,0.976973,1.0,1,1940.8523296137319,0.0,487.53329762800786,9.555652633508954,76.44522106807163,86.00087370158059,1080.2399177404168,0.0,0.0,790.761828155455,1.0,0.0,0.0,30.567752474041633,0.0,225.54818174474514,8847.63018035549,9.555652633508954,9.85894800101479,50.0,11.802354286447036,2302.786376953125,11.802354286447036,83.79671543377395,83.79671543377395,0.0,0.0,5.208333333333333,0.3663808780605136,429.7173714067458,161.98924870566307,232.36981964450933,150.0,1.0,1.9434062854322462,0.0,1986.597715201681,487.53329762800786,475.49007896836804,4178.994778111465,45.70389748642083,0.0,445.0285799683013,83.79671543377395,94.41883429157629,41.666666666666664,12.043218659639834,191700744.8961891,95824833.33333333,10.0,1.0,7.853981633974483,20.0,2.5,98.17477042468104,8847.63018035549,9.555652633508954,9.85894800101479,50.0,11.802354286447036,2302.786376953125,429.7173714067458,5.208333333333333,0.3663808780605136,161.98924870566307
254,0.978774,1.0,1,1944.4301920988103,0.0,487.53329762800786,9.555652633508954,76.44522106807163,86.00087370158059,1080.2399177404168,0.0,0.0,790.761828155455,1.0,0.0,0.0,30.567752474041633,0.0,227.48187099875022,8847.63018035549,9.555652633508954,9.85894800101479,50.0,11.802354286447036,2302.786376953125,11.802354286447036,83.79671543377395,83.79671543377395,0.0,0.0,5.208333333333333,0.3663808780605136,429.7173714067458,161.98924870566307,232.36981964450933,150.0,1.0,1.9434062854322462,0.0,1986.597715201681,487.53329762800786,475.49007896836804,4178.994778111465,45.70389748642083,0.0,445.0285799683013,83.79671543377395,94.41883429157629,41.666666666666664,12.043218659639834,191700744.8961891,95824833.33333333,10.0,1.0,7.853981633974483,20.0,2.5,98.17477042468104,8847.63018035549,9.555652633508954,9.85894800101479,50.0,11.802354286447036,2302.786376953125,429.7173714067458,5.208333333333333,0.3663808780605136,161.98924870566307
255,0.975325,1.0,1,1937.5784165790794,0.0,487.53329762800786,9.555652633508954,76.44522106807163,86.00087370158059,1080.2399177404168,0.0,0.0,790.761828155455,1.0,0.0,0.0,30.567752474041633,0.0,229.4155602527553,8847.63018035549,9.555652633508954,9.85894800101479,50.0,11.802354286447036,2302.786376953125,11.802354286447036,83.79671543377395,83.79671543377395,0.0,0.0,5.208333333333333,0.3663808780605136,429.7173714067458,161.98924870566307,232.36981964450933,150.0,1.0,1.9434062854322462,0.0,1986.597715201681,487.53329762800786,475.49007896836804,4178.994778111465,45.70389748642083,0.0,445.0285799683013,83.79671543377395,94.41883429157629,41.666666666666664,12.043218659639834,191700744.8961891,95824833.33333333,10.0,1.0,7.853981633974483,20.0,2.5,98.17477042468104,8847.63018035549,9.555652633508954,9.85894800101479,50.0,11.802354286447036,2302.786376953125,429.7173714067458,5.208333333333333,0.3663808780605136,161.98924870566307
256,0.979739,1.0,1,1946.3472588939799,0.0,487.53329762800786,9.555652633508954,76.44522106807163,86.00087370158059,1080.2399177404168,0.0,0.0,790.761828155455,1.0,0.0,0.0,30.567752474041633,0.0,231.3492495067604,8847.63018035549,9.555652633508954,9.85894800101479,50.0,11.802354286447036,2302.786376953125,11.802354286447036,83.79671543377395,83.79671543377395,0.0,0.0,5.208333333333333,0.3663808780605136,429.7173714067458,161.98924870566307,232.36981964450933,150.0,1.0,1.9434062854322462,0.0,1986.597715201681,487.53329762800786,475.49007896836804,4178.994778111465,45.70389748642083,0.0,445.0285799683013,83.79671543377395,94.41883429157629,41.666666666666664,12.043218659639834,191700744.8961891,95824833.33333333,10.0,1.0,7.853981633974483,20.0,2.5,98.17477042468104,8847.63018035549,9.555652633508954,9.85894800101479,50.0,11.802354286447036,2302.786376953125,429.7173714067458,5.208333333333333,0.3663808780605136,161.98924870566307
257,0.987145,1.0,1,1961.0600015727634,0.0,487.53329762800786,9.555652633508954,76.44522106807163,86.00087370158059,1080.2399177404168,0.0,0.0,790.761828155455,1.0,0.0,0.0,30.567752474041633,0.0,233.28293876076538,8847.63018035549,9.555652633508954,9.85894800101479,50.0,11.802354286447036,2302.786376953125,11.802354286447036,83.79671543377395,83.79671543377395,0.0,0.0,5.208333333333333,0.3663808780605136,429.7173714067458,161.98924870566307,232.36981964450933,150.0,1.0,1.9434062854322462,0.0,1986.597715201681,487.53329762800786,475.49007896836804,4178.994778111465,45.70389748642083,0.0,445.0285799683013,83.79671543377395,94.41883429157629,41.666666666666664,12.043218659639834,191700744.8961891,95824833.33333333,10.0,1.0,7.853981633974483,20.0,2.5,98.17477042468104,8847.63018035549,9.555652633508954,9.85894800101479,50.0,11.802354286447036,2302.786376953125,429.7173714067458,5.208333333333333,0.3663808780605136,161.98924870566307
258,0.988559,1.0,1,1963.8690507420586,0.0,487.53329762800786,9.555652633508954,76.44522106807163,86.00087370158059,1080.2399177404168,0.0,0.0,790.761828155455,1.0,0.0,0.0,30.567752474041633,0.0,235.21662801477046,8847.63018035549,9.555652633508954,9.85894800101479,50.0,11.802354286447036,2302.786376953125,11.802354286447036,83.79671543377395,83.79671543377395,0.0,0.0,5.208333333333333,0.3663808780605136,429.7173714067458,161.98924870566307,232.36981964450933,150.0,1.0,1.9434062854322462,0.0,1986.597715201681,487.53329762800786,475.49007896836804,4178.994778111465,45.70389748642083,0.0,445.0285799683013,83.79671543377395,94.41883429157629,41.666666666666664,12.043218659639834,191700744.8961891,95824833.33333333,10.0,1.0,7.853981633974483,20.0,2.5,98.17477042468104,8847.63018035549,9.555652633508954,9.85894800101479,50.0,11.802354286447036,2302.786376953125,429.7173714067458,5.208333333333333,0.3663808780605136,161.98924870566307
259,0.986661,1.0,1,1960.0984882786058,0.0,487.53329762800786,9.555652633508954,76.44522106807163,86.00087370158059,1080.2399177404168,0.0,0.0,790.761828155455,1.0,0.0,0.0,30.567752474041633,0.0,237.15031726877555,8847.63018035549,9.555652633508954,9.85894800101479,50.0,11.802354286447036,2302.786376953125,11.802354286447036,83.79671543377395,83.79671543377395,0.0,0.0,5.208333333333333,0.3663808780605136,429.7173714067458,161.98924870566307,232.36981964450933,150.0,1.0,1.9434062854322462,0.0,1986.597715201681,487.53329762800786,475.49007896836804,4178.994778111465,45.70389748642083,0.0,445.0285799683013,83.79671543377395,94.41883429157629,41.666666666666664,12.043218659639834,191700744.8961891,95824833.33333333,10.0,1.0,7.853981633974483,20.0,2.5,98.17477042468104,8847.63018035549,9.555652633508954,9.85894800101479,50.0,11.802354286447036,2302.786376953125,429.7173714067458,5.208333333333333,0.3663808780605136,161.98924870566307
260,0.982194,1.0,1,1951.2243562847998,0.0,487.53329762800786,9.555652633508954,76.44522106807163,86.00087370158059,1080.2399177404168,0.0,0.0,790.761828155455,1.0,0.0,0.0,30.567752474041633,0.0,239.08400652278064,8847.63018035549,9.555652633508954,9.85894800101479,50.0,11.802354286447036,2302.786376953125,11.802354286447036,83.79671543377395,83.79671543377395,0.0,0.0,5.208333333333333,0.3663808780605136,429.7173714067458,161.98924870566307,232.36981964450933,150.0,1.0,1.9434062854322462,0.0,1986.597715201681,487.53329762800786,475.49007896836804,4178.994778111465,45.70389748642083,0.0,445.0285799683013,83.79671543377395,94.41883429157629,41.666666666666664,12.043218659639834,191700744.8961891,95824833.33333333,10.0,1.0,7.853981633974483,20.0,2.5,98.17477042468104,8847.63018035549,9.555652633508954,9.85894800101479,50.0,11.802354286447036,2302.786376953125,429.7173714067458,5.208333333333333,0.3663808780605136,161.98924870566307
261,0.975078,1.0,1,1937.0877269434247,0.0,487.53329762800786,9.555652633508954,76.44522106807163,86.00087370158059,1080.2399177404168,0.0,0.0,790.761828155455,1.0,0.0,0.0,30.567752474041633,0.0,241.01769577678573,8847.63018035549,9.555652633508954,9.85894800101479,50.0,11.802354286447036,2302.786376953125,11.802354286447036,83.79671543377395,83.79671543377395,0.0,0.0,5.208333333333333,0.3663808780605136,429.7173714067458,161.98924870566307,232.36981964450933,150.0,1.0,1.9434062854322462,0.0,1986.597715201681,487.53329762800786,475.49007896836804,4178.994778111465,45.70389748642083,0.0,445.0285799683013,83.79671543377395,94.41883429157629,41.666666666666664,12.043218659639834,191700744.8961891,95824833.33333333,10.0,1.0,7.853981633974483,20.0,2.5,98.17477042468104,8847.63018035549,9.555652633508954,9.85894800101479,50.0,11.802354286447036,2302.786376953125,429.7173714067458,5.208333333333333,0.3663808780605136,161.98924870566307
262,0.974311,1.0,1,1935.5640064958652,0.0,487.53329762800786,9.555652633508954,76.44522106807163,86.00087370158059,1080.2399177404168,0.0,0.0,790.761828155455,1.0,0.0,0.0,30.567752474041633,0.0,242.95138503079082,8847.63018035549,9.555652633508954,9.85894800101479,50.0,11.802354286447036,2302.786376953125,11.802354286447036,83.79671543377395,83.79671543377395,0.0,0.0,5.208333333333333,0.3663808780605136,429.7173714067458,161.98924870566307,232.36981964450933,150.0,1.0,1.9434062854322462,0.0,1986.597715201681,487.53329762800786,475.49007896836804,4178.994778111465,45.70389748642083,0.0,445.0285799683013,83.79671543377395,94.41883429157629,41.666666666666664,12.043218659639834,191700744.8961891,95824833.33333333,10.0,1.0,7.853981633974483,20.0,2.5,98.17477042468104,8847.63018035549,9.555652633508954,9.85894800101479,50.0,11.802354286447036,2302.786376953125,429.7173714067458,5.208333333333333,0.3663808780605136,161.98924870566307
263,0.97831,1.0,1,1943.5084107589566,0.0,487.53329762800786,9.555652633508954,76.44522106807163,86.00087370158059,1080.2399177404168,0.0,0.0,790.761828155455,1.0,0.0,0.0,30.567752474041633,0.0,244.8850742847959,8847.63018035549,9.555652633508954,9.85894800101479,50.0,11.802354286447036,2302.786376953125,11.802354286447036,83.79671543377395,83.79671543377395,0.0,0.0,5.208333333333333,0.3663808780605136,429.7173714067458,161.98924870566307,232.36981964450933,150.0,1.0,1.9434062854322462,0.0,1986.597715201681,487.53329762800786,475.49007896836804,4178.994778111465,45.70389748642083,0.0,445.0285799683013,83.79671543377395,94.41883429157629,41.666666666666664,12.043218659639834,191700744.8961891,95824833.33333333,10.0,1.0,7.853981633974483,20.0,2.5,98.17477042468104,8847.63018035549,9.555652633508954,9.85894800101479,50.0,11.802354286447036,2302.786376953125,429.7173714067458,5.208333333333333,0.3663808780605136,161.98924870566307
264,0.913442,1.0,1,1814.641790169254,0.0,487.53329762800786,9.555652633508954,76.44522106807163,86.00087370158059,1080.2399177404168,0.0,0.0,790.761828155455,1.0,0.0,0.0,30.567752474041633,0.0,246.818763538801,8847.63018035549,9.555652633508954,9.85894800101479,50.0,11.802354286447036,2302.786376953125,11.802354286447036,83.79671543377395,83.79671543377395,0.0,0.0,5.208333333333333,0.3663808780605136,429.7173714067458,161.98924870566307,232.36981964450933,150.0,1.0,1.9434062854322462,0.0,1986.597715201681,487.53329762800786,475.49007896836804,4178.994778111465,45.70389748642083,0.0,445.0285799683013,83.79671543377395,94.41883429157629,41.666666666666664,12.043218659639834,191700744.8961891,95824833.33333333,10.0,1.0,7.853981633974483,20.0,2.5,98.17477042468104,8847.63018035549,9.555652633508954,9.85894800101479,50.0,11.802354286447036,2302.786376953125,429.7173714067458,5.208333333333333,0.3663808780605136,161.98924870566307
265,0.916818,1.0,1,1821.348544055775,0.0,487.53329762800786,9.555652633508954,76.44522106807163,86.00087370158059,1080.2399177404168,0.0,0.0,790.761828155455,1.0,0.0,0.0,30.567752474041633,0.0,248.75245279280603,8847.63018035549,9.555652633508954,9.85894800101479,50.0,11.802354286447036,2302.786376953125,11.802354286447036,83.79671543377395,83.79671543377395,0.0,0.0,5.208333333333333,0.3663808780605136,429.7173714067458,161.98924870566307,232.36981964450933,150.0,1.0,1.9434062854322462,0.0,1986.597715201681,487.53329762800786,475.49007896836804,4178.994778111465,45.70389748642083,0.0,445.0285799683013,83.79671543377395,94.41883429157629,41.666666666666664,12.043218659639834,191700744.8961891,95824833.33333333,10.0,1.0,7.853981633974483,20.0,2.5,98.17477042468104,8847.63018035549,9.555652633508954,9.85894800101479,50.0,11.802354286447036,2302.786376953125,429.7173714067458,5.208333333333333,0.3663808780605136,161.98924870566307
266,0.917991,1.0,1,1823.6788231757064,0.0,487.53329762800786,9.555652633508954,76.44522106807163,86.00087370158059,1823.6788231757064,743.4389054352897,0.0,1497.02878831898,1.0,0.0,0.0,30.567752474041633,0.0,250.6861420468111,8847.63018035549,9.555652633508954,9.85894800101479,50.0,11.802354286447036,2302.786376953125,11.802354286447036,83.79671543377395,83.79671543377395,0.0,0.0,5.208333333333333,0.3663808780605136,429.7173714067458,161.98924870566307,232.36981964450933,150.0,1.0,1.9434062854322462,0.0,1986.597715201681,487.53329762800786,475.49007896836804,4178.994778111465,45.70389748642083,0.0,445.0285799683013,83.79671543377395,94.41883429157629,41.666666666666664,12.043218659639834,191700744.8961891,95824833.33333333,10.0,1.0,7.853981633974483,20.0,2.5,98.17477042468104,8847.63018035549,9.555652633508954,9.85894800101479,50.0,11.802354286447036,2302.786376953125,429.7173714067458,5.208333333333333,0.3663808780605136,161.98924870566307
267,0.916513,1.0,1,1820.7426317526383,0.0,487.53329762800786,9.555652633508954,76.44522106807163,86.00087370158059,1820.7426317526383,740.5027140122216,0.0,2200.5063666305905,1.0,0.0,0.0,30.567752474041633,0.0,252.6198313008162,8847.63018035549,9.555652633508954,9.85894800101479,50.0,11.802354286447036,2302.786376953125,11.802354286447036,83.79671543377395,83.79671543377395,0.0,0.0,5.208333333333333,0.3663808780605136,429.7173714067458,161.98924870566307,232.36981964450933,150.0,1.0,1.9434062854322462,0.0,1986.597715201681,487.53329762800786,475.49007896836804,4178.994778111465,45.70389748642083,0.0,445.0285799683013,83.79671543377395,94.41883429157629,41.666666666666664,12.043218659639834,191700744.8961891,95824833.33333333,10.0,1.0,7.853981633974483,20.0,2.5,98.17477042468104,8847.63018035549,9.555652633508954,9.85894800101479,50.0,11.802354286447036,2302.786376953125,429.7173714067458,5.208333333333333,0.3663808780605136,161.98924870566307
268,0.906717,1.0,1,1801.2819205345227,0.0,487.53329762800786,9.555652633508954,76.44522106807163,86.00087370158059,1241.4998429381026,161.25992519768573,0.0,2353.703295568392,1.0,0.0,0.0,30.567752474041633,0.0,254.5535205548213,8847.63018035549,9.555652633508954,9.85894800101479,50.0,11.802354286447036,2302.786376953125,11.802354286447036,83.79671543377395,83.79671543377395,0.0,0.0,5.208333333333333,0.3663808780605136,429.7173714067458,161.98924870566307,232.36981964450933,150.0,1.0,1.9434062854322462,0.0,1986.597715201681,487.53329762800786,475.49007896836804,4178.994778111465,45.70389748642083,0.0,445.0285799683013,83.79671543377395,94.41883429157629,41.666666666666664,12.043218659639834,191700744.8961891,95824833.33333333,10.0,1.0,7.853981633974483,20.0,2.5,98.17477042468104,8847.63018035549,9.555652633508954,9.85894800101479,50.0,11.802354286447036,2302.786376953125,429.7173714067458,5.208333333333333,0.3663808780605136,161.98924870566307
269,0.886069,1.0,1,1760.2626509110382,0.0,487.53329762800786,9.555652633508954,76.44522106807163,86.00087370158059,1760.2626509110382,680.0227331706216,0.0,2999.7248920804827,1.0,0.0,0.0,30.567752474041633,0.0,256.4872098088265,8847.63018035549,9.555652633508954,9.85894800101479,50.0,11.802354286447036,2302.786376953125,11.802354286447036,83.79671543377395,83.79671543377395,0.0,0.0,5.208333333333333,0.3663808780605136,429.7173714067458,161.98924870566307,232.36981964450933,150.0,1.0,1.9434062854322462,0.0,1986.597715201681,487.53329762800786,475.49007896836804,4178.994778111465,45.70389748642083,0.0,445.0285799683013,83.79671543377395,94.41883429157629,41.666666666666664,12.043218659639834,191700744.8961891,95824833.33333333,10.0,1.0,7.853981633974483,20.0,2.5,98.17477042468104,8847.63018035549,9.555652633508954,9.85894800101479,50.0,11.802354286447036,2302.786376953125,429.7173714067458,5.208333333333333,0.3663808780605136,161.98924870566307
270,0.854226,1.0,1,1697.0034198658711,0.0,487.53329762800786,9.555652633508954,76.44522106807163,86.00087370158059,1164.0366331741907,0.0,0.0,2999.7248920804827,-0.0,0.0,0.0,30.567752474041633,0.0,258.42089906283155,8847.63018035549,9.555652633508954,9.85894800101479,50.0,11.802354286447036,2302.786376953125,11.802354286447036,83.79671543377395,0.0,83.79671543377395,83.79671543377395,5.208333333333333,0.3663808780605136,429.7173714067458,161.98924870566307,232.36981964450933,150.0,1.0,1.9434062854322462,0.0,1986.597715201681,487.53329762800786,475.49007896836804,4178.994778111465,45.70389748642083,0.0,445.0285799683013,83.79671543377395,94.41883429157629,41.666666666666664,12.043218659639834,191700744.8961891,95824833.33333333,10.0,1.0,7.853981633974483,20.0,2.5,98.17477042468104,8847.63018035549,9.555652633508954,9.85894800101479,50.0,11.802354286447036,2302.786376953125,429.7173714067458,5.208333333333333,0.3663808780605136,161.98924870566307
271,0.8108719999999999,1.0,1,1610.8764625210174,0.0,487.53329762800786,9.555652633508954,76.44522106807163,86.00087370158059,1610.8764625210174,530.6365447806007,0.0,3503.8296096220533,-0.0,0.0,0.0,30.567752474041633,0.0,260.3545883168366,8847.63018035549,9.555652633508954,9.85894800101479,50.0,11.802354286447036,2302.786376953125,11.802354286447036,83.79671543377395,83.79671543377395,0.0,0.0,5.208333333333333,0.3663808780605136,429.7173714067458,161.98924870566307,232.36981964450933,150.0,1.0,1.9434062854322462,0.0,1986.597715201681,487.53329762800786,475.49007896836804,4178.994778111465,45.70389748642083,0.0,445.0285799683013,83.79671543377395,94.41883429157629,41.666666666666664,12.043218659639834,191700744.8961891,95824833.33333333,10.0,1.0,7.853981633974483,20.0,2.5,98.17477042468104,8847.63018035549,9.555652633508954,9.85894800101479,50.0,11.802354286447036,2302.786376953125,429.7173714067458,5.208333333333333,0.3663808780605136,161.98924870566307
272,0.755324,1.0,1,1500.5249326369944,0.0,487.53329762800786,9.555652633508954,76.44522106807163,86.00087370158059,1500.5249326369944,420.2850148965777,0.0,3903.100373773802,-0.0,0.0,0.0,30.567752474041633,0.0,262.2882775708417,8847.63018035549,9.555652633508954,9.85894800101479,50.0,11.802354286447036,2302.786376953125,11.802354286447036,83.79671543377395,83.79671543377395,0.0,0.0,5.208333333333333,0.3663808780605136,429.7173714067458,161.98924870566307,232.36981964450933,150.0,1.0,1.9434062854322462,0.0,1986.597715201681,487.53329762800786,475.49007896836804,4178.994778111465,45.70389748642083,0.0,445.0285799683013,83.79671543377395,94.41883429157629,41.666666666666664,12.043218659639834,191700744.8961891,95824833.33333333,10.0,1.0,7.853981633974483,20.0,2.5,98.17477042468104,8847.63018035549,9.555652633508954,9.85894800101479,50.0,11.802354286447036,2302.786376953125,429.7173714067458,5.208333333333333,0.3663808780605136,161.98924870566307
273,0.689951,1.0,1,1370.655080201115,0.0,487.53329762800786,9.555652633508954,76.44522106807163,86.00087370158059,1370.655080201115,290.41516246069824,0.0,4178.994778111465,1.0,0.0,0.0,30.567752474041633,0.0,264.22196682484685,8847.63018035549,9.555652633508954,9.85894800101479,50.0,11.802354286447036,2302.786376953125,11.802354286447036,83.79671543377395,83.79671543377395,0.0,0.0,5.208333333333333,0.3663808780605136,429.7173714067458,161.98924870566307,232.36981964450933,150.0,1.0,1.9434062854322462,0.0,1986.597715201681,487.53329762800786,475.49007896836804,4178.994778111465,45.70389748642083,0.0,445.0285799683013,83.79671543377395,94.41883429157629,41.666666666666664,12.043218659639834,191700744.8961891,95824833.33333333,10.0,1.0,7.853981633974483,20.0,2.5,98.17477042468104,8847.63018035549,9.555652633508954,9.85894800101479,50.0,11.802354286447036,2302.786376953125,429.7173714067458,5.208333333333333,0.3663808780605136,161.98924870566307
274,0.623527,1.0,1,1238.6973135665587,0.0,487.53329762800786,9.555652633508954,76.44522106807163,86.00087370158059,1080.2399177404168,0.0,0.0,4178.994778111465,1.0,0.0,0.0,30.567752474041633,0.0,266.1556560788519,8847.63018035549,9.555652633508954,9.85894800101479,50.0,11.802354286447036,2302.786376953125,11.802354286447036,83.79671543377395,83.79671543377395,0.0,0.0,5.208333333333333,0.3663808780605136,429.7173714067458,161.98924870566307,232.36981964450933,150.0,1.0,1.9434062854322462,0.0,1986.597715201681,487.53329762800786,475.49007896836804,4178.994778111465,45.70389748642083,0.0,445.0285799683013,83.79671543377395,94.41883429157629,41.666666666666664,12.043218659639834,191700744.8961891,95824833.33333333,10.0,1.0,7.853981633974483,20.0,2.5,98.17477042468104,8847.63018035549,9.555652633508954,9.85894800101479,50.0,11.802354286447036,2302.786376953125,429.7173714067458,5.208333333333333,0.3663808780605136,161.98924870566307
275,0.572665,1.0,1,1137.6549805759705,0.0,487.53329762800786,9.555652633508954,76.44522106807163,86.00087370158059,1080.2399177404168,0.0,0.0,4178.994778111465,1.0,0.0,0.0,30.567752474041633,0.0,268.08934533285696,8847.63018035549,9.555652633508954,9.85894800101479,50.0,11.802354286447036,2302.786376953125,11.802354286447036,83.79671543377395,83.79671543377395,0.0,0.0,5.208333333333333,0.3663808780605136,429.7173714067458,161.98924870566307,232.36981964450933,150.0,1.0,1.9434062854322462,0.0,1986.597715201681,487.53329762800786,475.49007896836804,4178.994778111465,45.70389748642083,0.0,445.0285799683013,83.79671543377395,94.41883429157629,41.666666666666664,12.043218659639834,191700744.8961891,95824833.33333333,10.0,1.0,7.853981633974483,20.0,2.5,98.17477042468104,8847.63018035549,9.555652633508954,9.85894800101479,50.0,11.802354286447036,2302.786376953125,429.7173714067458,5.208333333333333,0.3663808780605136,161.98924870566307
276,0.542372,1.0,1,1077.4749759893662,0.0,487.53329762800786,9.555652633508954,76.44522106807163,86.00087370158059,1080.2399177404168,0.0,2.7649417510505714,4176.084313110359,1.0,0.0,0.0,30.567752474041633,0.0,270.023034586862,8847.63018035549,9.555652633508954,9.85894800101479,50.0,11.802354286447036,2302.786376953125,11.802354286447036,83.79671543377395,83.79671543377395,0.0,0.0,5.208333333333333,0.3663808780605136,429.7173714067458,161.98924870566307,232.36981964450933,150.0,1.0,1.9434062854322462,0.0,1986.597715201681,487.53329762800786,475.49007896836804,4178.994778111465,45.70389748642083,0.0,445.0285799683013,83.79671543377395,94.41883429157629,41.666666666666664,12.043218659639834,191700744.8961891,95824833.33333333,10.0,1.0,7.853981633974483,20.0,2.5,98.17477042468104,8847.63018035549,9.555652633508954,9.85894800101479,50.0,11.802354286447036,2302.786376953125,429.7173714067458,5.208333333333333,0.3663808780605136,161.98924870566307
277,0.520986,1.0,1,1034.9895972520628,0.0,487.53329762800786,9.555652633508954,76.44522106807163,86.00087370158059,1080.2399177404168,0.0,45.25032048835391,4128.452396806829,1.0,0.0,0.0,30.567752474041633,0.0,271.95672384086714,8847.63018035549,9.555652633508954,9.85894800101479,50.0,11.802354286447036,2302.786376953125,11.802354286447036,83.79671543377395,83.79671543377395,0.0,0.0,5.208333333333333,0.3663808780605136,429.7173714067458,161.98924870566307,232.36981964450933,150.0,1.0,1.9434062854322462,0.0,1986.597715201681,487.53329762800786,475.49007896836804,4178.994778111465,45.70389748642083,0.0,445.0285799683013,83.79671543377395,94.41883429157629,41.666666666666664,12.043218659639834,191700744.8961891,95824833.33333333,10.0,1.0,7.853981633974483,20.0,2.5,98.17477042468104,8847.63018035549,9.555652633508954,9.85894800101479,50.0,11.802354286447036,2302.786376953125,429.7173714067458,5.208333333333333,0.3663808780605136,161.98924870566307
278,0.496553,1.0,1,986.4510552765404,0.0,487.53329762800786,9.555652633508954,76.44522106807163,86.00087370158059,1080.2399177404168,0.0,93.78886246387634,4029.727278423801,1.0,0.0,0.0,30.567752474041633,0.0,273.8904130948722,8847.63018035549,9.555652633508954,9.85894800101479,50.0,11.802354286447036,2302.786376953125,11.802354286447036,83.79671543377395,83.79671543377395,0.0,0.0,5.208333333333333,0.3663808780605136,429.7173714067458,161.98924870566307,232.36981964450933,150.0,1.0,1.9434062854322462,0.0,1986.597715201681,487.53329762800786,475.49007896836804,4178.994778111465,45.70389748642083,0.0,445.0285799683013,83.79671543377395,94.41883429157629,41.666666666666664,12.043218659639834,191700744.8961891,95824833.33333333,10.0,1.0,7.853981633974483,20.0,2.5,98.17477042468104,8847.63018035549,9.555652633508954,9.85894800101479,50.0,11.802354286447036,2302.786376953125,429.7173714067458,5.208333333333333,0.3663808780605136,161.98924870566307
279,0.45986,1.0,1,913.5568253126451,0.0,487.53329762800786,9.555652633508954,76.44522106807163,86.00087370158059,1080.2399177404168,0.0,166.68309242777167,3854.2713916577245,1.0,0.0,0.0,30.567752474041633,0.0,275.8241023488773,8847.63018035549,9.555652633508954,9.85894800101479,50.0,11.802354286447036,2302.786376953125,11.802354286447036,83.79671543377395,83.79671543377395,0.0,0.0,5.208333333333333,0.3663808780605136,429.7173714067458,161.98924870566307,232.36981964450933,150.0,1.0,1.9434062854322462,0.0,1986.597715201681,487.53329762800786,475.49007896836804,4178.994778111465,45.70389748642083,0.0,445.0285799683013,83.79671543377395,94.41883429157629,41.666666666666664,12.043218659639834,191700744.8961891,95824833.33333333,10.0,1.0,7.853981633974483,20.0,2.5,98.17477042468104,8847.63018035549,9.555652633508954,9.85894800101479,50.0,11.802354286447036,2302.786376953125,429.7173714067458,5.208333333333333,0.3663808780605136,161.98924870566307
280,0.419245,1.0,1,832.8711591097288,0.0,487.53329762800786,9.555652633508954,76.44522106807163,86.00087370158059,1080.2399177404168,0.0,247.36875863068798,3593.883224678053,-0.0,0.0,0.0,30.567752474041633,0.0,277.75779160288243,8847.63018035549,9.555652633508954,9.85894800101479,50.0,11.802354286447036,2302.786376953125,11.802354286447036,83.79671543377395,83.79671543377395,0.0,0.0,5.208333333333333,0.3663808780605136,429.7173714067458,161.98924870566307,232.36981964450933,150.0,1.0,1.9434062854322462,0.0,1986.597715201681,487.53329762800786,475.49007896836804,4178.994778111465,45.70389748642083,0.0,445.0285799683013,83.79671543377395,94.41883429157629,41.666666666666664,12.043218659639834,191700744.8961891,95824833.33333333,10.0,1.0,7.853981633974483,20.0,2.5,98.17477042468104,8847.63018035549,9.555652633508954,9.85894800101479,50.0,11.802354286447036,2302.786376953125,429.7173714067458,5.208333333333333,0.3663808780605136,161.98924870566307
281,0.38481,1.0,1,764.4626667867589,0.0,353.9405199301693,6.937234190631318,55.497873525050544,62.43510771568186,946.908981886866,0.0,182.446315100107,3401.8344719410984,-0.0,0.0,2.6184184428776374,27.89589692008486,0.0,279.6914808568875,8847.63018035549,9.555652633508954,9.85894800101479,50.0,11.802354286447036,2302.786376953125,11.802354286447036,83.79671543377395,83.79671543377395,0.0,0.0,5.208333333333333,0.3663808780605136,429.7173714067458,161.98924870566307,232.36981964450933,150.0,1.0,1.9434062854322462,0.0,1986.597715201681,487.53329762800786,475.49007896836804,4178.994778111465,45.70389748642083,0.0,445.0285799683013,83.79671543377395,94.41883429157629,41.666666666666664,12.043218659639834,191700744.8961891,95824833.33333333,10.0,1.0,7.853981633974483,20.0,2.5,98.17477042468104,8847.63018035549,9.555652633508954,9.85894800101479,50.0,11.802354286447036,2302.786376953125,429.7173714067458,5.208333333333333,0.3663808780605136,161.98924870566307
282,0.371358,1.0,1,737.7389543218659,0.0,487.53329762800786,9.555652633508954,76.44522106807163,86.00087370158059,1080.2399177404168,0.0,342.50096341855084,3041.3071420268343,-0.0,0.0,0.0,27.89589692008486,0.0,281.62517011089255,8847.63018035549,9.555652633508954,9.85894800101479,50.0,11.802354286447036,2302.786376953125,11.802354286447036,83.79671543377395,83.79671543377395,0.0,0.0,5.208333333333333,0.3663808780605136,429.7173714067458,161.98924870566307,232.36981964450933,150.0,1.0,1.9434062854322462,0.0,1986.597715201681,487.53329762800786,475.49007896836804,4178.994778111465,45.70389748642083,0.0,445.0285799683013,83.79671543377395,94.41883429157629,41.666666666666664,12.043218659639834,191700744.8961891,95824833.33333333,10.0,1.0,7.853981633974483,20.0,2.5,98.17477042468104,8847.63018035549,9.555652633508954,9.85894800101479,50.0,11.802354286447036,2302.786376953125,429.7173714067458,5.208333333333333,0.3663808780605136,161.98924870566307
283,0.366851,1.0,1,728.7853584194519,0.0,135.3885345714522,2.653615277600463,21.228922220803703,23.882537498404165,728.785358419452,0.0,0.0,3041.3071420268343,-0.0,0.0,6.902037355908491,20.853001658954014,0.0,283.55885936489767,8847.63018035549,9.555652633508954,9.85894800101479,50.0,11.802354286447036,2302.786376953125,11.802354286447036,83.79671543377395,83.79671543377395,0.0,0.0,5.208333333333333,0.3663808780605136,429.7173714067458,161.98924870566307,232.36981964450933,150.0,1.0,1.9434062854322462,0.0,1986.597715201681,487.53329762800786,475.49007896836804,4178.994778111465,45.70389748642083,0.0,445.0285799683013,83.79671543377395,94.41883429157629,41.666666666666664,12.043218659639834,191700744.8961891,95824833.33333333,10.0,1.0,7.853981633974483,20.0,2.5,98.17477042468104,8847.63018035549,9.555652633508954,9.85894800101479,50.0,11.802354286447036,2302.786376953125,429.7173714067458,5.208333333333333,0.3663808780605136,161.98924870566307
284,0.3455149999999999,1.0,1,686.3993095679086,0.0,92.91924591414059,1.8212172199171555,14.569737759337244,16.3909549792544,686.3993095679086,0.0,0.0,3041.3071420268343,-0.0,0.0,7.7344354135917985,12.960720624676668,0.0,285.4925486189028,8847.63018035549,9.555652633508954,9.85894800101479,50.0,11.802354286447036,2302.786376953125,11.802354286447036,83.79671543377395,83.79671543377395,0.0,0.0,5.208333333333333,0.3663808780605136,429.7173714067458,161.98924870566307,232.36981964450933,150.0,1.0,1.9434062854322462,0.0,1986.597715201681,487.53329762800786,475.49007896836804,4178.994778111465,45.70389748642083,0.0,445.0285799683013,83.79671543377395,94.41883429157629,41.666666666666664,12.043218659639834,191700744.8961891,95824833.33333333,10.0,1.0,7.853981633974483,20.0,2.5,98.17477042468104,8847.63018035549,9.555652633508954,9.85894800101479,50.0,11.802354286447036,2302.786376953125,429.7173714067458,5.208333333333333,0.3663808780605136,161.98924870566307
285,0.2994,1.0,1,594.7873559313833,0.0,1.1273802208564283,0.022096652328785993,0.17677321863028794,0.19886987095907394,594.7873559313833,0.0,0.0,3041.3071420268343,-0.0,0.0,9.533555981180168,3.2326022765336386,0.0,287.4262378729079,8847.63018035549,9.555652633508954,9.85894800101479,50.0,11.802354286447036,2302.786376953125,11.802354286447036,83.79671543377395,83.79671543377395,0.0,0.0,5.208333333333333,0.3663808780605136,429.7173714067458,161.98924870566307,232.36981964450933,150.0,1.0,1.9434062854322462,0.0,1986.597715201681,487.53329762800786,475.49007896836804,4178.994778111465,45.70389748642083,0.0,445.0285799683013,83.79671543377395,94.41883429157629,41.666666666666664,12.043218659639834,191700744.8961891,95824833.33333333,10.0,1.0,7.853981633974483,20.0,2.5,98.17477042468104,8847.63018035549,9.555652633508954,9.85894800101479,50.0,11.802354286447036,2302.786376953125,429.7173714067458,5.208333333333333,0.3663808780605136,161.98924870566307
286,0.24473,0.0,1,486.1800588413074,0.0,0.0,0.0,0.0,0.0,162.98924870566307,0.0,0.0,3041.3071420268343,-0.0,0.0,0.0,3.2326022765336386,0.0,277.51774741962674,0.0,0.0,9.85894800101479,50.0,0.0,0.0,0.0,0.0,0.0,0.0,0.0,5.208333333333333,0.3663808780605136,0.0,161.98924870566307,9080.0,150.0,-0.0,0.0,9.85894800101479,1986.597715201681,487.53329762800786,475.49007896836804,4178.994778111465,45.70389748642083,0.0,445.0285799683013,83.79671543377395,94.41883429157629,41.666666666666664,12.043218659639834,191700744.8961891,95824833.33333333,10.0,1.0,7.853981633974483,20.0,2.5,98.17477042468104,8847.63018035549,9.555652633508954,9.85894800101479,50.0,11.802354286447036,2302.786376953125,429.7173714067458,5.208333333333333,0.3663808780605136,161.98924870566307
287,0.183399,1.0,1,364.3400343702731,0.0,487.53329762800786,9.555652633508954,76.44522106807163,86.00087370158059,1080.2399177404168,0.0,715.8998833701437,2287.728317426683,-0.0,0.0,0.0,3.2326022765336386,0.0,279.4514366736318,8847.63018035549,9.555652633508954,9.85894800101479,50.0,11.802354286447036,2302.786376953125,11.802354286447036,83.79671543377395,83.79671543377395,0.0,0.0,5.208333333333333,0.3663808780605136,429.7173714067458,161.98924870566307,232.36981964450933,150.0,1.0,1.9434062854322462,0.0,1986.597715201681,487.53329762800786,475.49007896836804,4178.994778111465,45.70389748642083,0.0,445.0285799683013,83.79671543377395,94.41883429157629,41.666666666666664,12.043218659639834,191700744.8961891,95824833.33333333,10.0,1.0,7.853981633974483,20.0,2.5,98.17477042468104,8847.63018035549,9.555652633508954,9.85894800101479,50.0,11.802354286447036,2302.786376953125,429.7173714067458,5.208333333333333,0.3663808780605136,161.98924870566307
288,0.694955,1.0,1,1380.5960151679842,0.0,487.53329762800786,9.555652633508954,76.44522106807163,86.00087370158059,1380.5960151679842,300.3560974275674,0.0,2573.0666099828723,1.0,0.0,0.0,3.2326022765336386,0.0,281.38512592763686,8847.63018035549,9.555652633508954,9.85894800101479,50.0,11.802354286447036,2302.786376953125,11.802354286447036,83.79671543377395,83.79671543377395,0.0,0.0,5.208333333333333,0.3663808780605136,429.7173714067458,161.98924870566307,232.36981964450933,150.0,1.0,1.9434062854322462,0.0,1986.597715201681,487.53329762800786,475.49007896836804,4178.994778111465,45.70389748642083,0.0,445.0285799683013,83.79671543377395,94.41883429157629,41.666666666666664,12.043218659639834,191700744.8961891,95824833.33333333,10.0,1.0,7.853981633974483,20.0,2.5,98.17477042468104,8847.63018035549,9.555652633508954,9.85894800101479,50.0,11.802354286447036,2302.786376953125,429.7173714067458,5.208333333333333,0.3663808780605136,161.98924870566307
289,0.668439,1.0,1,1327.9193901516965,0.0,487.53329762800786,9.555652633508954,76.44522106807163,86.00087370158059,1327.9193901516965,247.67947241127968,0.0,2808.3621087735814,1.0,0.0,0.0,3.2326022765336386,0.0,283.3188151816419,8847.63018035549,9.555652633508954,9.85894800101479,50.0,11.802354286447036,2302.786376953125,11.802354286447036,83.79671543377395,83.79671543377395,0.0,0.0,5.208333333333333,0.3663808780605136,429.7173714067458,161.98924870566307,232.36981964450933,150.0,1.0,1.9434062854322462,0.0,1986.597715201681,487.53329762800786,475.49007896836804,4178.994778111465,45.70389748642083,0.0,445.0285799683013,83.79671543377395,94.41883429157629,41.666666666666664,12.043218659639834,191700744.8961891,95824833.33333333,10.0,1.0,7.853981633974483,20.0,2.5,98.17477042468104,8847.63018035549,9.555652633508954,9.85894800101479,50.0,11.802354286447036,2302.786376953125,429.7173714067458,5.208333333333333,0.3663808780605136,161.98924870566307
290,0.613669,1.0,1,1219.1134332901004,0.0,487.53329762800786,9.555652633508954,76.44522106807163,86.00087370158059,1219.1134332901004,138.8735155496836,0.0,2940.291948545781,1.0,0.0,0.0,3.2326022765336386,0.0,285.252504435647,8847.63018035549,9.555652633508954,9.85894800101479,50.0,11.802354286447036,2302.786376953125,11.802354286447036,83.79671543377395,83.79671543377395,0.0,0.0,5.208333333333333,0.3663808780605136,429.7173714067458,161.98924870566307,232.36981964450933,150.0,1.0,1.9434062854322462,0.0,1986.597715201681,487.53329762800786,475.49007896836804,4178.994778111465,45.70389748642083,0.0,445.0285799683013,83.79671543377395,94.41883429157629,41.666666666666664,12.043218659639834,191700744.8961891,95824833.33333333,10.0,1.0,7.853981633974483,20.0,2.5,98.17477042468104,8847.63018035549,9.555652633508954,9.85894800101479,50.0,11.802354286447036,2302.786376953125,429.7173714067458,5.208333333333333,0.3663808780605136,161.98924870566307
291,0.596526,1.0,1,1185.057188658398,0.0,487.53329762800786,9.555652633508954,76.44522106807163,86.00087370158059,1185.057188658398,104.8172709179812,0.0,3039.868355917863,1.0,0.0,0.0,3.2326022765336373,0.0,287.1861936896521,8847.63018035549,9.555652633508954,9.85894800101479,50.0,11.802354286447036,2302.786376953125,11.802354286447036,83.79671543377395,83.79671543377395,0.0,0.0,5.208333333333333,0.3663808780605136,429.7173714067458,161.98924870566307,232.36981964450933,150.0,1.0,1.9434062854322462,0.0,1986.597715201681,487.53329762800786,475.49007896836804,4178.994778111465,45.70389748642083,0.0,445.0285799683013,83.79671543377395,94.41883429157629,41.666666666666664,12.043218659639834,191700744.8961891,95824833.33333333,10.0,1.0,7.853981633974483,20.0,2.5,98.17477042468104,8847.63018035549,9.555652633508954,9.85894800101479,50.0,11.802354286447036,2302.786376953125,429.7173714067458,5.208333333333333,0.3663808780605136,161.98924870566307
292,0.583219,1.0,1,1158.6215328622093,0.0,487.53329762800786,9.555652633508954,76.44522106807163,86.00087370158059,1158.6215328622093,78.38161512179249,0.0,3114.330890283566,1.0,0.0,0.0,3.2326022765336373,0.0,289.11988294365716,8847.63018035549,9.555652633508954,9.85894800101479,50.0,11.802354286447036,2302.786376953125,11.802354286447036,83.79671543377395,83.79671543377395,0.0,0.0,5.208333333333333,0.3663808780605136,429.7173714067458,161.98924870566307,232.36981964450933,150.0,1.0,1.9434062854322462,0.0,1986.597715201681,487.53329762800786,475.49007896836804,4178.994778111465,45.70389748642083,0.0,445.0285799683013,83.79671543377395,94.41883429157629,41.666666666666664,12.043218659639834,191700744.8961891,95824833.33333333,10.0,1.0,7.853981633974483,20.0,2.5,98.17477042468104,8847.63018035549,9.555652633508954,9.85894800101479,50.0,11.802354286447036,2302.786376953125,429.7173714067458,5.208333333333333,0.3663808780605136,161.98924870566307
293,0.462563,1.0,1,918.9265989368351,0.0,325.903183801326,6.387702402505989,51.101619220047915,57.4893216225539,918.9265989368353,0.0,0.0,3114.330890283566,-0.0,0.0,3.1679502310029646,0.0,0.0,291.05357219766233,8847.63018035549,9.555652633508954,9.85894800101479,50.0,11.802354286447036,2302.786376953125,11.802354286447036,83.79671543377395,83.79671543377395,0.0,0.0,5.208333333333333,0.3663808780605136,429.7173714067458,161.98924870566307,232.36981964450933,150.0,1.0,1.9434062854322462,0.0,1986.597715201681,487.53329762800786,475.49007896836804,4178.994778111465,45.70389748642083,0.0,445.0285799683013,83.79671543377395,94.41883429157629,41.666666666666664,12.043218659639834,191700744.8961891,95824833.33333333,10.0,1.0,7.853981633974483,20.0,2.5,98.17477042468104,8847.63018035549,9.555652633508954,9.85894800101479,50.0,11.802354286447036,2302.786376953125,429.7173714067458,5.208333333333333,0.3663808780605136,161.98924870566307
294,0.266927,1.0,1,530.2765683256391,0.0,487.53329762800786,9.555652633508954,76.44522106807163,86.00087370158059,1080.2399177404168,0.0,549.9633494147777,2535.4221014259056,-0.0,0.0,0.0,0.0,0.0,292.9872614516674,8847.63018035549,9.555652633508954,9.85894800101479,50.0,11.802354286447036,2302.786376953125,11.802354286447036,83.79671543377395,83.79671543377395,0.0,0.0,5.208333333333333,0.3663808780605136,429.7173714067458,161.98924870566307,232.36981964450933,150.0,1.0,1.9434062854322462,0.0,1986.597715201681,487.53329762800786,475.49007896836804,4178.994778111465,45.70389748642083,0.0,445.0285799683013,83.79671543377395,94.41883429157629,41.666666666666664,12.043218659639834,191700744.8961891,95824833.33333333,10.0,1.0,7.853981633974483,20.0,2.5,98.17477042468104,8847.63018035549,9.555652633508954,9.85894800101479,50.0,11.802354286447036,2302.786376953125,429.7173714067458,5.208333333333333,0.3663808780605136,161.98924870566307
295,0.128809,-0.0,1,255.89166509741335,0.0,89.39801423378587,1.7522010789822031,14.017608631857625,15.769809710839828,255.89166509741332,0.0,0.0,2535.4221014259056,1.0,1.7522010789822031,0.0,1.717157057402559,0.0,283.0787709983862,0.0,0.0,9.85894800101479,50.0,0.0,0.0,0.0,0.0,0.0,0.0,0.0,5.208333333333333,0.3663808780605136,0.0,161.98924870566307,9080.0,150.0,-0.0,0.0,9.85894800101479,1986.597715201681,487.53329762800786,475.49007896836804,4178.994778111465,45.70389748642083,0.0,445.0285799683013,83.79671543377395,94.41883429157629,41.666666666666664,12.043218659639834,191700744.8961891,95824833.33333333,10.0,1.0,7.853981633974483,20.0,2.5,98.17477042468104,8847.63018035549,9.555652633508954,9.85894800101479,50.0,11.802354286447036,2302.786376953125,429.7173714067458,5.208333333333333,0.3663808780605136,161.98924870566307
296,0.109901,1.0,1,218.32907549837995,0.0,487.53329762800786,9.555652633508954,76.44522106807163,86.00087370158059,1080.2399177404168,0.0,861.9108422420368,1628.1475306448142,-0.0,0.0,0.0,1.7171570574025594,0.0,285.01246025239124,8847.63018035549,9.555652633508954,9.85894800101479,50.0,11.802354286447036,2302.786376953125,11.802354286447036,83.79671543377395,83.79671543377395,0.0,0.0,5.208333333333333,0.3663808780605136,429.7173714067458,161.98924870566307,232.36981964450933,150.0,1.0,1.9434062854322462,0.0,1986.597715201681,487.53329762800786,475.49007896836804,4178.994778111465,45.70389748642083,0.0,445.0285799683013,83.79671543377395,94.41883429157629,41.666666666666664,12.043218659639834,191700744.8961891,95824833.33333333,10.0,1.0,7.853981633974483,20.0,2.5,98.17477042468104,8847.63018035549,9.555652633508954,9.85894800101479,50.0,11.802354286447036,2302.786376953125,429.7173714067458,5.208333333333333,0.3663808780605136,161.98924870566307
297,0.164786,1.0,1,327.3634910972242,0.0,487.53329762800786,9.555652633508954,76.44522106807163,86.00087370158059,1080.2399177404168,0.0,752.8764266431925,835.646028915138,-0.0,0.0,0.0,1.7171570574025594,0.0,286.9461495063963,8847.63018035549,9.555652633508954,9.85894800101479,50.0,11.802354286447036,2302.786376953125,11.802354286447036,83.79671543377395,83.79671543377395,0.0,0.0,5.208333333333333,0.3663808780605136,429.7173714067458,161.98924870566307,232.36981964450933,150.0,1.0,1.9434062854322462,0.0,1986.597715201681,487.53329762800786,475.49007896836804,4178.994778111465,45.70389748642083,0.0,445.0285799683013,83.79671543377395,94.41883429157629,41.666666666666664,12.043218659639834,191700744.8961891,95824833.33333333,10.0,1.0,7.853981633974483,20.0,2.5,98.17477042468104,8847.63018035549,9.555652633508954,9.85894800101479,50.0,11.802354286447036,2302.786376953125,429.7173714067458,5.208333333333333,0.3663808780605136,161.98924870566307
298,0.2640559999999999,-0.0,1,524.5730462852949,0.0,347.9443779634641,6.819709808083896,54.55767846467117,61.37738827275507,524.5730462852949,0.0,0.0,835.646028915138,1.0,6.819709808083896,0.0,8.400472669324783,0.0,277.0376590531151,0.0,0.0,9.85894800101479,50.0,0.0,0.0,0.0,0.0,0.0,0.0,0.0,5.208333333333333,0.3663808780605136,0.0,161.98924870566307,9080.0,150.0,-0.0,0.0,9.85894800101479,1986.597715201681,487.53329762800786,475.49007896836804,4178.994778111465,45.70389748642083,0.0,445.0285799683013,83.79671543377395,94.41883429157629,41.666666666666664,12.043218659639834,191700744.8961891,95824833.33333333,10.0,1.0,7.853981633974483,20.0,2.5,98.17477042468104,8847.63018035549,9.555652633508954,9.85894800101479,50.0,11.802354286447036,2302.786376953125,429.7173714067458,5.208333333333333,0.3663808780605136,161.98924870566307
299,0.365043,1.0,1,725.1935897503672,0.0,404.5404635094789,7.928993084785787,63.43194467828629,71.36093776307207,997.4097495767601,0.0,272.21615982639287,549.1027027820929,-0.0,0.0,1.6266595487231676,6.740615986954203,0.0,278.97134830712014,8847.63018035549,9.555652633508954,9.85894800101479,50.0,11.802354286447036,2302.786376953125,11.802354286447036,83.79671543377395,83.79671543377395,0.0,0.0,5.208333333333333,0.3663808780605136,429.7173714067458,161.98924870566307,232.36981964450933,150.0,1.0,1.9434062854322462,0.0,1986.597715201681,487.53329762800786,475.49007896836804,4178.994778111465,45.70389748642083,0.0,445.0285799683013,83.79671543377395,94.41883429157629,41.666666666666664,12.043218659639834,191700744.8961891,95824833.33333333,10.0,1.0,7.853981633974483,20.0,2.5,98.17477042468104,8847.63018035549,9.555652633508954,9.85894800101479,50.0,11.802354286447036,2302.786376953125,429.7173714067458,5.208333333333333,0.3663808780605136,161.98924870566307
300,0.430251,1.0,1,854.7356535632384,0.0,261.58617709458406,5.127089071053847,41.016712568430776,46.14380163948462,854.7356535632385,0.0,0.0,549.1027027820929,-0.0,0.0,4.428563562455107,2.221673576285726,0.0,280.90503756112525,8847.63018035549,9.555652633508954,9.85894800101479,50.0,11.802354286447036,2302.786376953125,11.802354286447036,83.79671543377395,83.79671543377395,0.0,0.0,5.208333333333333,0.3663808780605136,429.7173714067458,161.98924870566307,232.36981964450933,150.0,1.0,1.9434062854322462,0.0,1986.597715201681,487.53329762800786,475.49007896836804,4178.994778111465,45.70389748642083,0.0,445.0285799683013,83.79671543377395,94.41883429157629,41.666666666666664,12.043218659639834,191700744.8961891,95824833.33333333,10.0,1.0,7.853981633974483,20.0,2.5,98.17477042468104,8847.63018035549,9.555652633508954,9.85894800101479,50.0,11.802354286447036,2302.786376953125,429.7173714067458,5.208333333333333,0.3663808780605136,161.98924870566307
301,0.450354,1.0,1,894.6722274319378,0.0,487.53329762800786,9.555652633508954,76.44522106807163,86.00087370158059,1080.2399177404168,0.0,185.5676903084792,353.7682919310622,-0.0,0.0,0.0,2.221673576285726,0.0,282.8387268151303,8847.63018035549,9.555652633508954,9.85894800101479,50.0,11.802354286447036,2302.786376953125,11.802354286447036,83.79671543377395,83.79671543377395,0.0,0.0,5.208333333333333,0.3663808780605136,429.7173714067458,161.98924870566307,232.36981964450933,150.0,1.0,1.9434062854322462,0.0,1986.597715201681,487.53329762800786,475.49007896836804,4178.994778111465,45.70389748642083,0.0,445.0285799683013,83.79671543377395,94.41883429157629,41.666666666666664,12.043218659639834,191700744.8961891,95824833.33333333,10.0,1.0,7.853981633974483,20.0,2.5,98.17477042468104,8847.63018035549,9.555652633508954,9.85894800101479,50.0,11.802354286447036,2302.786376953125,429.7173714067458,5.208333333333333,0.3663808780605136,161.98924870566307
302,0.453067,1.0,1,900.06186703328,0.0,487.53329762800786,9.555652633508954,76.44522106807163,86.00087370158059,1080.2399177404168,0.0,180.17805070713672,164.10718592354985,1.0,0.0,0.0,2.221673576285726,0.0,284.77241606913543,8847.63018035549,9.555652633508954,9.85894800101479,50.0,11.802354286447036,2302.786376953125,11.802354286447036,83.79671543377395,83.79671543377395,0.0,0.0,5.208333333333333,0.3663808780605136,429.7173714067458,161.98924870566307,232.36981964450933,150.0,1.0,1.9434062854322462,0.0,1986.597715201681,487.53329762800786,475.49007896836804,4178.994778111465,45.70389748642083,0.0,445.0285799683013,83.79671543377395,94.41883429157629,41.666666666666664,12.043218659639834,191700744.8961891,95824833.33333333,10.0,1.0,7.853981633974483,20.0,2.5,98.17477042468104,8847.63018035549,9.555652633508954,9.85894800101479,50.0,11.802354286447036,2302.786376953125,429.7173714067458,5.208333333333333,0.3663808780605136,161.98924870566307
303,0.4652869999999999,1.0,1,924.3380911130444,0.0,487.53329762800786,9.555652633508954,76.44522106807163,86.00087370158059,1080.2399177404168,0.0,155.90182662737237,0.0,1.0,0.0,0.0,2.221673576285726,0.0,286.70610532314055,8847.63018035549,9.555652633508954,9.85894800101479,50.0,11.802354286447036,2302.786376953125,11.802354286447036,83.79671543377395,83.79671543377395,0.0,0.0,5.208333333333333,0.3663808780605136,429.7173714067458,161.98924870566307,232.36981964450933,150.0,1.0,1.9434062854322462,0.0,1986.597715201681,487.53329762800786,475.49007896836804,4178.994778111465,45.70389748642083,0.0,445.0285799683013,83.79671543377395,94.41883429157629,41.666666666666664,12.043218659639834,191700744.8961891,95824833.33333333,10.0,1.0,7.853981633974483,20.0,2.5,98.17477042468104,8847.63018035549,9.555652633508954,9.85894800101479,50.0,11.802354286447036,2302.786376953125,429.7173714067458,5.208333333333333,0.3663808780605136,161.98924870566307
304,0.518263,1.0,1,1029.5800916735689,50.65982606684781,487.53329762800786,9.555652633508954,76.44522106807163,86.00087370158059,1080.2399177404168,0.0,0.0,0.0,1.0,0.0,0.0,2.221673576285726,0.0,288.63979457714566,8847.63018035549,9.555652633508954,9.85894800101479,50.0,11.802354286447036,2302.786376953125,11.802354286447036,83.79671543377395,83.79671543377395,0.0,0.0,5.208333333333333,0.3663808780605136,429.7173714067458,161.98924870566307,232.36981964450933,150.0,1.0,1.9434062854322462,0.0,1986.597715201681,487.53329762800786,475.49007896836804,4178.994778111465,45.70389748642083,0.0,445.0285799683013,83.79671543377395,94.41883429157629,41.666666666666664,12.043218659639834,191700744.8961891,95824833.33333333,10.0,1.0,7.853981633974483,20.0,2.5,98.17477042468104,8847.63018035549,9.555652633508954,9.85894800101479,50.0,11.802354286447036,2302.786376953125,429.7173714067458,5.208333333333333,0.3663808780605136,161.98924870566307
305,0.61585,1.0,1,1223.4462029069553,0.0,487.53329762800786,9.555652633508954,76.44522106807163,86.00087370158059,1223.4462029069553,143.2062851665384,0.0,136.04597090821147,-0.0,0.0,0.0,2.221673576285726,0.0,290.5734838311507,8847.63018035549,9.555652633508954,9.85894800101479,50.0,11.802354286447036,2302.786376953125,11.802354286447036,83.79671543377395,83.79671543377395,0.0,0.0,5.208333333333333,0.3663808780605136,429.7173714067458,161.98924870566307,232.36981964450933,150.0,1.0,1.9434062854322462,0.0,1986.597715201681,487.53329762800786,475.49007896836804,4178.994778111465,45.70389748642083,0.0,445.0285799683013,83.79671543377395,94.41883429157629,41.666666666666664,12.043218659639834,191700744.8961891,95824833.33333333,10.0,1.0,7.853981633974483,20.0,2.5,98.17477042468104,8847.63018035549,9.555652633508954,9.85894800101479,50.0,11.802354286447036,2302.786376953125,429.7173714067458,5.208333333333333,0.3663808780605136,161.98924870566307
306,0.708998,1.0,1,1408.4938068825616,0.0,487.53329762800786,9.555652633508954,76.44522106807163,86.00087370158059,1408.4938068825616,328.2538891421448,0.0,447.88716559324905,-0.0,0.0,0.0,2.221673576285726,0.0,292.5071730851558,8847.63018035549,9.555652633508954,9.85894800101479,50.0,11.802354286447036,2302.786376953125,11.802354286447036,83.79671543377395,83.79671543377395,0.0,0.0,5.208333333333333,0.3663808780605136,429.7173714067458,161.98924870566307,232.36981964450933,150.0,1.0,1.9434062854322462,0.0,1986.597715201681,487.53329762800786,475.49007896836804,4178.994778111465,45.70389748642083,0.0,445.0285799683013,83.79671543377395,94.41883429157629,41.666666666666664,12.043218659639834,191700744.8961891,95824833.33333333,10.0,1.0,7.853981633974483,20.0,2.5,98.17477042468104,8847.63018035549,9.555652633508954,9.85894800101479,50.0,11.802354286447036,2302.786376953125,429.7173714067458,5.208333333333333,0.3663808780605136,161.98924870566307
307,0.772784,1.0,1,1535.210928744416,0.0,487.53329762800786,9.555652633508954,76.44522106807163,86.00087370158059,1535.210928744416,454.97101100399925,0.0,880.1096260470483,1.0,0.0,0.0,2.221673576285726,0.0,294.44086233916084,8847.63018035549,9.555652633508954,9.85894800101479,50.0,11.802354286447036,2302.786376953125,11.802354286447036,83.79671543377395,83.79671543377395,0.0,0.0,5.208333333333333,0.3663808780605136,429.7173714067458,161.98924870566307,232.36981964450933,150.0,1.0,1.9434062854322462,0.0,1986.597715201681,487.53329762800786,475.49007896836804,4178.994778111465,45.70389748642083,0.0,445.0285799683013,83.79671543377395,94.41883429157629,41.666666666666664,12.043218659639834,191700744.8961891,95824833.33333333,10.0,1.0,7.853981633974483,20.0,2.5,98.17477042468104,8847.63018035549,9.555652633508954,9.85894800101479,50.0,11.802354286447036,2302.786376953125,429.7173714067458,5.208333333333333,0.3663808780605136,161.98924870566307
308,0.8134880000000001,1.0,1,1616.0734021439853,0.0,487.53329762800786,9.555652633508954,76.44522106807163,86.00087370158059,1080.2399177404168,0.0,0.0,880.1096260470483,-0.0,0.0,0.0,2.221673576285726,0.0,296.374551593166,8847.63018035549,9.555652633508954,9.85894800101479,50.0,11.802354286447036,2302.786376953125,11.802354286447036,83.79671543377395,83.79671543377395,0.0,0.0,5.208333333333333,0.3663808780605136,429.7173714067458,161.98924870566307,232.36981964450933,150.0,1.0,1.9434062854322462,0.0,1986.597715201681,487.53329762800786,475.49007896836804,4178.994778111465,45.70389748642083,0.0,445.0285799683013,83.79671543377395,94.41883429157629,41.666666666666664,12.043218659639834,191700744.8961891,95824833.33333333,10.0,1.0,7.853981633974483,20.0,2.5,98.17477042468104,8847.63018035549,9.555652633508954,9.85894800101479,50.0,11.802354286447036,2302.786376953125,429.7173714067458,5.208333333333333,0.3663808780605136,161.98924870566307
309,0.835563,1.0,1,1659.927546707062,0.0,487.53329762800786,9.555652633508954,76.44522106807163,86.00087370158059,1659.927546707062,579.6876289666453,0.0,1430.8128735653613,1.0,0.0,0.0,2.221673576285726,0.0,298.3082408471711,8847.63018035549,9.555652633508954,9.85894800101479,50.0,11.802354286447036,2302.786376953125,11.802354286447036,83.79671543377395,83.79671543377395,0.0,0.0,5.208333333333333,0.3663808780605136,429.7173714067458,161.98924870566307,232.36981964450933,150.0,1.0,1.9434062854322462,0.0,1986.597715201681,487.53329762800786,475.49007896836804,4178.994778111465,45.70389748642083,0.0,445.0285799683013,83.79671543377395,94.41883429157629,41.666666666666664,12.043218659639834,191700744.8961891,95824833.33333333,10.0,1.0,7.853981633974483,20.0,2.5,98.17477042468104,8847.63018035549,9.555652633508954,9.85894800101479,50.0,11.802354286447036,2302.786376953125,429.7173714067458,5.208333333333333,0.3663808780605136,161.98924870566307
310,0.84622,1.0,1,1681.0987185579665,0.0,487.53329762800786,9.555652633508954,76.44522106807163,86.00087370158059,1681.0987185579665,600.8588008175499,0.0,2001.6287343420336,1.0,0.0,0.0,2.221673576285726,0.0,300.24193010117614,8847.63018035549,9.555652633508954,9.85894800101479,50.0,11.802354286447036,2302.786376953125,11.802354286447036,83.79671543377395,83.79671543377395,0.0,0.0,5.208333333333333,0.3663808780605136,429.7173714067458,161.98924870566307,232.36981964450933,150.0,1.0,1.9434062854322462,0.0,1986.597715201681,487.53329762800786,475.49007896836804,4178.994778111465,45.70389748642083,0.0,445.0285799683013,83.79671543377395,94.41883429157629,41.666666666666664,12.043218659639834,191700744.8961891,95824833.33333333,10.0,1.0,7.853981633974483,20.0,2.5,98.17477042468104,8847.63018035549,9.555652633508954,9.85894800101479,50.0,11.802354286447036,2302.786376953125,429.7173714067458,5.208333333333333,0.3663808780605136,161.98924870566307
311,0.847698,1.0,1,1684.0349099810344,0.0,487.53329762800786,9.555652633508954,76.44522106807163,86.00087370158059,1684.0349099810346,603.7949922406177,0.0,2575.2339769706205,-0.0,0.0,0.0,2.221673576285726,0.0,302.1756193551812,8847.63018035549,9.555652633508954,9.85894800101479,50.0,11.802354286447036,2302.786376953125,11.802354286447036,83.79671543377395,83.79671543377395,0.0,0.0,5.208333333333333,0.3663808780605136,429.7173714067458,161.98924870566307,232.36981964450933,150.0,1.0,1.9434062854322462,0.0,1986.597715201681,487.53329762800786,475.49007896836804,4178.994778111465,45.70389748642083,0.0,445.0285799683013,83.79671543377395,94.41883429157629,41.666666666666664,12.043218659639834,191700744.8961891,95824833.33333333,10.0,1.0,7.853981633974483,20.0,2.5,98.17477042468104,8847.63018035549,9.555652633508954,9.85894800101479,50.0,11.802354286447036,2302.786376953125,429.7173714067458,5.208333333333333,0.3663808780605136,161.98924870566307
312,0.577163,1.0,1,1146.5906970989479,0.0,487.53329762800786,9.555652633508954,76.44522106807163,86.00087370158059,1080.2399177404168,0.0,0.0,2575.2339769706205,-0.0,0.0,0.0,2.221673576285726,0.0,304.1093086091863,8847.63018035549,9.555652633508954,9.85894800101479,50.0,11.802354286447036,2302.786376953125,11.802354286447036,83.79671543377395,83.79671543377395,0.0,0.0,5.208333333333333,0.3663808780605136,429.7173714067458,161.98924870566307,232.36981964450933,150.0,1.0,1.9434062854322462,0.0,1986.597715201681,487.53329762800786,475.49007896836804,4178.994778111465,45.70389748642083,0.0,445.0285799683013,83.79671543377395,94.41883429157629,41.666666666666664,12.043218659639834,191700744.8961891,95824833.33333333,10.0,1.0,7.853981633974483,20.0,2.5,98.17477042468104,8847.63018035549,9.555652633508954,9.85894800101479,50.0,11.802354286447036,2302.786376953125,429.7173714067458,5.208333333333333,0.3663808780605136,161.98924870566307
313,0.596117,1.0,1,1184.2446701928804,0.0,487.53329762800786,9.555652633508954,76.44522106807163,86.00087370158059,1080.2399177404168,0.0,0.0,2575.2339769706205,1.0,0.0,0.0,2.221673576285726,0.0,306.0429978631914,8847.63018035549,9.555652633508954,9.85894800101479,50.0,11.802354286447036,2302.786376953125,11.802354286447036,83.79671543377395,83.79671543377395,0.0,0.0,5.208333333333333,0.3663808780605136,429.7173714067458,161.98924870566307,232.36981964450933,150.0,1.0,1.9434062854322462,0.0,1986.597715201681,487.53329762800786,475.49007896836804,4178.994778111465,45.70389748642083,0.0,445.0285799683013,83.79671543377395,94.41883429157629,41.666666666666664,12.043218659639834,191700744.8961891,95824833.33333333,10.0,1.0,7.853981633974483,20.0,2.5,98.17477042468104,8847.63018035549,9.555652633508954,9.85894800101479,50.0,11.802354286447036,2302.786376953125,429.7173714067458,5.208333333333333,0.3663808780605136,161.98924870566307
314,0.607581,1.0,1,1207.0190263999527,0.0,487.53329762800786,9.555652633508954,76.44522106807163,86.00087370158059,1207.0190263999527,126.779108659536,0.0,2695.6741301971797,0.0,0.0,0.0,2.221673576285726,0.0,307.97668711719643,8847.63018035549,9.555652633508954,9.85894800101479,50.0,11.802354286447036,2302.786376953125,11.802354286447036,83.79671543377395,83.79671543377395,0.0,0.0,5.208333333333333,0.3663808780605136,429.7173714067458,161.98924870566307,232.36981964450933,150.0,1.0,1.9434062854322462,0.0,1986.597715201681,487.53329762800786,475.49007896836804,4178.994778111465,45.70389748642083,0.0,445.0285799683013,83.79671543377395,94.41883429157629,41.666666666666664,12.043218659639834,191700744.8961891,95824833.33333333,10.0,1.0,7.853981633974483,20.0,2.5,98.17477042468104,8847.63018035549,9.555652633508954,9.85894800101479,50.0,11.802354286447036,2302.786376953125,429.7173714067458,5.208333333333333,0.3663808780605136,161.98924870566307
315,0.605928,1.0,1,1203.7351803767242,0.0,487.53329762800786,9.555652633508954,76.44522106807163,86.00087370158059,1203.7351803767242,123.49526263630747,0.0,2812.994629701672,1.0,0.0,0.0,2.221673576285726,0.0,309.91037637120144,8847.63018035549,9.555652633508954,9.85894800101479,50.0,11.802354286447036,2302.786376953125,11.802354286447036,83.79671543377395,83.79671543377395,0.0,0.0,5.208333333333333,0.3663808780605136,429.7173714067458,161.98924870566307,232.36981964450933,150.0,1.0,1.9434062854322462,0.0,1986.597715201681,487.53329762800786,475.49007896836804,4178.994778111465,45.70389748642083,0.0,445.0285799683013,83.79671543377395,94.41883429157629,41.666666666666664,12.043218659639834,191700744.8961891,95824833.33333333,10.0,1.0,7.853981633974483,20.0,2.5,98.17477042468104,8847.63018035549,9.555652633508954,9.85894800101479,50.0,11.802354286447036,2302.786376953125,429.7173714067458,5.208333333333333,0.3663808780605136,161.98924870566307
316,0.615582,1.0,1,1222.9137947192812,0.0,487.53329762800786,9.555652633508954,76.44522106807163,86.00087370158059,1222.9137947192812,142.67387697886448,0.0,2948.534812831593,-0.0,0.0,0.0,2.221673576285726,0.0,311.84406562520644,8847.63018035549,9.555652633508954,9.85894800101479,50.0,11.802354286447036,2302.786376953125,11.802354286447036,83.79671543377395,83.79671543377395,0.0,0.0,5.208333333333333,0.3663808780605136,429.7173714067458,161.98924870566307,232.36981964450933,150.0,1.0,1.9434062854322462,0.0,1986.597715201681,487.53329762800786,475.49007896836804,4178.994778111465,45.70389748642083,0.0,445.0285799683013,83.79671543377395,94.41883429157629,41.666666666666664,12.043218659639834,191700744.8961891,95824833.33333333,10.0,1.0,7.853981633974483,20.0,2.5,98.17477042468104,8847.63018035549,9.555652633508954,9.85894800101479,50.0,11.802354286447036,2302.786376953125,429.7173714067458,5.208333333333333,0.3663808780605136,161.98924870566307
317,0.6446280000000001,1.0,1,1280.6165119550294,0.0,487.53329762800786,9.555652633508954,76.44522106807163,86.00087370158059,1080.2399177404168,0.0,0.0,2948.534812831593,1.0,0.0,0.0,2.221673576285726,0.0,313.77775487921144,8847.63018035549,9.555652633508954,9.85894800101479,50.0,11.802354286447036,2302.786376953125,11.802354286447036,83.79671543377395,83.79671543377395,0.0,0.0,5.208333333333333,0.3663808780605136,429.7173714067458,161.98924870566307,232.36981964450933,150.0,1.0,1.9434062854322462,0.0,1986.597715201681,487.53329762800786,475.49007896836804,4178.994778111465,45.70389748642083,0.0,445.0285799683013,83.79671543377395,94.41883429157629,41.666666666666664,12.043218659639834,191700744.8961891,95824833.33333333,10.0,1.0,7.853981633974483,20.0,2.5,98.17477042468104,8847.63018035549,9.555652633508954,9.85894800101479,50.0,11.802354286447036,2302.786376953125,429.7173714067458,5.208333333333333,0.3663808780605136,161.98924870566307
318,0.6789769999999999,1.0,1,1348.8541568744918,0.0,487.53329762800786,9.555652633508954,76.44522106807163,86.00087370158059,1348.8541568744918,268.61423913407504,0.0,3203.7183400089643,-0.0,0.0,0.0,2.221673576285726,0.0,315.71144413321645,8847.63018035549,9.555652633508954,9.85894800101479,50.0,11.802354286447036,2302.786376953125,11.802354286447036,83.79671543377395,83.79671543377395,0.0,0.0,5.208333333333333,0.3663808780605136,429.7173714067458,161.98924870566307,232.36981964450933,150.0,1.0,1.9434062854322462,0.0,1986.597715201681,487.53329762800786,475.49007896836804,4178.994778111465,45.70389748642083,0.0,445.0285799683013,83.79671543377395,94.41883429157629,41.666666666666664,12.043218659639834,191700744.8961891,95824833.33333333,10.0,1.0,7.853981633974483,20.0,2.5,98.17477042468104,8847.63018035549,9.555652633508954,9.85894800101479,50.0,11.802354286447036,2302.786376953125,429.7173714067458,5.208333333333333,0.3663808780605136,161.98924870566307
319,0.6915359999999999,1.0,1,1373.8038375797096,0.0,487.53329762800786,9.555652633508954,76.44522106807163,86.00087370158059,1373.8038375797096,293.56391983929285,0.0,3482.6040638562927,-0.0,0.0,0.0,2.221673576285726,0.0,317.64513338722145,8847.63018035549,9.555652633508954,9.85894800101479,50.0,11.802354286447036,2302.786376953125,11.802354286447036,83.79671543377395,83.79671543377395,0.0,0.0,5.208333333333333,0.3663808780605136,429.7173714067458,161.98924870566307,232.36981964450933,150.0,1.0,1.9434062854322462,0.0,1986.597715201681,487.53329762800786,475.49007896836804,4178.994778111465,45.70389748642083,0.0,445.0285799683013,83.79671543377395,94.41883429157629,41.666666666666664,12.043218659639834,191700744.8961891,95824833.33333333,10.0,1.0,7.853981633974483,20.0,2.5,98.17477042468104,8847.63018035549,9.555652633508954,9.85894800101479,50.0,11.802354286447036,2302.786376953125,429.7173714067458,5.208333333333333,0.3663808780605136,161.98924870566307
320,0.679821,1.0,1,1350.530845346122,0.0,487.53329762800786,9.555652633508954,76.44522106807163,86.00087370158059,1350.530845346122,270.29092760570535,0.0,3739.380445081713,-0.0,0.0,0.0,2.221673576285726,0.0,319.57882264122645,8847.63018035549,9.555652633508954,9.85894800101479,50.0,11.802354286447036,2302.786376953125,11.802354286447036,83.79671543377395,83.79671543377395,0.0,0.0,5.208333333333333,0.3663808780605136,429.7173714067458,161.98924870566307,232.36981964450933,150.0,1.0,1.9434062854322462,0.0,1986.597715201681,487.53329762800786,475.49007896836804,4178.994778111465,45.70389748642083,0.0,445.0285799683013,83.79671543377395,94.41883429157629,41.666666666666664,12.043218659639834,191700744.8961891,95824833.33333333,10.0,1.0,7.853981633974483,20.0,2.5,98.17477042468104,8847.63018035549,9.555652633508954,9.85894800101479,50.0,11.802354286447036,2302.786376953125,429.7173714067458,5.208333333333333,0.3663808780605136,161.98924870566307
321,0.636897,1.0,1,1265.2581250188052,0.0,487.53329762800786,9.555652633508954,76.44522106807163,86.00087370158059,1265.2581250188052,185.0182072783885,0.0,3915.147741996182,-0.0,0.0,0.0,2.221673576285726,0.0,321.51251189523157,8847.63018035549,9.555652633508954,9.85894800101479,50.0,11.802354286447036,2302.786376953125,11.802354286447036,83.79671543377395,83.79671543377395,0.0,0.0,5.208333333333333,0.3663808780605136,429.7173714067458,161.98924870566307,232.36981964450933,150.0,1.0,1.9434062854322462,0.0,1986.597715201681,487.53329762800786,475.49007896836804,4178.994778111465,45.70389748642083,0.0,445.0285799683013,83.79671543377395,94.41883429157629,41.666666666666664,12.043218659639834,191700744.8961891,95824833.33333333,10.0,1.0,7.853981633974483,20.0,2.5,98.17477042468104,8847.63018035549,9.555652633508954,9.85894800101479,50.0,11.802354286447036,2302.786376953125,429.7173714067458,5.208333333333333,0.3663808780605136,161.98924870566307
322,0.5760510000000001,1.0,1,1144.3816004396438,0.0,487.53329762800786,9.555652633508954,76.44522106807163,86.00087370158059,1080.2399177404168,0.0,0.0,3915.147741996182,-0.0,0.0,0.0,2.221673576285726,0.0,323.4462011492367,8847.63018035549,9.555652633508954,9.85894800101479,50.0,11.802354286447036,2302.786376953125,11.802354286447036,83.79671543377395,83.79671543377395,0.0,0.0,5.208333333333333,0.3663808780605136,429.7173714067458,161.98924870566307,232.36981964450933,150.0,1.0,1.9434062854322462,0.0,1986.597715201681,487.53329762800786,475.49007896836804,4178.994778111465,45.70389748642083,0.0,445.0285799683013,83.79671543377395,94.41883429157629,41.666666666666664,12.043218659639834,191700744.8961891,95824833.33333333,10.0,1.0,7.853981633974483,20.0,2.5,98.17477042468104,8847.63018035549,9.555652633508954,9.85894800101479,50.0,11.802354286447036,2302.786376953125,429.7173714067458,5.208333333333333,0.3663808780605136,161.98924870566307
323,0.56789,1.0,1,1128.1689764858827,0.0,487.53329762800786,9.555652633508954,76.44522106807163,86.00087370158059,1080.2399177404168,0.0,308.9014855434614,3589.9882835293806,1.0,0.0,0.0,2.221673576285726,0.0,325.3798904032418,8847.63018035549,9.555652633508954,9.85894800101479,50.0,11.802354286447036,2302.786376953125,11.802354286447036,83.79671543377395,83.79671543377395,0.0,0.0,5.208333333333333,0.3663808780605136,429.7173714067458,161.98924870566307,232.36981964450933,150.0,1.0,1.9434062854322462,0.0,1986.597715201681,487.53329762800786,475.49007896836804,4178.994778111465,45.70389748642083,0.0,445.0285799683013,83.79671543377395,94.41883429157629,41.666666666666664,12.043218659639834,191700744.8961891,95824833.33333333,10.0,1.0,7.853981633974483,20.0,2.5,98.17477042468104,8847.63018035549,9.555652633508954,9.85894800101479,50.0,11.802354286447036,2302.786376953125,429.7173714067458,5.208333333333333,0.3663808780605136,161.98924870566307
324,0.591,1.0,1,1174.0792496841934,0.0,487.53329762800786,9.555652633508954,76.44522106807163,86.00087370158059,1080.2399177404168,0.0,0.0,3589.9882835293806,-0.0,0.0,0.0,2.221673576285726,0.0,327.3135796572468,8847.63018035549,9.555652633508954,9.85894800101479,50.0,11.802354286447036,2302.786376953125,11.802354286447036,83.79671543377395,83.79671543377395,0.0,0.0,5.208333333333333,0.3663808780605136,429.7173714067458,161.98924870566307,232.36981964450933,150.0,1.0,1.9434062854322462,0.0,1986.597715201681,487.53329762800786,475.49007896836804,4178.994778111465,45.70389748642083,0.0,445.0285799683013,83.79671543377395,94.41883429157629,41.666666666666664,12.043218659639834,191700744.8961891,95824833.33333333,10.0,1.0,7.853981633974483,20.0,2.5,98.17477042468104,8847.63018035549,9.555652633508954,9.85894800101479,50.0,11.802354286447036,2302.786376953125,429.7173714067458,5.208333333333333,0.3663808780605136,161.98924870566307
325,0.616409,1.0,1,1224.556711029753,0.0,487.53329762800786,9.555652633508954,76.44522106807163,86.00087370158059,1224.556711029753,144.3167932893362,0.0,3727.08923715425,-0.0,0.0,0.0,2.221673576285726,0.0,329.2472689112518,8847.63018035549,9.555652633508954,9.85894800101479,50.0,11.802354286447036,2302.786376953125,11.802354286447036,83.79671543377395,83.79671543377395,0.0,0.0,5.208333333333333,0.3663808780605136,429.7173714067458,161.98924870566307,232.36981964450933,150.0,1.0,1.9434062854322462,0.0,1986.597715201681,487.53329762800786,475.49007896836804,4178.994778111465,45.70389748642083,0.0,445.0285799683013,83.79671543377395,94.41883429157629,41.666666666666664,12.043218659639834,191700744.8961891,95824833.33333333,10.0,1.0,7.853981633974483,20.0,2.5,98.17477042468104,8847.63018035549,9.555652633508954,9.85894800101479,50.0,11.802354286447036,2302.786376953125,429.7173714067458,5.208333333333333,0.3663808780605136,161.98924870566307
326,0.626809,1.0,1,1245.2173272678504,0.0,487.53329762800786,9.555652633508954,76.44522106807163,86.00087370158059,1245.2173272678504,164.97740952743362,0.0,3883.817776205312,1.0,0.0,0.0,2.221673576285726,0.0,331.18095816525704,8847.63018035549,9.555652633508954,9.85894800101479,50.0,11.802354286447036,2302.786376953125,11.802354286447036,83.79671543377395,83.79671543377395,0.0,0.0,5.208333333333333,0.3663808780605136,429.7173714067458,161.98924870566307,232.36981964450933,150.0,1.0,1.9434062854322462,0.0,1986.597715201681,487.53329762800786,475.49007896836804,4178.994778111465,45.70389748642083,0.0,445.0285799683013,83.79671543377395,94.41883429157629,41.666666666666664,12.043218659639834,191700744.8961891,95824833.33333333,10.0,1.0,7.853981633974483,20.0,2.5,98.17477042468104,8847.63018035549,9.555652633508954,9.85894800101479,50.0,11.802354286447036,2302.786376953125,429.7173714067458,5.208333333333333,0.3663808780605136,161.98924870566307
327,0.627578,1.0,1,1246.7450209108406,0.0,487.53329762800786,9.555652633508954,76.44522106807163,86.00087370158059,1246.7450209108406,166.50510317042387,0.0,4041.9976242172147,1.0,0.0,0.0,2.221673576285726,0.0,333.1146474192624,8847.63018035549,9.555652633508954,9.85894800101479,50.0,11.802354286447036,2302.786376953125,11.802354286447036,83.79671543377395,83.79671543377395,0.0,0.0,5.208333333333333,0.3663808780605136,429.7173714067458,161.98924870566307,232.36981964450933,150.0,1.0,1.9434062854322462,0.0,1986.597715201681,487.53329762800786,475.49007896836804,4178.994778111465,45.70389748642083,0.0,445.0285799683013,83.79671543377395,94.41883429157629,41.666666666666664,12.043218659639834,191700744.8961891,95824833.33333333,10.0,1.0,7.853981633974483,20.0,2.5,98.17477042468104,8847.63018035549,9.555652633508954,9.85894800101479,50.0,11.802354286447036,2302.786376953125,429.7173714067458,5.208333333333333,0.3663808780605136,161.98924870566307
328,0.6163540000000001,1.0,1,1224.447448155417,0.0,487.53329762800786,9.555652633508954,76.44522106807163,86.00087370158059,1224.447448155417,144.20753041500035,0.0,4178.994778111465,-0.0,0.0,0.0,2.221673576285726,0.0,335.0483366732674,8847.63018035549,9.555652633508954,9.85894800101479,50.0,11.802354286447036,2302.786376953125,11.802354286447036,83.79671543377395,83.79671543377395,0.0,0.0,5.208333333333333,0.3663808780605136,429.7173714067458,161.98924870566307,232.36981964450933,150.0,1.0,1.9434062854322462,0.0,1986.597715201681,487.53329762800786,475.49007896836804,4178.994778111465,45.70389748642083,0.0,445.0285799683013,83.79671543377395,94.41883429157629,41.666666666666664,12.043218659639834,191700744.8961891,95824833.33333333,10.0,1.0,7.853981633974483,20.0,2.5,98.17477042468104,8847.63018035549,9.555652633508954,9.85894800101479,50.0,11.802354286447036,2302.786376953125,429.7173714067458,5.208333333333333,0.3663808780605136,161.98924870566307
329,0.586364,1.0,1,1164.8693826765184,0.0,487.53329762800786,9.555652633508954,76.44522106807163,86.00087370158059,1080.2399177404168,0.0,0.0,4178.994778111465,-0.0,0.0,0.0,2.221673576285726,0.0,336.9820259272724,8847.63018035549,9.555652633508954,9.85894800101479,50.0,11.802354286447036,2302.786376953125,11.802354286447036,83.79671543377395,83.79671543377395,0.0,0.0,5.208333333333333,0.3663808780605136,429.7173714067458,161.98924870566307,232.36981964450933,150.0,1.0,1.9434062854322462,0.0,1986.597715201681,487.53329762800786,475.49007896836804,4178.994778111465,45.70389748642083,0.0,445.0285799683013,83.79671543377395,94.41883429157629,41.666666666666664,12.043218659639834,191700744.8961891,95824833.33333333,10.0,1.0,7.853981633974483,20.0,2.5,98.17477042468104,8847.63018035549,9.555652633508954,9.85894800101479,50.0,11.802354286447036,2302.786376953125,429.7173714067458,5.208333333333333,0.3663808780605136,161.98924870566307
330,0.5455019999999999,1.0,1,1083.6930268379472,0.0,487.53329762800786,9.555652633508954,76.44522106807163,86.00087370158059,1080.2399177404168,0.0,0.0,4178.994778111465,1.0,0.0,0.0,2.221673576285726,0.0,338.9157151812778,8847.63018035549,9.555652633508954,9.85894800101479,50.0,11.802354286447036,2302.786376953125,11.802354286447036,83.79671543377395,83.79671543377395,0.0,0.0,5.208333333333333,0.3663808780605136,429.7173714067458,161.98924870566307,232.36981964450933,150.0,1.0,1.9434062854322462,0.0,1986.597715201681,487.53329762800786,475.49007896836804,4178.994778111465,45.70389748642083,0.0,445.0285799683013,83.79671543377395,94.41883429157629,41.666666666666664,12.043218659639834,191700744.8961891,95824833.33333333,10.0,1.0,7.853981633974483,20.0,2.5,98.17477042468104,8847.63018035549,9.555652633508954,9.85894800101479,50.0,11.802354286447036,2302.786376953125,429.7173714067458,5.208333333333333,0.3663808780605136,161.98924870566307
331,0.507926,1.0,1,1009.044631091529,0.0,487.53329762800786,9.555652633508954,76.44522106807163,86.00087370158059,1080.2399177404168,0.0,71.1952866488877,4104.052371112636,-0.0,0.0,0.0,2.221673576285726,0.0,340.84940443528285,8847.63018035549,9.555652633508954,9.85894800101479,50.0,11.802354286447036,2302.786376953125,11.802354286447036,83.79671543377395,83.79671543377395,0.0,0.0,5.208333333333333,0.3663808780605136,429.7173714067458,161.98924870566307,232.36981964450933,150.0,1.0,1.9434062854322462,0.0,1986.597715201681,487.53329762800786,475.49007896836804,4178.994778111465,45.70389748642083,0.0,445.0285799683013,83.79671543377395,94.41883429157629,41.666666666666664,12.043218659639834,191700744.8961891,95824833.33333333,10.0,1.0,7.853981633974483,20.0,2.5,98.17477042468104,8847.63018035549,9.555652633508954,9.85894800101479,50.0,11.802354286447036,2302.786376953125,429.7173714067458,5.208333333333333,0.3663808780605136,161.98924870566307
332,0.480259,1.0,1,954.0814321050441,0.0,487.53329762800786,9.555652633508954,76.44522106807163,86.00087370158059,1080.2399177404168,0.0,126.15848563537264,3971.253965180665,0.0,0.0,0.0,2.221673576285726,0.0,342.78309368928785,8847.63018035549,9.555652633508954,9.85894800101479,50.0,11.802354286447036,2302.786376953125,11.802354286447036,83.79671543377395,83.79671543377395,0.0,0.0,5.208333333333333,0.3663808780605136,429.7173714067458,161.98924870566307,232.36981964450933,150.0,1.0,1.9434062854322462,0.0,1986.597715201681,487.53329762800786,475.49007896836804,4178.994778111465,45.70389748642083,0.0,445.0285799683013,83.79671543377395,94.41883429157629,41.666666666666664,12.043218659639834,191700744.8961891,95824833.33333333,10.0,1.0,7.853981633974483,20.0,2.5,98.17477042468104,8847.63018035549,9.555652633508954,9.85894800101479,50.0,11.802354286447036,2302.786376953125,429.7173714067458,5.208333333333333,0.3663808780605136,161.98924870566307
333,0.455491,1.0,1,904.8773798949288,0.0,487.53329762800786,9.555652633508954,76.44522106807163,86.00087370158059,1080.2399177404168,0.0,175.3625378454879,3786.6618200801513,-0.0,0.0,0.0,2.221673576285726,0.0,344.71678294329297,8847.63018035549,9.555652633508954,9.85894800101479,50.0,11.802354286447036,2302.786376953125,11.802354286447036,83.79671543377395,83.79671543377395,0.0,0.0,5.208333333333333,0.3663808780605136,429.7173714067458,161.98924870566307,232.36981964450933,150.0,1.0,1.9434062854322462,0.0,1986.597715201681,487.53329762800786,475.49007896836804,4178.994778111465,45.70389748642083,0.0,445.0285799683013,83.79671543377395,94.41883429157629,41.666666666666664,12.043218659639834,191700744.8961891,95824833.33333333,10.0,1.0,7.853981633974483,20.0,2.5,98.17477042468104,8847.63018035549,9.555652633508954,9.85894800101479,50.0,11.802354286447036,2302.786376953125,429.7173714067458,5.208333333333333,0.3663808780605136,161.98924870566307
334,0.436751,1.0,1,867.6485387120493,0.0,487.53329762800786,9.555652633508954,76.44522106807163,86.00087370158059,1080.2399177404168,0.0,212.5913790283674,3562.8814211029226,-0.0,0.0,0.0,2.221673576285726,0.0,346.65047219729803,8847.63018035549,9.555652633508954,9.85894800101479,50.0,11.802354286447036,2302.786376953125,11.802354286447036,83.79671543377395,83.79671543377395,0.0,0.0,5.208333333333333,0.3663808780605136,429.7173714067458,161.98924870566307,232.36981964450933,150.0,1.0,1.9434062854322462,0.0,1986.597715201681,487.53329762800786,475.49007896836804,4178.994778111465,45.70389748642083,0.0,445.0285799683013,83.79671543377395,94.41883429157629,41.666666666666664,12.043218659639834,191700744.8961891,95824833.33333333,10.0,1.0,7.853981633974483,20.0,2.5,98.17477042468104,8847.63018035549,9.555652633508954,9.85894800101479,50.0,11.802354286447036,2302.786376953125,429.7173714067458,5.208333333333333,0.3663808780605136,161.98924870566307
335,0.425984,1.0,1,846.2588411124729,0.0,487.53329762800786,9.555652633508954,76.44522106807163,86.00087370158059,1080.2399177404168,0.0,233.98107662794388,3316.5855509682447,-0.0,0.0,0.0,2.221673576285726,0.0,348.5841614513031,8847.63018035549,9.555652633508954,9.85894800101479,50.0,11.802354286447036,2302.786376953125,11.802354286447036,83.79671543377395,83.79671543377395,0.0,0.0,5.208333333333333,0.3663808780605136,429.7173714067458,161.98924870566307,232.36981964450933,150.0,1.0,1.9434062854322462,0.0,1986.597715201681,487.53329762800786,475.49007896836804,4178.994778111465,45.70389748642083,0.0,445.0285799683013,83.79671543377395,94.41883429157629,41.666666666666664,12.043218659639834,191700744.8961891,95824833.33333333,10.0,1.0,7.853981633974483,20.0,2.5,98.17477042468104,8847.63018035549,9.555652633508954,9.85894800101479,50.0,11.802354286447036,2302.786376953125,429.7173714067458,5.208333333333333,0.3663808780605136,161.98924870566307
336,0.489574,1.0,1,972.5865898221477,0.0,487.53329762800786,9.555652633508954,76.44522106807163,86.00087370158059,1080.2399177404168,0.0,107.65332791826899,3203.2662584226982,1.0,0.0,0.0,2.221673576285726,0.0,350.51785070530815,8847.63018035549,9.555652633508954,9.85894800101479,50.0,11.802354286447036,2302.786376953125,11.802354286447036,83.79671543377395,83.79671543377395,0.0,0.0,5.208333333333333,0.3663808780605136,429.7173714067458,161.98924870566307,232.36981964450933,150.0,1.0,1.9434062854322462,0.0,1986.597715201681,487.53329762800786,475.49007896836804,4178.994778111465,45.70389748642083,0.0,445.0285799683013,83.79671543377395,94.41883429157629,41.666666666666664,12.043218659639834,191700744.8961891,95824833.33333333,10.0,1.0,7.853981633974483,20.0,2.5,98.17477042468104,8847.63018035549,9.555652633508954,9.85894800101479,50.0,11.802354286447036,2302.786376953125,429.7173714067458,5.208333333333333,0.3663808780605136,161.98924870566307
337,0.514301,1.0,1,1021.7091915259398,0.0,487.53329762800786,9.555652633508954,76.44522106807163,86.00087370158059,1080.2399177404168,0.0,58.53072621447694,3141.654967670617,-0.0,0.0,0.0,2.221673576285726,0.0,352.4515399593132,8847.63018035549,9.555652633508954,9.85894800101479,50.0,11.802354286447036,2302.786376953125,11.802354286447036,83.79671543377395,83.79671543377395,0.0,0.0,5.208333333333333,0.3663808780605136,429.7173714067458,161.98924870566307,232.36981964450933,150.0,1.0,1.9434062854322462,0.0,1986.597715201681,487.53329762800786,475.49007896836804,4178.994778111465,45.70389748642083,0.0,445.0285799683013,83.79671543377395,94.41883429157629,41.666666666666664,12.043218659639834,191700744.8961891,95824833.33333333,10.0,1.0,7.853981633974483,20.0,2.5,98.17477042468104,8847.63018035549,9.555652633508954,9.85894800101479,50.0,11.802354286447036,2302.786376953125,429.7173714067458,5.208333333333333,0.3663808780605136,161.98924870566307
338,0.535366,1.0,1,1063.5568723966633,0.0,487.53329762800786,9.555652633508954,76.44522106807163,86.00087370158059,1080.2399177404168,0.0,16.683045343753463,3124.0938673087717,-0.0,0.0,0.0,2.221673576285726,0.0,354.3852292133184,8847.63018035549,9.555652633508954,9.85894800101479,50.0,11.802354286447036,2302.786376953125,11.802354286447036,83.79671543377395,83.79671543377395,0.0,0.0,5.208333333333333,0.3663808780605136,429.7173714067458,161.98924870566307,232.36981964450933,150.0,1.0,1.9434062854322462,0.0,1986.597715201681,487.53329762800786,475.49007896836804,4178.994778111465,45.70389748642083,0.0,445.0285799683013,83.79671543377395,94.41883429157629,41.666666666666664,12.043218659639834,191700744.8961891,95824833.33333333,10.0,1.0,7.853981633974483,20.0,2.5,98.17477042468104,8847.63018035549,9.555652633508954,9.85894800101479,50.0,11.802354286447036,2302.786376953125,429.7173714067458,5.208333333333333,0.3663808780605136,161.98924870566307
339,0.521639,1.0,1,1036.2868455600897,0.0,487.53329762800786,9.555652633508954,76.44522106807163,86.00087370158059,1080.2399177404168,0.0,43.95307218032707,3077.827475540006,-0.0,0.0,0.0,2.221673576285726,0.0,356.31891846732344,8847.63018035549,9.555652633508954,9.85894800101479,50.0,11.802354286447036,2302.786376953125,11.802354286447036,83.79671543377395,83.79671543377395,0.0,0.0,5.208333333333333,0.3663808780605136,429.7173714067458,161.98924870566307,232.36981964450933,150.0,1.0,1.9434062854322462,0.0,1986.597715201681,487.53329762800786,475.49007896836804,4178.994778111465,45.70389748642083,0.0,445.0285799683013,83.79671543377395,94.41883429157629,41.666666666666664,12.043218659639834,191700744.8961891,95824833.33333333,10.0,1.0,7.853981633974483,20.0,2.5,98.17477042468104,8847.63018035549,9.555652633508954,9.85894800101479,50.0,11.802354286447036,2302.786376953125,429.7173714067458,5.208333333333333,0.3663808780605136,161.98924870566307
340,0.5045299999999999,1.0,1,1002.298145250704,0.0,487.53329762800786,9.555652633508954,76.44522106807163,86.00087370158059,1080.2399177404168,0.0,77.94177248971272,2995.7835044982035,-0.0,0.0,0.0,2.221673576285726,0.0,358.2526077213285,8847.63018035549,9.555652633508954,9.85894800101479,50.0,11.802354286447036,2302.786376953125,11.802354286447036,83.79671543377395,83.79671543377395,0.0,0.0,5.208333333333333,0.3663808780605136,429.7173714067458,161.98924870566307,232.36981964450933,150.0,1.0,1.9434062854322462,0.0,1986.597715201681,487.53329762800786,475.49007896836804,4178.994778111465,45.70389748642083,0.0,445.0285799683013,83.79671543377395,94.41883429157629,41.666666666666664,12.043218659639834,191700744.8961891,95824833.33333333,10.0,1.0,7.853981633974483,20.0,2.5,98.17477042468104,8847.63018035549,9.555652633508954,9.85894800101479,50.0,11.802354286447036,2302.786376953125,429.7173714067458,5.208333333333333,0.3663808780605136,161.98924870566307
341,0.511459,1.0,1,1016.0632808193366,0.0,487.53329762800786,9.555652633508954,76.44522106807163,86.00087370158059,1080.2399177404168,0.0,2845.9943292732933,0.0,-0.0,0.0,0.0,2.221673576285726,0.0,360.18629697533356,8847.63018035549,9.555652633508954,9.85894800101479,50.0,11.802354286447036,2302.786376953125,11.802354286447036,83.79671543377395,83.79671543377395,0.0,0.0,5.208333333333333,0.3663808780605136,429.7173714067458,161.98924870566307,232.36981964450933,150.0,1.0,1.9434062854322462,0.0,1986.597715201681,487.53329762800786,475.49007896836804,4178.994778111465,45.70389748642083,0.0,445.0285799683013,83.79671543377395,94.41883429157629,41.666666666666664,12.043218659639834,191700744.8961891,95824833.33333333,10.0,1.0,7.853981633974483,20.0,2.5,98.17477042468104,8847.63018035549,9.555652633508954,9.85894800101479,50.0,11.802354286447036,2302.786376953125,429.7173714067458,5.208333333333333,0.3663808780605136,161.98924870566307
342,0.551224,1.0,1,1095.0603389643315,0.0,487.53329762800786,9.555652633508954,76.44522106807163,86.00087370158059,1080.2399177404168,0.0,0.0,0.0,-0.0,0.0,0.0,2.221673576285726,0.0,362.1199862293387,8847.63018035549,9.555652633508954,9.85894800101479,50.0,11.802354286447036,2302.786376953125,11.802354286447036,83.79671543377395,83.79671543377395,0.0,0.0,5.208333333333333,0.3663808780605136,429.7173714067458,161.98924870566307,232.36981964450933,150.0,1.0,1.9434062854322462,0.0,1986.597715201681,487.53329762800786,475.49007896836804,4178.994778111465,45.70389748642083,0.0,445.0285799683013,83.79671543377395,94.41883429157629,41.666666666666664,12.043218659639834,191700744.8961891,95824833.33333333,10.0,1.0,7.853981633974483,20.0,2.5,98.17477042468104,8847.63018035549,9.555652633508954,9.85894800101479,50.0,11.802354286447036,2302.786376953125,429.7173714067458,5.208333333333333,0.3663808780605136,161.98924870566307
343,0.623417,1.0,1,1238.4787878178863,0.0,487.53329762800786,9.555652633508954,76.44522106807163,86.00087370158059,1238.4787878178863,158.23887007746958,0.0,150.3269265735961,1.0,0.0,0.0,2.221673576285726,0.0,364.05367548334374,8847.63018035549,9.555652633508954,9.85894800101479,50.0,11.802354286447036,2302.786376953125,11.802354286447036,83.79671543377395,83.79671543377395,0.0,0.0,5.208333333333333,0.3663808780605136,429.7173714067458,161.98924870566307,232.36981964450933,150.0,1.0,1.9434062854322462,0.0,1986.597715201681,487.53329762800786,475.49007896836804,4178.994778111465,45.70389748642083,0.0,445.0285799683013,83.79671543377395,94.41883429157629,41.666666666666664,12.043218659639834,191700744.8961891,95824833.33333333,10.0,1.0,7.853981633974483,20.0,2.5,98.17477042468104,8847.63018035549,9.555652633508954,9.85894800101479,50.0,11.802354286447036,2302.786376953125,429.7173714067458,5.208333333333333,0.3663808780605136,161.98924870566307
344,0.675791,1.0,1,1342.5248565538593,0.0,487.53329762800786,9.555652633508954,76.44522106807163,86.00087370158059,1342.5248565538593,262.2849388134426,0.0,399.4976184463666,-0.0,0.0,0.0,2.221673576285726,0.0,365.9873647373488,8847.63018035549,9.555652633508954,9.85894800101479,50.0,11.802354286447036,2302.786376953125,11.802354286447036,83.79671543377395,83.79671543377395,0.0,0.0,5.208333333333333,0.3663808780605136,429.7173714067458,161.98924870566307,232.36981964450933,150.0,1.0,1.9434062854322462,0.0,1986.597715201681,487.53329762800786,475.49007896836804,4178.994778111465,45.70389748642083,0.0,445.0285799683013,83.79671543377395,94.41883429157629,41.666666666666664,12.043218659639834,191700744.8961891,95824833.33333333,10.0,1.0,7.853981633974483,20.0,2.5,98.17477042468104,8847.63018035549,9.555652633508954,9.85894800101479,50.0,11.802354286447036,2302.786376953125,429.7173714067458,5.208333333333333,0.3663808780605136,161.98924870566307
345,0.7012229999999999,1.0,1,1393.0480096468682,0.0,487.53329762800786,9.555652633508954,76.44522106807163,86.00087370158059,1393.0480096468682,312.80809190645147,0.0,696.6653057574954,-0.0,0.0,0.0,2.221673576285726,0.0,367.9210539913539,8847.63018035549,9.555652633508954,9.85894800101479,50.0,11.802354286447036,2302.786376953125,11.802354286447036,83.79671543377395,83.79671543377395,0.0,0.0,5.208333333333333,0.3663808780605136,429.7173714067458,161.98924870566307,232.36981964450933,150.0,1.0,1.9434062854322462,0.0,1986.597715201681,487.53329762800786,475.49007896836804,4178.994778111465,45.70389748642083,0.0,445.0285799683013,83.79671543377395,94.41883429157629,41.666666666666664,12.043218659639834,191700744.8961891,95824833.33333333,10.0,1.0,7.853981633974483,20.0,2.5,98.17477042468104,8847.63018035549,9.555652633508954,9.85894800101479,50.0,11.802354286447036,2302.786376953125,429.7173714067458,5.208333333333333,0.3663808780605136,161.98924870566307
346,0.676667,1.0,1,1344.2651161523759,0.0,487.53329762800786,9.555652633508954,76.44522106807163,86.00087370158059,1344.2651161523759,264.02519841195914,0.0,947.4892442488565,-0.0,0.0,0.0,2.221673576285726,0.0,369.85474324535903,8847.63018035549,9.555652633508954,9.85894800101479,50.0,11.802354286447036,2302.786376953125,11.802354286447036,83.79671543377395,83.79671543377395,0.0,0.0,5.208333333333333,0.3663808780605136,429.7173714067458,161.98924870566307,232.36981964450933,150.0,1.0,1.9434062854322462,0.0,1986.597715201681,487.53329762800786,475.49007896836804,4178.994778111465,45.70389748642083,0.0,445.0285799683013,83.79671543377395,94.41883429157629,41.666666666666664,12.043218659639834,191700744.8961891,95824833.33333333,10.0,1.0,7.853981633974483,20.0,2.5,98.17477042468104,8847.63018035549,9.555652633508954,9.85894800101479,50.0,11.802354286447036,2302.786376953125,429.7173714067458,5.208333333333333,0.3663808780605136,161.98924870566307
347,0.64408,1.0,1,1279.5278564070986,0.0,487.53329762800786,9.555652633508954,76.44522106807163,86.00087370158059,1279.5278564070986,199.2879386666819,0.0,1136.8127859822043,-0.0,0.0,0.0,2.221673576285726,0.0,371.7884324993641,8847.63018035549,9.555652633508954,9.85894800101479,50.0,11.802354286447036,2302.786376953125,11.802354286447036,83.79671543377395,83.79671543377395,0.0,0.0,5.208333333333333,0.3663808780605136,429.7173714067458,161.98924870566307,232.36981964450933,150.0,1.0,1.9434062854322462,0.0,1986.597715201681,487.53329762800786,475.49007896836804,4178.994778111465,45.70389748642083,0.0,445.0285799683013,83.79671543377395,94.41883429157629,41.666666666666664,12.043218659639834,191700744.8961891,95824833.33333333,10.0,1.0,7.853981633974483,20.0,2.5,98.17477042468104,8847.63018035549,9.555652633508954,9.85894800101479,50.0,11.802354286447036,2302.786376953125,429.7173714067458,5.208333333333333,0.3663808780605136,161.98924870566307
348,0.639816,1.0,1,1271.0570037494788,0.0,487.53329762800786,9.555652633508954,76.44522106807163,86.00087370158059,1271.0570037494788,190.81708600906205,0.0,1318.0890176908133,1.0,0.0,0.0,2.221673576285726,0.0,373.72212175336915,8847.63018035549,9.555652633508954,9.85894800101479,50.0,11.802354286447036,2302.786376953125,11.802354286447036,83.79671543377395,83.79671543377395,0.0,0.0,5.208333333333333,0.3663808780605136,429.7173714067458,161.98924870566307,232.36981964450933,150.0,1.0,1.9434062854322462,0.0,1986.597715201681,487.53329762800786,475.49007896836804,4178.994778111465,45.70389748642083,0.0,445.0285799683013,83.79671543377395,94.41883429157629,41.666666666666664,12.043218659639834,191700744.8961891,95824833.33333333,10.0,1.0,7.853981633974483,20.0,2.5,98.17477042468104,8847.63018035549,9.555652633508954,9.85894800101479,50.0,11.802354286447036,2302.786376953125,429.7173714067458,5.208333333333333,0.3663808780605136,161.98924870566307
349,0.687842,1.0,1,1366.4653456197545,0.0,487.53329762800786,9.555652633508954,76.44522106807163,86.00087370158059,1366.4653456197545,286.2254278793378,0.0,1590.0031741761843,-0.0,0.0,0.0,2.221673576285726,0.0,375.6558110073742,8847.63018035549,9.555652633508954,9.85894800101479,50.0,11.802354286447036,2302.786376953125,11.802354286447036,83.79671543377395,83.79671543377395,0.0,0.0,5.208333333333333,0.3663808780605136,429.7173714067458,161.98924870566307,232.36981964450933,150.0,1.0,1.9434062854322462,0.0,1986.597715201681,487.53329762800786,475.49007896836804,4178.994778111465,45.70389748642083,0.0,445.0285799683013,83.79671543377395,94.41883429157629,41.666666666666664,12.043218659639834,191700744.8961891,95824833.33333333,10.0,1.0,7.853981633974483,20.0,2.5,98.17477042468104,8847.63018035549,9.555652633508954,9.85894800101479,50.0,11.802354286447036,2302.786376953125,429.7173714067458,5.208333333333333,0.3663808780605136,161.98924870566307
350,0.731135,1.0,1,1452.471120503981,0.0,487.53329762800786,9.555652633508954,76.44522106807163,86.00087370158059,1452.471120503981,372.2312027635642,0.0,1943.6228168015703,1.0,0.0,0.0,2.221673576285726,0.0,377.5895002613793,8847.63018035549,9.555652633508954,9.85894800101479,50.0,11.802354286447036,2302.786376953125,11.802354286447036,83.79671543377395,83.79671543377395,0.0,0.0,5.208333333333333,0.3663808780605136,429.7173714067458,161.98924870566307,232.36981964450933,150.0,1.0,1.9434062854322462,0.0,1986.597715201681,487.53329762800786,475.49007896836804,4178.994778111465,45.70389748642083,0.0,445.0285799683013,83.79671543377395,94.41883429157629,41.666666666666664,12.043218659639834,191700744.8961891,95824833.33333333,10.0,1.0,7.853981633974483,20.0,2.5,98.17477042468104,8847.63018035549,9.555652633508954,9.85894800101479,50.0,11.802354286447036,2302.786376953125,429.7173714067458,5.208333333333333,0.3663808780605136,161.98924870566307
351,0.750484,1.0,1,1490.9097996954185,0.0,487.53329762800786,9.555652633508954,76.44522106807163,86.00087370158059,1490.9097996954185,410.6698819550018,0.0,2333.759204658822,-0.0,0.0,0.0,2.221673576285726,0.0,379.5231895153844,8847.63018035549,9.555652633508954,9.85894800101479,50.0,11.802354286447036,2302.786376953125,11.802354286447036,83.79671543377395,83.79671543377395,0.0,0.0,5.208333333333333,0.3663808780605136,429.7173714067458,161.98924870566307,232.36981964450933,150.0,1.0,1.9434062854322462,0.0,1986.597715201681,487.53329762800786,475.49007896836804,4178.994778111465,45.70389748642083,0.0,445.0285799683013,83.79671543377395,94.41883429157629,41.666666666666664,12.043218659639834,191700744.8961891,95824833.33333333,10.0,1.0,7.853981633974483,20.0,2.5,98.17477042468104,8847.63018035549,9.555652633508954,9.85894800101479,50.0,11.802354286447036,2302.786376953125,429.7173714067458,5.208333333333333,0.3663808780605136,161.98924870566307
352,0.716519,1.0,1,1423.4350082985934,0.0,487.53329762800786,9.555652633508954,76.44522106807163,86.00087370158059,1423.4350082985934,343.1950905581767,0.0,2659.79454068909,-0.0,0.0,0.0,2.221673576285726,0.0,381.4568787693895,8847.63018035549,9.555652633508954,9.85894800101479,50.0,11.802354286447036,2302.786376953125,11.802354286447036,83.79671543377395,83.79671543377395,0.0,0.0,5.208333333333333,0.3663808780605136,429.7173714067458,161.98924870566307,232.36981964450933,150.0,1.0,1.9434062854322462,0.0,1986.597715201681,487.53329762800786,475.49007896836804,4178.994778111465,45.70389748642083,0.0,445.0285799683013,83.79671543377395,94.41883429157629,41.666666666666664,12.043218659639834,191700744.8961891,95824833.33333333,10.0,1.0,7.853981633974483,20.0,2.5,98.17477042468104,8847.63018035549,9.555652633508954,9.85894800101479,50.0,11.802354286447036,2302.786376953125,429.7173714067458,5.208333333333333,0.3663808780605136,161.98924870566307
353,0.676689,1.0,1,1344.3088213021103,0.0,487.53329762800786,9.555652633508954,76.44522106807163,86.00087370158059,1344.3088213021103,264.0689035616936,0.0,2910.6599990726986,1.0,0.0,0.0,2.221673576285726,0.0,383.3905680233946,8847.63018035549,9.555652633508954,9.85894800101479,50.0,11.802354286447036,2302.786376953125,11.802354286447036,83.79671543377395,83.79671543377395,0.0,0.0,5.208333333333333,0.3663808780605136,429.7173714067458,161.98924870566307,232.36981964450933,150.0,1.0,1.9434062854322462,0.0,1986.597715201681,487.53329762800786,475.49007896836804,4178.994778111465,45.70389748642083,0.0,445.0285799683013,83.79671543377395,94.41883429157629,41.666666666666664,12.043218659639834,191700744.8961891,95824833.33333333,10.0,1.0,7.853981633974483,20.0,2.5,98.17477042468104,8847.63018035549,9.555652633508954,9.85894800101479,50.0,11.802354286447036,2302.786376953125,429.7173714067458,5.208333333333333,0.3663808780605136,161.98924870566307
354,0.632562,1.0,1,1256.6462239234056,0.0,487.53329762800786,9.555652633508954,76.44522106807163,86.00087370158059,1256.6462239234056,176.40630618298889,0.0,3078.245989946538,-0.0,0.0,0.0,2.221673576285726,0.0,385.32425727739974,8847.63018035549,9.555652633508954,9.85894800101479,50.0,11.802354286447036,2302.786376953125,11.802354286447036,83.79671543377395,83.79671543377395,0.0,0.0,5.208333333333333,0.3663808780605136,429.7173714067458,161.98924870566307,232.36981964450933,150.0,1.0,1.9434062854322462,0.0,1986.597715201681,487.53329762800786,475.49007896836804,4178.994778111465,45.70389748642083,0.0,445.0285799683013,83.79671543377395,94.41883429157629,41.666666666666664,12.043218659639834,191700744.8961891,95824833.33333333,10.0,1.0,7.853981633974483,20.0,2.5,98.17477042468104,8847.63018035549,9.555652633508954,9.85894800101479,50.0,11.802354286447036,2302.786376953125,429.7173714067458,5.208333333333333,0.3663808780605136,161.98924870566307
355,0.586743,1.0,1,1165.62230321058,0.0,487.53329762800786,9.555652633508954,76.44522106807163,86.00087370158059,1080.2399177404168,0.0,0.0,3078.245989946538,-0.0,0.0,0.0,2.221673576285726,0.0,387.25794653140474,8847.63018035549,9.555652633508954,9.85894800101479,50.0,11.802354286447036,2302.786376953125,11.802354286447036,83.79671543377395,83.79671543377395,0.0,0.0,5.208333333333333,0.3663808780605136,429.7173714067458,161.98924870566307,232.36981964450933,150.0,1.0,1.9434062854322462,0.0,1986.597715201681,487.53329762800786,475.49007896836804,4178.994778111465,45.70389748642083,0.0,445.0285799683013,83.79671543377395,94.41883429157629,41.666666666666664,12.043218659639834,191700744.8961891,95824833.33333333,10.0,1.0,7.853981633974483,20.0,2.5,98.17477042468104,8847.63018035549,9.555652633508954,9.85894800101479,50.0,11.802354286447036,2302.786376953125,429.7173714067458,5.208333333333333,0.3663808780605136,161.98924870566307
356,0.55836,1.0,1,1109.2367002600106,0.0,487.53329762800786,9.555652633508954,76.44522106807163,86.00087370158059,1080.2399177404168,0.0,0.0,3078.245989946538,1.0,0.0,0.0,2.221673576285726,0.0,389.19163578540986,8847.63018035549,9.555652633508954,9.85894800101479,50.0,11.802354286447036,2302.786376953125,11.802354286447036,83.79671543377395,83.79671543377395,0.0,0.0,5.208333333333333,0.3663808780605136,429.7173714067458,161.98924870566307,232.36981964450933,150.0,1.0,1.9434062854322462,0.0,1986.597715201681,487.53329762800786,475.49007896836804,4178.994778111465,45.70389748642083,0.0,445.0285799683013,83.79671543377395,94.41883429157629,41.666666666666664,12.043218659639834,191700744.8961891,95824833.33333333,10.0,1.0,7.853981633974483,20.0,2.5,98.17477042468104,8847.63018035549,9.555652633508954,9.85894800101479,50.0,11.802354286447036,2302.786376953125,429.7173714067458,5.208333333333333,0.3663808780605136,161.98924870566307
357,0.566232,1.0,1,1124.875197474078,0.0,487.53329762800786,9.555652633508954,76.44522106807163,86.00087370158059,1080.2399177404168,0.0,0.0,3078.245989946538,0.0,0.0,0.0,2.221673576285726,0.0,391.1253250394149,8847.63018035549,9.555652633508954,9.85894800101479,50.0,11.802354286447036,2302.786376953125,11.802354286447036,83.79671543377395,83.79671543377395,0.0,0.0,5.208333333333333,0.3663808780605136,429.7173714067458,161.98924870566307,232.36981964450933,150.0,1.0,1.9434062854322462,0.0,1986.597715201681,487.53329762800786,475.49007896836804,4178.994778111465,45.70389748642083,0.0,445.0285799683013,83.79671543377395,94.41883429157629,41.666666666666664,12.043218659639834,191700744.8961891,95824833.33333333,10.0,1.0,7.853981633974483,20.0,2.5,98.17477042468104,8847.63018035549,9.555652633508954,9.85894800101479,50.0,11.802354286447036,2302.786376953125,429.7173714067458,5.208333333333333,0.3663808780605136,161.98924870566307
358,0.5871069999999999,1.0,1,1166.3454247789132,0.0,487.53329762800786,9.555652633508954,76.44522106807163,86.00087370158059,1080.2399177404168,0.0,0.0,3078.245989946538,1.0,0.0,0.0,2.221673576285726,0.0,393.05901429342,8847.63018035549,9.555652633508954,9.85894800101479,50.0,11.802354286447036,2302.786376953125,11.802354286447036,83.79671543377395,83.79671543377395,0.0,0.0,5.208333333333333,0.3663808780605136,429.7173714067458,161.98924870566307,232.36981964450933,150.0,1.0,1.9434062854322462,0.0,1986.597715201681,487.53329762800786,475.49007896836804,4178.994778111465,45.70389748642083,0.0,445.0285799683013,83.79671543377395,94.41883429157629,41.666666666666664,12.043218659639834,191700744.8961891,95824833.33333333,10.0,1.0,7.853981633974483,20.0,2.5,98.17477042468104,8847.63018035549,9.555652633508954,9.85894800101479,50.0,11.802354286447036,2302.786376953125,429.7173714067458,5.208333333333333,0.3663808780605136,161.98924870566307
359,0.613563,1.0,1,1218.902853932289,0.0,487.53329762800786,9.555652633508954,76.44522106807163,86.00087370158059,1218.902853932289,138.66293619187223,0.0,3209.9757793288168,-0.0,0.0,0.0,2.221673576285726,0.0,394.9927035474251,8847.63018035549,9.555652633508954,9.85894800101479,50.0,11.802354286447036,2302.786376953125,11.802354286447036,83.79671543377395,83.79671543377395,0.0,0.0,5.208333333333333,0.3663808780605136,429.7173714067458,161.98924870566307,232.36981964450933,150.0,1.0,1.9434062854322462,0.0,1986.597715201681,487.53329762800786,475.49007896836804,4178.994778111465,45.70389748642083,0.0,445.0285799683013,83.79671543377395,94.41883429157629,41.666666666666664,12.043218659639834,191700744.8961891,95824833.33333333,10.0,1.0,7.853981633974483,20.0,2.5,98.17477042468104,8847.63018035549,9.555652633508954,9.85894800101479,50.0,11.802354286447036,2302.786376953125,429.7173714067458,5.208333333333333,0.3663808780605136,161.98924870566307
360,0.590773,1.0,1,1173.6282920028427,0.0,487.53329762800786,9.555652633508954,76.44522106807163,86.00087370158059,1080.2399177404168,0.0,0.0,3209.9757793288168,0.0,0.0,0.0,2.221673576285726,0.0,396.9263928014302,8847.63018035549,9.555652633508954,9.85894800101479,50.0,11.802354286447036,2302.786376953125,11.802354286447036,83.79671543377395,83.79671543377395,0.0,0.0,5.208333333333333,0.3663808780605136,429.7173714067458,161.98924870566307,232.36981964450933,150.0,1.0,1.9434062854322462,0.0,1986.597715201681,487.53329762800786,475.49007896836804,4178.994778111465,45.70389748642083,0.0,445.0285799683013,83.79671543377395,94.41883429157629,41.666666666666664,12.043218659639834,191700744.8961891,95824833.33333333,10.0,1.0,7.853981633974483,20.0,2.5,98.17477042468104,8847.63018035549,9.555652633508954,9.85894800101479,50.0,11.802354286447036,2302.786376953125,429.7173714067458,5.208333333333333,0.3663808780605136,161.98924870566307
361,0.551622,1.0,1,1095.8510048549815,0.0,487.53329762800786,9.555652633508954,76.44522106807163,86.00087370158059,1080.2399177404168,0.0,0.0,3209.9757793288168,1.0,0.0,0.0,2.221673576285726,0.0,398.86008205543527,8847.63018035549,9.555652633508954,9.85894800101479,50.0,11.802354286447036,2302.786376953125,11.802354286447036,83.79671543377395,83.79671543377395,0.0,0.0,5.208333333333333,0.3663808780605136,429.7173714067458,161.98924870566307,232.36981964450933,150.0,1.0,1.9434062854322462,0.0,1986.597715201681,487.53329762800786,475.49007896836804,4178.994778111465,45.70389748642083,0.0,445.0285799683013,83.79671543377395,94.41883429157629,41.666666666666664,12.043218659639834,191700744.8961891,95824833.33333333,10.0,1.0,7.853981633974483,20.0,2.5,98.17477042468104,8847.63018035549,9.555652633508954,9.85894800101479,50.0,11.802354286447036,2302.786376953125,429.7173714067458,5.208333333333333,0.3663808780605136,161.98924870566307
362,0.518664,1.0,1,1030.3767173573647,0.0,487.53329762800786,9.555652633508954,76.44522106807163,86.00087370158059,1080.2399177404168,0.0,49.86320038305206,3157.4881999782356,-0.0,0.0,0.0,2.221673576285726,0.0,400.79377130944033,8847.63018035549,9.555652633508954,9.85894800101479,50.0,11.802354286447036,2302.786376953125,11.802354286447036,83.79671543377395,83.79671543377395,0.0,0.0,5.208333333333333,0.3663808780605136,429.7173714067458,161.98924870566307,232.36981964450933,150.0,1.0,1.9434062854322462,0.0,1986.597715201681,487.53329762800786,475.49007896836804,4178.994778111465,45.70389748642083,0.0,445.0285799683013,83.79671543377395,94.41883429157629,41.666666666666664,12.043218659639834,191700744.8961891,95824833.33333333,10.0,1.0,7.853981633974483,20.0,2.5,98.17477042468104,8847.63018035549,9.555652633508954,9.85894800101479,50.0,11.802354286447036,2302.786376953125,429.7173714067458,5.208333333333333,0.3663808780605136,161.98924870566307
363,0.477519,1.0,1,948.6381543653915,0.0,487.53329762800786,9.555652633508954,76.44522106807163,86.00087370158059,1080.2399177404168,0.0,131.6017633750252,3018.9600280045247,0.0,0.0,0.0,2.221673576285726,0.0,402.7274605634454,8847.63018035549,9.555652633508954,9.85894800101479,50.0,11.802354286447036,2302.786376953125,11.802354286447036,83.79671543377395,83.79671543377395,0.0,0.0,5.208333333333333,0.3663808780605136,429.7173714067458,161.98924870566307,232.36981964450933,150.0,1.0,1.9434062854322462,0.0,1986.597715201681,487.53329762800786,475.49007896836804,4178.994778111465,45.70389748642083,0.0,445.0285799683013,83.79671543377395,94.41883429157629,41.666666666666664,12.043218659639834,191700744.8961891,95824833.33333333,10.0,1.0,7.853981633974483,20.0,2.5,98.17477042468104,8847.63018035549,9.555652633508954,9.85894800101479,50.0,11.802354286447036,2302.786376953125,429.7173714067458,5.208333333333333,0.3663808780605136,161.98924870566307
364,0.451924,1.0,1,897.7911858448044,0.0,487.53329762800786,9.555652633508954,76.44522106807163,86.00087370158059,1080.2399177404168,0.0,2644.3418617704538,235.44227877246846,-0.0,0.0,0.0,2.221673576285726,0.0,404.6611498174505,8847.63018035549,9.555652633508954,9.85894800101479,50.0,11.802354286447036,2302.786376953125,11.802354286447036,83.79671543377395,83.79671543377395,0.0,0.0,5.208333333333333,0.3663808780605136,429.7173714067458,161.98924870566307,232.36981964450933,150.0,1.0,1.9434062854322462,0.0,1986.597715201681,487.53329762800786,475.49007896836804,4178.994778111465,45.70389748642083,0.0,445.0285799683013,83.79671543377395,94.41883429157629,41.666666666666664,12.043218659639834,191700744.8961891,95824833.33333333,10.0,1.0,7.853981633974483,20.0,2.5,98.17477042468104,8847.63018035549,9.555652633508954,9.85894800101479,50.0,11.802354286447036,2302.786376953125,429.7173714067458,5.208333333333333,0.3663808780605136,161.98924870566307
365,0.472961,1.0,1,939.5832419795023,0.0,487.53329762800786,9.555652633508954,76.44522106807163,86.00087370158059,1080.2399177404168,0.0,140.65667576091442,87.38262007676906,-0.0,0.0,0.0,2.221673576285726,0.0,406.59483907145557,8847.63018035549,9.555652633508954,9.85894800101479,50.0,11.802354286447036,2302.786376953125,11.802354286447036,83.79671543377395,83.79671543377395,0.0,0.0,5.208333333333333,0.3663808780605136,429.7173714067458,161.98924870566307,232.36981964450933,150.0,1.0,1.9434062854322462,0.0,1986.597715201681,487.53329762800786,475.49007896836804,4178.994778111465,45.70389748642083,0.0,445.0285799683013,83.79671543377395,94.41883429157629,41.666666666666664,12.043218659639834,191700744.8961891,95824833.33333333,10.0,1.0,7.853981633974483,20.0,2.5,98.17477042468104,8847.63018035549,9.555652633508954,9.85894800101479,50.0,11.802354286447036,2302.786376953125,429.7173714067458,5.208333333333333,0.3663808780605136,161.98924870566307
366,0.550591,1.0,1,1093.802822610609,0.0,487.53329762800786,9.555652633508954,76.44522106807163,86.00087370158059,1080.2399177404168,0.0,0.0,87.38262007676906,-0.0,0.0,0.0,2.221673576285726,0.0,408.52852832546074,8847.63018035549,9.555652633508954,9.85894800101479,50.0,11.802354286447036,2302.786376953125,11.802354286447036,83.79671543377395,83.79671543377395,0.0,0.0,5.208333333333333,0.3663808780605136,429.7173714067458,161.98924870566307,232.36981964450933,150.0,1.0,1.9434062854322462,0.0,1986.597715201681,487.53329762800786,475.49007896836804,4178.994778111465,45.70389748642083,0.0,445.0285799683013,83.79671543377395,94.41883429157629,41.666666666666664,12.043218659639834,191700744.8961891,95824833.33333333,10.0,1.0,7.853981633974483,20.0,2.5,98.17477042468104,8847.63018035549,9.555652633508954,9.85894800101479,50.0,11.802354286447036,2302.786376953125,429.7173714067458,5.208333333333333,0.3663808780605136,161.98924870566307
367,0.650632,1.0,1,1292.5440446371001,0.0,487.53329762800786,9.555652633508954,76.44522106807163,86.00087370158059,1080.2399177404168,0.0,0.0,87.38262007676906,-0.0,0.0,0.0,2.221673576285726,0.0,410.4622175794658,8847.63018035549,9.555652633508954,9.85894800101479,50.0,11.802354286447036,2302.786376953125,11.802354286447036,83.79671543377395,83.79671543377395,0.0,0.0,5.208333333333333,0.3663808780605136,429.7173714067458,161.98924870566307,232.36981964450933,150.0,1.0,1.9434062854322462,0.0,1986.597715201681,487.53329762800786,475.49007896836804,4178.994778111465,45.70389748642083,0.0,445.0285799683013,83.79671543377395,94.41883429157629,41.666666666666664,12.043218659639834,191700744.8961891,95824833.33333333,10.0,1.0,7.853981633974483,20.0,2.5,98.17477042468104,8847.63018035549,9.555652633508954,9.85894800101479,50.0,11.802354286447036,2302.786376953125,429.7173714067458,5.208333333333333,0.3663808780605136,161.98924870566307
368,0.752424,1.0,1,1494.7637992629095,0.0,487.53329762800786,9.555652633508954,76.44522106807163,86.00087370158059,1080.2399177404168,0.0,0.0,87.38262007676906,0.0,0.0,0.0,2.221673576285726,0.0,412.39590683347086,8847.63018035549,9.555652633508954,9.85894800101479,50.0,11.802354286447036,2302.786376953125,11.802354286447036,83.79671543377395,83.79671543377395,0.0,0.0,5.208333333333333,0.3663808780605136,429.7173714067458,161.98924870566307,232.36981964450933,150.0,1.0,1.9434062854322462,0.0,1986.597715201681,487.53329762800786,475.49007896836804,4178.994778111465,45.70389748642083,0.0,445.0285799683013,83.79671543377395,94.41883429157629,41.666666666666664,12.043218659639834,191700744.8961891,95824833.33333333,10.0,1.0,7.853981633974483,20.0,2.5,98.17477042468104,8847.63018035549,9.555652633508954,9.85894800101479,50.0,11.802354286447036,2302.786376953125,429.7173714067458,5.208333333333333,0.3663808780605136,161.98924870566307
369,0.825673,1.0,1,1640.2800953037176,0.0,487.53329762800786,9.555652633508954,76.44522106807163,86.00087370158059,1640.2800953037176,560.040177563301,0.0,619.420788761905,1.0,0.0,0.0,2.221673576285726,0.0,414.3295960874759,8847.63018035549,9.555652633508954,9.85894800101479,50.0,11.802354286447036,2302.786376953125,11.802354286447036,83.79671543377395,83.79671543377395,0.0,0.0,5.208333333333333,0.3663808780605136,429.7173714067458,161.98924870566307,232.36981964450933,150.0,1.0,1.9434062854322462,0.0,1986.597715201681,487.53329762800786,475.49007896836804,4178.994778111465,45.70389748642083,0.0,445.0285799683013,83.79671543377395,94.41883429157629,41.666666666666664,12.043218659639834,191700744.8961891,95824833.33333333,10.0,1.0,7.853981633974483,20.0,2.5,98.17477042468104,8847.63018035549,9.555652633508954,9.85894800101479,50.0,11.802354286447036,2302.786376953125,429.7173714067458,5.208333333333333,0.3663808780605136,161.98924870566307
370,0.8532519999999999,1.0,1,1695.0684736912644,0.0,487.53329762800786,9.555652633508954,76.44522106807163,86.00087370158059,1164.0366331741907,0.0,0.0,619.420788761905,1.0,0.0,0.0,2.221673576285726,0.0,416.26328534148104,8847.63018035549,9.555652633508954,9.85894800101479,50.0,11.802354286447036,2302.786376953125,11.802354286447036,83.79671543377395,0.0,83.79671543377395,83.79671543377395,5.208333333333333,0.3663808780605136,429.7173714067458,161.98924870566307,232.36981964450933,150.0,1.0,1.9434062854322462,0.0,1986.597715201681,487.53329762800786,475.49007896836804,4178.994778111465,45.70389748642083,0.0,445.0285799683013,83.79671543377395,94.41883429157629,41.666666666666664,12.043218659639834,191700744.8961891,95824833.33333333,10.0,1.0,7.853981633974483,20.0,2.5,98.17477042468104,8847.63018035549,9.555652633508954,9.85894800101479,50.0,11.802354286447036,2302.786376953125,429.7173714067458,5.208333333333333,0.3663808780605136,161.98924870566307
371,0.8661530000000001,1.0,1,1720.6975708150817,0.0,487.53329762800786,9.555652633508954,76.44522106807163,86.00087370158059,1080.2399177404168,0.0,0.0,619.420788761905,-0.0,0.0,0.0,2.221673576285726,0.0,418.1969745954861,8847.63018035549,9.555652633508954,9.85894800101479,50.0,11.802354286447036,2302.786376953125,11.802354286447036,83.79671543377395,83.79671543377395,0.0,0.0,5.208333333333333,0.3663808780605136,429.7173714067458,161.98924870566307,232.36981964450933,150.0,1.0,1.9434062854322462,0.0,1986.597715201681,487.53329762800786,475.49007896836804,4178.994778111465,45.70389748642083,0.0,445.0285799683013,83.79671543377395,94.41883429157629,41.666666666666664,12.043218659639834,191700744.8961891,95824833.33333333,10.0,1.0,7.853981633974483,20.0,2.5,98.17477042468104,8847.63018035549,9.555652633508954,9.85894800101479,50.0,11.802354286447036,2302.786376953125,429.7173714067458,5.208333333333333,0.3663808780605136,161.98924870566307
372,0.881709,1.0,1,1751.601084872759,0.0,487.53329762800786,9.555652633508954,76.44522106807163,86.00087370158059,1751.6010848727592,671.3611671323423,0.0,1257.2138975376301,1.0,0.0,0.0,2.221673576285726,0.0,420.13066384949116,8847.63018035549,9.555652633508954,9.85894800101479,50.0,11.802354286447036,2302.786376953125,11.802354286447036,83.79671543377395,83.79671543377395,0.0,0.0,5.208333333333333,0.3663808780605136,429.7173714067458,161.98924870566307,232.36981964450933,150.0,1.0,1.9434062854322462,0.0,1986.597715201681,487.53329762800786,475.49007896836804,4178.994778111465,45.70389748642083,0.0,445.0285799683013,83.79671543377395,94.41883429157629,41.666666666666664,12.043218659639834,191700744.8961891,95824833.33333333,10.0,1.0,7.853981633974483,20.0,2.5,98.17477042468104,8847.63018035549,9.555652633508954,9.85894800101479,50.0,11.802354286447036,2302.786376953125,429.7173714067458,5.208333333333333,0.3663808780605136,161.98924870566307
373,0.8917780000000001,1.0,1,1771.6041372671248,0.0,487.53329762800786,9.555652633508954,76.44522106807163,86.00087370158059,1771.6041372671248,691.3642195267081,0.0,1914.0099060880027,-0.0,0.0,0.0,2.221673576285726,0.0,422.0643531034962,8847.63018035549,9.555652633508954,9.85894800101479,50.0,11.802354286447036,2302.786376953125,11.802354286447036,83.79671543377395,83.79671543377395,0.0,0.0,5.208333333333333,0.3663808780605136,429.7173714067458,161.98924870566307,232.36981964450933,150.0,1.0,1.9434062854322462,0.0,1986.597715201681,487.53329762800786,475.49007896836804,4178.994778111465,45.70389748642083,0.0,445.0285799683013,83.79671543377395,94.41883429157629,41.666666666666664,12.043218659639834,191700744.8961891,95824833.33333333,10.0,1.0,7.853981633974483,20.0,2.5,98.17477042468104,8847.63018035549,9.555652633508954,9.85894800101479,50.0,11.802354286447036,2302.786376953125,429.7173714067458,5.208333333333333,0.3663808780605136,161.98924870566307
374,0.896995,1.0,1,1781.9682175473317,0.0,487.53329762800786,9.555652633508954,76.44522106807163,86.00087370158059,1781.9682175473317,701.7282998069151,0.0,2580.651790904572,1.0,0.0,0.0,2.221673576285726,0.0,423.9980423575014,8847.63018035549,9.555652633508954,9.85894800101479,50.0,11.802354286447036,2302.786376953125,11.802354286447036,83.79671543377395,83.79671543377395,0.0,0.0,5.208333333333333,0.3663808780605136,429.7173714067458,161.98924870566307,232.36981964450933,150.0,1.0,1.9434062854322462,0.0,1986.597715201681,487.53329762800786,475.49007896836804,4178.994778111465,45.70389748642083,0.0,445.0285799683013,83.79671543377395,94.41883429157629,41.666666666666664,12.043218659639834,191700744.8961891,95824833.33333333,10.0,1.0,7.853981633974483,20.0,2.5,98.17477042468104,8847.63018035549,9.555652633508954,9.85894800101479,50.0,11.802354286447036,2302.786376953125,429.7173714067458,5.208333333333333,0.3663808780605136,161.98924870566307
375,0.906201,1.0,1,1800.2568361134786,0.0,487.53329762800786,9.555652633508954,76.44522106807163,86.00087370158059,1080.2399177404168,0.0,0.0,2580.651790904572,1.0,0.0,0.0,2.221673576285726,0.0,425.93173161150645,8847.63018035549,9.555652633508954,9.85894800101479,50.0,11.802354286447036,2302.786376953125,11.802354286447036,83.79671543377395,83.79671543377395,0.0,0.0,5.208333333333333,0.3663808780605136,429.7173714067458,161.98924870566307,232.36981964450933,150.0,1.0,1.9434062854322462,0.0,1986.597715201681,487.53329762800786,475.49007896836804,4178.994778111465,45.70389748642083,0.0,445.0285799683013,83.79671543377395,94.41883429157629,41.666666666666664,12.043218659639834,191700744.8961891,95824833.33333333,10.0,1.0,7.853981633974483,20.0,2.5,98.17477042468104,8847.63018035549,9.555652633508954,9.85894800101479,50.0,11.802354286447036,2302.786376953125,429.7173714067458,5.208333333333333,0.3663808780605136,161.98924870566307
376,0.927121,1.0,1,1841.8164603154976,0.0,487.53329762800786,9.555652633508954,76.44522106807163,86.00087370158059,1164.0366331741907,0.0,0.0,2580.651790904572,1.0,0.0,0.0,2.221673576285726,0.0,427.8654208655115,8847.63018035549,9.555652633508954,9.85894800101479,50.0,11.802354286447036,2302.786376953125,11.802354286447036,83.79671543377395,0.0,83.79671543377395,83.79671543377395,5.208333333333333,0.3663808780605136,429.7173714067458,161.98924870566307,232.36981964450933,150.0,1.0,1.9434062854322462,0.0,1986.597715201681,487.53329762800786,475.49007896836804,4178.994778111465,45.70389748642083,0.0,445.0285799683013,83.79671543377395,94.41883429157629,41.666666666666664,12.043218659639834,191700744.8961891,95824833.33333333,10.0,1.0,7.853981633974483,20.0,2.5,98.17477042468104,8847.63018035549,9.555652633508954,9.85894800101479,50.0,11.802354286447036,2302.786376953125,429.7173714067458,5.208333333333333,0.3663808780605136,161.98924870566307
377,0.955092,1.0,1,1897.383585007404,0.0,487.53329762800786,9.555652633508954,76.44522106807163,86.00087370158059,1897.3835850074042,817.1436672669873,0.0,3356.93827480821,1.0,0.0,0.0,2.221673576285726,0.0,429.79911011951657,8847.63018035549,9.555652633508954,9.85894800101479,50.0,11.802354286447036,2302.786376953125,11.802354286447036,83.79671543377395,83.79671543377395,0.0,0.0,5.208333333333333,0.3663808780605136,429.7173714067458,161.98924870566307,232.36981964450933,150.0,1.0,1.9434062854322462,0.0,1986.597715201681,487.53329762800786,475.49007896836804,4178.994778111465,45.70389748642083,0.0,445.0285799683013,83.79671543377395,94.41883429157629,41.666666666666664,12.043218659639834,191700744.8961891,95824833.33333333,10.0,1.0,7.853981633974483,20.0,2.5,98.17477042468104,8847.63018035549,9.555652633508954,9.85894800101479,50.0,11.802354286447036,2302.786376953125,429.7173714067458,5.208333333333333,0.3663808780605136,161.98924870566307
378,0.971877,1.0,1,1930.7286276570642,0.0,487.53329762800786,9.555652633508954,76.44522106807163,86.00087370158059,1164.0366331741907,0.0,0.0,3356.93827480821,1.0,0.0,0.0,2.221673576285726,0.0,431.73279937352174,8847.63018035549,9.555652633508954,9.85894800101479,50.0,11.802354286447036,2302.786376953125,11.802354286447036,83.79671543377395,0.0,83.79671543377395,83.79671543377395,5.208333333333333,0.3663808780605136,429.7173714067458,161.98924870566307,232.36981964450933,150.0,1.0,1.9434062854322462,0.0,1986.597715201681,487.53329762800786,475.49007896836804,4178.994778111465,45.70389748642083,0.0,445.0285799683013,83.79671543377395,94.41883429157629,41.666666666666664,12.043218659639834,191700744.8961891,95824833.33333333,10.0,1.0,7.853981633974483,20.0,2.5,98.17477042468104,8847.63018035549,9.555652633508954,9.85894800101479,50.0,11.802354286447036,2302.786376953125,429.7173714067458,5.208333333333333,0.3663808780605136,161.98924870566307
379,0.976692,1.0,1,1940.2940956557602,0.0,487.53329762800786,9.555652633508954,76.44522106807163,86.00087370158059,1080.2399177404168,0.0,0.0,3356.93827480821,1.0,0.0,0.0,2.221673576285726,0.0,433.6664886275268,8847.63018035549,9.555652633508954,9.85894800101479,50.0,11.802354286447036,2302.786376953125,11.802354286447036,83.79671543377395,83.79671543377395,0.0,0.0,5.208333333333333,0.3663808780605136,429.7173714067458,161.98924870566307,232.36981964450933,150.0,1.0,1.9434062854322462,0.0,1986.597715201681,487.53329762800786,475.49007896836804,4178.994778111465,45.70389748642083,0.0,445.0285799683013,83.79671543377395,94.41883429157629,41.666666666666664,12.043218659639834,191700744.8961891,95824833.33333333,10.0,1.0,7.853981633974483,20.0,2.5,98.17477042468104,8847.63018035549,9.555652633508954,9.85894800101479,50.0,11.802354286447036,2302.786376953125,429.7173714067458,5.208333333333333,0.3663808780605136,161.98924870566307
380,0.978645,1.0,1,1944.173920993549,0.0,487.53329762800786,9.555652633508954,76.44522106807163,86.00087370158059,1080.2399177404168,0.0,0.0,3356.93827480821,1.0,0.0,0.0,2.221673576285726,0.0,435.60017788153186,8847.63018035549,9.555652633508954,9.85894800101479,50.0,11.802354286447036,2302.786376953125,11.802354286447036,83.79671543377395,83.79671543377395,0.0,0.0,5.208333333333333,0.3663808780605136,429.7173714067458,161.98924870566307,232.36981964450933,150.0,1.0,1.9434062854322462,0.0,1986.597715201681,487.53329762800786,475.49007896836804,4178.994778111465,45.70389748642083,0.0,445.0285799683013,83.79671543377395,94.41883429157629,41.666666666666664,12.043218659639834,191700744.8961891,95824833.33333333,10.0,1.0,7.853981633974483,20.0,2.5,98.17477042468104,8847.63018035549,9.555652633508954,9.85894800101479,50.0,11.802354286447036,2302.786376953125,429.7173714067458,5.208333333333333,0.3663808780605136,161.98924870566307
381,0.979344,1.0,1,1945.562552796475,0.0,487.53329762800786,9.555652633508954,76.44522106807163,86.00087370158059,1945.5625527964753,865.3226350560584,0.0,4178.994778111465,1.0,0.0,0.0,2.221673576285726,0.0,437.5338671355369,8847.63018035549,9.555652633508954,9.85894800101479,50.0,11.802354286447036,2302.786376953125,11.802354286447036,83.79671543377395,83.79671543377395,0.0,0.0,5.208333333333333,0.3663808780605136,429.7173714067458,161.98924870566307,232.36981964450933,150.0,1.0,1.9434062854322462,0.0,1986.597715201681,487.53329762800786,475.49007896836804,4178.994778111465,45.70389748642083,0.0,445.0285799683013,83.79671543377395,94.41883429157629,41.666666666666664,12.043218659639834,191700744.8961891,95824833.33333333,10.0,1.0,7.853981633974483,20.0,2.5,98.17477042468104,8847.63018035549,9.555652633508954,9.85894800101479,50.0,11.802354286447036,2302.786376953125,429.7173714067458,5.208333333333333,0.3663808780605136,161.98924870566307
382,0.9798,1.0,1,1946.468441354607,0.0,487.53329762800786,9.555652633508954,76.44522106807163,86.00087370158059,1164.0366331741907,0.0,0.0,4178.994778111465,1.0,0.0,0.0,2.221673576285726,0.0,439.467556389542,8847.63018035549,9.555652633508954,9.85894800101479,50.0,11.802354286447036,2302.786376953125,11.802354286447036,83.79671543377395,0.0,83.79671543377395,83.79671543377395,5.208333333333333,0.3663808780605136,429.7173714067458,161.98924870566307,232.36981964450933,150.0,1.0,1.9434062854322462,0.0,1986.597715201681,487.53329762800786,475.49007896836804,4178.994778111465,45.70389748642083,0.0,445.0285799683013,83.79671543377395,94.41883429157629,41.666666666666664,12.043218659639834,191700744.8961891,95824833.33333333,10.0,1.0,7.853981633974483,20.0,2.5,98.17477042468104,8847.63018035549,9.555652633508954,9.85894800101479,50.0,11.802354286447036,2302.786376953125,429.7173714067458,5.208333333333333,0.3663808780605136,161.98924870566307
383,0.982643,1.0,1,1952.1163386589255,0.0,487.53329762800786,9.555652633508954,76.44522106807163,86.00087370158059,1080.2399177404168,0.0,0.0,4178.994778111465,1.0,0.0,0.0,2.221673576285726,0.0,441.40124564354704,8847.63018035549,9.555652633508954,9.85894800101479,50.0,11.802354286447036,2302.786376953125,11.802354286447036,83.79671543377395,83.79671543377395,0.0,0.0,5.208333333333333,0.3663808780605136,429.7173714067458,161.98924870566307,232.36981964450933,150.0,1.0,1.9434062854322462,0.0,1986.597715201681,487.53329762800786,475.49007896836804,4178.994778111465,45.70389748642083,0.0,445.0285799683013,83.79671543377395,94.41883429157629,41.666666666666664,12.043218659639834,191700744.8961891,95824833.33333333,10.0,1.0,7.853981633974483,20.0,2.5,98.17477042468104,8847.63018035549,9.555652633508954,9.85894800101479,50.0,11.802354286447036,2302.786376953125,429.7173714067458,5.208333333333333,0.3663808780605136,161.98924870566307
384,0.405264,-0.0,1,805.0965364534941,0.0,487.53329762800786,9.555652633508954,76.44522106807163,86.00087370158059,669.6338516006888,0.0,0.0,4178.994778111465,1.0,9.555652633508954,0.0,11.5862131571245,0.0,431.4927551902658,0.0,0.0,9.85894800101479,50.0,0.0,0.0,0.0,0.0,0.0,0.0,0.0,5.208333333333333,0.3663808780605136,0.0,161.98924870566307,9080.0,150.0,-0.0,0.0,9.85894800101479,1986.597715201681,487.53329762800786,475.49007896836804,4178.994778111465,45.70389748642083,0.0,445.0285799683013,83.79671543377395,94.41883429157629,41.666666666666664,12.043218659639834,191700744.8961891,95824833.33333333,10.0,1.0,7.853981633974483,20.0,2.5,98.17477042468104,8847.63018035549,9.555652633508954,9.85894800101479,50.0,11.802354286447036,2302.786376953125,429.7173714067458,5.208333333333333,0.3663808780605136,161.98924870566307
385,0.334375,1.0,1,664.268611020562,0.0,70.74508601338852,1.386603685862415,11.09282948689932,12.479433172761734,664.268611020562,0.0,0.0,4178.994778111465,-0.0,0.0,8.169048947646539,3.2504489248321127,0.0,433.42644444427077,8847.63018035549,9.555652633508954,9.85894800101479,50.0,11.802354286447036,2302.786376953125,11.802354286447036,83.79671543377395,83.79671543377395,0.0,0.0,5.208333333333333,0.3663808780605136,429.7173714067458,161.98924870566307,232.36981964450933,150.0,1.0,1.9434062854322462,0.0,1986.597715201681,487.53329762800786,475.49007896836804,4178.994778111465,45.70389748642083,0.0,445.0285799683013,83.79671543377395,94.41883429157629,41.666666666666664,12.043218659639834,191700744.8961891,95824833.33333333,10.0,1.0,7.853981633974483,20.0,2.5,98.17477042468104,8847.63018035549,9.555652633508954,9.85894800101479,50.0,11.802354286447036,2302.786376953125,429.7173714067458,5.208333333333333,0.3663808780605136,161.98924870566307
386,0.277051,1.0,1,550.3888835943409,0.0,487.53329762800786,9.555652633508954,76.44522106807163,86.00087370158059,1080.2399177404168,0.0,529.8510341460758,3621.2568474313853,-0.0,0.0,0.0,3.2504489248321127,0.0,435.36013369827583,8847.63018035549,9.555652633508954,9.85894800101479,50.0,11.802354286447036,2302.786376953125,11.802354286447036,83.79671543377395,83.79671543377395,0.0,0.0,5.208333333333333,0.3663808780605136,429.7173714067458,161.98924870566307,232.36981964450933,150.0,1.0,1.9434062854322462,0.0,1986.597715201681,487.53329762800786,475.49007896836804,4178.994778111465,45.70389748642083,0.0,445.0285799683013,83.79671543377395,94.41883429157629,41.666666666666664,12.043218659639834,191700744.8961891,95824833.33333333,10.0,1.0,7.853981633974483,20.0,2.5,98.17477042468104,8847.63018035549,9.555652633508954,9.85894800101479,50.0,11.802354286447036,2302.786376953125,429.7173714067458,5.208333333333333,0.3663808780605136,161.98924870566307
387,0.236241,1.0,1,469.31583083696034,0.0,487.53329762800786,9.555652633508954,76.44522106807163,86.00087370158059,1080.2399177404168,0.0,610.9240869034563,2978.1788612172204,-0.0,0.0,0.0,3.2504489248321127,0.0,437.2938229522809,8847.63018035549,9.555652633508954,9.85894800101479,50.0,11.802354286447036,2302.786376953125,11.802354286447036,83.79671543377395,83.79671543377395,0.0,0.0,5.208333333333333,0.3663808780605136,429.7173714067458,161.98924870566307,232.36981964450933,150.0,1.0,1.9434062854322462,0.0,1986.597715201681,487.53329762800786,475.49007896836804,4178.994778111465,45.70389748642083,0.0,445.0285799683013,83.79671543377395,94.41883429157629,41.666666666666664,12.043218659639834,191700744.8961891,95824833.33333333,10.0,1.0,7.853981633974483,20.0,2.5,98.17477042468104,8847.63018035549,9.555652633508954,9.85894800101479,50.0,11.802354286447036,2302.786376953125,429.7173714067458,5.208333333333333,0.3663808780605136,161.98924870566307
388,0.226041,1.0,1,449.05253414190315,0.0,487.53329762800786,9.555652633508954,76.44522106807163,86.00087370158059,1080.2399177404168,0.0,631.1873835985136,2313.7710890082585,-0.0,0.0,0.0,3.250448924832117,0.0,439.227512206286,8847.63018035549,9.555652633508954,9.85894800101479,50.0,11.802354286447036,2302.786376953125,11.802354286447036,83.79671543377395,83.79671543377395,0.0,0.0,5.208333333333333,0.3663808780605136,429.7173714067458,161.98924870566307,232.36981964450933,150.0,1.0,1.9434062854322462,0.0,1986.597715201681,487.53329762800786,475.49007896836804,4178.994778111465,45.70389748642083,0.0,445.0285799683013,83.79671543377395,94.41883429157629,41.666666666666664,12.043218659639834,191700744.8961891,95824833.33333333,10.0,1.0,7.853981633974483,20.0,2.5,98.17477042468104,8847.63018035549,9.555652633508954,9.85894800101479,50.0,11.802354286447036,2302.786376953125,429.7173714067458,5.208333333333333,0.3663808780605136,161.98924870566307
389,0.225972,1.0,1,448.91545889955427,0.0,487.53329762800786,9.555652633508954,76.44522106807163,86.00087370158059,1080.2399177404168,0.0,631.3244588408625,1649.2190270705087,-0.0,0.0,0.0,3.250448924832117,0.0,441.16120146029107,8847.63018035549,9.555652633508954,9.85894800101479,50.0,11.802354286447036,2302.786376953125,11.802354286447036,83.79671543377395,83.79671543377395,0.0,0.0,5.208333333333333,0.3663808780605136,429.7173714067458,161.98924870566307,232.36981964450933,150.0,1.0,1.9434062854322462,0.0,1986.597715201681,487.53329762800786,475.49007896836804,4178.994778111465,45.70389748642083,0.0,445.0285799683013,83.79671543377395,94.41883429157629,41.666666666666664,12.043218659639834,191700744.8961891,95824833.33333333,10.0,1.0,7.853981633974483,20.0,2.5,98.17477042468104,8847.63018035549,9.555652633508954,9.85894800101479,50.0,11.802354286447036,2302.786376953125,429.7173714067458,5.208333333333333,0.3663808780605136,161.98924870566307
390,0.237785,1.0,1,472.38313770923173,0.0,487.53329762800786,9.555652633508954,76.44522106807163,86.00087370158059,1080.2399177404168,0.0,607.856780031185,1009.3697849324192,-0.0,0.0,0.0,3.250448924832117,0.0,443.0948907142961,8847.63018035549,9.555652633508954,9.85894800101479,50.0,11.802354286447036,2302.786376953125,11.802354286447036,83.79671543377395,83.79671543377395,0.0,0.0,5.208333333333333,0.3663808780605136,429.7173714067458,161.98924870566307,232.36981964450933,150.0,1.0,1.9434062854322462,0.0,1986.597715201681,487.53329762800786,475.49007896836804,4178.994778111465,45.70389748642083,0.0,445.0285799683013,83.79671543377395,94.41883429157629,41.666666666666664,12.043218659639834,191700744.8961891,95824833.33333333,10.0,1.0,7.853981633974483,20.0,2.5,98.17477042468104,8847.63018035549,9.555652633508954,9.85894800101479,50.0,11.802354286447036,2302.786376953125,429.7173714067458,5.208333333333333,0.3663808780605136,161.98924870566307
391,0.2567919999999999,1.0,1,510.1424004820699,0.0,325.010851386402,6.370212687173479,50.961701497387836,57.33191418456131,918.0360154934443,0.0,407.89361501137455,580.008084920446,-0.0,0.0,3.1854399463354746,0.0,0.0,445.0285799683013,8847.63018035549,9.555652633508954,9.85894800101479,50.0,11.802354286447036,2302.786376953125,11.802354286447036,83.79671543377395,83.79671543377395,0.0,0.0,5.208333333333333,0.3663808780605136,429.7173714067458,161.98924870566307,232.36981964450933,150.0,1.0,1.9434062854322462,0.0,1986.597715201681,487.53329762800786,475.49007896836804,4178.994778111465,45.70389748642083,0.0,445.0285799683013,83.79671543377395,94.41883429157629,41.666666666666664,12.043218659639834,191700744.8961891,95824833.33333333,10.0,1.0,7.853981633974483,20.0,2.5,98.17477042468104,8847.63018035549,9.555652633508954,9.85894800101479,50.0,11.802354286447036,2302.786376953125,429.7173714067458,5.208333333333333,0.3663808780605136,161.98924870566307
392,0.296968,-0.0,1,589.9559502880128,0.0,410.8609522539932,8.052874664178267,64.42299731342614,72.4758719776044,589.9559502880128,0.0,0.0,580.008084920446,1.0,8.052874664178267,0.0,7.891817170894702,0.0,435.1200895150201,0.0,0.0,9.85894800101479,50.0,0.0,0.0,0.0,0.0,0.0,0.0,0.0,5.208333333333333,0.3663808780605136,0.0,161.98924870566307,9080.0,150.0,-0.0,0.0,9.85894800101479,1986.597715201681,487.53329762800786,475.49007896836804,4178.994778111465,45.70389748642083,0.0,445.0285799683013,83.79671543377395,94.41883429157629,41.666666666666664,12.043218659639834,191700744.8961891,95824833.33333333,10.0,1.0,7.853981633974483,20.0,2.5,98.17477042468104,8847.63018035549,9.555652633508954,9.85894800101479,50.0,11.802354286447036,2302.786376953125,429.7173714067458,5.208333333333333,0.3663808780605136,161.98924870566307
393,0.369357,-0.0,1,733.7637722937473,0.0,487.53329762800786,9.555652633508954,76.44522106807163,86.00087370158059,669.6338516006888,0.0,0.0,580.008084920446,1.0,9.555652633508954,0.0,17.256356751733477,0.0,425.21159906173887,0.0,0.0,9.85894800101479,50.0,0.0,0.0,0.0,0.0,0.0,0.0,0.0,5.208333333333333,0.3663808780605136,0.0,161.98924870566307,9080.0,150.0,-0.0,0.0,9.85894800101479,1986.597715201681,487.53329762800786,475.49007896836804,4178.994778111465,45.70389748642083,0.0,445.0285799683013,83.79671543377395,94.41883429157629,41.666666666666664,12.043218659639834,191700744.8961891,95824833.33333333,10.0,1.0,7.853981633974483,20.0,2.5,98.17477042468104,8847.63018035549,9.555652633508954,9.85894800101479,50.0,11.802354286447036,2302.786376953125,429.7173714067458,5.208333333333333,0.3663808780605136,161.98924870566307
394,0.438321,-0.0,1,870.7674971249161,0.0,487.53329762800786,9.555652633508954,76.44522106807163,86.00087370158059,669.6338516006888,0.0,0.0,580.008084920446,1.0,9.555652633508954,0.0,26.62089633257226,0.0,415.30310860845765,0.0,0.0,9.85894800101479,50.0,0.0,0.0,0.0,0.0,0.0,0.0,0.0,5.208333333333333,0.3663808780605136,0.0,161.98924870566307,9080.0,150.0,-0.0,0.0,9.85894800101479,1986.597715201681,487.53329762800786,475.49007896836804,4178.994778111465,45.70389748642083,0.0,445.0285799683013,83.79671543377395,94.41883429157629,41.666666666666664,12.043218659639834,191700744.8961891,95824833.33333333,10.0,1.0,7.853981633974483,20.0,2.5,98.17477042468104,8847.63018035549,9.555652633508954,9.85894800101479,50.0,11.802354286447036,2302.786376953125,429.7173714067458,5.208333333333333,0.3663808780605136,161.98924870566307
395,0.466644,1.0,1,927.0339042125732,0.0,334.0264106015926,6.546917647791215,52.37534118232972,58.92225883012094,927.0339042125732,0.0,0.0,580.008084920446,-0.0,0.0,3.008734985717739,23.550758592043955,0.0,417.23679786246277,8847.63018035549,9.555652633508954,9.85894800101479,50.0,11.802354286447036,2302.786376953125,11.802354286447036,83.79671543377395,83.79671543377395,0.0,0.0,5.208333333333333,0.3663808780605136,429.7173714067458,161.98924870566307,232.36981964450933,150.0,1.0,1.9434062854322462,0.0,1986.597715201681,487.53329762800786,475.49007896836804,4178.994778111465,45.70389748642083,0.0,445.0285799683013,83.79671543377395,94.41883429157629,41.666666666666664,12.043218659639834,191700744.8961891,95824833.33333333,10.0,1.0,7.853981633974483,20.0,2.5,98.17477042468104,8847.63018035549,9.555652633508954,9.85894800101479,50.0,11.802354286447036,2302.786376953125,429.7173714067458,5.208333333333333,0.3663808780605136,161.98924870566307
396,0.426223,1.0,1,846.7336379664061,0.0,253.56844674626907,4.969941556226874,39.75953244981499,44.72947400604186,846.7336379664061,0.0,0.0,580.008084920446,-0.0,0.0,4.58571107728208,18.871461574409178,0.0,419.1704871164678,8847.63018035549,9.555652633508954,9.85894800101479,50.0,11.802354286447036,2302.786376953125,11.802354286447036,83.79671543377395,83.79671543377395,0.0,0.0,5.208333333333333,0.3663808780605136,429.7173714067458,161.98924870566307,232.36981964450933,150.0,1.0,1.9434062854322462,0.0,1986.597715201681,487.53329762800786,475.49007896836804,4178.994778111465,45.70389748642083,0.0,445.0285799683013,83.79671543377395,94.41883429157629,41.666666666666664,12.043218659639834,191700744.8961891,95824833.33333333,10.0,1.0,7.853981633974483,20.0,2.5,98.17477042468104,8847.63018035549,9.555652633508954,9.85894800101479,50.0,11.802354286447036,2302.786376953125,429.7173714067458,5.208333333333333,0.3663808780605136,161.98924870566307
397,0.328194,-0.0,1,651.9894505429005,0.0,0.0,0.0,0.0,0.0,651.9894505429005,489.00020183723746,0.0,1044.5582766658215,-0.0,0.0,0.0,18.871461574409178,0.0,409.2619966631866,0.0,0.0,9.85894800101479,50.0,0.0,0.0,0.0,0.0,0.0,0.0,0.0,5.208333333333333,0.3663808780605136,0.0,161.98924870566307,9080.0,150.0,-0.0,0.0,9.85894800101479,1986.597715201681,487.53329762800786,475.49007896836804,4178.994778111465,45.70389748642083,0.0,445.0285799683013,83.79671543377395,94.41883429157629,41.666666666666664,12.043218659639834,191700744.8961891,95824833.33333333,10.0,1.0,7.853981633974483,20.0,2.5,98.17477042468104,8847.63018035549,9.555652633508954,9.85894800101479,50.0,11.802354286447036,2302.786376953125,429.7173714067458,5.208333333333333,0.3663808780605136,161.98924870566307
398,0.251623,1.0,1,499.8736768921926,0.0,201.6746617370295,3.9528233700457784,31.622586960366228,35.575410330412005,794.9415647757846,0.0,295.0678878835921,733.9604999462509,-0.0,0.0,5.602829263463176,13.154288856589611,0.0,411.1956859171918,8847.63018035549,9.555652633508954,9.85894800101479,50.0,11.802354286447036,2302.786376953125,11.802354286447036,83.79671543377395,83.79671543377395,0.0,0.0,5.208333333333333,0.3663808780605136,429.7173714067458,161.98924870566307,232.36981964450933,150.0,1.0,1.9434062854322462,0.0,1986.597715201681,487.53329762800786,475.49007896836804,4178.994778111465,45.70389748642083,0.0,445.0285799683013,83.79671543377395,94.41883429157629,41.666666666666664,12.043218659639834,191700744.8961891,95824833.33333333,10.0,1.0,7.853981633974483,20.0,2.5,98.17477042468104,8847.63018035549,9.555652633508954,9.85894800101479,50.0,11.802354286447036,2302.786376953125,429.7173714067458,5.208333333333333,0.3663808780605136,161.98924870566307
399,0.227648,-0.0,1,452.24499667023224,0.0,278.34463814912357,5.455554907722822,43.64443926178257,49.09999416950539,452.2449966702323,0.0,0.0,733.9604999462509,1.0,5.455554907722822,0.0,18.50073266615798,0.0,401.28719546391056,0.0,0.0,9.85894800101479,50.0,0.0,0.0,0.0,0.0,0.0,0.0,0.0,5.208333333333333,0.3663808780605136,0.0,161.98924870566307,9080.0,150.0,-0.0,0.0,9.85894800101479,1986.597715201681,487.53329762800786,475.49007896836804,4178.994778111465,45.70389748642083,0.0,445.0285799683013,83.79671543377395,94.41883429157629,41.666666666666664,12.043218659639834,191700744.8961891,95824833.33333333,10.0,1.0,7.853981633974483,20.0,2.5,98.17477042468104,8847.63018035549,9.555652633508954,9.85894800101479,50.0,11.802354286447036,2302.786376953125,429.7173714067458,5.208333333333333,0.3663808780605136,161.98924870566307
400,0.246762,1.0,1,490.2168253985972,0.0,0.0,0.0,0.0,0.0,593.6621853757598,0.0,103.4453599771626,625.0706473387114,-0.0,0.0,9.555652633508954,8.750066713597823,0.0,403.2208847179156,8847.63018035549,9.555652633508954,9.85894800101479,50.0,11.802354286447036,2302.786376953125,11.802354286447036,83.79671543377395,83.79671543377395,0.0,0.0,5.208333333333333,0.3663808780605136,429.7173714067458,161.98924870566307,232.36981964450933,150.0,1.0,1.9434062854322462,0.0,1986.597715201681,487.53329762800786,475.49007896836804,4178.994778111465,45.70389748642083,0.0,445.0285799683013,83.79671543377395,94.41883429157629,41.666666666666664,12.043218659639834,191700744.8961891,95824833.33333333,10.0,1.0,7.853981633974483,20.0,2.5,98.17477042468104,8847.63018035549,9.555652633508954,9.85894800101479,50.0,11.802354286447036,2302.786376953125,429.7173714067458,5.208333333333333,0.3663808780605136,161.98924870566307
401,0.323968,1.0,1,643.5940885984581,0.0,50.02996194811668,0.9805872541830869,7.844698033464695,8.825285287647782,643.5940885984583,0.0,0.0,625.070647338691,-0.0,0.0,8.575065379325867,0.0,0.0,405.15457397192074,8847.63018035549,9.555652633508954,9.85894800101479,50.0,11.802354286447036,2302.786376953125,11.802354286447036,83.79671543377395,83.79671543377395,0.0,0.0,5.208333333333333,0.3663808780605136,429.7173714067458,161.98924870566307,232.36981964450933,150.0,1.0,1.9434062854322462,0.0,1986.597715201681,487.53329762800786,475.49007896836804,4178.994778111465,45.70389748642083,0.0,445.0285799683013,83.79671543377395,94.41883429157629,41.666666666666664,12.043218659639834,191700744.8961891,95824833.33333333,10.0,1.0,7.853981633974483,20.0,2.5,98.17477042468104,8847.63018035549,9.555652633508954,9.85894800101479,50.0,11.802354286447036,2302.786376953125,429.7173714067458,5.208333333333333,0.3663808780605136,161.98924870566307
402,0.4843369999999999,1.0,1,962.1827775876363,0.0,487.53329762800786,9.555652633508954,76.44522106807163,86.00087370158059,1080.2399177404168,0.0,118.05714015278039,500.79997349365897,1.0,0.0,0.0,0.0,0.0,407.08826322592586,8847.63018035549,9.555652633508954,9.85894800101479,50.0,11.802354286447036,2302.786376953125,11.802354286447036,83.79671543377395,83.79671543377395,0.0,0.0,5.208333333333333,0.3663808780605136,429.7173714067458,161.98924870566307,232.36981964450933,150.0,1.0,1.9434062854322462,0.0,1986.597715201681,487.53329762800786,475.49007896836804,4178.994778111465,45.70389748642083,0.0,445.0285799683013,83.79671543377395,94.41883429157629,41.666666666666664,12.043218659639834,191700744.8961891,95824833.33333333,10.0,1.0,7.853981633974483,20.0,2.5,98.17477042468104,8847.63018035549,9.555652633508954,9.85894800101479,50.0,11.802354286447036,2302.786376953125,429.7173714067458,5.208333333333333,0.3663808780605136,161.98924870566307
403,0.561174,-0.0,1,1114.826986230588,0.0,487.5332976280079,9.555652633508954,76.44522106807163,86.00087370158059,1114.826986230588,445.19313462989925,0.0,923.7334513920632,1.0,9.555652633508954,0.0,9.364539580838775,0.0,397.1797727726447,0.0,0.0,9.85894800101479,50.0,0.0,0.0,0.0,0.0,0.0,0.0,0.0,5.208333333333333,0.3663808780605136,0.0,161.98924870566307,9080.0,150.0,-0.0,0.0,9.85894800101479,1986.597715201681,487.53329762800786,475.49007896836804,4178.994778111465,45.70389748642083,0.0,445.0285799683013,83.79671543377395,94.41883429157629,41.666666666666664,12.043218659639834,191700744.8961891,95824833.33333333,10.0,1.0,7.853981633974483,20.0,2.5,98.17477042468104,8847.63018035549,9.555652633508954,9.85894800101479,50.0,11.802354286447036,2302.786376953125,429.7173714067458,5.208333333333333,0.3663808780605136,161.98924870566307
404,0.596375,-0.0,1,1184.7572124034025,0.0,487.5332976280079,9.555652633508954,76.44522106807163,86.00087370158059,1184.7572124034027,515.1233608027137,0.0,1413.1006441546413,1.0,9.555652633508954,0.0,18.72907916167755,0.0,387.2712823193635,0.0,0.0,9.85894800101479,50.0,0.0,0.0,0.0,0.0,0.0,0.0,0.0,5.208333333333333,0.3663808780605136,0.0,161.98924870566307,9080.0,150.0,-0.0,0.0,9.85894800101479,1986.597715201681,487.53329762800786,475.49007896836804,4178.994778111465,45.70389748642083,0.0,445.0285799683013,83.79671543377395,94.41883429157629,41.666666666666664,12.043218659639834,191700744.8961891,95824833.33333333,10.0,1.0,7.853981633974483,20.0,2.5,98.17477042468104,8847.63018035549,9.555652633508954,9.85894800101479,50.0,11.802354286447036,2302.786376953125,429.7173714067458,5.208333333333333,0.3663808780605136,161.98924870566307
405,0.637447,1.0,1,1266.3507537621658,0.0,487.53329762800786,9.555652633508954,76.44522106807163,86.00087370158059,1266.3507537621658,186.11083602174904,0.0,1589.9059383753029,-0.0,0.0,0.0,18.72907916167755,0.0,389.20497157336854,8847.63018035549,9.555652633508954,9.85894800101479,50.0,11.802354286447036,2302.786376953125,11.802354286447036,83.79671543377395,83.79671543377395,0.0,0.0,5.208333333333333,0.3663808780605136,429.7173714067458,161.98924870566307,232.36981964450933,150.0,1.0,1.9434062854322462,0.0,1986.597715201681,487.53329762800786,475.49007896836804,4178.994778111465,45.70389748642083,0.0,445.0285799683013,83.79671543377395,94.41883429157629,41.666666666666664,12.043218659639834,191700744.8961891,95824833.33333333,10.0,1.0,7.853981633974483,20.0,2.5,98.17477042468104,8847.63018035549,9.555652633508954,9.85894800101479,50.0,11.802354286447036,2302.786376953125,429.7173714067458,5.208333333333333,0.3663808780605136,161.98924870566307
406,0.645316,-0.0,1,1281.9832911830879,0.0,487.5332976280079,9.555652633508954,76.44522106807163,86.00087370158059,1281.9832911830877,612.3494395823989,0.0,2171.637905978582,1.0,9.555652633508954,0.0,28.093618742516327,0.0,379.2964811200874,0.0,0.0,9.85894800101479,50.0,0.0,0.0,0.0,0.0,0.0,0.0,0.0,5.208333333333333,0.3663808780605136,0.0,161.98924870566307,9080.0,150.0,-0.0,0.0,9.85894800101479,1986.597715201681,487.53329762800786,475.49007896836804,4178.994778111465,45.70389748642083,0.0,445.0285799683013,83.79671543377395,94.41883429157629,41.666666666666664,12.043218659639834,191700744.8961891,95824833.33333333,10.0,1.0,7.853981633974483,20.0,2.5,98.17477042468104,8847.63018035549,9.555652633508954,9.85894800101479,50.0,11.802354286447036,2302.786376953125,429.7173714067458,5.208333333333333,0.3663808780605136,161.98924870566307
407,0.662672,-0.0,1,1316.4626811281285,0.0,487.5332976280079,9.555652633508954,76.44522106807163,86.00087370158059,1316.4626811281282,646.8288295274394,0.0,2786.1252940296495,1.0,9.555652633508954,0.0,37.4581583233551,0.0,369.38799066680616,0.0,0.0,9.85894800101479,50.0,0.0,0.0,0.0,0.0,0.0,0.0,0.0,5.208333333333333,0.3663808780605136,0.0,161.98924870566307,9080.0,150.0,-0.0,0.0,9.85894800101479,1986.597715201681,487.53329762800786,475.49007896836804,4178.994778111465,45.70389748642083,0.0,445.0285799683013,83.79671543377395,94.41883429157629,41.666666666666664,12.043218659639834,191700744.8961891,95824833.33333333,10.0,1.0,7.853981633974483,20.0,2.5,98.17477042468104,8847.63018035549,9.555652633508954,9.85894800101479,50.0,11.802354286447036,2302.786376953125,429.7173714067458,5.208333333333333,0.3663808780605136,161.98924870566307
408,0.344838,1.0,1,685.0543829147173,0.0,91.5716780278922,1.7948048893466872,14.358439114773498,16.153244004120186,685.0543829147173,0.0,0.0,2786.1252940296495,-0.0,0.0,7.760847744162267,29.538925931352786,0.0,371.3216799208112,8847.63018035549,9.555652633508954,9.85894800101479,50.0,11.802354286447036,2302.786376953125,11.802354286447036,83.79671543377395,83.79671543377395,0.0,0.0,5.208333333333333,0.3663808780605136,429.7173714067458,161.98924870566307,232.36981964450933,150.0,1.0,1.9434062854322462,0.0,1986.597715201681,487.53329762800786,475.49007896836804,4178.994778111465,45.70389748642083,0.0,445.0285799683013,83.79671543377395,94.41883429157629,41.666666666666664,12.043218659639834,191700744.8961891,95824833.33333333,10.0,1.0,7.853981633974483,20.0,2.5,98.17477042468104,8847.63018035549,9.555652633508954,9.85894800101479,50.0,11.802354286447036,2302.786376953125,429.7173714067458,5.208333333333333,0.3663808780605136,161.98924870566307
409,0.279202,1.0,1,554.6620552797398,0.0,0.0,0.0,0.0,0.0,593.6621853757598,0.0,39.000130096019994,2745.072525507523,-0.0,0.0,9.555652633508954,19.788259978792627,0.0,373.2553691748163,8847.63018035549,9.555652633508954,9.85894800101479,50.0,11.802354286447036,2302.786376953125,11.802354286447036,83.79671543377395,83.79671543377395,0.0,0.0,5.208333333333333,0.3663808780605136,429.7173714067458,161.98924870566307,232.36981964450933,150.0,1.0,1.9434062854322462,0.0,1986.597715201681,487.53329762800786,475.49007896836804,4178.994778111465,45.70389748642083,0.0,445.0285799683013,83.79671543377395,94.41883429157629,41.666666666666664,12.043218659639834,191700744.8961891,95824833.33333333,10.0,1.0,7.853981633974483,20.0,2.5,98.17477042468104,8847.63018035549,9.555652633508954,9.85894800101479,50.0,11.802354286447036,2302.786376953125,429.7173714067458,5.208333333333333,0.3663808780605136,161.98924870566307
410,0.231932,0.0,1,460.7555812821563,0.0,0.0,0.0,0.0,0.0,162.98924870566307,0.0,0.0,2745.072525507523,-0.0,0.0,0.0,19.788259978792627,0.0,363.3468787215352,0.0,0.0,9.85894800101479,50.0,0.0,0.0,0.0,0.0,0.0,0.0,0.0,5.208333333333333,0.3663808780605136,0.0,161.98924870566307,9080.0,150.0,-0.0,0.0,9.85894800101479,1986.597715201681,487.53329762800786,475.49007896836804,4178.994778111465,45.70389748642083,0.0,445.0285799683013,83.79671543377395,94.41883429157629,41.666666666666664,12.043218659639834,191700744.8961891,95824833.33333333,10.0,1.0,7.853981633974483,20.0,2.5,98.17477042468104,8847.63018035549,9.555652633508954,9.85894800101479,50.0,11.802354286447036,2302.786376953125,429.7173714067458,5.208333333333333,0.3663808780605136,161.98924870566307
411,0.203669,-0.0,1,404.60837005741115,0.0,232.50492816757898,4.557096592084548,36.456772736676385,41.01386932876093,404.60837005741115,0.0,0.0,2745.072525507523,1.0,4.557096592084548,0.0,24.25421463903549,0.0,353.43838826825396,0.0,0.0,9.85894800101479,50.0,0.0,0.0,0.0,0.0,0.0,0.0,0.0,5.208333333333333,0.3663808780605136,0.0,161.98924870566307,9080.0,150.0,-0.0,0.0,9.85894800101479,1986.597715201681,487.53329762800786,475.49007896836804,4178.994778111465,45.70389748642083,0.0,445.0285799683013,83.79671543377395,94.41883429157629,41.666666666666664,12.043218659639834,191700744.8961891,95824833.33333333,10.0,1.0,7.853981633974483,20.0,2.5,98.17477042468104,8847.63018035549,9.555652633508954,9.85894800101479,50.0,11.802354286447036,2302.786376953125,429.7173714067458,5.208333333333333,0.3663808780605136,161.98924870566307
412,0.188154,1.0,1,373.7863065060571,0.0,487.5332976280079,9.555652633508954,76.44522106807163,86.00087370158059,1080.2399177404168,0.0,706.4536112343598,2001.4371452608289,-0.0,0.0,0.0,24.25421463903549,0.0,355.372077522259,8847.63018035549,9.555652633508954,9.85894800101479,50.0,11.802354286447036,2302.786376953125,11.802354286447036,83.79671543377395,83.79671543377395,0.0,0.0,5.208333333333333,0.3663808780605136,429.7173714067458,161.98924870566307,232.36981964450933,150.0,1.0,1.9434062854322462,0.0,1986.597715201681,487.53329762800786,475.49007896836804,4178.994778111465,45.70389748642083,0.0,445.0285799683013,83.79671543377395,94.41883429157629,41.666666666666664,12.043218659639834,191700744.8961891,95824833.33333333,10.0,1.0,7.853981633974483,20.0,2.5,98.17477042468104,8847.63018035549,9.555652633508954,9.85894800101479,50.0,11.802354286447036,2302.786376953125,429.7173714067458,5.208333333333333,0.3663808780605136,161.98924870566307
413,0.180157,1.0,1,357.89948457758925,0.0,487.5332976280079,9.555652633508954,76.44522106807163,86.00087370158059,1080.2399177404168,0.0,722.3404331628276,1241.0787945631155,-0.0,0.0,0.0,24.25421463903549,0.0,357.3057667762641,8847.63018035549,9.555652633508954,9.85894800101479,50.0,11.802354286447036,2302.786376953125,11.802354286447036,83.79671543377395,83.79671543377395,0.0,0.0,5.208333333333333,0.3663808780605136,429.7173714067458,161.98924870566307,232.36981964450933,150.0,1.0,1.9434062854322462,0.0,1986.597715201681,487.53329762800786,475.49007896836804,4178.994778111465,45.70389748642083,0.0,445.0285799683013,83.79671543377395,94.41883429157629,41.666666666666664,12.043218659639834,191700744.8961891,95824833.33333333,10.0,1.0,7.853981633974483,20.0,2.5,98.17477042468104,8847.63018035549,9.555652633508954,9.85894800101479,50.0,11.802354286447036,2302.786376953125,429.7173714067458,5.208333333333333,0.3663808780605136,161.98924870566307
414,0.17149,0.0,1,340.68164217993626,0.0,0.0,0.0,0.0,0.0,162.98924870566307,0.0,0.0,1241.0787945631155,-0.0,0.0,0.0,24.25421463903549,0.0,347.39727632298286,0.0,0.0,9.85894800101479,50.0,0.0,0.0,0.0,0.0,0.0,0.0,0.0,5.208333333333333,0.3663808780605136,0.0,161.98924870566307,9080.0,150.0,-0.0,0.0,9.85894800101479,1986.597715201681,487.53329762800786,475.49007896836804,4178.994778111465,45.70389748642083,0.0,445.0285799683013,83.79671543377395,94.41883429157629,41.666666666666664,12.043218659639834,191700744.8961891,95824833.33333333,10.0,1.0,7.853981633974483,20.0,2.5,98.17477042468104,8847.63018035549,9.555652633508954,9.85894800101479,50.0,11.802354286447036,2302.786376953125,429.7173714067458,5.208333333333333,0.3663808780605136,161.98924870566307
415,0.1608899999999999,-0.0,1,319.6237063987982,0.0,0.0,0.0,0.0,0.0,162.98924870566307,0.0,0.0,1241.0787945631155,-0.0,0.0,0.0,24.25421463903549,0.0,337.48878586970164,0.0,0.0,9.85894800101479,50.0,0.0,0.0,0.0,0.0,0.0,0.0,0.0,5.208333333333333,0.3663808780605136,0.0,161.98924870566307,9080.0,150.0,-0.0,0.0,9.85894800101479,1986.597715201681,487.53329762800786,475.49007896836804,4178.994778111465,45.70389748642083,0.0,445.0285799683013,83.79671543377395,94.41883429157629,41.666666666666664,12.043218659639834,191700744.8961891,95824833.33333333,10.0,1.0,7.853981633974483,20.0,2.5,98.17477042468104,8847.63018035549,9.555652633508954,9.85894800101479,50.0,11.802354286447036,2302.786376953125,429.7173714067458,5.208333333333333,0.3663808780605136,161.98924870566307
416,0.1585569999999999,-0.0,1,314.9889739292327,0.0,0.0,0.0,0.0,0.0,162.98924870566307,0.0,0.0,1241.0787945631155,-0.0,0.0,0.0,24.25421463903549,0.0,327.5802954164205,0.0,0.0,9.85894800101479,50.0,0.0,0.0,0.0,0.0,0.0,0.0,0.0,5.208333333333333,0.3663808780605136,0.0,161.98924870566307,9080.0,150.0,-0.0,0.0,9.85894800101479,1986.597715201681,487.53329762800786,475.49007896836804,4178.994778111465,45.70389748642083,0.0,445.0285799683013,83.79671543377395,94.41883429157629,41.666666666666664,12.043218659639834,191700744.8961891,95824833.33333333,10.0,1.0,7.853981633974483,20.0,2.5,98.17477042468104,8847.63018035549,9.555652633508954,9.85894800101479,50.0,11.802354286447036,2302.786376953125,429.7173714067458,5.208333333333333,0.3663808780605136,161.98924870566307
417,0.181521,1.0,1,360.60920386112434,0.0,0.0,0.0,0.0,0.0,593.6621853757598,0.0,233.05298151463546,995.759866652973,-0.0,0.0,9.555652633508954,14.50354868647533,0.0,329.51398467042554,8847.63018035549,9.555652633508954,9.85894800101479,50.0,11.802354286447036,2302.786376953125,11.802354286447036,83.79671543377395,83.79671543377395,0.0,0.0,5.208333333333333,0.3663808780605136,429.7173714067458,161.98924870566307,232.36981964450933,150.0,1.0,1.9434062854322462,0.0,1986.597715201681,487.53329762800786,475.49007896836804,4178.994778111465,45.70389748642083,0.0,445.0285799683013,83.79671543377395,94.41883429157629,41.666666666666664,12.043218659639834,191700744.8961891,95824833.33333333,10.0,1.0,7.853981633974483,20.0,2.5,98.17477042468104,8847.63018035549,9.555652633508954,9.85894800101479,50.0,11.802354286447036,2302.786376953125,429.7173714067458,5.208333333333333,0.3663808780605136,161.98924870566307
418,0.238249,1.0,1,473.3049190490853,0.0,487.5332976280079,9.555652633508954,76.44522106807163,86.00087370158059,1080.2399177404168,0.0,606.9349986913315,356.88092066209765,-0.0,0.0,0.0,14.50354868647533,0.0,331.44767392443066,8847.63018035549,9.555652633508954,9.85894800101479,50.0,11.802354286447036,2302.786376953125,11.802354286447036,83.79671543377395,83.79671543377395,0.0,0.0,5.208333333333333,0.3663808780605136,429.7173714067458,161.98924870566307,232.36981964450933,150.0,1.0,1.9434062854322462,0.0,1986.597715201681,487.53329762800786,475.49007896836804,4178.994778111465,45.70389748642083,0.0,445.0285799683013,83.79671543377395,94.41883429157629,41.666666666666664,12.043218659639834,191700744.8961891,95824833.33333333,10.0,1.0,7.853981633974483,20.0,2.5,98.17477042468104,8847.63018035549,9.555652633508954,9.85894800101479,50.0,11.802354286447036,2302.786376953125,429.7173714067458,5.208333333333333,0.3663808780605136,161.98924870566307
419,0.318364,-0.0,1,632.4611950024679,0.0,0.0,0.0,0.0,0.0,632.4611950024679,469.47194629680484,0.0,802.8792696440622,-0.0,0.0,0.0,14.50354868647533,0.0,321.53918347114944,0.0,0.0,9.85894800101479,50.0,0.0,0.0,0.0,0.0,0.0,0.0,0.0,5.208333333333333,0.3663808780605136,0.0,161.98924870566307,9080.0,150.0,-0.0,0.0,9.85894800101479,1986.597715201681,487.53329762800786,475.49007896836804,4178.994778111465,45.70389748642083,0.0,445.0285799683013,83.79671543377395,94.41883429157629,41.666666666666664,12.043218659639834,191700744.8961891,95824833.33333333,10.0,1.0,7.853981633974483,20.0,2.5,98.17477042468104,8847.63018035549,9.555652633508954,9.85894800101479,50.0,11.802354286447036,2302.786376953125,429.7173714067458,5.208333333333333,0.3663808780605136,161.98924870566307
420,0.398761,1.0,1,792.1776915115374,0.0,198.90536064263722,3.8985450685956895,31.188360548765516,35.086905617361204,792.1776915115374,0.0,0.0,802.8792696440622,-0.0,0.0,5.6571075649132645,8.730989946767918,0.0,323.4728727251545,8847.63018035549,9.555652633508954,9.85894800101479,50.0,11.802354286447036,2302.786376953125,11.802354286447036,83.79671543377395,83.79671543377395,0.0,0.0,5.208333333333333,0.3663808780605136,429.7173714067458,161.98924870566307,232.36981964450933,150.0,1.0,1.9434062854322462,0.0,1986.597715201681,487.53329762800786,475.49007896836804,4178.994778111465,45.70389748642083,0.0,445.0285799683013,83.79671543377395,94.41883429157629,41.666666666666664,12.043218659639834,191700744.8961891,95824833.33333333,10.0,1.0,7.853981633974483,20.0,2.5,98.17477042468104,8847.63018035549,9.555652633508954,9.85894800101479,50.0,11.802354286447036,2302.786376953125,429.7173714067458,5.208333333333333,0.3663808780605136,161.98924870566307
421,0.465291,-0.0,1,924.3460375039053,0.0,487.53329762800786,9.555652633508954,76.44522106807163,86.00087370158059,669.6338516006888,0.0,0.0,802.8792696440622,1.0,9.555652633508954,0.0,18.095529527606693,0.0,313.5643822718733,0.0,0.0,9.85894800101479,50.0,0.0,0.0,0.0,0.0,0.0,0.0,0.0,5.208333333333333,0.3663808780605136,0.0,161.98924870566307,9080.0,150.0,-0.0,0.0,9.85894800101479,1986.597715201681,487.53329762800786,475.49007896836804,4178.994778111465,45.70389748642083,0.0,445.0285799683013,83.79671543377395,94.41883429157629,41.666666666666664,12.043218659639834,191700744.8961891,95824833.33333333,10.0,1.0,7.853981633974483,20.0,2.5,98.17477042468104,8847.63018035549,9.555652633508954,9.85894800101479,50.0,11.802354286447036,2302.786376953125,429.7173714067458,5.208333333333333,0.3663808780605136,161.98924870566307
422,0.508156,1.0,1,1009.5015485660256,0.0,487.53329762800786,9.555652633508954,76.44522106807163,86.00087370158059,1080.2399177404168,0.0,70.73836917439115,728.417828407861,1.0,0.0,0.0,18.095529527606693,0.0,315.49807152587834,8847.63018035549,9.555652633508954,9.85894800101479,50.0,11.802354286447036,2302.786376953125,11.802354286447036,83.79671543377395,83.79671543377395,0.0,0.0,5.208333333333333,0.3663808780605136,429.7173714067458,161.98924870566307,232.36981964450933,150.0,1.0,1.9434062854322462,0.0,1986.597715201681,487.53329762800786,475.49007896836804,4178.994778111465,45.70389748642083,0.0,445.0285799683013,83.79671543377395,94.41883429157629,41.666666666666664,12.043218659639834,191700744.8961891,95824833.33333333,10.0,1.0,7.853981633974483,20.0,2.5,98.17477042468104,8847.63018035549,9.555652633508954,9.85894800101479,50.0,11.802354286447036,2302.786376953125,429.7173714067458,5.208333333333333,0.3663808780605136,161.98924870566307
423,0.518204,1.0,1,1029.4628824083718,0.0,487.53329762800786,9.555652633508954,76.44522106807163,86.00087370158059,1080.2399177404168,0.0,50.77703533204493,674.9683175320247,1.0,0.0,0.0,18.095529527606693,0.0,317.43176077988346,8847.63018035549,9.555652633508954,9.85894800101479,50.0,11.802354286447036,2302.786376953125,11.802354286447036,83.79671543377395,83.79671543377395,0.0,0.0,5.208333333333333,0.3663808780605136,429.7173714067458,161.98924870566307,232.36981964450933,150.0,1.0,1.9434062854322462,0.0,1986.597715201681,487.53329762800786,475.49007896836804,4178.994778111465,45.70389748642083,0.0,445.0285799683013,83.79671543377395,94.41883429157629,41.666666666666664,12.043218659639834,191700744.8961891,95824833.33333333,10.0,1.0,7.853981633974483,20.0,2.5,98.17477042468104,8847.63018035549,9.555652633508954,9.85894800101479,50.0,11.802354286447036,2302.786376953125,429.7173714067458,5.208333333333333,0.3663808780605136,161.98924870566307
424,0.501976,1.0,1,997.2243746860789,0.0,487.53329762800786,9.555652633508954,76.44522106807163,86.00087370158059,1080.2399177404168,0.0,83.0155430543378,587.5835353695638,1.0,0.0,0.0,18.095529527606693,0.0,319.3654500338885,8847.63018035549,9.555652633508954,9.85894800101479,50.0,11.802354286447036,2302.786376953125,11.802354286447036,83.79671543377395,83.79671543377395,0.0,0.0,5.208333333333333,0.3663808780605136,429.7173714067458,161.98924870566307,232.36981964450933,150.0,1.0,1.9434062854322462,0.0,1986.597715201681,487.53329762800786,475.49007896836804,4178.994778111465,45.70389748642083,0.0,445.0285799683013,83.79671543377395,94.41883429157629,41.666666666666664,12.043218659639834,191700744.8961891,95824833.33333333,10.0,1.0,7.853981633974483,20.0,2.5,98.17477042468104,8847.63018035549,9.555652633508954,9.85894800101479,50.0,11.802354286447036,2302.786376953125,429.7173714067458,5.208333333333333,0.3663808780605136,161.98924870566307
425,0.47556,-0.0,1,944.7464094413114,0.0,487.53329762800786,9.555652633508954,76.44522106807163,86.00087370158059,669.6338516006888,0.0,0.0,587.5835353695638,1.0,9.555652633508954,0.0,27.460069108445467,0.0,309.4569595806073,0.0,0.0,9.85894800101479,50.0,0.0,0.0,0.0,0.0,0.0,0.0,0.0,5.208333333333333,0.3663808780605136,0.0,161.98924870566307,9080.0,150.0,-0.0,0.0,9.85894800101479,1986.597715201681,487.53329762800786,475.49007896836804,4178.994778111465,45.70389748642083,0.0,445.0285799683013,83.79671543377395,94.41883429157629,41.666666666666664,12.043218659639834,191700744.8961891,95824833.33333333,10.0,1.0,7.853981633974483,20.0,2.5,98.17477042468104,8847.63018035549,9.555652633508954,9.85894800101479,50.0,11.802354286447036,2302.786376953125,429.7173714067458,5.208333333333333,0.3663808780605136,161.98924870566307
426,0.44981,1.0,1,893.5915182748681,0.0,300.5183488628796,5.89015963771244,47.12127710169952,53.01143673941196,893.5915182748681,0.0,0.0,587.5835353695638,-0.0,0.0,3.6654929957965137,23.7197701331429,0.0,311.3906488346125,8847.63018035549,9.555652633508954,9.85894800101479,50.0,11.802354286447036,2302.786376953125,11.802354286447036,83.79671543377395,83.79671543377395,0.0,0.0,5.208333333333333,0.3663808780605136,429.7173714067458,161.98924870566307,232.36981964450933,150.0,1.0,1.9434062854322462,0.0,1986.597715201681,487.53329762800786,475.49007896836804,4178.994778111465,45.70389748642083,0.0,445.0285799683013,83.79671543377395,94.41883429157629,41.666666666666664,12.043218659639834,191700744.8961891,95824833.33333333,10.0,1.0,7.853981633974483,20.0,2.5,98.17477042468104,8847.63018035549,9.555652633508954,9.85894800101479,50.0,11.802354286447036,2302.786376953125,429.7173714067458,5.208333333333333,0.3663808780605136,161.98924870566307
427,0.423644,1.0,1,841.610202458901,0.0,487.5332976280079,9.555652633508954,76.44522106807163,86.00087370158059,1080.2399177404168,0.0,238.62971528151581,336.3943613890209,-0.0,0.0,0.0,23.7197701331429,0.0,313.32433808861754,8847.63018035549,9.555652633508954,9.85894800101479,50.0,11.802354286447036,2302.786376953125,11.802354286447036,83.79671543377395,83.79671543377395,0.0,0.0,5.208333333333333,0.3663808780605136,429.7173714067458,161.98924870566307,232.36981964450933,150.0,1.0,1.9434062854322462,0.0,1986.597715201681,487.53329762800786,475.49007896836804,4178.994778111465,45.70389748642083,0.0,445.0285799683013,83.79671543377395,94.41883429157629,41.666666666666664,12.043218659639834,191700744.8961891,95824833.33333333,10.0,1.0,7.853981633974483,20.0,2.5,98.17477042468104,8847.63018035549,9.555652633508954,9.85894800101479,50.0,11.802354286447036,2302.786376953125,429.7173714067458,5.208333333333333,0.3663808780605136,161.98924870566307
428,0.404171,1.0,1,802.9251851507786,0.0,209.67396073806546,4.109609630466083,32.87687704372866,36.986486674194744,802.9251851507786,0.0,0.0,336.3943613890209,-0.0,0.0,5.446043003042871,18.162583395344054,0.0,315.2580273426226,8847.63018035549,9.555652633508954,9.85894800101479,50.0,11.802354286447036,2302.786376953125,11.802354286447036,83.79671543377395,83.79671543377395,0.0,0.0,5.208333333333333,0.3663808780605136,429.7173714067458,161.98924870566307,232.36981964450933,150.0,1.0,1.9434062854322462,0.0,1986.597715201681,487.53329762800786,475.49007896836804,4178.994778111465,45.70389748642083,0.0,445.0285799683013,83.79671543377395,94.41883429157629,41.666666666666664,12.043218659639834,191700744.8961891,95824833.33333333,10.0,1.0,7.853981633974483,20.0,2.5,98.17477042468104,8847.63018035549,9.555652633508954,9.85894800101479,50.0,11.802354286447036,2302.786376953125,429.7173714067458,5.208333333333333,0.3663808780605136,161.98924870566307
429,0.395136,1.0,1,784.9762747939315,0.0,417.49181096341295,8.182839494882893,65.46271595906315,73.64555545394605,1010.3357123896843,0.0,225.35943759575292,99.17390076191256,-0.0,0.0,1.3728131386260611,16.761753662052154,0.0,317.1917165966277,8847.63018035549,9.555652633508954,9.85894800101479,50.0,11.802354286447036,2302.786376953125,11.802354286447036,83.79671543377395,83.79671543377395,0.0,0.0,5.208333333333333,0.3663808780605136,429.7173714067458,161.98924870566307,232.36981964450933,150.0,1.0,1.9434062854322462,0.0,1986.597715201681,487.53329762800786,475.49007896836804,4178.994778111465,45.70389748642083,0.0,445.0285799683013,83.79671543377395,94.41883429157629,41.666666666666664,12.043218659639834,191700744.8961891,95824833.33333333,10.0,1.0,7.853981633974483,20.0,2.5,98.17477042468104,8847.63018035549,9.555652633508954,9.85894800101479,50.0,11.802354286447036,2302.786376953125,429.7173714067458,5.208333333333333,0.3663808780605136,161.98924870566307
430,0.408767,1.0,1,812.0555882498455,0.0,218.8222945714458,4.288916973600338,34.3113357888027,38.60025276240304,812.0555882498455,0.0,0.0,99.17390076191256,-0.0,0.0,5.266735659908616,11.387533600920912,0.0,319.1254058506328,8847.63018035549,9.555652633508954,9.85894800101479,50.0,11.802354286447036,2302.786376953125,11.802354286447036,83.79671543377395,83.79671543377395,0.0,0.0,5.208333333333333,0.3663808780605136,429.7173714067458,161.98924870566307,232.36981964450933,150.0,1.0,1.9434062854322462,0.0,1986.597715201681,487.53329762800786,475.49007896836804,4178.994778111465,45.70389748642083,0.0,445.0285799683013,83.79671543377395,94.41883429157629,41.666666666666664,12.043218659639834,191700744.8961891,95824833.33333333,10.0,1.0,7.853981633974483,20.0,2.5,98.17477042468104,8847.63018035549,9.555652633508954,9.85894800101479,50.0,11.802354286447036,2302.786376953125,429.7173714067458,5.208333333333333,0.3663808780605136,161.98924870566307
431,0.431535,-0.0,1,857.2864450295574,0.0,487.53329762800786,9.555652633508954,76.44522106807163,86.00087370158059,669.6338516006888,0.0,0.0,99.17390076191256,1.0,9.555652633508954,0.0,20.752073181759688,0.0,309.2169153973516,0.0,0.0,9.85894800101479,50.0,0.0,0.0,0.0,0.0,0.0,0.0,0.0,5.208333333333333,0.3663808780605136,0.0,161.98924870566307,9080.0,150.0,-0.0,0.0,9.85894800101479,1986.597715201681,487.53329762800786,475.49007896836804,4178.994778111465,45.70389748642083,0.0,445.0285799683013,83.79671543377395,94.41883429157629,41.666666666666664,12.043218659639834,191700744.8961891,95824833.33333333,10.0,1.0,7.853981633974483,20.0,2.5,98.17477042468104,8847.63018035549,9.555652633508954,9.85894800101479,50.0,11.802354286447036,2302.786376953125,429.7173714067458,5.208333333333333,0.3663808780605136,161.98924870566307
432,0.557046,1.0,1,1106.6263108622356,0.0,487.5332976280079,9.555652633508954,76.44522106807163,86.00087370158059,1106.6263108622356,26.3863931218188,0.0,124.24097422764041,1.0,0.0,0.0,20.752073181759688,0.0,311.1506046513567,8847.63018035549,9.555652633508954,9.85894800101479,50.0,11.802354286447036,2302.786376953125,11.802354286447036,83.79671543377395,83.79671543377395,0.0,0.0,5.208333333333333,0.3663808780605136,429.7173714067458,161.98924870566307,232.36981964450933,150.0,1.0,1.9434062854322462,0.0,1986.597715201681,487.53329762800786,475.49007896836804,4178.994778111465,45.70389748642083,0.0,445.0285799683013,83.79671543377395,94.41883429157629,41.666666666666664,12.043218659639834,191700744.8961891,95824833.33333333,10.0,1.0,7.853981633974483,20.0,2.5,98.17477042468104,8847.63018035549,9.555652633508954,9.85894800101479,50.0,11.802354286447036,2302.786376953125,429.7173714067458,5.208333333333333,0.3663808780605136,161.98924870566307
433,0.526137,1.0,1,1045.2225620830668,0.0,487.53329762800786,9.555652633508954,76.44522106807163,86.00087370158059,1080.2399177404168,0.0,35.017355657349924,87.3805998514826,1.0,0.0,0.0,20.752073181759688,0.0,313.0842939053617,8847.63018035549,9.555652633508954,9.85894800101479,50.0,11.802354286447036,2302.786376953125,11.802354286447036,83.79671543377395,83.79671543377395,0.0,0.0,5.208333333333333,0.3663808780605136,429.7173714067458,161.98924870566307,232.36981964450933,150.0,1.0,1.9434062854322462,0.0,1986.597715201681,487.53329762800786,475.49007896836804,4178.994778111465,45.70389748642083,0.0,445.0285799683013,83.79671543377395,94.41883429157629,41.666666666666664,12.043218659639834,191700744.8961891,95824833.33333333,10.0,1.0,7.853981633974483,20.0,2.5,98.17477042468104,8847.63018035549,9.555652633508954,9.85894800101479,50.0,11.802354286447036,2302.786376953125,429.7173714067458,5.208333333333333,0.3663808780605136,161.98924870566307
434,0.501978,1.0,1,997.2283478815095,0.0,487.53329762800786,9.555652633508954,76.44522106807163,86.00087370158059,1080.2399177404168,0.0,83.01156985890847,0.0,1.0,0.0,0.0,20.752073181759688,0.0,315.01798315936674,8847.63018035549,9.555652633508954,9.85894800101479,50.0,11.802354286447036,2302.786376953125,11.802354286447036,83.79671543377395,83.79671543377395,0.0,0.0,5.208333333333333,0.3663808780605136,429.7173714067458,161.98924870566307,232.36981964450933,150.0,1.0,1.9434062854322462,0.0,1986.597715201681,487.53329762800786,475.49007896836804,4178.994778111465,45.70389748642083,0.0,445.0285799683013,83.79671543377395,94.41883429157629,41.666666666666664,12.043218659639834,191700744.8961891,95824833.33333333,10.0,1.0,7.853981633974483,20.0,2.5,98.17477042468104,8847.63018035549,9.555652633508954,9.85894800101479,50.0,11.802354286447036,2302.786376953125,429.7173714067458,5.208333333333333,0.3663808780605136,161.98924870566307
435,0.579125,1.0,1,1150.4884018161736,0.0,487.53329762800786,9.555652633508954,76.44522106807163,86.00087370158059,1150.4884018161736,70.24848407575678,0.0,66.73605987196893,1.0,0.0,0.0,20.752073181759688,0.0,316.95167241337174,8847.63018035549,9.555652633508954,9.85894800101479,50.0,11.802354286447036,2302.786376953125,11.802354286447036,83.79671543377395,83.79671543377395,0.0,0.0,5.208333333333333,0.3663808780605136,429.7173714067458,161.98924870566307,232.36981964450933,150.0,1.0,1.9434062854322462,0.0,1986.597715201681,487.53329762800786,475.49007896836804,4178.994778111465,45.70389748642083,0.0,445.0285799683013,83.79671543377395,94.41883429157629,41.666666666666664,12.043218659639834,191700744.8961891,95824833.33333333,10.0,1.0,7.853981633974483,20.0,2.5,98.17477042468104,8847.63018035549,9.555652633508954,9.85894800101479,50.0,11.802354286447036,2302.786376953125,429.7173714067458,5.208333333333333,0.3663808780605136,161.98924870566307
436,0.659949,1.0,1,1311.0531755496343,0.0,487.53329762800786,9.555652633508954,76.44522106807163,86.00087370158059,1311.0531755496343,230.81325780921748,0.0,286.00865479072553,-0.0,0.0,0.0,20.752073181759688,0.0,318.88536166737674,8847.63018035549,9.555652633508954,9.85894800101479,50.0,11.802354286447036,2302.786376953125,11.802354286447036,83.79671543377395,83.79671543377395,0.0,0.0,5.208333333333333,0.3663808780605136,429.7173714067458,161.98924870566307,232.36981964450933,150.0,1.0,1.9434062854322462,0.0,1986.597715201681,487.53329762800786,475.49007896836804,4178.994778111465,45.70389748642083,0.0,445.0285799683013,83.79671543377395,94.41883429157629,41.666666666666664,12.043218659639834,191700744.8961891,95824833.33333333,10.0,1.0,7.853981633974483,20.0,2.5,98.17477042468104,8847.63018035549,9.555652633508954,9.85894800101479,50.0,11.802354286447036,2302.786376953125,429.7173714067458,5.208333333333333,0.3663808780605136,161.98924870566307
437,0.565748,1.0,1,1123.9136841799207,0.0,487.53329762800786,9.555652633508954,76.44522106807163,86.00087370158059,1123.9136841799207,43.67376643950388,0.0,327.4987329082536,1.0,0.0,0.0,20.75207318175969,0.0,320.81905092138174,8847.63018035549,9.555652633508954,9.85894800101479,50.0,11.802354286447036,2302.786376953125,11.802354286447036,83.79671543377395,83.79671543377395,0.0,0.0,5.208333333333333,0.3663808780605136,429.7173714067458,161.98924870566307,232.36981964450933,150.0,1.0,1.9434062854322462,0.0,1986.597715201681,487.53329762800786,475.49007896836804,4178.994778111465,45.70389748642083,0.0,445.0285799683013,83.79671543377395,94.41883429157629,41.666666666666664,12.043218659639834,191700744.8961891,95824833.33333333,10.0,1.0,7.853981633974483,20.0,2.5,98.17477042468104,8847.63018035549,9.555652633508954,9.85894800101479,50.0,11.802354286447036,2302.786376953125,429.7173714067458,5.208333333333333,0.3663808780605136,161.98924870566307
438,0.4540559999999999,1.0,1,902.0266121736142,0.0,440.7680704885616,8.639054181575807,69.11243345260645,77.75148763418225,1033.5663504461638,0.0,131.53973827254947,189.03585051609625,-0.0,0.0,0.9165984519331482,19.816768638970764,0.0,322.75274017538675,8847.63018035549,9.555652633508954,9.85894800101479,50.0,11.802354286447036,2302.786376953125,11.802354286447036,83.79671543377395,83.79671543377395,0.0,0.0,5.208333333333333,0.3663808780605136,429.7173714067458,161.98924870566307,232.36981964450933,150.0,1.0,1.9434062854322462,0.0,1986.597715201681,487.53329762800786,475.49007896836804,4178.994778111465,45.70389748642083,0.0,445.0285799683013,83.79671543377395,94.41883429157629,41.666666666666664,12.043218659639834,191700744.8961891,95824833.33333333,10.0,1.0,7.853981633974483,20.0,2.5,98.17477042468104,8847.63018035549,9.555652633508954,9.85894800101479,50.0,11.802354286447036,2302.786376953125,429.7173714067458,5.208333333333333,0.3663808780605136,161.98924870566307
439,0.385849,1.0,1,766.5267418128534,0.0,173.20403634833636,3.3947991124273926,27.15839289941914,30.553192011846534,766.5267418128534,0.0,0.0,189.03585051609625,-0.0,0.0,6.160853521081561,13.530183413377333,0.0,324.68642942939186,8847.63018035549,9.555652633508954,9.85894800101479,50.0,11.802354286447036,2302.786376953125,11.802354286447036,83.79671543377395,83.79671543377395,0.0,0.0,5.208333333333333,0.3663808780605136,429.7173714067458,161.98924870566307,232.36981964450933,150.0,1.0,1.9434062854322462,0.0,1986.597715201681,487.53329762800786,475.49007896836804,4178.994778111465,45.70389748642083,0.0,445.0285799683013,83.79671543377395,94.41883429157629,41.666666666666664,12.043218659639834,191700744.8961891,95824833.33333333,10.0,1.0,7.853981633974483,20.0,2.5,98.17477042468104,8847.63018035549,9.555652633508954,9.85894800101479,50.0,11.802354286447036,2302.786376953125,429.7173714067458,5.208333333333333,0.3663808780605136,161.98924870566307
440,0.3652149999999999,1.0,1,725.5352845573817,0.0,132.132078054609,2.589788729870336,20.71830983896269,23.308098568833024,725.5352845573818,0.0,0.0,189.03585051609625,-0.0,0.0,6.965863903638618,6.422159021909356,0.0,326.6201186833969,8847.63018035549,9.555652633508954,9.85894800101479,50.0,11.802354286447036,2302.786376953125,11.802354286447036,83.79671543377395,83.79671543377395,0.0,0.0,5.208333333333333,0.3663808780605136,429.7173714067458,161.98924870566307,232.36981964450933,150.0,1.0,1.9434062854322462,0.0,1986.597715201681,487.53329762800786,475.49007896836804,4178.994778111465,45.70389748642083,0.0,445.0285799683013,83.79671543377395,94.41883429157629,41.666666666666664,12.043218659639834,191700744.8961891,95824833.33333333,10.0,1.0,7.853981633974483,20.0,2.5,98.17477042468104,8847.63018035549,9.555652633508954,9.85894800101479,50.0,11.802354286447036,2302.786376953125,429.7173714067458,5.208333333333333,0.3663808780605136,161.98924870566307
441,0.453366,1.0,1,900.6558597501253,0.0,487.53329762800786,9.555652633508954,76.44522106807163,86.00087370158059,1080.2399177404168,0.0,179.58405799029146,0.0,-0.0,0.0,0.0,6.422159021909356,0.0,328.553807937402,8847.63018035549,9.555652633508954,9.85894800101479,50.0,11.802354286447036,2302.786376953125,11.802354286447036,83.79671543377395,83.79671543377395,0.0,0.0,5.208333333333333,0.3663808780605136,429.7173714067458,161.98924870566307,232.36981964450933,150.0,1.0,1.9434062854322462,0.0,1986.597715201681,487.53329762800786,475.49007896836804,4178.994778111465,45.70389748642083,0.0,445.0285799683013,83.79671543377395,94.41883429157629,41.666666666666664,12.043218659639834,191700744.8961891,95824833.33333333,10.0,1.0,7.853981633974483,20.0,2.5,98.17477042468104,8847.63018035549,9.555652633508954,9.85894800101479,50.0,11.802354286447036,2302.786376953125,429.7173714067458,5.208333333333333,0.3663808780605136,161.98924870566307
442,0.603997,1.0,1,1199.8990601886696,0.0,487.53329762800786,9.555652633508954,76.44522106807163,86.00087370158059,1080.2399177404168,0.0,0.0,0.0,-0.0,0.0,0.0,6.422159021909356,0.0,330.487497191407,8847.63018035549,9.555652633508954,9.85894800101479,50.0,11.802354286447036,2302.786376953125,11.802354286447036,83.79671543377395,83.79671543377395,0.0,0.0,5.208333333333333,0.3663808780605136,429.7173714067458,161.98924870566307,232.36981964450933,150.0,1.0,1.9434062854322462,0.0,1986.597715201681,487.53329762800786,475.49007896836804,4178.994778111465,45.70389748642083,0.0,445.0285799683013,83.79671543377395,94.41883429157629,41.666666666666664,12.043218659639834,191700744.8961891,95824833.33333333,10.0,1.0,7.853981633974483,20.0,2.5,98.17477042468104,8847.63018035549,9.555652633508954,9.85894800101479,50.0,11.802354286447036,2302.786376953125,429.7173714067458,5.208333333333333,0.3663808780605136,161.98924870566307
443,0.6847770000000001,1.0,1,1360.3764236226616,0.0,487.53329762800786,9.555652633508954,76.44522106807163,86.00087370158059,1360.3764236226616,280.1365058822449,0.0,266.1296805881326,-0.0,0.0,0.0,6.422159021909356,0.0,332.42118644541205,8847.63018035549,9.555652633508954,9.85894800101479,50.0,11.802354286447036,2302.786376953125,11.802354286447036,83.79671543377395,83.79671543377395,0.0,0.0,5.208333333333333,0.3663808780605136,429.7173714067458,161.98924870566307,232.36981964450933,150.0,1.0,1.9434062854322462,0.0,1986.597715201681,487.53329762800786,475.49007896836804,4178.994778111465,45.70389748642083,0.0,445.0285799683013,83.79671543377395,94.41883429157629,41.666666666666664,12.043218659639834,191700744.8961891,95824833.33333333,10.0,1.0,7.853981633974483,20.0,2.5,98.17477042468104,8847.63018035549,9.555652633508954,9.85894800101479,50.0,11.802354286447036,2302.786376953125,429.7173714067458,5.208333333333333,0.3663808780605136,161.98924870566307
444,0.69231,1.0,1,1375.3414642112757,0.0,487.53329762800786,9.555652633508954,76.44522106807163,86.00087370158059,1375.3414642112757,295.101546470859,0.0,546.4761497354486,1.0,0.0,0.0,6.422159021909356,0.0,334.3548756994171,8847.63018035549,9.555652633508954,9.85894800101479,50.0,11.802354286447036,2302.786376953125,11.802354286447036,83.79671543377395,83.79671543377395,0.0,0.0,5.208333333333333,0.3663808780605136,429.7173714067458,161.98924870566307,232.36981964450933,150.0,1.0,1.9434062854322462,0.0,1986.597715201681,487.53329762800786,475.49007896836804,4178.994778111465,45.70389748642083,0.0,445.0285799683013,83.79671543377395,94.41883429157629,41.666666666666664,12.043218659639834,191700744.8961891,95824833.33333333,10.0,1.0,7.853981633974483,20.0,2.5,98.17477042468104,8847.63018035549,9.555652633508954,9.85894800101479,50.0,11.802354286447036,2302.786376953125,429.7173714067458,5.208333333333333,0.3663808780605136,161.98924870566307
445,0.6571180000000001,1.0,1,1305.4291174178984,0.0,487.53329762800786,9.555652633508954,76.44522106807163,86.00087370158059,1305.4291174178984,225.18919967748167,0.0,760.4058894290563,1.0,0.0,0.0,6.422159021909356,0.0,336.2885649534223,8847.63018035549,9.555652633508954,9.85894800101479,50.0,11.802354286447036,2302.786376953125,11.802354286447036,83.79671543377395,83.79671543377395,0.0,0.0,5.208333333333333,0.3663808780605136,429.7173714067458,161.98924870566307,232.36981964450933,150.0,1.0,1.9434062854322462,0.0,1986.597715201681,487.53329762800786,475.49007896836804,4178.994778111465,45.70389748642083,0.0,445.0285799683013,83.79671543377395,94.41883429157629,41.666666666666664,12.043218659639834,191700744.8961891,95824833.33333333,10.0,1.0,7.853981633974483,20.0,2.5,98.17477042468104,8847.63018035549,9.555652633508954,9.85894800101479,50.0,11.802354286447036,2302.786376953125,429.7173714067458,5.208333333333333,0.3663808780605136,161.98924870566307
446,0.6177440000000001,1.0,1,1227.2088189795475,0.0,487.53329762800786,9.555652633508954,76.44522106807163,86.00087370158059,1080.2399177404168,0.0,722.3855949576035,0.0,1.0,0.0,0.0,6.422159021909356,0.0,338.22225420742734,8847.63018035549,9.555652633508954,9.85894800101479,50.0,11.802354286447036,2302.786376953125,11.802354286447036,83.79671543377395,83.79671543377395,0.0,0.0,5.208333333333333,0.3663808780605136,429.7173714067458,161.98924870566307,232.36981964450933,150.0,1.0,1.9434062854322462,0.0,1986.597715201681,487.53329762800786,475.49007896836804,4178.994778111465,45.70389748642083,0.0,445.0285799683013,83.79671543377395,94.41883429157629,41.666666666666664,12.043218659639834,191700744.8961891,95824833.33333333,10.0,1.0,7.853981633974483,20.0,2.5,98.17477042468104,8847.63018035549,9.555652633508954,9.85894800101479,50.0,11.802354286447036,2302.786376953125,429.7173714067458,5.208333333333333,0.3663808780605136,161.98924870566307
447,0.616429,1.0,1,1224.596442984057,0.0,487.53329762800786,9.555652633508954,76.44522106807163,86.00087370158059,1080.2399177404168,0.0,0.0,0.0,-0.0,0.0,0.0,6.422159021909356,0.0,340.1559434614324,8847.63018035549,9.555652633508954,9.85894800101479,50.0,11.802354286447036,2302.786376953125,11.802354286447036,83.79671543377395,83.79671543377395,0.0,0.0,5.208333333333333,0.3663808780605136,429.7173714067458,161.98924870566307,232.36981964450933,150.0,1.0,1.9434062854322462,0.0,1986.597715201681,487.53329762800786,475.49007896836804,4178.994778111465,45.70389748642083,0.0,445.0285799683013,83.79671543377395,94.41883429157629,41.666666666666664,12.043218659639834,191700744.8961891,95824833.33333333,10.0,1.0,7.853981633974483,20.0,2.5,98.17477042468104,8847.63018035549,9.555652633508954,9.85894800101479,50.0,11.802354286447036,2302.786376953125,429.7173714067458,5.208333333333333,0.3663808780605136,161.98924870566307
448,0.621932,1.0,1,1235.5286902108119,0.0,487.53329762800786,9.555652633508954,76.44522106807163,86.00087370158059,1080.2399177404168,0.0,0.0,0.0,-0.0,0.0,0.0,6.422159021909356,0.0,342.08963271543746,8847.63018035549,9.555652633508954,9.85894800101479,50.0,11.802354286447036,2302.786376953125,11.802354286447036,83.79671543377395,83.79671543377395,0.0,0.0,5.208333333333333,0.3663808780605136,429.7173714067458,161.98924870566307,232.36981964450933,150.0,1.0,1.9434062854322462,0.0,1986.597715201681,487.53329762800786,475.49007896836804,4178.994778111465,45.70389748642083,0.0,445.0285799683013,83.79671543377395,94.41883429157629,41.666666666666664,12.043218659639834,191700744.8961891,95824833.33333333,10.0,1.0,7.853981633974483,20.0,2.5,98.17477042468104,8847.63018035549,9.555652633508954,9.85894800101479,50.0,11.802354286447036,2302.786376953125,429.7173714067458,5.208333333333333,0.3663808780605136,161.98924870566307
449,0.6213139999999999,1.0,1,1234.3009728228171,0.0,487.53329762800786,9.555652633508954,76.44522106807163,86.00087370158059,1080.2399177404168,0.0,0.0,0.0,-0.0,0.0,0.0,6.422159021909356,0.0,344.02332196944246,8847.63018035549,9.555652633508954,9.85894800101479,50.0,11.802354286447036,2302.786376953125,11.802354286447036,83.79671543377395,83.79671543377395,0.0,0.0,5.208333333333333,0.3663808780605136,429.7173714067458,161.98924870566307,232.36981964450933,150.0,1.0,1.9434062854322462,0.0,1986.597715201681,487.53329762800786,475.49007896836804,4178.994778111465,45.70389748642083,0.0,445.0285799683013,83.79671543377395,94.41883429157629,41.666666666666664,12.043218659639834,191700744.8961891,95824833.33333333,10.0,1.0,7.853981633974483,20.0,2.5,98.17477042468104,8847.63018035549,9.555652633508954,9.85894800101479,50.0,11.802354286447036,2302.786376953125,429.7173714067458,5.208333333333333,0.3663808780605136,161.98924870566307
450,0.632576,1.0,1,1256.6740362914186,0.0,487.53329762800786,9.555652633508954,76.44522106807163,86.00087370158059,1080.2399177404168,0.0,0.0,0.0,-0.0,0.0,0.0,6.422159021909356,0.0,345.9570112234475,8847.63018035549,9.555652633508954,9.85894800101479,50.0,11.802354286447036,2302.786376953125,11.802354286447036,83.79671543377395,83.79671543377395,0.0,0.0,5.208333333333333,0.3663808780605136,429.7173714067458,161.98924870566307,232.36981964450933,150.0,1.0,1.9434062854322462,0.0,1986.597715201681,487.53329762800786,475.49007896836804,4178.994778111465,45.70389748642083,0.0,445.0285799683013,83.79671543377395,94.41883429157629,41.666666666666664,12.043218659639834,191700744.8961891,95824833.33333333,10.0,1.0,7.853981633974483,20.0,2.5,98.17477042468104,8847.63018035549,9.555652633508954,9.85894800101479,50.0,11.802354286447036,2302.786376953125,429.7173714067458,5.208333333333333,0.3663808780605136,161.98924870566307
451,0.655744,1.0,1,1302.699532157211,0.0,487.53329762800786,9.555652633508954,76.44522106807163,86.00087370158059,1164.0366331741907,0.0,0.0,0.0,-0.0,0.0,0.0,6.422159021909356,0.0,347.8907004774526,8847.63018035549,9.555652633508954,9.85894800101479,50.0,11.802354286447036,2302.786376953125,11.802354286447036,83.79671543377395,0.0,83.79671543377395,83.79671543377395,5.208333333333333,0.3663808780605136,429.7173714067458,161.98924870566307,232.36981964450933,150.0,1.0,1.9434062854322462,0.0,1986.597715201681,487.53329762800786,475.49007896836804,4178.994778111465,45.70389748642083,0.0,445.0285799683013,83.79671543377395,94.41883429157629,41.666666666666664,12.043218659639834,191700744.8961891,95824833.33333333,10.0,1.0,7.853981633974483,20.0,2.5,98.17477042468104,8847.63018035549,9.555652633508954,9.85894800101479,50.0,11.802354286447036,2302.786376953125,429.7173714067458,5.208333333333333,0.3663808780605136,161.98924870566307
452,0.730598,1.0,1,1451.4043175309178,0.0,487.53329762800786,9.555652633508954,76.44522106807163,86.00087370158059,1451.4043175309178,371.164399790501,0.0,352.60617980097595,-0.0,0.0,0.0,6.422159021909356,0.0,349.82438973145764,8847.63018035549,9.555652633508954,9.85894800101479,50.0,11.802354286447036,2302.786376953125,11.802354286447036,83.79671543377395,83.79671543377395,0.0,0.0,5.208333333333333,0.3663808780605136,429.7173714067458,161.98924870566307,232.36981964450933,150.0,1.0,1.9434062854322462,0.0,1986.597715201681,487.53329762800786,475.49007896836804,4178.994778111465,45.70389748642083,0.0,445.0285799683013,83.79671543377395,94.41883429157629,41.666666666666664,12.043218659639834,191700744.8961891,95824833.33333333,10.0,1.0,7.853981633974483,20.0,2.5,98.17477042468104,8847.63018035549,9.555652633508954,9.85894800101479,50.0,11.802354286447036,2302.786376953125,429.7173714067458,5.208333333333333,0.3663808780605136,161.98924870566307
453,0.8277519999999999,1.0,1,1644.4102319536216,0.0,487.53329762800786,9.555652633508954,76.44522106807163,86.00087370158059,1644.4102319536216,564.1703142132048,0.0,888.5679783035205,1.0,0.0,0.0,6.422159021909356,0.0,351.7580789854627,8847.63018035549,9.555652633508954,9.85894800101479,50.0,11.802354286447036,2302.786376953125,11.802354286447036,83.79671543377395,83.79671543377395,0.0,0.0,5.208333333333333,0.3663808780605136,429.7173714067458,161.98924870566307,232.36981964450933,150.0,1.0,1.9434062854322462,0.0,1986.597715201681,487.53329762800786,475.49007896836804,4178.994778111465,45.70389748642083,0.0,445.0285799683013,83.79671543377395,94.41883429157629,41.666666666666664,12.043218659639834,191700744.8961891,95824833.33333333,10.0,1.0,7.853981633974483,20.0,2.5,98.17477042468104,8847.63018035549,9.555652633508954,9.85894800101479,50.0,11.802354286447036,2302.786376953125,429.7173714067458,5.208333333333333,0.3663808780605136,161.98924870566307
454,0.899251,1.0,1,1786.449981992827,0.0,487.53329762800786,9.555652633508954,76.44522106807163,86.00087370158059,1786.449981992827,706.2100642524102,0.0,1559.4675393433101,-0.0,0.0,0.0,6.422159021909356,0.0,353.69176823946776,8847.63018035549,9.555652633508954,9.85894800101479,50.0,11.802354286447036,2302.786376953125,11.802354286447036,83.79671543377395,83.79671543377395,0.0,0.0,5.208333333333333,0.3663808780605136,429.7173714067458,161.98924870566307,232.36981964450933,150.0,1.0,1.9434062854322462,0.0,1986.597715201681,487.53329762800786,475.49007896836804,4178.994778111465,45.70389748642083,0.0,445.0285799683013,83.79671543377395,94.41883429157629,41.666666666666664,12.043218659639834,191700744.8961891,95824833.33333333,10.0,1.0,7.853981633974483,20.0,2.5,98.17477042468104,8847.63018035549,9.555652633508954,9.85894800101479,50.0,11.802354286447036,2302.786376953125,429.7173714067458,5.208333333333333,0.3663808780605136,161.98924870566307
455,0.95687,1.0,1,1900.9157557450326,0.0,487.53329762800786,9.555652633508954,76.44522106807163,86.00087370158059,1900.9157557450326,820.6758380046158,0.0,2339.1095854476953,-0.0,0.0,0.0,6.422159021909356,0.0,355.6254574934729,8847.63018035549,9.555652633508954,9.85894800101479,50.0,11.802354286447036,2302.786376953125,11.802354286447036,83.79671543377395,83.79671543377395,0.0,0.0,5.208333333333333,0.3663808780605136,429.7173714067458,161.98924870566307,232.36981964450933,150.0,1.0,1.9434062854322462,0.0,1986.597715201681,487.53329762800786,475.49007896836804,4178.994778111465,45.70389748642083,0.0,445.0285799683013,83.79671543377395,94.41883429157629,41.666666666666664,12.043218659639834,191700744.8961891,95824833.33333333,10.0,1.0,7.853981633974483,20.0,2.5,98.17477042468104,8847.63018035549,9.555652633508954,9.85894800101479,50.0,11.802354286447036,2302.786376953125,429.7173714067458,5.208333333333333,0.3663808780605136,161.98924870566307
456,0.469555,1.0,1,932.8168901615253,0.0,487.53329762800786,9.555652633508954,76.44522106807163,86.00087370158059,1080.2399177404168,0.0,1364.8658597942785,902.4086804010863,-0.0,0.0,0.0,6.422159021909356,0.0,357.559146747478,8847.63018035549,9.555652633508954,9.85894800101479,50.0,11.802354286447036,2302.786376953125,11.802354286447036,83.79671543377395,83.79671543377395,0.0,0.0,5.208333333333333,0.3663808780605136,429.7173714067458,161.98924870566307,232.36981964450933,150.0,1.0,1.9434062854322462,0.0,1986.597715201681,487.53329762800786,475.49007896836804,4178.994778111465,45.70389748642083,0.0,445.0285799683013,83.79671543377395,94.41883429157629,41.666666666666664,12.043218659639834,191700744.8961891,95824833.33333333,10.0,1.0,7.853981633974483,20.0,2.5,98.17477042468104,8847.63018035549,9.555652633508954,9.85894800101479,50.0,11.802354286447036,2302.786376953125,429.7173714067458,5.208333333333333,0.3663808780605136,161.98924870566307
457,0.598558,1.0,1,1189.0939552156879,0.0,487.53329762800786,9.555652633508954,76.44522106807163,86.00087370158059,1080.2399177404168,0.0,0.0,902.4086804010863,-0.0,0.0,0.0,6.422159021909356,0.0,359.49283600148306,8847.63018035549,9.555652633508954,9.85894800101479,50.0,11.802354286447036,2302.786376953125,11.802354286447036,83.79671543377395,83.79671543377395,0.0,0.0,5.208333333333333,0.3663808780605136,429.7173714067458,161.98924870566307,232.36981964450933,150.0,1.0,1.9434062854322462,0.0,1986.597715201681,487.53329762800786,475.49007896836804,4178.994778111465,45.70389748642083,0.0,445.0285799683013,83.79671543377395,94.41883429157629,41.666666666666664,12.043218659639834,191700744.8961891,95824833.33333333,10.0,1.0,7.853981633974483,20.0,2.5,98.17477042468104,8847.63018035549,9.555652633508954,9.85894800101479,50.0,11.802354286447036,2302.786376953125,429.7173714067458,5.208333333333333,0.3663808780605136,161.98924870566307
458,0.6700839999999999,1.0,1,1331.187343393203,0.0,487.53329762800786,9.555652633508954,76.44522106807163,86.00087370158059,1164.0366331741907,0.0,0.0,902.4086804010863,1.0,0.0,0.0,6.422159021909356,0.0,361.42652525548823,8847.63018035549,9.555652633508954,9.85894800101479,50.0,11.802354286447036,2302.786376953125,11.802354286447036,83.79671543377395,0.0,83.79671543377395,83.79671543377395,5.208333333333333,0.3663808780605136,429.7173714067458,161.98924870566307,232.36981964450933,150.0,1.0,1.9434062854322462,0.0,1986.597715201681,487.53329762800786,475.49007896836804,4178.994778111465,45.70389748642083,0.0,445.0285799683013,83.79671543377395,94.41883429157629,41.666666666666664,12.043218659639834,191700744.8961891,95824833.33333333,10.0,1.0,7.853981633974483,20.0,2.5,98.17477042468104,8847.63018035549,9.555652633508954,9.85894800101479,50.0,11.802354286447036,2302.786376953125,429.7173714067458,5.208333333333333,0.3663808780605136,161.98924870566307
459,0.710708,1.0,1,1411.8908889755562,0.0,487.53329762800786,9.555652633508954,76.44522106807163,86.00087370158059,1411.8908889755562,331.6509712351395,0.0,1217.4771030744687,-0.0,0.0,0.0,6.422159021909356,0.0,363.3602145094933,8847.63018035549,9.555652633508954,9.85894800101479,50.0,11.802354286447036,2302.786376953125,11.802354286447036,83.79671543377395,83.79671543377395,0.0,0.0,5.208333333333333,0.3663808780605136,429.7173714067458,161.98924870566307,232.36981964450933,150.0,1.0,1.9434062854322462,0.0,1986.597715201681,487.53329762800786,475.49007896836804,4178.994778111465,45.70389748642083,0.0,445.0285799683013,83.79671543377395,94.41883429157629,41.666666666666664,12.043218659639834,191700744.8961891,95824833.33333333,10.0,1.0,7.853981633974483,20.0,2.5,98.17477042468104,8847.63018035549,9.555652633508954,9.85894800101479,50.0,11.802354286447036,2302.786376953125,429.7173714067458,5.208333333333333,0.3663808780605136,161.98924870566307
460,0.7386269999999999,1.0,1,1467.354710586272,0.0,487.53329762800786,9.555652633508954,76.44522106807163,86.00087370158059,1467.354710586272,303.31807741208127,0.0,1505.6292766159459,1.0,0.0,0.0,6.422159021909356,0.0,365.29390376349835,8847.63018035549,9.555652633508954,9.85894800101479,50.0,11.802354286447036,2302.786376953125,11.802354286447036,83.79671543377395,0.0,83.79671543377395,83.79671543377395,5.208333333333333,0.3663808780605136,429.7173714067458,161.98924870566307,232.36981964450933,150.0,1.0,1.9434062854322462,0.0,1986.597715201681,487.53329762800786,475.49007896836804,4178.994778111465,45.70389748642083,0.0,445.0285799683013,83.79671543377395,94.41883429157629,41.666666666666664,12.043218659639834,191700744.8961891,95824833.33333333,10.0,1.0,7.853981633974483,20.0,2.5,98.17477042468104,8847.63018035549,9.555652633508954,9.85894800101479,50.0,11.802354286447036,2302.786376953125,429.7173714067458,5.208333333333333,0.3663808780605136,161.98924870566307
461,0.750934,1.0,1,1491.8037686672592,0.0,487.53329762800786,9.555652633508954,76.44522106807163,86.00087370158059,1164.0366331741907,0.0,0.0,1505.6292766159459,1.0,0.0,0.0,6.422159021909356,0.0,367.2275930175034,8847.63018035549,9.555652633508954,9.85894800101479,50.0,11.802354286447036,2302.786376953125,11.802354286447036,83.79671543377395,0.0,83.79671543377395,83.79671543377395,5.208333333333333,0.3663808780605136,429.7173714067458,161.98924870566307,232.36981964450933,150.0,1.0,1.9434062854322462,0.0,1986.597715201681,487.53329762800786,475.49007896836804,4178.994778111465,45.70389748642083,0.0,445.0285799683013,83.79671543377395,94.41883429157629,41.666666666666664,12.043218659639834,191700744.8961891,95824833.33333333,10.0,1.0,7.853981633974483,20.0,2.5,98.17477042468104,8847.63018035549,9.555652633508954,9.85894800101479,50.0,11.802354286447036,2302.786376953125,429.7173714067458,5.208333333333333,0.3663808780605136,161.98924870566307
462,0.7764719999999999,1.0,1,1542.5375011180795,0.0,487.53329762800786,9.555652633508954,76.44522106807163,86.00087370158059,1164.0366331741907,0.0,0.0,1505.6292766159459,1.0,0.0,0.0,6.422159021909356,0.0,369.1612822715085,8847.63018035549,9.555652633508954,9.85894800101479,50.0,11.802354286447036,2302.786376953125,11.802354286447036,83.79671543377395,0.0,83.79671543377395,83.79671543377395,5.208333333333333,0.3663808780605136,429.7173714067458,161.98924870566307,232.36981964450933,150.0,1.0,1.9434062854322462,0.0,1986.597715201681,487.53329762800786,475.49007896836804,4178.994778111465,45.70389748642083,0.0,445.0285799683013,83.79671543377395,94.41883429157629,41.666666666666664,12.043218659639834,191700744.8961891,95824833.33333333,10.0,1.0,7.853981633974483,20.0,2.5,98.17477042468104,8847.63018035549,9.555652633508954,9.85894800101479,50.0,11.802354286447036,2302.786376953125,429.7173714067458,5.208333333333333,0.3663808780605136,161.98924870566307
463,0.764365,1.0,1,1518.4857625801328,0.0,487.53329762800786,9.555652633508954,76.44522106807163,86.00087370158059,1518.4857625801328,438.24584483971614,0.0,1921.9628292136763,1.0,0.0,0.0,6.422159021909356,0.0,371.0949715255136,8847.63018035549,9.555652633508954,9.85894800101479,50.0,11.802354286447036,2302.786376953125,11.802354286447036,83.79671543377395,83.79671543377395,0.0,0.0,5.208333333333333,0.3663808780605136,429.7173714067458,161.98924870566307,232.36981964450933,150.0,1.0,1.9434062854322462,0.0,1986.597715201681,487.53329762800786,475.49007896836804,4178.994778111465,45.70389748642083,0.0,445.0285799683013,83.79671543377395,94.41883429157629,41.666666666666664,12.043218659639834,191700744.8961891,95824833.33333333,10.0,1.0,7.853981633974483,20.0,2.5,98.17477042468104,8847.63018035549,9.555652633508954,9.85894800101479,50.0,11.802354286447036,2302.786376953125,429.7173714067458,5.208333333333333,0.3663808780605136,161.98924870566307
464,0.748305,1.0,1,1486.581003273994,0.0,487.53329762800786,9.555652633508954,76.44522106807163,86.00087370158059,1486.581003273994,406.3410855335772,0.0,2307.9868604705744,1.0,0.0,0.0,6.422159021909356,0.0,373.0286607795187,8847.63018035549,9.555652633508954,9.85894800101479,50.0,11.802354286447036,2302.786376953125,11.802354286447036,83.79671543377395,83.79671543377395,0.0,0.0,5.208333333333333,0.3663808780605136,429.7173714067458,161.98924870566307,232.36981964450933,150.0,1.0,1.9434062854322462,0.0,1986.597715201681,487.53329762800786,475.49007896836804,4178.994778111465,45.70389748642083,0.0,445.0285799683013,83.79671543377395,94.41883429157629,41.666666666666664,12.043218659639834,191700744.8961891,95824833.33333333,10.0,1.0,7.853981633974483,20.0,2.5,98.17477042468104,8847.63018035549,9.555652633508954,9.85894800101479,50.0,11.802354286447036,2302.786376953125,429.7173714067458,5.208333333333333,0.3663808780605136,161.98924870566307
465,0.718537,1.0,1,1427.4439624878703,0.0,487.53329762800786,9.555652633508954,76.44522106807163,86.00087370158059,1427.4439624878703,347.20404474745357,0.0,2637.8307029806556,-0.0,0.0,0.0,6.422159021909356,0.0,374.96235003352376,8847.63018035549,9.555652633508954,9.85894800101479,50.0,11.802354286447036,2302.786376953125,11.802354286447036,83.79671543377395,83.79671543377395,0.0,0.0,5.208333333333333,0.3663808780605136,429.7173714067458,161.98924870566307,232.36981964450933,150.0,1.0,1.9434062854322462,0.0,1986.597715201681,487.53329762800786,475.49007896836804,4178.994778111465,45.70389748642083,0.0,445.0285799683013,83.79671543377395,94.41883429157629,41.666666666666664,12.043218659639834,191700744.8961891,95824833.33333333,10.0,1.0,7.853981633974483,20.0,2.5,98.17477042468104,8847.63018035549,9.555652633508954,9.85894800101479,50.0,11.802354286447036,2302.786376953125,429.7173714067458,5.208333333333333,0.3663808780605136,161.98924870566307
466,0.688305,1.0,1,1367.385140361893,0.0,487.53329762800786,9.555652633508954,76.44522106807163,86.00087370158059,1367.385140361893,287.1452226214763,0.0,2910.618664471058,1.0,0.0,0.0,6.422159021909356,0.0,376.8960392875288,8847.63018035549,9.555652633508954,9.85894800101479,50.0,11.802354286447036,2302.786376953125,11.802354286447036,83.79671543377395,83.79671543377395,0.0,0.0,5.208333333333333,0.3663808780605136,429.7173714067458,161.98924870566307,232.36981964450933,150.0,1.0,1.9434062854322462,0.0,1986.597715201681,487.53329762800786,475.49007896836804,4178.994778111465,45.70389748642083,0.0,445.0285799683013,83.79671543377395,94.41883429157629,41.666666666666664,12.043218659639834,191700744.8961891,95824833.33333333,10.0,1.0,7.853981633974483,20.0,2.5,98.17477042468104,8847.63018035549,9.555652633508954,9.85894800101479,50.0,11.802354286447036,2302.786376953125,429.7173714067458,5.208333333333333,0.3663808780605136,161.98924870566307
467,0.666963,1.0,1,1324.9871719240587,0.0,487.53329762800786,9.555652633508954,76.44522106807163,86.00087370158059,1164.0366331741907,0.0,0.0,2910.618664471058,-0.0,0.0,0.0,6.422159021909356,0.0,378.829728541534,8847.63018035549,9.555652633508954,9.85894800101479,50.0,11.802354286447036,2302.786376953125,11.802354286447036,83.79671543377395,0.0,83.79671543377395,83.79671543377395,5.208333333333333,0.3663808780605136,429.7173714067458,161.98924870566307,232.36981964450933,150.0,1.0,1.9434062854322462,0.0,1986.597715201681,487.53329762800786,475.49007896836804,4178.994778111465,45.70389748642083,0.0,445.0285799683013,83.79671543377395,94.41883429157629,41.666666666666664,12.043218659639834,191700744.8961891,95824833.33333333,10.0,1.0,7.853981633974483,20.0,2.5,98.17477042468104,8847.63018035549,9.555652633508954,9.85894800101479,50.0,11.802354286447036,2302.786376953125,429.7173714067458,5.208333333333333,0.3663808780605136,161.98924870566307
468,0.680819,1.0,1,1352.513469865893,0.0,487.53329762800786,9.555652633508954,76.44522106807163,86.00087370158059,1080.2399177404168,0.0,0.0,2910.618664471058,1.0,0.0,0.0,6.422159021909356,0.0,380.76341779553906,8847.63018035549,9.555652633508954,9.85894800101479,50.0,11.802354286447036,2302.786376953125,11.802354286447036,83.79671543377395,83.79671543377395,0.0,0.0,5.208333333333333,0.3663808780605136,429.7173714067458,161.98924870566307,232.36981964450933,150.0,1.0,1.9434062854322462,0.0,1986.597715201681,487.53329762800786,475.49007896836804,4178.994778111465,45.70389748642083,0.0,445.0285799683013,83.79671543377395,94.41883429157629,41.666666666666664,12.043218659639834,191700744.8961891,95824833.33333333,10.0,1.0,7.853981633974483,20.0,2.5,98.17477042468104,8847.63018035549,9.555652633508954,9.85894800101479,50.0,11.802354286447036,2302.786376953125,429.7173714067458,5.208333333333333,0.3663808780605136,161.98924870566307
469,0.694727,1.0,1,1380.1430708889181,0.0,487.53329762800786,9.555652633508954,76.44522106807163,86.00087370158059,1380.1430708889181,299.9031531485014,0.0,3195.526659962134,1.0,0.0,0.0,6.422159021909356,0.0,382.6971070495441,8847.63018035549,9.555652633508954,9.85894800101479,50.0,11.802354286447036,2302.786376953125,11.802354286447036,83.79671543377395,83.79671543377395,0.0,0.0,5.208333333333333,0.3663808780605136,429.7173714067458,161.98924870566307,232.36981964450933,150.0,1.0,1.9434062854322462,0.0,1986.597715201681,487.53329762800786,475.49007896836804,4178.994778111465,45.70389748642083,0.0,445.0285799683013,83.79671543377395,94.41883429157629,41.666666666666664,12.043218659639834,191700744.8961891,95824833.33333333,10.0,1.0,7.853981633974483,20.0,2.5,98.17477042468104,8847.63018035549,9.555652633508954,9.85894800101479,50.0,11.802354286447036,2302.786376953125,429.7173714067458,5.208333333333333,0.3663808780605136,161.98924870566307
470,0.706059,1.0,1,1402.6551961975838,0.0,487.53329762800786,9.555652633508954,76.44522106807163,86.00087370158059,1402.6551961975838,322.41527845716706,0.0,3501.821174496443,1.0,0.0,0.0,6.422159021909356,0.0,384.6307963035493,8847.63018035549,9.555652633508954,9.85894800101479,50.0,11.802354286447036,2302.786376953125,11.802354286447036,83.79671543377395,83.79671543377395,0.0,0.0,5.208333333333333,0.3663808780605136,429.7173714067458,161.98924870566307,232.36981964450933,150.0,1.0,1.9434062854322462,0.0,1986.597715201681,487.53329762800786,475.49007896836804,4178.994778111465,45.70389748642083,0.0,445.0285799683013,83.79671543377395,94.41883429157629,41.666666666666664,12.043218659639834,191700744.8961891,95824833.33333333,10.0,1.0,7.853981633974483,20.0,2.5,98.17477042468104,8847.63018035549,9.555652633508954,9.85894800101479,50.0,11.802354286447036,2302.786376953125,429.7173714067458,5.208333333333333,0.3663808780605136,161.98924870566307
471,0.700866,1.0,1,1392.3387942625413,0.0,487.53329762800786,9.555652633508954,76.44522106807163,86.00087370158059,1392.3387942625413,312.0988765221246,0.0,3798.3151071924613,1.0,0.0,0.0,6.422159021909356,0.0,386.56448555755435,8847.63018035549,9.555652633508954,9.85894800101479,50.0,11.802354286447036,2302.786376953125,11.802354286447036,83.79671543377395,83.79671543377395,0.0,0.0,5.208333333333333,0.3663808780605136,429.7173714067458,161.98924870566307,232.36981964450933,150.0,1.0,1.9434062854322462,0.0,1986.597715201681,487.53329762800786,475.49007896836804,4178.994778111465,45.70389748642083,0.0,445.0285799683013,83.79671543377395,94.41883429157629,41.666666666666664,12.043218659639834,191700744.8961891,95824833.33333333,10.0,1.0,7.853981633974483,20.0,2.5,98.17477042468104,8847.63018035549,9.555652633508954,9.85894800101479,50.0,11.802354286447036,2302.786376953125,429.7173714067458,5.208333333333333,0.3663808780605136,161.98924870566307
472,0.681649,1.0,1,1354.1623459695106,0.0,487.53329762800786,9.555652633508954,76.44522106807163,86.00087370158059,1354.1623459695106,273.9224282290939,0.0,4058.5414140101,-0.0,0.0,0.0,6.422159021909356,0.0,388.4981748115594,8847.63018035549,9.555652633508954,9.85894800101479,50.0,11.802354286447036,2302.786376953125,11.802354286447036,83.79671543377395,83.79671543377395,0.0,0.0,5.208333333333333,0.3663808780605136,429.7173714067458,161.98924870566307,232.36981964450933,150.0,1.0,1.9434062854322462,0.0,1986.597715201681,487.53329762800786,475.49007896836804,4178.994778111465,45.70389748642083,0.0,445.0285799683013,83.79671543377395,94.41883429157629,41.666666666666664,12.043218659639834,191700744.8961891,95824833.33333333,10.0,1.0,7.853981633974483,20.0,2.5,98.17477042468104,8847.63018035549,9.555652633508954,9.85894800101479,50.0,11.802354286447036,2302.786376953125,429.7173714067458,5.208333333333333,0.3663808780605136,161.98924870566307
473,0.657984,1.0,1,1307.149511039263,0.0,487.53329762800786,9.555652633508954,76.44522106807163,86.00087370158059,1164.0366331741907,0.0,0.0,4058.5414140101,1.0,0.0,0.0,6.422159021909356,0.0,390.4318640655646,8847.63018035549,9.555652633508954,9.85894800101479,50.0,11.802354286447036,2302.786376953125,11.802354286447036,83.79671543377395,0.0,83.79671543377395,83.79671543377395,5.208333333333333,0.3663808780605136,429.7173714067458,161.98924870566307,232.36981964450933,150.0,1.0,1.9434062854322462,0.0,1986.597715201681,487.53329762800786,475.49007896836804,4178.994778111465,45.70389748642083,0.0,445.0285799683013,83.79671543377395,94.41883429157629,41.666666666666664,12.043218659639834,191700744.8961891,95824833.33333333,10.0,1.0,7.853981633974483,20.0,2.5,98.17477042468104,8847.63018035549,9.555652633508954,9.85894800101479,50.0,11.802354286447036,2302.786376953125,429.7173714067458,5.208333333333333,0.3663808780605136,161.98924870566307
474,0.627841,1.0,1,1247.2674961099385,0.0,487.53329762800786,9.555652633508954,76.44522106807163,86.00087370158059,1080.2399177404168,0.0,0.0,4058.5414140101,-0.0,0.0,0.0,6.422159021909356,0.0,392.36555331956964,8847.63018035549,9.555652633508954,9.85894800101479,50.0,11.802354286447036,2302.786376953125,11.802354286447036,83.79671543377395,83.79671543377395,0.0,0.0,5.208333333333333,0.3663808780605136,429.7173714067458,161.98924870566307,232.36981964450933,150.0,1.0,1.9434062854322462,0.0,1986.597715201681,487.53329762800786,475.49007896836804,4178.994778111465,45.70389748642083,0.0,445.0285799683013,83.79671543377395,94.41883429157629,41.666666666666664,12.043218659639834,191700744.8961891,95824833.33333333,10.0,1.0,7.853981633974483,20.0,2.5,98.17477042468104,8847.63018035549,9.555652633508954,9.85894800101479,50.0,11.802354286447036,2302.786376953125,429.7173714067458,5.208333333333333,0.3663808780605136,161.98924870566307
475,0.607588,1.0,1,1207.032932583959,0.0,487.53329762800786,9.555652633508954,76.44522106807163,86.00087370158059,1207.032932583959,126.79301484354232,0.0,4178.994778111465,1.0,0.0,0.0,6.422159021909356,0.0,394.2992425735747,8847.63018035549,9.555652633508954,9.85894800101479,50.0,11.802354286447036,2302.786376953125,11.802354286447036,83.79671543377395,83.79671543377395,0.0,0.0,5.208333333333333,0.3663808780605136,429.7173714067458,161.98924870566307,232.36981964450933,150.0,1.0,1.9434062854322462,0.0,1986.597715201681,487.53329762800786,475.49007896836804,4178.994778111465,45.70389748642083,0.0,445.0285799683013,83.79671543377395,94.41883429157629,41.666666666666664,12.043218659639834,191700744.8961891,95824833.33333333,10.0,1.0,7.853981633974483,20.0,2.5,98.17477042468104,8847.63018035549,9.555652633508954,9.85894800101479,50.0,11.802354286447036,2302.786376953125,429.7173714067458,5.208333333333333,0.3663808780605136,161.98924870566307
476,0.5851799999999999,1.0,1,1162.5172509817196,0.0,487.53329762800786,9.555652633508954,76.44522106807163,86.00087370158059,1080.2399177404168,0.0,0.0,4178.994778111465,1.0,0.0,0.0,6.422159021909356,0.0,396.2329318275799,8847.63018035549,9.555652633508954,9.85894800101479,50.0,11.802354286447036,2302.786376953125,11.802354286447036,83.79671543377395,83.79671543377395,0.0,0.0,5.208333333333333,0.3663808780605136,429.7173714067458,161.98924870566307,232.36981964450933,150.0,1.0,1.9434062854322462,0.0,1986.597715201681,487.53329762800786,475.49007896836804,4178.994778111465,45.70389748642083,0.0,445.0285799683013,83.79671543377395,94.41883429157629,41.666666666666664,12.043218659639834,191700744.8961891,95824833.33333333,10.0,1.0,7.853981633974483,20.0,2.5,98.17477042468104,8847.63018035549,9.555652633508954,9.85894800101479,50.0,11.802354286447036,2302.786376953125,429.7173714067458,5.208333333333333,0.3663808780605136,161.98924870566307
477,0.556065,1.0,1,1104.6774585036228,0.0,487.53329762800786,9.555652633508954,76.44522106807163,86.00087370158059,1080.2399177404168,0.0,0.0,4178.994778111465,1.0,0.0,0.0,6.422159021909356,0.0,398.16662108158494,8847.63018035549,9.555652633508954,9.85894800101479,50.0,11.802354286447036,2302.786376953125,11.802354286447036,83.79671543377395,83.79671543377395,0.0,0.0,5.208333333333333,0.3663808780605136,429.7173714067458,161.98924870566307,232.36981964450933,150.0,1.0,1.9434062854322462,0.0,1986.597715201681,487.53329762800786,475.49007896836804,4178.994778111465,45.70389748642083,0.0,445.0285799683013,83.79671543377395,94.41883429157629,41.666666666666664,12.043218659639834,191700744.8961891,95824833.33333333,10.0,1.0,7.853981633974483,20.0,2.5,98.17477042468104,8847.63018035549,9.555652633508954,9.85894800101479,50.0,11.802354286447036,2302.786376953125,429.7173714067458,5.208333333333333,0.3663808780605136,161.98924870566307
478,0.520718,1.0,1,1034.457189064389,45.78272867602766,487.53329762800786,9.555652633508954,76.44522106807163,86.00087370158059,1080.2399177404168,0.0,0.0,4178.994778111465,1.0,0.0,0.0,6.422159021909356,0.0,400.10031033559,8847.63018035549,9.555652633508954,9.85894800101479,50.0,11.802354286447036,2302.786376953125,11.802354286447036,83.79671543377395,83.79671543377395,0.0,0.0,5.208333333333333,0.3663808780605136,429.7173714067458,161.98924870566307,232.36981964450933,150.0,1.0,1.9434062854322462,0.0,1986.597715201681,487.53329762800786,475.49007896836804,4178.994778111465,45.70389748642083,0.0,445.0285799683013,83.79671543377395,94.41883429157629,41.666666666666664,12.043218659639834,191700744.8961891,95824833.33333333,10.0,1.0,7.853981633974483,20.0,2.5,98.17477042468104,8847.63018035549,9.555652633508954,9.85894800101479,50.0,11.802354286447036,2302.786376953125,429.7173714067458,5.208333333333333,0.3663808780605136,161.98924870566307
479,0.477541,1.0,1,948.6818595151259,0.0,487.53329762800786,9.555652633508954,76.44522106807163,86.00087370158059,1080.2399177404168,0.0,131.55805822529084,4040.512611558527,1.0,0.0,0.0,6.422159021909356,0.0,402.03399958959506,8847.63018035549,9.555652633508954,9.85894800101479,50.0,11.802354286447036,2302.786376953125,11.802354286447036,83.79671543377395,83.79671543377395,0.0,0.0,5.208333333333333,0.3663808780605136,429.7173714067458,161.98924870566307,232.36981964450933,150.0,1.0,1.9434062854322462,0.0,1986.597715201681,487.53329762800786,475.49007896836804,4178.994778111465,45.70389748642083,0.0,445.0285799683013,83.79671543377395,94.41883429157629,41.666666666666664,12.043218659639834,191700744.8961891,95824833.33333333,10.0,1.0,7.853981633974483,20.0,2.5,98.17477042468104,8847.63018035549,9.555652633508954,9.85894800101479,50.0,11.802354286447036,2302.786376953125,429.7173714067458,5.208333333333333,0.3663808780605136,161.98924870566307
480,0.341652,1.0,1,678.7250825940847,0.0,487.53329762800786,9.555652633508954,76.44522106807163,86.00087370158059,1080.2399177404168,0.0,401.514835146332,3617.8654166676515,-0.0,0.0,0.0,6.422159021909356,0.0,403.9676888436001,8847.63018035549,9.555652633508954,9.85894800101479,50.0,11.802354286447036,2302.786376953125,11.802354286447036,83.79671543377395,83.79671543377395,0.0,0.0,5.208333333333333,0.3663808780605136,429.7173714067458,161.98924870566307,232.36981964450933,150.0,1.0,1.9434062854322462,0.0,1986.597715201681,487.53329762800786,475.49007896836804,4178.994778111465,45.70389748642083,0.0,445.0285799683013,83.79671543377395,94.41883429157629,41.666666666666664,12.043218659639834,191700744.8961891,95824833.33333333,10.0,1.0,7.853981633974483,20.0,2.5,98.17477042468104,8847.63018035549,9.555652633508954,9.85894800101479,50.0,11.802354286447036,2302.786376953125,429.7173714067458,5.208333333333333,0.3663808780605136,161.98924870566307
481,0.346511,-0.0,1,688.3779608922497,0.0,487.53329762800786,9.555652633508954,76.44522106807163,86.00087370158059,669.6338516006888,0.0,0.0,3617.8654166676515,1.0,9.555652633508954,0.0,15.786698602748132,0.0,394.0591983903189,0.0,0.0,9.85894800101479,50.0,0.0,0.0,0.0,0.0,0.0,0.0,0.0,5.208333333333333,0.3663808780605136,0.0,161.98924870566307,9080.0,150.0,-0.0,0.0,9.85894800101479,1986.597715201681,487.53329762800786,475.49007896836804,4178.994778111465,45.70389748642083,0.0,445.0285799683013,83.79671543377395,94.41883429157629,41.666666666666664,12.043218659639834,191700744.8961891,95824833.33333333,10.0,1.0,7.853981633974483,20.0,2.5,98.17477042468104,8847.63018035549,9.555652633508954,9.85894800101479,50.0,11.802354286447036,2302.786376953125,429.7173714067458,5.208333333333333,0.3663808780605136,161.98924870566307
482,0.332787,1.0,1,661.1138938488218,0.0,487.53329762800786,9.555652633508954,76.44522106807163,86.00087370158059,1080.2399177404168,0.0,419.1260238915949,3176.6801283607097,-0.0,0.0,0.0,15.786698602748132,0.0,395.992887644324,8847.63018035549,9.555652633508954,9.85894800101479,50.0,11.802354286447036,2302.786376953125,11.802354286447036,83.79671543377395,83.79671543377395,0.0,0.0,5.208333333333333,0.3663808780605136,429.7173714067458,161.98924870566307,232.36981964450933,150.0,1.0,1.9434062854322462,0.0,1986.597715201681,487.53329762800786,475.49007896836804,4178.994778111465,45.70389748642083,0.0,445.0285799683013,83.79671543377395,94.41883429157629,41.666666666666664,12.043218659639834,191700744.8961891,95824833.33333333,10.0,1.0,7.853981633974483,20.0,2.5,98.17477042468104,8847.63018035549,9.555652633508954,9.85894800101479,50.0,11.802354286447036,2302.786376953125,429.7173714067458,5.208333333333333,0.3663808780605136,161.98924870566307
483,0.29213,-0.0,1,580.344790541867,0.0,0.0,0.0,0.0,0.0,580.344790541867,417.355541836204,0.0,3573.1678931051033,-0.0,0.0,0.0,15.786698602748132,0.0,386.08439719104285,0.0,0.0,9.85894800101479,50.0,0.0,0.0,0.0,0.0,0.0,0.0,0.0,5.208333333333333,0.3663808780605136,0.0,161.98924870566307,9080.0,150.0,-0.0,0.0,9.85894800101479,1986.597715201681,487.53329762800786,475.49007896836804,4178.994778111465,45.70389748642083,0.0,445.0285799683013,83.79671543377395,94.41883429157629,41.666666666666664,12.043218659639834,191700744.8961891,95824833.33333333,10.0,1.0,7.853981633974483,20.0,2.5,98.17477042468104,8847.63018035549,9.555652633508954,9.85894800101479,50.0,11.802354286447036,2302.786376953125,429.7173714067458,5.208333333333333,0.3663808780605136,161.98924870566307
484,0.235487,-0.0,1,467.81793615969826,0.0,293.3301457409884,5.749270856523373,45.994166852186986,51.74343770871036,467.8179361596982,0.0,0.0,3573.1678931051033,1.0,5.749270856523372,0.0,21.420984042140816,0.0,376.17590673776164,0.0,0.0,9.85894800101479,50.0,0.0,0.0,0.0,0.0,0.0,0.0,0.0,5.208333333333333,0.3663808780605136,0.0,161.98924870566307,9080.0,150.0,-0.0,0.0,9.85894800101479,1986.597715201681,487.53329762800786,475.49007896836804,4178.994778111465,45.70389748642083,0.0,445.0285799683013,83.79671543377395,94.41883429157629,41.666666666666664,12.043218659639834,191700744.8961891,95824833.33333333,10.0,1.0,7.853981633974483,20.0,2.5,98.17477042468104,8847.63018035549,9.555652633508954,9.85894800101479,50.0,11.802354286447036,2302.786376953125,429.7173714067458,5.208333333333333,0.3663808780605136,161.98924870566307
485,0.185337,1.0,1,368.19006074233397,0.0,487.53329762800786,9.555652633508954,76.44522106807163,86.00087370158059,1080.2399177404168,0.0,712.0498569980828,2823.6417278439635,-0.0,0.0,0.0,21.420984042140816,0.0,378.1095959917667,8847.63018035549,9.555652633508954,9.85894800101479,50.0,11.802354286447036,2302.786376953125,11.802354286447036,83.79671543377395,83.79671543377395,0.0,0.0,5.208333333333333,0.3663808780605136,429.7173714067458,161.98924870566307,232.36981964450933,150.0,1.0,1.9434062854322462,0.0,1986.597715201681,487.53329762800786,475.49007896836804,4178.994778111465,45.70389748642083,0.0,445.0285799683013,83.79671543377395,94.41883429157629,41.666666666666664,12.043218659639834,191700744.8961891,95824833.33333333,10.0,1.0,7.853981633974483,20.0,2.5,98.17477042468104,8847.63018035549,9.555652633508954,9.85894800101479,50.0,11.802354286447036,2302.786376953125,429.7173714067458,5.208333333333333,0.3663808780605136,161.98924870566307
486,0.151251,1.0,1,300.4748910219694,0.0,487.53329762800786,9.555652633508954,76.44522106807163,86.00087370158059,1080.2399177404168,0.0,779.7650267184479,2002.836436561387,-0.0,0.0,0.0,21.420984042140816,0.0,380.0432852457718,8847.63018035549,9.555652633508954,9.85894800101479,50.0,11.802354286447036,2302.786376953125,11.802354286447036,83.79671543377395,83.79671543377395,0.0,0.0,5.208333333333333,0.3663808780605136,429.7173714067458,161.98924870566307,232.36981964450933,150.0,1.0,1.9434062854322462,0.0,1986.597715201681,487.53329762800786,475.49007896836804,4178.994778111465,45.70389748642083,0.0,445.0285799683013,83.79671543377395,94.41883429157629,41.666666666666664,12.043218659639834,191700744.8961891,95824833.33333333,10.0,1.0,7.853981633974483,20.0,2.5,98.17477042468104,8847.63018035549,9.555652633508954,9.85894800101479,50.0,11.802354286447036,2302.786376953125,429.7173714067458,5.208333333333333,0.3663808780605136,161.98924870566307
487,0.135045,0.0,1,268.280088449411,0.0,0.0,0.0,0.0,0.0,268.280088449411,105.29083974374791,0.0,2102.8627343179473,-0.0,0.0,0.0,21.420984042140816,0.0,370.1347947924906,0.0,0.0,9.85894800101479,50.0,0.0,0.0,0.0,0.0,0.0,0.0,0.0,5.208333333333333,0.3663808780605136,0.0,161.98924870566307,9080.0,150.0,-0.0,0.0,9.85894800101479,1986.597715201681,487.53329762800786,475.49007896836804,4178.994778111465,45.70389748642083,0.0,445.0285799683013,83.79671543377395,94.41883429157629,41.666666666666664,12.043218659639834,191700744.8961891,95824833.33333333,10.0,1.0,7.853981633974483,20.0,2.5,98.17477042468104,8847.63018035549,9.555652633508954,9.85894800101479,50.0,11.802354286447036,2302.786376953125,429.7173714067458,5.208333333333333,0.3663808780605136,161.98924870566307
488,0.1175639999999999,-0.0,1,233.55237378997023,0.0,0.0,0.0,0.0,0.0,162.98924870566307,0.0,0.0,2102.8627343179473,-0.0,0.0,0.0,21.420984042140816,0.0,360.22630433920943,0.0,0.0,9.85894800101479,50.0,0.0,0.0,0.0,0.0,0.0,0.0,0.0,5.208333333333333,0.3663808780605136,0.0,161.98924870566307,9080.0,150.0,-0.0,0.0,9.85894800101479,1986.597715201681,487.53329762800786,475.49007896836804,4178.994778111465,45.70389748642083,0.0,445.0285799683013,83.79671543377395,94.41883429157629,41.666666666666664,12.043218659639834,191700744.8961891,95824833.33333333,10.0,1.0,7.853981633974483,20.0,2.5,98.17477042468104,8847.63018035549,9.555652633508954,9.85894800101479,50.0,11.802354286447036,2302.786376953125,429.7173714067458,5.208333333333333,0.3663808780605136,161.98924870566307
489,0.108231,-0.0,1,215.01145731399313,0.0,0.0,0.0,0.0,0.0,162.98924870566307,0.0,0.0,2102.8627343179473,-0.0,0.0,0.0,21.420984042140816,0.0,350.3178138859282,0.0,0.0,9.85894800101479,50.0,0.0,0.0,0.0,0.0,0.0,0.0,0.0,5.208333333333333,0.3663808780605136,0.0,161.98924870566307,9080.0,150.0,-0.0,0.0,9.85894800101479,1986.597715201681,487.53329762800786,475.49007896836804,4178.994778111465,45.70389748642083,0.0,445.0285799683013,83.79671543377395,94.41883429157629,41.666666666666664,12.043218659639834,191700744.8961891,95824833.33333333,10.0,1.0,7.853981633974483,20.0,2.5,98.17477042468104,8847.63018035549,9.555652633508954,9.85894800101479,50.0,11.802354286447036,2302.786376953125,429.7173714067458,5.208333333333333,0.3663808780605136,161.98924870566307
490,0.093497,-0.0,1,185.74092657821157,0.0,0.0,0.0,0.0,0.0,162.98924870566307,0.0,0.0,2102.8627343179473,-0.0,0.0,0.0,21.420984042140816,0.0,340.40932343264706,0.0,0.0,9.85894800101479,50.0,0.0,0.0,0.0,0.0,0.0,0.0,0.0,5.208333333333333,0.3663808780605136,0.0,161.98924870566307,9080.0,150.0,-0.0,0.0,9.85894800101479,1986.597715201681,487.53329762800786,475.49007896836804,4178.994778111465,45.70389748642083,0.0,445.0285799683013,83.79671543377395,94.41883429157629,41.666666666666664,12.043218659639834,191700744.8961891,95824833.33333333,10.0,1.0,7.853981633974483,20.0,2.5,98.17477042468104,8847.63018035549,9.555652633508954,9.85894800101479,50.0,11.802354286447036,2302.786376953125,429.7173714067458,5.208333333333333,0.3663808780605136,161.98924870566307
491,0.081773,-0.0,1,162.45005496518706,0.0,0.0,0.0,0.0,0.0,162.98924870566307,0.0,0.5391937404760085,2102.2951619595515,-0.0,0.0,0.0,21.420984042140816,0.0,330.50083297936584,0.0,0.0,9.85894800101479,50.0,0.0,0.0,0.0,0.0,0.0,0.0,0.0,5.208333333333333,0.3663808780605136,0.0,161.98924870566307,9080.0,150.0,-0.0,0.0,9.85894800101479,1986.597715201681,487.53329762800786,475.49007896836804,4178.994778111465,45.70389748642083,0.0,445.0285799683013,83.79671543377395,94.41883429157629,41.666666666666664,12.043218659639834,191700744.8961891,95824833.33333333,10.0,1.0,7.853981633974483,20.0,2.5,98.17477042468104,8847.63018035549,9.555652633508954,9.85894800101479,50.0,11.802354286447036,2302.786376953125,429.7173714067458,5.208333333333333,0.3663808780605136,161.98924870566307
492,0.074226,1.0,1,147.45720200856,0.0,487.53329762800786,9.555652633508954,76.44522106807163,86.00087370158059,1080.2399177404168,0.0,932.7827157318568,1120.418619083913,-0.0,0.0,0.0,21.420984042140816,0.0,332.43452223337096,8847.63018035549,9.555652633508954,9.85894800101479,50.0,11.802354286447036,2302.786376953125,11.802354286447036,83.79671543377395,83.79671543377395,0.0,0.0,5.208333333333333,0.3663808780605136,429.7173714067458,161.98924870566307,232.36981964450933,150.0,1.0,1.9434062854322462,0.0,1986.597715201681,487.53329762800786,475.49007896836804,4178.994778111465,45.70389748642083,0.0,445.0285799683013,83.79671543377395,94.41883429157629,41.666666666666664,12.043218659639834,191700744.8961891,95824833.33333333,10.0,1.0,7.853981633974483,20.0,2.5,98.17477042468104,8847.63018035549,9.555652633508954,9.85894800101479,50.0,11.802354286447036,2302.786376953125,429.7173714067458,5.208333333333333,0.3663808780605136,161.98924870566307
493,0.061459,-0.0,1,122.09430897858012,0.0,0.0,0.0,0.0,0.0,162.98924870566307,0.0,40.894939727082956,1077.3713141080361,-0.0,0.0,0.0,21.420984042140816,0.0,322.52603178008974,0.0,0.0,9.85894800101479,50.0,0.0,0.0,0.0,0.0,0.0,0.0,0.0,5.208333333333333,0.3663808780605136,0.0,161.98924870566307,9080.0,150.0,-0.0,0.0,9.85894800101479,1986.597715201681,487.53329762800786,475.49007896836804,4178.994778111465,45.70389748642083,0.0,445.0285799683013,83.79671543377395,94.41883429157629,41.666666666666664,12.043218659639834,191700744.8961891,95824833.33333333,10.0,1.0,7.853981633974483,20.0,2.5,98.17477042468104,8847.63018035549,9.555652633508954,9.85894800101479,50.0,11.802354286447036,2302.786376953125,429.7173714067458,5.208333333333333,0.3663808780605136,161.98924870566307
494,0.038691,-0.0,1,76.86345219886825,0.0,0.0,0.0,0.0,0.0,162.98924870566307,0.0,86.12579650679483,986.712580942989,-0.0,0.0,0.0,21.420984042140816,0.0,312.6175413268086,0.0,0.0,9.85894800101479,50.0,0.0,0.0,0.0,0.0,0.0,0.0,0.0,5.208333333333333,0.3663808780605136,0.0,161.98924870566307,9080.0,150.0,-0.0,0.0,9.85894800101479,1986.597715201681,487.53329762800786,475.49007896836804,4178.994778111465,45.70389748642083,0.0,445.0285799683013,83.79671543377395,94.41883429157629,41.666666666666664,12.043218659639834,191700744.8961891,95824833.33333333,10.0,1.0,7.853981633974483,20.0,2.5,98.17477042468104,8847.63018035549,9.555652633508954,9.85894800101479,50.0,11.802354286447036,2302.786376953125,429.7173714067458,5.208333333333333,0.3663808780605136,161.98924870566307
495,0.031327,-0.0,1,62.23414662412306,0.0,0.0,0.0,0.0,0.0,162.98924870566307,0.0,100.75510208154,880.6545787518944,-0.0,0.0,0.0,21.420984042140816,0.0,302.70905087352736,0.0,0.0,9.85894800101479,50.0,0.0,0.0,0.0,0.0,0.0,0.0,0.0,5.208333333333333,0.3663808780605136,0.0,161.98924870566307,9080.0,150.0,-0.0,0.0,9.85894800101479,1986.597715201681,487.53329762800786,475.49007896836804,4178.994778111465,45.70389748642083,0.0,445.0285799683013,83.79671543377395,94.41883429157629,41.666666666666664,12.043218659639834,191700744.8961891,95824833.33333333,10.0,1.0,7.853981633974483,20.0,2.5,98.17477042468104,8847.63018035549,9.555652633508954,9.85894800101479,50.0,11.802354286447036,2302.786376953125,429.7173714067458,5.208333333333333,0.3663808780605136,161.98924870566307
496,0.058551,-0.0,1,116.31728282277362,0.0,0.0,0.0,0.0,0.0,162.98924870566307,0.0,46.67196588288945,831.5261936120107,-0.0,0.0,0.0,21.420984042140816,0.0,292.80056042024614,0.0,0.0,9.85894800101479,50.0,0.0,0.0,0.0,0.0,0.0,0.0,0.0,5.208333333333333,0.3663808780605136,0.0,161.98924870566307,9080.0,150.0,-0.0,0.0,9.85894800101479,1986.597715201681,487.53329762800786,475.49007896836804,4178.994778111465,45.70389748642083,0.0,445.0285799683013,83.79671543377395,94.41883429157629,41.666666666666664,12.043218659639834,191700744.8961891,95824833.33333333,10.0,1.0,7.853981633974483,20.0,2.5,98.17477042468104,8847.63018035549,9.555652633508954,9.85894800101479,50.0,11.802354286447036,2302.786376953125,429.7173714067458,5.208333333333333,0.3663808780605136,161.98924870566307
497,0.111973,-0.0,1,222.44530596427782,0.0,0.0,0.0,0.0,0.0,162.98924870566307,0.0,0.0,831.5261936120107,-0.0,0.0,0.0,21.420984042140816,0.0,282.8920699669649,0.0,0.0,9.85894800101479,50.0,0.0,0.0,0.0,0.0,0.0,0.0,0.0,5.208333333333333,0.3663808780605136,0.0,161.98924870566307,9080.0,150.0,-0.0,0.0,9.85894800101479,1986.597715201681,487.53329762800786,475.49007896836804,4178.994778111465,45.70389748642083,0.0,445.0285799683013,83.79671543377395,94.41883429157629,41.666666666666664,12.043218659639834,191700744.8961891,95824833.33333333,10.0,1.0,7.853981633974483,20.0,2.5,98.17477042468104,8847.63018035549,9.555652633508954,9.85894800101479,50.0,11.802354286447036,2302.786376953125,429.7173714067458,5.208333333333333,0.3663808780605136,161.98924870566307
498,0.183368,-0.0,1,364.27844984110186,0.0,0.0,0.0,0.0,0.0,364.27844984110186,201.2892011354388,0.0,1022.7509346906776,-0.0,0.0,0.0,21.420984042140816,0.0,272.98357951368376,0.0,0.0,9.85894800101479,50.0,0.0,0.0,0.0,0.0,0.0,0.0,0.0,5.208333333333333,0.3663808780605136,0.0,161.98924870566307,9080.0,150.0,-0.0,0.0,9.85894800101479,1986.597715201681,487.53329762800786,475.49007896836804,4178.994778111465,45.70389748642083,0.0,445.0285799683013,83.79671543377395,94.41883429157629,41.666666666666664,12.043218659639834,191700744.8961891,95824833.33333333,10.0,1.0,7.853981633974483,20.0,2.5,98.17477042468104,8847.63018035549,9.555652633508954,9.85894800101479,50.0,11.802354286447036,2302.786376953125,429.7173714067458,5.208333333333333,0.3663808780605136,161.98924870566307
499,0.254135,1.0,1,504.8640103527792,0.0,487.53329762800786,9.555652633508954,76.44522106807163,86.00087370158059,1080.2399177404168,0.0,575.3759073876377,417.0920848089538,-0.0,0.0,0.0,21.420984042140766,0.0,274.9172687676888,8847.63018035549,9.555652633508954,9.85894800101479,50.0,11.802354286447036,2302.786376953125,11.802354286447036,83.79671543377395,83.79671543377395,0.0,0.0,5.208333333333333,0.3663808780605136,429.7173714067458,161.98924870566307,232.36981964450933,150.0,1.0,1.9434062854322462,0.0,1986.597715201681,487.53329762800786,475.49007896836804,4178.994778111465,45.70389748642083,0.0,445.0285799683013,83.79671543377395,94.41883429157629,41.666666666666664,12.043218659639834,191700744.8961891,95824833.33333333,10.0,1.0,7.853981633974483,20.0,2.5,98.17477042468104,8847.63018035549,9.555652633508954,9.85894800101479,50.0,11.802354286447036,2302.786376953125,429.7173714067458,5.208333333333333,0.3663808780605136,161.98924870566307
500,0.3772749999999999,1.0,1,749.493653002714,0.0,188.63582596420198,3.6972621888983586,29.57809751118687,33.275359700085225,781.9282851210719,0.0,32.434632118357854,382.95036678962975,-0.0,0.0,5.858390444610595,15.443034608864647,0.0,276.8509580216939,8847.63018035549,9.555652633508954,9.85894800101479,50.0,11.802354286447036,2302.786376953125,11.802354286447036,83.79671543377395,83.79671543377395,0.0,0.0,5.208333333333333,0.3663808780605136,429.7173714067458,161.98924870566307,232.36981964450933,150.0,1.0,1.9434062854322462,0.0,1986.597715201681,487.53329762800786,475.49007896836804,4178.994778111465,45.70389748642083,0.0,445.0285799683013,83.79671543377395,94.41883429157629,41.666666666666664,12.043218659639834,191700744.8961891,95824833.33333333,10.0,1.0,7.853981633974483,20.0,2.5,98.17477042468104,8847.63018035549,9.555652633508954,9.85894800101479,50.0,11.802354286447036,2302.786376953125,429.7173714067458,5.208333333333333,0.3663808780605136,161.98924870566307
501,0.448954,1.0,1,891.8909906306556,0.0,487.53329762800786,9.555652633508954,76.44522106807163,86.00087370158059,1080.2399177404168,0.0,188.34892710976118,184.68833825303906,-0.0,0.0,0.0,15.443034608864647,0.0,278.78464727569894,8847.63018035549,9.555652633508954,9.85894800101479,50.0,11.802354286447036,2302.786376953125,11.802354286447036,83.79671543377395,83.79671543377395,0.0,0.0,5.208333333333333,0.3663808780605136,429.7173714067458,161.98924870566307,232.36981964450933,150.0,1.0,1.9434062854322462,0.0,1986.597715201681,487.53329762800786,475.49007896836804,4178.994778111465,45.70389748642083,0.0,445.0285799683013,83.79671543377395,94.41883429157629,41.666666666666664,12.043218659639834,191700744.8961891,95824833.33333333,10.0,1.0,7.853981633974483,20.0,2.5,98.17477042468104,8847.63018035549,9.555652633508954,9.85894800101479,50.0,11.802354286447036,2302.786376953125,429.7173714067458,5.208333333333333,0.3663808780605136,161.98924870566307
502,0.453067,1.0,1,900.06186703328,0.0,307.0014044101642,6.017227526439218,48.13782021151374,54.155047737952955,900.06186703328,0.0,0.0,184.68833825303906,-0.0,0.0,3.5384251070697363,11.832396744507772,0.0,280.7183365297041,8847.63018035549,9.555652633508954,9.85894800101479,50.0,11.802354286447036,2302.786376953125,11.802354286447036,83.79671543377395,83.79671543377395,0.0,0.0,5.208333333333333,0.3663808780605136,429.7173714067458,161.98924870566307,232.36981964450933,150.0,1.0,1.9434062854322462,0.0,1986.597715201681,487.53329762800786,475.49007896836804,4178.994778111465,45.70389748642083,0.0,445.0285799683013,83.79671543377395,94.41883429157629,41.666666666666664,12.043218659639834,191700744.8961891,95824833.33333333,10.0,1.0,7.853981633974483,20.0,2.5,98.17477042468104,8847.63018035549,9.555652633508954,9.85894800101479,50.0,11.802354286447036,2302.786376953125,429.7173714067458,5.208333333333333,0.3663808780605136,161.98924870566307
503,0.455445,1.0,1,904.7859964000296,0.0,487.53329762800786,9.555652633508954,76.44522106807163,86.00087370158059,1080.2399177404168,0.0,175.45392134038713,0.0,-0.0,0.0,0.0,11.832396744507772,0.0,282.6520257837092,8847.63018035549,9.555652633508954,9.85894800101479,50.0,11.802354286447036,2302.786376953125,11.802354286447036,83.79671543377395,83.79671543377395,0.0,0.0,5.208333333333333,0.3663808780605136,429.7173714067458,161.98924870566307,232.36981964450933,150.0,1.0,1.9434062854322462,0.0,1986.597715201681,487.53329762800786,475.49007896836804,4178.994778111465,45.70389748642083,0.0,445.0285799683013,83.79671543377395,94.41883429157629,41.666666666666664,12.043218659639834,191700744.8961891,95824833.33333333,10.0,1.0,7.853981633974483,20.0,2.5,98.17477042468104,8847.63018035549,9.555652633508954,9.85894800101479,50.0,11.802354286447036,2302.786376953125,429.7173714067458,5.208333333333333,0.3663808780605136,161.98924870566307
504,0.566232,1.0,1,1124.875197474078,0.0,487.53329762800786,9.555652633508954,76.44522106807163,86.00087370158059,1124.875197474078,44.63527973366132,0.0,42.40351574697825,1.0,0.0,0.0,11.832396744507772,0.0,284.58571503771435,8847.63018035549,9.555652633508954,9.85894800101479,50.0,11.802354286447036,2302.786376953125,11.802354286447036,83.79671543377395,83.79671543377395,0.0,0.0,5.208333333333333,0.3663808780605136,429.7173714067458,161.98924870566307,232.36981964450933,150.0,1.0,1.9434062854322462,0.0,1986.597715201681,487.53329762800786,475.49007896836804,4178.994778111465,45.70389748642083,0.0,445.0285799683013,83.79671543377395,94.41883429157629,41.666666666666664,12.043218659639834,191700744.8961891,95824833.33333333,10.0,1.0,7.853981633974483,20.0,2.5,98.17477042468104,8847.63018035549,9.555652633508954,9.85894800101479,50.0,11.802354286447036,2302.786376953125,429.7173714067458,5.208333333333333,0.3663808780605136,161.98924870566307
505,0.573564,1.0,1,1139.440931921937,0.0,487.53329762800786,9.555652633508954,76.44522106807163,86.00087370158059,1139.440931921937,59.20101418152018,0.0,98.64447921942244,1.0,0.0,0.0,11.832396744507772,0.0,286.5194042917194,8847.63018035549,9.555652633508954,9.85894800101479,50.0,11.802354286447036,2302.786376953125,11.802354286447036,83.79671543377395,83.79671543377395,0.0,0.0,5.208333333333333,0.3663808780605136,429.7173714067458,161.98924870566307,232.36981964450933,150.0,1.0,1.9434062854322462,0.0,1986.597715201681,487.53329762800786,475.49007896836804,4178.994778111465,45.70389748642083,0.0,445.0285799683013,83.79671543377395,94.41883429157629,41.666666666666664,12.043218659639834,191700744.8961891,95824833.33333333,10.0,1.0,7.853981633974483,20.0,2.5,98.17477042468104,8847.63018035549,9.555652633508954,9.85894800101479,50.0,11.802354286447036,2302.786376953125,429.7173714067458,5.208333333333333,0.3663808780605136,161.98924870566307
506,0.575935,1.0,1,1144.1511551046801,0.0,487.53329762800786,9.555652633508954,76.44522106807163,86.00087370158059,1144.1511551046801,0.0,0.0,98.64447921942244,1.0,0.0,0.0,11.832396744507772,0.0,288.45309354572447,8847.63018035549,9.555652633508954,9.85894800101479,50.0,11.802354286447036,2302.786376953125,11.802354286447036,83.79671543377395,19.885478069510555,63.9112373642634,63.9112373642634,5.208333333333333,0.3663808780605136,429.7173714067458,161.98924870566307,232.36981964450933,150.0,1.0,1.9434062854322462,0.0,1986.597715201681,487.53329762800786,475.49007896836804,4178.994778111465,45.70389748642083,0.0,445.0285799683013,83.79671543377395,94.41883429157629,41.666666666666664,12.043218659639834,191700744.8961891,95824833.33333333,10.0,1.0,7.853981633974483,20.0,2.5,98.17477042468104,8847.63018035549,9.555652633508954,9.85894800101479,50.0,11.802354286447036,2302.786376953125,429.7173714067458,5.208333333333333,0.3663808780605136,161.98924870566307
507,0.56556,1.0,1,1123.5402038094626,0.0,487.53329762800786,9.555652633508954,76.44522106807163,86.00087370158059,1123.5402038094626,43.30028606904585,0.0,139.779750985016,1.0,0.0,0.0,11.832396744507772,0.0,290.38678279972953,8847.63018035549,9.555652633508954,9.85894800101479,50.0,11.802354286447036,2302.786376953125,11.802354286447036,83.79671543377395,83.79671543377395,0.0,0.0,5.208333333333333,0.3663808780605136,429.7173714067458,161.98924870566307,232.36981964450933,150.0,1.0,1.9434062854322462,0.0,1986.597715201681,487.53329762800786,475.49007896836804,4178.994778111465,45.70389748642083,0.0,445.0285799683013,83.79671543377395,94.41883429157629,41.666666666666664,12.043218659639834,191700744.8961891,95824833.33333333,10.0,1.0,7.853981633974483,20.0,2.5,98.17477042468104,8847.63018035549,9.555652633508954,9.85894800101479,50.0,11.802354286447036,2302.786376953125,429.7173714067458,5.208333333333333,0.3663808780605136,161.98924870566307
508,0.548085,1.0,1,1088.8244087363134,0.0,487.53329762800786,9.555652633508954,76.44522106807163,86.00087370158059,1080.2399177404168,0.0,0.0,139.779750985016,1.0,0.0,0.0,11.832396744507772,0.0,292.32047205373465,8847.63018035549,9.555652633508954,9.85894800101479,50.0,11.802354286447036,2302.786376953125,11.802354286447036,83.79671543377395,83.79671543377395,0.0,0.0,5.208333333333333,0.3663808780605136,429.7173714067458,161.98924870566307,232.36981964450933,150.0,1.0,1.9434062854322462,0.0,1986.597715201681,487.53329762800786,475.49007896836804,4178.994778111465,45.70389748642083,0.0,445.0285799683013,83.79671543377395,94.41883429157629,41.666666666666664,12.043218659639834,191700744.8961891,95824833.33333333,10.0,1.0,7.853981633974483,20.0,2.5,98.17477042468104,8847.63018035549,9.555652633508954,9.85894800101479,50.0,11.802354286447036,2302.786376953125,429.7173714067458,5.208333333333333,0.3663808780605136,161.98924870566307
509,0.540987,1.0,1,1074.723538153812,0.0,487.53329762800786,9.555652633508954,76.44522106807163,86.00087370158059,1080.2399177404168,0.0,5.516379586604842,133.9730356306951,1.0,0.0,0.0,11.832396744507772,0.0,294.2541613077397,8847.63018035549,9.555652633508954,9.85894800101479,50.0,11.802354286447036,2302.786376953125,11.802354286447036,83.79671543377395,83.79671543377395,0.0,0.0,5.208333333333333,0.3663808780605136,429.7173714067458,161.98924870566307,232.36981964450933,150.0,1.0,1.9434062854322462,0.0,1986.597715201681,487.53329762800786,475.49007896836804,4178.994778111465,45.70389748642083,0.0,445.0285799683013,83.79671543377395,94.41883429157629,41.666666666666664,12.043218659639834,191700744.8961891,95824833.33333333,10.0,1.0,7.853981633974483,20.0,2.5,98.17477042468104,8847.63018035549,9.555652633508954,9.85894800101479,50.0,11.802354286447036,2302.786376953125,429.7173714067458,5.208333333333333,0.3663808780605136,161.98924870566307
510,0.54076,1.0,1,1074.272580472461,0.0,487.53329762800786,9.555652633508954,76.44522106807163,86.00087370158059,1080.2399177404168,0.0,5.96733726795577,127.69162798021534,1.0,0.0,0.0,11.832396744507772,0.0,296.1878505617448,8847.63018035549,9.555652633508954,9.85894800101479,50.0,11.802354286447036,2302.786376953125,11.802354286447036,83.79671543377395,83.79671543377395,0.0,0.0,5.208333333333333,0.3663808780605136,429.7173714067458,161.98924870566307,232.36981964450933,150.0,1.0,1.9434062854322462,0.0,1986.597715201681,487.53329762800786,475.49007896836804,4178.994778111465,45.70389748642083,0.0,445.0285799683013,83.79671543377395,94.41883429157629,41.666666666666664,12.043218659639834,191700744.8961891,95824833.33333333,10.0,1.0,7.853981633974483,20.0,2.5,98.17477042468104,8847.63018035549,9.555652633508954,9.85894800101479,50.0,11.802354286447036,2302.786376953125,429.7173714067458,5.208333333333333,0.3663808780605136,161.98924870566307
511,0.54688,1.0,1,1086.4305584894953,0.0,487.53329762800786,9.555652633508954,76.44522106807163,86.00087370158059,1080.2399177404168,0.0,121.30704658120459,0.0,1.0,0.0,0.0,11.832396744507772,0.0,298.1215398157499,8847.63018035549,9.555652633508954,9.85894800101479,50.0,11.802354286447036,2302.786376953125,11.802354286447036,83.79671543377395,83.79671543377395,0.0,0.0,5.208333333333333,0.3663808780605136,429.7173714067458,161.98924870566307,232.36981964450933,150.0,1.0,1.9434062854322462,0.0,1986.597715201681,487.53329762800786,475.49007896836804,4178.994778111465,45.70389748642083,0.0,445.0285799683013,83.79671543377395,94.41883429157629,41.666666666666664,12.043218659639834,191700744.8961891,95824833.33333333,10.0,1.0,7.853981633974483,20.0,2.5,98.17477042468104,8847.63018035549,9.555652633508954,9.85894800101479,50.0,11.802354286447036,2302.786376953125,429.7173714067458,5.208333333333333,0.3663808780605136,161.98924870566307
512,0.563597,1.0,1,1119.6405124945218,0.0,487.53329762800786,9.555652633508954,76.44522106807163,86.00087370158059,1080.2399177404168,0.0,0.0,0.0,1.0,0.0,0.0,11.832396744507772,0.0,300.0552290697549,8847.63018035549,9.555652633508954,9.85894800101479,50.0,11.802354286447036,2302.786376953125,11.802354286447036,83.79671543377395,83.79671543377395,0.0,0.0,5.208333333333333,0.3663808780605136,429.7173714067458,161.98924870566307,232.36981964450933,150.0,1.0,1.9434062854322462,0.0,1986.597715201681,487.53329762800786,475.49007896836804,4178.994778111465,45.70389748642083,0.0,445.0285799683013,83.79671543377395,94.41883429157629,41.666666666666664,12.043218659639834,191700744.8961891,95824833.33333333,10.0,1.0,7.853981633974483,20.0,2.5,98.17477042468104,8847.63018035549,9.555652633508954,9.85894800101479,50.0,11.802354286447036,2302.786376953125,429.7173714067458,5.208333333333333,0.3663808780605136,161.98924870566307
513,0.59017,1.0,1,1172.430373580576,0.0,487.53329762800786,9.555652633508954,76.44522106807163,86.00087370158059,1080.2399177404168,0.0,0.0,0.0,1.0,0.0,0.0,11.832396744507772,0.0,301.9889183237599,8847.63018035549,9.555652633508954,9.85894800101479,50.0,11.802354286447036,2302.786376953125,11.802354286447036,83.79671543377395,83.79671543377395,0.0,0.0,5.208333333333333,0.3663808780605136,429.7173714067458,161.98924870566307,232.36981964450933,150.0,1.0,1.9434062854322462,0.0,1986.597715201681,487.53329762800786,475.49007896836804,4178.994778111465,45.70389748642083,0.0,445.0285799683013,83.79671543377395,94.41883429157629,41.666666666666664,12.043218659639834,191700744.8961891,95824833.33333333,10.0,1.0,7.853981633974483,20.0,2.5,98.17477042468104,8847.63018035549,9.555652633508954,9.85894800101479,50.0,11.802354286447036,2302.786376953125,429.7173714067458,5.208333333333333,0.3663808780605136,161.98924870566307
514,0.6130030000000001,1.0,1,1217.7903592117761,0.0,487.53329762800786,9.555652633508954,76.44522106807163,86.00087370158059,1217.7903592117761,137.55044147135936,0.0,130.6729193977914,1.0,0.0,0.0,11.832396744507772,0.0,303.92260757776495,8847.63018035549,9.555652633508954,9.85894800101479,50.0,11.802354286447036,2302.786376953125,11.802354286447036,83.79671543377395,83.79671543377395,0.0,0.0,5.208333333333333,0.3663808780605136,429.7173714067458,161.98924870566307,232.36981964450933,150.0,1.0,1.9434062854322462,0.0,1986.597715201681,487.53329762800786,475.49007896836804,4178.994778111465,45.70389748642083,0.0,445.0285799683013,83.79671543377395,94.41883429157629,41.666666666666664,12.043218659639834,191700744.8961891,95824833.33333333,10.0,1.0,7.853981633974483,20.0,2.5,98.17477042468104,8847.63018035549,9.555652633508954,9.85894800101479,50.0,11.802354286447036,2302.786376953125,429.7173714067458,5.208333333333333,0.3663808780605136,161.98924870566307
515,0.619269,1.0,1,1230.2383804952296,0.0,487.53329762800786,9.555652633508954,76.44522106807163,86.00087370158059,1230.2383804952296,149.99846275481286,0.0,273.1714590148636,-0.0,0.0,0.0,11.832396744507772,0.0,305.85629683177,8847.63018035549,9.555652633508954,9.85894800101479,50.0,11.802354286447036,2302.786376953125,11.802354286447036,83.79671543377395,83.79671543377395,0.0,0.0,5.208333333333333,0.3663808780605136,429.7173714067458,161.98924870566307,232.36981964450933,150.0,1.0,1.9434062854322462,0.0,1986.597715201681,487.53329762800786,475.49007896836804,4178.994778111465,45.70389748642083,0.0,445.0285799683013,83.79671543377395,94.41883429157629,41.666666666666664,12.043218659639834,191700744.8961891,95824833.33333333,10.0,1.0,7.853981633974483,20.0,2.5,98.17477042468104,8847.63018035549,9.555652633508954,9.85894800101479,50.0,11.802354286447036,2302.786376953125,429.7173714067458,5.208333333333333,0.3663808780605136,161.98924870566307
516,0.624578,1.0,1,1240.7852277652355,0.0,487.53329762800786,9.555652633508954,76.44522106807163,86.00087370158059,1240.7852277652355,160.54531002481872,0.0,425.6895035384414,-0.0,0.0,0.0,11.832396744507772,0.0,307.78998608577507,8847.63018035549,9.555652633508954,9.85894800101479,50.0,11.802354286447036,2302.786376953125,11.802354286447036,83.79671543377395,83.79671543377395,0.0,0.0,5.208333333333333,0.3663808780605136,429.7173714067458,161.98924870566307,232.36981964450933,150.0,1.0,1.9434062854322462,0.0,1986.597715201681,487.53329762800786,475.49007896836804,4178.994778111465,45.70389748642083,0.0,445.0285799683013,83.79671543377395,94.41883429157629,41.666666666666664,12.043218659639834,191700744.8961891,95824833.33333333,10.0,1.0,7.853981633974483,20.0,2.5,98.17477042468104,8847.63018035549,9.555652633508954,9.85894800101479,50.0,11.802354286447036,2302.786376953125,429.7173714067458,5.208333333333333,0.3663808780605136,161.98924870566307
517,0.642295,1.0,1,1275.9817794854637,0.0,487.53329762800786,9.555652633508954,76.44522106807163,86.00087370158059,1275.9817794854637,195.7418617450469,0.0,611.644272196236,1.0,0.0,0.0,11.832396744507772,0.0,309.72367533978013,8847.63018035549,9.555652633508954,9.85894800101479,50.0,11.802354286447036,2302.786376953125,11.802354286447036,83.79671543377395,83.79671543377395,0.0,0.0,5.208333333333333,0.3663808780605136,429.7173714067458,161.98924870566307,232.36981964450933,150.0,1.0,1.9434062854322462,0.0,1986.597715201681,487.53329762800786,475.49007896836804,4178.994778111465,45.70389748642083,0.0,445.0285799683013,83.79671543377395,94.41883429157629,41.666666666666664,12.043218659639834,191700744.8961891,95824833.33333333,10.0,1.0,7.853981633974483,20.0,2.5,98.17477042468104,8847.63018035549,9.555652633508954,9.85894800101479,50.0,11.802354286447036,2302.786376953125,429.7173714067458,5.208333333333333,0.3663808780605136,161.98924870566307
518,0.678976,1.0,1,1348.8521702767766,0.0,487.53329762800786,9.555652633508954,76.44522106807163,86.00087370158059,1080.2399177404168,0.0,0.0,611.644272196236,1.0,0.0,0.0,11.832396744507772,0.0,311.6573645937852,8847.63018035549,9.555652633508954,9.85894800101479,50.0,11.802354286447036,2302.786376953125,11.802354286447036,83.79671543377395,83.79671543377395,0.0,0.0,5.208333333333333,0.3663808780605136,429.7173714067458,161.98924870566307,232.36981964450933,150.0,1.0,1.9434062854322462,0.0,1986.597715201681,487.53329762800786,475.49007896836804,4178.994778111465,45.70389748642083,0.0,445.0285799683013,83.79671543377395,94.41883429157629,41.666666666666664,12.043218659639834,191700744.8961891,95824833.33333333,10.0,1.0,7.853981633974483,20.0,2.5,98.17477042468104,8847.63018035549,9.555652633508954,9.85894800101479,50.0,11.802354286447036,2302.786376953125,429.7173714067458,5.208333333333333,0.3663808780605136,161.98924870566307
519,0.7309869999999999,1.0,1,1452.177104042131,0.0,487.53329762800786,9.555652633508954,76.44522106807163,86.00087370158059,1452.177104042131,371.9371863017143,0.0,964.9845991828645,-0.0,0.0,0.0,11.832396744507772,0.0,313.59105384779025,8847.63018035549,9.555652633508954,9.85894800101479,50.0,11.802354286447036,2302.786376953125,11.802354286447036,83.79671543377395,83.79671543377395,0.0,0.0,5.208333333333333,0.3663808780605136,429.7173714067458,161.98924870566307,232.36981964450933,150.0,1.0,1.9434062854322462,0.0,1986.597715201681,487.53329762800786,475.49007896836804,4178.994778111465,45.70389748642083,0.0,445.0285799683013,83.79671543377395,94.41883429157629,41.666666666666664,12.043218659639834,191700744.8961891,95824833.33333333,10.0,1.0,7.853981633974483,20.0,2.5,98.17477042468104,8847.63018035549,9.555652633508954,9.85894800101479,50.0,11.802354286447036,2302.786376953125,429.7173714067458,5.208333333333333,0.3663808780605136,161.98924870566307
520,0.780848,1.0,1,1551.2308527198022,0.0,487.53329762800786,9.555652633508954,76.44522106807163,86.00087370158059,1551.2308527198022,470.99093497938543,0.0,1412.4259874132806,1.0,0.0,0.0,11.832396744507772,0.0,315.5247431017953,8847.63018035549,9.555652633508954,9.85894800101479,50.0,11.802354286447036,2302.786376953125,11.802354286447036,83.79671543377395,83.79671543377395,0.0,0.0,5.208333333333333,0.3663808780605136,429.7173714067458,161.98924870566307,232.36981964450933,150.0,1.0,1.9434062854322462,0.0,1986.597715201681,487.53329762800786,475.49007896836804,4178.994778111465,45.70389748642083,0.0,445.0285799683013,83.79671543377395,94.41883429157629,41.666666666666664,12.043218659639834,191700744.8961891,95824833.33333333,10.0,1.0,7.853981633974483,20.0,2.5,98.17477042468104,8847.63018035549,9.555652633508954,9.85894800101479,50.0,11.802354286447036,2302.786376953125,429.7173714067458,5.208333333333333,0.3663808780605136,161.98924870566307
521,0.809339,1.0,1,1607.8310082236135,0.0,487.53329762800786,9.555652633508954,76.44522106807163,86.00087370158059,1607.8310082236135,527.5910904831967,0.0,1913.6375233723174,1.0,0.0,0.0,11.832396744507772,0.0,317.45843235580077,8847.63018035549,9.555652633508954,9.85894800101479,50.0,11.802354286447036,2302.786376953125,11.802354286447036,83.79671543377395,83.79671543377395,0.0,0.0,5.208333333333333,0.3663808780605136,429.7173714067458,161.98924870566307,232.36981964450933,150.0,1.0,1.9434062854322462,0.0,1986.597715201681,487.53329762800786,475.49007896836804,4178.994778111465,45.70389748642083,0.0,445.0285799683013,83.79671543377395,94.41883429157629,41.666666666666664,12.043218659639834,191700744.8961891,95824833.33333333,10.0,1.0,7.853981633974483,20.0,2.5,98.17477042468104,8847.63018035549,9.555652633508954,9.85894800101479,50.0,11.802354286447036,2302.786376953125,429.7173714067458,5.208333333333333,0.3663808780605136,161.98924870566307
522,0.816788,1.0,1,1622.6291746041506,0.0,487.53329762800786,9.555652633508954,76.44522106807163,86.00087370158059,1622.6291746041506,542.3892568637339,0.0,2428.9073173928646,-0.0,0.0,0.0,11.832396744507772,0.0,319.3921216098058,8847.63018035549,9.555652633508954,9.85894800101479,50.0,11.802354286447036,2302.786376953125,11.802354286447036,83.79671543377395,83.79671543377395,0.0,0.0,5.208333333333333,0.3663808780605136,429.7173714067458,161.98924870566307,232.36981964450933,150.0,1.0,1.9434062854322462,0.0,1986.597715201681,487.53329762800786,475.49007896836804,4178.994778111465,45.70389748642083,0.0,445.0285799683013,83.79671543377395,94.41883429157629,41.666666666666664,12.043218659639834,191700744.8961891,95824833.33333333,10.0,1.0,7.853981633974483,20.0,2.5,98.17477042468104,8847.63018035549,9.555652633508954,9.85894800101479,50.0,11.802354286447036,2302.786376953125,429.7173714067458,5.208333333333333,0.3663808780605136,161.98924870566307
523,0.8218869999999999,1.0,1,1632.758836353964,0.0,487.53329762800786,9.555652633508954,76.44522106807163,86.00087370158059,1080.2399177404168,0.0,0.0,2428.9073173928646,-0.0,0.0,0.0,11.832396744507772,0.0,321.3258108638109,8847.63018035549,9.555652633508954,9.85894800101479,50.0,11.802354286447036,2302.786376953125,11.802354286447036,83.79671543377395,83.79671543377395,0.0,0.0,5.208333333333333,0.3663808780605136,429.7173714067458,161.98924870566307,232.36981964450933,150.0,1.0,1.9434062854322462,0.0,1986.597715201681,487.53329762800786,475.49007896836804,4178.994778111465,45.70389748642083,0.0,445.0285799683013,83.79671543377395,94.41883429157629,41.666666666666664,12.043218659639834,191700744.8961891,95824833.33333333,10.0,1.0,7.853981633974483,20.0,2.5,98.17477042468104,8847.63018035549,9.555652633508954,9.85894800101479,50.0,11.802354286447036,2302.786376953125,429.7173714067458,5.208333333333333,0.3663808780605136,161.98924870566307
524,0.83225,1.0,1,1653.345948476599,0.0,487.53329762800786,9.555652633508954,76.44522106807163,86.00087370158059,1653.345948476599,573.1060307361822,0.0,2973.3580465922378,-0.0,0.0,0.0,11.832396744507772,0.0,323.25950011781606,8847.63018035549,9.555652633508954,9.85894800101479,50.0,11.802354286447036,2302.786376953125,11.802354286447036,83.79671543377395,83.79671543377395,0.0,0.0,5.208333333333333,0.3663808780605136,429.7173714067458,161.98924870566307,232.36981964450933,150.0,1.0,1.9434062854322462,0.0,1986.597715201681,487.53329762800786,475.49007896836804,4178.994778111465,45.70389748642083,0.0,445.0285799683013,83.79671543377395,94.41883429157629,41.666666666666664,12.043218659639834,191700744.8961891,95824833.33333333,10.0,1.0,7.853981633974483,20.0,2.5,98.17477042468104,8847.63018035549,9.555652633508954,9.85894800101479,50.0,11.802354286447036,2302.786376953125,429.7173714067458,5.208333333333333,0.3663808780605136,161.98924870566307
525,0.836641,1.0,1,1662.0690990440496,0.0,487.53329762800786,9.555652633508954,76.44522106807163,86.00087370158059,1662.0690990440496,581.8291813036328,0.0,3526.095768830689,1.0,0.0,0.0,11.832396744507772,0.0,325.1931893718211,8847.63018035549,9.555652633508954,9.85894800101479,50.0,11.802354286447036,2302.786376953125,11.802354286447036,83.79671543377395,83.79671543377395,0.0,0.0,5.208333333333333,0.3663808780605136,429.7173714067458,161.98924870566307,232.36981964450933,150.0,1.0,1.9434062854322462,0.0,1986.597715201681,487.53329762800786,475.49007896836804,4178.994778111465,45.70389748642083,0.0,445.0285799683013,83.79671543377395,94.41883429157629,41.666666666666664,12.043218659639834,191700744.8961891,95824833.33333333,10.0,1.0,7.853981633974483,20.0,2.5,98.17477042468104,8847.63018035549,9.555652633508954,9.85894800101479,50.0,11.802354286447036,2302.786376953125,429.7173714067458,5.208333333333333,0.3663808780605136,161.98924870566307
526,0.841474,1.0,1,1671.6703258016194,0.0,487.53329762800786,9.555652633508954,76.44522106807163,86.00087370158059,1671.6703258016194,591.4304080612026,0.0,4087.9546564888315,1.0,0.0,0.0,11.832396744507772,0.0,327.12687862582624,8847.63018035549,9.555652633508954,9.85894800101479,50.0,11.802354286447036,2302.786376953125,11.802354286447036,83.79671543377395,83.79671543377395,0.0,0.0,5.208333333333333,0.3663808780605136,429.7173714067458,161.98924870566307,232.36981964450933,150.0,1.0,1.9434062854322462,0.0,1986.597715201681,487.53329762800786,475.49007896836804,4178.994778111465,45.70389748642083,0.0,445.0285799683013,83.79671543377395,94.41883429157629,41.666666666666664,12.043218659639834,191700744.8961891,95824833.33333333,10.0,1.0,7.853981633974483,20.0,2.5,98.17477042468104,8847.63018035549,9.555652633508954,9.85894800101479,50.0,11.802354286447036,2302.786376953125,429.7173714067458,5.208333333333333,0.3663808780605136,161.98924870566307
527,0.83692,1.0,1,1662.6233598065908,0.0,487.53329762800786,9.555652633508954,76.44522106807163,86.00087370158059,1176.0716247116102,95.83170697119338,0.0,4178.994778111465,1.0,0.0,0.0,11.832396744507772,0.0,329.0605678798313,8847.63018035549,9.555652633508954,9.85894800101479,50.0,11.802354286447036,2302.786376953125,11.802354286447036,83.79671543377395,83.79671543377395,0.0,0.0,5.208333333333333,0.3663808780605136,429.7173714067458,161.98924870566307,232.36981964450933,150.0,1.0,1.9434062854322462,0.0,1986.597715201681,487.53329762800786,475.49007896836804,4178.994778111465,45.70389748642083,0.0,445.0285799683013,83.79671543377395,94.41883429157629,41.666666666666664,12.043218659639834,191700744.8961891,95824833.33333333,10.0,1.0,7.853981633974483,20.0,2.5,98.17477042468104,8847.63018035549,9.555652633508954,9.85894800101479,50.0,11.802354286447036,2302.786376953125,429.7173714067458,5.208333333333333,0.3663808780605136,161.98924870566307
528,0.5371549999999999,1.0,1,1067.1108957091587,0.0,487.53329762800786,9.555652633508954,76.44522106807163,86.00087370158059,1080.2399177404168,0.0,13.129022031257989,4165.1747549206675,1.0,0.0,0.0,11.832396744507772,0.0,330.99425713383636,8847.63018035549,9.555652633508954,9.85894800101479,50.0,11.802354286447036,2302.786376953125,11.802354286447036,83.79671543377395,83.79671543377395,0.0,0.0,5.208333333333333,0.3663808780605136,429.7173714067458,161.98924870566307,232.36981964450933,150.0,1.0,1.9434062854322462,0.0,1986.597715201681,487.53329762800786,475.49007896836804,4178.994778111465,45.70389748642083,0.0,445.0285799683013,83.79671543377395,94.41883429157629,41.666666666666664,12.043218659639834,191700744.8961891,95824833.33333333,10.0,1.0,7.853981633974483,20.0,2.5,98.17477042468104,8847.63018035549,9.555652633508954,9.85894800101479,50.0,11.802354286447036,2302.786376953125,429.7173714067458,5.208333333333333,0.3663808780605136,161.98924870566307
529,0.501984,1.0,1,997.2402674678007,0.0,487.53329762800786,9.555652633508954,76.44522106807163,86.00087370158059,1080.2399177404168,0.0,82.99965027261607,4077.8067020021244,1.0,0.0,0.0,11.832396744507772,0.0,332.9279463878415,8847.63018035549,9.555652633508954,9.85894800101479,50.0,11.802354286447036,2302.786376953125,11.802354286447036,83.79671543377395,83.79671543377395,0.0,0.0,5.208333333333333,0.3663808780605136,429.7173714067458,161.98924870566307,232.36981964450933,150.0,1.0,1.9434062854322462,0.0,1986.597715201681,487.53329762800786,475.49007896836804,4178.994778111465,45.70389748642083,0.0,445.0285799683013,83.79671543377395,94.41883429157629,41.666666666666664,12.043218659639834,191700744.8961891,95824833.33333333,10.0,1.0,7.853981633974483,20.0,2.5,98.17477042468104,8847.63018035549,9.555652633508954,9.85894800101479,50.0,11.802354286447036,2302.786376953125,429.7173714067458,5.208333333333333,0.3663808780605136,161.98924870566307
530,0.440832,1.0,1,875.7558439877874,0.0,487.53329762800786,9.555652633508954,76.44522106807163,86.00087370158059,1080.2399177404168,0.0,204.48407375262929,3862.560308578304,-0.0,0.0,0.0,11.832396744507772,0.0,334.86163564184653,8847.63018035549,9.555652633508954,9.85894800101479,50.0,11.802354286447036,2302.786376953125,11.802354286447036,83.79671543377395,83.79671543377395,0.0,0.0,5.208333333333333,0.3663808780605136,429.7173714067458,161.98924870566307,232.36981964450933,150.0,1.0,1.9434062854322462,0.0,1986.597715201681,487.53329762800786,475.49007896836804,4178.994778111465,45.70389748642083,0.0,445.0285799683013,83.79671543377395,94.41883429157629,41.666666666666664,12.043218659639834,191700744.8961891,95824833.33333333,10.0,1.0,7.853981633974483,20.0,2.5,98.17477042468104,8847.63018035549,9.555652633508954,9.85894800101479,50.0,11.802354286447036,2302.786376953125,429.7173714067458,5.208333333333333,0.3663808780605136,161.98924870566307
531,0.3416329999999999,1.0,1,678.6873372374957,0.0,487.53329762800786,9.555652633508954,76.44522106807163,86.00087370158059,1080.2399177404168,0.0,401.552580502921,3439.873381733124,-0.0,0.0,0.0,11.832396744507772,0.0,336.7953248958516,8847.63018035549,9.555652633508954,9.85894800101479,50.0,11.802354286447036,2302.786376953125,11.802354286447036,83.79671543377395,83.79671543377395,0.0,0.0,5.208333333333333,0.3663808780605136,429.7173714067458,161.98924870566307,232.36981964450933,150.0,1.0,1.9434062854322462,0.0,1986.597715201681,487.53329762800786,475.49007896836804,4178.994778111465,45.70389748642083,0.0,445.0285799683013,83.79671543377395,94.41883429157629,41.666666666666664,12.043218659639834,191700744.8961891,95824833.33333333,10.0,1.0,7.853981633974483,20.0,2.5,98.17477042468104,8847.63018035549,9.555652633508954,9.85894800101479,50.0,11.802354286447036,2302.786376953125,429.7173714067458,5.208333333333333,0.3663808780605136,161.98924870566307
532,0.188027,-0.0,1,373.5340085962265,0.0,0.0,0.0,0.0,0.0,162.98924870566307,0.0,0.0,3439.873381733124,-0.0,0.0,0.0,11.832396744507772,0.0,326.8868344425705,0.0,0.0,9.85894800101479,50.0,0.0,0.0,0.0,0.0,0.0,0.0,0.0,5.208333333333333,0.3663808780605136,0.0,161.98924870566307,9080.0,150.0,-0.0,0.0,9.85894800101479,1986.597715201681,487.53329762800786,475.49007896836804,4178.994778111465,45.70389748642083,0.0,445.0285799683013,83.79671543377395,94.41883429157629,41.666666666666664,12.043218659639834,191700744.8961891,95824833.33333333,10.0,1.0,7.853981633974483,20.0,2.5,98.17477042468104,8847.63018035549,9.555652633508954,9.85894800101479,50.0,11.802354286447036,2302.786376953125,429.7173714067458,5.208333333333333,0.3663808780605136,161.98924870566307
533,0.0738149999999999,-0.0,1,146.64071034761187,0.0,366.264014802344,7.178774690125942,57.430197521007535,64.60897221113348,543.6108128882589,0.0,396.9701025406471,3022.010115900864,1.0,7.178774690125942,0.0,18.867595940831198,0.0,316.97834398928927,0.0,0.0,9.85894800101479,50.0,0.0,0.0,0.0,0.0,0.0,0.0,0.0,5.208333333333333,0.3663808780605136,0.0,161.98924870566307,9080.0,150.0,-0.0,0.0,9.85894800101479,1986.597715201681,487.53329762800786,475.49007896836804,4178.994778111465,45.70389748642083,0.0,445.0285799683013,83.79671543377395,94.41883429157629,41.666666666666664,12.043218659639834,191700744.8961891,95824833.33333333,10.0,1.0,7.853981633974483,20.0,2.5,98.17477042468104,8847.63018035549,9.555652633508954,9.85894800101479,50.0,11.802354286447036,2302.786376953125,429.7173714067458,5.208333333333333,0.3663808780605136,161.98924870566307
534,0.027187,-0.0,1,54.0096320831881,0.0,0.0,0.0,0.0,0.0,162.98924870566307,0.0,108.97961662247496,2907.2947299824687,-0.0,0.0,0.0,18.867595940831198,0.0,307.06985353600805,0.0,0.0,9.85894800101479,50.0,0.0,0.0,0.0,0.0,0.0,0.0,0.0,5.208333333333333,0.3663808780605136,0.0,161.98924870566307,9080.0,150.0,0.0,0.0,9.85894800101479,1986.597715201681,487.53329762800786,475.49007896836804,4178.994778111465,45.70389748642083,0.0,445.0285799683013,83.79671543377395,94.41883429157629,41.666666666666664,12.043218659639834,191700744.8961891,95824833.33333333,10.0,1.0,7.853981633974483,20.0,2.5,98.17477042468104,8847.63018035549,9.555652633508954,9.85894800101479,50.0,11.802354286447036,2302.786376953125,429.7173714067458,5.208333333333333,0.3663808780605136,161.98924870566307
535,0.022632,-0.0,1,44.96067949044444,0.0,0.0,0.0,0.0,0.0,162.98924870566307,0.0,118.02856921521862,2783.0541308085544,-0.0,0.0,0.0,18.867595940831198,0.0,297.1613630827269,0.0,0.0,9.85894800101479,50.0,0.0,0.0,0.0,0.0,0.0,0.0,0.0,5.208333333333333,0.3663808780605136,0.0,161.98924870566307,9080.0,150.0,0.0,0.0,9.85894800101479,1986.597715201681,487.53329762800786,475.49007896836804,4178.994778111465,45.70389748642083,0.0,445.0285799683013,83.79671543377395,94.41883429157629,41.666666666666664,12.043218659639834,191700744.8961891,95824833.33333333,10.0,1.0,7.853981633974483,20.0,2.5,98.17477042468104,8847.63018035549,9.555652633508954,9.85894800101479,50.0,11.802354286447036,2302.786376953125,429.7173714067458,5.208333333333333,0.3663808780605136,161.98924870566307
536,0.032351,-0.0,1,64.26842268448958,0.0,0.0,0.0,0.0,0.0,162.98924870566307,0.0,98.7208260211735,2679.137471838898,-0.0,0.0,0.0,18.867595940831198,0.0,287.2528726294457,0.0,0.0,9.85894800101479,50.0,0.0,0.0,0.0,0.0,0.0,0.0,0.0,5.208333333333333,0.3663808780605136,0.0,161.98924870566307,9080.0,150.0,0.0,0.0,9.85894800101479,1986.597715201681,487.53329762800786,475.49007896836804,4178.994778111465,45.70389748642083,0.0,445.0285799683013,83.79671543377395,94.41883429157629,41.666666666666664,12.043218659639834,191700744.8961891,95824833.33333333,10.0,1.0,7.853981633974483,20.0,2.5,98.17477042468104,8847.63018035549,9.555652633508954,9.85894800101479,50.0,11.802354286447036,2302.786376953125,429.7173714067458,5.208333333333333,0.3663808780605136,161.98924870566307
537,0.047083,1.0,1,93.53498022484075,0.0,487.53329762800786,9.555652633508954,76.44522106807163,86.00087370158059,1080.2399177404168,0.0,986.704937515576,1640.5006955067126,-0.0,0.0,0.0,18.867595940831198,0.0,289.18656188345074,8847.63018035549,9.555652633508954,9.85894800101479,50.0,11.802354286447036,2302.786376953125,11.802354286447036,83.79671543377395,83.79671543377395,0.0,0.0,5.208333333333333,0.3663808780605136,429.7173714067458,161.98924870566307,232.36981964450933,150.0,1.0,1.9434062854322462,0.0,1986.597715201681,487.53329762800786,475.49007896836804,4178.994778111465,45.70389748642083,0.0,445.0285799683013,83.79671543377395,94.41883429157629,41.666666666666664,12.043218659639834,191700744.8961891,95824833.33333333,10.0,1.0,7.853981633974483,20.0,2.5,98.17477042468104,8847.63018035549,9.555652633508954,9.85894800101479,50.0,11.802354286447036,2302.786376953125,429.7173714067458,5.208333333333333,0.3663808780605136,161.98924870566307
538,0.056977,-0.0,1,113.19037801904618,0.0,0.0,0.0,0.0,0.0,162.98924870566307,0.0,49.798870686616894,1588.0808316260634,-0.0,0.0,0.0,18.867595940831198,0.0,279.2780714301696,0.0,0.0,9.85894800101479,50.0,0.0,0.0,0.0,0.0,0.0,0.0,0.0,5.208333333333333,0.3663808780605136,0.0,161.98924870566307,9080.0,150.0,-0.0,0.0,9.85894800101479,1986.597715201681,487.53329762800786,475.49007896836804,4178.994778111465,45.70389748642083,0.0,445.0285799683013,83.79671543377395,94.41883429157629,41.666666666666664,12.043218659639834,191700744.8961891,95824833.33333333,10.0,1.0,7.853981633974483,20.0,2.5,98.17477042468104,8847.63018035549,9.555652633508954,9.85894800101479,50.0,11.802354286447036,2302.786376953125,429.7173714067458,5.208333333333333,0.3663808780605136,161.98924870566307
539,0.060792,-0.0,1,120.76924830254059,0.0,0.0,0.0,0.0,0.0,162.98924870566307,0.0,42.220000403122484,1543.638725938566,-0.0,0.0,0.0,18.867595940831198,0.0,269.36958097688836,0.0,0.0,9.85894800101479,50.0,0.0,0.0,0.0,0.0,0.0,0.0,0.0,5.208333333333333,0.3663808780605136,0.0,161.98924870566307,9080.0,150.0,-0.0,0.0,9.85894800101479,1986.597715201681,487.53329762800786,475.49007896836804,4178.994778111465,45.70389748642083,0.0,445.0285799683013,83.79671543377395,94.41883429157629,41.666666666666664,12.043218659639834,191700744.8961891,95824833.33333333,10.0,1.0,7.853981633974483,20.0,2.5,98.17477042468104,8847.63018035549,9.555652633508954,9.85894800101479,50.0,11.802354286447036,2302.786376953125,429.7173714067458,5.208333333333333,0.3663808780605136,161.98924870566307
540,0.069004,-0.0,1,137.0831887397768,0.0,0.0,0.0,0.0,0.0,162.98924870566307,0.0,25.90605996588627,1516.36918913237,-0.0,0.0,0.0,18.867595940831198,0.0,259.4610905236072,0.0,0.0,9.85894800101479,50.0,0.0,0.0,0.0,0.0,0.0,0.0,0.0,5.208333333333333,0.3663808780605136,0.0,161.98924870566307,9080.0,150.0,0.0,0.0,9.85894800101479,1986.597715201681,487.53329762800786,475.49007896836804,4178.994778111465,45.70389748642083,0.0,445.0285799683013,83.79671543377395,94.41883429157629,41.666666666666664,12.043218659639834,191700744.8961891,95824833.33333333,10.0,1.0,7.853981633974483,20.0,2.5,98.17477042468104,8847.63018035549,9.555652633508954,9.85894800101479,50.0,11.802354286447036,2302.786376953125,429.7173714067458,5.208333333333333,0.3663808780605136,161.98924870566307
541,0.113623,1.0,1,225.7231921943606,0.0,487.53329762800786,9.555652633508954,76.44522106807163,86.00087370158059,1080.2399177404168,0.0,854.516725546057,616.8778990838889,-0.0,0.0,0.0,18.867595940831198,0.0,261.39477977761226,8847.63018035549,9.555652633508954,9.85894800101479,50.0,11.802354286447036,2302.786376953125,11.802354286447036,83.79671543377395,83.79671543377395,0.0,0.0,5.208333333333333,0.3663808780605136,429.7173714067458,161.98924870566307,232.36981964450933,150.0,1.0,1.9434062854322462,0.0,1986.597715201681,487.53329762800786,475.49007896836804,4178.994778111465,45.70389748642083,0.0,445.0285799683013,83.79671543377395,94.41883429157629,41.666666666666664,12.043218659639834,191700744.8961891,95824833.33333333,10.0,1.0,7.853981633974483,20.0,2.5,98.17477042468104,8847.63018035549,9.555652633508954,9.85894800101479,50.0,11.802354286447036,2302.786376953125,429.7173714067458,5.208333333333333,0.3663808780605136,161.98924870566307
542,0.183742,-0.0,1,365.02143738658725,0.0,0.0,0.0,0.0,0.0,162.98924870566307,0.0,0.0,616.8778990838889,-0.0,0.0,0.0,18.867595940831198,0.0,251.48628932433107,0.0,0.0,9.85894800101479,50.0,0.0,0.0,0.0,0.0,0.0,0.0,0.0,5.208333333333333,0.3663808780605136,0.0,161.98924870566307,9080.0,150.0,-0.0,0.0,9.85894800101479,1986.597715201681,487.53329762800786,475.49007896836804,4178.994778111465,45.70389748642083,0.0,445.0285799683013,83.79671543377395,94.41883429157629,41.666666666666664,12.043218659639834,191700744.8961891,95824833.33333333,10.0,1.0,7.853981633974483,20.0,2.5,98.17477042468104,8847.63018035549,9.555652633508954,9.85894800101479,50.0,11.802354286447036,2302.786376953125,429.7173714067458,5.208333333333333,0.3663808780605136,161.98924870566307
543,0.238287,-0.0,1,473.38040976226296,0.0,298.68279547401835,5.85418279129076,46.83346233032608,52.68764512161684,473.3804097622629,0.0,0.0,616.8778990838889,1.0,5.85418279129076,0.0,24.604695076296142,0.0,241.57779887104985,0.0,0.0,9.85894800101479,50.0,0.0,0.0,0.0,0.0,0.0,0.0,0.0,5.208333333333333,0.3663808780605136,0.0,161.98924870566307,9080.0,150.0,-0.0,0.0,9.85894800101479,1986.597715201681,487.53329762800786,475.49007896836804,4178.994778111465,45.70389748642083,0.0,445.0285799683013,83.79671543377395,94.41883429157629,41.666666666666664,12.043218659639834,191700744.8961891,95824833.33333333,10.0,1.0,7.853981633974483,20.0,2.5,98.17477042468104,8847.63018035549,9.555652633508954,9.85894800101479,50.0,11.802354286447036,2302.786376953125,429.7173714067458,5.208333333333333,0.3663808780605136,161.98924870566307
544,0.25694,-0.0,1,510.43641694391994,0.0,334.34100099909244,6.553083619582211,52.42466895665769,58.9777525762399,510.43641694391994,0.0,0.0,616.8778990838889,1.0,6.553083619582211,0.0,31.02671702348671,0.0,231.66930841776866,0.0,0.0,9.85894800101479,50.0,0.0,0.0,0.0,0.0,0.0,0.0,0.0,5.208333333333333,0.3663808780605136,0.0,161.98924870566307,9080.0,150.0,-0.0,0.0,9.85894800101479,1986.597715201681,487.53329762800786,475.49007896836804,4178.994778111465,45.70389748642083,0.0,445.0285799683013,83.79671543377395,94.41883429157629,41.666666666666664,12.043218659639834,191700744.8961891,95824833.33333333,10.0,1.0,7.853981633974483,20.0,2.5,98.17477042468104,8847.63018035549,9.555652633508954,9.85894800101479,50.0,11.802354286447036,2302.786376953125,429.7173714067458,5.208333333333333,0.3663808780605136,161.98924870566307
545,0.259056,-0.0,1,514.6400577092867,0.0,338.38607486876793,6.632367067427851,53.05893653942281,59.69130360685066,514.6400577092868,0.0,0.0,616.8778990838889,1.0,6.632367067427851,0.0,37.526436749566,0.0,221.76081796448747,0.0,0.0,9.85894800101479,50.0,0.0,0.0,0.0,0.0,0.0,0.0,0.0,5.208333333333333,0.3663808780605136,0.0,161.98924870566307,9080.0,150.0,-0.0,0.0,9.85894800101479,1986.597715201681,487.53329762800786,475.49007896836804,4178.994778111465,45.70389748642083,0.0,445.0285799683013,83.79671543377395,94.41883429157629,41.666666666666664,12.043218659639834,191700744.8961891,95824833.33333333,10.0,1.0,7.853981633974483,20.0,2.5,98.17477042468104,8847.63018035549,9.555652633508954,9.85894800101479,50.0,11.802354286447036,2302.786376953125,429.7173714067458,5.208333333333333,0.3663808780605136,161.98924870566307
546,0.24877,1.0,1,494.2059136107222,0.0,487.53329762800786,9.555652633508954,76.44522106807163,86.00087370158059,1080.2399177404168,0.0,586.0340041296945,0.0,-0.0,0.0,0.0,37.526436749566,0.0,223.69450721849256,8847.63018035549,9.555652633508954,9.85894800101479,50.0,11.802354286447036,2302.786376953125,11.802354286447036,83.79671543377395,83.79671543377395,0.0,0.0,5.208333333333333,0.3663808780605136,429.7173714067458,161.98924870566307,232.36981964450933,150.0,1.0,1.9434062854322462,0.0,1986.597715201681,487.53329762800786,475.49007896836804,4178.994778111465,45.70389748642083,0.0,445.0285799683013,83.79671543377395,94.41883429157629,41.666666666666664,12.043218659639834,191700744.8961891,95824833.33333333,10.0,1.0,7.853981633974483,20.0,2.5,98.17477042468104,8847.63018035549,9.555652633508954,9.85894800101479,50.0,11.802354286447036,2302.786376953125,429.7173714067458,5.208333333333333,0.3663808780605136,161.98924870566307
547,0.1993019999999999,-0.0,1,395.93289783512523,0.0,0.0,0.0,0.0,0.0,395.93289783512523,232.9436491294622,0.0,221.29646667298906,-0.0,0.0,0.0,37.526436749566,0.0,213.78601676521137,0.0,0.0,9.85894800101479,50.0,0.0,0.0,0.0,0.0,0.0,0.0,0.0,5.208333333333333,0.3663808780605136,0.0,161.98924870566307,9080.0,150.0,-0.0,0.0,9.85894800101479,1986.597715201681,487.53329762800786,475.49007896836804,4178.994778111465,45.70389748642083,0.0,445.0285799683013,83.79671543377395,94.41883429157629,41.666666666666664,12.043218659639834,191700744.8961891,95824833.33333333,10.0,1.0,7.853981633974483,20.0,2.5,98.17477042468104,8847.63018035549,9.555652633508954,9.85894800101479,50.0,11.802354286447036,2302.786376953125,429.7173714067458,5.208333333333333,0.3663808780605136,161.98924870566307
548,0.127597,-0.0,1,253.48390866658886,0.0,87.08108156363144,1.7067891986471762,13.65431358917741,15.361102787824585,253.48390866658886,0.0,0.0,221.29646667298906,1.0,1.7067891986471762,0.0,39.19909016424023,0.0,203.87752631193018,0.0,0.0,9.85894800101479,50.0,0.0,0.0,0.0,0.0,0.0,0.0,0.0,5.208333333333333,0.3663808780605136,0.0,161.98924870566307,9080.0,150.0,-0.0,0.0,9.85894800101479,1986.597715201681,487.53329762800786,475.49007896836804,4178.994778111465,45.70389748642083,0.0,445.0285799683013,83.79671543377395,94.41883429157629,41.666666666666664,12.043218659639834,191700744.8961891,95824833.33333333,10.0,1.0,7.853981633974483,20.0,2.5,98.17477042468104,8847.63018035549,9.555652633508954,9.85894800101479,50.0,11.802354286447036,2302.786376953125,429.7173714067458,5.208333333333333,0.3663808780605136,161.98924870566307
549,0.089842,-0.0,1,178.47991192914944,0.0,14.906334895579642,0.292164163953361,2.337313311626888,2.6294774755802486,178.47991192914944,0.0,0.0,221.29646667298906,1.0,0.292164163953361,0.0,39.48541104491453,0.0,193.969035858649,0.0,0.0,9.85894800101479,50.0,0.0,0.0,0.0,0.0,0.0,0.0,0.0,5.208333333333333,0.3663808780605136,0.0,161.98924870566307,9080.0,150.0,-0.0,0.0,9.85894800101479,1986.597715201681,487.53329762800786,475.49007896836804,4178.994778111465,45.70389748642083,0.0,445.0285799683013,83.79671543377395,94.41883429157629,41.666666666666664,12.043218659639834,191700744.8961891,95824833.33333333,10.0,1.0,7.853981633974483,20.0,2.5,98.17477042468104,8847.63018035549,9.555652633508954,9.85894800101479,50.0,11.802354286447036,2302.786376953125,429.7173714067458,5.208333333333333,0.3663808780605136,161.98924870566307
550,0.111825,-0.0,1,222.15128950242797,0.0,0.0,0.0,0.0,0.0,162.98924870566307,0.0,0.0,221.29646667298906,-0.0,0.0,0.0,39.48541104491453,0.0,184.0605454053678,0.0,0.0,9.85894800101479,50.0,0.0,0.0,0.0,0.0,0.0,0.0,0.0,5.208333333333333,0.3663808780605136,0.0,161.98924870566307,9080.0,150.0,-0.0,0.0,9.85894800101479,1986.597715201681,487.53329762800786,475.49007896836804,4178.994778111465,45.70389748642083,0.0,445.0285799683013,83.79671543377395,94.41883429157629,41.666666666666664,12.043218659639834,191700744.8961891,95824833.33333333,10.0,1.0,7.853981633974483,20.0,2.5,98.17477042468104,8847.63018035549,9.555652633508954,9.85894800101479,50.0,11.802354286447036,2302.786376953125,429.7173714067458,5.208333333333333,0.3663808780605136,161.98924870566307
551,0.145572,-0.0,1,289.1930025973391,0.0,323.7446085748804,6.3453943280676555,50.763154624541244,57.1085489526089,499.42464593667876,0.0,210.23164333933963,0.0,1.0,6.345394328067655,0.0,45.70389748642083,0.0,174.15205495208662,0.0,0.0,9.85894800101479,50.0,0.0,0.0,0.0,0.0,0.0,0.0,0.0,5.208333333333333,0.3663808780605136,0.0,161.98924870566307,9080.0,150.0,-0.0,0.0,9.85894800101479,1986.597715201681,487.53329762800786,475.49007896836804,4178.994778111465,45.70389748642083,0.0,445.0285799683013,83.79671543377395,94.41883429157629,41.666666666666664,12.043218659639834,191700744.8961891,95824833.33333333,10.0,1.0,7.853981633974483,20.0,2.5,98.17477042468104,8847.63018035549,9.555652633508954,9.85894800101479,50.0,11.802354286447036,2302.786376953125,429.7173714067458,5.208333333333333,0.3663808780605136,161.98924870566307
552,0.558695,1.0,1,1109.9022104946032,0.0,487.53329762800786,9.555652633508954,76.44522106807163,86.00087370158059,1080.2399177404168,0.0,0.0,0.0,1.0,0.0,0.0,45.70389748642083,0.0,176.08574420609168,8847.63018035549,9.555652633508954,9.85894800101479,50.0,11.802354286447036,2302.786376953125,11.802354286447036,83.79671543377395,83.79671543377395,0.0,0.0,5.208333333333333,0.3663808780605136,429.7173714067458,161.98924870566307,232.36981964450933,150.0,1.0,1.9434062854322462,0.0,1986.597715201681,487.53329762800786,475.49007896836804,4178.994778111465,45.70389748642083,0.0,445.0285799683013,83.79671543377395,94.41883429157629,41.666666666666664,12.043218659639834,191700744.8961891,95824833.33333333,10.0,1.0,7.853981633974483,20.0,2.5,98.17477042468104,8847.63018035549,9.555652633508954,9.85894800101479,50.0,11.802354286447036,2302.786376953125,429.7173714067458,5.208333333333333,0.3663808780605136,161.98924870566307
553,0.585349,1.0,1,1162.8529859955888,0.0,487.53329762800786,9.555652633508954,76.44522106807163,86.00087370158059,1080.2399177404168,0.0,0.0,0.0,1.0,0.0,0.0,45.70389748642083,0.0,178.01943346009676,8847.63018035549,9.555652633508954,9.85894800101479,50.0,11.802354286447036,2302.786376953125,11.802354286447036,83.79671543377395,83.79671543377395,0.0,0.0,5.208333333333333,0.3663808780605136,429.7173714067458,161.98924870566307,232.36981964450933,150.0,1.0,1.9434062854322462,0.0,1986.597715201681,487.53329762800786,475.49007896836804,4178.994778111465,45.70389748642083,0.0,445.0285799683013,83.79671543377395,94.41883429157629,41.666666666666664,12.043218659639834,191700744.8961891,95824833.33333333,10.0,1.0,7.853981633974483,20.0,2.5,98.17477042468104,8847.63018035549,9.555652633508954,9.85894800101479,50.0,11.802354286447036,2302.786376953125,429.7173714067458,5.208333333333333,0.3663808780605136,161.98924870566307
554,0.5908640000000001,1.0,1,1173.8090723949263,0.0,487.53329762800786,9.555652633508954,76.44522106807163,86.00087370158059,1164.0366331741907,0.0,0.0,0.0,1.0,0.0,0.0,45.70389748642083,0.0,179.95312271410185,8847.63018035549,9.555652633508954,9.85894800101479,50.0,11.802354286447036,2302.786376953125,11.802354286447036,83.79671543377395,0.0,83.79671543377395,83.79671543377395,5.208333333333333,0.3663808780605136,429.7173714067458,161.98924870566307,232.36981964450933,150.0,1.0,1.9434062854322462,0.0,1986.597715201681,487.53329762800786,475.49007896836804,4178.994778111465,45.70389748642083,0.0,445.0285799683013,83.79671543377395,94.41883429157629,41.666666666666664,12.043218659639834,191700744.8961891,95824833.33333333,10.0,1.0,7.853981633974483,20.0,2.5,98.17477042468104,8847.63018035549,9.555652633508954,9.85894800101479,50.0,11.802354286447036,2302.786376953125,429.7173714067458,5.208333333333333,0.3663808780605136,161.98924870566307
555,0.604102,1.0,1,1200.107652948766,0.0,487.53329762800786,9.555652633508954,76.44522106807163,86.00087370158059,1080.2399177404168,0.0,0.0,0.0,0.0,0.0,0.0,45.70389748642083,0.0,181.88681196810694,8847.63018035549,9.555652633508954,9.85894800101479,50.0,11.802354286447036,2302.786376953125,11.802354286447036,83.79671543377395,83.79671543377395,0.0,0.0,5.208333333333333,0.3663808780605136,429.7173714067458,161.98924870566307,232.36981964450933,150.0,1.0,1.9434062854322462,0.0,1986.597715201681,487.53329762800786,475.49007896836804,4178.994778111465,45.70389748642083,0.0,445.0285799683013,83.79671543377395,94.41883429157629,41.666666666666664,12.043218659639834,191700744.8961891,95824833.33333333,10.0,1.0,7.853981633974483,20.0,2.5,98.17477042468104,8847.63018035549,9.555652633508954,9.85894800101479,50.0,11.802354286447036,2302.786376953125,429.7173714067458,5.208333333333333,0.3663808780605136,161.98924870566307
556,0.643365,1.0,1,1278.1074390407293,0.0,487.53329762800786,9.555652633508954,76.44522106807163,86.00087370158059,1080.2399177404168,0.0,0.0,0.0,-0.0,0.0,0.0,45.70389748642083,0.0,183.8205012221123,8847.63018035549,9.555652633508954,9.85894800101479,50.0,11.802354286447036,2302.786376953125,11.802354286447036,83.79671543377395,83.79671543377395,0.0,0.0,5.208333333333333,0.3663808780605136,429.7173714067458,161.98924870566307,232.36981964450933,150.0,1.0,1.9434062854322462,0.0,1986.597715201681,487.53329762800786,475.49007896836804,4178.994778111465,45.70389748642083,0.0,445.0285799683013,83.79671543377395,94.41883429157629,41.666666666666664,12.043218659639834,191700744.8961891,95824833.33333333,10.0,1.0,7.853981633974483,20.0,2.5,98.17477042468104,8847.63018035549,9.555652633508954,9.85894800101479,50.0,11.802354286447036,2302.786376953125,429.7173714067458,5.208333333333333,0.3663808780605136,161.98924870566307
557,0.69888,1.0,1,1388.3934112001507,0.0,487.53329762800786,9.555652633508954,76.44522106807163,86.00087370158059,1388.3934112001507,308.15349345973397,0.0,292.74581878674724,-0.0,0.0,0.0,45.70389748642083,0.0,185.7541904761174,8847.63018035549,9.555652633508954,9.85894800101479,50.0,11.802354286447036,2302.786376953125,11.802354286447036,83.79671543377395,83.79671543377395,0.0,0.0,5.208333333333333,0.3663808780605136,429.7173714067458,161.98924870566307,232.36981964450933,150.0,1.0,1.9434062854322462,0.0,1986.597715201681,487.53329762800786,475.49007896836804,4178.994778111465,45.70389748642083,0.0,445.0285799683013,83.79671543377395,94.41883429157629,41.666666666666664,12.043218659639834,191700744.8961891,95824833.33333333,10.0,1.0,7.853981633974483,20.0,2.5,98.17477042468104,8847.63018035549,9.555652633508954,9.85894800101479,50.0,11.802354286447036,2302.786376953125,429.7173714067458,5.208333333333333,0.3663808780605136,161.98924870566307
558,0.754415,1.0,1,1498.719115313876,0.0,487.53329762800786,9.555652633508954,76.44522106807163,86.00087370158059,1080.2399177404168,0.0,0.0,292.74581878674724,-0.0,0.0,0.0,45.70389748642083,0.0,187.6878797301225,8847.63018035549,9.555652633508954,9.85894800101479,50.0,11.802354286447036,2302.786376953125,11.802354286447036,83.79671543377395,83.79671543377395,0.0,0.0,5.208333333333333,0.3663808780605136,429.7173714067458,161.98924870566307,232.36981964450933,150.0,1.0,1.9434062854322462,0.0,1986.597715201681,487.53329762800786,475.49007896836804,4178.994778111465,45.70389748642083,0.0,445.0285799683013,83.79671543377395,94.41883429157629,41.666666666666664,12.043218659639834,191700744.8961891,95824833.33333333,10.0,1.0,7.853981633974483,20.0,2.5,98.17477042468104,8847.63018035549,9.555652633508954,9.85894800101479,50.0,11.802354286447036,2302.786376953125,429.7173714067458,5.208333333333333,0.3663808780605136,161.98924870566307
559,0.794708,1.0,1,1578.7650970524974,0.0,487.53329762800786,9.555652633508954,76.44522106807163,86.00087370158059,1080.2399177404168,0.0,0.0,292.74581878674724,1.0,0.0,0.0,45.70389748642083,0.0,189.62156898412758,8847.63018035549,9.555652633508954,9.85894800101479,50.0,11.802354286447036,2302.786376953125,11.802354286447036,83.79671543377395,83.79671543377395,0.0,0.0,5.208333333333333,0.3663808780605136,429.7173714067458,161.98924870566307,232.36981964450933,150.0,1.0,1.9434062854322462,0.0,1986.597715201681,487.53329762800786,475.49007896836804,4178.994778111465,45.70389748642083,0.0,445.0285799683013,83.79671543377395,94.41883429157629,41.666666666666664,12.043218659639834,191700744.8961891,95824833.33333333,10.0,1.0,7.853981633974483,20.0,2.5,98.17477042468104,8847.63018035549,9.555652633508954,9.85894800101479,50.0,11.802354286447036,2302.786376953125,429.7173714067458,5.208333333333333,0.3663808780605136,161.98924870566307
560,0.81003,1.0,1,1609.2037472448178,0.0,487.53329762800786,9.555652633508954,76.44522106807163,86.00087370158059,1609.2037472448178,528.9638295044011,0.0,795.2614568159283,1.0,0.0,0.0,45.70389748642083,0.0,191.55525823813258,8847.63018035549,9.555652633508954,9.85894800101479,50.0,11.802354286447036,2302.786376953125,11.802354286447036,83.79671543377395,83.79671543377395,0.0,0.0,5.208333333333333,0.3663808780605136,429.7173714067458,161.98924870566307,232.36981964450933,150.0,1.0,1.9434062854322462,0.0,1986.597715201681,487.53329762800786,475.49007896836804,4178.994778111465,45.70389748642083,0.0,445.0285799683013,83.79671543377395,94.41883429157629,41.666666666666664,12.043218659639834,191700744.8961891,95824833.33333333,10.0,1.0,7.853981633974483,20.0,2.5,98.17477042468104,8847.63018035549,9.555652633508954,9.85894800101479,50.0,11.802354286447036,2302.786376953125,429.7173714067458,5.208333333333333,0.3663808780605136,161.98924870566307
561,0.8028609999999999,1.0,1,1594.9618282245367,0.0,487.53329762800786,9.555652633508954,76.44522106807163,86.00087370158059,1080.2399177404168,0.0,0.0,795.2614568159283,-0.0,0.0,0.0,45.70389748642083,0.0,193.48894749213767,8847.63018035549,9.555652633508954,9.85894800101479,50.0,11.802354286447036,2302.786376953125,11.802354286447036,83.79671543377395,83.79671543377395,0.0,0.0,5.208333333333333,0.3663808780605136,429.7173714067458,161.98924870566307,232.36981964450933,150.0,1.0,1.9434062854322462,0.0,1986.597715201681,487.53329762800786,475.49007896836804,4178.994778111465,45.70389748642083,0.0,445.0285799683013,83.79671543377395,94.41883429157629,41.666666666666664,12.043218659639834,191700744.8961891,95824833.33333333,10.0,1.0,7.853981633974483,20.0,2.5,98.17477042468104,8847.63018035549,9.555652633508954,9.85894800101479,50.0,11.802354286447036,2302.786376953125,429.7173714067458,5.208333333333333,0.3663808780605136,161.98924870566307
562,0.790888,1.0,1,1571.1762937804272,0.0,487.53329762800786,9.555652633508954,76.44522106807163,86.00087370158059,1080.2399177404168,0.0,0.0,795.2614568159283,0.0,0.0,0.0,45.70389748642083,0.0,195.42263674614276,8847.63018035549,9.555652633508954,9.85894800101479,50.0,11.802354286447036,2302.786376953125,11.802354286447036,83.79671543377395,83.79671543377395,0.0,0.0,5.208333333333333,0.3663808780605136,429.7173714067458,161.98924870566307,232.36981964450933,150.0,1.0,1.9434062854322462,0.0,1986.597715201681,487.53329762800786,475.49007896836804,4178.994778111465,45.70389748642083,0.0,445.0285799683013,83.79671543377395,94.41883429157629,41.666666666666664,12.043218659639834,191700744.8961891,95824833.33333333,10.0,1.0,7.853981633974483,20.0,2.5,98.17477042468104,8847.63018035549,9.555652633508954,9.85894800101479,50.0,11.802354286447036,2302.786376953125,429.7173714067458,5.208333333333333,0.3663808780605136,161.98924870566307
563,0.790203,1.0,1,1569.8154743455138,0.0,487.53329762800786,9.555652633508954,76.44522106807163,86.00087370158059,1569.8154743455138,489.5755566050972,0.0,1260.3582355907706,0.0,0.0,0.0,45.70389748642083,0.0,197.35632600014785,8847.63018035549,9.555652633508954,9.85894800101479,50.0,11.802354286447036,2302.786376953125,11.802354286447036,83.79671543377395,83.79671543377395,0.0,0.0,5.208333333333333,0.3663808780605136,429.7173714067458,161.98924870566307,232.36981964450933,150.0,1.0,1.9434062854322462,0.0,1986.597715201681,487.53329762800786,475.49007896836804,4178.994778111465,45.70389748642083,0.0,445.0285799683013,83.79671543377395,94.41883429157629,41.666666666666664,12.043218659639834,191700744.8961891,95824833.33333333,10.0,1.0,7.853981633974483,20.0,2.5,98.17477042468104,8847.63018035549,9.555652633508954,9.85894800101479,50.0,11.802354286447036,2302.786376953125,429.7173714067458,5.208333333333333,0.3663808780605136,161.98924870566307
564,0.8005800000000001,1.0,1,1590.4303988361619,0.0,487.53329762800786,9.555652633508954,76.44522106807163,86.00087370158059,1590.430398836162,510.1904810957452,0.0,1745.0391926317286,0.0,0.0,0.0,45.70389748642083,0.0,199.29001525415282,8847.63018035549,9.555652633508954,9.85894800101479,50.0,11.802354286447036,2302.786376953125,11.802354286447036,83.79671543377395,83.79671543377395,0.0,0.0,5.208333333333333,0.3663808780605136,429.7173714067458,161.98924870566307,232.36981964450933,150.0,1.0,1.9434062854322462,0.0,1986.597715201681,487.53329762800786,475.49007896836804,4178.994778111465,45.70389748642083,0.0,445.0285799683013,83.79671543377395,94.41883429157629,41.666666666666664,12.043218659639834,191700744.8961891,95824833.33333333,10.0,1.0,7.853981633974483,20.0,2.5,98.17477042468104,8847.63018035549,9.555652633508954,9.85894800101479,50.0,11.802354286447036,2302.786376953125,429.7173714067458,5.208333333333333,0.3663808780605136,161.98924870566307
565,0.813492,1.0,1,1616.0813485348458,0.0,487.53329762800786,9.555652633508954,76.44522106807163,86.00087370158059,1080.2399177404168,0.0,0.0,1745.0391926317286,-0.0,0.0,0.0,45.70389748642083,0.0,201.2237045081579,8847.63018035549,9.555652633508954,9.85894800101479,50.0,11.802354286447036,2302.786376953125,11.802354286447036,83.79671543377395,83.79671543377395,0.0,0.0,5.208333333333333,0.3663808780605136,429.7173714067458,161.98924870566307,232.36981964450933,150.0,1.0,1.9434062854322462,0.0,1986.597715201681,487.53329762800786,475.49007896836804,4178.994778111465,45.70389748642083,0.0,445.0285799683013,83.79671543377395,94.41883429157629,41.666666666666664,12.043218659639834,191700744.8961891,95824833.33333333,10.0,1.0,7.853981633974483,20.0,2.5,98.17477042468104,8847.63018035549,9.555652633508954,9.85894800101479,50.0,11.802354286447036,2302.786376953125,429.7173714067458,5.208333333333333,0.3663808780605136,161.98924870566307
566,0.8218880000000001,1.0,1,1632.7608229516793,0.0,487.53329762800786,9.555652633508954,76.44522106807163,86.00087370158059,1632.7608229516795,552.5209052112626,0.0,2269.934052582428,1.0,0.0,0.0,45.70389748642083,0.0,203.157393762163,8847.63018035549,9.555652633508954,9.85894800101479,50.0,11.802354286447036,2302.786376953125,11.802354286447036,83.79671543377395,83.79671543377395,0.0,0.0,5.208333333333333,0.3663808780605136,429.7173714067458,161.98924870566307,232.36981964450933,150.0,1.0,1.9434062854322462,0.0,1986.597715201681,487.53329762800786,475.49007896836804,4178.994778111465,45.70389748642083,0.0,445.0285799683013,83.79671543377395,94.41883429157629,41.666666666666664,12.043218659639834,191700744.8961891,95824833.33333333,10.0,1.0,7.853981633974483,20.0,2.5,98.17477042468104,8847.63018035549,9.555652633508954,9.85894800101479,50.0,11.802354286447036,2302.786376953125,429.7173714067458,5.208333333333333,0.3663808780605136,161.98924870566307
567,0.835076,1.0,1,1658.960073619759,0.0,487.53329762800786,9.555652633508954,76.44522106807163,86.00087370158059,1658.960073619759,578.7201558793423,0.0,2819.718200667803,1.0,0.0,0.0,45.70389748642083,0.0,205.09108301616808,8847.63018035549,9.555652633508954,9.85894800101479,50.0,11.802354286447036,2302.786376953125,11.802354286447036,83.79671543377395,83.79671543377395,0.0,0.0,5.208333333333333,0.3663808780605136,429.7173714067458,161.98924870566307,232.36981964450933,150.0,1.0,1.9434062854322462,0.0,1986.597715201681,487.53329762800786,475.49007896836804,4178.994778111465,45.70389748642083,0.0,445.0285799683013,83.79671543377395,94.41883429157629,41.666666666666664,12.043218659639834,191700744.8961891,95824833.33333333,10.0,1.0,7.853981633974483,20.0,2.5,98.17477042468104,8847.63018035549,9.555652633508954,9.85894800101479,50.0,11.802354286447036,2302.786376953125,429.7173714067458,5.208333333333333,0.3663808780605136,161.98924870566307
568,0.8409589999999999,1.0,1,1670.6472279782902,0.0,487.53329762800786,9.555652633508954,76.44522106807163,86.00087370158059,1395.3693801028232,315.12946236240646,0.0,3119.0911899120892,1.0,0.0,0.0,45.70389748642083,0.0,207.02477227017317,8847.63018035549,9.555652633508954,9.85894800101479,50.0,11.802354286447036,2302.786376953125,11.802354286447036,83.79671543377395,83.79671543377395,0.0,0.0,5.208333333333333,0.3663808780605136,429.7173714067458,161.98924870566307,232.36981964450933,150.0,1.0,1.9434062854322462,0.0,1986.597715201681,487.53329762800786,475.49007896836804,4178.994778111465,45.70389748642083,0.0,445.0285799683013,83.79671543377395,94.41883429157629,41.666666666666664,12.043218659639834,191700744.8961891,95824833.33333333,10.0,1.0,7.853981633974483,20.0,2.5,98.17477042468104,8847.63018035549,9.555652633508954,9.85894800101479,50.0,11.802354286447036,2302.786376953125,429.7173714067458,5.208333333333333,0.3663808780605136,161.98924870566307
569,0.8337089999999999,1.0,1,1656.2443945430782,0.0,487.53329762800786,9.555652633508954,76.44522106807163,86.00087370158059,1080.2399177404168,0.0,0.0,3119.0911899120892,-0.0,0.0,0.0,45.70389748642083,0.0,208.95846152417826,8847.63018035549,9.555652633508954,9.85894800101479,50.0,11.802354286447036,2302.786376953125,11.802354286447036,83.79671543377395,83.79671543377395,0.0,0.0,5.208333333333333,0.3663808780605136,429.7173714067458,161.98924870566307,232.36981964450933,150.0,1.0,1.9434062854322462,0.0,1986.597715201681,487.53329762800786,475.49007896836804,4178.994778111465,45.70389748642083,0.0,445.0285799683013,83.79671543377395,94.41883429157629,41.666666666666664,12.043218659639834,191700744.8961891,95824833.33333333,10.0,1.0,7.853981633974483,20.0,2.5,98.17477042468104,8847.63018035549,9.555652633508954,9.85894800101479,50.0,11.802354286447036,2302.786376953125,429.7173714067458,5.208333333333333,0.3663808780605136,161.98924870566307
570,0.828643,1.0,1,1646.1802905178665,0.0,487.53329762800786,9.555652633508954,76.44522106807163,86.00087370158059,1646.1802905178665,565.9403727774499,0.0,3656.7345440506665,0.0,0.0,0.0,45.70389748642083,0.0,210.89215077818335,8847.63018035549,9.555652633508954,9.85894800101479,50.0,11.802354286447036,2302.786376953125,11.802354286447036,83.79671543377395,83.79671543377395,0.0,0.0,5.208333333333333,0.3663808780605136,429.7173714067458,161.98924870566307,232.36981964450933,150.0,1.0,1.9434062854322462,0.0,1986.597715201681,487.53329762800786,475.49007896836804,4178.994778111465,45.70389748642083,0.0,445.0285799683013,83.79671543377395,94.41883429157629,41.666666666666664,12.043218659639834,191700744.8961891,95824833.33333333,10.0,1.0,7.853981633974483,20.0,2.5,98.17477042468104,8847.63018035549,9.555652633508954,9.85894800101479,50.0,11.802354286447036,2302.786376953125,429.7173714067458,5.208333333333333,0.3663808780605136,161.98924870566307
571,0.820492,1.0,1,1629.9875325412577,0.0,487.53329762800786,9.555652633508954,76.44522106807163,86.00087370158059,1629.9875325412577,549.7476148008409,0.0,4178.994778111465,-0.0,0.0,0.0,45.70389748642083,0.0,212.82584003218844,8847.63018035549,9.555652633508954,9.85894800101479,50.0,11.802354286447036,2302.786376953125,11.802354286447036,83.79671543377395,83.79671543377395,0.0,0.0,5.208333333333333,0.3663808780605136,429.7173714067458,161.98924870566307,232.36981964450933,150.0,1.0,1.9434062854322462,0.0,1986.597715201681,487.53329762800786,475.49007896836804,4178.994778111465,45.70389748642083,0.0,445.0285799683013,83.79671543377395,94.41883429157629,41.666666666666664,12.043218659639834,191700744.8961891,95824833.33333333,10.0,1.0,7.853981633974483,20.0,2.5,98.17477042468104,8847.63018035549,9.555652633508954,9.85894800101479,50.0,11.802354286447036,2302.786376953125,429.7173714067458,5.208333333333333,0.3663808780605136,161.98924870566307
572,0.796411,1.0,1,1582.1482729614859,0.0,487.53329762800786,9.555652633508954,76.44522106807163,86.00087370158059,1080.2399177404168,0.0,0.0,4178.994778111465,0.0,0.0,0.0,45.70389748642083,0.0,214.75952928619344,8847.63018035549,9.555652633508954,9.85894800101479,50.0,11.802354286447036,2302.786376953125,11.802354286447036,83.79671543377395,83.79671543377395,0.0,0.0,5.208333333333333,0.3663808780605136,429.7173714067458,161.98924870566307,232.36981964450933,150.0,1.0,1.9434062854322462,0.0,1986.597715201681,487.53329762800786,475.49007896836804,4178.994778111465,45.70389748642083,0.0,445.0285799683013,83.79671543377395,94.41883429157629,41.666666666666664,12.043218659639834,191700744.8961891,95824833.33333333,10.0,1.0,7.853981633974483,20.0,2.5,98.17477042468104,8847.63018035549,9.555652633508954,9.85894800101479,50.0,11.802354286447036,2302.786376953125,429.7173714067458,5.208333333333333,0.3663808780605136,161.98924870566307
573,0.761084,1.0,1,1511.967735476556,0.0,487.53329762800786,9.555652633508954,76.44522106807163,86.00087370158059,1080.2399177404168,0.0,0.0,4178.994778111465,0.0,0.0,0.0,45.70389748642083,0.0,216.69321854019853,8847.63018035549,9.555652633508954,9.85894800101479,50.0,11.802354286447036,2302.786376953125,11.802354286447036,83.79671543377395,83.79671543377395,0.0,0.0,5.208333333333333,0.3663808780605136,429.7173714067458,161.98924870566307,232.36981964450933,150.0,1.0,1.9434062854322462,0.0,1986.597715201681,487.53329762800786,475.49007896836804,4178.994778111465,45.70389748642083,0.0,445.0285799683013,83.79671543377395,94.41883429157629,41.666666666666664,12.043218659639834,191700744.8961891,95824833.33333333,10.0,1.0,7.853981633974483,20.0,2.5,98.17477042468104,8847.63018035549,9.555652633508954,9.85894800101479,50.0,11.802354286447036,2302.786376953125,429.7173714067458,5.208333333333333,0.3663808780605136,161.98924870566307
574,0.727606,1.0,1,1445.4604171670342,0.0,487.53329762800786,9.555652633508954,76.44522106807163,86.00087370158059,1080.2399177404168,0.0,0.0,4178.994778111465,-0.0,0.0,0.0,45.70389748642083,0.0,218.6269077942036,8847.63018035549,9.555652633508954,9.85894800101479,50.0,11.802354286447036,2302.786376953125,11.802354286447036,83.79671543377395,83.79671543377395,0.0,0.0,5.208333333333333,0.3663808780605136,429.7173714067458,161.98924870566307,232.36981964450933,150.0,1.0,1.9434062854322462,0.0,1986.597715201681,487.53329762800786,475.49007896836804,4178.994778111465,45.70389748642083,0.0,445.0285799683013,83.79671543377395,94.41883429157629,41.666666666666664,12.043218659639834,191700744.8961891,95824833.33333333,10.0,1.0,7.853981633974483,20.0,2.5,98.17477042468104,8847.63018035549,9.555652633508954,9.85894800101479,50.0,11.802354286447036,2302.786376953125,429.7173714067458,5.208333333333333,0.3663808780605136,161.98924870566307
575,0.6943189999999999,1.0,1,1379.3325390211157,0.0,487.53329762800786,9.555652633508954,76.44522106807163,86.00087370158059,1080.2399177404168,0.0,0.0,4178.994778111465,1.0,0.0,0.0,45.70389748642083,0.0,220.56059704820865,8847.63018035549,9.555652633508954,9.85894800101479,50.0,11.802354286447036,2302.786376953125,11.802354286447036,83.79671543377395,83.79671543377395,0.0,0.0,5.208333333333333,0.3663808780605136,429.7173714067458,161.98924870566307,232.36981964450933,150.0,1.0,1.9434062854322462,0.0,1986.597715201681,487.53329762800786,475.49007896836804,4178.994778111465,45.70389748642083,0.0,445.0285799683013,83.79671543377395,94.41883429157629,41.666666666666664,12.043218659639834,191700744.8961891,95824833.33333333,10.0,1.0,7.853981633974483,20.0,2.5,98.17477042468104,8847.63018035549,9.555652633508954,9.85894800101479,50.0,11.802354286447036,2302.786376953125,429.7173714067458,5.208333333333333,0.3663808780605136,161.98924870566307
576,0.1980209999999999,1.0,1,393.3880661619519,0.0,487.53329762800786,9.555652633508954,76.44522106807163,86.00087370158059,1080.2399177404168,0.0,686.8518515784643,3455.992829081503,1.0,0.0,0.0,45.70389748642083,0.0,222.4942863022137,8847.63018035549,9.555652633508954,9.85894800101479,50.0,11.802354286447036,2302.786376953125,11.802354286447036,83.79671543377395,83.79671543377395,0.0,0.0,5.208333333333333,0.3663808780605136,429.7173714067458,161.98924870566307,232.36981964450933,150.0,1.0,1.9434062854322462,0.0,1986.597715201681,487.53329762800786,475.49007896836804,4178.994778111465,45.70389748642083,0.0,445.0285799683013,83.79671543377395,94.41883429157629,41.666666666666664,12.043218659639834,191700744.8961891,95824833.33333333,10.0,1.0,7.853981633974483,20.0,2.5,98.17477042468104,8847.63018035549,9.555652633508954,9.85894800101479,50.0,11.802354286447036,2302.786376953125,429.7173714067458,5.208333333333333,0.3663808780605136,161.98924870566307
577,0.215353,1.0,1,427.8197777618276,0.0,487.53329762800786,9.555652633508954,76.44522106807163,86.00087370158059,1080.2399177404168,0.0,652.4201399785891,2769.2347869987775,1.0,0.0,0.0,45.70389748642083,0.0,224.42797555621883,8847.63018035549,9.555652633508954,9.85894800101479,50.0,11.802354286447036,2302.786376953125,11.802354286447036,83.79671543377395,83.79671543377395,0.0,0.0,5.208333333333333,0.3663808780605136,429.7173714067458,161.98924870566307,232.36981964450933,150.0,1.0,1.9434062854322462,0.0,1986.597715201681,487.53329762800786,475.49007896836804,4178.994778111465,45.70389748642083,0.0,445.0285799683013,83.79671543377395,94.41883429157629,41.666666666666664,12.043218659639834,191700744.8961891,95824833.33333333,10.0,1.0,7.853981633974483,20.0,2.5,98.17477042468104,8847.63018035549,9.555652633508954,9.85894800101479,50.0,11.802354286447036,2302.786376953125,429.7173714067458,5.208333333333333,0.3663808780605136,161.98924870566307
578,0.241635,1.0,1,480.03153891275815,0.0,487.53329762800786,9.555652633508954,76.44522106807163,86.00087370158059,1080.2399177404168,0.0,600.2083788276586,2137.436493495979,-0.0,0.0,0.0,45.70389748642083,0.0,226.36166481022394,8847.63018035549,9.555652633508954,9.85894800101479,50.0,11.802354286447036,2302.786376953125,11.802354286447036,83.79671543377395,83.79671543377395,0.0,0.0,5.208333333333333,0.3663808780605136,429.7173714067458,161.98924870566307,232.36981964450933,150.0,1.0,1.9434062854322462,0.0,1986.597715201681,487.53329762800786,475.49007896836804,4178.994778111465,45.70389748642083,0.0,445.0285799683013,83.79671543377395,94.41883429157629,41.666666666666664,12.043218659639834,191700744.8961891,95824833.33333333,10.0,1.0,7.853981633974483,20.0,2.5,98.17477042468104,8847.63018035549,9.555652633508954,9.85894800101479,50.0,11.802354286447036,2302.786376953125,429.7173714067458,5.208333333333333,0.3663808780605136,161.98924870566307
579,0.264963,1.0,1,526.3748904129831,0.0,487.53329762800786,9.555652633508954,76.44522106807163,86.00087370158059,1080.2399177404168,0.0,553.8650273274336,1554.4206752565747,1.0,0.0,0.0,45.70389748642083,0.0,228.29535406422903,8847.63018035549,9.555652633508954,9.85894800101479,50.0,11.802354286447036,2302.786376953125,11.802354286447036,83.79671543377395,83.79671543377395,0.0,0.0,5.208333333333333,0.3663808780605136,429.7173714067458,161.98924870566307,232.36981964450933,150.0,1.0,1.9434062854322462,0.0,1986.597715201681,487.53329762800786,475.49007896836804,4178.994778111465,45.70389748642083,0.0,445.0285799683013,83.79671543377395,94.41883429157629,41.666666666666664,12.043218659639834,191700744.8961891,95824833.33333333,10.0,1.0,7.853981633974483,20.0,2.5,98.17477042468104,8847.63018035549,9.555652633508954,9.85894800101479,50.0,11.802354286447036,2302.786376953125,429.7173714067458,5.208333333333333,0.3663808780605136,161.98924870566307
580,0.296946,1.0,1,589.9122451382783,0.0,487.53329762800786,9.555652633508954,76.44522106807163,86.00087370158059,1080.2399177404168,0.0,490.3276726021384,1038.2862830437973,1.0,0.0,0.0,45.70389748642083,0.0,230.22904331823412,8847.63018035549,9.555652633508954,9.85894800101479,50.0,11.802354286447036,2302.786376953125,11.802354286447036,83.79671543377395,83.79671543377395,0.0,0.0,5.208333333333333,0.3663808780605136,429.7173714067458,161.98924870566307,232.36981964450933,150.0,1.0,1.9434062854322462,0.0,1986.597715201681,487.53329762800786,475.49007896836804,4178.994778111465,45.70389748642083,0.0,445.0285799683013,83.79671543377395,94.41883429157629,41.666666666666664,12.043218659639834,191700744.8961891,95824833.33333333,10.0,1.0,7.853981633974483,20.0,2.5,98.17477042468104,8847.63018035549,9.555652633508954,9.85894800101479,50.0,11.802354286447036,2302.786376953125,429.7173714067458,5.208333333333333,0.3663808780605136,161.98924870566307
581,0.3373589999999999,1.0,1,670.1966186027237,0.0,487.53329762800786,9.555652633508954,76.44522106807163,86.00087370158059,1080.2399177404168,0.0,410.04329913769305,606.6617576356994,-0.0,0.0,0.0,45.70389748642083,0.0,232.1627325722392,8847.63018035549,9.555652633508954,9.85894800101479,50.0,11.802354286447036,2302.786376953125,11.802354286447036,83.79671543377395,83.79671543377395,0.0,0.0,5.208333333333333,0.3663808780605136,429.7173714067458,161.98924870566307,232.36981964450933,150.0,1.0,1.9434062854322462,0.0,1986.597715201681,487.53329762800786,475.49007896836804,4178.994778111465,45.70389748642083,0.0,445.0285799683013,83.79671543377395,94.41883429157629,41.666666666666664,12.043218659639834,191700744.8961891,95824833.33333333,10.0,1.0,7.853981633974483,20.0,2.5,98.17477042468104,8847.63018035549,9.555652633508954,9.85894800101479,50.0,11.802354286447036,2302.786376953125,429.7173714067458,5.208333333333333,0.3663808780605136,161.98924870566307
582,0.386063,1.0,1,766.9518737239066,0.0,487.53329762800786,9.555652633508954,76.44522106807163,86.00087370158059,1080.2399177404168,0.0,313.2880440165101,276.88486919726773,-0.0,0.0,0.0,45.70389748642083,0.0,234.0964218262443,8847.63018035549,9.555652633508954,9.85894800101479,50.0,11.802354286447036,2302.786376953125,11.802354286447036,83.79671543377395,83.79671543377395,0.0,0.0,5.208333333333333,0.3663808780605136,429.7173714067458,161.98924870566307,232.36981964450933,150.0,1.0,1.9434062854322462,0.0,1986.597715201681,487.53329762800786,475.49007896836804,4178.994778111465,45.70389748642083,0.0,445.0285799683013,83.79671543377395,94.41883429157629,41.666666666666664,12.043218659639834,191700744.8961891,95824833.33333333,10.0,1.0,7.853981633974483,20.0,2.5,98.17477042468104,8847.63018035549,9.555652633508954,9.85894800101479,50.0,11.802354286447036,2302.786376953125,429.7173714067458,5.208333333333333,0.3663808780605136,161.98924870566307
583,0.446252,1.0,1,886.5232036041805,0.0,487.53329762800786,9.555652633508954,76.44522106807163,86.00087370158059,1080.2399177404168,0.0,193.71671413623625,72.97253852754537,-0.0,0.0,0.0,45.70389748642083,0.0,236.03011108024938,8847.63018035549,9.555652633508954,9.85894800101479,50.0,11.802354286447036,2302.786376953125,11.802354286447036,83.79671543377395,83.79671543377395,0.0,0.0,5.208333333333333,0.3663808780605136,429.7173714067458,161.98924870566307,232.36981964450933,150.0,1.0,1.9434062854322462,0.0,1986.597715201681,487.53329762800786,475.49007896836804,4178.994778111465,45.70389748642083,0.0,445.0285799683013,83.79671543377395,94.41883429157629,41.666666666666664,12.043218659639834,191700744.8961891,95824833.33333333,10.0,1.0,7.853981633974483,20.0,2.5,98.17477042468104,8847.63018035549,9.555652633508954,9.85894800101479,50.0,11.802354286447036,2302.786376953125,429.7173714067458,5.208333333333333,0.3663808780605136,161.98924870566307
584,0.508868,1.0,1,1010.916006139249,0.0,487.53329762800786,9.555652633508954,76.44522106807163,86.00087370158059,1080.2399177404168,0.0,69.3239116011681,0.0,1.0,0.0,0.0,45.70389748642083,0.0,237.96380033425447,8847.63018035549,9.555652633508954,9.85894800101479,50.0,11.802354286447036,2302.786376953125,11.802354286447036,83.79671543377395,83.79671543377395,0.0,0.0,5.208333333333333,0.3663808780605136,429.7173714067458,161.98924870566307,232.36981964450933,150.0,1.0,1.9434062854322462,0.0,1986.597715201681,487.53329762800786,475.49007896836804,4178.994778111465,45.70389748642083,0.0,445.0285799683013,83.79671543377395,94.41883429157629,41.666666666666664,12.043218659639834,191700744.8961891,95824833.33333333,10.0,1.0,7.853981633974483,20.0,2.5,98.17477042468104,8847.63018035549,9.555652633508954,9.85894800101479,50.0,11.802354286447036,2302.786376953125,429.7173714067458,5.208333333333333,0.3663808780605136,161.98924870566307
585,0.5477029999999999,1.0,1,1088.0655284091063,0.0,487.53329762800786,9.555652633508954,76.44522106807163,86.00087370158059,1080.2399177404168,0.0,0.0,0.0,1.0,0.0,0.0,45.70389748642083,0.0,239.89748958825953,8847.63018035549,9.555652633508954,9.85894800101479,50.0,11.802354286447036,2302.786376953125,11.802354286447036,83.79671543377395,83.79671543377395,0.0,0.0,5.208333333333333,0.3663808780605136,429.7173714067458,161.98924870566307,232.36981964450933,150.0,1.0,1.9434062854322462,0.0,1986.597715201681,487.53329762800786,475.49007896836804,4178.994778111465,45.70389748642083,0.0,445.0285799683013,83.79671543377395,94.41883429157629,41.666666666666664,12.043218659639834,191700744.8961891,95824833.33333333,10.0,1.0,7.853981633974483,20.0,2.5,98.17477042468104,8847.63018035549,9.555652633508954,9.85894800101479,50.0,11.802354286447036,2302.786376953125,429.7173714067458,5.208333333333333,0.3663808780605136,161.98924870566307
586,0.557797,1.0,1,1108.118245746352,0.0,487.53329762800786,9.555652633508954,76.44522106807163,86.00087370158059,1108.118245746352,0.0,0.0,0.0,1.0,0.0,0.0,45.70389748642083,0.0,241.83117884226462,8847.63018035549,9.555652633508954,9.85894800101479,50.0,11.802354286447036,2302.786376953125,11.802354286447036,83.79671543377395,55.91838742783875,27.878328005935202,27.878328005935202,5.208333333333333,0.3663808780605136,429.7173714067458,161.98924870566307,232.36981964450933,150.0,1.0,1.9434062854322462,0.0,1986.597715201681,487.53329762800786,475.49007896836804,4178.994778111465,45.70389748642083,0.0,445.0285799683013,83.79671543377395,94.41883429157629,41.666666666666664,12.043218659639834,191700744.8961891,95824833.33333333,10.0,1.0,7.853981633974483,20.0,2.5,98.17477042468104,8847.63018035549,9.555652633508954,9.85894800101479,50.0,11.802354286447036,2302.786376953125,429.7173714067458,5.208333333333333,0.3663808780605136,161.98924870566307
587,0.5807,1.0,1,1153.6172932176162,0.0,487.53329762800786,9.555652633508954,76.44522106807163,86.00087370158059,1080.2399177404168,0.0,0.0,0.0,1.0,0.0,0.0,45.70389748642083,0.0,243.76486809626968,8847.63018035549,9.555652633508954,9.85894800101479,50.0,11.802354286447036,2302.786376953125,11.802354286447036,83.79671543377395,83.79671543377395,0.0,0.0,5.208333333333333,0.3663808780605136,429.7173714067458,161.98924870566307,232.36981964450933,150.0,1.0,1.9434062854322462,0.0,1986.597715201681,487.53329762800786,475.49007896836804,4178.994778111465,45.70389748642083,0.0,445.0285799683013,83.79671543377395,94.41883429157629,41.666666666666664,12.043218659639834,191700744.8961891,95824833.33333333,10.0,1.0,7.853981633974483,20.0,2.5,98.17477042468104,8847.63018035549,9.555652633508954,9.85894800101479,50.0,11.802354286447036,2302.786376953125,429.7173714067458,5.208333333333333,0.3663808780605136,161.98924870566307
588,0.620884,1.0,1,1233.4467358052805,0.0,487.53329762800786,9.555652633508954,76.44522106807163,86.00087370158059,1080.2399177404168,0.0,0.0,0.0,1.0,0.0,0.0,45.70389748642083,0.0,245.69855735027474,8847.63018035549,9.555652633508954,9.85894800101479,50.0,11.802354286447036,2302.786376953125,11.802354286447036,83.79671543377395,83.79671543377395,0.0,0.0,5.208333333333333,0.3663808780605136,429.7173714067458,161.98924870566307,232.36981964450933,150.0,1.0,1.9434062854322462,0.0,1986.597715201681,487.53329762800786,475.49007896836804,4178.994778111465,45.70389748642083,0.0,445.0285799683013,83.79671543377395,94.41883429157629,41.666666666666664,12.043218659639834,191700744.8961891,95824833.33333333,10.0,1.0,7.853981633974483,20.0,2.5,98.17477042468104,8847.63018035549,9.555652633508954,9.85894800101479,50.0,11.802354286447036,2302.786376953125,429.7173714067458,5.208333333333333,0.3663808780605136,161.98924870566307
589,0.6634800000000001,1.0,1,1318.0678520820115,0.0,487.53329762800786,9.555652633508954,76.44522106807163,86.00087370158059,1318.0678520820115,237.8279343415948,0.0,225.93653762451507,-0.0,0.0,0.0,45.70389748642083,0.0,247.6322466042798,8847.63018035549,9.555652633508954,9.85894800101479,50.0,11.802354286447036,2302.786376953125,11.802354286447036,83.79671543377395,83.79671543377395,0.0,0.0,5.208333333333333,0.3663808780605136,429.7173714067458,161.98924870566307,232.36981964450933,150.0,1.0,1.9434062854322462,0.0,1986.597715201681,487.53329762800786,475.49007896836804,4178.994778111465,45.70389748642083,0.0,445.0285799683013,83.79671543377395,94.41883429157629,41.666666666666664,12.043218659639834,191700744.8961891,95824833.33333333,10.0,1.0,7.853981633974483,20.0,2.5,98.17477042468104,8847.63018035549,9.555652633508954,9.85894800101479,50.0,11.802354286447036,2302.786376953125,429.7173714067458,5.208333333333333,0.3663808780605136,161.98924870566307
590,0.6941369999999999,1.0,1,1378.9709782369491,0.0,487.53329762800786,9.555652633508954,76.44522106807163,86.00087370158059,1378.9709782369491,298.7310604965324,0.0,509.73104509622084,0.0,0.0,0.0,45.70389748642083,0.0,249.56593585828492,8847.63018035549,9.555652633508954,9.85894800101479,50.0,11.802354286447036,2302.786376953125,11.802354286447036,83.79671543377395,83.79671543377395,0.0,0.0,5.208333333333333,0.3663808780605136,429.7173714067458,161.98924870566307,232.36981964450933,150.0,1.0,1.9434062854322462,0.0,1986.597715201681,487.53329762800786,475.49007896836804,4178.994778111465,45.70389748642083,0.0,445.0285799683013,83.79671543377395,94.41883429157629,41.666666666666664,12.043218659639834,191700744.8961891,95824833.33333333,10.0,1.0,7.853981633974483,20.0,2.5,98.17477042468104,8847.63018035549,9.555652633508954,9.85894800101479,50.0,11.802354286447036,2302.786376953125,429.7173714067458,5.208333333333333,0.3663808780605136,161.98924870566307
591,0.714386,1.0,1,1419.197595372068,0.0,487.53329762800786,9.555652633508954,76.44522106807163,86.00087370158059,1080.2399177404168,0.0,0.0,509.73104509622084,1.0,0.0,0.0,45.70389748642083,0.0,251.49962511229,8847.63018035549,9.555652633508954,9.85894800101479,50.0,11.802354286447036,2302.786376953125,11.802354286447036,83.79671543377395,83.79671543377395,0.0,0.0,5.208333333333333,0.3663808780605136,429.7173714067458,161.98924870566307,232.36981964450933,150.0,1.0,1.9434062854322462,0.0,1986.597715201681,487.53329762800786,475.49007896836804,4178.994778111465,45.70389748642083,0.0,445.0285799683013,83.79671543377395,94.41883429157629,41.666666666666664,12.043218659639834,191700744.8961891,95824833.33333333,10.0,1.0,7.853981633974483,20.0,2.5,98.17477042468104,8847.63018035549,9.555652633508954,9.85894800101479,50.0,11.802354286447036,2302.786376953125,429.7173714067458,5.208333333333333,0.3663808780605136,161.98924870566307
592,0.731038,1.0,1,1452.2784205256064,0.0,487.53329762800786,9.555652633508954,76.44522106807163,86.00087370158059,1452.2784205256064,372.0385027851897,0.0,863.167622742151,1.0,0.0,0.0,45.70389748642083,0.0,253.4333143662951,8847.63018035549,9.555652633508954,9.85894800101479,50.0,11.802354286447036,2302.786376953125,11.802354286447036,83.79671543377395,83.79671543377395,0.0,0.0,5.208333333333333,0.3663808780605136,429.7173714067458,161.98924870566307,232.36981964450933,150.0,1.0,1.9434062854322462,0.0,1986.597715201681,487.53329762800786,475.49007896836804,4178.994778111465,45.70389748642083,0.0,445.0285799683013,83.79671543377395,94.41883429157629,41.666666666666664,12.043218659639834,191700744.8961891,95824833.33333333,10.0,1.0,7.853981633974483,20.0,2.5,98.17477042468104,8847.63018035549,9.555652633508954,9.85894800101479,50.0,11.802354286447036,2302.786376953125,429.7173714067458,5.208333333333333,0.3663808780605136,161.98924870566307
593,0.767432,1.0,1,1524.5786577726565,0.0,487.53329762800786,9.555652633508954,76.44522106807163,86.00087370158059,1080.2399177404168,0.0,0.0,863.167622742151,1.0,0.0,0.0,45.70389748642083,0.0,255.36700362030018,8847.63018035549,9.555652633508954,9.85894800101479,50.0,11.802354286447036,2302.786376953125,11.802354286447036,83.79671543377395,83.79671543377395,0.0,0.0,5.208333333333333,0.3663808780605136,429.7173714067458,161.98924870566307,232.36981964450933,150.0,1.0,1.9434062854322462,0.0,1986.597715201681,487.53329762800786,475.49007896836804,4178.994778111465,45.70389748642083,0.0,445.0285799683013,83.79671543377395,94.41883429157629,41.666666666666664,12.043218659639834,191700744.8961891,95824833.33333333,10.0,1.0,7.853981633974483,20.0,2.5,98.17477042468104,8847.63018035549,9.555652633508954,9.85894800101479,50.0,11.802354286447036,2302.786376953125,429.7173714067458,5.208333333333333,0.3663808780605136,161.98924870566307
594,0.8071649999999999,1.0,1,1603.5121447907648,0.0,487.53329762800786,9.555652633508954,76.44522106807163,86.00087370158059,1603.512144790765,523.2722270503481,0.0,1360.2762384399816,-0.0,0.0,0.0,45.70389748642083,0.0,257.30069287430524,8847.63018035549,9.555652633508954,9.85894800101479,50.0,11.802354286447036,2302.786376953125,11.802354286447036,83.79671543377395,83.79671543377395,0.0,0.0,5.208333333333333,0.3663808780605136,429.7173714067458,161.98924870566307,232.36981964450933,150.0,1.0,1.9434062854322462,0.0,1986.597715201681,487.53329762800786,475.49007896836804,4178.994778111465,45.70389748642083,0.0,445.0285799683013,83.79671543377395,94.41883429157629,41.666666666666664,12.043218659639834,191700744.8961891,95824833.33333333,10.0,1.0,7.853981633974483,20.0,2.5,98.17477042468104,8847.63018035549,9.555652633508954,9.85894800101479,50.0,11.802354286447036,2302.786376953125,429.7173714067458,5.208333333333333,0.3663808780605136,161.98924870566307
595,0.830515,1.0,1,1649.899201440724,0.0,487.53329762800786,9.555652633508954,76.44522106807163,86.00087370158059,1493.2848082896837,413.04489054926694,0.0,1752.6688844617852,1.0,0.0,0.0,45.70389748642083,0.0,259.23438212831036,8847.63018035549,9.555652633508954,9.85894800101479,50.0,11.802354286447036,2302.786376953125,11.802354286447036,83.79671543377395,83.79671543377395,0.0,0.0,5.208333333333333,0.3663808780605136,429.7173714067458,161.98924870566307,232.36981964450933,150.0,1.0,1.9434062854322462,0.0,1986.597715201681,487.53329762800786,475.49007896836804,4178.994778111465,45.70389748642083,0.0,445.0285799683013,83.79671543377395,94.41883429157629,41.666666666666664,12.043218659639834,191700744.8961891,95824833.33333333,10.0,1.0,7.853981633974483,20.0,2.5,98.17477042468104,8847.63018035549,9.555652633508954,9.85894800101479,50.0,11.802354286447036,2302.786376953125,429.7173714067458,5.208333333333333,0.3663808780605136,161.98924870566307
596,0.844784,1.0,1,1678.245964238937,0.0,487.53329762800786,9.555652633508954,76.44522106807163,86.00087370158059,1678.2459642389372,598.0060464985203,0.0,2320.7746286353795,-0.0,0.0,0.0,45.70389748642083,0.0,261.1680713823154,8847.63018035549,9.555652633508954,9.85894800101479,50.0,11.802354286447036,2302.786376953125,11.802354286447036,83.79671543377395,83.79671543377395,0.0,0.0,5.208333333333333,0.3663808780605136,429.7173714067458,161.98924870566307,232.36981964450933,150.0,1.0,1.9434062854322462,0.0,1986.597715201681,487.53329762800786,475.49007896836804,4178.994778111465,45.70389748642083,0.0,445.0285799683013,83.79671543377395,94.41883429157629,41.666666666666664,12.043218659639834,191700744.8961891,95824833.33333333,10.0,1.0,7.853981633974483,20.0,2.5,98.17477042468104,8847.63018035549,9.555652633508954,9.85894800101479,50.0,11.802354286447036,2302.786376953125,429.7173714067458,5.208333333333333,0.3663808780605136,161.98924870566307
597,0.862206,1.0,1,1712.8564696331807,0.0,487.53329762800786,9.555652633508954,76.44522106807163,86.00087370158059,1712.8564696331807,632.6165518927639,0.0,2921.760352933505,-0.0,0.0,0.0,45.70389748642083,0.0,263.1017606363205,8847.63018035549,9.555652633508954,9.85894800101479,50.0,11.802354286447036,2302.786376953125,11.802354286447036,83.79671543377395,83.79671543377395,0.0,0.0,5.208333333333333,0.3663808780605136,429.7173714067458,161.98924870566307,232.36981964450933,150.0,1.0,1.9434062854322462,0.0,1986.597715201681,487.53329762800786,475.49007896836804,4178.994778111465,45.70389748642083,0.0,445.0285799683013,83.79671543377395,94.41883429157629,41.666666666666664,12.043218659639834,191700744.8961891,95824833.33333333,10.0,1.0,7.853981633974483,20.0,2.5,98.17477042468104,8847.63018035549,9.555652633508954,9.85894800101479,50.0,11.802354286447036,2302.786376953125,429.7173714067458,5.208333333333333,0.3663808780605136,161.98924870566307
598,0.8760739999999999,1.0,1,1740.4066067475974,0.0,487.53329762800786,9.555652633508954,76.44522106807163,86.00087370158059,1740.4066067475974,660.1666890071806,0.0,3548.9187074903266,-0.0,0.0,0.0,45.70389748642083,0.0,265.03544989032554,8847.63018035549,9.555652633508954,9.85894800101479,50.0,11.802354286447036,2302.786376953125,11.802354286447036,83.79671543377395,83.79671543377395,0.0,0.0,5.208333333333333,0.3663808780605136,429.7173714067458,161.98924870566307,232.36981964450933,150.0,1.0,1.9434062854322462,0.0,1986.597715201681,487.53329762800786,475.49007896836804,4178.994778111465,45.70389748642083,0.0,445.0285799683013,83.79671543377395,94.41883429157629,41.666666666666664,12.043218659639834,191700744.8961891,95824833.33333333,10.0,1.0,7.853981633974483,20.0,2.5,98.17477042468104,8847.63018035549,9.555652633508954,9.85894800101479,50.0,11.802354286447036,2302.786376953125,429.7173714067458,5.208333333333333,0.3663808780605136,161.98924870566307
599,0.87762,1.0,1,1743.4778868152991,0.0,487.53329762800786,9.555652633508954,76.44522106807163,86.00087370158059,1743.4778868152994,663.2379690748825,0.0,4178.994778111465,1.0,0.0,0.0,45.70389748642083,0.0,266.96913914433065,8847.63018035549,9.555652633508954,9.85894800101479,50.0,11.802354286447036,2302.786376953125,11.802354286447036,83.79671543377395,83.79671543377395,0.0,0.0,5.208333333333333,0.3663808780605136,429.7173714067458,161.98924870566307,232.36981964450933,150.0,1.0,1.9434062854322462,0.0,1986.597715201681,487.53329762800786,475.49007896836804,4178.994778111465,45.70389748642083,0.0,445.0285799683013,83.79671543377395,94.41883429157629,41.666666666666664,12.043218659639834,191700744.8961891,95824833.33333333,10.0,1.0,7.853981633974483,20.0,2.5,98.17477042468104,8847.63018035549,9.555652633508954,9.85894800101479,50.0,11.802354286447036,2302.786376953125,429.7173714067458,5.208333333333333,0.3663808780605136,161.98924870566307
600,0.458152,1.0,1,910.1637164150806,0.0,317.12309230022925,6.215612609084493,49.724900872675946,55.94051348176044,910.1637164150806,0.0,0.0,4178.994778111465,-0.0,0.0,3.340040024424461,42.295693379865256,0.0,268.90282839833577,8847.63018035549,9.555652633508954,9.85894800101479,50.0,11.802354286447036,2302.786376953125,11.802354286447036,83.79671543377395,83.79671543377395,0.0,0.0,5.208333333333333,0.3663808780605136,429.7173714067458,161.98924870566307,232.36981964450933,150.0,1.0,1.9434062854322462,0.0,1986.597715201681,487.53329762800786,475.49007896836804,4178.994778111465,45.70389748642083,0.0,445.0285799683013,83.79671543377395,94.41883429157629,41.666666666666664,12.043218659639834,191700744.8961891,95824833.33333333,10.0,1.0,7.853981633974483,20.0,2.5,98.17477042468104,8847.63018035549,9.555652633508954,9.85894800101479,50.0,11.802354286447036,2302.786376953125,429.7173714067458,5.208333333333333,0.3663808780605136,161.98924870566307
601,0.4451569999999999,1.0,1,884.3478791060345,0.0,291.2565565811738,5.708628508991007,45.669028071928054,51.37765658091906,884.3478791060345,0.0,0.0,4178.994778111465,-0.0,0.0,3.847024124517947,38.37015855892857,0.0,270.83651765234083,8847.63018035549,9.555652633508954,9.85894800101479,50.0,11.802354286447036,2302.786376953125,11.802354286447036,83.79671543377395,83.79671543377395,0.0,0.0,5.208333333333333,0.3663808780605136,429.7173714067458,161.98924870566307,232.36981964450933,150.0,1.0,1.9434062854322462,0.0,1986.597715201681,487.53329762800786,475.49007896836804,4178.994778111465,45.70389748642083,0.0,445.0285799683013,83.79671543377395,94.41883429157629,41.666666666666664,12.043218659639834,191700744.8961891,95824833.33333333,10.0,1.0,7.853981633974483,20.0,2.5,98.17477042468104,8847.63018035549,9.555652633508954,9.85894800101479,50.0,11.802354286447036,2302.786376953125,429.7173714067458,5.208333333333333,0.3663808780605136,161.98924870566307
602,0.423132,1.0,1,840.5930644287178,0.0,487.53329762800786,9.555652633508954,76.44522106807163,86.00087370158059,1080.2399177404168,0.0,239.64685331169898,3926.7349325202026,0.0,0.0,0.0,38.37015855892857,0.0,272.77020690634595,8847.63018035549,9.555652633508954,9.85894800101479,50.0,11.802354286447036,2302.786376953125,11.802354286447036,83.79671543377395,83.79671543377395,0.0,0.0,5.208333333333333,0.3663808780605136,429.7173714067458,161.98924870566307,232.36981964450933,150.0,1.0,1.9434062854322462,0.0,1986.597715201681,487.53329762800786,475.49007896836804,4178.994778111465,45.70389748642083,0.0,445.0285799683013,83.79671543377395,94.41883429157629,41.666666666666664,12.043218659639834,191700744.8961891,95824833.33333333,10.0,1.0,7.853981633974483,20.0,2.5,98.17477042468104,8847.63018035549,9.555652633508954,9.85894800101479,50.0,11.802354286447036,2302.786376953125,429.7173714067458,5.208333333333333,0.3663808780605136,161.98924870566307
603,0.420783,1.0,1,835.926546395709,0.0,487.53329762800786,9.555652633508954,76.44522106807163,86.00087370158059,1080.2399177404168,0.0,244.31337134470772,3669.562962683668,1.0,0.0,0.0,38.37015855892857,0.0,274.703896160351,8847.63018035549,9.555652633508954,9.85894800101479,50.0,11.802354286447036,2302.786376953125,11.802354286447036,83.79671543377395,83.79671543377395,0.0,0.0,5.208333333333333,0.3663808780605136,429.7173714067458,161.98924870566307,232.36981964450933,150.0,1.0,1.9434062854322462,0.0,1986.597715201681,487.53329762800786,475.49007896836804,4178.994778111465,45.70389748642083,0.0,445.0285799683013,83.79671543377395,94.41883429157629,41.666666666666664,12.043218659639834,191700744.8961891,95824833.33333333,10.0,1.0,7.853981633974483,20.0,2.5,98.17477042468104,8847.63018035549,9.555652633508954,9.85894800101479,50.0,11.802354286447036,2302.786376953125,429.7173714067458,5.208333333333333,0.3663808780605136,161.98924870566307
604,0.412532,1.0,1,819.5351286475799,0.0,487.53329762800786,9.555652633508954,76.44522106807163,86.00087370158059,1080.2399177404168,0.0,260.70478909283685,3395.1368689017345,-0.0,0.0,0.0,38.37015855892857,0.0,276.63758541435607,8847.63018035549,9.555652633508954,9.85894800101479,50.0,11.802354286447036,2302.786376953125,11.802354286447036,83.79671543377395,83.79671543377395,0.0,0.0,5.208333333333333,0.3663808780605136,429.7173714067458,161.98924870566307,232.36981964450933,150.0,1.0,1.9434062854322462,0.0,1986.597715201681,487.53329762800786,475.49007896836804,4178.994778111465,45.70389748642083,0.0,445.0285799683013,83.79671543377395,94.41883429157629,41.666666666666664,12.043218659639834,191700744.8961891,95824833.33333333,10.0,1.0,7.853981633974483,20.0,2.5,98.17477042468104,8847.63018035549,9.555652633508954,9.85894800101479,50.0,11.802354286447036,2302.786376953125,429.7173714067458,5.208333333333333,0.3663808780605136,161.98924870566307
605,0.4381569999999999,1.0,1,870.4416950996227,0.0,277.3230629272003,5.435532033373125,43.484256266985,48.91978830035812,870.4416950996227,0.0,0.0,3395.1368689017345,-0.0,0.0,4.120120600135828,34.16595386491242,0.0,278.5712746683612,8847.63018035549,9.555652633508954,9.85894800101479,50.0,11.802354286447036,2302.786376953125,11.802354286447036,83.79671543377395,83.79671543377395,0.0,0.0,5.208333333333333,0.3663808780605136,429.7173714067458,161.98924870566307,232.36981964450933,150.0,1.0,1.9434062854322462,0.0,1986.597715201681,487.53329762800786,475.49007896836804,4178.994778111465,45.70389748642083,0.0,445.0285799683013,83.79671543377395,94.41883429157629,41.666666666666664,12.043218659639834,191700744.8961891,95824833.33333333,10.0,1.0,7.853981633974483,20.0,2.5,98.17477042468104,8847.63018035549,9.555652633508954,9.85894800101479,50.0,11.802354286447036,2302.786376953125,429.7173714067458,5.208333333333333,0.3663808780605136,161.98924870566307
606,0.459843,1.0,1,913.5230531514866,0.0,320.48902626721053,6.281584914837326,50.25267931869861,56.534264233535936,913.5230531514866,0.0,0.0,3395.1368689017345,-0.0,0.0,3.274067718671627,30.825068437696473,0.0,280.5049639223663,8847.63018035549,9.555652633508954,9.85894800101479,50.0,11.802354286447036,2302.786376953125,11.802354286447036,83.79671543377395,83.79671543377395,0.0,0.0,5.208333333333333,0.3663808780605136,429.7173714067458,161.98924870566307,232.36981964450933,150.0,1.0,1.9434062854322462,0.0,1986.597715201681,487.53329762800786,475.49007896836804,4178.994778111465,45.70389748642083,0.0,445.0285799683013,83.79671543377395,94.41883429157629,41.666666666666664,12.043218659639834,191700744.8961891,95824833.33333333,10.0,1.0,7.853981633974483,20.0,2.5,98.17477042468104,8847.63018035549,9.555652633508954,9.85894800101479,50.0,11.802354286447036,2302.786376953125,429.7173714067458,5.208333333333333,0.3663808780605136,161.98924870566307
607,0.471479,1.0,1,936.6391041655734,0.0,487.53329762800786,9.555652633508954,76.44522106807163,86.00087370158059,1080.2399177404168,0.0,143.60081357484336,3243.9781177703203,1.0,0.0,0.0,30.825068437696473,0.0,282.43865317637136,8847.63018035549,9.555652633508954,9.85894800101479,50.0,11.802354286447036,2302.786376953125,11.802354286447036,83.79671543377395,83.79671543377395,0.0,0.0,5.208333333333333,0.3663808780605136,429.7173714067458,161.98924870566307,232.36981964450933,150.0,1.0,1.9434062854322462,0.0,1986.597715201681,487.53329762800786,475.49007896836804,4178.994778111465,45.70389748642083,0.0,445.0285799683013,83.79671543377395,94.41883429157629,41.666666666666664,12.043218659639834,191700744.8961891,95824833.33333333,10.0,1.0,7.853981633974483,20.0,2.5,98.17477042468104,8847.63018035549,9.555652633508954,9.85894800101479,50.0,11.802354286447036,2302.786376953125,429.7173714067458,5.208333333333333,0.3663808780605136,161.98924870566307
608,0.465289,1.0,1,924.342064308475,0.0,331.32928433000205,6.49405397286804,51.95243178294432,58.44648575581236,924.342064308475,0.0,0.0,3243.9781177703203,0.0,0.0,3.061598660640915,27.700988171736356,0.0,284.3723424303764,8847.63018035549,9.555652633508954,9.85894800101479,50.0,11.802354286447036,2302.786376953125,11.802354286447036,83.79671543377395,83.79671543377395,0.0,0.0,5.208333333333333,0.3663808780605136,429.7173714067458,161.98924870566307,232.36981964450933,150.0,1.0,1.9434062854322462,0.0,1986.597715201681,487.53329762800786,475.49007896836804,4178.994778111465,45.70389748642083,0.0,445.0285799683013,83.79671543377395,94.41883429157629,41.666666666666664,12.043218659639834,191700744.8961891,95824833.33333333,10.0,1.0,7.853981633974483,20.0,2.5,98.17477042468104,8847.63018035549,9.555652633508954,9.85894800101479,50.0,11.802354286447036,2302.786376953125,429.7173714067458,5.208333333333333,0.3663808780605136,161.98924870566307
609,0.437722,1.0,1,869.5775250935102,0.0,276.4571958215607,5.418561038102589,43.34848830482071,48.7670493429233,869.5775250935102,0.0,0.0,3243.9781177703203,-0.0,0.0,4.137091595406365,23.47946613560741,0.0,286.30603168438154,8847.63018035549,9.555652633508954,9.85894800101479,50.0,11.802354286447036,2302.786376953125,11.802354286447036,83.79671543377395,83.79671543377395,0.0,0.0,5.208333333333333,0.3663808780605136,429.7173714067458,161.98924870566307,232.36981964450933,150.0,1.0,1.9434062854322462,0.0,1986.597715201681,487.53329762800786,475.49007896836804,4178.994778111465,45.70389748642083,0.0,445.0285799683013,83.79671543377395,94.41883429157629,41.666666666666664,12.043218659639834,191700744.8961891,95824833.33333333,10.0,1.0,7.853981633974483,20.0,2.5,98.17477042468104,8847.63018035549,9.555652633508954,9.85894800101479,50.0,11.802354286447036,2302.786376953125,429.7173714067458,5.208333333333333,0.3663808780605136,161.98924870566307
610,0.412516,1.0,1,819.5033430841366,0.0,226.28467567269539,4.43517964318483,35.48143714547864,39.91661678866347,819.5033430841366,0.0,0.0,3243.9781177703203,0.0,0.0,5.120472990324124,18.25449369650116,0.0,288.2397209383866,8847.63018035549,9.555652633508954,9.85894800101479,50.0,11.802354286447036,2302.786376953125,11.802354286447036,83.79671543377395,83.79671543377395,0.0,0.0,5.208333333333333,0.3663808780605136,429.7173714067458,161.98924870566307,232.36981964450933,150.0,1.0,1.9434062854322462,0.0,1986.597715201681,487.53329762800786,475.49007896836804,4178.994778111465,45.70389748642083,0.0,445.0285799683013,83.79671543377395,94.41883429157629,41.666666666666664,12.043218659639834,191700744.8961891,95824833.33333333,10.0,1.0,7.853981633974483,20.0,2.5,98.17477042468104,8847.63018035549,9.555652633508954,9.85894800101479,50.0,11.802354286447036,2302.786376953125,429.7173714067458,5.208333333333333,0.3663808780605136,161.98924870566307
611,0.375331,1.0,1,745.6317070443622,0.0,429.70527182185924,8.42222332770844,67.37778662166752,75.80000994937596,1022.5252348648481,0.0,276.8935278204858,2952.5112463803353,-0.0,0.0,1.1334293058005125,17.097933180378188,0.0,290.17341019239166,8847.63018035549,9.555652633508954,9.85894800101479,50.0,11.802354286447036,2302.786376953125,11.802354286447036,83.79671543377395,83.79671543377395,0.0,0.0,5.208333333333333,0.3663808780605136,429.7173714067458,161.98924870566307,232.36981964450933,150.0,1.0,1.9434062854322462,0.0,1986.597715201681,487.53329762800786,475.49007896836804,4178.994778111465,45.70389748642083,0.0,445.0285799683013,83.79671543377395,94.41883429157629,41.666666666666664,12.043218659639834,191700744.8961891,95824833.33333333,10.0,1.0,7.853981633974483,20.0,2.5,98.17477042468104,8847.63018035549,9.555652633508954,9.85894800101479,50.0,11.802354286447036,2302.786376953125,429.7173714067458,5.208333333333333,0.3663808780605136,161.98924870566307
612,0.345174,1.0,1,685.721879747025,0.0,92.2404857232829,1.8079135201763448,14.463308161410758,16.271221681587104,685.721879747025,0.0,0.0,2952.5112463803353,-0.0,0.0,7.747739113332609,9.192076942283732,0.0,292.1070994463968,8847.63018035549,9.555652633508954,9.85894800101479,50.0,11.802354286447036,2302.786376953125,11.802354286447036,83.79671543377395,83.79671543377395,0.0,0.0,5.208333333333333,0.3663808780605136,429.7173714067458,161.98924870566307,232.36981964450933,150.0,1.0,1.9434062854322462,0.0,1986.597715201681,487.53329762800786,475.49007896836804,4178.994778111465,45.70389748642083,0.0,445.0285799683013,83.79671543377395,94.41883429157629,41.666666666666664,12.043218659639834,191700744.8961891,95824833.33333333,10.0,1.0,7.853981633974483,20.0,2.5,98.17477042468104,8847.63018035549,9.555652633508954,9.85894800101479,50.0,11.802354286447036,2302.786376953125,429.7173714067458,5.208333333333333,0.3663808780605136,161.98924870566307
613,0.339128,1.0,1,673.7109099609156,0.0,487.53329762800786,9.555652633508954,76.44522106807163,86.00087370158059,1080.2399177404168,0.0,406.5290077795011,2524.585975033492,-0.0,0.0,0.0,9.192076942283732,0.0,294.04078870040183,8847.63018035549,9.555652633508954,9.85894800101479,50.0,11.802354286447036,2302.786376953125,11.802354286447036,83.79671543377395,83.79671543377395,0.0,0.0,5.208333333333333,0.3663808780605136,429.7173714067458,161.98924870566307,232.36981964450933,150.0,1.0,1.9434062854322462,0.0,1986.597715201681,487.53329762800786,475.49007896836804,4178.994778111465,45.70389748642083,0.0,445.0285799683013,83.79671543377395,94.41883429157629,41.666666666666664,12.043218659639834,191700744.8961891,95824833.33333333,10.0,1.0,7.853981633974483,20.0,2.5,98.17477042468104,8847.63018035549,9.555652633508954,9.85894800101479,50.0,11.802354286447036,2302.786376953125,429.7173714067458,5.208333333333333,0.3663808780605136,161.98924870566307
614,0.3239789999999999,1.0,1,643.6159411733253,0.0,487.53329762800786,9.555652633508954,76.44522106807163,86.00087370158059,1080.2399177404168,0.0,436.62397656709146,2064.981789173393,-0.0,0.0,0.0,9.192076942283732,0.0,295.9744779544069,8847.63018035549,9.555652633508954,9.85894800101479,50.0,11.802354286447036,2302.786376953125,11.802354286447036,83.79671543377395,83.79671543377395,0.0,0.0,5.208333333333333,0.3663808780605136,429.7173714067458,161.98924870566307,232.36981964450933,150.0,1.0,1.9434062854322462,0.0,1986.597715201681,487.53329762800786,475.49007896836804,4178.994778111465,45.70389748642083,0.0,445.0285799683013,83.79671543377395,94.41883429157629,41.666666666666664,12.043218659639834,191700744.8961891,95824833.33333333,10.0,1.0,7.853981633974483,20.0,2.5,98.17477042468104,8847.63018035549,9.555652633508954,9.85894800101479,50.0,11.802354286447036,2302.786376953125,429.7173714067458,5.208333333333333,0.3663808780605136,161.98924870566307
615,0.311837,1.0,1,619.4946717153465,0.0,487.53329762800786,9.555652633508954,76.44522106807163,86.00087370158059,1080.2399177404168,0.0,460.74524602507023,1579.9867933575295,-0.0,0.0,0.0,9.192076942283732,0.0,297.908167208412,8847.63018035549,9.555652633508954,9.85894800101479,50.0,11.802354286447036,2302.786376953125,11.802354286447036,83.79671543377395,83.79671543377395,0.0,0.0,5.208333333333333,0.3663808780605136,429.7173714067458,161.98924870566307,232.36981964450933,150.0,1.0,1.9434062854322462,0.0,1986.597715201681,487.53329762800786,475.49007896836804,4178.994778111465,45.70389748642083,0.0,445.0285799683013,83.79671543377395,94.41883429157629,41.666666666666664,12.043218659639834,191700744.8961891,95824833.33333333,10.0,1.0,7.853981633974483,20.0,2.5,98.17477042468104,8847.63018035549,9.555652633508954,9.85894800101479,50.0,11.802354286447036,2302.786376953125,429.7173714067458,5.208333333333333,0.3663808780605136,161.98924870566307
616,0.311235,1.0,1,618.2987398907951,0.0,487.53329762800786,9.555652633508954,76.44522106807163,86.00087370158059,1080.2399177404168,0.0,461.9411778496216,1093.732921936875,-0.0,0.0,0.0,9.192076942283732,0.0,299.84185646241707,8847.63018035549,9.555652633508954,9.85894800101479,50.0,11.802354286447036,2302.786376953125,11.802354286447036,83.79671543377395,83.79671543377395,0.0,0.0,5.208333333333333,0.3663808780605136,429.7173714067458,161.98924870566307,232.36981964450933,150.0,1.0,1.9434062854322462,0.0,1986.597715201681,487.53329762800786,475.49007896836804,4178.994778111465,45.70389748642083,0.0,445.0285799683013,83.79671543377395,94.41883429157629,41.666666666666664,12.043218659639834,191700744.8961891,95824833.33333333,10.0,1.0,7.853981633974483,20.0,2.5,98.17477042468104,8847.63018035549,9.555652633508954,9.85894800101479,50.0,11.802354286447036,2302.786376953125,429.7173714067458,5.208333333333333,0.3663808780605136,161.98924870566307
617,0.312865,1.0,1,621.5368941665739,0.0,27.929450513821266,0.5474172300708968,4.379337840567175,4.926755070638071,621.536894166574,0.0,0.0,1093.732921936875,-0.0,0.0,9.008235403438057,0.0,0.0,301.77554571642213,8847.63018035549,9.555652633508954,9.85894800101479,50.0,11.802354286447036,2302.786376953125,11.802354286447036,83.79671543377395,83.79671543377395,0.0,0.0,5.208333333333333,0.3663808780605136,429.7173714067458,161.98924870566307,232.36981964450933,150.0,1.0,1.9434062854322462,0.0,1986.597715201681,487.53329762800786,475.49007896836804,4178.994778111465,45.70389748642083,0.0,445.0285799683013,83.79671543377395,94.41883429157629,41.666666666666664,12.043218659639834,191700744.8961891,95824833.33333333,10.0,1.0,7.853981633974483,20.0,2.5,98.17477042468104,8847.63018035549,9.555652633508954,9.85894800101479,50.0,11.802354286447036,2302.786376953125,429.7173714067458,5.208333333333333,0.3663808780605136,161.98924870566307
618,0.310377,-0.0,1,616.5942390511522,0.0,0.0,0.0,0.0,0.0,162.98924870566307,0.0,0.0,1093.732921936875,-0.0,0.0,0.0,0.0,0.0,291.86705526314097,0.0,0.0,9.85894800101479,50.0,0.0,0.0,0.0,0.0,0.0,0.0,0.0,5.208333333333333,0.3663808780605136,0.0,161.98924870566307,9080.0,150.0,-0.0,0.0,9.85894800101479,1986.597715201681,487.53329762800786,475.49007896836804,4178.994778111465,45.70389748642083,0.0,445.0285799683013,83.79671543377395,94.41883429157629,41.666666666666664,12.043218659639834,191700744.8961891,95824833.33333333,10.0,1.0,7.853981633974483,20.0,2.5,98.17477042468104,8847.63018035549,9.555652633508954,9.85894800101479,50.0,11.802354286447036,2302.786376953125,429.7173714067458,5.208333333333333,0.3663808780605136,161.98924870566307
619,0.297276,-0.0,1,590.5678223842949,0.0,411.4497437246265,8.064414977002679,64.51531981602143,72.57973479302412,590.5678223842949,0.0,0.0,1093.732921936875,1.0,8.064414977002679,0.0,7.903126677462625,0.0,281.95856480985975,0.0,0.0,9.85894800101479,50.0,0.0,0.0,0.0,0.0,0.0,0.0,0.0,5.208333333333333,0.3663808780605136,0.0,161.98924870566307,9080.0,150.0,-0.0,0.0,9.85894800101479,1986.597715201681,487.53329762800786,475.49007896836804,4178.994778111465,45.70389748642083,0.0,445.0285799683013,83.79671543377395,94.41883429157629,41.666666666666664,12.043218659639834,191700744.8961891,95824833.33333333,10.0,1.0,7.853981633974483,20.0,2.5,98.17477042468104,8847.63018035549,9.555652633508954,9.85894800101479,50.0,11.802354286447036,2302.786376953125,429.7173714067458,5.208333333333333,0.3663808780605136,161.98924870566307
620,0.278541,-0.0,1,553.3489141899914,0.0,375.63478202879946,7.36244172776447,58.89953382211576,66.26197554988022,553.3489141899914,0.0,0.0,1093.732921936875,1.0,7.362441727764469,0.0,15.1183195706718,0.0,272.05007435657853,0.0,0.0,9.85894800101479,50.0,0.0,0.0,0.0,0.0,0.0,0.0,0.0,5.208333333333333,0.3663808780605136,0.0,161.98924870566307,9080.0,150.0,-0.0,0.0,9.85894800101479,1986.597715201681,487.53329762800786,475.49007896836804,4178.994778111465,45.70389748642083,0.0,445.0285799683013,83.79671543377395,94.41883429157629,41.666666666666664,12.043218659639834,191700744.8961891,95824833.33333333,10.0,1.0,7.853981633974483,20.0,2.5,98.17477042468104,8847.63018035549,9.555652633508954,9.85894800101479,50.0,11.802354286447036,2302.786376953125,429.7173714067458,5.208333333333333,0.3663808780605136,161.98924870566307
621,0.250588,1.0,1,497.8175482569588,0.0,272.46470384262375,5.340308195315425,42.7224655625234,48.062773757838826,865.592858398852,0.0,367.7753101418932,706.6010165243559,-0.0,0.0,4.2153444381935286,10.816947694964117,0.0,273.98376361058365,8847.63018035549,9.555652633508954,9.85894800101479,50.0,11.802354286447036,2302.786376953125,11.802354286447036,83.79671543377395,83.79671543377395,0.0,0.0,5.208333333333333,0.3663808780605136,429.7173714067458,161.98924870566307,232.36981964450933,150.0,1.0,1.9434062854322462,0.0,1986.597715201681,487.53329762800786,475.49007896836804,4178.994778111465,45.70389748642083,0.0,445.0285799683013,83.79671543377395,94.41883429157629,41.666666666666664,12.043218659639834,191700744.8961891,95824833.33333333,10.0,1.0,7.853981633974483,20.0,2.5,98.17477042468104,8847.63018035549,9.555652633508954,9.85894800101479,50.0,11.802354286447036,2302.786376953125,429.7173714067458,5.208333333333333,0.3663808780605136,161.98924870566307
622,0.205864,1.0,1,408.96895204227883,0.0,487.53329762800786,9.555652633508954,76.44522106807163,86.00087370158059,1080.2399177404168,0.0,671.2709656981382,0.0,-0.0,0.0,0.0,10.816947694964117,0.0,275.9174528645887,8847.63018035549,9.555652633508954,9.85894800101479,50.0,11.802354286447036,2302.786376953125,11.802354286447036,83.79671543377395,83.79671543377395,0.0,0.0,5.208333333333333,0.3663808780605136,429.7173714067458,161.98924870566307,232.36981964450933,150.0,1.0,1.9434062854322462,0.0,1986.597715201681,487.53329762800786,475.49007896836804,4178.994778111465,45.70389748642083,0.0,445.0285799683013,83.79671543377395,94.41883429157629,41.666666666666664,12.043218659639834,191700744.8961891,95824833.33333333,10.0,1.0,7.853981633974483,20.0,2.5,98.17477042468104,8847.63018035549,9.555652633508954,9.85894800101479,50.0,11.802354286447036,2302.786376953125,429.7173714067458,5.208333333333333,0.3663808780605136,161.98924870566307
623,0.159025,-0.0,1,315.9187016599473,0.0,147.16075149565458,2.88435072931483,23.07480583451864,25.959156563833467,315.9187016599473,0.0,0.0,0.0,1.0,2.88435072931483,0.0,13.643611409692651,0.0,266.0089624113075,0.0,0.0,9.85894800101479,50.0,0.0,0.0,0.0,0.0,0.0,0.0,0.0,5.208333333333333,0.3663808780605136,0.0,161.98924870566307,9080.0,150.0,-0.0,0.0,9.85894800101479,1986.597715201681,487.53329762800786,475.49007896836804,4178.994778111465,45.70389748642083,0.0,445.0285799683013,83.79671543377395,94.41883429157629,41.666666666666664,12.043218659639834,191700744.8961891,95824833.33333333,10.0,1.0,7.853981633974483,20.0,2.5,98.17477042468104,8847.63018035549,9.555652633508954,9.85894800101479,50.0,11.802354286447036,2302.786376953125,429.7173714067458,5.208333333333333,0.3663808780605136,161.98924870566307
624,0.611789,1.0,1,1215.3786295855214,0.0,487.53329762800786,9.555652633508954,76.44522106807163,86.00087370158059,1080.2399177404168,0.0,0.0,0.0,-0.0,0.0,0.0,13.643611409692651,0.0,267.9426516653126,8847.63018035549,9.555652633508954,9.85894800101479,50.0,11.802354286447036,2302.786376953125,11.802354286447036,83.79671543377395,83.79671543377395,0.0,0.0,5.208333333333333,0.3663808780605136,429.7173714067458,161.98924870566307,232.36981964450933,150.0,1.0,1.9434062854322462,0.0,1986.597715201681,487.53329762800786,475.49007896836804,4178.994778111465,45.70389748642083,0.0,445.0285799683013,83.79671543377395,94.41883429157629,41.666666666666664,12.043218659639834,191700744.8961891,95824833.33333333,10.0,1.0,7.853981633974483,20.0,2.5,98.17477042468104,8847.63018035549,9.555652633508954,9.85894800101479,50.0,11.802354286447036,2302.786376953125,429.7173714067458,5.208333333333333,0.3663808780605136,161.98924870566307
625,0.621332,1.0,1,1234.3367315816909,0.0,487.53329762800786,9.555652633508954,76.44522106807163,86.00087370158059,1234.3367315816909,154.096813841274,0.0,146.39197314921032,1.0,0.0,0.0,13.643611409692651,0.0,269.8763409193177,8847.63018035549,9.555652633508954,9.85894800101479,50.0,11.802354286447036,2302.786376953125,11.802354286447036,83.79671543377395,83.79671543377395,0.0,0.0,5.208333333333333,0.3663808780605136,429.7173714067458,161.98924870566307,232.36981964450933,150.0,1.0,1.9434062854322462,0.0,1986.597715201681,487.53329762800786,475.49007896836804,4178.994778111465,45.70389748642083,0.0,445.0285799683013,83.79671543377395,94.41883429157629,41.666666666666664,12.043218659639834,191700744.8961891,95824833.33333333,10.0,1.0,7.853981633974483,20.0,2.5,98.17477042468104,8847.63018035549,9.555652633508954,9.85894800101479,50.0,11.802354286447036,2302.786376953125,429.7173714067458,5.208333333333333,0.3663808780605136,161.98924870566307
626,0.6138709999999999,1.0,1,1219.514726028571,0.0,487.53329762800786,9.555652633508954,76.44522106807163,86.00087370158059,1219.514726028571,139.27480828815425,0.0,278.7030410229569,1.0,0.0,0.0,13.643611409692651,0.0,271.81003017332284,8847.63018035549,9.555652633508954,9.85894800101479,50.0,11.802354286447036,2302.786376953125,11.802354286447036,83.79671543377395,83.79671543377395,0.0,0.0,5.208333333333333,0.3663808780605136,429.7173714067458,161.98924870566307,232.36981964450933,150.0,1.0,1.9434062854322462,0.0,1986.597715201681,487.53329762800786,475.49007896836804,4178.994778111465,45.70389748642083,0.0,445.0285799683013,83.79671543377395,94.41883429157629,41.666666666666664,12.043218659639834,191700744.8961891,95824833.33333333,10.0,1.0,7.853981633974483,20.0,2.5,98.17477042468104,8847.63018035549,9.555652633508954,9.85894800101479,50.0,11.802354286447036,2302.786376953125,429.7173714067458,5.208333333333333,0.3663808780605136,161.98924870566307
627,0.588434,1.0,1,1168.981639946986,0.0,487.53329762800786,9.555652633508954,76.44522106807163,86.00087370158059,1164.0366331741907,0.0,0.0,278.7030410229569,-0.0,0.0,0.0,13.643611409692651,0.0,273.7437194273279,8847.63018035549,9.555652633508954,9.85894800101479,50.0,11.802354286447036,2302.786376953125,11.802354286447036,83.79671543377395,0.0,83.79671543377395,83.79671543377395,5.208333333333333,0.3663808780605136,429.7173714067458,161.98924870566307,232.36981964450933,150.0,1.0,1.9434062854322462,0.0,1986.597715201681,487.53329762800786,475.49007896836804,4178.994778111465,45.70389748642083,0.0,445.0285799683013,83.79671543377395,94.41883429157629,41.666666666666664,12.043218659639834,191700744.8961891,95824833.33333333,10.0,1.0,7.853981633974483,20.0,2.5,98.17477042468104,8847.63018035549,9.555652633508954,9.85894800101479,50.0,11.802354286447036,2302.786376953125,429.7173714067458,5.208333333333333,0.3663808780605136,161.98924870566307
628,0.569667,1.0,1,1131.6991606257961,0.0,487.53329762800786,9.555652633508954,76.44522106807163,86.00087370158059,1080.2399177404168,0.0,0.0,278.7030410229569,1.0,0.0,0.0,13.643611409692651,0.0,275.67740868133296,8847.63018035549,9.555652633508954,9.85894800101479,50.0,11.802354286447036,2302.786376953125,11.802354286447036,83.79671543377395,83.79671543377395,0.0,0.0,5.208333333333333,0.3663808780605136,429.7173714067458,161.98924870566307,232.36981964450933,150.0,1.0,1.9434062854322462,0.0,1986.597715201681,487.53329762800786,475.49007896836804,4178.994778111465,45.70389748642083,0.0,445.0285799683013,83.79671543377395,94.41883429157629,41.666666666666664,12.043218659639834,191700744.8961891,95824833.33333333,10.0,1.0,7.853981633974483,20.0,2.5,98.17477042468104,8847.63018035549,9.555652633508954,9.85894800101479,50.0,11.802354286447036,2302.786376953125,429.7173714067458,5.208333333333333,0.3663808780605136,161.98924870566307
629,0.572788,1.0,1,1137.8993320949403,0.0,487.53329762800786,9.555652633508954,76.44522106807163,86.00087370158059,1080.2399177404168,0.0,264.76788897180904,0.0,1.0,0.0,0.0,13.643611409692651,0.0,277.61109793533797,8847.63018035549,9.555652633508954,9.85894800101479,50.0,11.802354286447036,2302.786376953125,11.802354286447036,83.79671543377395,83.79671543377395,0.0,0.0,5.208333333333333,0.3663808780605136,429.7173714067458,161.98924870566307,232.36981964450933,150.0,1.0,1.9434062854322462,0.0,1986.597715201681,487.53329762800786,475.49007896836804,4178.994778111465,45.70389748642083,0.0,445.0285799683013,83.79671543377395,94.41883429157629,41.666666666666664,12.043218659639834,191700744.8961891,95824833.33333333,10.0,1.0,7.853981633974483,20.0,2.5,98.17477042468104,8847.63018035549,9.555652633508954,9.85894800101479,50.0,11.802354286447036,2302.786376953125,429.7173714067458,5.208333333333333,0.3663808780605136,161.98924870566307
630,0.627623,1.0,1,1246.8344178080247,0.0,487.53329762800786,9.555652633508954,76.44522106807163,86.00087370158059,1246.8344178080247,166.59450006760795,0.0,158.26477506422754,-0.0,0.0,0.0,13.643611409692651,0.0,279.54478718934297,8847.63018035549,9.555652633508954,9.85894800101479,50.0,11.802354286447036,2302.786376953125,11.802354286447036,83.79671543377395,83.79671543377395,0.0,0.0,5.208333333333333,0.3663808780605136,429.7173714067458,161.98924870566307,232.36981964450933,150.0,1.0,1.9434062854322462,0.0,1986.597715201681,487.53329762800786,475.49007896836804,4178.994778111465,45.70389748642083,0.0,445.0285799683013,83.79671543377395,94.41883429157629,41.666666666666664,12.043218659639834,191700744.8961891,95824833.33333333,10.0,1.0,7.853981633974483,20.0,2.5,98.17477042468104,8847.63018035549,9.555652633508954,9.85894800101479,50.0,11.802354286447036,2302.786376953125,429.7173714067458,5.208333333333333,0.3663808780605136,161.98924870566307
631,0.689155,1.0,1,1369.0737484198144,0.0,487.53329762800786,9.555652633508954,76.44522106807163,86.00087370158059,1369.0737484198144,288.83383067939764,0.0,432.6569142096553,1.0,0.0,0.0,13.643611409692651,0.0,281.47847644334706,8847.63018035549,9.555652633508954,9.85894800101479,50.0,11.802354286447036,2302.786376953125,11.802354286447036,83.79671543377395,83.79671543377395,0.0,0.0,5.208333333333333,0.3663808780605136,429.7173714067458,161.98924870566307,232.36981964450933,150.0,1.0,1.9434062854322462,0.0,1986.597715201681,487.53329762800786,475.49007896836804,4178.994778111465,45.70389748642083,0.0,445.0285799683013,83.79671543377395,94.41883429157629,41.666666666666664,12.043218659639834,191700744.8961891,95824833.33333333,10.0,1.0,7.853981633974483,20.0,2.5,98.17477042468104,8847.63018035549,9.555652633508954,9.85894800101479,50.0,11.802354286447036,2302.786376953125,429.7173714067458,5.208333333333333,0.3663808780605136,161.98924870566307
632,0.723642,1.0,1,1437.5855438239748,0.0,487.53329762800786,9.555652633508954,76.44522106807163,86.00087370158059,1437.5855438239748,357.3456260835581,0.0,772.1352589890355,1.0,0.0,0.0,13.643611409692651,0.0,283.4121656973516,8847.63018035549,9.555652633508954,9.85894800101479,50.0,11.802354286447036,2302.786376953125,11.802354286447036,83.79671543377395,83.79671543377395,0.0,0.0,5.208333333333333,0.3663808780605136,429.7173714067458,161.98924870566307,232.36981964450933,150.0,1.0,1.9434062854322462,0.0,1986.597715201681,487.53329762800786,475.49007896836804,4178.994778111465,45.70389748642083,0.0,445.0285799683013,83.79671543377395,94.41883429157629,41.666666666666664,12.043218659639834,191700744.8961891,95824833.33333333,10.0,1.0,7.853981633974483,20.0,2.5,98.17477042468104,8847.63018035549,9.555652633508954,9.85894800101479,50.0,11.802354286447036,2302.786376953125,429.7173714067458,5.208333333333333,0.3663808780605136,161.98924870566307
633,0.72492,1.0,1,1440.1244157040026,0.0,487.53329762800786,9.555652633508954,76.44522106807163,86.00087370158059,1080.2399177404168,0.0,0.0,772.1352589890355,-0.0,0.0,0.0,13.643611409692651,0.0,285.34585495135667,8847.63018035549,9.555652633508954,9.85894800101479,50.0,11.802354286447036,2302.786376953125,11.802354286447036,83.79671543377395,83.79671543377395,0.0,0.0,5.208333333333333,0.3663808780605136,429.7173714067458,161.98924870566307,232.36981964450933,150.0,1.0,1.9434062854322462,0.0,1986.597715201681,487.53329762800786,475.49007896836804,4178.994778111465,45.70389748642083,0.0,445.0285799683013,83.79671543377395,94.41883429157629,41.666666666666664,12.043218659639834,191700744.8961891,95824833.33333333,10.0,1.0,7.853981633974483,20.0,2.5,98.17477042468104,8847.63018035549,9.555652633508954,9.85894800101479,50.0,11.802354286447036,2302.786376953125,429.7173714067458,5.208333333333333,0.3663808780605136,161.98924870566307
634,0.7188490000000001,1.0,1,1428.0637809750133,0.0,487.53329762800786,9.555652633508954,76.44522106807163,86.00087370158059,1428.0637809750133,347.82386323459656,0.0,1102.5679290619023,0.0,0.0,0.0,13.643611409692651,0.0,287.27954420536173,8847.63018035549,9.555652633508954,9.85894800101479,50.0,11.802354286447036,2302.786376953125,11.802354286447036,83.79671543377395,83.79671543377395,0.0,0.0,5.208333333333333,0.3663808780605136,429.7173714067458,161.98924870566307,232.36981964450933,150.0,1.0,1.9434062854322462,0.0,1986.597715201681,487.53329762800786,475.49007896836804,4178.994778111465,45.70389748642083,0.0,445.0285799683013,83.79671543377395,94.41883429157629,41.666666666666664,12.043218659639834,191700744.8961891,95824833.33333333,10.0,1.0,7.853981633974483,20.0,2.5,98.17477042468104,8847.63018035549,9.555652633508954,9.85894800101479,50.0,11.802354286447036,2302.786376953125,429.7173714067458,5.208333333333333,0.3663808780605136,161.98924870566307
635,0.717778,1.0,1,1425.9361348220323,0.0,487.53329762800786,9.555652633508954,76.44522106807163,86.00087370158059,1425.9361348220323,345.69621708161543,0.0,1430.9793352894367,-0.0,0.0,0.0,13.643611409692651,0.0,289.2132334593668,8847.63018035549,9.555652633508954,9.85894800101479,50.0,11.802354286447036,2302.786376953125,11.802354286447036,83.79671543377395,83.79671543377395,0.0,0.0,5.208333333333333,0.3663808780605136,429.7173714067458,161.98924870566307,232.36981964450933,150.0,1.0,1.9434062854322462,0.0,1986.597715201681,487.53329762800786,475.49007896836804,4178.994778111465,45.70389748642083,0.0,445.0285799683013,83.79671543377395,94.41883429157629,41.666666666666664,12.043218659639834,191700744.8961891,95824833.33333333,10.0,1.0,7.853981633974483,20.0,2.5,98.17477042468104,8847.63018035549,9.555652633508954,9.85894800101479,50.0,11.802354286447036,2302.786376953125,429.7173714067458,5.208333333333333,0.3663808780605136,161.98924870566307
636,0.695982,1.0,1,1382.6362510214963,0.0,487.53329762800786,9.555652633508954,76.44522106807163,86.00087370158059,1382.6362510214963,302.39633328107954,0.0,1718.2558519064623,0.0,0.0,0.0,13.643611409692651,0.0,291.14692271337185,8847.63018035549,9.555652633508954,9.85894800101479,50.0,11.802354286447036,2302.786376953125,11.802354286447036,83.79671543377395,83.79671543377395,0.0,0.0,5.208333333333333,0.3663808780605136,429.7173714067458,161.98924870566307,232.36981964450933,150.0,1.0,1.9434062854322462,0.0,1986.597715201681,487.53329762800786,475.49007896836804,4178.994778111465,45.70389748642083,0.0,445.0285799683013,83.79671543377395,94.41883429157629,41.666666666666664,12.043218659639834,191700744.8961891,95824833.33333333,10.0,1.0,7.853981633974483,20.0,2.5,98.17477042468104,8847.63018035549,9.555652633508954,9.85894800101479,50.0,11.802354286447036,2302.786376953125,429.7173714067458,5.208333333333333,0.3663808780605136,161.98924870566307
637,0.6342949999999999,1.0,1,1260.08899776385,0.0,487.53329762800786,9.555652633508954,76.44522106807163,86.00087370158059,1260.08899776385,179.84908002343337,0.0,1889.112477928724,0.0,0.0,0.0,13.643611409692651,0.0,293.0806119673769,8847.63018035549,9.555652633508954,9.85894800101479,50.0,11.802354286447036,2302.786376953125,11.802354286447036,83.79671543377395,83.79671543377395,0.0,0.0,5.208333333333333,0.3663808780605136,429.7173714067458,161.98924870566307,232.36981964450933,150.0,1.0,1.9434062854322462,0.0,1986.597715201681,487.53329762800786,475.49007896836804,4178.994778111465,45.70389748642083,0.0,445.0285799683013,83.79671543377395,94.41883429157629,41.666666666666664,12.043218659639834,191700744.8961891,95824833.33333333,10.0,1.0,7.853981633974483,20.0,2.5,98.17477042468104,8847.63018035549,9.555652633508954,9.85894800101479,50.0,11.802354286447036,2302.786376953125,429.7173714067458,5.208333333333333,0.3663808780605136,161.98924870566307
638,0.57137,1.0,1,1135.0823365347846,0.0,487.53329762800786,9.555652633508954,76.44522106807163,86.00087370158059,1080.2399177404168,0.0,0.0,1889.112477928724,-0.0,0.0,0.0,13.643611409692651,0.0,295.014301221382,8847.63018035549,9.555652633508954,9.85894800101479,50.0,11.802354286447036,2302.786376953125,11.802354286447036,83.79671543377395,83.79671543377395,0.0,0.0,5.208333333333333,0.3663808780605136,429.7173714067458,161.98924870566307,232.36981964450933,150.0,1.0,1.9434062854322462,0.0,1986.597715201681,487.53329762800786,475.49007896836804,4178.994778111465,45.70389748642083,0.0,445.0285799683013,83.79671543377395,94.41883429157629,41.666666666666664,12.043218659639834,191700744.8961891,95824833.33333333,10.0,1.0,7.853981633974483,20.0,2.5,98.17477042468104,8847.63018035549,9.555652633508954,9.85894800101479,50.0,11.802354286447036,2302.786376953125,429.7173714067458,5.208333333333333,0.3663808780605136,161.98924870566307
639,0.4662559999999999,1.0,1,926.2631042990748,0.0,487.53329762800786,9.555652633508954,76.44522106807163,86.00087370158059,1080.2399177404168,0.0,623.7518828167458,1232.531548647939,-0.0,0.0,0.0,13.643611409692651,0.0,296.9479904753871,8847.63018035549,9.555652633508954,9.85894800101479,50.0,11.802354286447036,2302.786376953125,11.802354286447036,83.79671543377395,83.79671543377395,0.0,0.0,5.208333333333333,0.3663808780605136,429.7173714067458,161.98924870566307,232.36981964450933,150.0,1.0,1.9434062854322462,0.0,1986.597715201681,487.53329762800786,475.49007896836804,4178.994778111465,45.70389748642083,0.0,445.0285799683013,83.79671543377395,94.41883429157629,41.666666666666664,12.043218659639834,191700744.8961891,95824833.33333333,10.0,1.0,7.853981633974483,20.0,2.5,98.17477042468104,8847.63018035549,9.555652633508954,9.85894800101479,50.0,11.802354286447036,2302.786376953125,429.7173714067458,5.208333333333333,0.3663808780605136,161.98924870566307
640,0.38763,1.0,1,770.0648723436276,0.0,487.53329762800786,9.555652633508954,76.44522106807163,86.00087370158059,1080.2399177404168,0.0,310.1750453967892,906.031500861845,-0.0,0.0,0.0,13.643611409692651,0.0,298.8816797293922,8847.63018035549,9.555652633508954,9.85894800101479,50.0,11.802354286447036,2302.786376953125,11.802354286447036,83.79671543377395,83.79671543377395,0.0,0.0,5.208333333333333,0.3663808780605136,429.7173714067458,161.98924870566307,232.36981964450933,150.0,1.0,1.9434062854322462,0.0,1986.597715201681,487.53329762800786,475.49007896836804,4178.994778111465,45.70389748642083,0.0,445.0285799683013,83.79671543377395,94.41883429157629,41.666666666666664,12.043218659639834,191700744.8961891,95824833.33333333,10.0,1.0,7.853981633974483,20.0,2.5,98.17477042468104,8847.63018035549,9.555652633508954,9.85894800101479,50.0,11.802354286447036,2302.786376953125,429.7173714067458,5.208333333333333,0.3663808780605136,161.98924870566307
641,0.399028,1.0,1,792.7081131014963,0.0,487.53329762800786,9.555652633508954,76.44522106807163,86.00087370158059,1080.2399177404168,0.0,287.5318046389204,603.366443347192,-0.0,0.0,0.0,13.643611409692651,0.0,300.8153689833973,8847.63018035549,9.555652633508954,9.85894800101479,50.0,11.802354286447036,2302.786376953125,11.802354286447036,83.79671543377395,83.79671543377395,0.0,0.0,5.208333333333333,0.3663808780605136,429.7173714067458,161.98924870566307,232.36981964450933,150.0,1.0,1.9434062854322462,0.0,1986.597715201681,487.53329762800786,475.49007896836804,4178.994778111465,45.70389748642083,0.0,445.0285799683013,83.79671543377395,94.41883429157629,41.666666666666664,12.043218659639834,191700744.8961891,95824833.33333333,10.0,1.0,7.853981633974483,20.0,2.5,98.17477042468104,8847.63018035549,9.555652633508954,9.85894800101479,50.0,11.802354286447036,2302.786376953125,429.7173714067458,5.208333333333333,0.3663808780605136,161.98924870566307
642,0.493539,1.0,1,980.4634497629224,0.0,487.53329762800786,9.555652633508954,76.44522106807163,86.00087370158059,1080.2399177404168,0.0,99.77646797749429,498.3385823182506,-0.0,0.0,0.0,13.643611409692651,0.0,302.7490582374024,8847.63018035549,9.555652633508954,9.85894800101479,50.0,11.802354286447036,2302.786376953125,11.802354286447036,83.79671543377395,83.79671543377395,0.0,0.0,5.208333333333333,0.3663808780605136,429.7173714067458,161.98924870566307,232.36981964450933,150.0,1.0,1.9434062854322462,0.0,1986.597715201681,487.53329762800786,475.49007896836804,4178.994778111465,45.70389748642083,0.0,445.0285799683013,83.79671543377395,94.41883429157629,41.666666666666664,12.043218659639834,191700744.8961891,95824833.33333333,10.0,1.0,7.853981633974483,20.0,2.5,98.17477042468104,8847.63018035549,9.555652633508954,9.85894800101479,50.0,11.802354286447036,2302.786376953125,429.7173714067458,5.208333333333333,0.3663808780605136,161.98924870566307
643,0.607595,1.0,1,1207.0468387679653,0.0,487.53329762800786,9.555652633508954,76.44522106807163,86.00087370158059,1080.2399177404168,0.0,0.0,498.3385823182506,-0.0,0.0,0.0,13.643611409692651,0.0,304.68274749140744,8847.63018035549,9.555652633508954,9.85894800101479,50.0,11.802354286447036,2302.786376953125,11.802354286447036,83.79671543377395,83.79671543377395,0.0,0.0,5.208333333333333,0.3663808780605136,429.7173714067458,161.98924870566307,232.36981964450933,150.0,1.0,1.9434062854322462,0.0,1986.597715201681,487.53329762800786,475.49007896836804,4178.994778111465,45.70389748642083,0.0,445.0285799683013,83.79671543377395,94.41883429157629,41.666666666666664,12.043218659639834,191700744.8961891,95824833.33333333,10.0,1.0,7.853981633974483,20.0,2.5,98.17477042468104,8847.63018035549,9.555652633508954,9.85894800101479,50.0,11.802354286447036,2302.786376953125,429.7173714067458,5.208333333333333,0.3663808780605136,161.98924870566307
644,0.6603289999999999,1.0,1,1311.8080826814107,0.0,487.53329762800786,9.555652633508954,76.44522106807163,86.00087370158059,1311.8080826814107,231.568164940994,0.0,718.3283390121949,-0.0,0.0,0.0,13.643611409692651,0.0,306.6164367454125,8847.63018035549,9.555652633508954,9.85894800101479,50.0,11.802354286447036,2302.786376953125,11.802354286447036,83.79671543377395,83.79671543377395,0.0,0.0,5.208333333333333,0.3663808780605136,429.7173714067458,161.98924870566307,232.36981964450933,150.0,1.0,1.9434062854322462,0.0,1986.597715201681,487.53329762800786,475.49007896836804,4178.994778111465,45.70389748642083,0.0,445.0285799683013,83.79671543377395,94.41883429157629,41.666666666666664,12.043218659639834,191700744.8961891,95824833.33333333,10.0,1.0,7.853981633974483,20.0,2.5,98.17477042468104,8847.63018035549,9.555652633508954,9.85894800101479,50.0,11.802354286447036,2302.786376953125,429.7173714067458,5.208333333333333,0.3663808780605136,161.98924870566307
645,0.694013,1.0,1,1378.7246401202642,0.0,487.53329762800786,9.555652633508954,76.44522106807163,86.00087370158059,1080.2399177404168,0.0,0.0,718.3283390121949,1.0,0.0,0.0,13.643611409692651,0.0,308.55012599941756,8847.63018035549,9.555652633508954,9.85894800101479,50.0,11.802354286447036,2302.786376953125,11.802354286447036,83.79671543377395,83.79671543377395,0.0,0.0,5.208333333333333,0.3663808780605136,429.7173714067458,161.98924870566307,232.36981964450933,150.0,1.0,1.9434062854322462,0.0,1986.597715201681,487.53329762800786,475.49007896836804,4178.994778111465,45.70389748642083,0.0,445.0285799683013,83.79671543377395,94.41883429157629,41.666666666666664,12.043218659639834,191700744.8961891,95824833.33333333,10.0,1.0,7.853981633974483,20.0,2.5,98.17477042468104,8847.63018035549,9.555652633508954,9.85894800101479,50.0,11.802354286447036,2302.786376953125,429.7173714067458,5.208333333333333,0.3663808780605136,161.98924870566307
646,0.686929,1.0,1,1364.6515819057756,0.0,487.53329762800786,9.555652633508954,76.44522106807163,86.00087370158059,1364.6515819057756,284.4116641653589,0.0,988.5194199692858,-0.0,0.0,0.0,13.643611409692651,0.0,310.4838152534226,8847.63018035549,9.555652633508954,9.85894800101479,50.0,11.802354286447036,2302.786376953125,11.802354286447036,83.79671543377395,83.79671543377395,0.0,0.0,5.208333333333333,0.3663808780605136,429.7173714067458,161.98924870566307,232.36981964450933,150.0,1.0,1.9434062854322462,0.0,1986.597715201681,487.53329762800786,475.49007896836804,4178.994778111465,45.70389748642083,0.0,445.0285799683013,83.79671543377395,94.41883429157629,41.666666666666664,12.043218659639834,191700744.8961891,95824833.33333333,10.0,1.0,7.853981633974483,20.0,2.5,98.17477042468104,8847.63018035549,9.555652633508954,9.85894800101479,50.0,11.802354286447036,2302.786376953125,429.7173714067458,5.208333333333333,0.3663808780605136,161.98924870566307
647,0.659163,1.0,1,1309.4917097454859,0.0,487.53329762800786,9.555652633508954,76.44522106807163,86.00087370158059,1080.2399177404168,0.0,0.0,988.5194199692858,1.0,0.0,0.0,13.643611409692651,0.0,312.4175045074278,8847.63018035549,9.555652633508954,9.85894800101479,50.0,11.802354286447036,2302.786376953125,11.802354286447036,83.79671543377395,83.79671543377395,0.0,0.0,5.208333333333333,0.3663808780605136,429.7173714067458,161.98924870566307,232.36981964450933,150.0,1.0,1.9434062854322462,0.0,1986.597715201681,487.53329762800786,475.49007896836804,4178.994778111465,45.70389748642083,0.0,445.0285799683013,83.79671543377395,94.41883429157629,41.666666666666664,12.043218659639834,191700744.8961891,95824833.33333333,10.0,1.0,7.853981633974483,20.0,2.5,98.17477042468104,8847.63018035549,9.555652633508954,9.85894800101479,50.0,11.802354286447036,2302.786376953125,429.7173714067458,5.208333333333333,0.3663808780605136,161.98924870566307
648,0.8204,1.0,1,1629.8047655514592,0.0,487.53329762800786,9.555652633508954,76.44522106807163,86.00087370158059,1080.2399177404168,0.0,0.0,988.5194199692858,0.0,0.0,0.0,13.643611409692651,0.0,314.35119376143285,8847.63018035549,9.555652633508954,9.85894800101479,50.0,11.802354286447036,2302.786376953125,11.802354286447036,83.79671543377395,83.79671543377395,0.0,0.0,5.208333333333333,0.3663808780605136,429.7173714067458,161.98924870566307,232.36981964450933,150.0,1.0,1.9434062854322462,0.0,1986.597715201681,487.53329762800786,475.49007896836804,4178.994778111465,45.70389748642083,0.0,445.0285799683013,83.79671543377395,94.41883429157629,41.666666666666664,12.043218659639834,191700744.8961891,95824833.33333333,10.0,1.0,7.853981633974483,20.0,2.5,98.17477042468104,8847.63018035549,9.555652633508954,9.85894800101479,50.0,11.802354286447036,2302.786376953125,429.7173714067458,5.208333333333333,0.3663808780605136,161.98924870566307
649,0.818855,1.0,1,1626.7354720814726,0.0,487.53329762800786,9.555652633508954,76.44522106807163,86.00087370158059,1626.7354720814728,546.4955543410559,0.0,1507.6901965932889,0.0,0.0,0.0,13.643611409692651,0.0,316.284883015438,8847.63018035549,9.555652633508954,9.85894800101479,50.0,11.802354286447036,2302.786376953125,11.802354286447036,83.79671543377395,83.79671543377395,0.0,0.0,5.208333333333333,0.3663808780605136,429.7173714067458,161.98924870566307,232.36981964450933,150.0,1.0,1.9434062854322462,0.0,1986.597715201681,487.53329762800786,475.49007896836804,4178.994778111465,45.70389748642083,0.0,445.0285799683013,83.79671543377395,94.41883429157629,41.666666666666664,12.043218659639834,191700744.8961891,95824833.33333333,10.0,1.0,7.853981633974483,20.0,2.5,98.17477042468104,8847.63018035549,9.555652633508954,9.85894800101479,50.0,11.802354286447036,2302.786376953125,429.7173714067458,5.208333333333333,0.3663808780605136,161.98924870566307
650,0.7974600000000001,1.0,1,1584.2322139647326,0.0,487.53329762800786,9.555652633508954,76.44522106807163,86.00087370158059,1164.0366331741907,0.0,0.0,1507.6901965932889,0.0,0.0,0.0,13.643611409692651,0.0,318.2185722694431,8847.63018035549,9.555652633508954,9.85894800101479,50.0,11.802354286447036,2302.786376953125,11.802354286447036,83.79671543377395,0.0,83.79671543377395,83.79671543377395,5.208333333333333,0.3663808780605136,429.7173714067458,161.98924870566307,232.36981964450933,150.0,1.0,1.9434062854322462,0.0,1986.597715201681,487.53329762800786,475.49007896836804,4178.994778111465,45.70389748642083,0.0,445.0285799683013,83.79671543377395,94.41883429157629,41.666666666666664,12.043218659639834,191700744.8961891,95824833.33333333,10.0,1.0,7.853981633974483,20.0,2.5,98.17477042468104,8847.63018035549,9.555652633508954,9.85894800101479,50.0,11.802354286447036,2302.786376953125,429.7173714067458,5.208333333333333,0.3663808780605136,161.98924870566307
651,0.762506,1.0,1,1514.792677427573,0.0,487.53329762800786,9.555652633508954,76.44522106807163,86.00087370158059,1514.792677427573,434.55275968715625,0.0,1920.5153182960873,0.0,0.0,0.0,13.643611409692651,0.0,320.15226152344815,8847.63018035549,9.555652633508954,9.85894800101479,50.0,11.802354286447036,2302.786376953125,11.802354286447036,83.79671543377395,83.79671543377395,0.0,0.0,5.208333333333333,0.3663808780605136,429.7173714067458,161.98924870566307,232.36981964450933,150.0,1.0,1.9434062854322462,0.0,1986.597715201681,487.53329762800786,475.49007896836804,4178.994778111465,45.70389748642083,0.0,445.0285799683013,83.79671543377395,94.41883429157629,41.666666666666664,12.043218659639834,191700744.8961891,95824833.33333333,10.0,1.0,7.853981633974483,20.0,2.5,98.17477042468104,8847.63018035549,9.555652633508954,9.85894800101479,50.0,11.802354286447036,2302.786376953125,429.7173714067458,5.208333333333333,0.3663808780605136,161.98924870566307
652,0.750122,1.0,1,1490.1906513225154,0.0,487.53329762800786,9.555652633508954,76.44522106807163,86.00087370158059,1080.2399177404168,0.0,0.0,1920.5153182960873,1.0,0.0,0.0,13.643611409692651,0.0,322.0859507774532,8847.63018035549,9.555652633508954,9.85894800101479,50.0,11.802354286447036,2302.786376953125,11.802354286447036,83.79671543377395,83.79671543377395,0.0,0.0,5.208333333333333,0.3663808780605136,429.7173714067458,161.98924870566307,232.36981964450933,150.0,1.0,1.9434062854322462,0.0,1986.597715201681,487.53329762800786,475.49007896836804,4178.994778111465,45.70389748642083,0.0,445.0285799683013,83.79671543377395,94.41883429157629,41.666666666666664,12.043218659639834,191700744.8961891,95824833.33333333,10.0,1.0,7.853981633974483,20.0,2.5,98.17477042468104,8847.63018035549,9.555652633508954,9.85894800101479,50.0,11.802354286447036,2302.786376953125,429.7173714067458,5.208333333333333,0.3663808780605136,161.98924870566307
653,0.781062,1.0,1,1551.6559846308555,0.0,487.53329762800786,9.555652633508954,76.44522106807163,86.00087370158059,1080.2399177404168,0.0,0.0,1920.5153182960873,0.0,0.0,0.0,13.643611409692651,0.0,324.0196400314584,8847.63018035549,9.555652633508954,9.85894800101479,50.0,11.802354286447036,2302.786376953125,11.802354286447036,83.79671543377395,83.79671543377395,0.0,0.0,5.208333333333333,0.3663808780605136,429.7173714067458,161.98924870566307,232.36981964450933,150.0,1.0,1.9434062854322462,0.0,1986.597715201681,487.53329762800786,475.49007896836804,4178.994778111465,45.70389748642083,0.0,445.0285799683013,83.79671543377395,94.41883429157629,41.666666666666664,12.043218659639834,191700744.8961891,95824833.33333333,10.0,1.0,7.853981633974483,20.0,2.5,98.17477042468104,8847.63018035549,9.555652633508954,9.85894800101479,50.0,11.802354286447036,2302.786376953125,429.7173714067458,5.208333333333333,0.3663808780605136,161.98924870566307
654,0.810437,1.0,1,1610.0122925149046,0.0,487.53329762800786,9.555652633508954,76.44522106807163,86.00087370158059,1164.0366331741907,0.0,0.0,1920.5153182960873,-0.0,0.0,0.0,13.643611409692651,0.0,325.95332928546344,8847.63018035549,9.555652633508954,9.85894800101479,50.0,11.802354286447036,2302.786376953125,11.802354286447036,83.79671543377395,0.0,83.79671543377395,83.79671543377395,5.208333333333333,0.3663808780605136,429.7173714067458,161.98924870566307,232.36981964450933,150.0,1.0,1.9434062854322462,0.0,1986.597715201681,487.53329762800786,475.49007896836804,4178.994778111465,45.70389748642083,0.0,445.0285799683013,83.79671543377395,94.41883429157629,41.666666666666664,12.043218659639834,191700744.8961891,95824833.33333333,10.0,1.0,7.853981633974483,20.0,2.5,98.17477042468104,8847.63018035549,9.555652633508954,9.85894800101479,50.0,11.802354286447036,2302.786376953125,429.7173714067458,5.208333333333333,0.3663808780605136,161.98924870566307
655,0.8366509999999999,1.0,1,1662.0889650212014,0.0,487.53329762800786,9.555652633508954,76.44522106807163,86.00087370158059,1080.2399177404168,0.0,0.0,1920.5153182960873,0.0,0.0,0.0,13.643611409692651,0.0,327.8870185394685,8847.63018035549,9.555652633508954,9.85894800101479,50.0,11.802354286447036,2302.786376953125,11.802354286447036,83.79671543377395,83.79671543377395,0.0,0.0,5.208333333333333,0.3663808780605136,429.7173714067458,161.98924870566307,232.36981964450933,150.0,1.0,1.9434062854322462,0.0,1986.597715201681,487.53329762800786,475.49007896836804,4178.994778111465,45.70389748642083,0.0,445.0285799683013,83.79671543377395,94.41883429157629,41.666666666666664,12.043218659639834,191700744.8961891,95824833.33333333,10.0,1.0,7.853981633974483,20.0,2.5,98.17477042468104,8847.63018035549,9.555652633508954,9.85894800101479,50.0,11.802354286447036,2302.786376953125,429.7173714067458,5.208333333333333,0.3663808780605136,161.98924870566307
656,0.872026,1.0,1,1732.364859196461,0.0,487.53329762800786,9.555652633508954,76.44522106807163,86.00087370158059,1080.2399177404168,0.0,0.0,1920.5153182960873,0.0,0.0,0.0,13.643611409692651,0.0,329.82070779347356,8847.63018035549,9.555652633508954,9.85894800101479,50.0,11.802354286447036,2302.786376953125,11.802354286447036,83.79671543377395,83.79671543377395,0.0,0.0,5.208333333333333,0.3663808780605136,429.7173714067458,161.98924870566307,232.36981964450933,150.0,1.0,1.9434062854322462,0.0,1986.597715201681,487.53329762800786,475.49007896836804,4178.994778111465,45.70389748642083,0.0,445.0285799683013,83.79671543377395,94.41883429157629,41.666666666666664,12.043218659639834,191700744.8961891,95824833.33333333,10.0,1.0,7.853981633974483,20.0,2.5,98.17477042468104,8847.63018035549,9.555652633508954,9.85894800101479,50.0,11.802354286447036,2302.786376953125,429.7173714067458,5.208333333333333,0.3663808780605136,161.98924870566307
657,0.905453,1.0,1,1798.7708610225077,0.0,487.53329762800786,9.555652633508954,76.44522106807163,86.00087370158059,1080.2399177404168,0.0,0.0,1920.5153182960873,0.0,0.0,0.0,13.643611409692651,0.0,331.7543970474784,8847.63018035549,9.555652633508954,9.85894800101479,50.0,11.802354286447036,2302.786376953125,11.802354286447036,83.79671543377395,83.79671543377395,0.0,0.0,5.208333333333333,0.3663808780605136,429.7173714067458,161.98924870566307,232.36981964450933,150.0,1.0,1.9434062854322462,0.0,1986.597715201681,487.53329762800786,475.49007896836804,4178.994778111465,45.70389748642083,0.0,445.0285799683013,83.79671543377395,94.41883429157629,41.666666666666664,12.043218659639834,191700744.8961891,95824833.33333333,10.0,1.0,7.853981633974483,20.0,2.5,98.17477042468104,8847.63018035549,9.555652633508954,9.85894800101479,50.0,11.802354286447036,2302.786376953125,429.7173714067458,5.208333333333333,0.3663808780605136,161.98924870566307
658,0.930656,1.0,1,1848.8390832387356,0.0,487.53329762800786,9.555652633508954,76.44522106807163,86.00087370158059,1848.8390832387358,768.5991654983189,0.0,2650.6845255194903,0.0,0.0,0.0,13.643611409692651,0.0,333.68808630148345,8847.63018035549,9.555652633508954,9.85894800101479,50.0,11.802354286447036,2302.786376953125,11.802354286447036,83.79671543377395,83.79671543377395,0.0,0.0,5.208333333333333,0.3663808780605136,429.7173714067458,161.98924870566307,232.36981964450933,150.0,1.0,1.9434062854322462,0.0,1986.597715201681,487.53329762800786,475.49007896836804,4178.994778111465,45.70389748642083,0.0,445.0285799683013,83.79671543377395,94.41883429157629,41.666666666666664,12.043218659639834,191700744.8961891,95824833.33333333,10.0,1.0,7.853981633974483,20.0,2.5,98.17477042468104,8847.63018035549,9.555652633508954,9.85894800101479,50.0,11.802354286447036,2302.786376953125,429.7173714067458,5.208333333333333,0.3663808780605136,161.98924870566307
659,0.951421,1.0,1,1890.0907847948986,0.0,487.53329762800786,9.555652633508954,76.44522106807163,86.00087370158059,1080.2399177404168,0.0,0.0,2650.6845255194903,0.0,0.0,0.0,13.643611409692651,0.0,335.6217755554885,8847.63018035549,9.555652633508954,9.85894800101479,50.0,11.802354286447036,2302.786376953125,11.802354286447036,83.79671543377395,83.79671543377395,0.0,0.0,5.208333333333333,0.3663808780605136,429.7173714067458,161.98924870566307,232.36981964450933,150.0,1.0,1.9434062854322462,0.0,1986.597715201681,487.53329762800786,475.49007896836804,4178.994778111465,45.70389748642083,0.0,445.0285799683013,83.79671543377395,94.41883429157629,41.666666666666664,12.043218659639834,191700744.8961891,95824833.33333333,10.0,1.0,7.853981633974483,20.0,2.5,98.17477042468104,8847.63018035549,9.555652633508954,9.85894800101479,50.0,11.802354286447036,2302.786376953125,429.7173714067458,5.208333333333333,0.3663808780605136,161.98924870566307
660,0.957626,1.0,1,1902.417623617725,0.0,487.53329762800786,9.555652633508954,76.44522106807163,86.00087370158059,1080.2399177404168,0.0,0.0,2650.6845255194903,1.0,0.0,0.0,13.643611409692651,0.0,337.55546480949357,8847.63018035549,9.555652633508954,9.85894800101479,50.0,11.802354286447036,2302.786376953125,11.802354286447036,83.79671543377395,83.79671543377395,0.0,0.0,5.208333333333333,0.3663808780605136,429.7173714067458,161.98924870566307,232.36981964450933,150.0,1.0,1.9434062854322462,0.0,1986.597715201681,487.53329762800786,475.49007896836804,4178.994778111465,45.70389748642083,0.0,445.0285799683013,83.79671543377395,94.41883429157629,41.666666666666664,12.043218659639834,191700744.8961891,95824833.33333333,10.0,1.0,7.853981633974483,20.0,2.5,98.17477042468104,8847.63018035549,9.555652633508954,9.85894800101479,50.0,11.802354286447036,2302.786376953125,429.7173714067458,5.208333333333333,0.3663808780605136,161.98924870566307
661,0.955107,1.0,1,1897.413383973132,0.0,487.53329762800786,9.555652633508954,76.44522106807163,86.00087370158059,1897.413383973132,817.1734662327154,0.0,3426.99931844057,0.0,0.0,0.0,13.643611409692651,0.0,339.4891540634984,8847.63018035549,9.555652633508954,9.85894800101479,50.0,11.802354286447036,2302.786376953125,11.802354286447036,83.79671543377395,83.79671543377395,0.0,0.0,5.208333333333333,0.3663808780605136,429.7173714067458,161.98924870566307,232.36981964450933,150.0,1.0,1.9434062854322462,0.0,1986.597715201681,487.53329762800786,475.49007896836804,4178.994778111465,45.70389748642083,0.0,445.0285799683013,83.79671543377395,94.41883429157629,41.666666666666664,12.043218659639834,191700744.8961891,95824833.33333333,10.0,1.0,7.853981633974483,20.0,2.5,98.17477042468104,8847.63018035549,9.555652633508954,9.85894800101479,50.0,11.802354286447036,2302.786376953125,429.7173714067458,5.208333333333333,0.3663808780605136,161.98924870566307
662,0.948215,1.0,1,1883.721752519962,0.0,487.53329762800786,9.555652633508954,76.44522106807163,86.00087370158059,1080.2399177404168,0.0,0.0,3426.9993184405703,0.0,0.0,0.0,13.643611409692651,0.0,341.42284331750346,8847.63018035549,9.555652633508954,9.85894800101479,50.0,11.802354286447036,2302.786376953125,11.802354286447036,83.79671543377395,83.79671543377395,0.0,0.0,5.208333333333333,0.3663808780605136,429.7173714067458,161.98924870566307,232.36981964450933,150.0,1.0,1.9434062854322462,0.0,1986.597715201681,487.53329762800786,475.49007896836804,4178.994778111465,45.70389748642083,0.0,445.0285799683013,83.79671543377395,94.41883429157629,41.666666666666664,12.043218659639834,191700744.8961891,95824833.33333333,10.0,1.0,7.853981633974483,20.0,2.5,98.17477042468104,8847.63018035549,9.555652633508954,9.85894800101479,50.0,11.802354286447036,2302.786376953125,429.7173714067458,5.208333333333333,0.3663808780605136,161.98924870566307
663,0.942221,1.0,1,1871.814085815043,0.0,487.53329762800786,9.555652633508954,76.44522106807163,86.00087370158059,1871.8140858150432,791.5741680746263,0.0,4178.994778111465,0.0,0.0,0.0,13.643611409692651,0.0,343.3565325715085,8847.63018035549,9.555652633508954,9.85894800101479,50.0,11.802354286447036,2302.786376953125,11.802354286447036,83.79671543377395,83.79671543377395,0.0,0.0,5.208333333333333,0.3663808780605136,429.7173714067458,161.98924870566307,232.36981964450933,150.0,1.0,1.9434062854322462,0.0,1986.597715201681,487.53329762800786,475.49007896836804,4178.994778111465,45.70389748642083,0.0,445.0285799683013,83.79671543377395,94.41883429157629,41.666666666666664,12.043218659639834,191700744.8961891,95824833.33333333,10.0,1.0,7.853981633974483,20.0,2.5,98.17477042468104,8847.63018035549,9.555652633508954,9.85894800101479,50.0,11.802354286447036,2302.786376953125,429.7173714067458,5.208333333333333,0.3663808780605136,161.98924870566307
664,0.930419,1.0,1,1848.368259580233,0.0,487.53329762800786,9.555652633508954,76.44522106807163,86.00087370158059,1080.2399177404168,0.0,0.0,4178.994778111465,1.0,0.0,0.0,13.643611409692651,0.0,345.2902218255136,8847.63018035549,9.555652633508954,9.85894800101479,50.0,11.802354286447036,2302.786376953125,11.802354286447036,83.79671543377395,83.79671543377395,0.0,0.0,5.208333333333333,0.3663808780605136,429.7173714067458,161.98924870566307,232.36981964450933,150.0,1.0,1.9434062854322462,0.0,1986.597715201681,487.53329762800786,475.49007896836804,4178.994778111465,45.70389748642083,0.0,445.0285799683013,83.79671543377395,94.41883429157629,41.666666666666664,12.043218659639834,191700744.8961891,95824833.33333333,10.0,1.0,7.853981633974483,20.0,2.5,98.17477042468104,8847.63018035549,9.555652633508954,9.85894800101479,50.0,11.802354286447036,2302.786376953125,429.7173714067458,5.208333333333333,0.3663808780605136,161.98924870566307
665,0.909191,1.0,1,1806.1967632819315,0.0,487.53329762800786,9.555652633508954,76.44522106807163,86.00087370158059,1080.2399177404168,0.0,0.0,4178.994778111465,1.0,0.0,0.0,13.643611409692651,0.0,347.2239110795184,8847.63018035549,9.555652633508954,9.85894800101479,50.0,11.802354286447036,2302.786376953125,11.802354286447036,83.79671543377395,83.79671543377395,0.0,0.0,5.208333333333333,0.3663808780605136,429.7173714067458,161.98924870566307,232.36981964450933,150.0,1.0,1.9434062854322462,0.0,1986.597715201681,487.53329762800786,475.49007896836804,4178.994778111465,45.70389748642083,0.0,445.0285799683013,83.79671543377395,94.41883429157629,41.666666666666664,12.043218659639834,191700744.8961891,95824833.33333333,10.0,1.0,7.853981633974483,20.0,2.5,98.17477042468104,8847.63018035549,9.555652633508954,9.85894800101479,50.0,11.802354286447036,2302.786376953125,429.7173714067458,5.208333333333333,0.3663808780605136,161.98924870566307
666,0.880024,1.0,1,1748.2536677226442,0.0,487.53329762800786,9.555652633508954,76.44522106807163,86.00087370158059,1080.2399177404168,0.0,0.0,4178.994778111465,0.0,0.0,0.0,13.643611409692651,0.0,349.1576003335235,8847.63018035549,9.555652633508954,9.85894800101479,50.0,11.802354286447036,2302.786376953125,11.802354286447036,83.79671543377395,83.79671543377395,0.0,0.0,5.208333333333333,0.3663808780605136,429.7173714067458,161.98924870566307,232.36981964450933,150.0,1.0,1.9434062854322462,0.0,1986.597715201681,487.53329762800786,475.49007896836804,4178.994778111465,45.70389748642083,0.0,445.0285799683013,83.79671543377395,94.41883429157629,41.666666666666664,12.043218659639834,191700744.8961891,95824833.33333333,10.0,1.0,7.853981633974483,20.0,2.5,98.17477042468104,8847.63018035549,9.555652633508954,9.85894800101479,50.0,11.802354286447036,2302.786376953125,429.7173714067458,5.208333333333333,0.3663808780605136,161.98924870566307
667,0.844843,1.0,1,1678.3631735041338,0.0,487.53329762800786,9.555652633508954,76.44522106807163,86.00087370158059,1080.2399177404168,0.0,0.0,4178.994778111465,1.0,0.0,0.0,13.643611409692651,0.0,351.09128958752854,8847.63018035549,9.555652633508954,9.85894800101479,50.0,11.802354286447036,2302.786376953125,11.802354286447036,83.79671543377395,83.79671543377395,0.0,0.0,5.208333333333333,0.3663808780605136,429.7173714067458,161.98924870566307,232.36981964450933,150.0,1.0,1.9434062854322462,0.0,1986.597715201681,487.53329762800786,475.49007896836804,4178.994778111465,45.70389748642083,0.0,445.0285799683013,83.79671543377395,94.41883429157629,41.666666666666664,12.043218659639834,191700744.8961891,95824833.33333333,10.0,1.0,7.853981633974483,20.0,2.5,98.17477042468104,8847.63018035549,9.555652633508954,9.85894800101479,50.0,11.802354286447036,2302.786376953125,429.7173714067458,5.208333333333333,0.3663808780605136,161.98924870566307
668,0.795948,1.0,1,1581.2284782193476,0.0,487.53329762800786,9.555652633508954,76.44522106807163,86.00087370158059,1080.2399177404168,0.0,0.0,4178.994778111465,0.0,0.0,0.0,13.643611409692651,0.0,353.0249788415336,8847.63018035549,9.555652633508954,9.85894800101479,50.0,11.802354286447036,2302.786376953125,11.802354286447036,83.79671543377395,83.79671543377395,0.0,0.0,5.208333333333333,0.3663808780605136,429.7173714067458,161.98924870566307,232.36981964450933,150.0,1.0,1.9434062854322462,0.0,1986.597715201681,487.53329762800786,475.49007896836804,4178.994778111465,45.70389748642083,0.0,445.0285799683013,83.79671543377395,94.41883429157629,41.666666666666664,12.043218659639834,191700744.8961891,95824833.33333333,10.0,1.0,7.853981633974483,20.0,2.5,98.17477042468104,8847.63018035549,9.555652633508954,9.85894800101479,50.0,11.802354286447036,2302.786376953125,429.7173714067458,5.208333333333333,0.3663808780605136,161.98924870566307
669,0.7332029999999999,1.0,1,1456.579404579018,0.0,487.53329762800786,9.555652633508954,76.44522106807163,86.00087370158059,1164.0366331741907,0.0,0.0,4178.994778111465,1.0,0.0,0.0,13.643611409692651,0.0,354.9586680955387,8847.63018035549,9.555652633508954,9.85894800101479,50.0,11.802354286447036,2302.786376953125,11.802354286447036,83.79671543377395,0.0,83.79671543377395,83.79671543377395,5.208333333333333,0.3663808780605136,429.7173714067458,161.98924870566307,232.36981964450933,150.0,1.0,1.9434062854322462,0.0,1986.597715201681,487.53329762800786,475.49007896836804,4178.994778111465,45.70389748642083,0.0,445.0285799683013,83.79671543377395,94.41883429157629,41.666666666666664,12.043218659639834,191700744.8961891,95824833.33333333,10.0,1.0,7.853981633974483,20.0,2.5,98.17477042468104,8847.63018035549,9.555652633508954,9.85894800101479,50.0,11.802354286447036,2302.786376953125,429.7173714067458,5.208333333333333,0.3663808780605136,161.98924870566307
670,0.6733920000000001,1.0,1,1337.7590086350906,0.0,487.53329762800786,9.555652633508954,76.44522106807163,86.00087370158059,1164.0366331741907,0.0,0.0,4178.994778111465,1.0,0.0,0.0,13.643611409692651,0.0,356.8923573495438,8847.63018035549,9.555652633508954,9.85894800101479,50.0,11.802354286447036,2302.786376953125,11.802354286447036,83.79671543377395,0.0,83.79671543377395,83.79671543377395,5.208333333333333,0.3663808780605136,429.7173714067458,161.98924870566307,232.36981964450933,150.0,1.0,1.9434062854322462,0.0,1986.597715201681,487.53329762800786,475.49007896836804,4178.994778111465,45.70389748642083,0.0,445.0285799683013,83.79671543377395,94.41883429157629,41.666666666666664,12.043218659639834,191700744.8961891,95824833.33333333,10.0,1.0,7.853981633974483,20.0,2.5,98.17477042468104,8847.63018035549,9.555652633508954,9.85894800101479,50.0,11.802354286447036,2302.786376953125,429.7173714067458,5.208333333333333,0.3663808780605136,161.98924870566307
671,0.589112,1.0,1,1170.3285531978927,0.0,487.53329762800786,9.555652633508954,76.44522106807163,86.00087370158059,1080.2399177404168,0.0,0.0,4178.994778111465,1.0,0.0,0.0,13.643611409692651,0.0,358.826046603549,8847.63018035549,9.555652633508954,9.85894800101479,50.0,11.802354286447036,2302.786376953125,11.802354286447036,83.79671543377395,83.79671543377395,0.0,0.0,5.208333333333333,0.3663808780605136,429.7173714067458,161.98924870566307,232.36981964450933,150.0,1.0,1.9434062854322462,0.0,1986.597715201681,487.53329762800786,475.49007896836804,4178.994778111465,45.70389748642083,0.0,445.0285799683013,83.79671543377395,94.41883429157629,41.666666666666664,12.043218659639834,191700744.8961891,95824833.33333333,10.0,1.0,7.853981633974483,20.0,2.5,98.17477042468104,8847.63018035549,9.555652633508954,9.85894800101479,50.0,11.802354286447036,2302.786376953125,429.7173714067458,5.208333333333333,0.3663808780605136,161.98924870566307
672,0.381944,1.0,1,758.7690777349909,0.0,487.53329762800786,9.555652633508954,76.44522106807163,86.00087370158059,1080.2399177404168,0.0,321.4708400054258,3840.6044202110165,-0.0,0.0,0.0,13.643611409692651,0.0,360.75973585755406,8847.63018035549,9.555652633508954,9.85894800101479,50.0,11.802354286447036,2302.786376953125,11.802354286447036,83.79671543377395,83.79671543377395,0.0,0.0,5.208333333333333,0.3663808780605136,429.7173714067458,161.98924870566307,232.36981964450933,150.0,1.0,1.9434062854322462,0.0,1986.597715201681,487.53329762800786,475.49007896836804,4178.994778111465,45.70389748642083,0.0,445.0285799683013,83.79671543377395,94.41883429157629,41.666666666666664,12.043218659639834,191700744.8961891,95824833.33333333,10.0,1.0,7.853981633974483,20.0,2.5,98.17477042468104,8847.63018035549,9.555652633508954,9.85894800101479,50.0,11.802354286447036,2302.786376953125,429.7173714067458,5.208333333333333,0.3663808780605136,161.98924870566307
673,0.344283,1.0,1,683.9518211827803,0.0,487.53329762800786,9.555652633508954,76.44522106807163,86.00087370158059,1080.2399177404168,0.0,396.2880965576364,3423.4590554135048,-0.0,0.0,0.0,13.643611409692651,0.0,362.693425111559,8847.63018035549,9.555652633508954,9.85894800101479,50.0,11.802354286447036,2302.786376953125,11.802354286447036,83.79671543377395,83.79671543377395,0.0,0.0,5.208333333333333,0.3663808780605136,429.7173714067458,161.98924870566307,232.36981964450933,150.0,1.0,1.9434062854322462,0.0,1986.597715201681,487.53329762800786,475.49007896836804,4178.994778111465,45.70389748642083,0.0,445.0285799683013,83.79671543377395,94.41883429157629,41.666666666666664,12.043218659639834,191700744.8961891,95824833.33333333,10.0,1.0,7.853981633974483,20.0,2.5,98.17477042468104,8847.63018035549,9.555652633508954,9.85894800101479,50.0,11.802354286447036,2302.786376953125,429.7173714067458,5.208333333333333,0.3663808780605136,161.98924870566307
674,0.347228,1.0,1,689.8023514540492,0.0,487.53329762800786,9.555652633508954,76.44522106807163,86.00087370158059,1080.2399177404168,0.0,390.43756628636675,3012.472143533119,-0.0,0.0,0.0,13.643611409692651,0.0,364.62711436556407,8847.63018035549,9.555652633508954,9.85894800101479,50.0,11.802354286447036,2302.786376953125,11.802354286447036,83.79671543377395,83.79671543377395,0.0,0.0,5.208333333333333,0.3663808780605136,429.7173714067458,161.98924870566307,232.36981964450933,150.0,1.0,1.9434062854322462,0.0,1986.597715201681,487.53329762800786,475.49007896836804,4178.994778111465,45.70389748642083,0.0,445.0285799683013,83.79671543377395,94.41883429157629,41.666666666666664,12.043218659639834,191700744.8961891,95824833.33333333,10.0,1.0,7.853981633974483,20.0,2.5,98.17477042468104,8847.63018035549,9.555652633508954,9.85894800101479,50.0,11.802354286447036,2302.786376953125,429.7173714067458,5.208333333333333,0.3663808780605136,161.98924870566307
675,0.354648,1.0,1,704.5429065008458,0.0,111.09847413438948,2.1775300930340338,17.42024074427227,19.597770837306303,704.5429065008459,0.0,0.0,3012.472143533119,-0.0,0.0,7.37812254047492,6.114914939820284,0.0,366.5608036195691,8847.63018035549,9.555652633508954,9.85894800101479,50.0,11.802354286447036,2302.786376953125,11.802354286447036,83.79671543377395,83.79671543377395,0.0,0.0,5.208333333333333,0.3663808780605136,429.7173714067458,161.98924870566307,232.36981964450933,150.0,1.0,1.9434062854322462,0.0,1986.597715201681,487.53329762800786,475.49007896836804,4178.994778111465,45.70389748642083,0.0,445.0285799683013,83.79671543377395,94.41883429157629,41.666666666666664,12.043218659639834,191700744.8961891,95824833.33333333,10.0,1.0,7.853981633974483,20.0,2.5,98.17477042468104,8847.63018035549,9.555652633508954,9.85894800101479,50.0,11.802354286447036,2302.786376953125,429.7173714067458,5.208333333333333,0.3663808780605136,161.98924870566307
676,0.3393609999999999,1.0,1,674.1737872285574,0.0,487.53329762800786,9.555652633508954,76.44522106807163,86.00087370158059,1080.2399177404168,0.0,406.0661305118593,2585.0341114153725,-0.0,0.0,0.0,6.114914939820284,0.0,368.4944928735742,8847.63018035549,9.555652633508954,9.85894800101479,50.0,11.802354286447036,2302.786376953125,11.802354286447036,83.79671543377395,83.79671543377395,0.0,0.0,5.208333333333333,0.3663808780605136,429.7173714067458,161.98924870566307,232.36981964450933,150.0,1.0,1.9434062854322462,0.0,1986.597715201681,487.53329762800786,475.49007896836804,4178.994778111465,45.70389748642083,0.0,445.0285799683013,83.79671543377395,94.41883429157629,41.666666666666664,12.043218659639834,191700744.8961891,95824833.33333333,10.0,1.0,7.853981633974483,20.0,2.5,98.17477042468104,8847.63018035549,9.555652633508954,9.85894800101479,50.0,11.802354286447036,2302.786376953125,429.7173714067458,5.208333333333333,0.3663808780605136,161.98924870566307
677,0.285567,1.0,1,567.3067497369984,0.0,487.53329762800786,9.555652633508954,76.44522106807163,86.00087370158059,1080.2399177404168,0.0,512.9331680034196,2045.1044608854572,-0.0,0.0,0.0,6.114914939820284,0.0,370.42818212757925,8847.63018035549,9.555652633508954,9.85894800101479,50.0,11.802354286447036,2302.786376953125,11.802354286447036,83.79671543377395,83.79671543377395,0.0,0.0,5.208333333333333,0.3663808780605136,429.7173714067458,161.98924870566307,232.36981964450933,150.0,1.0,1.9434062854322462,0.0,1986.597715201681,487.53329762800786,475.49007896836804,4178.994778111465,45.70389748642083,0.0,445.0285799683013,83.79671543377395,94.41883429157629,41.666666666666664,12.043218659639834,191700744.8961891,95824833.33333333,10.0,1.0,7.853981633974483,20.0,2.5,98.17477042468104,8847.63018035549,9.555652633508954,9.85894800101479,50.0,11.802354286447036,2302.786376953125,429.7173714067458,5.208333333333333,0.3663808780605136,161.98924870566307
678,0.195183,-0.0,1,387.7501018462097,0.0,0.0,0.0,0.0,0.0,162.98924870566307,0.0,0.0,2045.1044608854572,-0.0,0.0,0.0,6.114914939820284,0.0,360.51969167429814,0.0,0.0,9.85894800101479,50.0,0.0,0.0,0.0,0.0,0.0,0.0,0.0,5.208333333333333,0.3663808780605136,0.0,161.98924870566307,9080.0,150.0,-0.0,0.0,9.85894800101479,1986.597715201681,487.53329762800786,475.49007896836804,4178.994778111465,45.70389748642083,0.0,445.0285799683013,83.79671543377395,94.41883429157629,41.666666666666664,12.043218659639834,191700744.8961891,95824833.33333333,10.0,1.0,7.853981633974483,20.0,2.5,98.17477042468104,8847.63018035549,9.555652633508954,9.85894800101479,50.0,11.802354286447036,2302.786376953125,429.7173714067458,5.208333333333333,0.3663808780605136,161.98924870566307
679,0.088613,-0.0,1,176.03838333716655,0.0,0.0,0.0,0.0,0.0,162.98924870566307,0.0,0.0,2045.1044608854572,-0.0,0.0,0.0,6.114914939820284,0.0,350.6112012210169,0.0,0.0,9.85894800101479,50.0,0.0,0.0,0.0,0.0,0.0,0.0,0.0,5.208333333333333,0.3663808780605136,0.0,161.98924870566307,9080.0,150.0,-0.0,0.0,9.85894800101479,1986.597715201681,487.53329762800786,475.49007896836804,4178.994778111465,45.70389748642083,0.0,445.0285799683013,83.79671543377395,94.41883429157629,41.666666666666664,12.043218659639834,191700744.8961891,95824833.33333333,10.0,1.0,7.853981633974483,20.0,2.5,98.17477042468104,8847.63018035549,9.555652633508954,9.85894800101479,50.0,11.802354286447036,2302.786376953125,429.7173714067458,5.208333333333333,0.3663808780605136,161.98924870566307
680,0.052369,1.0,1,104.03613574739683,0.0,487.53329762800786,9.555652633508954,76.44522106807163,86.00087370158059,1080.2399177404168,0.0,976.2037819930199,1017.5215324717523,-0.0,0.0,0.0,6.114914939820284,0.0,352.544890475022,8847.63018035549,9.555652633508954,9.85894800101479,50.0,11.802354286447036,2302.786376953125,11.802354286447036,83.79671543377395,83.79671543377395,0.0,0.0,5.208333333333333,0.3663808780605136,429.7173714067458,161.98924870566307,232.36981964450933,150.0,1.0,1.9434062854322462,0.0,1986.597715201681,487.53329762800786,475.49007896836804,4178.994778111465,45.70389748642083,0.0,445.0285799683013,83.79671543377395,94.41883429157629,41.666666666666664,12.043218659639834,191700744.8961891,95824833.33333333,10.0,1.0,7.853981633974483,20.0,2.5,98.17477042468104,8847.63018035549,9.555652633508954,9.85894800101479,50.0,11.802354286447036,2302.786376953125,429.7173714067458,5.208333333333333,0.3663808780605136,161.98924870566307
681,0.084993,-0.0,1,168.84689960813648,0.0,0.0,0.0,0.0,0.0,162.98924870566307,0.0,0.0,1017.5215324717523,-0.0,0.0,0.0,6.114914939820284,0.0,342.63640002174105,0.0,0.0,9.85894800101479,50.0,0.0,0.0,0.0,0.0,0.0,0.0,0.0,5.208333333333333,0.3663808780605136,0.0,161.98924870566307,9080.0,150.0,-0.0,0.0,9.85894800101479,1986.597715201681,487.53329762800786,475.49007896836804,4178.994778111465,45.70389748642083,0.0,445.0285799683013,83.79671543377395,94.41883429157629,41.666666666666664,12.043218659639834,191700744.8961891,95824833.33333333,10.0,1.0,7.853981633974483,20.0,2.5,98.17477042468104,8847.63018035549,9.555652633508954,9.85894800101479,50.0,11.802354286447036,2302.786376953125,429.7173714067458,5.208333333333333,0.3663808780605136,161.98924870566307
682,0.151608,1.0,1,301.18410640629645,0.0,487.53329762800786,9.555652633508954,76.44522106807163,86.00087370158059,1080.2399177404168,0.0,779.0558113341203,197.462783698994,-0.0,0.0,0.0,6.114914939820284,0.0,344.5700892757461,8847.63018035549,9.555652633508954,9.85894800101479,50.0,11.802354286447036,2302.786376953125,11.802354286447036,83.79671543377395,83.79671543377395,0.0,0.0,5.208333333333333,0.3663808780605136,429.7173714067458,161.98924870566307,232.36981964450933,150.0,1.0,1.9434062854322462,0.0,1986.597715201681,487.53329762800786,475.49007896836804,4178.994778111465,45.70389748642083,0.0,445.0285799683013,83.79671543377395,94.41883429157629,41.666666666666664,12.043218659639834,191700744.8961891,95824833.33333333,10.0,1.0,7.853981633974483,20.0,2.5,98.17477042468104,8847.63018035549,9.555652633508954,9.85894800101479,50.0,11.802354286447036,2302.786376953125,429.7173714067458,5.208333333333333,0.3663808780605136,161.98924870566307
683,0.26679,-0.0,1,530.0044044386565,0.0,353.1708580956442,6.922148818674626,55.37719054939701,62.299339368071635,530.0044044386565,0.0,0.0,197.462783698994,1.0,6.922148818674626,0.0,12.89862078212142,0.0,334.6615988224649,0.0,0.0,9.85894800101479,50.0,0.0,0.0,0.0,0.0,0.0,0.0,0.0,5.208333333333333,0.3663808780605136,0.0,161.98924870566307,9080.0,150.0,-0.0,0.0,9.85894800101479,1986.597715201681,487.53329762800786,475.49007896836804,4178.994778111465,45.70389748642083,0.0,445.0285799683013,83.79671543377395,94.41883429157629,41.666666666666664,12.043218659639834,191700744.8961891,95824833.33333333,10.0,1.0,7.853981633974483,20.0,2.5,98.17477042468104,8847.63018035549,9.555652633508954,9.85894800101479,50.0,11.802354286447036,2302.786376953125,429.7173714067458,5.208333333333333,0.3663808780605136,161.98924870566307
684,0.407141,1.0,1,808.8253803649276,0.0,403.54378532244414,7.909458192319905,63.27566553855924,71.18512373087914,996.4150248789718,0.0,187.58964451404432,0.0,-0.0,0.0,1.6461944411890495,11.218830536010143,0.0,336.59528807647,8847.63018035549,9.555652633508954,9.85894800101479,50.0,11.802354286447036,2302.786376953125,11.802354286447036,83.79671543377395,83.79671543377395,0.0,0.0,5.208333333333333,0.3663808780605136,429.7173714067458,161.98924870566307,232.36981964450933,150.0,1.0,1.9434062854322462,0.0,1986.597715201681,487.53329762800786,475.49007896836804,4178.994778111465,45.70389748642083,0.0,445.0285799683013,83.79671543377395,94.41883429157629,41.666666666666664,12.043218659639834,191700744.8961891,95824833.33333333,10.0,1.0,7.853981633974483,20.0,2.5,98.17477042468104,8847.63018035549,9.555652633508954,9.85894800101479,50.0,11.802354286447036,2302.786376953125,429.7173714067458,5.208333333333333,0.3663808780605136,161.98924870566307
685,0.570682,1.0,1,1133.7155573067257,0.0,487.53329762800786,9.555652633508954,76.44522106807163,86.00087370158059,1080.2399177404168,0.0,0.0,0.0,1.0,0.0,0.0,11.218830536010143,0.0,338.5289773304751,8847.63018035549,9.555652633508954,9.85894800101479,50.0,11.802354286447036,2302.786376953125,11.802354286447036,83.79671543377395,83.79671543377395,0.0,0.0,5.208333333333333,0.3663808780605136,429.7173714067458,161.98924870566307,232.36981964450933,150.0,1.0,1.9434062854322462,0.0,1986.597715201681,487.53329762800786,475.49007896836804,4178.994778111465,45.70389748642083,0.0,445.0285799683013,83.79671543377395,94.41883429157629,41.666666666666664,12.043218659639834,191700744.8961891,95824833.33333333,10.0,1.0,7.853981633974483,20.0,2.5,98.17477042468104,8847.63018035549,9.555652633508954,9.85894800101479,50.0,11.802354286447036,2302.786376953125,429.7173714067458,5.208333333333333,0.3663808780605136,161.98924870566307
686,0.7319690000000001,1.0,1,1454.1279429984595,0.0,487.53329762800786,9.555652633508954,76.44522106807163,86.00087370158059,1164.0366331741907,0.0,0.0,0.0,0.0,0.0,0.0,11.218830536010143,0.0,340.46266658448013,8847.63018035549,9.555652633508954,9.85894800101479,50.0,11.802354286447036,2302.786376953125,11.802354286447036,83.79671543377395,0.0,83.79671543377395,83.79671543377395,5.208333333333333,0.3663808780605136,429.7173714067458,161.98924870566307,232.36981964450933,150.0,1.0,1.9434062854322462,0.0,1986.597715201681,487.53329762800786,475.49007896836804,4178.994778111465,45.70389748642083,0.0,445.0285799683013,83.79671543377395,94.41883429157629,41.666666666666664,12.043218659639834,191700744.8961891,95824833.33333333,10.0,1.0,7.853981633974483,20.0,2.5,98.17477042468104,8847.63018035549,9.555652633508954,9.85894800101479,50.0,11.802354286447036,2302.786376953125,429.7173714067458,5.208333333333333,0.3663808780605136,161.98924870566307
687,0.844847,1.0,1,1678.3711198949945,0.0,487.53329762800786,9.555652633508954,76.44522106807163,86.00087370158059,1164.0366331741907,0.0,0.0,0.0,1.0,0.0,0.0,11.218830536010143,0.0,342.3963558384852,8847.63018035549,9.555652633508954,9.85894800101479,50.0,11.802354286447036,2302.786376953125,11.802354286447036,83.79671543377395,0.0,83.79671543377395,83.79671543377395,5.208333333333333,0.3663808780605136,429.7173714067458,161.98924870566307,232.36981964450933,150.0,1.0,1.9434062854322462,0.0,1986.597715201681,487.53329762800786,475.49007896836804,4178.994778111465,45.70389748642083,0.0,445.0285799683013,83.79671543377395,94.41883429157629,41.666666666666664,12.043218659639834,191700744.8961891,95824833.33333333,10.0,1.0,7.853981633974483,20.0,2.5,98.17477042468104,8847.63018035549,9.555652633508954,9.85894800101479,50.0,11.802354286447036,2302.786376953125,429.7173714067458,5.208333333333333,0.3663808780605136,161.98924870566307
688,0.913952,1.0,1,1815.6549550040068,0.0,487.53329762800786,9.555652633508954,76.44522106807163,86.00087370158059,1164.0366331741907,0.0,0.0,0.0,-0.0,0.0,0.0,11.218830536010143,0.0,344.3300450924903,8847.63018035549,9.555652633508954,9.85894800101479,50.0,11.802354286447036,2302.786376953125,11.802354286447036,83.79671543377395,0.0,83.79671543377395,83.79671543377395,5.208333333333333,0.3663808780605136,429.7173714067458,161.98924870566307,232.36981964450933,150.0,1.0,1.9434062854322462,0.0,1986.597715201681,487.53329762800786,475.49007896836804,4178.994778111465,45.70389748642083,0.0,445.0285799683013,83.79671543377395,94.41883429157629,41.666666666666664,12.043218659639834,191700744.8961891,95824833.33333333,10.0,1.0,7.853981633974483,20.0,2.5,98.17477042468104,8847.63018035549,9.555652633508954,9.85894800101479,50.0,11.802354286447036,2302.786376953125,429.7173714067458,5.208333333333333,0.3663808780605136,161.98924870566307
689,0.962609,1.0,1,1912.316840032575,0.0,487.53329762800786,9.555652633508954,76.44522106807163,86.00087370158059,1164.0366331741907,0.0,0.0,0.0,1.0,0.0,0.0,11.218830536010143,0.0,346.2637343464953,8847.63018035549,9.555652633508954,9.85894800101479,50.0,11.802354286447036,2302.786376953125,11.802354286447036,83.79671543377395,0.0,83.79671543377395,83.79671543377395,5.208333333333333,0.3663808780605136,429.7173714067458,161.98924870566307,232.36981964450933,150.0,1.0,1.9434062854322462,0.0,1986.597715201681,487.53329762800786,475.49007896836804,4178.994778111465,45.70389748642083,0.0,445.0285799683013,83.79671543377395,94.41883429157629,41.666666666666664,12.043218659639834,191700744.8961891,95824833.33333333,10.0,1.0,7.853981633974483,20.0,2.5,98.17477042468104,8847.63018035549,9.555652633508954,9.85894800101479,50.0,11.802354286447036,2302.786376953125,429.7173714067458,5.208333333333333,0.3663808780605136,161.98924870566307
690,0.986144,1.0,1,1959.0714172598466,0.0,487.53329762800786,9.555652633508954,76.44522106807163,86.00087370158059,1959.0714172598468,878.8314995194299,0.0,834.8899245434584,1.0,0.0,0.0,11.218830536010143,0.0,348.1974236005004,8847.63018035549,9.555652633508954,9.85894800101479,50.0,11.802354286447036,2302.786376953125,11.802354286447036,83.79671543377395,83.79671543377395,0.0,0.0,5.208333333333333,0.3663808780605136,429.7173714067458,161.98924870566307,232.36981964450933,150.0,1.0,1.9434062854322462,0.0,1986.597715201681,487.53329762800786,475.49007896836804,4178.994778111465,45.70389748642083,0.0,445.0285799683013,83.79671543377395,94.41883429157629,41.666666666666664,12.043218659639834,191700744.8961891,95824833.33333333,10.0,1.0,7.853981633974483,20.0,2.5,98.17477042468104,8847.63018035549,9.555652633508954,9.85894800101479,50.0,11.802354286447036,2302.786376953125,429.7173714067458,5.208333333333333,0.3663808780605136,161.98924870566307
691,0.989045,1.0,1,1964.8345372316464,0.0,487.53329762800786,9.555652633508954,76.44522106807163,86.00087370158059,1964.8345372316467,884.5946194912298,0.0,1675.2548130601267,1.0,0.0,0.0,11.218830536010143,0.0,350.1311128545055,8847.63018035549,9.555652633508954,9.85894800101479,50.0,11.802354286447036,2302.786376953125,11.802354286447036,83.79671543377395,83.79671543377395,0.0,0.0,5.208333333333333,0.3663808780605136,429.7173714067458,161.98924870566307,232.36981964450933,150.0,1.0,1.9434062854322462,0.0,1986.597715201681,487.53329762800786,475.49007896836804,4178.994778111465,45.70389748642083,0.0,445.0285799683013,83.79671543377395,94.41883429157629,41.666666666666664,12.043218659639834,191700744.8961891,95824833.33333333,10.0,1.0,7.853981633974483,20.0,2.5,98.17477042468104,8847.63018035549,9.555652633508954,9.85894800101479,50.0,11.802354286447036,2302.786376953125,429.7173714067458,5.208333333333333,0.3663808780605136,161.98924870566307
692,0.988415,1.0,1,1963.5829806710697,0.0,487.53329762800786,9.555652633508954,76.44522106807163,86.00087370158059,1164.0366331741907,0.0,0.0,1675.2548130601267,-0.0,0.0,0.0,11.218830536010143,0.0,352.06480210851055,8847.63018035549,9.555652633508954,9.85894800101479,50.0,11.802354286447036,2302.786376953125,11.802354286447036,83.79671543377395,0.0,83.79671543377395,83.79671543377395,5.208333333333333,0.3663808780605136,429.7173714067458,161.98924870566307,232.36981964450933,150.0,1.0,1.9434062854322462,0.0,1986.597715201681,487.53329762800786,475.49007896836804,4178.994778111465,45.70389748642083,0.0,445.0285799683013,83.79671543377395,94.41883429157629,41.666666666666664,12.043218659639834,191700744.8961891,95824833.33333333,10.0,1.0,7.853981633974483,20.0,2.5,98.17477042468104,8847.63018035549,9.555652633508954,9.85894800101479,50.0,11.802354286447036,2302.786376953125,429.7173714067458,5.208333333333333,0.3663808780605136,161.98924870566307
693,0.988231,1.0,1,1963.2174466914723,0.0,487.53329762800786,9.555652633508954,76.44522106807163,86.00087370158059,1164.0366331741907,0.0,0.0,1675.2548130601267,1.0,0.0,0.0,11.218830536010143,0.0,353.9984913625156,8847.63018035549,9.555652633508954,9.85894800101479,50.0,11.802354286447036,2302.786376953125,11.802354286447036,83.79671543377395,0.0,83.79671543377395,83.79671543377395,5.208333333333333,0.3663808780605136,429.7173714067458,161.98924870566307,232.36981964450933,150.0,1.0,1.9434062854322462,0.0,1986.597715201681,487.53329762800786,475.49007896836804,4178.994778111465,45.70389748642083,0.0,445.0285799683013,83.79671543377395,94.41883429157629,41.666666666666664,12.043218659639834,191700744.8961891,95824833.33333333,10.0,1.0,7.853981633974483,20.0,2.5,98.17477042468104,8847.63018035549,9.555652633508954,9.85894800101479,50.0,11.802354286447036,2302.786376953125,429.7173714067458,5.208333333333333,0.3663808780605136,161.98924870566307
694,0.987714,1.0,1,1962.1903756727131,0.0,487.53329762800786,9.555652633508954,76.44522106807163,86.00087370158059,1962.1903756727133,881.9504579322964,0.0,2513.1077480958083,1.0,0.0,0.0,11.218830536010143,0.0,355.93218061652067,8847.63018035549,9.555652633508954,9.85894800101479,50.0,11.802354286447036,2302.786376953125,11.802354286447036,83.79671543377395,83.79671543377395,0.0,0.0,5.208333333333333,0.3663808780605136,429.7173714067458,161.98924870566307,232.36981964450933,150.0,1.0,1.9434062854322462,0.0,1986.597715201681,487.53329762800786,475.49007896836804,4178.994778111465,45.70389748642083,0.0,445.0285799683013,83.79671543377395,94.41883429157629,41.666666666666664,12.043218659639834,191700744.8961891,95824833.33333333,10.0,1.0,7.853981633974483,20.0,2.5,98.17477042468104,8847.63018035549,9.555652633508954,9.85894800101479,50.0,11.802354286447036,2302.786376953125,429.7173714067458,5.208333333333333,0.3663808780605136,161.98924870566307
695,0.987215,1.0,1,1961.1990634128274,0.0,487.53329762800786,9.555652633508954,76.44522106807163,86.00087370158059,1961.1990634128274,880.9591456724107,0.0,3350.0189364845983,1.0,0.0,0.0,11.218830536010143,0.0,357.8658698705258,8847.63018035549,9.555652633508954,9.85894800101479,50.0,11.802354286447036,2302.786376953125,11.802354286447036,83.79671543377395,83.79671543377395,0.0,0.0,5.208333333333333,0.3663808780605136,429.7173714067458,161.98924870566307,232.36981964450933,150.0,1.0,1.9434062854322462,0.0,1986.597715201681,487.53329762800786,475.49007896836804,4178.994778111465,45.70389748642083,0.0,445.0285799683013,83.79671543377395,94.41883429157629,41.666666666666664,12.043218659639834,191700744.8961891,95824833.33333333,10.0,1.0,7.853981633974483,20.0,2.5,98.17477042468104,8847.63018035549,9.555652633508954,9.85894800101479,50.0,11.802354286447036,2302.786376953125,429.7173714067458,5.208333333333333,0.3663808780605136,161.98924870566307
696,0.527632,1.0,1,1048.1925256672932,0.0,487.53329762800786,9.555652633508954,76.44522106807163,86.00087370158059,1080.2399177404168,0.0,32.04739207312349,3316.284839565521,0.0,0.0,0.0,11.218830536010143,0.0,359.79955912453084,8847.63018035549,9.555652633508954,9.85894800101479,50.0,11.802354286447036,2302.786376953125,11.802354286447036,83.79671543377395,83.79671543377395,0.0,0.0,5.208333333333333,0.3663808780605136,429.7173714067458,161.98924870566307,232.36981964450933,150.0,1.0,1.9434062854322462,0.0,1986.597715201681,487.53329762800786,475.49007896836804,4178.994778111465,45.70389748642083,0.0,445.0285799683013,83.79671543377395,94.41883429157629,41.666666666666664,12.043218659639834,191700744.8961891,95824833.33333333,10.0,1.0,7.853981633974483,20.0,2.5,98.17477042468104,8847.63018035549,9.555652633508954,9.85894800101479,50.0,11.802354286447036,2302.786376953125,429.7173714067458,5.208333333333333,0.3663808780605136,161.98924870566307
697,0.564523,1.0,1,1121.4801019787985,0.0,487.53329762800786,9.555652633508954,76.44522106807163,86.00087370158059,1080.2399177404168,0.0,1680.0793309898247,1547.7802806288635,-0.0,0.0,0.0,11.218830536010143,0.0,361.7332483785359,8847.63018035549,9.555652633508954,9.85894800101479,50.0,11.802354286447036,2302.786376953125,11.802354286447036,83.79671543377395,83.79671543377395,0.0,0.0,5.208333333333333,0.3663808780605136,429.7173714067458,161.98924870566307,232.36981964450933,150.0,1.0,1.9434062854322462,0.0,1986.597715201681,487.53329762800786,475.49007896836804,4178.994778111465,45.70389748642083,0.0,445.0285799683013,83.79671543377395,94.41883429157629,41.666666666666664,12.043218659639834,191700744.8961891,95824833.33333333,10.0,1.0,7.853981633974483,20.0,2.5,98.17477042468104,8847.63018035549,9.555652633508954,9.85894800101479,50.0,11.802354286447036,2302.786376953125,429.7173714067458,5.208333333333333,0.3663808780605136,161.98924870566307
698,0.611274,1.0,1,1214.3555317621924,0.0,487.53329762800786,9.555652633508954,76.44522106807163,86.00087370158059,1080.2399177404168,0.0,0.0,1547.7802806288635,1.0,0.0,0.0,11.218830536010143,0.0,363.66693763254096,8847.63018035549,9.555652633508954,9.85894800101479,50.0,11.802354286447036,2302.786376953125,11.802354286447036,83.79671543377395,83.79671543377395,0.0,0.0,5.208333333333333,0.3663808780605136,429.7173714067458,161.98924870566307,232.36981964450933,150.0,1.0,1.9434062854322462,0.0,1986.597715201681,487.53329762800786,475.49007896836804,4178.994778111465,45.70389748642083,0.0,445.0285799683013,83.79671543377395,94.41883429157629,41.666666666666664,12.043218659639834,191700744.8961891,95824833.33333333,10.0,1.0,7.853981633974483,20.0,2.5,98.17477042468104,8847.63018035549,9.555652633508954,9.85894800101479,50.0,11.802354286447036,2302.786376953125,429.7173714067458,5.208333333333333,0.3663808780605136,161.98924870566307
699,0.6513909999999999,1.0,1,1294.0518723029381,0.0,487.53329762800786,9.555652633508954,76.44522106807163,86.00087370158059,1080.2399177404168,0.0,0.0,1547.7802806288635,1.0,0.0,0.0,11.218830536010143,0.0,365.60062688654614,8847.63018035549,9.555652633508954,9.85894800101479,50.0,11.802354286447036,2302.786376953125,11.802354286447036,83.79671543377395,83.79671543377395,0.0,0.0,5.208333333333333,0.3663808780605136,429.7173714067458,161.98924870566307,232.36981964450933,150.0,1.0,1.9434062854322462,0.0,1986.597715201681,487.53329762800786,475.49007896836804,4178.994778111465,45.70389748642083,0.0,445.0285799683013,83.79671543377395,94.41883429157629,41.666666666666664,12.043218659639834,191700744.8961891,95824833.33333333,10.0,1.0,7.853981633974483,20.0,2.5,98.17477042468104,8847.63018035549,9.555652633508954,9.85894800101479,50.0,11.802354286447036,2302.786376953125,429.7173714067458,5.208333333333333,0.3663808780605136,161.98924870566307
700,0.6892,1.0,1,1369.1631453169987,0.0,487.53329762800786,9.555652633508954,76.44522106807163,86.00087370158059,1369.1631453169987,288.92322757658195,0.0,1822.2573468266164,1.0,0.0,0.0,11.218830536010143,0.0,367.5343161405512,8847.63018035549,9.555652633508954,9.85894800101479,50.0,11.802354286447036,2302.786376953125,11.802354286447036,83.79671543377395,83.79671543377395,0.0,0.0,5.208333333333333,0.3663808780605136,429.7173714067458,161.98924870566307,232.36981964450933,150.0,1.0,1.9434062854322462,0.0,1986.597715201681,487.53329762800786,475.49007896836804,4178.994778111465,45.70389748642083,0.0,445.0285799683013,83.79671543377395,94.41883429157629,41.666666666666664,12.043218659639834,191700744.8961891,95824833.33333333,10.0,1.0,7.853981633974483,20.0,2.5,98.17477042468104,8847.63018035549,9.555652633508954,9.85894800101479,50.0,11.802354286447036,2302.786376953125,429.7173714067458,5.208333333333333,0.3663808780605136,161.98924870566307
701,0.7184579999999999,1.0,1,1427.2870212683692,0.0,487.53329762800786,9.555652633508954,76.44522106807163,86.00087370158059,1427.2870212683692,347.0471035279525,0.0,2151.952095178171,1.0,0.0,0.0,11.218830536010143,0.0,369.46800539455626,8847.63018035549,9.555652633508954,9.85894800101479,50.0,11.802354286447036,2302.786376953125,11.802354286447036,83.79671543377395,83.79671543377395,0.0,0.0,5.208333333333333,0.3663808780605136,429.7173714067458,161.98924870566307,232.36981964450933,150.0,1.0,1.9434062854322462,0.0,1986.597715201681,487.53329762800786,475.49007896836804,4178.994778111465,45.70389748642083,0.0,445.0285799683013,83.79671543377395,94.41883429157629,41.666666666666664,12.043218659639834,191700744.8961891,95824833.33333333,10.0,1.0,7.853981633974483,20.0,2.5,98.17477042468104,8847.63018035549,9.555652633508954,9.85894800101479,50.0,11.802354286447036,2302.786376953125,429.7173714067458,5.208333333333333,0.3663808780605136,161.98924870566307
702,0.769473,1.0,1,1528.633303709383,0.0,487.53329762800786,9.555652633508954,76.44522106807163,86.00087370158059,1528.6333037093832,448.3933859689663,0.0,2577.925811848689,0.0,0.0,0.0,11.218830536010143,0.0,371.4016946485613,8847.63018035549,9.555652633508954,9.85894800101479,50.0,11.802354286447036,2302.786376953125,11.802354286447036,83.79671543377395,83.79671543377395,0.0,0.0,5.208333333333333,0.3663808780605136,429.7173714067458,161.98924870566307,232.36981964450933,150.0,1.0,1.9434062854322462,0.0,1986.597715201681,487.53329762800786,475.49007896836804,4178.994778111465,45.70389748642083,0.0,445.0285799683013,83.79671543377395,94.41883429157629,41.666666666666664,12.043218659639834,191700744.8961891,95824833.33333333,10.0,1.0,7.853981633974483,20.0,2.5,98.17477042468104,8847.63018035549,9.555652633508954,9.85894800101479,50.0,11.802354286447036,2302.786376953125,429.7173714067458,5.208333333333333,0.3663808780605136,161.98924870566307
703,0.785328,1.0,1,1560.1308104839059,0.0,487.53329762800786,9.555652633508954,76.44522106807163,86.00087370158059,1560.1308104839059,479.8908927434892,0.0,3033.8221599550034,-0.0,0.0,0.0,11.218830536010143,0.0,373.33538390256643,8847.63018035549,9.555652633508954,9.85894800101479,50.0,11.802354286447036,2302.786376953125,11.802354286447036,83.79671543377395,83.79671543377395,0.0,0.0,5.208333333333333,0.3663808780605136,429.7173714067458,161.98924870566307,232.36981964450933,150.0,1.0,1.9434062854322462,0.0,1986.597715201681,487.53329762800786,475.49007896836804,4178.994778111465,45.70389748642083,0.0,445.0285799683013,83.79671543377395,94.41883429157629,41.666666666666664,12.043218659639834,191700744.8961891,95824833.33333333,10.0,1.0,7.853981633974483,20.0,2.5,98.17477042468104,8847.63018035549,9.555652633508954,9.85894800101479,50.0,11.802354286447036,2302.786376953125,429.7173714067458,5.208333333333333,0.3663808780605136,161.98924870566307
704,0.7791079999999999,1.0,1,1547.7741726953511,0.0,487.53329762800786,9.555652633508954,76.44522106807163,86.00087370158059,1547.7741726953514,467.53425495493445,0.0,3477.979702162191,1.0,0.0,0.0,11.218830536010143,0.0,375.2690731565715,8847.63018035549,9.555652633508954,9.85894800101479,50.0,11.802354286447036,2302.786376953125,11.802354286447036,83.79671543377395,83.79671543377395,0.0,0.0,5.208333333333333,0.3663808780605136,429.7173714067458,161.98924870566307,232.36981964450933,150.0,1.0,1.9434062854322462,0.0,1986.597715201681,487.53329762800786,475.49007896836804,4178.994778111465,45.70389748642083,0.0,445.0285799683013,83.79671543377395,94.41883429157629,41.666666666666664,12.043218659639834,191700744.8961891,95824833.33333333,10.0,1.0,7.853981633974483,20.0,2.5,98.17477042468104,8847.63018035549,9.555652633508954,9.85894800101479,50.0,11.802354286447036,2302.786376953125,429.7173714067458,5.208333333333333,0.3663808780605136,161.98924870566307
705,0.750294,1.0,1,1490.5323461295302,0.0,487.53329762800786,9.555652633508954,76.44522106807163,86.00087370158059,1490.5323461295302,410.29242838911347,0.0,3867.757509131849,-0.0,0.0,0.0,11.218830536010143,0.0,377.20276241057655,8847.63018035549,9.555652633508954,9.85894800101479,50.0,11.802354286447036,2302.786376953125,11.802354286447036,83.79671543377395,83.79671543377395,0.0,0.0,5.208333333333333,0.3663808780605136,429.7173714067458,161.98924870566307,232.36981964450933,150.0,1.0,1.9434062854322462,0.0,1986.597715201681,487.53329762800786,475.49007896836804,4178.994778111465,45.70389748642083,0.0,445.0285799683013,83.79671543377395,94.41883429157629,41.666666666666664,12.043218659639834,191700744.8961891,95824833.33333333,10.0,1.0,7.853981633974483,20.0,2.5,98.17477042468104,8847.63018035549,9.555652633508954,9.85894800101479,50.0,11.802354286447036,2302.786376953125,429.7173714067458,5.208333333333333,0.3663808780605136,161.98924870566307
706,0.708678,1.0,1,1407.858095613697,0.0,487.53329762800786,9.555652633508954,76.44522106807163,86.00087370158059,1407.858095613697,327.61817787328033,0.0,4178.994778111465,1.0,0.0,0.0,11.218830536010143,0.0,379.13645166458167,8847.63018035549,9.555652633508954,9.85894800101479,50.0,11.802354286447036,2302.786376953125,11.802354286447036,83.79671543377395,83.79671543377395,0.0,0.0,5.208333333333333,0.3663808780605136,429.7173714067458,161.98924870566307,232.36981964450933,150.0,1.0,1.9434062854322462,0.0,1986.597715201681,487.53329762800786,475.49007896836804,4178.994778111465,45.70389748642083,0.0,445.0285799683013,83.79671543377395,94.41883429157629,41.666666666666664,12.043218659639834,191700744.8961891,95824833.33333333,10.0,1.0,7.853981633974483,20.0,2.5,98.17477042468104,8847.63018035549,9.555652633508954,9.85894800101479,50.0,11.802354286447036,2302.786376953125,429.7173714067458,5.208333333333333,0.3663808780605136,161.98924870566307
707,0.655006,1.0,1,1301.2334230433921,0.0,487.53329762800786,9.555652633508954,76.44522106807163,86.00087370158059,1080.2399177404168,0.0,0.0,4178.994778111465,-0.0,0.0,0.0,11.218830536010143,0.0,381.07014091858673,8847.63018035549,9.555652633508954,9.85894800101479,50.0,11.802354286447036,2302.786376953125,11.802354286447036,83.79671543377395,83.79671543377395,0.0,0.0,5.208333333333333,0.3663808780605136,429.7173714067458,161.98924870566307,232.36981964450933,150.0,1.0,1.9434062854322462,0.0,1986.597715201681,487.53329762800786,475.49007896836804,4178.994778111465,45.70389748642083,0.0,445.0285799683013,83.79671543377395,94.41883429157629,41.666666666666664,12.043218659639834,191700744.8961891,95824833.33333333,10.0,1.0,7.853981633974483,20.0,2.5,98.17477042468104,8847.63018035549,9.555652633508954,9.85894800101479,50.0,11.802354286447036,2302.786376953125,429.7173714067458,5.208333333333333,0.3663808780605136,161.98924870566307
708,0.579012,1.0,1,1150.2639162743558,0.0,487.53329762800786,9.555652633508954,76.44522106807163,86.00087370158059,1080.2399177404168,0.0,0.0,4178.994778111465,1.0,0.0,0.0,11.218830536010143,0.0,383.0038301725918,8847.63018035549,9.555652633508954,9.85894800101479,50.0,11.802354286447036,2302.786376953125,11.802354286447036,83.79671543377395,83.79671543377395,0.0,0.0,5.208333333333333,0.3663808780605136,429.7173714067458,161.98924870566307,232.36981964450933,150.0,1.0,1.9434062854322462,0.0,1986.597715201681,487.53329762800786,475.49007896836804,4178.994778111465,45.70389748642083,0.0,445.0285799683013,83.79671543377395,94.41883429157629,41.666666666666664,12.043218659639834,191700744.8961891,95824833.33333333,10.0,1.0,7.853981633974483,20.0,2.5,98.17477042468104,8847.63018035549,9.555652633508954,9.85894800101479,50.0,11.802354286447036,2302.786376953125,429.7173714067458,5.208333333333333,0.3663808780605136,161.98924870566307
709,0.475761,1.0,1,945.1457155820669,0.0,487.5332976280079,9.555652633508954,76.44522106807163,86.00087370158059,1080.2399177404168,0.0,135.09420215834984,4036.7903547868864,-0.0,0.0,0.0,11.218830536010143,0.0,384.93751942659696,8847.63018035549,9.555652633508954,9.85894800101479,50.0,11.802354286447036,2302.786376953125,11.802354286447036,83.79671543377395,83.79671543377395,0.0,0.0,5.208333333333333,0.3663808780605136,429.7173714067458,161.98924870566307,232.36981964450933,150.0,1.0,1.9434062854322462,0.0,1986.597715201681,487.53329762800786,475.49007896836804,4178.994778111465,45.70389748642083,0.0,445.0285799683013,83.79671543377395,94.41883429157629,41.666666666666664,12.043218659639834,191700744.8961891,95824833.33333333,10.0,1.0,7.853981633974483,20.0,2.5,98.17477042468104,8847.63018035549,9.555652633508954,9.85894800101479,50.0,11.802354286447036,2302.786376953125,429.7173714067458,5.208333333333333,0.3663808780605136,161.98924870566307
710,0.388671,1.0,1,772.1329205651525,0.0,487.5332976280079,9.555652633508954,76.44522106807163,86.00087370158059,1080.2399177404168,0.0,308.10699717526427,3712.4671998655554,-0.0,0.0,0.0,11.218830536010143,0.0,386.871208680602,8847.63018035549,9.555652633508954,9.85894800101479,50.0,11.802354286447036,2302.786376953125,11.802354286447036,83.79671543377395,83.79671543377395,0.0,0.0,5.208333333333333,0.3663808780605136,429.7173714067458,161.98924870566307,232.36981964450933,150.0,1.0,1.9434062854322462,0.0,1986.597715201681,487.53329762800786,475.49007896836804,4178.994778111465,45.70389748642083,0.0,445.0285799683013,83.79671543377395,94.41883429157629,41.666666666666664,12.043218659639834,191700744.8961891,95824833.33333333,10.0,1.0,7.853981633974483,20.0,2.5,98.17477042468104,8847.63018035549,9.555652633508954,9.85894800101479,50.0,11.802354286447036,2302.786376953125,429.7173714067458,5.208333333333333,0.3663808780605136,161.98924870566307
711,0.330241,1.0,1,656.0560160659184,0.0,209.30820621883402,4.1024408418891465,32.81952673511317,36.92196757700232,802.5601475104049,0.0,146.50413144448603,3558.2523246608334,-0.0,0.0,5.4532117916198075,5.654328707826666,0.0,388.8048979346071,8847.63018035549,9.555652633508954,9.85894800101479,50.0,11.802354286447036,2302.786376953125,11.802354286447036,83.79671543377395,83.79671543377395,0.0,0.0,5.208333333333333,0.3663808780605136,429.7173714067458,161.98924870566307,232.36981964450933,150.0,1.0,1.9434062854322462,0.0,1986.597715201681,487.53329762800786,475.49007896836804,4178.994778111465,45.70389748642083,0.0,445.0285799683013,83.79671543377395,94.41883429157629,41.666666666666664,12.043218659639834,191700744.8961891,95824833.33333333,10.0,1.0,7.853981633974483,20.0,2.5,98.17477042468104,8847.63018035549,9.555652633508954,9.85894800101479,50.0,11.802354286447036,2302.786376953125,429.7173714067458,5.208333333333333,0.3663808780605136,161.98924870566307
712,0.27793,1.0,1,552.1351029860032,0.0,487.5332976280079,9.555652633508954,76.44522106807163,86.00087370158059,1080.2399177404168,0.0,528.1048147544136,3002.3525196561877,-0.0,0.0,0.0,5.654328707826666,0.0,390.73858718861214,8847.63018035549,9.555652633508954,9.85894800101479,50.0,11.802354286447036,2302.786376953125,11.802354286447036,83.79671543377395,83.79671543377395,0.0,0.0,5.208333333333333,0.3663808780605136,429.7173714067458,161.98924870566307,232.36981964450933,150.0,1.0,1.9434062854322462,0.0,1986.597715201681,487.53329762800786,475.49007896836804,4178.994778111465,45.70389748642083,0.0,445.0285799683013,83.79671543377395,94.41883429157629,41.666666666666664,12.043218659639834,191700744.8961891,95824833.33333333,10.0,1.0,7.853981633974483,20.0,2.5,98.17477042468104,8847.63018035549,9.555652633508954,9.85894800101479,50.0,11.802354286447036,2302.786376953125,429.7173714067458,5.208333333333333,0.3663808780605136,161.98924870566307
713,0.219208,1.0,1,435.47811195393007,0.0,487.5332976280079,9.555652633508954,76.44522106807163,86.00087370158059,1080.2399177404168,0.0,644.7618057864868,2323.6558819862016,-0.0,0.0,0.0,5.654328707826666,0.0,392.6722764426172,8847.63018035549,9.555652633508954,9.85894800101479,50.0,11.802354286447036,2302.786376953125,11.802354286447036,83.79671543377395,83.79671543377395,0.0,0.0,5.208333333333333,0.3663808780605136,429.7173714067458,161.98924870566307,232.36981964450933,150.0,1.0,1.9434062854322462,0.0,1986.597715201681,487.53329762800786,475.49007896836804,4178.994778111465,45.70389748642083,0.0,445.0285799683013,83.79671543377395,94.41883429157629,41.666666666666664,12.043218659639834,191700744.8961891,95824833.33333333,10.0,1.0,7.853981633974483,20.0,2.5,98.17477042468104,8847.63018035549,9.555652633508954,9.85894800101479,50.0,11.802354286447036,2302.786376953125,429.7173714067458,5.208333333333333,0.3663808780605136,161.98924870566307
714,0.173352,1.0,1,344.3806871256418,0.0,487.5332976280079,9.555652633508954,76.44522106807163,86.00087370158059,1080.2399177404168,0.0,735.859230614775,1549.0672181811753,-0.0,0.0,0.0,5.654328707826665,0.0,394.6059656966224,8847.63018035549,9.555652633508954,9.85894800101479,50.0,11.802354286447036,2302.786376953125,11.802354286447036,83.79671543377395,83.79671543377395,0.0,0.0,5.208333333333333,0.3663808780605136,429.7173714067458,161.98924870566307,232.36981964450933,150.0,1.0,1.9434062854322462,0.0,1986.597715201681,487.53329762800786,475.49007896836804,4178.994778111465,45.70389748642083,0.0,445.0285799683013,83.79671543377395,94.41883429157629,41.666666666666664,12.043218659639834,191700744.8961891,95824833.33333333,10.0,1.0,7.853981633974483,20.0,2.5,98.17477042468104,8847.63018035549,9.555652633508954,9.85894800101479,50.0,11.802354286447036,2302.786376953125,429.7173714067458,5.208333333333333,0.3663808780605136,161.98924870566307
715,0.150115,-0.0,1,298.21811601750034,0.0,130.12785538090577,2.550505965465753,20.404047723726023,22.954553689191776,298.21811601750034,0.0,0.0,1549.0672181811753,1.0,2.550505965465753,0.0,8.153824553983103,0.0,384.69747524334116,0.0,0.0,9.85894800101479,50.0,0.0,0.0,0.0,0.0,0.0,0.0,0.0,5.208333333333333,0.3663808780605136,0.0,161.98924870566307,9080.0,150.0,-0.0,0.0,9.85894800101479,1986.597715201681,487.53329762800786,475.49007896836804,4178.994778111465,45.70389748642083,0.0,445.0285799683013,83.79671543377395,94.41883429157629,41.666666666666664,12.043218659639834,191700744.8961891,95824833.33333333,10.0,1.0,7.853981633974483,20.0,2.5,98.17477042468104,8847.63018035549,9.555652633508954,9.85894800101479,50.0,11.802354286447036,2302.786376953125,429.7173714067458,5.208333333333333,0.3663808780605136,161.98924870566307
716,0.120644,-0.0,1,239.67109475279162,0.0,0.0,0.0,0.0,0.0,162.98924870566307,0.0,0.0,1549.0672181811753,-0.0,0.0,0.0,8.153824553983103,0.0,374.78898479005994,0.0,0.0,9.85894800101479,50.0,0.0,0.0,0.0,0.0,0.0,0.0,0.0,5.208333333333333,0.3663808780605136,0.0,161.98924870566307,9080.0,150.0,0.0,0.0,9.85894800101479,1986.597715201681,487.53329762800786,475.49007896836804,4178.994778111465,45.70389748642083,0.0,445.0285799683013,83.79671543377395,94.41883429157629,41.666666666666664,12.043218659639834,191700744.8961891,95824833.33333333,10.0,1.0,7.853981633974483,20.0,2.5,98.17477042468104,8847.63018035549,9.555652633508954,9.85894800101479,50.0,11.802354286447036,2302.786376953125,429.7173714067458,5.208333333333333,0.3663808780605136,161.98924870566307
717,0.087505,-0.0,1,173.8372330687231,0.0,0.0,0.0,0.0,0.0,162.98924870566307,0.0,0.0,1549.0672181811753,-0.0,0.0,0.0,8.153824553983103,0.0,364.8804943367788,0.0,0.0,9.85894800101479,50.0,0.0,0.0,0.0,0.0,0.0,0.0,0.0,5.208333333333333,0.3663808780605136,0.0,161.98924870566307,9080.0,150.0,-0.0,0.0,9.85894800101479,1986.597715201681,487.53329762800786,475.49007896836804,4178.994778111465,45.70389748642083,0.0,445.0285799683013,83.79671543377395,94.41883429157629,41.666666666666664,12.043218659639834,191700744.8961891,95824833.33333333,10.0,1.0,7.853981633974483,20.0,2.5,98.17477042468104,8847.63018035549,9.555652633508954,9.85894800101479,50.0,11.802354286447036,2302.786376953125,429.7173714067458,5.208333333333333,0.3663808780605136,161.98924870566307
718,0.0766299999999999,-0.0,1,152.23298291590464,0.0,0.0,0.0,0.0,0.0,162.98924870566307,0.0,10.75626578975843,1537.7448331393243,-0.0,0.0,0.0,8.153824553983103,0.0,354.97200388349756,0.0,0.0,9.85894800101479,50.0,0.0,0.0,0.0,0.0,0.0,0.0,0.0,5.208333333333333,0.3663808780605136,0.0,161.98924870566307,9080.0,150.0,-0.0,0.0,9.85894800101479,1986.597715201681,487.53329762800786,475.49007896836804,4178.994778111465,45.70389748642083,0.0,445.0285799683013,83.79671543377395,94.41883429157629,41.666666666666664,12.043218659639834,191700744.8961891,95824833.33333333,10.0,1.0,7.853981633974483,20.0,2.5,98.17477042468104,8847.63018035549,9.555652633508954,9.85894800101479,50.0,11.802354286447036,2302.786376953125,429.7173714067458,5.208333333333333,0.3663808780605136,161.98924870566307
719,0.093744,-0.0,1,186.23161621386637,0.0,0.0,0.0,0.0,0.0,162.98924870566307,0.0,0.0,1537.7448331393243,-0.0,0.0,0.0,8.153824553983103,0.0,345.06351343021635,0.0,0.0,9.85894800101479,50.0,0.0,0.0,0.0,0.0,0.0,0.0,0.0,5.208333333333333,0.3663808780605136,0.0,161.98924870566307,9080.0,150.0,-0.0,0.0,9.85894800101479,1986.597715201681,487.53329762800786,475.49007896836804,4178.994778111465,45.70389748642083,0.0,445.0285799683013,83.79671543377395,94.41883429157629,41.666666666666664,12.043218659639834,191700744.8961891,95824833.33333333,10.0,1.0,7.853981633974483,20.0,2.5,98.17477042468104,8847.63018035549,9.555652633508954,9.85894800101479,50.0,11.802354286447036,2302.786376953125,429.7173714067458,5.208333333333333,0.3663808780605136,161.98924870566307
720,0.5423709999999999,1.0,1,1077.4729893916508,2.766928348765873,487.53329762800786,9.555652633508954,76.44522106807163,86.00087370158059,1080.2399177404168,0.0,0.0,1537.7448331393243,1.0,0.0,0.0,8.153824553983103,0.0,346.99720268422146,8847.63018035549,9.555652633508954,9.85894800101479,50.0,11.802354286447036,2302.786376953125,11.802354286447036,83.79671543377395,83.79671543377395,0.0,0.0,5.208333333333333,0.3663808780605136,429.7173714067458,161.98924870566307,232.36981964450933,150.0,1.0,1.9434062854322462,0.0,1986.597715201681,487.53329762800786,475.49007896836804,4178.994778111465,45.70389748642083,0.0,445.0285799683013,83.79671543377395,94.41883429157629,41.666666666666664,12.043218659639834,191700744.8961891,95824833.33333333,10.0,1.0,7.853981633974483,20.0,2.5,98.17477042468104,8847.63018035549,9.555652633508954,9.85894800101479,50.0,11.802354286447036,2302.786376953125,429.7173714067458,5.208333333333333,0.3663808780605136,161.98924870566307
721,0.53572,1.0,1,1064.2601279878445,15.979789752572174,487.53329762800786,9.555652633508954,76.44522106807163,86.00087370158059,1080.2399177404168,0.0,0.0,1537.7448331393243,1.0,0.0,0.0,8.153824553983103,0.0,348.9308919382265,8847.63018035549,9.555652633508954,9.85894800101479,50.0,11.802354286447036,2302.786376953125,11.802354286447036,83.79671543377395,83.79671543377395,0.0,0.0,5.208333333333333,0.3663808780605136,429.7173714067458,161.98924870566307,232.36981964450933,150.0,1.0,1.9434062854322462,0.0,1986.597715201681,487.53329762800786,475.49007896836804,4178.994778111465,45.70389748642083,0.0,445.0285799683013,83.79671543377395,94.41883429157629,41.666666666666664,12.043218659639834,191700744.8961891,95824833.33333333,10.0,1.0,7.853981633974483,20.0,2.5,98.17477042468104,8847.63018035549,9.555652633508954,9.85894800101479,50.0,11.802354286447036,2302.786376953125,429.7173714067458,5.208333333333333,0.3663808780605136,161.98924870566307
722,0.530442,1.0,1,1053.77486524701,26.465052493406688,487.53329762800786,9.555652633508954,76.44522106807163,86.00087370158059,1080.2399177404168,0.0,0.0,1537.7448331393243,1.0,0.0,0.0,8.153824553983103,0.0,350.8645811922316,8847.63018035549,9.555652633508954,9.85894800101479,50.0,11.802354286447036,2302.786376953125,11.802354286447036,83.79671543377395,83.79671543377395,0.0,0.0,5.208333333333333,0.3663808780605136,429.7173714067458,161.98924870566307,232.36981964450933,150.0,1.0,1.9434062854322462,0.0,1986.597715201681,487.53329762800786,475.49007896836804,4178.994778111465,45.70389748642083,0.0,445.0285799683013,83.79671543377395,94.41883429157629,41.666666666666664,12.043218659639834,191700744.8961891,95824833.33333333,10.0,1.0,7.853981633974483,20.0,2.5,98.17477042468104,8847.63018035549,9.555652633508954,9.85894800101479,50.0,11.802354286447036,2302.786376953125,429.7173714067458,5.208333333333333,0.3663808780605136,161.98924870566307
723,0.530397,1.0,1,1053.6854683498261,26.55444939059055,487.53329762800786,9.555652633508954,76.44522106807163,86.00087370158059,1080.2399177404168,0.0,0.0,1537.7448331393243,1.0,0.0,0.0,8.153824553983103,0.0,352.7982704462367,8847.63018035549,9.555652633508954,9.85894800101479,50.0,11.802354286447036,2302.786376953125,11.802354286447036,83.79671543377395,83.79671543377395,0.0,0.0,5.208333333333333,0.3663808780605136,429.7173714067458,161.98924870566307,232.36981964450933,150.0,1.0,1.9434062854322462,0.0,1986.597715201681,487.53329762800786,475.49007896836804,4178.994778111465,45.70389748642083,0.0,445.0285799683013,83.79671543377395,94.41883429157629,41.666666666666664,12.043218659639834,191700744.8961891,95824833.33333333,10.0,1.0,7.853981633974483,20.0,2.5,98.17477042468104,8847.63018035549,9.555652633508954,9.85894800101479,50.0,11.802354286447036,2302.786376953125,429.7173714067458,5.208333333333333,0.3663808780605136,161.98924870566307
724,0.5450389999999999,1.0,1,1082.773232095809,0.0,487.5332976280079,9.555652633508954,76.44522106807163,86.00087370158059,1082.773232095809,2.533314355392122,0.0,1540.1514817769469,1.0,0.0,0.0,8.153824553983103,0.0,354.73195970024176,8847.63018035549,9.555652633508954,9.85894800101479,50.0,11.802354286447036,2302.786376953125,11.802354286447036,83.79671543377395,83.79671543377395,0.0,0.0,5.208333333333333,0.3663808780605136,429.7173714067458,161.98924870566307,232.36981964450933,150.0,1.0,1.9434062854322462,0.0,1986.597715201681,487.53329762800786,475.49007896836804,4178.994778111465,45.70389748642083,0.0,445.0285799683013,83.79671543377395,94.41883429157629,41.666666666666664,12.043218659639834,191700744.8961891,95824833.33333333,10.0,1.0,7.853981633974483,20.0,2.5,98.17477042468104,8847.63018035549,9.555652633508954,9.85894800101479,50.0,11.802354286447036,2302.786376953125,429.7173714067458,5.208333333333333,0.3663808780605136,161.98924870566307
725,0.5596169999999999,1.0,1,1111.733853588019,0.0,487.5332976280079,9.555652633508954,76.44522106807163,86.00087370158059,1111.733853588019,31.49393584760213,0.0,1570.070720832165,1.0,0.0,0.0,8.153824553983103,0.0,356.6656489542468,8847.63018035549,9.555652633508954,9.85894800101479,50.0,11.802354286447036,2302.786376953125,11.802354286447036,83.79671543377395,83.79671543377395,0.0,0.0,5.208333333333333,0.3663808780605136,429.7173714067458,161.98924870566307,232.36981964450933,150.0,1.0,1.9434062854322462,0.0,1986.597715201681,487.53329762800786,475.49007896836804,4178.994778111465,45.70389748642083,0.0,445.0285799683013,83.79671543377395,94.41883429157629,41.666666666666664,12.043218659639834,191700744.8961891,95824833.33333333,10.0,1.0,7.853981633974483,20.0,2.5,98.17477042468104,8847.63018035549,9.555652633508954,9.85894800101479,50.0,11.802354286447036,2302.786376953125,429.7173714067458,5.208333333333333,0.3663808780605136,161.98924870566307
726,0.559455,1.0,1,1111.4120247581566,0.0,487.5332976280079,9.555652633508954,76.44522106807163,86.00087370158059,1111.4120247581566,31.172107017739734,0.0,1599.6842224990178,1.0,0.0,0.0,8.153824553983103,0.0,358.59933820825216,8847.63018035549,9.555652633508954,9.85894800101479,50.0,11.802354286447036,2302.786376953125,11.802354286447036,83.79671543377395,83.79671543377395,0.0,0.0,5.208333333333333,0.3663808780605136,429.7173714067458,161.98924870566307,232.36981964450933,150.0,1.0,1.9434062854322462,0.0,1986.597715201681,487.53329762800786,475.49007896836804,4178.994778111465,45.70389748642083,0.0,445.0285799683013,83.79671543377395,94.41883429157629,41.666666666666664,12.043218659639834,191700744.8961891,95824833.33333333,10.0,1.0,7.853981633974483,20.0,2.5,98.17477042468104,8847.63018035549,9.555652633508954,9.85894800101479,50.0,11.802354286447036,2302.786376953125,429.7173714067458,5.208333333333333,0.3663808780605136,161.98924870566307
727,0.554332,1.0,1,1101.2346846631783,0.0,487.5332976280079,9.555652633508954,76.44522106807163,86.00087370158059,1101.2346846631783,20.994766922761528,0.0,1619.6292510756412,1.0,0.0,0.0,8.153824553983103,0.0,360.5330274622572,8847.63018035549,9.555652633508954,9.85894800101479,50.0,11.802354286447036,2302.786376953125,11.802354286447036,83.79671543377395,83.79671543377395,0.0,0.0,5.208333333333333,0.3663808780605136,429.7173714067458,161.98924870566307,232.36981964450933,150.0,1.0,1.9434062854322462,0.0,1986.597715201681,487.53329762800786,475.49007896836804,4178.994778111465,45.70389748642083,0.0,445.0285799683013,83.79671543377395,94.41883429157629,41.666666666666664,12.043218659639834,191700744.8961891,95824833.33333333,10.0,1.0,7.853981633974483,20.0,2.5,98.17477042468104,8847.63018035549,9.555652633508954,9.85894800101479,50.0,11.802354286447036,2302.786376953125,429.7173714067458,5.208333333333333,0.3663808780605136,161.98924870566307
728,0.5516749999999999,1.0,1,1095.956294533887,0.0,487.53329762800786,9.555652633508954,76.44522106807163,86.00087370158059,1095.956294533887,15.716376793470374,0.0,1634.559809029438,-0.0,0.0,0.0,8.153824553983263,0.0,362.4667167162623,8847.63018035549,9.555652633508954,9.85894800101479,50.0,11.802354286447036,2302.786376953125,11.802354286447036,83.79671543377395,83.79671543377395,0.0,0.0,5.208333333333333,0.3663808780605136,429.7173714067458,161.98924870566307,232.36981964450933,150.0,1.0,1.9434062854322462,0.0,1986.597715201681,487.53329762800786,475.49007896836804,4178.994778111465,45.70389748642083,0.0,445.0285799683013,83.79671543377395,94.41883429157629,41.666666666666664,12.043218659639834,191700744.8961891,95824833.33333333,10.0,1.0,7.853981633974483,20.0,2.5,98.17477042468104,8847.63018035549,9.555652633508954,9.85894800101479,50.0,11.802354286447036,2302.786376953125,429.7173714067458,5.208333333333333,0.3663808780605136,161.98924870566307
729,0.541082,1.0,1,1074.912264936756,0.0,482.1951821179474,9.451025569511769,75.60820455609415,85.05923012560592,1074.9122649367562,0.0,0.0,1634.559809029438,-0.0,0.0,0.10462706399718583,8.047062243782053,0.0,364.4004059702675,8847.63018035549,9.555652633508954,9.85894800101479,50.0,11.802354286447036,2302.786376953125,11.802354286447036,83.79671543377395,83.79671543377395,0.0,0.0,5.208333333333333,0.3663808780605136,429.7173714067458,161.98924870566307,232.36981964450933,150.0,1.0,1.9434062854322462,0.0,1986.597715201681,487.53329762800786,475.49007896836804,4178.994778111465,45.70389748642083,0.0,445.0285799683013,83.79671543377395,94.41883429157629,41.666666666666664,12.043218659639834,191700744.8961891,95824833.33333333,10.0,1.0,7.853981633974483,20.0,2.5,98.17477042468104,8847.63018035549,9.555652633508954,9.85894800101479,50.0,11.802354286447036,2302.786376953125,429.7173714067458,5.208333333333333,0.3663808780605136,161.98924870566307
730,0.5233099999999999,1.0,1,1039.6064503421915,40.63346739822521,487.53329762800786,9.555652633508954,76.44522106807163,86.00087370158059,1080.2399177404168,0.0,0.0,1634.559809029438,1.0,0.0,0.0,8.047062243782053,0.0,366.3340952242726,8847.63018035549,9.555652633508954,9.85894800101479,50.0,11.802354286447036,2302.786376953125,11.802354286447036,83.79671543377395,83.79671543377395,0.0,0.0,5.208333333333333,0.3663808780605136,429.7173714067458,161.98924870566307,232.36981964450933,150.0,1.0,1.9434062854322462,0.0,1986.597715201681,487.53329762800786,475.49007896836804,4178.994778111465,45.70389748642083,0.0,445.0285799683013,83.79671543377395,94.41883429157629,41.666666666666664,12.043218659639834,191700744.8961891,95824833.33333333,10.0,1.0,7.853981633974483,20.0,2.5,98.17477042468104,8847.63018035549,9.555652633508954,9.85894800101479,50.0,11.802354286447036,2302.786376953125,429.7173714067458,5.208333333333333,0.3663808780605136,161.98924870566307
731,0.4963829999999999,1.0,1,986.1133336649558,0.0,487.53329762800786,9.555652633508954,76.44522106807163,86.00087370158059,1080.2399177404168,0.0,94.12658407546093,1535.4791942131633,1.0,0.0,0.0,8.047062243782053,0.0,368.26778447827763,8847.63018035549,9.555652633508954,9.85894800101479,50.0,11.802354286447036,2302.786376953125,11.802354286447036,83.79671543377395,83.79671543377395,0.0,0.0,5.208333333333333,0.3663808780605136,429.7173714067458,161.98924870566307,232.36981964450933,150.0,1.0,1.9434062854322462,0.0,1986.597715201681,487.53329762800786,475.49007896836804,4178.994778111465,45.70389748642083,0.0,445.0285799683013,83.79671543377395,94.41883429157629,41.666666666666664,12.043218659639834,191700744.8961891,95824833.33333333,10.0,1.0,7.853981633974483,20.0,2.5,98.17477042468104,8847.63018035549,9.555652633508954,9.85894800101479,50.0,11.802354286447036,2302.786376953125,429.7173714067458,5.208333333333333,0.3663808780605136,161.98924870566307
732,0.48524,1.0,1,963.9766753244637,0.0,487.53329762800786,9.555652633508954,76.44522106807163,86.00087370158059,1080.2399177404168,0.0,116.2632424159531,1413.096833775318,1.0,0.0,0.0,8.047062243782053,0.0,370.20147373228275,8847.63018035549,9.555652633508954,9.85894800101479,50.0,11.802354286447036,2302.786376953125,11.802354286447036,83.79671543377395,83.79671543377395,0.0,0.0,5.208333333333333,0.3663808780605136,429.7173714067458,161.98924870566307,232.36981964450933,150.0,1.0,1.9434062854322462,0.0,1986.597715201681,487.53329762800786,475.49007896836804,4178.994778111465,45.70389748642083,0.0,445.0285799683013,83.79671543377395,94.41883429157629,41.666666666666664,12.043218659639834,191700744.8961891,95824833.33333333,10.0,1.0,7.853981633974483,20.0,2.5,98.17477042468104,8847.63018035549,9.555652633508954,9.85894800101479,50.0,11.802354286447036,2302.786376953125,429.7173714067458,5.208333333333333,0.3663808780605136,161.98924870566307
733,0.488093,1.0,1,969.644438605934,0.0,487.53329762800786,9.555652633508954,76.44522106807163,86.00087370158059,1080.2399177404168,0.0,110.59547913448267,1296.6805399495468,1.0,0.0,0.0,8.047062243782053,0.0,372.1351629862878,8847.63018035549,9.555652633508954,9.85894800101479,50.0,11.802354286447036,2302.786376953125,11.802354286447036,83.79671543377395,83.79671543377395,0.0,0.0,5.208333333333333,0.3663808780605136,429.7173714067458,161.98924870566307,232.36981964450933,150.0,1.0,1.9434062854322462,0.0,1986.597715201681,487.53329762800786,475.49007896836804,4178.994778111465,45.70389748642083,0.0,445.0285799683013,83.79671543377395,94.41883429157629,41.666666666666664,12.043218659639834,191700744.8961891,95824833.33333333,10.0,1.0,7.853981633974483,20.0,2.5,98.17477042468104,8847.63018035549,9.555652633508954,9.85894800101479,50.0,11.802354286447036,2302.786376953125,429.7173714067458,5.208333333333333,0.3663808780605136,161.98924870566307
734,0.493228,1.0,1,979.8456178734947,0.0,487.53329762800786,9.555652633508954,76.44522106807163,86.00087370158059,1080.2399177404168,0.0,100.39429986692204,1191.002329563313,1.0,0.0,0.0,8.047062243782053,0.0,374.06885224029287,8847.63018035549,9.555652633508954,9.85894800101479,50.0,11.802354286447036,2302.786376953125,11.802354286447036,83.79671543377395,83.79671543377395,0.0,0.0,5.208333333333333,0.3663808780605136,429.7173714067458,161.98924870566307,232.36981964450933,150.0,1.0,1.9434062854322462,0.0,1986.597715201681,487.53329762800786,475.49007896836804,4178.994778111465,45.70389748642083,0.0,445.0285799683013,83.79671543377395,94.41883429157629,41.666666666666664,12.043218659639834,191700744.8961891,95824833.33333333,10.0,1.0,7.853981633974483,20.0,2.5,98.17477042468104,8847.63018035549,9.555652633508954,9.85894800101479,50.0,11.802354286447036,2302.786376953125,429.7173714067458,5.208333333333333,0.3663808780605136,161.98924870566307
735,0.4843179999999999,1.0,1,962.1450322310476,0.0,487.53329762800786,9.555652633508954,76.44522106807163,86.00087370158059,1080.2399177404168,0.0,118.09488550936913,1066.691923763977,1.0,0.0,0.0,8.047062243782053,0.0,376.00254149429793,8847.63018035549,9.555652633508954,9.85894800101479,50.0,11.802354286447036,2302.786376953125,11.802354286447036,83.79671543377395,83.79671543377395,0.0,0.0,5.208333333333333,0.3663808780605136,429.7173714067458,161.98924870566307,232.36981964450933,150.0,1.0,1.9434062854322462,0.0,1986.597715201681,487.53329762800786,475.49007896836804,4178.994778111465,45.70389748642083,0.0,445.0285799683013,83.79671543377395,94.41883429157629,41.666666666666664,12.043218659639834,191700744.8961891,95824833.33333333,10.0,1.0,7.853981633974483,20.0,2.5,98.17477042468104,8847.63018035549,9.555652633508954,9.85894800101479,50.0,11.802354286447036,2302.786376953125,429.7173714067458,5.208333333333333,0.3663808780605136,161.98924870566307
736,0.451673,-0.0,1,897.2925498182889,0.0,0.0,0.0,0.0,0.0,897.2925498182889,734.3033011126258,0.0,1764.2800598209715,-0.0,0.0,0.0,8.047062243782053,0.0,366.0940510410167,0.0,0.0,9.85894800101479,50.0,0.0,0.0,0.0,0.0,0.0,0.0,0.0,5.208333333333333,0.3663808780605136,0.0,161.98924870566307,9080.0,150.0,-0.0,0.0,9.85894800101479,1986.597715201681,487.53329762800786,475.49007896836804,4178.994778111465,45.70389748642083,0.0,445.0285799683013,83.79671543377395,94.41883429157629,41.666666666666664,12.043218659639834,191700744.8961891,95824833.33333333,10.0,1.0,7.853981633974483,20.0,2.5,98.17477042468104,8847.63018035549,9.555652633508954,9.85894800101479,50.0,11.802354286447036,2302.786376953125,429.7173714067458,5.208333333333333,0.3663808780605136,161.98924870566307
737,0.41249,-0.0,1,819.4516915435414,0.0,0.0,0.0,0.0,0.0,162.98924870566307,0.0,0.0,1764.2800598209715,-0.0,0.0,0.0,8.047062243782053,0.0,356.1855605877355,0.0,0.0,9.85894800101479,50.0,0.0,0.0,0.0,0.0,0.0,0.0,0.0,5.208333333333333,0.3663808780605136,0.0,161.98924870566307,9080.0,150.0,-0.0,0.0,9.85894800101479,1986.597715201681,487.53329762800786,475.49007896836804,4178.994778111465,45.70389748642083,0.0,445.0285799683013,83.79671543377395,94.41883429157629,41.666666666666664,12.043218659639834,191700744.8961891,95824833.33333333,10.0,1.0,7.853981633974483,20.0,2.5,98.17477042468104,8847.63018035549,9.555652633508954,9.85894800101479,50.0,11.802354286447036,2302.786376953125,429.7173714067458,5.208333333333333,0.3663808780605136,161.98924870566307
738,0.377512,-0.0,1,749.9644766612171,0.0,0.0,0.0,0.0,0.0,749.9644766612171,586.975227955554,0.0,2321.906526378748,-0.0,0.0,0.0,8.047062243782053,0.0,346.27707013445433,0.0,0.0,9.85894800101479,50.0,0.0,0.0,0.0,0.0,0.0,0.0,0.0,5.208333333333333,0.3663808780605136,0.0,161.98924870566307,9080.0,150.0,-0.0,0.0,9.85894800101479,1986.597715201681,487.53329762800786,475.49007896836804,4178.994778111465,45.70389748642083,0.0,445.0285799683013,83.79671543377395,94.41883429157629,41.666666666666664,12.043218659639834,191700744.8961891,95824833.33333333,10.0,1.0,7.853981633974483,20.0,2.5,98.17477042468104,8847.63018035549,9.555652633508954,9.85894800101479,50.0,11.802354286447036,2302.786376953125,429.7173714067458,5.208333333333333,0.3663808780605136,161.98924870566307
739,0.341627,1.0,1,678.6754176512047,0.0,85.18018543890521,1.6695316346025422,13.356253076820337,15.02578471142288,678.6754176512047,0.0,0.0,2321.906526378748,-0.0,0.0,7.886120998906412,0.0,0.0,348.2107593884594,8847.63018035549,9.555652633508954,9.85894800101479,50.0,11.802354286447036,2302.786376953125,11.802354286447036,83.79671543377395,83.79671543377395,0.0,0.0,5.208333333333333,0.3663808780605136,429.7173714067458,161.98924870566307,232.36981964450933,150.0,1.0,1.9434062854322462,0.0,1986.597715201681,487.53329762800786,475.49007896836804,4178.994778111465,45.70389748642083,0.0,445.0285799683013,83.79671543377395,94.41883429157629,41.666666666666664,12.043218659639834,191700744.8961891,95824833.33333333,10.0,1.0,7.853981633974483,20.0,2.5,98.17477042468104,8847.63018035549,9.555652633508954,9.85894800101479,50.0,11.802354286447036,2302.786376953125,429.7173714067458,5.208333333333333,0.3663808780605136,161.98924870566307
740,0.297021,1.0,1,590.0612399669185,0.0,487.5332976280079,9.555652633508954,76.44522106807163,86.00087370158059,1080.2399177404168,0.0,490.1786777734983,1805.928970827697,-0.0,0.0,0.0,0.0,0.0,350.14444864246445,8847.63018035549,9.555652633508954,9.85894800101479,50.0,11.802354286447036,2302.786376953125,11.802354286447036,83.79671543377395,83.79671543377395,0.0,0.0,5.208333333333333,0.3663808780605136,429.7173714067458,161.98924870566307,232.36981964450933,150.0,1.0,1.9434062854322462,0.0,1986.597715201681,487.53329762800786,475.49007896836804,4178.994778111465,45.70389748642083,0.0,445.0285799683013,83.79671543377395,94.41883429157629,41.666666666666664,12.043218659639834,191700744.8961891,95824833.33333333,10.0,1.0,7.853981633974483,20.0,2.5,98.17477042468104,8847.63018035549,9.555652633508954,9.85894800101479,50.0,11.802354286447036,2302.786376953125,429.7173714067458,5.208333333333333,0.3663808780605136,161.98924870566307
741,0.2798589999999999,-0.0,1,555.967249978627,0.0,0.0,0.0,0.0,0.0,162.98924870566307,0.0,0.0,1805.928970827697,-0.0,0.0,0.0,0.0,0.0,340.23595818918324,0.0,0.0,9.85894800101479,50.0,0.0,0.0,0.0,0.0,0.0,0.0,0.0,5.208333333333333,0.3663808780605136,0.0,161.98924870566307,9080.0,150.0,-0.0,0.0,9.85894800101479,1986.597715201681,487.53329762800786,475.49007896836804,4178.994778111465,45.70389748642083,0.0,445.0285799683013,83.79671543377395,94.41883429157629,41.666666666666664,12.043218659639834,191700744.8961891,95824833.33333333,10.0,1.0,7.853981633974483,20.0,2.5,98.17477042468104,8847.63018035549,9.555652633508954,9.85894800101479,50.0,11.802354286447036,2302.786376953125,429.7173714067458,5.208333333333333,0.3663808780605136,161.98924870566307
742,0.286566,-0.0,1,569.2913608544849,0.0,390.97585849578695,7.663126826517424,61.305014612139395,68.96814143865682,569.2913608544849,0.0,0.0,1805.928970827697,1.0,7.663126826517424,0.0,7.509864289987076,0.0,330.327467735902,0.0,0.0,9.85894800101479,50.0,0.0,0.0,0.0,0.0,0.0,0.0,0.0,5.208333333333333,0.3663808780605136,0.0,161.98924870566307,9080.0,150.0,-0.0,0.0,9.85894800101479,1986.597715201681,487.53329762800786,475.49007896836804,4178.994778111465,45.70389748642083,0.0,445.0285799683013,83.79671543377395,94.41883429157629,41.666666666666664,12.043218659639834,191700744.8961891,95824833.33333333,10.0,1.0,7.853981633974483,20.0,2.5,98.17477042468104,8847.63018035549,9.555652633508954,9.85894800101479,50.0,11.802354286447036,2302.786376953125,429.7173714067458,5.208333333333333,0.3663808780605136,161.98924870566307
743,0.296982,-0.0,1,589.9837626560256,0.0,0.0,0.0,0.0,0.0,589.9837626560256,426.9945139503626,0.0,2211.5737590805415,-0.0,0.0,0.0,7.509864289987076,0.0,320.41897728262086,0.0,0.0,9.85894800101479,50.0,0.0,0.0,0.0,0.0,0.0,0.0,0.0,5.208333333333333,0.3663808780605136,0.0,161.98924870566307,9080.0,150.0,-0.0,0.0,9.85894800101479,1986.597715201681,487.53329762800786,475.49007896836804,4178.994778111465,45.70389748642083,0.0,445.0285799683013,83.79671543377395,94.41883429157629,41.666666666666664,12.043218659639834,191700744.8961891,95824833.33333333,10.0,1.0,7.853981633974483,20.0,2.5,98.17477042468104,8847.63018035549,9.555652633508954,9.85894800101479,50.0,11.802354286447036,2302.786376953125,429.7173714067458,5.208333333333333,0.3663808780605136,161.98924870566307
744,0.0769929999999999,-0.0,1,152.95411788652282,0.0,0.0,0.0,0.0,0.0,162.98924870566307,0.0,10.03513081914025,2201.0104634814465,1.0,0.0,0.0,7.509864289987076,0.0,310.51048682933964,0.0,0.0,9.85894800101479,50.0,0.0,0.0,0.0,0.0,0.0,0.0,0.0,5.208333333333333,0.3663808780605136,0.0,161.98924870566307,9080.0,150.0,-0.0,0.0,9.85894800101479,1986.597715201681,487.53329762800786,475.49007896836804,4178.994778111465,45.70389748642083,0.0,445.0285799683013,83.79671543377395,94.41883429157629,41.666666666666664,12.043218659639834,191700744.8961891,95824833.33333333,10.0,1.0,7.853981633974483,20.0,2.5,98.17477042468104,8847.63018035549,9.555652633508954,9.85894800101479,50.0,11.802354286447036,2302.786376953125,429.7173714067458,5.208333333333333,0.3663808780605136,161.98924870566307
745,0.082233,-0.0,1,163.36388991417982,0.0,0.36050924607077484,0.007065981222987187,0.056527849783897494,0.06359383100688468,163.36388991417982,0.0,0.0,2201.0104634814465,1.0,0.007065981222987187,0.0,7.516788951585603,0.0,300.6019963760584,0.0,0.0,9.85894800101479,50.0,0.0,0.0,0.0,0.0,0.0,0.0,0.0,5.208333333333333,0.3663808780605136,0.0,161.98924870566307,9080.0,150.0,-0.0,0.0,9.85894800101479,1986.597715201681,487.53329762800786,475.49007896836804,4178.994778111465,45.70389748642083,0.0,445.0285799683013,83.79671543377395,94.41883429157629,41.666666666666664,12.043218659639834,191700744.8961891,95824833.33333333,10.0,1.0,7.853981633974483,20.0,2.5,98.17477042468104,8847.63018035549,9.555652633508954,9.85894800101479,50.0,11.802354286447036,2302.786376953125,429.7173714067458,5.208333333333333,0.3663808780605136,161.98924870566307
746,0.080206,-0.0,1,159.33705634546604,0.0,0.0,0.0,0.0,0.0,162.98924870566307,0.0,3.6521923601970343,2197.166050470713,-0.0,0.0,0.0,7.516788951585603,0.0,290.69350592277726,0.0,0.0,9.85894800101479,50.0,0.0,0.0,0.0,0.0,0.0,0.0,0.0,5.208333333333333,0.3663808780605136,0.0,161.98924870566307,9080.0,150.0,-0.0,0.0,9.85894800101479,1986.597715201681,487.53329762800786,475.49007896836804,4178.994778111465,45.70389748642083,0.0,445.0285799683013,83.79671543377395,94.41883429157629,41.666666666666664,12.043218659639834,191700744.8961891,95824833.33333333,10.0,1.0,7.853981633974483,20.0,2.5,98.17477042468104,8847.63018035549,9.555652633508954,9.85894800101479,50.0,11.802354286447036,2302.786376953125,429.7173714067458,5.208333333333333,0.3663808780605136,161.98924870566307
747,0.073187,-0.0,1,145.39312698246545,0.0,0.0,0.0,0.0,0.0,162.98924870566307,0.0,17.596121723197626,2178.6438170778733,1.0,0.0,0.0,7.516788951585603,0.0,280.78501546949605,0.0,0.0,9.85894800101479,50.0,0.0,0.0,0.0,0.0,0.0,0.0,0.0,5.208333333333333,0.3663808780605136,0.0,161.98924870566307,9080.0,150.0,-0.0,0.0,9.85894800101479,1986.597715201681,487.53329762800786,475.49007896836804,4178.994778111465,45.70389748642083,0.0,445.0285799683013,83.79671543377395,94.41883429157629,41.666666666666664,12.043218659639834,191700744.8961891,95824833.33333333,10.0,1.0,7.853981633974483,20.0,2.5,98.17477042468104,8847.63018035549,9.555652633508954,9.85894800101479,50.0,11.802354286447036,2302.786376953125,429.7173714067458,5.208333333333333,0.3663808780605136,161.98924870566307
748,0.065432,-0.0,1,129.9870617010764,0.0,0.0,0.0,0.0,0.0,162.98924870566307,0.0,33.00218700458666,2143.904672862519,1.0,0.0,0.0,7.516788951585603,0.0,270.8765250162148,0.0,0.0,9.85894800101479,50.0,0.0,0.0,0.0,0.0,0.0,0.0,0.0,5.208333333333333,0.3663808780605136,0.0,161.98924870566307,9080.0,150.0,-0.0,0.0,9.85894800101479,1986.597715201681,487.53329762800786,475.49007896836804,4178.994778111465,45.70389748642083,0.0,445.0285799683013,83.79671543377395,94.41883429157629,41.666666666666664,12.043218659639834,191700744.8961891,95824833.33333333,10.0,1.0,7.853981633974483,20.0,2.5,98.17477042468104,8847.63018035549,9.555652633508954,9.85894800101479,50.0,11.802354286447036,2302.786376953125,429.7173714067458,5.208333333333333,0.3663808780605136,161.98924870566307
749,0.056911,-0.0,1,113.05926256984287,0.0,0.0,0.0,0.0,0.0,162.98924870566307,0.0,49.9299861358202,2091.34679271955,1.0,0.0,0.0,7.516788951585603,0.0,260.9680345629336,0.0,0.0,9.85894800101479,50.0,0.0,0.0,0.0,0.0,0.0,0.0,0.0,5.208333333333333,0.3663808780605136,0.0,161.98924870566307,9080.0,150.0,-0.0,0.0,9.85894800101479,1986.597715201681,487.53329762800786,475.49007896836804,4178.994778111465,45.70389748642083,0.0,445.0285799683013,83.79671543377395,94.41883429157629,41.666666666666664,12.043218659639834,191700744.8961891,95824833.33333333,10.0,1.0,7.853981633974483,20.0,2.5,98.17477042468104,8847.63018035549,9.555652633508954,9.85894800101479,50.0,11.802354286447036,2302.786376953125,429.7173714067458,5.208333333333333,0.3663808780605136,161.98924870566307
750,0.043132,-0.0,1,85.6859326520789,0.0,0.0,0.0,0.0,0.0,162.98924870566307,0.0,77.30331605358417,2009.9748810841984,1.0,0.0,0.0,7.516788951585603,0.0,251.05954410965245,0.0,0.0,9.85894800101479,50.0,0.0,0.0,0.0,0.0,0.0,0.0,0.0,5.208333333333333,0.3663808780605136,0.0,161.98924870566307,9080.0,150.0,-0.0,0.0,9.85894800101479,1986.597715201681,487.53329762800786,475.49007896836804,4178.994778111465,45.70389748642083,0.0,445.0285799683013,83.79671543377395,94.41883429157629,41.666666666666664,12.043218659639834,191700744.8961891,95824833.33333333,10.0,1.0,7.853981633974483,20.0,2.5,98.17477042468104,8847.63018035549,9.555652633508954,9.85894800101479,50.0,11.802354286447036,2302.786376953125,429.7173714067458,5.208333333333333,0.3663808780605136,161.98924870566307
751,0.033241,-0.0,1,66.03649465101908,0.0,0.0,0.0,0.0,0.0,162.98924870566307,0.0,96.95275405464399,1907.9193505003627,1.0,0.0,0.0,7.516788951585603,0.0,241.15105365637126,0.0,0.0,9.85894800101479,50.0,0.0,0.0,0.0,0.0,0.0,0.0,0.0,5.208333333333333,0.3663808780605136,0.0,161.98924870566307,9080.0,150.0,-0.0,0.0,9.85894800101479,1986.597715201681,487.53329762800786,475.49007896836804,4178.994778111465,45.70389748642083,0.0,445.0285799683013,83.79671543377395,94.41883429157629,41.666666666666664,12.043218659639834,191700744.8961891,95824833.33333333,10.0,1.0,7.853981633974483,20.0,2.5,98.17477042468104,8847.63018035549,9.555652633508954,9.85894800101479,50.0,11.802354286447036,2302.786376953125,429.7173714067458,5.208333333333333,0.3663808780605136,161.98924870566307
752,0.0268769999999999,-0.0,1,53.393786791475385,0.0,0.0,0.0,0.0,0.0,162.98924870566307,0.0,109.5954619141877,1792.5557063801648,1.0,0.0,0.0,7.516788951585603,0.0,231.24256320309007,0.0,0.0,9.85894800101479,50.0,0.0,0.0,0.0,0.0,0.0,0.0,0.0,5.208333333333333,0.3663808780605136,0.0,161.98924870566307,9080.0,150.0,-0.0,0.0,9.85894800101479,1986.597715201681,487.53329762800786,475.49007896836804,4178.994778111465,45.70389748642083,0.0,445.0285799683013,83.79671543377395,94.41883429157629,41.666666666666664,12.043218659639834,191700744.8961891,95824833.33333333,10.0,1.0,7.853981633974483,20.0,2.5,98.17477042468104,8847.63018035549,9.555652633508954,9.85894800101479,50.0,11.802354286447036,2302.786376953125,429.7173714067458,5.208333333333333,0.3663808780605136,161.98924870566307
753,0.0240279999999999,-0.0,1,47.733969900865795,0.0,0.0,0.0,0.0,0.0,162.98924870566307,0.0,115.25527880479729,1671.2343602698518,1.0,0.0,0.0,7.516788951585603,0.0,221.33407274980888,0.0,0.0,9.85894800101479,50.0,0.0,0.0,0.0,0.0,0.0,0.0,0.0,5.208333333333333,0.3663808780605136,0.0,161.98924870566307,9080.0,150.0,-0.0,0.0,9.85894800101479,1986.597715201681,487.53329762800786,475.49007896836804,4178.994778111465,45.70389748642083,0.0,445.0285799683013,83.79671543377395,94.41883429157629,41.666666666666664,12.043218659639834,191700744.8961891,95824833.33333333,10.0,1.0,7.853981633974483,20.0,2.5,98.17477042468104,8847.63018035549,9.555652633508954,9.85894800101479,50.0,11.802354286447036,2302.786376953125,429.7173714067458,5.208333333333333,0.3663808780605136,161.98924870566307
754,0.02862,-0.0,1,56.85642660907211,0.0,0.0,0.0,0.0,0.0,162.98924870566307,0.0,106.13282209659096,1559.5156001681771,1.0,0.0,0.0,7.516788951585603,0.0,211.42558229652772,0.0,0.0,9.85894800101479,50.0,0.0,0.0,0.0,0.0,0.0,0.0,0.0,5.208333333333333,0.3663808780605136,0.0,161.98924870566307,9080.0,150.0,-0.0,0.0,9.85894800101479,1986.597715201681,487.53329762800786,475.49007896836804,4178.994778111465,45.70389748642083,0.0,445.0285799683013,83.79671543377395,94.41883429157629,41.666666666666664,12.043218659639834,191700744.8961891,95824833.33333333,10.0,1.0,7.853981633974483,20.0,2.5,98.17477042468104,8847.63018035549,9.555652633508954,9.85894800101479,50.0,11.802354286447036,2302.786376953125,429.7173714067458,5.208333333333333,0.3663808780605136,161.98924870566307
755,0.039865,-0.0,1,79.19571791651501,0.0,0.0,0.0,0.0,0.0,162.98924870566307,0.0,83.79353078914806,1471.3118835480213,1.0,0.0,0.0,7.516788951585603,0.0,201.51709184324653,0.0,0.0,9.85894800101479,50.0,0.0,0.0,0.0,0.0,0.0,0.0,0.0,5.208333333333333,0.3663808780605136,0.0,161.98924870566307,9080.0,150.0,-0.0,0.0,9.85894800101479,1986.597715201681,487.53329762800786,475.49007896836804,4178.994778111465,45.70389748642083,0.0,445.0285799683013,83.79671543377395,94.41883429157629,41.666666666666664,12.043218659639834,191700744.8961891,95824833.33333333,10.0,1.0,7.853981633974483,20.0,2.5,98.17477042468104,8847.63018035549,9.555652633508954,9.85894800101479,50.0,11.802354286447036,2302.786376953125,429.7173714067458,5.208333333333333,0.3663808780605136,161.98924870566307
756,0.044406,-0.0,1,88.21685814124585,0.0,0.0,0.0,0.0,0.0,162.98924870566307,0.0,74.77239056441722,1392.6041040065297,1.0,0.0,0.0,7.516788951585603,0.0,191.60860138996534,0.0,0.0,9.85894800101479,50.0,0.0,0.0,0.0,0.0,0.0,0.0,0.0,5.208333333333333,0.3663808780605136,0.0,161.98924870566307,9080.0,150.0,-0.0,0.0,9.85894800101479,1986.597715201681,487.53329762800786,475.49007896836804,4178.994778111465,45.70389748642083,0.0,445.0285799683013,83.79671543377395,94.41883429157629,41.666666666666664,12.043218659639834,191700744.8961891,95824833.33333333,10.0,1.0,7.853981633974483,20.0,2.5,98.17477042468104,8847.63018035549,9.555652633508954,9.85894800101479,50.0,11.802354286447036,2302.786376953125,429.7173714067458,5.208333333333333,0.3663808780605136,161.98924870566307
757,0.029369,-0.0,1,58.344388297758165,0.0,0.0,0.0,0.0,0.0,162.98924870566307,0.0,104.6448604079049,1282.4516193666298,1.0,0.0,0.0,7.516788951585603,0.0,181.70011093668415,0.0,0.0,9.85894800101479,50.0,0.0,0.0,0.0,0.0,0.0,0.0,0.0,5.208333333333333,0.3663808780605136,0.0,161.98924870566307,9080.0,150.0,-0.0,0.0,9.85894800101479,1986.597715201681,487.53329762800786,475.49007896836804,4178.994778111465,45.70389748642083,0.0,445.0285799683013,83.79671543377395,94.41883429157629,41.666666666666664,12.043218659639834,191700744.8961891,95824833.33333333,10.0,1.0,7.853981633974483,20.0,2.5,98.17477042468104,8847.63018035549,9.555652633508954,9.85894800101479,50.0,11.802354286447036,2302.786376953125,429.7173714067458,5.208333333333333,0.3663808780605136,161.98924870566307
758,0.015827,-0.0,1,31.441882038497006,0.0,0.0,0.0,0.0,0.0,162.98924870566307,0.0,131.54736666716607,1143.9807070854024,1.0,0.0,0.0,7.516788951585603,0.0,171.79162048340294,0.0,0.0,9.85894800101479,50.0,0.0,0.0,0.0,0.0,0.0,0.0,0.0,5.208333333333333,0.3663808780605136,0.0,161.98924870566307,9080.0,150.0,-0.0,0.0,9.85894800101479,1986.597715201681,487.53329762800786,475.49007896836804,4178.994778111465,45.70389748642083,0.0,445.0285799683013,83.79671543377395,94.41883429157629,41.666666666666664,12.043218659639834,191700744.8961891,95824833.33333333,10.0,1.0,7.853981633974483,20.0,2.5,98.17477042468104,8847.63018035549,9.555652633508954,9.85894800101479,50.0,11.802354286447036,2302.786376953125,429.7173714067458,5.208333333333333,0.3663808780605136,161.98924870566307
759,0.010734,-0.0,1,21.324139874974843,0.0,0.0,0.0,0.0,0.0,162.98924870566307,0.0,141.66510883068824,994.8595398952043,1.0,0.0,0.0,7.516788951585603,0.0,161.88313003012175,0.0,0.0,9.85894800101479,50.0,0.0,0.0,0.0,0.0,0.0,0.0,0.0,5.208333333333333,0.3663808780605136,0.0,161.98924870566307,9080.0,150.0,-0.0,0.0,9.85894800101479,1986.597715201681,487.53329762800786,475.49007896836804,4178.994778111465,45.70389748642083,0.0,445.0285799683013,83.79671543377395,94.41883429157629,41.666666666666664,12.043218659639834,191700744.8961891,95824833.33333333,10.0,1.0,7.853981633974483,20.0,2.5,98.17477042468104,8847.63018035549,9.555652633508954,9.85894800101479,50.0,11.802354286447036,2302.786376953125,429.7173714067458,5.208333333333333,0.3663808780605136,161.98924870566307
760,0.007416,-0.0,1,14.732608655935666,0.0,0.0,0.0,0.0,0.0,162.98924870566307,0.0,148.2566400497274,838.799918790228,1.0,0.0,0.0,7.516788951585603,0.0,151.97463957684056,0.0,0.0,9.85894800101479,50.0,0.0,0.0,0.0,0.0,0.0,0.0,0.0,5.208333333333333,0.3663808780605136,0.0,161.98924870566307,9080.0,150.0,-0.0,0.0,9.85894800101479,1986.597715201681,487.53329762800786,475.49007896836804,4178.994778111465,45.70389748642083,0.0,445.0285799683013,83.79671543377395,94.41883429157629,41.666666666666664,12.043218659639834,191700744.8961891,95824833.33333333,10.0,1.0,7.853981633974483,20.0,2.5,98.17477042468104,8847.63018035549,9.555652633508954,9.85894800101479,50.0,11.802354286447036,2302.786376953125,429.7173714067458,5.208333333333333,0.3663808780605136,161.98924870566307
761,0.009112,-0.0,1,18.101878380917718,0.0,0.0,0.0,0.0,0.0,162.98924870566307,0.0,144.88737032474535,686.2868973957593,1.0,0.0,0.0,7.516788951585603,0.0,142.06614912355937,0.0,0.0,9.85894800101479,50.0,0.0,0.0,0.0,0.0,0.0,0.0,0.0,5.208333333333333,0.3663808780605136,0.0,161.98924870566307,9080.0,150.0,-0.0,0.0,9.85894800101479,1986.597715201681,487.53329762800786,475.49007896836804,4178.994778111465,45.70389748642083,0.0,445.0285799683013,83.79671543377395,94.41883429157629,41.666666666666664,12.043218659639834,191700744.8961891,95824833.33333333,10.0,1.0,7.853981633974483,20.0,2.5,98.17477042468104,8847.63018035549,9.555652633508954,9.85894800101479,50.0,11.802354286447036,2302.786376953125,429.7173714067458,5.208333333333333,0.3663808780605136,161.98924870566307
762,0.019094,-0.0,1,37.932096774060895,0.0,0.0,0.0,0.0,0.0,162.98924870566307,0.0,125.05715193160218,554.647790099336,1.0,0.0,0.0,7.516788951585603,0.0,132.15765867027818,0.0,0.0,9.85894800101479,50.0,0.0,0.0,0.0,0.0,0.0,0.0,0.0,5.208333333333333,0.3663808780605136,0.0,161.98924870566307,9080.0,150.0,-0.0,0.0,9.85894800101479,1986.597715201681,487.53329762800786,475.49007896836804,4178.994778111465,45.70389748642083,0.0,445.0285799683013,83.79671543377395,94.41883429157629,41.666666666666664,12.043218659639834,191700744.8961891,95824833.33333333,10.0,1.0,7.853981633974483,20.0,2.5,98.17477042468104,8847.63018035549,9.555652633508954,9.85894800101479,50.0,11.802354286447036,2302.786376953125,429.7173714067458,5.208333333333333,0.3663808780605136,161.98924870566307
763,0.02958,-0.0,1,58.76356041566572,0.0,0.0,0.0,0.0,0.0,162.98924870566307,0.0,104.22568828999735,444.9365392677599,1.0,0.0,0.0,7.516788951585603,0.0,122.24916821699698,0.0,0.0,9.85894800101479,50.0,0.0,0.0,0.0,0.0,0.0,0.0,0.0,5.208333333333333,0.3663808780605136,0.0,161.98924870566307,9080.0,150.0,-0.0,0.0,9.85894800101479,1986.597715201681,487.53329762800786,475.49007896836804,4178.994778111465,45.70389748642083,0.0,445.0285799683013,83.79671543377395,94.41883429157629,41.666666666666664,12.043218659639834,191700744.8961891,95824833.33333333,10.0,1.0,7.853981633974483,20.0,2.5,98.17477042468104,8847.63018035549,9.555652633508954,9.85894800101479,50.0,11.802354286447036,2302.786376953125,429.7173714067458,5.208333333333333,0.3663808780605136,161.98924870566307
764,0.034622,-0.0,1,68.7799860957126,0.0,0.0,0.0,0.0,0.0,162.98924870566307,0.0,94.20926260995047,345.7688944151804,1.0,0.0,0.0,7.516788951585603,0.0,112.34067776371579,0.0,0.0,9.85894800101479,50.0,0.0,0.0,0.0,0.0,0.0,0.0,0.0,5.208333333333333,0.3663808780605136,0.0,161.98924870566307,9080.0,150.0,-0.0,0.0,9.85894800101479,1986.597715201681,487.53329762800786,475.49007896836804,4178.994778111465,45.70389748642083,0.0,445.0285799683013,83.79671543377395,94.41883429157629,41.666666666666664,12.043218659639834,191700744.8961891,95824833.33333333,10.0,1.0,7.853981633974483,20.0,2.5,98.17477042468104,8847.63018035549,9.555652633508954,9.85894800101479,50.0,11.802354286447036,2302.786376953125,429.7173714067458,5.208333333333333,0.3663808780605136,161.98924870566307
765,0.032509,-0.0,1,64.58230512349145,0.0,0.0,0.0,0.0,0.0,162.98924870566307,0.0,98.40694358217162,242.1826380128945,1.0,0.0,0.0,7.516788951585603,0.0,102.4321873104346,0.0,0.0,9.85894800101479,50.0,0.0,0.0,0.0,0.0,0.0,0.0,0.0,5.208333333333333,0.3663808780605136,0.0,161.98924870566307,9080.0,150.0,-0.0,0.0,9.85894800101479,1986.597715201681,487.53329762800786,475.49007896836804,4178.994778111465,45.70389748642083,0.0,445.0285799683013,83.79671543377395,94.41883429157629,41.666666666666664,12.043218659639834,191700744.8961891,95824833.33333333,10.0,1.0,7.853981633974483,20.0,2.5,98.17477042468104,8847.63018035549,9.555652633508954,9.85894800101479,50.0,11.802354286447036,2302.786376953125,429.7173714067458,5.208333333333333,0.3663808780605136,161.98924870566307
766,0.026418,-0.0,1,52.48193844019801,0.0,0.0,0.0,0.0,0.0,162.98924870566307,0.0,110.50731026546507,125.85915352293128,1.0,0.0,0.0,7.516788951585603,0.0,92.5236968571534,0.0,0.0,9.85894800101479,50.0,0.0,0.0,0.0,0.0,0.0,0.0,0.0,5.208333333333333,0.3663808780605136,0.0,161.98924870566307,9080.0,150.0,-0.0,0.0,9.85894800101479,1986.597715201681,487.53329762800786,475.49007896836804,4178.994778111465,45.70389748642083,0.0,445.0285799683013,83.79671543377395,94.41883429157629,41.666666666666664,12.043218659639834,191700744.8961891,95824833.33333333,10.0,1.0,7.853981633974483,20.0,2.5,98.17477042468104,8847.63018035549,9.555652633508954,9.85894800101479,50.0,11.802354286447036,2302.786376953125,429.7173714067458,5.208333333333333,0.3663808780605136,161.98924870566307
767,0.021858,-0.0,1,43.42305285887834,0.0,0.0,0.0,0.0,0.0,162.98924870566307,0.0,119.56619584678472,0.0,1.0,0.0,0.0,7.516788951585603,0.0,82.61520640387221,0.0,0.0,9.85894800101479,50.0,0.0,0.0,0.0,0.0,0.0,0.0,0.0,5.208333333333333,0.3663808780605136,0.0,161.98924870566307,9080.0,150.0,-0.0,0.0,9.85894800101479,1986.597715201681,487.53329762800786,475.49007896836804,4178.994778111465,45.70389748642083,0.0,445.0285799683013,83.79671543377395,94.41883429157629,41.666666666666664,12.043218659639834,191700744.8961891,95824833.33333333,10.0,1.0,7.853981633974483,20.0,2.5,98.17477042468104,8847.63018035549,9.555652633508954,9.85894800101479,50.0,11.802354286447036,2302.786376953125,429.7173714067458,5.208333333333333,0.3663808780605136,161.98924870566307
768,0.8988379999999999,1.0,1,1785.6295171364484,0.0,487.53329762800786,9.555652633508954,76.44522106807163,86.00087370158059,1785.6295171364486,705.3895993960317,0.0,670.1201194262301,1.0,0.0,0.0,7.516788951585603,0.0,84.5488956578773,8847.63018035549,9.555652633508954,9.85894800101479,50.0,11.802354286447036,2302.786376953125,11.802354286447036,83.79671543377395,83.79671543377395,0.0,0.0,5.208333333333333,0.3663808780605136,429.7173714067458,161.98924870566307,232.36981964450933,150.0,1.0,1.9434062854322462,0.0,1986.597715201681,487.53329762800786,475.49007896836804,4178.994778111465,45.70389748642083,0.0,445.0285799683013,83.79671543377395,94.41883429157629,41.666666666666664,12.043218659639834,191700744.8961891,95824833.33333333,10.0,1.0,7.853981633974483,20.0,2.5,98.17477042468104,8847.63018035549,9.555652633508954,9.85894800101479,50.0,11.802354286447036,2302.786376953125,429.7173714067458,5.208333333333333,0.3663808780605136,161.98924870566307
769,0.918996,1.0,1,1825.6753538794842,0.0,487.53329762800786,9.555652633508954,76.44522106807163,86.00087370158059,1080.2399177404168,0.0,0.0,670.1201194262301,-0.0,0.0,0.0,7.516788951585603,0.0,86.48258491188236,8847.63018035549,9.555652633508954,9.85894800101479,50.0,11.802354286447036,2302.786376953125,11.802354286447036,83.79671543377395,83.79671543377395,0.0,0.0,5.208333333333333,0.3663808780605136,429.7173714067458,161.98924870566307,232.36981964450933,150.0,1.0,1.9434062854322462,0.0,1986.597715201681,487.53329762800786,475.49007896836804,4178.994778111465,45.70389748642083,0.0,445.0285799683013,83.79671543377395,94.41883429157629,41.666666666666664,12.043218659639834,191700744.8961891,95824833.33333333,10.0,1.0,7.853981633974483,20.0,2.5,98.17477042468104,8847.63018035549,9.555652633508954,9.85894800101479,50.0,11.802354286447036,2302.786376953125,429.7173714067458,5.208333333333333,0.3663808780605136,161.98924870566307
770,0.936596,1.0,1,1860.6394736670336,0.0,487.53329762800786,9.555652633508954,76.44522106807163,86.00087370158059,1860.6394736670336,780.3995559266169,0.0,1411.4996975565161,1.0,0.0,0.0,7.516788951585603,0.0,88.41627416588744,8847.63018035549,9.555652633508954,9.85894800101479,50.0,11.802354286447036,2302.786376953125,11.802354286447036,83.79671543377395,83.79671543377395,0.0,0.0,5.208333333333333,0.3663808780605136,429.7173714067458,161.98924870566307,232.36981964450933,150.0,1.0,1.9434062854322462,0.0,1986.597715201681,487.53329762800786,475.49007896836804,4178.994778111465,45.70389748642083,0.0,445.0285799683013,83.79671543377395,94.41883429157629,41.666666666666664,12.043218659639834,191700744.8961891,95824833.33333333,10.0,1.0,7.853981633974483,20.0,2.5,98.17477042468104,8847.63018035549,9.555652633508954,9.85894800101479,50.0,11.802354286447036,2302.786376953125,429.7173714067458,5.208333333333333,0.3663808780605136,161.98924870566307
771,0.943617,1.0,1,1874.5873762254648,0.0,487.53329762800786,9.555652633508954,76.44522106807163,86.00087370158059,1080.2399177404168,0.0,0.0,1411.4996975565161,1.0,0.0,0.0,7.516788951585603,0.0,90.34996341989253,8847.63018035549,9.555652633508954,9.85894800101479,50.0,11.802354286447036,2302.786376953125,11.802354286447036,83.79671543377395,83.79671543377395,0.0,0.0,5.208333333333333,0.3663808780605136,429.7173714067458,161.98924870566307,232.36981964450933,150.0,1.0,1.9434062854322462,0.0,1986.597715201681,487.53329762800786,475.49007896836804,4178.994778111465,45.70389748642083,0.0,445.0285799683013,83.79671543377395,94.41883429157629,41.666666666666664,12.043218659639834,191700744.8961891,95824833.33333333,10.0,1.0,7.853981633974483,20.0,2.5,98.17477042468104,8847.63018035549,9.555652633508954,9.85894800101479,50.0,11.802354286447036,2302.786376953125,429.7173714067458,5.208333333333333,0.3663808780605136,161.98924870566307
772,0.946659,1.0,1,1880.6306064751082,0.0,487.53329762800786,9.555652633508954,76.44522106807163,86.00087370158059,1880.6306064751084,800.3906887346915,0.0,2171.870851854473,1.0,0.0,0.0,7.516788951585603,0.0,92.28365267389759,8847.63018035549,9.555652633508954,9.85894800101479,50.0,11.802354286447036,2302.786376953125,11.802354286447036,83.79671543377395,83.79671543377395,0.0,0.0,5.208333333333333,0.3663808780605136,429.7173714067458,161.98924870566307,232.36981964450933,150.0,1.0,1.9434062854322462,0.0,1986.597715201681,487.53329762800786,475.49007896836804,4178.994778111465,45.70389748642083,0.0,445.0285799683013,83.79671543377395,94.41883429157629,41.666666666666664,12.043218659639834,191700744.8961891,95824833.33333333,10.0,1.0,7.853981633974483,20.0,2.5,98.17477042468104,8847.63018035549,9.555652633508954,9.85894800101479,50.0,11.802354286447036,2302.786376953125,429.7173714067458,5.208333333333333,0.3663808780605136,161.98924870566307
773,0.943609,1.0,1,1874.571483443743,0.0,487.53329762800786,9.555652633508954,76.44522106807163,86.00087370158059,1874.571483443743,794.3315657033263,0.0,2926.485839272633,1.0,0.0,0.0,7.516788951585603,0.0,94.21734192790268,8847.63018035549,9.555652633508954,9.85894800101479,50.0,11.802354286447036,2302.786376953125,11.802354286447036,83.79671543377395,83.79671543377395,0.0,0.0,5.208333333333333,0.3663808780605136,429.7173714067458,161.98924870566307,232.36981964450933,150.0,1.0,1.9434062854322462,0.0,1986.597715201681,487.53329762800786,475.49007896836804,4178.994778111465,45.70389748642083,0.0,445.0285799683013,83.79671543377395,94.41883429157629,41.666666666666664,12.043218659639834,191700744.8961891,95824833.33333333,10.0,1.0,7.853981633974483,20.0,2.5,98.17477042468104,8847.63018035549,9.555652633508954,9.85894800101479,50.0,11.802354286447036,2302.786376953125,429.7173714067458,5.208333333333333,0.3663808780605136,161.98924870566307
774,0.936273,1.0,1,1859.9978026050235,0.0,487.53329762800786,9.555652633508954,76.44522106807163,86.00087370158059,1080.2399177404168,0.0,0.0,2926.485839272633,1.0,0.0,0.0,7.516788951585603,0.0,96.15103118190777,8847.63018035549,9.555652633508954,9.85894800101479,50.0,11.802354286447036,2302.786376953125,11.802354286447036,83.79671543377395,83.79671543377395,0.0,0.0,5.208333333333333,0.3663808780605136,429.7173714067458,161.98924870566307,232.36981964450933,150.0,1.0,1.9434062854322462,0.0,1986.597715201681,487.53329762800786,475.49007896836804,4178.994778111465,45.70389748642083,0.0,445.0285799683013,83.79671543377395,94.41883429157629,41.666666666666664,12.043218659639834,191700744.8961891,95824833.33333333,10.0,1.0,7.853981633974483,20.0,2.5,98.17477042468104,8847.63018035549,9.555652633508954,9.85894800101479,50.0,11.802354286447036,2302.786376953125,429.7173714067458,5.208333333333333,0.3663808780605136,161.98924870566307
775,0.919414,1.0,1,1826.5057517244381,0.0,487.53329762800786,9.555652633508954,76.44522106807163,86.00087370158059,1080.2399177404168,0.0,0.0,2926.485839272633,1.0,0.0,0.0,7.516788951585603,0.0,98.08472043591286,8847.63018035549,9.555652633508954,9.85894800101479,50.0,11.802354286447036,2302.786376953125,11.802354286447036,83.79671543377395,83.79671543377395,0.0,0.0,5.208333333333333,0.3663808780605136,429.7173714067458,161.98924870566307,232.36981964450933,150.0,1.0,1.9434062854322462,0.0,1986.597715201681,487.53329762800786,475.49007896836804,4178.994778111465,45.70389748642083,0.0,445.0285799683013,83.79671543377395,94.41883429157629,41.666666666666664,12.043218659639834,191700744.8961891,95824833.33333333,10.0,1.0,7.853981633974483,20.0,2.5,98.17477042468104,8847.63018035549,9.555652633508954,9.85894800101479,50.0,11.802354286447036,2302.786376953125,429.7173714067458,5.208333333333333,0.3663808780605136,161.98924870566307
776,0.8898010000000001,1.0,1,1767.676633584171,0.0,487.53329762800786,9.555652633508954,76.44522106807163,86.00087370158059,1080.2399177404168,0.0,0.0,2926.485839272633,-0.0,0.0,0.0,7.516788951585603,0.0,100.01840968991792,8847.63018035549,9.555652633508954,9.85894800101479,50.0,11.802354286447036,2302.786376953125,11.802354286447036,83.79671543377395,83.79671543377395,0.0,0.0,5.208333333333333,0.3663808780605136,429.7173714067458,161.98924870566307,232.36981964450933,150.0,1.0,1.9434062854322462,0.0,1986.597715201681,487.53329762800786,475.49007896836804,4178.994778111465,45.70389748642083,0.0,445.0285799683013,83.79671543377395,94.41883429157629,41.666666666666664,12.043218659639834,191700744.8961891,95824833.33333333,10.0,1.0,7.853981633974483,20.0,2.5,98.17477042468104,8847.63018035549,9.555652633508954,9.85894800101479,50.0,11.802354286447036,2302.786376953125,429.7173714067458,5.208333333333333,0.3663808780605136,161.98924870566307
777,0.8623730000000001,1.0,1,1713.1882314516195,0.0,487.53329762800786,9.555652633508954,76.44522106807163,86.00087370158059,1080.2399177404168,0.0,0.0,2926.485839272633,1.0,0.0,0.0,7.516788951585603,0.0,101.952098943923,8847.63018035549,9.555652633508954,9.85894800101479,50.0,11.802354286447036,2302.786376953125,11.802354286447036,83.79671543377395,83.79671543377395,0.0,0.0,5.208333333333333,0.3663808780605136,429.7173714067458,161.98924870566307,232.36981964450933,150.0,1.0,1.9434062854322462,0.0,1986.597715201681,487.53329762800786,475.49007896836804,4178.994778111465,45.70389748642083,0.0,445.0285799683013,83.79671543377395,94.41883429157629,41.666666666666664,12.043218659639834,191700744.8961891,95824833.33333333,10.0,1.0,7.853981633974483,20.0,2.5,98.17477042468104,8847.63018035549,9.555652633508954,9.85894800101479,50.0,11.802354286447036,2302.786376953125,429.7173714067458,5.208333333333333,0.3663808780605136,161.98924870566307
778,0.829631,1.0,1,1648.1430490604857,0.0,487.53329762800786,9.555652633508954,76.44522106807163,86.00087370158059,1080.2399177404168,0.0,0.0,2926.485839272633,1.0,0.0,0.0,7.516788951585603,0.0,103.88578819792798,8847.63018035549,9.555652633508954,9.85894800101479,50.0,11.802354286447036,2302.786376953125,11.802354286447036,83.79671543377395,83.79671543377395,0.0,0.0,5.208333333333333,0.3663808780605136,429.7173714067458,161.98924870566307,232.36981964450933,150.0,1.0,1.9434062854322462,0.0,1986.597715201681,487.53329762800786,475.49007896836804,4178.994778111465,45.70389748642083,0.0,445.0285799683013,83.79671543377395,94.41883429157629,41.666666666666664,12.043218659639834,191700744.8961891,95824833.33333333,10.0,1.0,7.853981633974483,20.0,2.5,98.17477042468104,8847.63018035549,9.555652633508954,9.85894800101479,50.0,11.802354286447036,2302.786376953125,429.7173714067458,5.208333333333333,0.3663808780605136,161.98924870566307
779,0.800563,1.0,1,1590.3966266750035,0.0,487.53329762800786,9.555652633508954,76.44522106807163,86.00087370158059,1164.0366331741907,0.0,0.0,2926.485839272633,-0.0,0.0,0.0,7.516788951585603,0.0,105.81947745193307,8847.63018035549,9.555652633508954,9.85894800101479,50.0,11.802354286447036,2302.786376953125,11.802354286447036,83.79671543377395,0.0,83.79671543377395,83.79671543377395,5.208333333333333,0.3663808780605136,429.7173714067458,161.98924870566307,232.36981964450933,150.0,1.0,1.9434062854322462,0.0,1986.597715201681,487.53329762800786,475.49007896836804,4178.994778111465,45.70389748642083,0.0,445.0285799683013,83.79671543377395,94.41883429157629,41.666666666666664,12.043218659639834,191700744.8961891,95824833.33333333,10.0,1.0,7.853981633974483,20.0,2.5,98.17477042468104,8847.63018035549,9.555652633508954,9.85894800101479,50.0,11.802354286447036,2302.786376953125,429.7173714067458,5.208333333333333,0.3663808780605136,161.98924870566307
780,0.772073,1.0,1,1533.7984577689074,0.0,487.53329762800786,9.555652633508954,76.44522106807163,86.00087370158059,1164.0366331741907,0.0,0.0,2926.485839272633,-0.0,0.0,0.0,7.516788951585603,0.0,107.75316670593816,8847.63018035549,9.555652633508954,9.85894800101479,50.0,11.802354286447036,2302.786376953125,11.802354286447036,83.79671543377395,0.0,83.79671543377395,83.79671543377395,5.208333333333333,0.3663808780605136,429.7173714067458,161.98924870566307,232.36981964450933,150.0,1.0,1.9434062854322462,0.0,1986.597715201681,487.53329762800786,475.49007896836804,4178.994778111465,45.70389748642083,0.0,445.0285799683013,83.79671543377395,94.41883429157629,41.666666666666664,12.043218659639834,191700744.8961891,95824833.33333333,10.0,1.0,7.853981633974483,20.0,2.5,98.17477042468104,8847.63018035549,9.555652633508954,9.85894800101479,50.0,11.802354286447036,2302.786376953125,429.7173714067458,5.208333333333333,0.3663808780605136,161.98924870566307
781,0.735201,1.0,1,1460.5486268139912,0.0,487.53329762800786,9.555652633508954,76.44522106807163,86.00087370158059,1080.2399177404168,0.0,0.0,2926.485839272633,1.0,0.0,0.0,7.516788951585603,0.0,109.68685595994324,8847.63018035549,9.555652633508954,9.85894800101479,50.0,11.802354286447036,2302.786376953125,11.802354286447036,83.79671543377395,83.79671543377395,0.0,0.0,5.208333333333333,0.3663808780605136,429.7173714067458,161.98924870566307,232.36981964450933,150.0,1.0,1.9434062854322462,0.0,1986.597715201681,487.53329762800786,475.49007896836804,4178.994778111465,45.70389748642083,0.0,445.0285799683013,83.79671543377395,94.41883429157629,41.666666666666664,12.043218659639834,191700744.8961891,95824833.33333333,10.0,1.0,7.853981633974483,20.0,2.5,98.17477042468104,8847.63018035549,9.555652633508954,9.85894800101479,50.0,11.802354286447036,2302.786376953125,429.7173714067458,5.208333333333333,0.3663808780605136,161.98924870566307
782,0.691414,1.0,1,1373.561472658455,0.0,487.53329762800786,9.555652633508954,76.44522106807163,86.00087370158059,1080.2399177404168,0.0,0.0,2926.485839272633,1.0,0.0,0.0,7.516788951585603,0.0,111.62054521394828,8847.63018035549,9.555652633508954,9.85894800101479,50.0,11.802354286447036,2302.786376953125,11.802354286447036,83.79671543377395,83.79671543377395,0.0,0.0,5.208333333333333,0.3663808780605136,429.7173714067458,161.98924870566307,232.36981964450933,150.0,1.0,1.9434062854322462,0.0,1986.597715201681,487.53329762800786,475.49007896836804,4178.994778111465,45.70389748642083,0.0,445.0285799683013,83.79671543377395,94.41883429157629,41.666666666666664,12.043218659639834,191700744.8961891,95824833.33333333,10.0,1.0,7.853981633974483,20.0,2.5,98.17477042468104,8847.63018035549,9.555652633508954,9.85894800101479,50.0,11.802354286447036,2302.786376953125,429.7173714067458,5.208333333333333,0.3663808780605136,161.98924870566307
783,0.6365879999999999,1.0,1,1264.6442663248076,0.0,487.53329762800786,9.555652633508954,76.44522106807163,86.00087370158059,1080.2399177404168,0.0,0.0,2926.485839272633,1.0,0.0,0.0,7.516788951585603,0.0,113.55423446795336,8847.63018035549,9.555652633508954,9.85894800101479,50.0,11.802354286447036,2302.786376953125,11.802354286447036,83.79671543377395,83.79671543377395,0.0,0.0,5.208333333333333,0.3663808780605136,429.7173714067458,161.98924870566307,232.36981964450933,150.0,1.0,1.9434062854322462,0.0,1986.597715201681,487.53329762800786,475.49007896836804,4178.994778111465,45.70389748642083,0.0,445.0285799683013,83.79671543377395,94.41883429157629,41.666666666666664,12.043218659639834,191700744.8961891,95824833.33333333,10.0,1.0,7.853981633974483,20.0,2.5,98.17477042468104,8847.63018035549,9.555652633508954,9.85894800101479,50.0,11.802354286447036,2302.786376953125,429.7173714067458,5.208333333333333,0.3663808780605136,161.98924870566307
784,0.569495,1.0,1,1131.3574658187813,0.0,487.53329762800786,9.555652633508954,76.44522106807163,86.00087370158059,1080.2399177404168,0.0,2215.484732363184,594.3966473113867,-0.0,0.0,0.0,7.516788951585603,0.0,115.48792372195845,8847.63018035549,9.555652633508954,9.85894800101479,50.0,11.802354286447036,2302.786376953125,11.802354286447036,83.79671543377395,83.79671543377395,0.0,0.0,5.208333333333333,0.3663808780605136,429.7173714067458,161.98924870566307,232.36981964450933,150.0,1.0,1.9434062854322462,0.0,1986.597715201681,487.53329762800786,475.49007896836804,4178.994778111465,45.70389748642083,0.0,445.0285799683013,83.79671543377395,94.41883429157629,41.666666666666664,12.043218659639834,191700744.8961891,95824833.33333333,10.0,1.0,7.853981633974483,20.0,2.5,98.17477042468104,8847.63018035549,9.555652633508954,9.85894800101479,50.0,11.802354286447036,2302.786376953125,429.7173714067458,5.208333333333333,0.3663808780605136,161.98924870566307
785,0.518048,1.0,1,1029.1529731648004,0.0,487.53329762800786,9.555652633508954,76.44522106807163,86.00087370158059,1080.2399177404168,0.0,51.086944575616286,540.620916179159,0.0,0.0,0.0,7.516788951585603,0.0,117.42161297596354,8847.63018035549,9.555652633508954,9.85894800101479,50.0,11.802354286447036,2302.786376953125,11.802354286447036,83.79671543377395,83.79671543377395,0.0,0.0,5.208333333333333,0.3663808780605136,429.7173714067458,161.98924870566307,232.36981964450933,150.0,1.0,1.9434062854322462,0.0,1986.597715201681,487.53329762800786,475.49007896836804,4178.994778111465,45.70389748642083,0.0,445.0285799683013,83.79671543377395,94.41883429157629,41.666666666666664,12.043218659639834,191700744.8961891,95824833.33333333,10.0,1.0,7.853981633974483,20.0,2.5,98.17477042468104,8847.63018035549,9.555652633508954,9.85894800101479,50.0,11.802354286447036,2302.786376953125,429.7173714067458,5.208333333333333,0.3663808780605136,161.98924870566307
786,0.484401,1.0,1,962.3099198414095,0.0,487.53329762800786,9.555652633508954,76.44522106807163,86.00087370158059,1080.2399177404168,0.0,117.92999789900722,416.48407628546727,1.0,0.0,0.0,7.516788951585603,0.0,119.35530222996869,8847.63018035549,9.555652633508954,9.85894800101479,50.0,11.802354286447036,2302.786376953125,11.802354286447036,83.79671543377395,83.79671543377395,0.0,0.0,5.208333333333333,0.3663808780605136,429.7173714067458,161.98924870566307,232.36981964450933,150.0,1.0,1.9434062854322462,0.0,1986.597715201681,487.53329762800786,475.49007896836804,4178.994778111465,45.70389748642083,0.0,445.0285799683013,83.79671543377395,94.41883429157629,41.666666666666664,12.043218659639834,191700744.8961891,95824833.33333333,10.0,1.0,7.853981633974483,20.0,2.5,98.17477042468104,8847.63018035549,9.555652633508954,9.85894800101479,50.0,11.802354286447036,2302.786376953125,429.7173714067458,5.208333333333333,0.3663808780605136,161.98924870566307
787,0.4802579999999999,1.0,1,954.0794455073287,0.0,487.53329762800786,9.555652633508954,76.44522106807163,86.00087370158059,1080.2399177404168,0.0,126.16047223308797,283.6835791980062,0.0,0.0,0.0,7.516788951585603,0.0,121.28899148397377,8847.63018035549,9.555652633508954,9.85894800101479,50.0,11.802354286447036,2302.786376953125,11.802354286447036,83.79671543377395,83.79671543377395,0.0,0.0,5.208333333333333,0.3663808780605136,429.7173714067458,161.98924870566307,232.36981964450933,150.0,1.0,1.9434062854322462,0.0,1986.597715201681,487.53329762800786,475.49007896836804,4178.994778111465,45.70389748642083,0.0,445.0285799683013,83.79671543377395,94.41883429157629,41.666666666666664,12.043218659639834,191700744.8961891,95824833.33333333,10.0,1.0,7.853981633974483,20.0,2.5,98.17477042468104,8847.63018035549,9.555652633508954,9.85894800101479,50.0,11.802354286447036,2302.786376953125,429.7173714067458,5.208333333333333,0.3663808780605136,161.98924870566307
788,0.514159,1.0,1,1021.4270946503812,0.0,487.53329762800786,9.555652633508954,76.44522106807163,86.00087370158059,1080.2399177404168,0.0,58.81282309003555,221.77534436638985,1.0,0.0,0.0,7.516788951585603,0.0,123.22268073797886,8847.63018035549,9.555652633508954,9.85894800101479,50.0,11.802354286447036,2302.786376953125,11.802354286447036,83.79671543377395,83.79671543377395,0.0,0.0,5.208333333333333,0.3663808780605136,429.7173714067458,161.98924870566307,232.36981964450933,150.0,1.0,1.9434062854322462,0.0,1986.597715201681,487.53329762800786,475.49007896836804,4178.994778111465,45.70389748642083,0.0,445.0285799683013,83.79671543377395,94.41883429157629,41.666666666666664,12.043218659639834,191700744.8961891,95824833.33333333,10.0,1.0,7.853981633974483,20.0,2.5,98.17477042468104,8847.63018035549,9.555652633508954,9.85894800101479,50.0,11.802354286447036,2302.786376953125,429.7173714067458,5.208333333333333,0.3663808780605136,161.98924870566307
789,0.582206,1.0,1,1156.60910937671,0.0,487.53329762800786,9.555652633508954,76.44522106807163,86.00087370158059,1080.2399177404168,0.0,0.0,221.77534436638985,-0.0,0.0,0.0,7.516788951585603,0.0,125.15636999198395,8847.63018035549,9.555652633508954,9.85894800101479,50.0,11.802354286447036,2302.786376953125,11.802354286447036,83.79671543377395,83.79671543377395,0.0,0.0,5.208333333333333,0.3663808780605136,429.7173714067458,161.98924870566307,232.36981964450933,150.0,1.0,1.9434062854322462,0.0,1986.597715201681,487.53329762800786,475.49007896836804,4178.994778111465,45.70389748642083,0.0,445.0285799683013,83.79671543377395,94.41883429157629,41.666666666666664,12.043218659639834,191700744.8961891,95824833.33333333,10.0,1.0,7.853981633974483,20.0,2.5,98.17477042468104,8847.63018035549,9.555652633508954,9.85894800101479,50.0,11.802354286447036,2302.786376953125,429.7173714067458,5.208333333333333,0.3663808780605136,161.98924870566307
790,0.650891,1.0,1,1293.0585734453373,0.0,487.53329762800786,9.555652633508954,76.44522106807163,86.00087370158059,1080.2399177404168,0.0,0.0,221.77534436638985,-0.0,0.0,0.0,7.516788951585603,0.0,127.09005924598904,8847.63018035549,9.555652633508954,9.85894800101479,50.0,11.802354286447036,2302.786376953125,11.802354286447036,83.79671543377395,83.79671543377395,0.0,0.0,5.208333333333333,0.3663808780605136,429.7173714067458,161.98924870566307,232.36981964450933,150.0,1.0,1.9434062854322462,0.0,1986.597715201681,487.53329762800786,475.49007896836804,4178.994778111465,45.70389748642083,0.0,445.0285799683013,83.79671543377395,94.41883429157629,41.666666666666664,12.043218659639834,191700744.8961891,95824833.33333333,10.0,1.0,7.853981633974483,20.0,2.5,98.17477042468104,8847.63018035549,9.555652633508954,9.85894800101479,50.0,11.802354286447036,2302.786376953125,429.7173714067458,5.208333333333333,0.3663808780605136,161.98924870566307
791,0.71441,1.0,1,1419.245273717233,0.0,487.53329762800786,9.555652633508954,76.44522106807163,86.00087370158059,1164.0366331741907,0.0,0.0,221.77534436638985,0.0,0.0,0.0,7.516788951585603,0.0,129.02374849999413,8847.63018035549,9.555652633508954,9.85894800101479,50.0,11.802354286447036,2302.786376953125,11.802354286447036,83.79671543377395,0.0,83.79671543377395,83.79671543377395,5.208333333333333,0.3663808780605136,429.7173714067458,161.98924870566307,232.36981964450933,150.0,1.0,1.9434062854322462,0.0,1986.597715201681,487.53329762800786,475.49007896836804,4178.994778111465,45.70389748642083,0.0,445.0285799683013,83.79671543377395,94.41883429157629,41.666666666666664,12.043218659639834,191700744.8961891,95824833.33333333,10.0,1.0,7.853981633974483,20.0,2.5,98.17477042468104,8847.63018035549,9.555652633508954,9.85894800101479,50.0,11.802354286447036,2302.786376953125,429.7173714067458,5.208333333333333,0.3663808780605136,161.98924870566307
792,0.988967,1.0,1,1964.679582609861,0.0,487.53329762800786,9.555652633508954,76.44522106807163,86.00087370158059,1080.2399177404168,0.0,0.0,221.77534436638985,-0.0,0.0,0.0,7.516788951585603,0.0,130.95743775399922,8847.63018035549,9.555652633508954,9.85894800101479,50.0,11.802354286447036,2302.786376953125,11.802354286447036,83.79671543377395,83.79671543377395,0.0,0.0,5.208333333333333,0.3663808780605136,429.7173714067458,161.98924870566307,232.36981964450933,150.0,1.0,1.9434062854322462,0.0,1986.597715201681,487.53329762800786,475.49007896836804,4178.994778111465,45.70389748642083,0.0,445.0285799683013,83.79671543377395,94.41883429157629,41.666666666666664,12.043218659639834,191700744.8961891,95824833.33333333,10.0,1.0,7.853981633974483,20.0,2.5,98.17477042468104,8847.63018035549,9.555652633508954,9.85894800101479,50.0,11.802354286447036,2302.786376953125,429.7173714067458,5.208333333333333,0.3663808780605136,161.98924870566307
793,0.98551,1.0,1,1957.8119143084086,0.0,487.53329762800786,9.555652633508954,76.44522106807163,86.00087370158059,1080.2399177404168,0.0,0.0,221.77534436638985,-0.0,0.0,0.0,7.516788951585603,0.0,132.89112700800425,8847.63018035549,9.555652633508954,9.85894800101479,50.0,11.802354286447036,2302.786376953125,11.802354286447036,83.79671543377395,83.79671543377395,0.0,0.0,5.208333333333333,0.3663808780605136,429.7173714067458,161.98924870566307,232.36981964450933,150.0,1.0,1.9434062854322462,0.0,1986.597715201681,487.53329762800786,475.49007896836804,4178.994778111465,45.70389748642083,0.0,445.0285799683013,83.79671543377395,94.41883429157629,41.666666666666664,12.043218659639834,191700744.8961891,95824833.33333333,10.0,1.0,7.853981633974483,20.0,2.5,98.17477042468104,8847.63018035549,9.555652633508954,9.85894800101479,50.0,11.802354286447036,2302.786376953125,429.7173714067458,5.208333333333333,0.3663808780605136,161.98924870566307
794,0.985982,1.0,1,1958.749588429984,0.0,487.53329762800786,9.555652633508954,76.44522106807163,86.00087370158059,1080.2399177404168,0.0,0.0,221.77534436638985,-0.0,0.0,0.0,7.516788951585603,0.0,134.82481626200934,8847.63018035549,9.555652633508954,9.85894800101479,50.0,11.802354286447036,2302.786376953125,11.802354286447036,83.79671543377395,83.79671543377395,0.0,0.0,5.208333333333333,0.3663808780605136,429.7173714067458,161.98924870566307,232.36981964450933,150.0,1.0,1.9434062854322462,0.0,1986.597715201681,487.53329762800786,475.49007896836804,4178.994778111465,45.70389748642083,0.0,445.0285799683013,83.79671543377395,94.41883429157629,41.666666666666664,12.043218659639834,191700744.8961891,95824833.33333333,10.0,1.0,7.853981633974483,20.0,2.5,98.17477042468104,8847.63018035549,9.555652633508954,9.85894800101479,50.0,11.802354286447036,2302.786376953125,429.7173714067458,5.208333333333333,0.3663808780605136,161.98924870566307
795,0.986517,1.0,1,1959.8124182076167,0.0,487.53329762800786,9.555652633508954,76.44522106807163,86.00087370158059,1080.2399177404168,0.0,0.0,221.77534436638985,-0.0,0.0,0.0,7.516788951585603,0.0,136.75850551601442,8847.63018035549,9.555652633508954,9.85894800101479,50.0,11.802354286447036,2302.786376953125,11.802354286447036,83.79671543377395,83.79671543377395,0.0,0.0,5.208333333333333,0.3663808780605136,429.7173714067458,161.98924870566307,232.36981964450933,150.0,1.0,1.9434062854322462,0.0,1986.597715201681,487.53329762800786,475.49007896836804,4178.994778111465,45.70389748642083,0.0,445.0285799683013,83.79671543377395,94.41883429157629,41.666666666666664,12.043218659639834,191700744.8961891,95824833.33333333,10.0,1.0,7.853981633974483,20.0,2.5,98.17477042468104,8847.63018035549,9.555652633508954,9.85894800101479,50.0,11.802354286447036,2302.786376953125,429.7173714067458,5.208333333333333,0.3663808780605136,161.98924870566307
796,0.984012,1.0,1,1954.8359909310366,0.0,487.53329762800786,9.555652633508954,76.44522106807163,86.00087370158059,1080.2399177404168,0.0,0.0,221.77534436638985,1.0,0.0,0.0,7.516788951585603,0.0,138.6921947700195,8847.63018035549,9.555652633508954,9.85894800101479,50.0,11.802354286447036,2302.786376953125,11.802354286447036,83.79671543377395,83.79671543377395,0.0,0.0,5.208333333333333,0.3663808780605136,429.7173714067458,161.98924870566307,232.36981964450933,150.0,1.0,1.9434062854322462,0.0,1986.597715201681,487.53329762800786,475.49007896836804,4178.994778111465,45.70389748642083,0.0,445.0285799683013,83.79671543377395,94.41883429157629,41.666666666666664,12.043218659639834,191700744.8961891,95824833.33333333,10.0,1.0,7.853981633974483,20.0,2.5,98.17477042468104,8847.63018035549,9.555652633508954,9.85894800101479,50.0,11.802354286447036,2302.786376953125,429.7173714067458,5.208333333333333,0.3663808780605136,161.98924870566307
797,0.989099,1.0,1,1964.9418135082674,0.0,487.53329762800786,9.555652633508954,76.44522106807163,86.00087370158059,1080.2399177404168,0.0,0.0,221.77534436638985,1.0,0.0,0.0,7.516788951585603,0.0,140.6258840240246,8847.63018035549,9.555652633508954,9.85894800101479,50.0,11.802354286447036,2302.786376953125,11.802354286447036,83.79671543377395,83.79671543377395,0.0,0.0,5.208333333333333,0.3663808780605136,429.7173714067458,161.98924870566307,232.36981964450933,150.0,1.0,1.9434062854322462,0.0,1986.597715201681,487.53329762800786,475.49007896836804,4178.994778111465,45.70389748642083,0.0,445.0285799683013,83.79671543377395,94.41883429157629,41.666666666666664,12.043218659639834,191700744.8961891,95824833.33333333,10.0,1.0,7.853981633974483,20.0,2.5,98.17477042468104,8847.63018035549,9.555652633508954,9.85894800101479,50.0,11.802354286447036,2302.786376953125,429.7173714067458,5.208333333333333,0.3663808780605136,161.98924870566307
798,0.9863,1.0,1,1959.381326503418,0.0,487.53329762800786,9.555652633508954,76.44522106807163,86.00087370158059,1959.381326503418,879.1414087630012,0.0,1056.959682691241,-0.0,0.0,0.0,7.516788951585603,0.0,142.5595732780297,8847.63018035549,9.555652633508954,9.85894800101479,50.0,11.802354286447036,2302.786376953125,11.802354286447036,83.79671543377395,83.79671543377395,0.0,0.0,5.208333333333333,0.3663808780605136,429.7173714067458,161.98924870566307,232.36981964450933,150.0,1.0,1.9434062854322462,0.0,1986.597715201681,487.53329762800786,475.49007896836804,4178.994778111465,45.70389748642083,0.0,445.0285799683013,83.79671543377395,94.41883429157629,41.666666666666664,12.043218659639834,191700744.8961891,95824833.33333333,10.0,1.0,7.853981633974483,20.0,2.5,98.17477042468104,8847.63018035549,9.555652633508954,9.85894800101479,50.0,11.802354286447036,2302.786376953125,429.7173714067458,5.208333333333333,0.3663808780605136,161.98924870566307
799,0.970471,1.0,1,1927.9354712694906,0.0,487.53329762800786,9.555652633508954,76.44522106807163,86.00087370158059,1927.9354712694906,847.6955535290738,0.0,1862.270458543861,-0.0,0.0,0.0,7.516788951585603,0.0,144.49326253203478,8847.63018035549,9.555652633508954,9.85894800101479,50.0,11.802354286447036,2302.786376953125,11.802354286447036,83.79671543377395,83.79671543377395,0.0,0.0,5.208333333333333,0.3663808780605136,429.7173714067458,161.98924870566307,232.36981964450933,150.0,1.0,1.9434062854322462,0.0,1986.597715201681,487.53329762800786,475.49007896836804,4178.994778111465,45.70389748642083,0.0,445.0285799683013,83.79671543377395,94.41883429157629,41.666666666666664,12.043218659639834,191700744.8961891,95824833.33333333,10.0,1.0,7.853981633974483,20.0,2.5,98.17477042468104,8847.63018035549,9.555652633508954,9.85894800101479,50.0,11.802354286447036,2302.786376953125,429.7173714067458,5.208333333333333,0.3663808780605136,161.98924870566307
800,0.935853,1.0,1,1859.1634315646388,0.0,487.53329762800786,9.555652633508954,76.44522106807163,86.00087370158059,1080.2399177404168,0.0,0.0,1862.270458543861,-0.0,0.0,0.0,7.516788951585603,0.0,146.42695178603987,8847.63018035549,9.555652633508954,9.85894800101479,50.0,11.802354286447036,2302.786376953125,11.802354286447036,83.79671543377395,83.79671543377395,0.0,0.0,5.208333333333333,0.3663808780605136,429.7173714067458,161.98924870566307,232.36981964450933,150.0,1.0,1.9434062854322462,0.0,1986.597715201681,487.53329762800786,475.49007896836804,4178.994778111465,45.70389748642083,0.0,445.0285799683013,83.79671543377395,94.41883429157629,41.666666666666664,12.043218659639834,191700744.8961891,95824833.33333333,10.0,1.0,7.853981633974483,20.0,2.5,98.17477042468104,8847.63018035549,9.555652633508954,9.85894800101479,50.0,11.802354286447036,2302.786376953125,429.7173714067458,5.208333333333333,0.3663808780605136,161.98924870566307
801,0.8813500000000001,1.0,1,1750.8878962930016,0.0,487.53329762800786,9.555652633508954,76.44522106807163,86.00087370158059,1080.2399177404168,0.0,0.0,1862.270458543861,-0.0,0.0,0.0,7.516788951585603,0.0,148.36064104004492,8847.63018035549,9.555652633508954,9.85894800101479,50.0,11.802354286447036,2302.786376953125,11.802354286447036,83.79671543377395,83.79671543377395,0.0,0.0,5.208333333333333,0.3663808780605136,429.7173714067458,161.98924870566307,232.36981964450933,150.0,1.0,1.9434062854322462,0.0,1986.597715201681,487.53329762800786,475.49007896836804,4178.994778111465,45.70389748642083,0.0,445.0285799683013,83.79671543377395,94.41883429157629,41.666666666666664,12.043218659639834,191700744.8961891,95824833.33333333,10.0,1.0,7.853981633974483,20.0,2.5,98.17477042468104,8847.63018035549,9.555652633508954,9.85894800101479,50.0,11.802354286447036,2302.786376953125,429.7173714067458,5.208333333333333,0.3663808780605136,161.98924870566307
802,0.8713390000000001,1.0,1,1731.0000665661178,0.0,487.53329762800786,9.555652633508954,76.44522106807163,86.00087370158059,1080.2399177404168,0.0,0.0,1862.270458543861,1.0,0.0,0.0,7.516788951585603,0.0,150.29433029405,8847.63018035549,9.555652633508954,9.85894800101479,50.0,11.802354286447036,2302.786376953125,11.802354286447036,83.79671543377395,83.79671543377395,0.0,0.0,5.208333333333333,0.3663808780605136,429.7173714067458,161.98924870566307,232.36981964450933,150.0,1.0,1.9434062854322462,0.0,1986.597715201681,487.53329762800786,475.49007896836804,4178.994778111465,45.70389748642083,0.0,445.0285799683013,83.79671543377395,94.41883429157629,41.666666666666664,12.043218659639834,191700744.8961891,95824833.33333333,10.0,1.0,7.853981633974483,20.0,2.5,98.17477042468104,8847.63018035549,9.555652633508954,9.85894800101479,50.0,11.802354286447036,2302.786376953125,429.7173714067458,5.208333333333333,0.3663808780605136,161.98924870566307
803,0.83897,1.0,1,1666.6958851227544,0.0,487.53329762800786,9.555652633508954,76.44522106807163,86.00087370158059,1080.2399177404168,0.0,0.0,1862.270458543861,1.0,0.0,0.0,7.516788951585603,0.0,152.2280195480551,8847.63018035549,9.555652633508954,9.85894800101479,50.0,11.802354286447036,2302.786376953125,11.802354286447036,83.79671543377395,83.79671543377395,0.0,0.0,5.208333333333333,0.3663808780605136,429.7173714067458,161.98924870566307,232.36981964450933,150.0,1.0,1.9434062854322462,0.0,1986.597715201681,487.53329762800786,475.49007896836804,4178.994778111465,45.70389748642083,0.0,445.0285799683013,83.79671543377395,94.41883429157629,41.666666666666664,12.043218659639834,191700744.8961891,95824833.33333333,10.0,1.0,7.853981633974483,20.0,2.5,98.17477042468104,8847.63018035549,9.555652633508954,9.85894800101479,50.0,11.802354286447036,2302.786376953125,429.7173714067458,5.208333333333333,0.3663808780605136,161.98924870566307
804,0.7834800000000001,1.0,1,1556.459577906213,0.0,487.53329762800786,9.555652633508954,76.44522106807163,86.00087370158059,1164.0366331741907,0.0,0.0,1862.270458543861,-0.0,0.0,0.0,7.516788951585603,0.0,154.1617088020602,8847.63018035549,9.555652633508954,9.85894800101479,50.0,11.802354286447036,2302.786376953125,11.802354286447036,83.79671543377395,0.0,83.79671543377395,83.79671543377395,5.208333333333333,0.3663808780605136,429.7173714067458,161.98924870566307,232.36981964450933,150.0,1.0,1.9434062854322462,0.0,1986.597715201681,487.53329762800786,475.49007896836804,4178.994778111465,45.70389748642083,0.0,445.0285799683013,83.79671543377395,94.41883429157629,41.666666666666664,12.043218659639834,191700744.8961891,95824833.33333333,10.0,1.0,7.853981633974483,20.0,2.5,98.17477042468104,8847.63018035549,9.555652633508954,9.85894800101479,50.0,11.802354286447036,2302.786376953125,429.7173714067458,5.208333333333333,0.3663808780605136,161.98924870566307
805,0.725795,1.0,1,1441.862688704804,0.0,487.53329762800786,9.555652633508954,76.44522106807163,86.00087370158059,1080.2399177404168,0.0,0.0,1862.270458543861,-0.0,0.0,0.0,7.516788951585603,0.0,156.09539805606528,8847.63018035549,9.555652633508954,9.85894800101479,50.0,11.802354286447036,2302.786376953125,11.802354286447036,83.79671543377395,83.79671543377395,0.0,0.0,5.208333333333333,0.3663808780605136,429.7173714067458,161.98924870566307,232.36981964450933,150.0,1.0,1.9434062854322462,0.0,1986.597715201681,487.53329762800786,475.49007896836804,4178.994778111465,45.70389748642083,0.0,445.0285799683013,83.79671543377395,94.41883429157629,41.666666666666664,12.043218659639834,191700744.8961891,95824833.33333333,10.0,1.0,7.853981633974483,20.0,2.5,98.17477042468104,8847.63018035549,9.555652633508954,9.85894800101479,50.0,11.802354286447036,2302.786376953125,429.7173714067458,5.208333333333333,0.3663808780605136,161.98924870566307
806,0.662693,1.0,1,1316.5043996801476,0.0,487.53329762800786,9.555652633508954,76.44522106807163,86.00087370158059,1080.2399177404168,0.0,0.0,1862.270458543861,1.0,0.0,0.0,7.516788951585603,0.0,158.02908731007037,8847.63018035549,9.555652633508954,9.85894800101479,50.0,11.802354286447036,2302.786376953125,11.802354286447036,83.79671543377395,83.79671543377395,0.0,0.0,5.208333333333333,0.3663808780605136,429.7173714067458,161.98924870566307,232.36981964450933,150.0,1.0,1.9434062854322462,0.0,1986.597715201681,487.53329762800786,475.49007896836804,4178.994778111465,45.70389748642083,0.0,445.0285799683013,83.79671543377395,94.41883429157629,41.666666666666664,12.043218659639834,191700744.8961891,95824833.33333333,10.0,1.0,7.853981633974483,20.0,2.5,98.17477042468104,8847.63018035549,9.555652633508954,9.85894800101479,50.0,11.802354286447036,2302.786376953125,429.7173714067458,5.208333333333333,0.3663808780605136,161.98924870566307
807,0.7347659999999999,1.0,1,1459.6844568078782,0.0,487.53329762800786,9.555652633508954,76.44522106807163,86.00087370158059,1080.2399177404168,0.0,0.0,1862.270458543861,-0.0,0.0,0.0,7.516788951585603,0.0,159.96277656407545,8847.63018035549,9.555652633508954,9.85894800101479,50.0,11.802354286447036,2302.786376953125,11.802354286447036,83.79671543377395,83.79671543377395,0.0,0.0,5.208333333333333,0.3663808780605136,429.7173714067458,161.98924870566307,232.36981964450933,150.0,1.0,1.9434062854322462,0.0,1986.597715201681,487.53329762800786,475.49007896836804,4178.994778111465,45.70389748642083,0.0,445.0285799683013,83.79671543377395,94.41883429157629,41.666666666666664,12.043218659639834,191700744.8961891,95824833.33333333,10.0,1.0,7.853981633974483,20.0,2.5,98.17477042468104,8847.63018035549,9.555652633508954,9.85894800101479,50.0,11.802354286447036,2302.786376953125,429.7173714067458,5.208333333333333,0.3663808780605136,161.98924870566307
808,0.903178,1.0,1,1794.2513512204239,0.0,487.53329762800786,9.555652633508954,76.44522106807163,86.00087370158059,1080.2399177404168,0.0,0.0,1862.270458543861,-0.0,0.0,0.0,7.516788951585603,0.0,161.89646581808054,8847.63018035549,9.555652633508954,9.85894800101479,50.0,11.802354286447036,2302.786376953125,11.802354286447036,83.79671543377395,83.79671543377395,0.0,0.0,5.208333333333333,0.3663808780605136,429.7173714067458,161.98924870566307,232.36981964450933,150.0,1.0,1.9434062854322462,0.0,1986.597715201681,487.53329762800786,475.49007896836804,4178.994778111465,45.70389748642083,0.0,445.0285799683013,83.79671543377395,94.41883429157629,41.666666666666664,12.043218659639834,191700744.8961891,95824833.33333333,10.0,1.0,7.853981633974483,20.0,2.5,98.17477042468104,8847.63018035549,9.555652633508954,9.85894800101479,50.0,11.802354286447036,2302.786376953125,429.7173714067458,5.208333333333333,0.3663808780605136,161.98924870566307
809,0.959014,1.0,1,1905.1750212464249,0.0,487.53329762800786,9.555652633508954,76.44522106807163,86.00087370158059,1080.2399177404168,0.0,0.0,1862.270458543861,-0.0,0.0,0.0,7.516788951585603,0.0,163.8301550720856,8847.63018035549,9.555652633508954,9.85894800101479,50.0,11.802354286447036,2302.786376953125,11.802354286447036,83.79671543377395,83.79671543377395,0.0,0.0,5.208333333333333,0.3663808780605136,429.7173714067458,161.98924870566307,232.36981964450933,150.0,1.0,1.9434062854322462,0.0,1986.597715201681,487.53329762800786,475.49007896836804,4178.994778111465,45.70389748642083,0.0,445.0285799683013,83.79671543377395,94.41883429157629,41.666666666666664,12.043218659639834,191700744.8961891,95824833.33333333,10.0,1.0,7.853981633974483,20.0,2.5,98.17477042468104,8847.63018035549,9.555652633508954,9.85894800101479,50.0,11.802354286447036,2302.786376953125,429.7173714067458,5.208333333333333,0.3663808780605136,161.98924870566307
810,0.985705,1.0,1,1958.199300862873,0.0,487.53329762800786,9.555652633508954,76.44522106807163,86.00087370158059,1958.199300862873,877.9593831224563,0.0,2696.3318725101944,1.0,0.0,0.0,7.516788951585603,0.0,165.7638443260907,8847.63018035549,9.555652633508954,9.85894800101479,50.0,11.802354286447036,2302.786376953125,11.802354286447036,83.79671543377395,83.79671543377395,0.0,0.0,5.208333333333333,0.3663808780605136,429.7173714067458,161.98924870566307,232.36981964450933,150.0,1.0,1.9434062854322462,0.0,1986.597715201681,487.53329762800786,475.49007896836804,4178.994778111465,45.70389748642083,0.0,445.0285799683013,83.79671543377395,94.41883429157629,41.666666666666664,12.043218659639834,191700744.8961891,95824833.33333333,10.0,1.0,7.853981633974483,20.0,2.5,98.17477042468104,8847.63018035549,9.555652633508954,9.85894800101479,50.0,11.802354286447036,2302.786376953125,429.7173714067458,5.208333333333333,0.3663808780605136,161.98924870566307
811,0.988679,1.0,1,1964.1074424678827,0.0,487.53329762800786,9.555652633508954,76.44522106807163,86.00087370158059,1080.2399177404168,0.0,0.0,2696.3318725101944,0.0,0.0,0.0,7.516788951585603,0.0,167.69753358009578,8847.63018035549,9.555652633508954,9.85894800101479,50.0,11.802354286447036,2302.786376953125,11.802354286447036,83.79671543377395,83.79671543377395,0.0,0.0,5.208333333333333,0.3663808780605136,429.7173714067458,161.98924870566307,232.36981964450933,150.0,1.0,1.9434062854322462,0.0,1986.597715201681,487.53329762800786,475.49007896836804,4178.994778111465,45.70389748642083,0.0,445.0285799683013,83.79671543377395,94.41883429157629,41.666666666666664,12.043218659639834,191700744.8961891,95824833.33333333,10.0,1.0,7.853981633974483,20.0,2.5,98.17477042468104,8847.63018035549,9.555652633508954,9.85894800101479,50.0,11.802354286447036,2302.786376953125,429.7173714067458,5.208333333333333,0.3663808780605136,161.98924870566307
812,0.974098,1.0,1,1935.140861182527,0.0,487.53329762800786,9.555652633508954,76.44522106807163,86.00087370158059,1080.2399177404168,0.0,0.0,2696.3318725101944,1.0,0.0,0.0,7.516788951585603,0.0,169.63122283410084,8847.63018035549,9.555652633508954,9.85894800101479,50.0,11.802354286447036,2302.786376953125,11.802354286447036,83.79671543377395,83.79671543377395,0.0,0.0,5.208333333333333,0.3663808780605136,429.7173714067458,161.98924870566307,232.36981964450933,150.0,1.0,1.9434062854322462,0.0,1986.597715201681,487.53329762800786,475.49007896836804,4178.994778111465,45.70389748642083,0.0,445.0285799683013,83.79671543377395,94.41883429157629,41.666666666666664,12.043218659639834,191700744.8961891,95824833.33333333,10.0,1.0,7.853981633974483,20.0,2.5,98.17477042468104,8847.63018035549,9.555652633508954,9.85894800101479,50.0,11.802354286447036,2302.786376953125,429.7173714067458,5.208333333333333,0.3663808780605136,161.98924870566307
813,0.974287,1.0,1,1935.5163281507002,0.0,487.53329762800786,9.555652633508954,76.44522106807163,86.00087370158059,1080.2399177404168,0.0,0.0,2696.3318725101944,-0.0,0.0,0.0,7.516788951585603,0.0,171.56491208810593,8847.63018035549,9.555652633508954,9.85894800101479,50.0,11.802354286447036,2302.786376953125,11.802354286447036,83.79671543377395,83.79671543377395,0.0,0.0,5.208333333333333,0.3663808780605136,429.7173714067458,161.98924870566307,232.36981964450933,150.0,1.0,1.9434062854322462,0.0,1986.597715201681,487.53329762800786,475.49007896836804,4178.994778111465,45.70389748642083,0.0,445.0285799683013,83.79671543377395,94.41883429157629,41.666666666666664,12.043218659639834,191700744.8961891,95824833.33333333,10.0,1.0,7.853981633974483,20.0,2.5,98.17477042468104,8847.63018035549,9.555652633508954,9.85894800101479,50.0,11.802354286447036,2302.786376953125,429.7173714067458,5.208333333333333,0.3663808780605136,161.98924870566307
814,0.960851,1.0,1,1908.8244012492505,0.0,487.53329762800786,9.555652633508954,76.44522106807163,86.00087370158059,1908.8244012492505,828.5844835088338,0.0,3483.4871318435867,1.0,0.0,0.0,7.516788951585603,0.0,173.49860134211102,8847.63018035549,9.555652633508954,9.85894800101479,50.0,11.802354286447036,2302.786376953125,11.802354286447036,83.79671543377395,83.79671543377395,0.0,0.0,5.208333333333333,0.3663808780605136,429.7173714067458,161.98924870566307,232.36981964450933,150.0,1.0,1.9434062854322462,0.0,1986.597715201681,487.53329762800786,475.49007896836804,4178.994778111465,45.70389748642083,0.0,445.0285799683013,83.79671543377395,94.41883429157629,41.666666666666664,12.043218659639834,191700744.8961891,95824833.33333333,10.0,1.0,7.853981633974483,20.0,2.5,98.17477042468104,8847.63018035549,9.555652633508954,9.85894800101479,50.0,11.802354286447036,2302.786376953125,429.7173714067458,5.208333333333333,0.3663808780605136,161.98924870566307
815,0.91229,1.0,1,1812.3532296013416,0.0,487.53329762800786,9.555652633508954,76.44522106807163,86.00087370158059,1812.3532296013418,732.1133118609249,0.0,4178.994778111465,1.0,0.0,0.0,7.516788951585603,0.0,175.4322905961161,8847.63018035549,9.555652633508954,9.85894800101479,50.0,11.802354286447036,2302.786376953125,11.802354286447036,83.79671543377395,83.79671543377395,0.0,0.0,5.208333333333333,0.3663808780605136,429.7173714067458,161.98924870566307,232.36981964450933,150.0,1.0,1.9434062854322462,0.0,1986.597715201681,487.53329762800786,475.49007896836804,4178.994778111465,45.70389748642083,0.0,445.0285799683013,83.79671543377395,94.41883429157629,41.666666666666664,12.043218659639834,191700744.8961891,95824833.33333333,10.0,1.0,7.853981633974483,20.0,2.5,98.17477042468104,8847.63018035549,9.555652633508954,9.85894800101479,50.0,11.802354286447036,2302.786376953125,429.7173714067458,5.208333333333333,0.3663808780605136,161.98924870566307
816,0.316024,1.0,1,627.8125563488961,0.0,487.53329762800786,9.555652633508954,76.44522106807163,86.00087370158059,1080.2399177404168,0.0,452.4273613915206,3702.755450330917,-0.0,0.0,0.0,7.516788951585603,0.0,177.3659798501212,8847.63018035549,9.555652633508954,9.85894800101479,50.0,11.802354286447036,2302.786376953125,11.802354286447036,83.79671543377395,83.79671543377395,0.0,0.0,5.208333333333333,0.3663808780605136,429.7173714067458,161.98924870566307,232.36981964450933,150.0,1.0,1.9434062854322462,0.0,1986.597715201681,487.53329762800786,475.49007896836804,4178.994778111465,45.70389748642083,0.0,445.0285799683013,83.79671543377395,94.41883429157629,41.666666666666664,12.043218659639834,191700744.8961891,95824833.33333333,10.0,1.0,7.853981633974483,20.0,2.5,98.17477042468104,8847.63018035549,9.555652633508954,9.85894800101479,50.0,11.802354286447036,2302.786376953125,429.7173714067458,5.208333333333333,0.3663808780605136,161.98924870566307
817,0.3048929999999999,-0.0,1,605.699737180986,0.0,426.01086265908674,8.3498129081181,66.7985032649448,75.1483161730629,605.6997371809861,0.0,0.0,3702.755450330917,1.0,8.3498129081181,0.0,15.699605601541341,0.0,167.45748939684,0.0,0.0,9.85894800101479,50.0,0.0,0.0,0.0,0.0,0.0,0.0,0.0,5.208333333333333,0.3663808780605136,0.0,161.98924870566307,9080.0,150.0,-0.0,0.0,9.85894800101479,1986.597715201681,487.53329762800786,475.49007896836804,4178.994778111465,45.70389748642083,0.0,445.0285799683013,83.79671543377395,94.41883429157629,41.666666666666664,12.043218659639834,191700744.8961891,95824833.33333333,10.0,1.0,7.853981633974483,20.0,2.5,98.17477042468104,8847.63018035549,9.555652633508954,9.85894800101479,50.0,11.802354286447036,2302.786376953125,429.7173714067458,5.208333333333333,0.3663808780605136,161.98924870566307
818,0.297348,1.0,1,590.7108574197895,0.0,487.53329762800786,9.555652633508954,76.44522106807163,86.00087370158059,1080.2399177404168,0.0,489.52906032062725,3187.4617026249934,-0.0,0.0,0.0,15.699605601541341,0.0,169.3911786508451,8847.63018035549,9.555652633508954,9.85894800101479,50.0,11.802354286447036,2302.786376953125,11.802354286447036,83.79671543377395,83.79671543377395,0.0,0.0,5.208333333333333,0.3663808780605136,429.7173714067458,161.98924870566307,232.36981964450933,150.0,1.0,1.9434062854322462,0.0,1986.597715201681,487.53329762800786,475.49007896836804,4178.994778111465,45.70389748642083,0.0,445.0285799683013,83.79671543377395,94.41883429157629,41.666666666666664,12.043218659639834,191700744.8961891,95824833.33333333,10.0,1.0,7.853981633974483,20.0,2.5,98.17477042468104,8847.63018035549,9.555652633508954,9.85894800101479,50.0,11.802354286447036,2302.786376953125,429.7173714067458,5.208333333333333,0.3663808780605136,161.98924870566307
819,0.296942,1.0,1,589.9042987474176,0.0,487.53329762800786,9.555652633508954,76.44522106807163,86.00087370158059,1080.2399177404168,0.0,490.3356189929992,2671.318945790258,-0.0,0.0,0.0,15.699605601541341,0.0,171.32486790485012,8847.63018035549,9.555652633508954,9.85894800101479,50.0,11.802354286447036,2302.786376953125,11.802354286447036,83.79671543377395,83.79671543377395,0.0,0.0,5.208333333333333,0.3663808780605136,429.7173714067458,161.98924870566307,232.36981964450933,150.0,1.0,1.9434062854322462,0.0,1986.597715201681,487.53329762800786,475.49007896836804,4178.994778111465,45.70389748642083,0.0,445.0285799683013,83.79671543377395,94.41883429157629,41.666666666666664,12.043218659639834,191700744.8961891,95824833.33333333,10.0,1.0,7.853981633974483,20.0,2.5,98.17477042468104,8847.63018035549,9.555652633508954,9.85894800101479,50.0,11.802354286447036,2302.786376953125,429.7173714067458,5.208333333333333,0.3663808780605136,161.98924870566307
820,0.288595,1.0,1,573.3221676186291,0.0,167.58684444145538,3.2847021510525254,26.277617208420203,29.562319359472728,760.92055960211,0.0,187.59839198348078,2473.8469542286994,-0.0,0.0,6.270950482456429,9.300676537810292,0.0,173.2585571588552,8847.63018035549,9.555652633508954,9.85894800101479,50.0,11.802354286447036,2302.786376953125,11.802354286447036,83.79671543377395,83.79671543377395,0.0,0.0,5.208333333333333,0.3663808780605136,429.7173714067458,161.98924870566307,232.36981964450933,150.0,1.0,1.9434062854322462,0.0,1986.597715201681,487.53329762800786,475.49007896836804,4178.994778111465,45.70389748642083,0.0,445.0285799683013,83.79671543377395,94.41883429157629,41.666666666666664,12.043218659639834,191700744.8961891,95824833.33333333,10.0,1.0,7.853981633974483,20.0,2.5,98.17477042468104,8847.63018035549,9.555652633508954,9.85894800101479,50.0,11.802354286447036,2302.786376953125,429.7173714067458,5.208333333333333,0.3663808780605136,161.98924870566307
821,0.269539,-0.0,1,535.4655615577459,0.0,0.0,0.0,0.0,0.0,535.4655615577459,372.47631285208286,0.0,2827.699451438178,-0.0,0.0,0.0,9.300676537810292,0.0,163.350066705574,0.0,0.0,9.85894800101479,50.0,0.0,0.0,0.0,0.0,0.0,0.0,0.0,5.208333333333333,0.3663808780605136,0.0,161.98924870566307,9080.0,150.0,-0.0,0.0,9.85894800101479,1986.597715201681,487.53329762800786,475.49007896836804,4178.994778111465,45.70389748642083,0.0,445.0285799683013,83.79671543377395,94.41883429157629,41.666666666666664,12.043218659639834,191700744.8961891,95824833.33333333,10.0,1.0,7.853981633974483,20.0,2.5,98.17477042468104,8847.63018035549,9.555652633508954,9.85894800101479,50.0,11.802354286447036,2302.786376953125,429.7173714067458,5.208333333333333,0.3663808780605136,161.98924870566307
822,0.236183,-0.0,1,469.20060816947864,0.0,294.6606615317702,5.775348966022696,46.202791728181566,51.978140694204264,469.20060816947864,0.0,0.0,2827.699451438178,1.0,5.775348966022696,0.0,14.960518524512533,0.0,153.4415762522928,0.0,0.0,9.85894800101479,50.0,0.0,0.0,0.0,0.0,0.0,0.0,0.0,5.208333333333333,0.3663808780605136,0.0,161.98924870566307,9080.0,150.0,-0.0,0.0,9.85894800101479,1986.597715201681,487.53329762800786,475.49007896836804,4178.994778111465,45.70389748642083,0.0,445.0285799683013,83.79671543377395,94.41883429157629,41.666666666666664,12.043218659639834,191700744.8961891,95824833.33333333,10.0,1.0,7.853981633974483,20.0,2.5,98.17477042468104,8847.63018035549,9.555652633508954,9.85894800101479,50.0,11.802354286447036,2302.786376953125,429.7173714067458,5.208333333333333,0.3663808780605136,161.98924870566307
823,0.196889,-0.0,1,391.1392375483438,0.0,0.0,0.0,0.0,0.0,391.1392375483438,228.1499888426807,0.0,3044.441940838725,-0.0,0.0,0.0,14.960518524512533,0.0,143.53308579901162,0.0,0.0,9.85894800101479,50.0,0.0,0.0,0.0,0.0,0.0,0.0,0.0,5.208333333333333,0.3663808780605136,0.0,161.98924870566307,9080.0,150.0,-0.0,0.0,9.85894800101479,1986.597715201681,487.53329762800786,475.49007896836804,4178.994778111465,45.70389748642083,0.0,445.0285799683013,83.79671543377395,94.41883429157629,41.666666666666664,12.043218659639834,191700744.8961891,95824833.33333333,10.0,1.0,7.853981633974483,20.0,2.5,98.17477042468104,8847.63018035549,9.555652633508954,9.85894800101479,50.0,11.802354286447036,2302.786376953125,429.7173714067458,5.208333333333333,0.3663808780605136,161.98924870566307
824,0.156567,1.0,1,311.0356444759816,0.0,487.53329762800786,9.555652633508954,76.44522106807163,86.00087370158059,1080.2399177404168,0.0,769.2042732644352,2234.753232139319,-0.0,0.0,0.0,14.960518524512533,0.0,145.46677505301668,8847.63018035549,9.555652633508954,9.85894800101479,50.0,11.802354286447036,2302.786376953125,11.802354286447036,83.79671543377395,83.79671543377395,0.0,0.0,5.208333333333333,0.3663808780605136,429.7173714067458,161.98924870566307,232.36981964450933,150.0,1.0,1.9434062854322462,0.0,1986.597715201681,487.53329762800786,475.49007896836804,4178.994778111465,45.70389748642083,0.0,445.0285799683013,83.79671543377395,94.41883429157629,41.666666666666664,12.043218659639834,191700744.8961891,95824833.33333333,10.0,1.0,7.853981633974483,20.0,2.5,98.17477042468104,8847.63018035549,9.555652633508954,9.85894800101479,50.0,11.802354286447036,2302.786376953125,429.7173714067458,5.208333333333333,0.3663808780605136,161.98924870566307
825,0.122169,1.0,1,242.70065626847418,0.0,487.53329762800786,9.555652633508954,76.44522106807163,86.00087370158059,1080.2399177404168,0.0,837.5392614719426,1353.1329569056954,-0.0,0.0,0.0,14.960518524512533,0.0,147.40046430702176,8847.63018035549,9.555652633508954,9.85894800101479,50.0,11.802354286447036,2302.786376953125,11.802354286447036,83.79671543377395,83.79671543377395,0.0,0.0,5.208333333333333,0.3663808780605136,429.7173714067458,161.98924870566307,232.36981964450933,150.0,1.0,1.9434062854322462,0.0,1986.597715201681,487.53329762800786,475.49007896836804,4178.994778111465,45.70389748642083,0.0,445.0285799683013,83.79671543377395,94.41883429157629,41.666666666666664,12.043218659639834,191700744.8961891,95824833.33333333,10.0,1.0,7.853981633974483,20.0,2.5,98.17477042468104,8847.63018035549,9.555652633508954,9.85894800101479,50.0,11.802354286447036,2302.786376953125,429.7173714067458,5.208333333333333,0.3663808780605136,161.98924870566307
826,0.090498,-0.0,1,179.78312003032173,0.0,0.0,0.0,0.0,0.0,162.98924870566307,0.0,0.0,1353.1329569056954,-0.0,0.0,0.0,14.960518524512533,0.0,137.49197385374057,0.0,0.0,9.85894800101479,50.0,0.0,0.0,0.0,0.0,0.0,0.0,0.0,5.208333333333333,0.3663808780605136,0.0,161.98924870566307,9080.0,150.0,-0.0,0.0,9.85894800101479,1986.597715201681,487.53329762800786,475.49007896836804,4178.994778111465,45.70389748642083,0.0,445.0285799683013,83.79671543377395,94.41883429157629,41.666666666666664,12.043218659639834,191700744.8961891,95824833.33333333,10.0,1.0,7.853981633974483,20.0,2.5,98.17477042468104,8847.63018035549,9.555652633508954,9.85894800101479,50.0,11.802354286447036,2302.786376953125,429.7173714067458,5.208333333333333,0.3663808780605136,161.98924870566307
827,0.064863,-0.0,1,128.85668760112665,0.0,0.0,0.0,0.0,0.0,162.98924870566307,0.0,34.13256110453642,1317.2039452167098,-0.0,0.0,0.0,14.960518524512533,0.0,127.58348340045936,0.0,0.0,9.85894800101479,50.0,0.0,0.0,0.0,0.0,0.0,0.0,0.0,5.208333333333333,0.3663808780605136,0.0,161.98924870566307,9080.0,150.0,-0.0,0.0,9.85894800101479,1986.597715201681,487.53329762800786,475.49007896836804,4178.994778111465,45.70389748642083,0.0,445.0285799683013,83.79671543377395,94.41883429157629,41.666666666666664,12.043218659639834,191700744.8961891,95824833.33333333,10.0,1.0,7.853981633974483,20.0,2.5,98.17477042468104,8847.63018035549,9.555652633508954,9.85894800101479,50.0,11.802354286447036,2302.786376953125,429.7173714067458,5.208333333333333,0.3663808780605136,161.98924870566307
828,0.0515739999999999,-0.0,1,102.4567905638113,0.0,0.0,0.0,0.0,0.0,162.98924870566307,0.0,60.53245814185178,1253.485568225287,-0.0,0.0,0.0,14.960518524512533,0.0,117.67499294717817,0.0,0.0,9.85894800101479,50.0,0.0,0.0,0.0,0.0,0.0,0.0,0.0,5.208333333333333,0.3663808780605136,0.0,161.98924870566307,9080.0,150.0,-0.0,0.0,9.85894800101479,1986.597715201681,487.53329762800786,475.49007896836804,4178.994778111465,45.70389748642083,0.0,445.0285799683013,83.79671543377395,94.41883429157629,41.666666666666664,12.043218659639834,191700744.8961891,95824833.33333333,10.0,1.0,7.853981633974483,20.0,2.5,98.17477042468104,8847.63018035549,9.555652633508954,9.85894800101479,50.0,11.802354286447036,2302.786376953125,429.7173714067458,5.208333333333333,0.3663808780605136,161.98924870566307
829,0.048273,0.0,1,95.89903150593075,0.0,0.0,0.0,0.0,0.0,162.98924870566307,0.0,67.09021719973232,1182.8642869624107,-0.0,0.0,0.0,14.960518524512533,0.0,107.76650249389698,0.0,0.0,9.85894800101479,50.0,0.0,0.0,0.0,0.0,0.0,0.0,0.0,5.208333333333333,0.3663808780605136,0.0,161.98924870566307,9080.0,150.0,-0.0,0.0,9.85894800101479,1986.597715201681,487.53329762800786,475.49007896836804,4178.994778111465,45.70389748642083,0.0,445.0285799683013,83.79671543377395,94.41883429157629,41.666666666666664,12.043218659639834,191700744.8961891,95824833.33333333,10.0,1.0,7.853981633974483,20.0,2.5,98.17477042468104,8847.63018035549,9.555652633508954,9.85894800101479,50.0,11.802354286447036,2302.786376953125,429.7173714067458,5.208333333333333,0.3663808780605136,161.98924870566307
830,0.047709,1.0,1,94.778590394557,0.0,487.53329762800786,9.555652633508954,76.44522106807163,86.00087370158059,1080.2399177404168,0.0,985.4613273458598,145.53657396676886,-0.0,0.0,0.0,14.960518524512533,0.0,109.70019174790212,8847.63018035549,9.555652633508954,9.85894800101479,50.0,11.802354286447036,2302.786376953125,11.802354286447036,83.79671543377395,83.79671543377395,0.0,0.0,5.208333333333333,0.3663808780605136,429.7173714067458,161.98924870566307,232.36981964450933,150.0,1.0,1.9434062854322462,0.0,1986.597715201681,487.53329762800786,475.49007896836804,4178.994778111465,45.70389748642083,0.0,445.0285799683013,83.79671543377395,94.41883429157629,41.666666666666664,12.043218659639834,191700744.8961891,95824833.33333333,10.0,1.0,7.853981633974483,20.0,2.5,98.17477042468104,8847.63018035549,9.555652633508954,9.85894800101479,50.0,11.802354286447036,2302.786376953125,429.7173714067458,5.208333333333333,0.3663808780605136,161.98924870566307
831,0.0483059999999999,-0.0,1,95.9645892305322,0.0,0.0,0.0,0.0,0.0,162.98924870566307,0.0,67.02465947513087,74.9843008350522,-0.0,0.0,0.0,14.960518524512533,0.0,99.79170129462094,0.0,0.0,9.85894800101479,50.0,0.0,0.0,0.0,0.0,0.0,0.0,0.0,5.208333333333333,0.3663808780605136,0.0,161.98924870566307,9080.0,150.0,-0.0,0.0,9.85894800101479,1986.597715201681,487.53329762800786,475.49007896836804,4178.994778111465,45.70389748642083,0.0,445.0285799683013,83.79671543377395,94.41883429157629,41.666666666666664,12.043218659639834,191700744.8961891,95824833.33333333,10.0,1.0,7.853981633974483,20.0,2.5,98.17477042468104,8847.63018035549,9.555652633508954,9.85894800101479,50.0,11.802354286447036,2302.786376953125,429.7173714067458,5.208333333333333,0.3663808780605136,161.98924870566307
832,0.054776,-0.0,1,108.81787644788727,0.0,0.0,0.0,0.0,0.0,162.98924870566307,0.0,54.1713722577758,17.96180372160399,-0.0,0.0,0.0,14.960518524512533,0.0,89.88321084133975,0.0,0.0,9.85894800101479,50.0,0.0,0.0,0.0,0.0,0.0,0.0,0.0,5.208333333333333,0.3663808780605136,0.0,161.98924870566307,9080.0,150.0,-0.0,0.0,9.85894800101479,1986.597715201681,487.53329762800786,475.49007896836804,4178.994778111465,45.70389748642083,0.0,445.0285799683013,83.79671543377395,94.41883429157629,41.666666666666664,12.043218659639834,191700744.8961891,95824833.33333333,10.0,1.0,7.853981633974483,20.0,2.5,98.17477042468104,8847.63018035549,9.555652633508954,9.85894800101479,50.0,11.802354286447036,2302.786376953125,429.7173714067458,5.208333333333333,0.3663808780605136,161.98924870566307
833,0.0734549999999999,-0.0,1,145.92553517013928,0.0,0.0,0.0,0.0,0.0,162.98924870566307,0.0,17.06371353552379,0.0,-0.0,0.0,0.0,14.960518524512533,0.0,79.97472038805856,0.0,0.0,9.85894800101479,50.0,0.0,0.0,0.0,0.0,0.0,0.0,0.0,5.208333333333333,0.3663808780605136,0.0,161.98924870566307,9080.0,150.0,-0.0,0.0,9.85894800101479,1986.597715201681,487.53329762800786,475.49007896836804,4178.994778111465,45.70389748642083,0.0,445.0285799683013,83.79671543377395,94.41883429157629,41.666666666666664,12.043218659639834,191700744.8961891,95824833.33333333,10.0,1.0,7.853981633974483,20.0,2.5,98.17477042468104,8847.63018035549,9.555652633508954,9.85894800101479,50.0,11.802354286447036,2302.786376953125,429.7173714067458,5.208333333333333,0.3663808780605136,161.98924870566307
834,0.1098349999999999,-0.0,1,218.19796004917646,0.0,0.0,0.0,0.0,0.0,162.98924870566307,0.0,0.0,0.0,-0.0,0.0,0.0,14.960518524512533,0.0,70.06622993477735,0.0,0.0,9.85894800101479,50.0,0.0,0.0,0.0,0.0,0.0,0.0,0.0,5.208333333333333,0.3663808780605136,0.0,161.98924870566307,9080.0,150.0,-0.0,0.0,9.85894800101479,1986.597715201681,487.53329762800786,475.49007896836804,4178.994778111465,45.70389748642083,0.0,445.0285799683013,83.79671543377395,94.41883429157629,41.666666666666664,12.043218659639834,191700744.8961891,95824833.33333333,10.0,1.0,7.853981633974483,20.0,2.5,98.17477042468104,8847.63018035549,9.555652633508954,9.85894800101479,50.0,11.802354286447036,2302.786376953125,429.7173714067458,5.208333333333333,0.3663808780605136,161.98924870566307
835,0.156057,-0.0,1,310.02247964122876,0.0,141.48694277864288,2.7731440784614003,22.185152627691203,24.958296706152602,310.02247964122876,0.0,0.0,0.0,1.0,2.7731440784614003,0.0,17.678199721404706,0.0,60.157739481496165,0.0,0.0,9.85894800101479,50.0,0.0,0.0,0.0,0.0,0.0,0.0,0.0,5.208333333333333,0.3663808780605136,0.0,161.98924870566307,9080.0,150.0,-0.0,0.0,9.85894800101479,1986.597715201681,487.53329762800786,475.49007896836804,4178.994778111465,45.70389748642083,0.0,445.0285799683013,83.79671543377395,94.41883429157629,41.666666666666664,12.043218659639834,191700744.8961891,95824833.33333333,10.0,1.0,7.853981633974483,20.0,2.5,98.17477042468104,8847.63018035549,9.555652633508954,9.85894800101479,50.0,11.802354286447036,2302.786376953125,429.7173714067458,5.208333333333333,0.3663808780605136,161.98924870566307
836,0.217144,-0.0,1,431.37777426975384,0.0,0.0,0.0,0.0,0.0,431.3777742697538,268.38852556409074,0.0,254.9690992858862,-0.0,0.0,0.0,17.678199721404706,0.0,50.24924902821497,0.0,0.0,9.85894800101479,50.0,0.0,0.0,0.0,0.0,0.0,0.0,0.0,5.208333333333333,0.3663808780605136,0.0,161.98924870566307,9080.0,150.0,-0.0,0.0,9.85894800101479,1986.597715201681,487.53329762800786,475.49007896836804,4178.994778111465,45.70389748642083,0.0,445.0285799683013,83.79671543377395,94.41883429157629,41.666666666666664,12.043218659639834,191700744.8961891,95824833.33333333,10.0,1.0,7.853981633974483,20.0,2.5,98.17477042468104,8847.63018035549,9.555652633508954,9.85894800101479,50.0,11.802354286447036,2302.786376953125,429.7173714067458,5.208333333333333,0.3663808780605136,161.98924870566307
837,0.274449,-0.0,1,545.2197563393861,0.0,0.0,0.0,0.0,0.0,545.2197563393861,382.23050763372305,0.0,618.0880815379232,-0.0,0.0,0.0,17.678199721404706,0.0,40.34075857493377,0.0,0.0,9.85894800101479,50.0,0.0,0.0,0.0,0.0,0.0,0.0,0.0,5.208333333333333,0.3663808780605136,0.0,161.98924870566307,9080.0,150.0,-0.0,0.0,9.85894800101479,1986.597715201681,487.53329762800786,475.49007896836804,4178.994778111465,45.70389748642083,0.0,445.0285799683013,83.79671543377395,94.41883429157629,41.666666666666664,12.043218659639834,191700744.8961891,95824833.33333333,10.0,1.0,7.853981633974483,20.0,2.5,98.17477042468104,8847.63018035549,9.555652633508954,9.85894800101479,50.0,11.802354286447036,2302.786376953125,429.7173714067458,5.208333333333333,0.3663808780605136,161.98924870566307
838,0.307648,1.0,1,611.1728138863667,0.0,487.53329762800786,9.555652633508954,76.44522106807163,86.00087370158059,1080.2399177404168,0.0,469.0671038540501,124.33323537576526,-0.0,0.0,0.0,17.678199721404706,0.0,42.27444782893886,8847.63018035549,9.555652633508954,9.85894800101479,50.0,11.802354286447036,2302.786376953125,11.802354286447036,83.79671543377395,83.79671543377395,0.0,0.0,5.208333333333333,0.3663808780605136,429.7173714067458,161.98924870566307,232.36981964450933,150.0,1.0,1.9434062854322462,0.0,1986.597715201681,487.53329762800786,475.49007896836804,4178.994778111465,45.70389748642083,0.0,445.0285799683013,83.79671543377395,94.41883429157629,41.666666666666664,12.043218659639834,191700744.8961891,95824833.33333333,10.0,1.0,7.853981633974483,20.0,2.5,98.17477042468104,8847.63018035549,9.555652633508954,9.85894800101479,50.0,11.802354286447036,2302.786376953125,429.7173714067458,5.208333333333333,0.3663808780605136,161.98924870566307
839,0.319983,1.0,1,635.6774967033796,0.0,160.4463597998045,3.144748652076168,25.157989216609344,28.30273786868551,753.7940703103567,0.0,118.116573606977,0.0,-0.0,0.0,6.410903981432786,11.136460964840627,0.0,44.20813708294395,8847.63018035549,9.555652633508954,9.85894800101479,50.0,11.802354286447036,2302.786376953125,11.802354286447036,83.79671543377395,83.79671543377395,0.0,0.0,5.208333333333333,0.3663808780605136,429.7173714067458,161.98924870566307,232.36981964450933,150.0,1.0,1.9434062854322462,0.0,1986.597715201681,487.53329762800786,475.49007896836804,4178.994778111465,45.70389748642083,0.0,445.0285799683013,83.79671543377395,94.41883429157629,41.666666666666664,12.043218659639834,191700744.8961891,95824833.33333333,10.0,1.0,7.853981633974483,20.0,2.5,98.17477042468104,8847.63018035549,9.555652633508954,9.85894800101479,50.0,11.802354286447036,2302.786376953125,429.7173714067458,5.208333333333333,0.3663808780605136,161.98924870566307
840,0.987931,1.0,1,1962.6214673769118,0.0,487.53329762800786,9.555652633508954,76.44522106807163,86.00087370158059,1962.6214673769118,882.3815496364952,0.0,838.2624721546704,1.0,0.0,0.0,11.136460964840627,0.0,46.14182633694904,8847.63018035549,9.555652633508954,9.85894800101479,50.0,11.802354286447036,2302.786376953125,11.802354286447036,83.79671543377395,83.79671543377395,0.0,0.0,5.208333333333333,0.3663808780605136,429.7173714067458,161.98924870566307,232.36981964450933,150.0,1.0,1.9434062854322462,0.0,1986.597715201681,487.53329762800786,475.49007896836804,4178.994778111465,45.70389748642083,0.0,445.0285799683013,83.79671543377395,94.41883429157629,41.666666666666664,12.043218659639834,191700744.8961891,95824833.33333333,10.0,1.0,7.853981633974483,20.0,2.5,98.17477042468104,8847.63018035549,9.555652633508954,9.85894800101479,50.0,11.802354286447036,2302.786376953125,429.7173714067458,5.208333333333333,0.3663808780605136,161.98924870566307
841,0.986462,1.0,1,1959.7031553332806,0.0,487.53329762800786,9.555652633508954,76.44522106807163,86.00087370158059,1164.0366331741907,0.0,0.0,838.2624721546704,1.0,0.0,0.0,11.136460964840627,0.0,48.075515590954126,8847.63018035549,9.555652633508954,9.85894800101479,50.0,11.802354286447036,2302.786376953125,11.802354286447036,83.79671543377395,0.0,83.79671543377395,83.79671543377395,5.208333333333333,0.3663808780605136,429.7173714067458,161.98924870566307,232.36981964450933,150.0,1.0,1.9434062854322462,0.0,1986.597715201681,487.53329762800786,475.49007896836804,4178.994778111465,45.70389748642083,0.0,445.0285799683013,83.79671543377395,94.41883429157629,41.666666666666664,12.043218659639834,191700744.8961891,95824833.33333333,10.0,1.0,7.853981633974483,20.0,2.5,98.17477042468104,8847.63018035549,9.555652633508954,9.85894800101479,50.0,11.802354286447036,2302.786376953125,429.7173714067458,5.208333333333333,0.3663808780605136,161.98924870566307
842,0.987244,1.0,1,1961.2566747465685,0.0,487.53329762800786,9.555652633508954,76.44522106807163,86.00087370158059,1961.2566747465685,881.0167570061518,0.0,1675.2283913105146,1.0,0.0,0.0,11.136460964840627,0.0,50.009204844959214,8847.63018035549,9.555652633508954,9.85894800101479,50.0,11.802354286447036,2302.786376953125,11.802354286447036,83.79671543377395,83.79671543377395,0.0,0.0,5.208333333333333,0.3663808780605136,429.7173714067458,161.98924870566307,232.36981964450933,150.0,1.0,1.9434062854322462,0.0,1986.597715201681,487.53329762800786,475.49007896836804,4178.994778111465,45.70389748642083,0.0,445.0285799683013,83.79671543377395,94.41883429157629,41.666666666666664,12.043218659639834,191700744.8961891,95824833.33333333,10.0,1.0,7.853981633974483,20.0,2.5,98.17477042468104,8847.63018035549,9.555652633508954,9.85894800101479,50.0,11.802354286447036,2302.786376953125,429.7173714067458,5.208333333333333,0.3663808780605136,161.98924870566307
843,0.988411,1.0,1,1963.575034280209,0.0,487.53329762800786,9.555652633508954,76.44522106807163,86.00087370158059,1164.0366331741907,0.0,0.0,1675.2283913105146,-0.0,0.0,0.0,11.136460964840627,0.0,51.9428940989643,8847.63018035549,9.555652633508954,9.85894800101479,50.0,11.802354286447036,2302.786376953125,11.802354286447036,83.79671543377395,0.0,83.79671543377395,83.79671543377395,5.208333333333333,0.3663808780605136,429.7173714067458,161.98924870566307,232.36981964450933,150.0,1.0,1.9434062854322462,0.0,1986.597715201681,487.53329762800786,475.49007896836804,4178.994778111465,45.70389748642083,0.0,445.0285799683013,83.79671543377395,94.41883429157629,41.666666666666664,12.043218659639834,191700744.8961891,95824833.33333333,10.0,1.0,7.853981633974483,20.0,2.5,98.17477042468104,8847.63018035549,9.555652633508954,9.85894800101479,50.0,11.802354286447036,2302.786376953125,429.7173714067458,5.208333333333333,0.3663808780605136,161.98924870566307
844,0.98804,1.0,1,1962.8380065278689,0.0,487.53329762800786,9.555652633508954,76.44522106807163,86.00087370158059,1164.0366331741907,0.0,0.0,1675.2283913105146,1.0,0.0,0.0,11.136460964840627,0.0,53.87658335296939,8847.63018035549,9.555652633508954,9.85894800101479,50.0,11.802354286447036,2302.786376953125,11.802354286447036,83.79671543377395,0.0,83.79671543377395,83.79671543377395,5.208333333333333,0.3663808780605136,429.7173714067458,161.98924870566307,232.36981964450933,150.0,1.0,1.9434062854322462,0.0,1986.597715201681,487.53329762800786,475.49007896836804,4178.994778111465,45.70389748642083,0.0,445.0285799683013,83.79671543377395,94.41883429157629,41.666666666666664,12.043218659639834,191700744.8961891,95824833.33333333,10.0,1.0,7.853981633974483,20.0,2.5,98.17477042468104,8847.63018035549,9.555652633508954,9.85894800101479,50.0,11.802354286447036,2302.786376953125,429.7173714067458,5.208333333333333,0.3663808780605136,161.98924870566307
845,0.98873,1.0,1,1964.208758951358,0.0,487.53329762800786,9.555652633508954,76.44522106807163,86.00087370158059,1080.2399177404168,0.0,0.0,1675.2283913105146,-0.0,0.0,0.0,11.136460964840627,0.0,55.810272606974365,8847.63018035549,9.555652633508954,9.85894800101479,50.0,11.802354286447036,2302.786376953125,11.802354286447036,83.79671543377395,83.79671543377395,0.0,0.0,5.208333333333333,0.3663808780605136,429.7173714067458,161.98924870566307,232.36981964450933,150.0,1.0,1.9434062854322462,0.0,1986.597715201681,487.53329762800786,475.49007896836804,4178.994778111465,45.70389748642083,0.0,445.0285799683013,83.79671543377395,94.41883429157629,41.666666666666664,12.043218659639834,191700744.8961891,95824833.33333333,10.0,1.0,7.853981633974483,20.0,2.5,98.17477042468104,8847.63018035549,9.555652633508954,9.85894800101479,50.0,11.802354286447036,2302.786376953125,429.7173714067458,5.208333333333333,0.3663808780605136,161.98924870566307
846,0.988949,1.0,1,1964.6438238509872,0.0,487.53329762800786,9.555652633508954,76.44522106807163,86.00087370158059,1164.0366331741907,0.0,0.0,1675.2283913105146,1.0,0.0,0.0,11.136460964840627,0.0,57.743961860979454,8847.63018035549,9.555652633508954,9.85894800101479,50.0,11.802354286447036,2302.786376953125,11.802354286447036,83.79671543377395,0.0,83.79671543377395,83.79671543377395,5.208333333333333,0.3663808780605136,429.7173714067458,161.98924870566307,232.36981964450933,150.0,1.0,1.9434062854322462,0.0,1986.597715201681,487.53329762800786,475.49007896836804,4178.994778111465,45.70389748642083,0.0,445.0285799683013,83.79671543377395,94.41883429157629,41.666666666666664,12.043218659639834,191700744.8961891,95824833.33333333,10.0,1.0,7.853981633974483,20.0,2.5,98.17477042468104,8847.63018035549,9.555652633508954,9.85894800101479,50.0,11.802354286447036,2302.786376953125,429.7173714067458,5.208333333333333,0.3663808780605136,161.98924870566307
847,0.986252,1.0,1,1959.2859698130883,0.0,487.53329762800786,9.555652633508954,76.44522106807163,86.00087370158059,1959.2859698130883,879.0460520726716,0.0,2510.3221407795527,1.0,0.0,0.0,11.136460964840627,0.0,59.67765111498454,8847.63018035549,9.555652633508954,9.85894800101479,50.0,11.802354286447036,2302.786376953125,11.802354286447036,83.79671543377395,83.79671543377395,0.0,0.0,5.208333333333333,0.3663808780605136,429.7173714067458,161.98924870566307,232.36981964450933,150.0,1.0,1.9434062854322462,0.0,1986.597715201681,487.53329762800786,475.49007896836804,4178.994778111465,45.70389748642083,0.0,445.0285799683013,83.79671543377395,94.41883429157629,41.666666666666664,12.043218659639834,191700744.8961891,95824833.33333333,10.0,1.0,7.853981633974483,20.0,2.5,98.17477042468104,8847.63018035549,9.555652633508954,9.85894800101479,50.0,11.802354286447036,2302.786376953125,429.7173714067458,5.208333333333333,0.3663808780605136,161.98924870566307
848,0.938557,1.0,1,1864.5351917865441,0.0,487.53329762800786,9.555652633508954,76.44522106807163,86.00087370158059,1080.2399177404168,0.0,0.0,2510.3221407795527,-0.0,0.0,0.0,11.136460964840627,0.0,61.61134036898963,8847.63018035549,9.555652633508954,9.85894800101479,50.0,11.802354286447036,2302.786376953125,11.802354286447036,83.79671543377395,83.79671543377395,0.0,0.0,5.208333333333333,0.3663808780605136,429.7173714067458,161.98924870566307,232.36981964450933,150.0,1.0,1.9434062854322462,0.0,1986.597715201681,487.53329762800786,475.49007896836804,4178.994778111465,45.70389748642083,0.0,445.0285799683013,83.79671543377395,94.41883429157629,41.666666666666664,12.043218659639834,191700744.8961891,95824833.33333333,10.0,1.0,7.853981633974483,20.0,2.5,98.17477042468104,8847.63018035549,9.555652633508954,9.85894800101479,50.0,11.802354286447036,2302.786376953125,429.7173714067458,5.208333333333333,0.3663808780605136,161.98924870566307
849,0.903185,1.0,1,1794.2652574044303,0.0,487.53329762800786,9.555652633508954,76.44522106807163,86.00087370158059,1164.0366331741907,0.0,0.0,2510.3221407795527,1.0,0.0,0.0,11.136460964840627,0.0,63.54502962299472,8847.63018035549,9.555652633508954,9.85894800101479,50.0,11.802354286447036,2302.786376953125,11.802354286447036,83.79671543377395,0.0,83.79671543377395,83.79671543377395,5.208333333333333,0.3663808780605136,429.7173714067458,161.98924870566307,232.36981964450933,150.0,1.0,1.9434062854322462,0.0,1986.597715201681,487.53329762800786,475.49007896836804,4178.994778111465,45.70389748642083,0.0,445.0285799683013,83.79671543377395,94.41883429157629,41.666666666666664,12.043218659639834,191700744.8961891,95824833.33333333,10.0,1.0,7.853981633974483,20.0,2.5,98.17477042468104,8847.63018035549,9.555652633508954,9.85894800101479,50.0,11.802354286447036,2302.786376953125,429.7173714067458,5.208333333333333,0.3663808780605136,161.98924870566307
850,0.914694,1.0,1,1817.1290105086864,0.0,487.53329762800786,9.555652633508954,76.44522106807163,86.00087370158059,1164.0366331741907,0.0,0.0,2510.3221407795527,1.0,0.0,0.0,11.136460964840627,0.0,65.4787188769998,8847.63018035549,9.555652633508954,9.85894800101479,50.0,11.802354286447036,2302.786376953125,11.802354286447036,83.79671543377395,0.0,83.79671543377395,83.79671543377395,5.208333333333333,0.3663808780605136,429.7173714067458,161.98924870566307,232.36981964450933,150.0,1.0,1.9434062854322462,0.0,1986.597715201681,487.53329762800786,475.49007896836804,4178.994778111465,45.70389748642083,0.0,445.0285799683013,83.79671543377395,94.41883429157629,41.666666666666664,12.043218659639834,191700744.8961891,95824833.33333333,10.0,1.0,7.853981633974483,20.0,2.5,98.17477042468104,8847.63018035549,9.555652633508954,9.85894800101479,50.0,11.802354286447036,2302.786376953125,429.7173714067458,5.208333333333333,0.3663808780605136,161.98924870566307
851,0.943591,1.0,1,1874.5357246848694,0.0,487.53329762800786,9.555652633508954,76.44522106807163,86.00087370158059,1164.0366331741907,0.0,0.0,2510.3221407795527,1.0,0.0,0.0,11.136460964840627,0.0,67.4124081310049,8847.63018035549,9.555652633508954,9.85894800101479,50.0,11.802354286447036,2302.786376953125,11.802354286447036,83.79671543377395,0.0,83.79671543377395,83.79671543377395,5.208333333333333,0.3663808780605136,429.7173714067458,161.98924870566307,232.36981964450933,150.0,1.0,1.9434062854322462,0.0,1986.597715201681,487.53329762800786,475.49007896836804,4178.994778111465,45.70389748642083,0.0,445.0285799683013,83.79671543377395,94.41883429157629,41.666666666666664,12.043218659639834,191700744.8961891,95824833.33333333,10.0,1.0,7.853981633974483,20.0,2.5,98.17477042468104,8847.63018035549,9.555652633508954,9.85894800101479,50.0,11.802354286447036,2302.786376953125,429.7173714067458,5.208333333333333,0.3663808780605136,161.98924870566307
852,0.967543,1.0,1,1922.1187131593801,0.0,487.53329762800786,9.555652633508954,76.44522106807163,86.00087370158059,1922.1187131593801,841.8787954189635,0.0,3310.106996427568,1.0,0.0,0.0,11.136460964840627,0.0,69.34609738500998,8847.63018035549,9.555652633508954,9.85894800101479,50.0,11.802354286447036,2302.786376953125,11.802354286447036,83.79671543377395,83.79671543377395,0.0,0.0,5.208333333333333,0.3663808780605136,429.7173714067458,161.98924870566307,232.36981964450933,150.0,1.0,1.9434062854322462,0.0,1986.597715201681,487.53329762800786,475.49007896836804,4178.994778111465,45.70389748642083,0.0,445.0285799683013,83.79671543377395,94.41883429157629,41.666666666666664,12.043218659639834,191700744.8961891,95824833.33333333,10.0,1.0,7.853981633974483,20.0,2.5,98.17477042468104,8847.63018035549,9.555652633508954,9.85894800101479,50.0,11.802354286447036,2302.786376953125,429.7173714067458,5.208333333333333,0.3663808780605136,161.98924870566307
853,0.983862,1.0,1,1954.5380012737562,0.0,487.53329762800786,9.555652633508954,76.44522106807163,86.00087370158059,1954.5380012737564,874.2980835333395,0.0,4140.690175784241,1.0,0.0,0.0,11.136460964840627,0.0,71.27978663901507,8847.63018035549,9.555652633508954,9.85894800101479,50.0,11.802354286447036,2302.786376953125,11.802354286447036,83.79671543377395,83.79671543377395,0.0,0.0,5.208333333333333,0.3663808780605136,429.7173714067458,161.98924870566307,232.36981964450933,150.0,1.0,1.9434062854322462,0.0,1986.597715201681,487.53329762800786,475.49007896836804,4178.994778111465,45.70389748642083,0.0,445.0285799683013,83.79671543377395,94.41883429157629,41.666666666666664,12.043218659639834,191700744.8961891,95824833.33333333,10.0,1.0,7.853981633974483,20.0,2.5,98.17477042468104,8847.63018035549,9.555652633508954,9.85894800101479,50.0,11.802354286447036,2302.786376953125,429.7173714067458,5.208333333333333,0.3663808780605136,161.98924870566307
854,0.987185,1.0,1,1961.1394654813714,0.0,487.53329762800786,9.555652633508954,76.44522106807163,86.00087370158059,1164.0366331741907,0.0,0.0,4140.690175784241,1.0,0.0,0.0,11.136460964840627,0.0,73.21347589302013,8847.63018035549,9.555652633508954,9.85894800101479,50.0,11.802354286447036,2302.786376953125,11.802354286447036,83.79671543377395,0.0,83.79671543377395,83.79671543377395,5.208333333333333,0.3663808780605136,429.7173714067458,161.98924870566307,232.36981964450933,150.0,1.0,1.9434062854322462,0.0,1986.597715201681,487.53329762800786,475.49007896836804,4178.994778111465,45.70389748642083,0.0,445.0285799683013,83.79671543377395,94.41883429157629,41.666666666666664,12.043218659639834,191700744.8961891,95824833.33333333,10.0,1.0,7.853981633974483,20.0,2.5,98.17477042468104,8847.63018035549,9.555652633508954,9.85894800101479,50.0,11.802354286447036,2302.786376953125,429.7173714067458,5.208333333333333,0.3663808780605136,161.98924870566307
855,0.973206,1.0,1,1933.3688160205672,0.0,487.53329762800786,9.555652633508954,76.44522106807163,86.00087370158059,1164.0366331741907,0.0,0.0,4140.690175784241,1.0,0.0,0.0,11.136460964840627,0.0,75.14716514702522,8847.63018035549,9.555652633508954,9.85894800101479,50.0,11.802354286447036,2302.786376953125,11.802354286447036,83.79671543377395,0.0,83.79671543377395,83.79671543377395,5.208333333333333,0.3663808780605136,429.7173714067458,161.98924870566307,232.36981964450933,150.0,1.0,1.9434062854322462,0.0,1986.597715201681,487.53329762800786,475.49007896836804,4178.994778111465,45.70389748642083,0.0,445.0285799683013,83.79671543377395,94.41883429157629,41.666666666666664,12.043218659639834,191700744.8961891,95824833.33333333,10.0,1.0,7.853981633974483,20.0,2.5,98.17477042468104,8847.63018035549,9.555652633508954,9.85894800101479,50.0,11.802354286447036,2302.786376953125,429.7173714067458,5.208333333333333,0.3663808780605136,161.98924870566307
856,0.913543,1.0,1,1814.8424365384892,0.0,487.53329762800786,9.555652633508954,76.44522106807163,86.00087370158059,1080.2399177404168,0.0,0.0,4140.690175784241,1.0,0.0,0.0,11.136460964840627,0.0,77.08085440103031,8847.63018035549,9.555652633508954,9.85894800101479,50.0,11.802354286447036,2302.786376953125,11.802354286447036,83.79671543377395,83.79671543377395,0.0,0.0,5.208333333333333,0.3663808780605136,429.7173714067458,161.98924870566307,232.36981964450933,150.0,1.0,1.9434062854322462,0.0,1986.597715201681,487.53329762800786,475.49007896836804,4178.994778111465,45.70389748642083,0.0,445.0285799683013,83.79671543377395,94.41883429157629,41.666666666666664,12.043218659639834,191700744.8961891,95824833.33333333,10.0,1.0,7.853981633974483,20.0,2.5,98.17477042468104,8847.63018035549,9.555652633508954,9.85894800101479,50.0,11.802354286447036,2302.786376953125,429.7173714067458,5.208333333333333,0.3663808780605136,161.98924870566307
857,0.868855,1.0,1,1726.0653578415565,0.0,487.53329762800786,9.555652633508954,76.44522106807163,86.00087370158059,1080.2399177404168,0.0,0.0,4140.690175784241,1.0,0.0,0.0,11.136460964840627,0.0,79.01454365503548,8847.63018035549,9.555652633508954,9.85894800101479,50.0,11.802354286447036,2302.786376953125,11.802354286447036,83.79671543377395,83.79671543377395,0.0,0.0,5.208333333333333,0.3663808780605136,429.7173714067458,161.98924870566307,232.36981964450933,150.0,1.0,1.9434062854322462,0.0,1986.597715201681,487.53329762800786,475.49007896836804,4178.994778111465,45.70389748642083,0.0,445.0285799683013,83.79671543377395,94.41883429157629,41.666666666666664,12.043218659639834,191700744.8961891,95824833.33333333,10.0,1.0,7.853981633974483,20.0,2.5,98.17477042468104,8847.63018035549,9.555652633508954,9.85894800101479,50.0,11.802354286447036,2302.786376953125,429.7173714067458,5.208333333333333,0.3663808780605136,161.98924870566307
858,0.785983,1.0,1,1561.4320319873627,0.0,487.53329762800786,9.555652633508954,76.44522106807163,86.00087370158059,1080.2399177404168,0.0,0.0,4140.690175784241,1.0,0.0,0.0,11.136460964840627,0.0,80.94823290904057,8847.63018035549,9.555652633508954,9.85894800101479,50.0,11.802354286447036,2302.786376953125,11.802354286447036,83.79671543377395,83.79671543377395,0.0,0.0,5.208333333333333,0.3663808780605136,429.7173714067458,161.98924870566307,232.36981964450933,150.0,1.0,1.9434062854322462,0.0,1986.597715201681,487.53329762800786,475.49007896836804,4178.994778111465,45.70389748642083,0.0,445.0285799683013,83.79671543377395,94.41883429157629,41.666666666666664,12.043218659639834,191700744.8961891,95824833.33333333,10.0,1.0,7.853981633974483,20.0,2.5,98.17477042468104,8847.63018035549,9.555652633508954,9.85894800101479,50.0,11.802354286447036,2302.786376953125,429.7173714067458,5.208333333333333,0.3663808780605136,161.98924870566307
859,0.661061,1.0,1,1313.2622722089384,0.0,487.53329762800786,9.555652633508954,76.44522106807163,86.00087370158059,1080.2399177404168,0.0,0.0,4140.690175784241,0.0,0.0,0.0,11.136460964840627,0.0,82.88192216304549,8847.63018035549,9.555652633508954,9.85894800101479,50.0,11.802354286447036,2302.786376953125,11.802354286447036,83.79671543377395,83.79671543377395,0.0,0.0,5.208333333333333,0.3663808780605136,429.7173714067458,161.98924870566307,232.36981964450933,150.0,1.0,1.9434062854322462,0.0,1986.597715201681,487.53329762800786,475.49007896836804,4178.994778111465,45.70389748642083,0.0,445.0285799683013,83.79671543377395,94.41883429157629,41.666666666666664,12.043218659639834,191700744.8961891,95824833.33333333,10.0,1.0,7.853981633974483,20.0,2.5,98.17477042468104,8847.63018035549,9.555652633508954,9.85894800101479,50.0,11.802354286447036,2302.786376953125,429.7173714067458,5.208333333333333,0.3663808780605136,161.98924870566307
860,0.453052,1.0,1,900.032068067552,0.0,487.53329762800786,9.555652633508954,76.44522106807163,86.00087370158059,1080.2399177404168,0.0,561.9867401412268,3549.1251861618966,1.0,0.0,0.0,11.136460964840627,0.0,84.81561141705029,8847.63018035549,9.555652633508954,9.85894800101479,50.0,11.802354286447036,2302.786376953125,11.802354286447036,83.79671543377395,83.79671543377395,0.0,0.0,5.208333333333333,0.3663808780605136,429.7173714067458,161.98924870566307,232.36981964450933,150.0,1.0,1.9434062854322462,0.0,1986.597715201681,487.53329762800786,475.49007896836804,4178.994778111465,45.70389748642083,0.0,445.0285799683013,83.79671543377395,94.41883429157629,41.666666666666664,12.043218659639834,191700744.8961891,95824833.33333333,10.0,1.0,7.853981633974483,20.0,2.5,98.17477042468104,8847.63018035549,9.555652633508954,9.85894800101479,50.0,11.802354286447036,2302.786376953125,429.7173714067458,5.208333333333333,0.3663808780605136,161.98924870566307
861,0.146547,1.0,1,291.12993536966076,0.0,487.53329762800786,9.555652633508954,76.44522106807163,86.00087370158059,1080.2399177404168,0.0,789.1099823707559,2718.483099455838,-0.0,0.0,0.0,11.136460964840627,0.0,86.74930067105538,8847.63018035549,9.555652633508954,9.85894800101479,50.0,11.802354286447036,2302.786376953125,11.802354286447036,83.79671543377395,83.79671543377395,0.0,0.0,5.208333333333333,0.3663808780605136,429.7173714067458,161.98924870566307,232.36981964450933,150.0,1.0,1.9434062854322462,0.0,1986.597715201681,487.53329762800786,475.49007896836804,4178.994778111465,45.70389748642083,0.0,445.0285799683013,83.79671543377395,94.41883429157629,41.666666666666664,12.043218659639834,191700744.8961891,95824833.33333333,10.0,1.0,7.853981633974483,20.0,2.5,98.17477042468104,8847.63018035549,9.555652633508954,9.85894800101479,50.0,11.802354286447036,2302.786376953125,429.7173714067458,5.208333333333333,0.3663808780605136,161.98924870566307
862,0.015419,1.0,1,30.63135017069472,0.0,487.53329762800786,9.555652633508954,76.44522106807163,86.00087370158059,1080.2399177404168,0.0,1049.608567569722,1613.6319756982357,-0.0,0.0,0.0,11.136460964840627,0.0,88.6829899250603,8847.63018035549,9.555652633508954,9.85894800101479,50.0,11.802354286447036,2302.786376953125,11.802354286447036,83.79671543377395,83.79671543377395,0.0,0.0,5.208333333333333,0.3663808780605136,429.7173714067458,161.98924870566307,232.36981964450933,150.0,1.0,1.9434062854322462,0.0,1986.597715201681,487.53329762800786,475.49007896836804,4178.994778111465,45.70389748642083,0.0,445.0285799683013,83.79671543377395,94.41883429157629,41.666666666666664,12.043218659639834,191700744.8961891,95824833.33333333,10.0,1.0,7.853981633974483,20.0,2.5,98.17477042468104,8847.63018035549,9.555652633508954,9.85894800101479,50.0,11.802354286447036,2302.786376953125,429.7173714067458,5.208333333333333,0.3663808780605136,161.98924870566307
863,0.097851,1.0,1,194.39057303019968,0.0,487.53329762800786,9.555652633508954,76.44522106807163,86.00087370158059,1080.2399177404168,0.0,885.8493447102171,681.1589812664281,0.0,0.0,0.0,11.136460964840627,0.0,90.61667917906539,8847.63018035549,9.555652633508954,9.85894800101479,50.0,11.802354286447036,2302.786376953125,11.802354286447036,83.79671543377395,83.79671543377395,0.0,0.0,5.208333333333333,0.3663808780605136,429.7173714067458,161.98924870566307,232.36981964450933,150.0,1.0,1.9434062854322462,0.0,1986.597715201681,487.53329762800786,475.49007896836804,4178.994778111465,45.70389748642083,0.0,445.0285799683013,83.79671543377395,94.41883429157629,41.666666666666664,12.043218659639834,191700744.8961891,95824833.33333333,10.0,1.0,7.853981633974483,20.0,2.5,98.17477042468104,8847.63018035549,9.555652633508954,9.85894800101479,50.0,11.802354286447036,2302.786376953125,429.7173714067458,5.208333333333333,0.3663808780605136,161.98924870566307
864,0.582254,1.0,1,1156.7044660670397,0.0,487.53329762800786,9.555652633508954,76.44522106807163,86.00087370158059,1080.2399177404168,0.0,0.0,681.1589812664281,0.0,0.0,0.0,11.136460964840627,0.0,92.55036843307047,8847.63018035549,9.555652633508954,9.85894800101479,50.0,11.802354286447036,2302.786376953125,11.802354286447036,83.79671543377395,83.79671543377395,0.0,0.0,5.208333333333333,0.3663808780605136,429.7173714067458,161.98924870566307,232.36981964450933,150.0,1.0,1.9434062854322462,0.0,1986.597715201681,487.53329762800786,475.49007896836804,4178.994778111465,45.70389748642083,0.0,445.0285799683013,83.79671543377395,94.41883429157629,41.666666666666664,12.043218659639834,191700744.8961891,95824833.33333333,10.0,1.0,7.853981633974483,20.0,2.5,98.17477042468104,8847.63018035549,9.555652633508954,9.85894800101479,50.0,11.802354286447036,2302.786376953125,429.7173714067458,5.208333333333333,0.3663808780605136,161.98924870566307
865,0.572787,1.0,1,1137.8973454972254,0.0,487.53329762800786,9.555652633508954,76.44522106807163,86.00087370158059,1080.2399177404168,0.0,0.0,681.1589812664281,1.0,0.0,0.0,11.136460964840627,0.0,94.48405768707559,8847.63018035549,9.555652633508954,9.85894800101479,50.0,11.802354286447036,2302.786376953125,11.802354286447036,83.79671543377395,83.79671543377395,0.0,0.0,5.208333333333333,0.3663808780605136,429.7173714067458,161.98924870566307,232.36981964450933,150.0,1.0,1.9434062854322462,0.0,1986.597715201681,487.53329762800786,475.49007896836804,4178.994778111465,45.70389748642083,0.0,445.0285799683013,83.79671543377395,94.41883429157629,41.666666666666664,12.043218659639834,191700744.8961891,95824833.33333333,10.0,1.0,7.853981633974483,20.0,2.5,98.17477042468104,8847.63018035549,9.555652633508954,9.85894800101479,50.0,11.802354286447036,2302.786376953125,429.7173714067458,5.208333333333333,0.3663808780605136,161.98924870566307
866,0.579503,1.0,1,1151.2393357525198,0.0,487.53329762800786,9.555652633508954,76.44522106807163,86.00087370158059,1080.2399177404168,0.0,0.0,681.1589812664281,-0.0,0.0,0.0,11.136460964840627,0.0,96.41774694108068,8847.63018035549,9.555652633508954,9.85894800101479,50.0,11.802354286447036,2302.786376953125,11.802354286447036,83.79671543377395,83.79671543377395,0.0,0.0,5.208333333333333,0.3663808780605136,429.7173714067458,161.98924870566307,232.36981964450933,150.0,1.0,1.9434062854322462,0.0,1986.597715201681,487.53329762800786,475.49007896836804,4178.994778111465,45.70389748642083,0.0,445.0285799683013,83.79671543377395,94.41883429157629,41.666666666666664,12.043218659639834,191700744.8961891,95824833.33333333,10.0,1.0,7.853981633974483,20.0,2.5,98.17477042468104,8847.63018035549,9.555652633508954,9.85894800101479,50.0,11.802354286447036,2302.786376953125,429.7173714067458,5.208333333333333,0.3663808780605136,161.98924870566307
867,0.606447,1.0,1,1204.7662245909137,0.0,487.53329762800786,9.555652633508954,76.44522106807163,86.00087370158059,1080.2399177404168,0.0,0.0,681.1589812664281,1.0,0.0,0.0,11.136460964840627,0.0,98.35143619508574,8847.63018035549,9.555652633508954,9.85894800101479,50.0,11.802354286447036,2302.786376953125,11.802354286447036,83.79671543377395,83.79671543377395,0.0,0.0,5.208333333333333,0.3663808780605136,429.7173714067458,161.98924870566307,232.36981964450933,150.0,1.0,1.9434062854322462,0.0,1986.597715201681,487.53329762800786,475.49007896836804,4178.994778111465,45.70389748642083,0.0,445.0285799683013,83.79671543377395,94.41883429157629,41.666666666666664,12.043218659639834,191700744.8961891,95824833.33333333,10.0,1.0,7.853981633974483,20.0,2.5,98.17477042468104,8847.63018035549,9.555652633508954,9.85894800101479,50.0,11.802354286447036,2302.786376953125,429.7173714067458,5.208333333333333,0.3663808780605136,161.98924870566307
868,0.6435489999999999,1.0,1,1278.4729730203264,0.0,487.53329762800786,9.555652633508954,76.44522106807163,86.00087370158059,1080.2399177404168,0.0,0.0,681.1589812664281,0.0,0.0,0.0,11.136460964840627,0.0,100.28512544909086,8847.63018035549,9.555652633508954,9.85894800101479,50.0,11.802354286447036,2302.786376953125,11.802354286447036,83.79671543377395,83.79671543377395,0.0,0.0,5.208333333333333,0.3663808780605136,429.7173714067458,161.98924870566307,232.36981964450933,150.0,1.0,1.9434062854322462,0.0,1986.597715201681,487.53329762800786,475.49007896836804,4178.994778111465,45.70389748642083,0.0,445.0285799683013,83.79671543377395,94.41883429157629,41.666666666666664,12.043218659639834,191700744.8961891,95824833.33333333,10.0,1.0,7.853981633974483,20.0,2.5,98.17477042468104,8847.63018035549,9.555652633508954,9.85894800101479,50.0,11.802354286447036,2302.786376953125,429.7173714067458,5.208333333333333,0.3663808780605136,161.98924870566307
869,0.6372770000000001,1.0,1,1266.013032150582,0.0,487.53329762800786,9.555652633508954,76.44522106807163,86.00087370158059,1080.2399177404168,0.0,0.0,681.1589812664281,1.0,0.0,0.0,11.136460964840627,0.0,102.21881470309592,8847.63018035549,9.555652633508954,9.85894800101479,50.0,11.802354286447036,2302.786376953125,11.802354286447036,83.79671543377395,83.79671543377395,0.0,0.0,5.208333333333333,0.3663808780605136,429.7173714067458,161.98924870566307,232.36981964450933,150.0,1.0,1.9434062854322462,0.0,1986.597715201681,487.53329762800786,475.49007896836804,4178.994778111465,45.70389748642083,0.0,445.0285799683013,83.79671543377395,94.41883429157629,41.666666666666664,12.043218659639834,191700744.8961891,95824833.33333333,10.0,1.0,7.853981633974483,20.0,2.5,98.17477042468104,8847.63018035549,9.555652633508954,9.85894800101479,50.0,11.802354286447036,2302.786376953125,429.7173714067458,5.208333333333333,0.3663808780605136,161.98924870566307
870,0.664578,1.0,1,1320.2491363733027,0.0,487.53329762800786,9.555652633508954,76.44522106807163,86.00087370158059,1080.2399177404168,0.0,0.0,681.1589812664281,1.0,0.0,0.0,11.136460964840627,0.0,104.152503957101,8847.63018035549,9.555652633508954,9.85894800101479,50.0,11.802354286447036,2302.786376953125,11.802354286447036,83.79671543377395,83.79671543377395,0.0,0.0,5.208333333333333,0.3663808780605136,429.7173714067458,161.98924870566307,232.36981964450933,150.0,1.0,1.9434062854322462,0.0,1986.597715201681,487.53329762800786,475.49007896836804,4178.994778111465,45.70389748642083,0.0,445.0285799683013,83.79671543377395,94.41883429157629,41.666666666666664,12.043218659639834,191700744.8961891,95824833.33333333,10.0,1.0,7.853981633974483,20.0,2.5,98.17477042468104,8847.63018035549,9.555652633508954,9.85894800101479,50.0,11.802354286447036,2302.786376953125,429.7173714067458,5.208333333333333,0.3663808780605136,161.98924870566307
871,0.708312,1.0,1,1407.1310008499331,0.0,487.53329762800786,9.555652633508954,76.44522106807163,86.00087370158059,1080.2399177404168,0.0,0.0,681.1589812664281,1.0,0.0,0.0,11.136460964840627,0.0,106.08619321110609,8847.63018035549,9.555652633508954,9.85894800101479,50.0,11.802354286447036,2302.786376953125,11.802354286447036,83.79671543377395,83.79671543377395,0.0,0.0,5.208333333333333,0.3663808780605136,429.7173714067458,161.98924870566307,232.36981964450933,150.0,1.0,1.9434062854322462,0.0,1986.597715201681,487.53329762800786,475.49007896836804,4178.994778111465,45.70389748642083,0.0,445.0285799683013,83.79671543377395,94.41883429157629,41.666666666666664,12.043218659639834,191700744.8961891,95824833.33333333,10.0,1.0,7.853981633974483,20.0,2.5,98.17477042468104,8847.63018035549,9.555652633508954,9.85894800101479,50.0,11.802354286447036,2302.786376953125,429.7173714067458,5.208333333333333,0.3663808780605136,161.98924870566307
872,0.765788,1.0,1,1521.312691128865,0.0,487.53329762800786,9.555652633508954,76.44522106807163,86.00087370158059,1164.0366331741907,0.0,0.0,681.1589812664281,-0.0,0.0,0.0,11.136460964840627,0.0,108.01988246511118,8847.63018035549,9.555652633508954,9.85894800101479,50.0,11.802354286447036,2302.786376953125,11.802354286447036,83.79671543377395,0.0,83.79671543377395,83.79671543377395,5.208333333333333,0.3663808780605136,429.7173714067458,161.98924870566307,232.36981964450933,150.0,1.0,1.9434062854322462,0.0,1986.597715201681,487.53329762800786,475.49007896836804,4178.994778111465,45.70389748642083,0.0,445.0285799683013,83.79671543377395,94.41883429157629,41.666666666666664,12.043218659639834,191700744.8961891,95824833.33333333,10.0,1.0,7.853981633974483,20.0,2.5,98.17477042468104,8847.63018035549,9.555652633508954,9.85894800101479,50.0,11.802354286447036,2302.786376953125,429.7173714067458,5.208333333333333,0.3663808780605136,161.98924870566307
873,0.805225,1.0,1,1599.6581452232736,0.0,487.53329762800786,9.555652633508954,76.44522106807163,86.00087370158059,1080.2399177404168,0.0,0.0,681.1589812664281,1.0,0.0,0.0,11.136460964840627,0.0,109.95357171911627,8847.63018035549,9.555652633508954,9.85894800101479,50.0,11.802354286447036,2302.786376953125,11.802354286447036,83.79671543377395,83.79671543377395,0.0,0.0,5.208333333333333,0.3663808780605136,429.7173714067458,161.98924870566307,232.36981964450933,150.0,1.0,1.9434062854322462,0.0,1986.597715201681,487.53329762800786,475.49007896836804,4178.994778111465,45.70389748642083,0.0,445.0285799683013,83.79671543377395,94.41883429157629,41.666666666666664,12.043218659639834,191700744.8961891,95824833.33333333,10.0,1.0,7.853981633974483,20.0,2.5,98.17477042468104,8847.63018035549,9.555652633508954,9.85894800101479,50.0,11.802354286447036,2302.786376953125,429.7173714067458,5.208333333333333,0.3663808780605136,161.98924870566307
874,0.825663,1.0,1,1640.2602293265656,0.0,487.53329762800786,9.555652633508954,76.44522106807163,86.00087370158059,1164.0366331741907,0.0,0.0,681.1589812664281,1.0,0.0,0.0,11.136460964840627,0.0,111.88726097312136,8847.63018035549,9.555652633508954,9.85894800101479,50.0,11.802354286447036,2302.786376953125,11.802354286447036,83.79671543377395,0.0,83.79671543377395,83.79671543377395,5.208333333333333,0.3663808780605136,429.7173714067458,161.98924870566307,232.36981964450933,150.0,1.0,1.9434062854322462,0.0,1986.597715201681,487.53329762800786,475.49007896836804,4178.994778111465,45.70389748642083,0.0,445.0285799683013,83.79671543377395,94.41883429157629,41.666666666666664,12.043218659639834,191700744.8961891,95824833.33333333,10.0,1.0,7.853981633974483,20.0,2.5,98.17477042468104,8847.63018035549,9.555652633508954,9.85894800101479,50.0,11.802354286447036,2302.786376953125,429.7173714067458,5.208333333333333,0.3663808780605136,161.98924870566307
875,0.851931,1.0,1,1692.4441781094833,0.0,487.53329762800786,9.555652633508954,76.44522106807163,86.00087370158059,1164.0366331741907,0.0,0.0,681.1589812664281,0.0,0.0,0.0,11.136460964840627,0.0,113.82095022712645,8847.63018035549,9.555652633508954,9.85894800101479,50.0,11.802354286447036,2302.786376953125,11.802354286447036,83.79671543377395,0.0,83.79671543377395,83.79671543377395,5.208333333333333,0.3663808780605136,429.7173714067458,161.98924870566307,232.36981964450933,150.0,1.0,1.9434062854322462,0.0,1986.597715201681,487.53329762800786,475.49007896836804,4178.994778111465,45.70389748642083,0.0,445.0285799683013,83.79671543377395,94.41883429157629,41.666666666666664,12.043218659639834,191700744.8961891,95824833.33333333,10.0,1.0,7.853981633974483,20.0,2.5,98.17477042468104,8847.63018035549,9.555652633508954,9.85894800101479,50.0,11.802354286447036,2302.786376953125,429.7173714067458,5.208333333333333,0.3663808780605136,161.98924870566307
876,0.873181,1.0,1,1734.659379557519,0.0,487.53329762800786,9.555652633508954,76.44522106807163,86.00087370158059,1734.659379557519,654.4194618171024,0.0,1302.8574699926753,1.0,0.0,0.0,11.136460964840627,0.0,115.75463948113153,8847.63018035549,9.555652633508954,9.85894800101479,50.0,11.802354286447036,2302.786376953125,11.802354286447036,83.79671543377395,83.79671543377395,0.0,0.0,5.208333333333333,0.3663808780605136,429.7173714067458,161.98924870566307,232.36981964450933,150.0,1.0,1.9434062854322462,0.0,1986.597715201681,487.53329762800786,475.49007896836804,4178.994778111465,45.70389748642083,0.0,445.0285799683013,83.79671543377395,94.41883429157629,41.666666666666664,12.043218659639834,191700744.8961891,95824833.33333333,10.0,1.0,7.853981633974483,20.0,2.5,98.17477042468104,8847.63018035549,9.555652633508954,9.85894800101479,50.0,11.802354286447036,2302.786376953125,429.7173714067458,5.208333333333333,0.3663808780605136,161.98924870566307
877,0.893375,1.0,1,1774.7767338183019,0.0,487.53329762800786,9.555652633508954,76.44522106807163,86.00087370158059,1080.2399177404168,0.0,0.0,1302.8574699926753,-0.0,0.0,0.0,11.136460964840627,0.0,117.68832873513662,8847.63018035549,9.555652633508954,9.85894800101479,50.0,11.802354286447036,2302.786376953125,11.802354286447036,83.79671543377395,83.79671543377395,0.0,0.0,5.208333333333333,0.3663808780605136,429.7173714067458,161.98924870566307,232.36981964450933,150.0,1.0,1.9434062854322462,0.0,1986.597715201681,487.53329762800786,475.49007896836804,4178.994778111465,45.70389748642083,0.0,445.0285799683013,83.79671543377395,94.41883429157629,41.666666666666664,12.043218659639834,191700744.8961891,95824833.33333333,10.0,1.0,7.853981633974483,20.0,2.5,98.17477042468104,8847.63018035549,9.555652633508954,9.85894800101479,50.0,11.802354286447036,2302.786376953125,429.7173714067458,5.208333333333333,0.3663808780605136,161.98924870566307
878,0.896062,1.0,1,1780.1147218790488,0.0,487.53329762800786,9.555652633508954,76.44522106807163,86.00087370158059,1080.2399177404168,0.0,0.0,1302.8574699926753,1.0,0.0,0.0,11.136460964840627,0.0,119.62201798914171,8847.63018035549,9.555652633508954,9.85894800101479,50.0,11.802354286447036,2302.786376953125,11.802354286447036,83.79671543377395,83.79671543377395,0.0,0.0,5.208333333333333,0.3663808780605136,429.7173714067458,161.98924870566307,232.36981964450933,150.0,1.0,1.9434062854322462,0.0,1986.597715201681,487.53329762800786,475.49007896836804,4178.994778111465,45.70389748642083,0.0,445.0285799683013,83.79671543377395,94.41883429157629,41.666666666666664,12.043218659639834,191700744.8961891,95824833.33333333,10.0,1.0,7.853981633974483,20.0,2.5,98.17477042468104,8847.63018035549,9.555652633508954,9.85894800101479,50.0,11.802354286447036,2302.786376953125,429.7173714067458,5.208333333333333,0.3663808780605136,161.98924870566307
879,0.896556,1.0,1,1781.0961011503584,0.0,487.53329762800786,9.555652633508954,76.44522106807163,86.00087370158059,1164.0366331741907,0.0,0.0,1302.8574699926753,-0.0,0.0,0.0,11.136460964840627,0.0,121.55570724314678,8847.63018035549,9.555652633508954,9.85894800101479,50.0,11.802354286447036,2302.786376953125,11.802354286447036,83.79671543377395,0.0,83.79671543377395,83.79671543377395,5.208333333333333,0.3663808780605136,429.7173714067458,161.98924870566307,232.36981964450933,150.0,1.0,1.9434062854322462,0.0,1986.597715201681,487.53329762800786,475.49007896836804,4178.994778111465,45.70389748642083,0.0,445.0285799683013,83.79671543377395,94.41883429157629,41.666666666666664,12.043218659639834,191700744.8961891,95824833.33333333,10.0,1.0,7.853981633974483,20.0,2.5,98.17477042468104,8847.63018035549,9.555652633508954,9.85894800101479,50.0,11.802354286447036,2302.786376953125,429.7173714067458,5.208333333333333,0.3663808780605136,161.98924870566307
880,0.905157,1.0,1,1798.182828098808,0.0,487.53329762800786,9.555652633508954,76.44522106807163,86.00087370158059,1798.182828098808,717.9429103583913,0.0,1984.9032348331468,1.0,0.0,0.0,11.136460964840627,0.0,123.48939649715187,8847.63018035549,9.555652633508954,9.85894800101479,50.0,11.802354286447036,2302.786376953125,11.802354286447036,83.79671543377395,83.79671543377395,0.0,0.0,5.208333333333333,0.3663808780605136,429.7173714067458,161.98924870566307,232.36981964450933,150.0,1.0,1.9434062854322462,0.0,1986.597715201681,487.53329762800786,475.49007896836804,4178.994778111465,45.70389748642083,0.0,445.0285799683013,83.79671543377395,94.41883429157629,41.666666666666664,12.043218659639834,191700744.8961891,95824833.33333333,10.0,1.0,7.853981633974483,20.0,2.5,98.17477042468104,8847.63018035549,9.555652633508954,9.85894800101479,50.0,11.802354286447036,2302.786376953125,429.7173714067458,5.208333333333333,0.3663808780605136,161.98924870566307
881,0.915483,1.0,1,1818.6964361059806,0.0,487.53329762800786,9.555652633508954,76.44522106807163,86.00087370158059,1080.2399177404168,0.0,0.0,1984.9032348331468,1.0,0.0,0.0,11.136460964840627,0.0,125.42308575115695,8847.63018035549,9.555652633508954,9.85894800101479,50.0,11.802354286447036,2302.786376953125,11.802354286447036,83.79671543377395,83.79671543377395,0.0,0.0,5.208333333333333,0.3663808780605136,429.7173714067458,161.98924870566307,232.36981964450933,150.0,1.0,1.9434062854322462,0.0,1986.597715201681,487.53329762800786,475.49007896836804,4178.994778111465,45.70389748642083,0.0,445.0285799683013,83.79671543377395,94.41883429157629,41.666666666666664,12.043218659639834,191700744.8961891,95824833.33333333,10.0,1.0,7.853981633974483,20.0,2.5,98.17477042468104,8847.63018035549,9.555652633508954,9.85894800101479,50.0,11.802354286447036,2302.786376953125,429.7173714067458,5.208333333333333,0.3663808780605136,161.98924870566307
882,0.925136,1.0,1,1837.8730638508223,0.0,487.53329762800786,9.555652633508954,76.44522106807163,86.00087370158059,1837.8730638508223,757.6331461104056,0.0,2704.6547236380325,1.0,0.0,0.0,11.136460964840627,0.0,127.35677500516204,8847.63018035549,9.555652633508954,9.85894800101479,50.0,11.802354286447036,2302.786376953125,11.802354286447036,83.79671543377395,83.79671543377395,0.0,0.0,5.208333333333333,0.3663808780605136,429.7173714067458,161.98924870566307,232.36981964450933,150.0,1.0,1.9434062854322462,0.0,1986.597715201681,487.53329762800786,475.49007896836804,4178.994778111465,45.70389748642083,0.0,445.0285799683013,83.79671543377395,94.41883429157629,41.666666666666664,12.043218659639834,191700744.8961891,95824833.33333333,10.0,1.0,7.853981633974483,20.0,2.5,98.17477042468104,8847.63018035549,9.555652633508954,9.85894800101479,50.0,11.802354286447036,2302.786376953125,429.7173714067458,5.208333333333333,0.3663808780605136,161.98924870566307
883,0.932325,1.0,1,1852.1547148254072,0.0,487.53329762800786,9.555652633508954,76.44522106807163,86.00087370158059,1852.1547148254072,771.9147970849905,0.0,3437.9737808687732,1.0,0.0,0.0,11.136460964840627,0.0,129.29046425916712,8847.63018035549,9.555652633508954,9.85894800101479,50.0,11.802354286447036,2302.786376953125,11.802354286447036,83.79671543377395,83.79671543377395,0.0,0.0,5.208333333333333,0.3663808780605136,429.7173714067458,161.98924870566307,232.36981964450933,150.0,1.0,1.9434062854322462,0.0,1986.597715201681,487.53329762800786,475.49007896836804,4178.994778111465,45.70389748642083,0.0,445.0285799683013,83.79671543377395,94.41883429157629,41.666666666666664,12.043218659639834,191700744.8961891,95824833.33333333,10.0,1.0,7.853981633974483,20.0,2.5,98.17477042468104,8847.63018035549,9.555652633508954,9.85894800101479,50.0,11.802354286447036,2302.786376953125,429.7173714067458,5.208333333333333,0.3663808780605136,161.98924870566307
884,0.931487,1.0,1,1850.489945940068,0.0,487.53329762800786,9.555652633508954,76.44522106807163,86.00087370158059,1080.2399177404168,0.0,0.0,3437.9737808687732,1.0,0.0,0.0,11.136460964840627,0.0,131.2241535131722,8847.63018035549,9.555652633508954,9.85894800101479,50.0,11.802354286447036,2302.786376953125,11.802354286447036,83.79671543377395,83.79671543377395,0.0,0.0,5.208333333333333,0.3663808780605136,429.7173714067458,161.98924870566307,232.36981964450933,150.0,1.0,1.9434062854322462,0.0,1986.597715201681,487.53329762800786,475.49007896836804,4178.994778111465,45.70389748642083,0.0,445.0285799683013,83.79671543377395,94.41883429157629,41.666666666666664,12.043218659639834,191700744.8961891,95824833.33333333,10.0,1.0,7.853981633974483,20.0,2.5,98.17477042468104,8847.63018035549,9.555652633508954,9.85894800101479,50.0,11.802354286447036,2302.786376953125,429.7173714067458,5.208333333333333,0.3663808780605136,161.98924870566307
885,0.936406,1.0,1,1860.2620201011453,0.0,487.53329762800786,9.555652633508954,76.44522106807163,86.00087370158059,1860.2620201011455,780.0221023607286,0.0,4178.994778111465,1.0,0.0,0.0,11.136460964840627,0.0,133.15784276717727,8847.63018035549,9.555652633508954,9.85894800101479,50.0,11.802354286447036,2302.786376953125,11.802354286447036,83.79671543377395,83.79671543377395,0.0,0.0,5.208333333333333,0.3663808780605136,429.7173714067458,161.98924870566307,232.36981964450933,150.0,1.0,1.9434062854322462,0.0,1986.597715201681,487.53329762800786,475.49007896836804,4178.994778111465,45.70389748642083,0.0,445.0285799683013,83.79671543377395,94.41883429157629,41.666666666666664,12.043218659639834,191700744.8961891,95824833.33333333,10.0,1.0,7.853981633974483,20.0,2.5,98.17477042468104,8847.63018035549,9.555652633508954,9.85894800101479,50.0,11.802354286447036,2302.786376953125,429.7173714067458,5.208333333333333,0.3663808780605136,161.98924870566307
886,0.941822,1.0,1,1871.0214333266777,0.0,487.53329762800786,9.555652633508954,76.44522106807163,86.00087370158059,1080.2399177404168,0.0,0.0,4178.994778111465,1.0,0.0,0.0,11.136460964840627,0.0,135.09153202118236,8847.63018035549,9.555652633508954,9.85894800101479,50.0,11.802354286447036,2302.786376953125,11.802354286447036,83.79671543377395,83.79671543377395,0.0,0.0,5.208333333333333,0.3663808780605136,429.7173714067458,161.98924870566307,232.36981964450933,150.0,1.0,1.9434062854322462,0.0,1986.597715201681,487.53329762800786,475.49007896836804,4178.994778111465,45.70389748642083,0.0,445.0285799683013,83.79671543377395,94.41883429157629,41.666666666666664,12.043218659639834,191700744.8961891,95824833.33333333,10.0,1.0,7.853981633974483,20.0,2.5,98.17477042468104,8847.63018035549,9.555652633508954,9.85894800101479,50.0,11.802354286447036,2302.786376953125,429.7173714067458,5.208333333333333,0.3663808780605136,161.98924870566307
887,0.944753,1.0,1,1876.8441512299337,0.0,487.53329762800786,9.555652633508954,76.44522106807163,86.00087370158059,1080.2399177404168,0.0,0.0,4178.994778111465,1.0,0.0,0.0,11.136460964840627,0.0,137.02522127518745,8847.63018035549,9.555652633508954,9.85894800101479,50.0,11.802354286447036,2302.786376953125,11.802354286447036,83.79671543377395,83.79671543377395,0.0,0.0,5.208333333333333,0.3663808780605136,429.7173714067458,161.98924870566307,232.36981964450933,150.0,1.0,1.9434062854322462,0.0,1986.597715201681,487.53329762800786,475.49007896836804,4178.994778111465,45.70389748642083,0.0,445.0285799683013,83.79671543377395,94.41883429157629,41.666666666666664,12.043218659639834,191700744.8961891,95824833.33333333,10.0,1.0,7.853981633974483,20.0,2.5,98.17477042468104,8847.63018035549,9.555652633508954,9.85894800101479,50.0,11.802354286447036,2302.786376953125,429.7173714067458,5.208333333333333,0.3663808780605136,161.98924870566307
