t,cf_wind,y_A_on,y_U_on,P_wind,P_grid,P_el,M_H2_prod,M_O2_prod,M_H2O_el,total_electric_load,ch_B,dis_B,I_B,hydrogen_charge_mode,ch_H,dis_H,I_H,I_C,I_NH3,Ft,Fh2,Fnh3,Fco2,F_NH3_A,F_H2O_A,F_NH3_strip,Q_S,Q_rec,Q_HU,P_HU_el,F_U,w_U,E_A,E_U,Ft_spill,Fco2_spill,ammonia_charge_mode,ch_NH3,dis_NH3,W_cap,E_cap,E_cap_incremental,B_cap,H_cap,C_cap,NH3_cap,HX_cap,K_nh3_plant_tpy,K_urea_plant_tpy,E_cap_included_in_nh3,nh3_plant_capex,urea_plant_capex,ammonia_reactor_length_m,ammonia_reactor_diameter_m,ammonia_reactor_volume_m3,urea_reactor_length_m,urea_reactor_diameter_m,urea_reactor_volume_m3,Ft_op,Fh2_op,Fnh3_op,Fco2_op,F_NH3_A_op,F_H2O_A_op,E_A_op,F_U_op,w_U_op,E_U_op
0,0.021468,-0.0,1,39.54172565426465,0.0,0.0,0.0,0.0,0.0,162.98924870566304,0.0,123.44752305139839,3149.9440611244345,-0.0,0.0,0.0,9.268757044833382,0.0,127.41249757144568,0.0,0.0,9.85894800101479,50.0,0.0,0.0,0.0,0.0,0.0,0.0,0.0,5.208333333333333,0.36638087806051356,0.0,161.98924870566304,9080.0,150.0,0.0,0.0,9.85894800101477,1841.891450263865,490.345720613441,477.9665523066951,3279.88882223117,18.492250295061705,0.0,486.8727964637168,86.13425307833785,97.05267952488772,41.666666666666664,12.379168306745884,191703555.20905304,95824833.33333333,10.0,1.0,7.853981633974483,20.0,2.5,98.17477042468104,8782.26155787864,9.610776124023444,9.85894800101479,50.0,12.131584940610965,2302.786376953125,426.2167428145716,5.208333333333333,0.36638087806051356,161.98924870566304
1,0.016452,-0.0,1,30.30279813974111,0.0,0.0,0.0,0.0,0.0,162.98924870566304,0.0,132.68645056592194,3010.274113160306,-0.0,0.0,0.0,9.268757044833382,0.0,117.5040071181645,0.0,0.0,9.85894800101479,50.0,0.0,0.0,0.0,0.0,0.0,0.0,0.0,5.208333333333333,0.36638087806051356,0.0,161.98924870566304,9080.0,150.0,0.0,0.0,9.85894800101477,1841.891450263865,490.345720613441,477.9665523066951,3279.88882223117,18.492250295061705,0.0,486.8727964637168,86.13425307833785,97.05267952488772,41.666666666666664,12.379168306745884,191703555.20905304,95824833.33333333,10.0,1.0,7.853981633974483,20.0,2.5,98.17477042468104,8782.26155787864,9.610776124023444,9.85894800101479,50.0,12.131584940610965,2302.786376953125,426.2167428145716,5.208333333333333,0.36638087806051356,161.98924870566304
2,0.013938,1.0,1,25.672283033777752,0.0,490.345720613441,9.610776124023444,76.88620899218755,86.496985116211,1079.5517121336757,0.0,1053.879429099898,1900.9273456867295,-0.0,0.0,0.0,9.268757044833382,0.0,119.7652808730627,8782.26155787864,9.610776124023444,9.85894800101479,50.0,12.131584940610965,2302.786376953125,12.131584940610965,86.13425307833785,86.13425307833785,0.0,0.0,5.208333333333333,0.36638087806051356,426.2167428145716,161.98924870566304,297.7384421213592,150.0,1.0,2.2726369395961754,0.0,1841.891450263865,490.345720613441,477.9665523066951,3279.88882223117,18.492250295061705,0.0,486.8727964637168,86.13425307833785,97.05267952488772,41.666666666666664,12.379168306745884,191703555.20905304,95824833.33333333,10.0,1.0,7.853981633974483,20.0,2.5,98.17477042468104,8782.26155787864,9.610776124023444,9.85894800101479,50.0,12.131584940610965,2302.786376953125,426.2167428145716,5.208333333333333,0.36638087806051356,161.98924870566304
3,0.015609,-0.0,1,28.75008364716867,0.0,0.0,0.0,0.0,0.0,162.98924870566304,0.0,134.23916505849436,1759.6229614146303,-0.0,0.0,0.0,9.268757044833382,0.0,109.8567904197815,0.0,0.0,9.85894800101479,50.0,0.0,0.0,0.0,0.0,0.0,0.0,0.0,5.208333333333333,0.36638087806051356,0.0,161.98924870566304,9080.0,150.0,0.0,0.0,9.858948001014781,1841.891450263865,490.345720613441,477.9665523066951,3279.88882223117,18.492250295061705,0.0,486.8727964637168,86.13425307833785,97.05267952488772,41.666666666666664,12.379168306745884,191703555.20905304,95824833.33333333,10.0,1.0,7.853981633974483,20.0,2.5,98.17477042468104,8782.26155787864,9.610776124023444,9.85894800101479,50.0,12.131584940610965,2302.786376953125,426.2167428145716,5.208333333333333,0.36638087806051356,161.98924870566304
4,0.020609,-0.0,1,37.959540898487994,0.0,0.0,0.0,0.0,0.0,162.98924870566304,0.0,125.02970780717504,1628.0127426702354,-0.0,0.0,0.0,9.268757044833382,0.0,99.94829996650034,0.0,0.0,9.85894800101479,50.0,0.0,0.0,0.0,0.0,0.0,0.0,0.0,5.208333333333333,0.36638087806051356,0.0,161.98924870566304,9080.0,150.0,0.0,0.0,9.85894800101477,1841.891450263865,490.345720613441,477.9665523066951,3279.88882223117,18.492250295061705,0.0,486.8727964637168,86.13425307833785,97.05267952488772,41.666666666666664,12.379168306745884,191703555.20905304,95824833.33333333,10.0,1.0,7.853981633974483,20.0,2.5,98.17477042468104,8782.26155787864,9.610776124023444,9.85894800101479,50.0,12.131584940610965,2302.786376953125,426.2167428145716,5.208333333333333,0.36638087806051356,161.98924870566304
5,0.03494,-0.0,1,64.35568727221944,0.0,0.0,0.0,0.0,0.0,162.98924870566304,0.0,98.6335614334436,1524.1879411613475,-0.0,0.0,0.0,9.268757044833382,0.0,90.03980951321915,0.0,0.0,9.85894800101479,50.0,0.0,0.0,0.0,0.0,0.0,0.0,0.0,5.208333333333333,0.36638087806051356,0.0,161.98924870566304,9080.0,150.0,0.0,0.0,9.858948001014781,1841.891450263865,490.345720613441,477.9665523066951,3279.88882223117,18.492250295061705,0.0,486.8727964637168,86.13425307833785,97.05267952488772,41.666666666666664,12.379168306745884,191703555.20905304,95824833.33333333,10.0,1.0,7.853981633974483,20.0,2.5,98.17477042468104,8782.26155787864,9.610776124023444,9.85894800101479,50.0,12.131584940610965,2302.786376953125,426.2167428145716,5.208333333333333,0.36638087806051356,161.98924870566304
6,0.069596,-0.0,1,128.18827737256396,0.0,0.0,0.0,0.0,0.0,162.98924870566304,0.0,34.800971333099085,1487.5553397580852,-0.0,0.0,0.0,9.268757044833382,0.0,80.13131905993797,0.0,0.0,9.85894800101479,50.0,0.0,0.0,0.0,0.0,0.0,0.0,0.0,5.208333333333333,0.36638087806051356,0.0,161.98924870566304,9080.0,150.0,0.0,0.0,9.858948001014781,1841.891450263865,490.345720613441,477.9665523066951,3279.88882223117,18.492250295061705,0.0,486.8727964637168,86.13425307833785,97.05267952488772,41.666666666666664,12.379168306745884,191703555.20905304,95824833.33333333,10.0,1.0,7.853981633974483,20.0,2.5,98.17477042468104,8782.26155787864,9.610776124023444,9.85894800101479,50.0,12.131584940610965,2302.786376953125,426.2167428145716,5.208333333333333,0.36638087806051356,161.98924870566304
7,0.111914,-0.0,1,206.13343976483017,0.0,41.516735045387925,0.8137280068896033,6.509824055116827,7.32355206200643,206.13343976483017,0.0,0.0,1487.5553397580852,1.0,0.8137280068896032,0.0,10.066210491585194,0.0,70.22282860665678,0.0,0.0,9.85894800101479,50.0,0.0,0.0,0.0,0.0,0.0,0.0,0.0,5.208333333333333,0.36638087806051356,0.0,161.98924870566304,9080.0,150.0,-0.0,0.0,9.85894800101479,1841.891450263865,490.345720613441,477.9665523066951,3279.88882223117,18.492250295061705,0.0,486.8727964637168,86.13425307833785,97.05267952488772,41.666666666666664,12.379168306745884,191703555.20905304,95824833.33333333,10.0,1.0,7.853981633974483,20.0,2.5,98.17477042468104,8782.26155787864,9.610776124023444,9.85894800101479,50.0,12.131584940610965,2302.786376953125,426.2167428145716,5.208333333333333,0.36638087806051356,161.98924870566304
8,0.167074,-0.0,1,307.732172161385,0.0,139.2830287295246,2.729947363098682,21.839578904789455,24.569526267888136,307.73217216138505,0.0,0.0,1487.5553397580852,1.0,2.729947363098682,0.0,12.741558907421902,0.0,60.31433815337558,0.0,0.0,9.85894800101479,50.0,0.0,0.0,0.0,0.0,0.0,0.0,0.0,5.208333333333333,0.36638087806051356,0.0,161.98924870566304,9080.0,150.0,-0.0,0.0,9.85894800101479,1841.891450263865,490.345720613441,477.9665523066951,3279.88882223117,18.492250295061705,0.0,486.8727964637168,86.13425307833785,97.05267952488772,41.666666666666664,12.379168306745884,191703555.20905304,95824833.33333333,10.0,1.0,7.853981633974483,20.0,2.5,98.17477042468104,8782.26155787864,9.610776124023444,9.85894800101479,50.0,12.131584940610965,2302.786376953125,426.2167428145716,5.208333333333333,0.36638087806051356,161.98924870566304
9,0.217229,1.0,1,400.11223784936914,0.0,0.0,0.0,0.0,0.0,590.167069132637,0.0,190.05483128326745,1287.4976226178037,-0.0,0.0,9.610776124023444,2.934644495153082,0.0,62.57561190827377,8782.26155787864,9.610776124023444,9.85894800101479,50.0,12.131584940610965,2302.786376953125,12.131584940610965,86.13425307833785,86.13425307833785,0.0,0.0,5.208333333333333,0.36638087806051356,426.2167428145716,161.98924870566304,297.7384421213592,150.0,1.0,2.2726369395961754,0.0,1841.891450263865,490.345720613441,477.9665523066951,3279.88882223117,18.492250295061705,0.0,486.8727964637168,86.13425307833785,97.05267952488772,41.666666666666664,12.379168306745884,191703555.20905304,95824833.33333333,10.0,1.0,7.853981633974483,20.0,2.5,98.17477042468104,8782.26155787864,9.610776124023444,9.85894800101479,50.0,12.131584940610965,2302.786376953125,426.2167428145716,5.208333333333333,0.36638087806051356,161.98924870566304
10,0.253232,-0.0,1,466.42585573321907,0.0,291.99057643144346,5.723015298056292,45.784122384450335,51.507137682506624,466.42585573321907,0.0,0.0,1287.4976226178037,1.0,5.723015298056291,0.0,8.543199487248247,0.0,52.667121454992575,0.0,0.0,9.85894800101479,50.0,0.0,0.0,0.0,0.0,0.0,0.0,0.0,5.208333333333333,0.36638087806051356,0.0,161.98924870566304,9080.0,150.0,-0.0,0.0,9.85894800101479,1841.891450263865,490.345720613441,477.9665523066951,3279.88882223117,18.492250295061705,0.0,486.8727964637168,86.13425307833785,97.05267952488772,41.666666666666664,12.379168306745884,191703555.20905304,95824833.33333333,10.0,1.0,7.853981633974483,20.0,2.5,98.17477042468104,8782.26155787864,9.610776124023444,9.85894800101479,50.0,12.131584940610965,2302.786376953125,426.2167428145716,5.208333333333333,0.36638087806051356,161.98924870566304
11,0.260111,-0.0,1,479.09622701958415,0.0,304.1830045361057,5.961986888907672,47.69589511126138,53.65788200016905,479.0962270195841,0.0,0.0,1287.4976226178037,1.0,5.961986888907672,0.0,14.385946638377765,0.0,42.75863100171138,0.0,0.0,9.85894800101479,50.0,0.0,0.0,0.0,0.0,0.0,0.0,0.0,5.208333333333333,0.36638087806051356,0.0,161.98924870566304,9080.0,150.0,-0.0,0.0,9.85894800101479,1841.891450263865,490.345720613441,477.9665523066951,3279.88882223117,18.492250295061705,0.0,486.8727964637168,86.13425307833785,97.05267952488772,41.666666666666664,12.379168306745884,191703555.20905304,95824833.33333333,10.0,1.0,7.853981633974483,20.0,2.5,98.17477042468104,8782.26155787864,9.610776124023444,9.85894800101479,50.0,12.131584940610965,2302.786376953125,426.2167428145716,5.208333333333333,0.36638087806051356,161.98924870566304
12,0.2885419999999999,1.0,1,531.463042842036,0.0,0.0,0.0,0.0,0.0,590.167069132637,0.0,58.70402629060117,1225.7039107329604,-0.0,0.0,9.610776124023444,4.579032226108945,0.0,45.01990475660958,8782.26155787864,9.610776124023444,9.85894800101479,50.0,12.131584940610965,2302.786376953125,12.131584940610965,86.13425307833785,86.13425307833785,0.0,0.0,5.208333333333333,0.36638087806051356,426.2167428145716,161.98924870566304,297.7384421213592,150.0,1.0,2.2726369395961754,0.0,1841.891450263865,490.345720613441,477.9665523066951,3279.88882223117,18.492250295061705,0.0,486.8727964637168,86.13425307833785,97.05267952488772,41.666666666666664,12.379168306745884,191703555.20905304,95824833.33333333,10.0,1.0,7.853981633974483,20.0,2.5,98.17477042468104,8782.26155787864,9.610776124023444,9.85894800101479,50.0,12.131584940610965,2302.786376953125,426.2167428145716,5.208333333333333,0.36638087806051356,161.98924870566304
13,0.288552,-0.0,1,531.4814617565387,0.0,354.592198855731,6.950007097572327,55.60005678057862,62.550063878150944,531.4814617565387,0.0,0.0,1225.7039107329604,1.0,6.950007097572327,0.0,11.390039181729826,0.0,35.11141430332838,0.0,0.0,9.85894800101479,50.0,0.0,0.0,0.0,0.0,0.0,0.0,0.0,5.208333333333333,0.36638087806051356,0.0,161.98924870566304,9080.0,150.0,-0.0,0.0,9.85894800101479,1841.891450263865,490.345720613441,477.9665523066951,3279.88882223117,18.492250295061705,0.0,486.8727964637168,86.13425307833785,97.05267952488772,41.666666666666664,12.379168306745884,191703555.20905304,95824833.33333333,10.0,1.0,7.853981633974483,20.0,2.5,98.17477042468104,8782.26155787864,9.610776124023444,9.85894800101479,50.0,12.131584940610965,2302.786376953125,426.2167428145716,5.208333333333333,0.36638087806051356,161.98924870566304
14,0.2969859999999999,-0.0,1,547.015974248064,0.0,369.54072896689854,7.242998287751211,57.94398630200969,65.1869845897609,547.015974248064,0.0,0.0,1225.7039107329604,1.0,7.242998287751211,0.0,18.488177503726014,0.0,25.202923850047195,0.0,0.0,9.85894800101479,50.0,0.0,0.0,0.0,0.0,0.0,0.0,0.0,5.208333333333333,0.36638087806051356,0.0,161.98924870566304,9080.0,150.0,-0.0,0.0,9.85894800101479,1841.891450263865,490.345720613441,477.9665523066951,3279.88882223117,18.492250295061705,0.0,486.8727964637168,86.13425307833785,97.05267952488772,41.666666666666664,12.379168306745884,191703555.20905304,95824833.33333333,10.0,1.0,7.853981633974483,20.0,2.5,98.17477042468104,8782.26155787864,9.610776124023444,9.85894800101479,50.0,12.131584940610965,2302.786376953125,426.2167428145716,5.208333333333333,0.36638087806051356,161.98924870566304
15,0.281607,1.0,1,518.6895256344562,0.0,217.19265453991514,4.256976028982336,34.05580823185869,38.31278426084103,806.9340260696539,0.0,288.2445004351973,922.2886471169633,-0.0,0.0,5.353800095041107,13.025116182255495,0.0,27.46419760494539,8782.26155787864,9.610776124023444,9.85894800101479,50.0,12.131584940610965,2302.786376953125,12.131584940610965,86.13425307833785,86.13425307833785,0.0,0.0,5.208333333333333,0.36638087806051356,426.2167428145716,161.98924870566304,297.7384421213592,150.0,1.0,2.2726369395961754,0.0,1841.891450263865,490.345720613441,477.9665523066951,3279.88882223117,18.492250295061705,0.0,486.8727964637168,86.13425307833785,97.05267952488772,41.666666666666664,12.379168306745884,191703555.20905304,95824833.33333333,10.0,1.0,7.853981633974483,20.0,2.5,98.17477042468104,8782.26155787864,9.610776124023444,9.85894800101479,50.0,12.131584940610965,2302.786376953125,426.2167428145716,5.208333333333333,0.36638087806051356,161.98924870566304
16,0.249078,-0.0,1,458.77463864882293,0.0,284.6279733864125,5.578708278373686,44.629666226989485,50.20837450536317,458.77463864882293,0.0,0.0,922.2886471169633,1.0,5.578708278373685,0.0,18.492250295061705,0.0,17.555707151664194,0.0,0.0,9.85894800101479,50.0,0.0,0.0,0.0,0.0,0.0,0.0,0.0,5.208333333333333,0.36638087806051356,0.0,161.98924870566304,9080.0,150.0,-0.0,0.0,9.85894800101479,1841.891450263865,490.345720613441,477.9665523066951,3279.88882223117,18.492250295061705,0.0,486.8727964637168,86.13425307833785,97.05267952488772,41.666666666666664,12.379168306745884,191703555.20905304,95824833.33333333,10.0,1.0,7.853981633974483,20.0,2.5,98.17477042468104,8782.26155787864,9.610776124023444,9.85894800101479,50.0,12.131584940610965,2302.786376953125,426.2167428145716,5.208333333333333,0.36638087806051356,161.98924870566304
17,0.215077,1.0,1,396.1484874484013,0.0,59.582791212040036,1.1678227077559846,9.342581662047877,10.510404369803862,649.6330780739015,0.0,253.48459062550248,655.4627622480133,0.0,0.0,8.442953416267459,9.876991707033685,0.0,19.81698090656239,8782.26155787864,9.610776124023444,9.85894800101479,50.0,12.131584940610965,2302.786376953125,12.131584940610965,86.13425307833785,86.13425307833785,0.0,0.0,5.208333333333333,0.36638087806051356,426.2167428145716,161.98924870566304,297.7384421213592,150.0,1.0,2.2726369395961754,0.0,1841.891450263865,490.345720613441,477.9665523066951,3279.88882223117,18.492250295061705,0.0,486.8727964637168,86.13425307833785,97.05267952488772,41.666666666666664,12.379168306745884,191703555.20905304,95824833.33333333,10.0,1.0,7.853981633974483,20.0,2.5,98.17477042468104,8782.26155787864,9.610776124023444,9.85894800101479,50.0,12.131584940610965,2302.786376953125,426.2167428145716,5.208333333333333,0.36638087806051356,161.98924870566304
18,0.202299,-0.0,1,372.61279849692966,0.0,201.71627193154987,3.953638929858377,31.629111438867017,35.58275036872539,372.61279849692966,0.0,0.0,655.4627622480133,1.0,3.953638929858377,0.0,13.751557858294895,0.0,9.908490453281194,0.0,0.0,9.85894800101479,50.0,0.0,0.0,0.0,0.0,0.0,0.0,0.0,5.208333333333333,0.36638087806051356,0.0,161.98924870566304,9080.0,150.0,-0.0,0.0,9.85894800101479,1841.891450263865,490.345720613441,477.9665523066951,3279.88882223117,18.492250295061705,0.0,486.8727964637168,86.13425307833785,97.05267952488772,41.666666666666664,12.379168306745884,191703555.20905304,95824833.33333333,10.0,1.0,7.853981633974483,20.0,2.5,98.17477042468104,8782.26155787864,9.610776124023444,9.85894800101479,50.0,12.131584940610965,2302.786376953125,426.2167428145716,5.208333333333333,0.36638087806051356,161.98924870566304
19,0.22774,-0.0,1,419.4723588830926,0.0,246.80822765341566,4.837441262006947,38.699530096055575,43.53697135806252,419.47235888309257,0.0,0.0,655.4627622480133,1.0,4.837441262006947,0.0,18.492250295061705,0.0,0.0,0.0,0.0,9.85894800101479,50.0,0.0,0.0,0.0,0.0,0.0,0.0,0.0,5.208333333333333,0.36638087806051356,0.0,161.98924870566304,9080.0,150.0,-0.0,0.0,9.85894800101479,1841.891450263865,490.345720613441,477.9665523066951,3279.88882223117,18.492250295061705,0.0,486.8727964637168,86.13425307833785,97.05267952488772,41.666666666666664,12.379168306745884,191703555.20905304,95824833.33333333,10.0,1.0,7.853981633974483,20.0,2.5,98.17477042468104,8782.26155787864,9.610776124023444,9.85894800101479,50.0,12.131584940610965,2302.786376953125,426.2167428145716,5.208333333333333,0.36638087806051356,161.98924870566304
20,0.307679,1.0,1,566.7113195257357,0.0,490.345720613441,9.610776124023444,76.88620899218755,86.496985116211,1079.5517121336757,0.0,512.84039260794,115.63077002912917,-0.0,0.0,0.0,18.492250295061705,0.0,2.2612737548981947,8782.26155787864,9.610776124023444,9.85894800101479,50.0,12.131584940610965,2302.786376953125,12.131584940610965,86.13425307833785,86.13425307833785,0.0,0.0,5.208333333333333,0.36638087806051356,426.2167428145716,161.98924870566304,297.7384421213592,150.0,1.0,2.2726369395961754,0.0,1841.891450263865,490.345720613441,477.9665523066951,3279.88882223117,18.492250295061705,0.0,486.8727964637168,86.13425307833785,97.05267952488772,41.666666666666664,12.379168306745884,191703555.20905304,95824833.33333333,10.0,1.0,7.853981633974483,20.0,2.5,98.17477042468104,8782.26155787864,9.610776124023444,9.85894800101479,50.0,12.131584940610965,2302.786376953125,426.2167428145716,5.208333333333333,0.36638087806051356,161.98924870566304
21,0.4305659999999999,1.0,1,793.055834174311,0.0,266.87969794871015,5.230842079794718,41.84673663835775,47.077578718152466,856.5236828733676,0.0,63.46784869905662,48.82250824064852,-0.0,0.0,4.379934044228725,14.022929841767088,0.0,4.522547509796389,8782.26155787864,9.610776124023444,9.85894800101479,50.0,12.131584940610965,2302.786376953125,12.131584940610965,86.13425307833785,86.13425307833785,0.0,0.0,5.208333333333333,0.36638087806051356,426.2167428145716,161.98924870566304,297.7384421213592,150.0,1.0,2.2726369395961754,0.0,1841.891450263865,490.345720613441,477.9665523066951,3279.88882223117,18.492250295061705,0.0,486.8727964637168,86.13425307833785,97.05267952488772,41.666666666666664,12.379168306745884,191703555.20905304,95824833.33333333,10.0,1.0,7.853981633974483,20.0,2.5,98.17477042468104,8782.26155787864,9.610776124023444,9.85894800101479,50.0,12.131584940610965,2302.786376953125,426.2167428145716,5.208333333333333,0.36638087806051356,161.98924870566304
22,0.560929,1.0,1,1033.1703293050596,0.0,490.345720613441,9.610776124023444,76.88620899218755,86.496985116211,1079.5517121336757,0.0,46.3813828286161,0.0,-0.0,0.0,0.0,14.022929841767088,0.0,6.783821264694581,8782.26155787864,9.610776124023444,9.85894800101479,50.0,12.131584940610965,2302.786376953125,12.131584940610965,86.13425307833785,86.13425307833785,0.0,0.0,5.208333333333333,0.36638087806051356,426.2167428145716,161.98924870566304,297.7384421213592,150.0,1.0,2.2726369395961754,0.0,1841.891450263865,490.345720613441,477.9665523066951,3279.88882223117,18.492250295061705,0.0,486.8727964637168,86.13425307833785,97.05267952488772,41.666666666666664,12.379168306745884,191703555.20905304,95824833.33333333,10.0,1.0,7.853981633974483,20.0,2.5,98.17477042468104,8782.26155787864,9.610776124023444,9.85894800101479,50.0,12.131584940610965,2302.786376953125,426.2167428145716,5.208333333333333,0.36638087806051356,161.98924870566304
23,0.688258,1.0,1,1267.6965257757072,0.0,490.345720613441,9.610776124023444,76.88620899218755,86.496985116211,1267.6965257757074,188.14481364203164,0.0,178.73757295993005,1.0,0.0,0.0,14.022929841767088,0.0,9.045095019592775,8782.26155787864,9.610776124023444,9.85894800101479,50.0,12.131584940610965,2302.786376953125,12.131584940610965,86.13425307833785,86.13425307833785,0.0,0.0,5.208333333333333,0.36638087806051356,426.2167428145716,161.98924870566304,297.7384421213592,150.0,1.0,2.2726369395961754,0.0,1841.891450263865,490.345720613441,477.9665523066951,3279.88882223117,18.492250295061705,0.0,486.8727964637168,86.13425307833785,97.05267952488772,41.666666666666664,12.379168306745884,191703555.20905304,95824833.33333333,10.0,1.0,7.853981633974483,20.0,2.5,98.17477042468104,8782.26155787864,9.610776124023444,9.85894800101479,50.0,12.131584940610965,2302.786376953125,426.2167428145716,5.208333333333333,0.36638087806051356,161.98924870566304
24,0.644692,1.0,1,1187.4526828535118,0.0,490.345720613441,9.610776124023444,76.88620899218755,86.496985116211,1187.4526828535118,107.90097071983598,0.0,281.2434951437742,1.0,0.0,0.0,14.022929841767088,0.0,11.30636877449097,8782.26155787864,9.610776124023444,9.85894800101479,50.0,12.131584940610965,2302.786376953125,12.131584940610965,86.13425307833785,86.13425307833785,0.0,0.0,5.208333333333333,0.36638087806051356,426.2167428145716,161.98924870566304,297.7384421213592,150.0,1.0,2.2726369395961754,0.0,1841.891450263865,490.345720613441,477.9665523066951,3279.88882223117,18.492250295061705,0.0,486.8727964637168,86.13425307833785,97.05267952488772,41.666666666666664,12.379168306745884,191703555.20905304,95824833.33333333,10.0,1.0,7.853981633974483,20.0,2.5,98.17477042468104,8782.26155787864,9.610776124023444,9.85894800101479,50.0,12.131584940610965,2302.786376953125,426.2167428145716,5.208333333333333,0.36638087806051356,161.98924870566304
25,0.6825869999999999,1.0,1,1257.2511593612608,0.0,490.345720613441,9.610776124023444,76.88620899218755,86.496985116211,1257.2511593612608,91.56519414924713,0.0,368.230429585559,1.0,0.0,0.0,14.022929841767088,0.0,13.567642529389165,8782.26155787864,9.610776124023444,9.85894800101479,50.0,12.131584940610965,2302.786376953125,12.131584940610965,86.13425307833785,0.0,86.13425307833785,86.13425307833785,5.208333333333333,0.36638087806051356,426.2167428145716,161.98924870566304,297.7384421213592,150.0,1.0,2.2726369395961754,0.0,1841.891450263865,490.345720613441,477.9665523066951,3279.88882223117,18.492250295061705,0.0,486.8727964637168,86.13425307833785,97.05267952488772,41.666666666666664,12.379168306745884,191703555.20905304,95824833.33333333,10.0,1.0,7.853981633974483,20.0,2.5,98.17477042468104,8782.26155787864,9.610776124023444,9.85894800101479,50.0,12.131584940610965,2302.786376953125,426.2167428145716,5.208333333333333,0.36638087806051356,161.98924870566304
26,0.696116,1.0,1,1282.1701087918805,0.0,490.345720613441,9.610776124023444,76.88620899218755,86.496985116211,1282.1701087918805,116.48414357986684,0.0,478.8903659864325,1.0,0.0,0.0,14.022929841767088,0.0,15.828916284287367,8782.26155787864,9.610776124023444,9.85894800101479,50.0,12.131584940610965,2302.786376953125,12.131584940610965,86.13425307833785,0.0,86.13425307833785,86.13425307833785,5.208333333333333,0.36638087806051356,426.2167428145716,161.98924870566304,297.7384421213592,150.0,1.0,2.2726369395961754,0.0,1841.891450263865,490.345720613441,477.9665523066951,3279.88882223117,18.492250295061705,0.0,486.8727964637168,86.13425307833785,97.05267952488772,41.666666666666664,12.379168306745884,191703555.20905304,95824833.33333333,10.0,1.0,7.853981633974483,20.0,2.5,98.17477042468104,8782.26155787864,9.610776124023444,9.85894800101479,50.0,12.131584940610965,2302.786376953125,426.2167428145716,5.208333333333333,0.36638087806051356,161.98924870566304
27,0.681432,1.0,1,1255.123774736206,0.0,490.345720613441,9.610776124023444,76.88620899218755,86.496985116211,1255.123774736206,175.5720626025303,0.0,645.6838254588363,1.0,0.0,0.0,14.022929841767088,0.0,18.09019003918556,8782.26155787864,9.610776124023444,9.85894800101479,50.0,12.131584940610965,2302.786376953125,12.131584940610965,86.13425307833785,86.13425307833785,0.0,0.0,5.208333333333333,0.36638087806051356,426.2167428145716,161.98924870566304,297.7384421213592,150.0,1.0,2.2726369395961754,0.0,1841.891450263865,490.345720613441,477.9665523066951,3279.88882223117,18.492250295061705,0.0,486.8727964637168,86.13425307833785,97.05267952488772,41.666666666666664,12.379168306745884,191703555.20905304,95824833.33333333,10.0,1.0,7.853981633974483,20.0,2.5,98.17477042468104,8782.26155787864,9.610776124023444,9.85894800101479,50.0,12.131584940610965,2302.786376953125,426.2167428145716,5.208333333333333,0.36638087806051356,161.98924870566304
28,0.636729,1.0,1,1172.7857012350605,0.0,490.345720613441,9.610776124023444,76.88620899218755,86.496985116211,1172.7857012350605,93.23398910138485,0.0,734.2561151051519,1.0,0.0,0.0,14.022929841767088,0.0,20.351463794083756,8782.26155787864,9.610776124023444,9.85894800101479,50.0,12.131584940610965,2302.786376953125,12.131584940610965,86.13425307833785,86.13425307833785,0.0,0.0,5.208333333333333,0.36638087806051356,426.2167428145716,161.98924870566304,297.7384421213592,150.0,1.0,2.2726369395961754,0.0,1841.891450263865,490.345720613441,477.9665523066951,3279.88882223117,18.492250295061705,0.0,486.8727964637168,86.13425307833785,97.05267952488772,41.666666666666664,12.379168306745884,191703555.20905304,95824833.33333333,10.0,1.0,7.853981633974483,20.0,2.5,98.17477042468104,8782.26155787864,9.610776124023444,9.85894800101479,50.0,12.131584940610965,2302.786376953125,426.2167428145716,5.208333333333333,0.36638087806051356,161.98924870566304
29,0.590928,1.0,1,1088.425230921525,0.0,490.345720613441,9.610776124023444,76.88620899218755,86.496985116211,1079.5517121336757,0.0,0.0,734.2561151051519,1.0,0.0,0.0,14.022929841767088,0.0,22.61273754898195,8782.26155787864,9.610776124023444,9.85894800101479,50.0,12.131584940610965,2302.786376953125,12.131584940610965,86.13425307833785,86.13425307833785,0.0,0.0,5.208333333333333,0.36638087806051356,426.2167428145716,161.98924870566304,297.7384421213592,150.0,1.0,2.2726369395961754,0.0,1841.891450263865,490.345720613441,477.9665523066951,3279.88882223117,18.492250295061705,0.0,486.8727964637168,86.13425307833785,97.05267952488772,41.666666666666664,12.379168306745884,191703555.20905304,95824833.33333333,10.0,1.0,7.853981633974483,20.0,2.5,98.17477042468104,8782.26155787864,9.610776124023444,9.85894800101479,50.0,12.131584940610965,2302.786376953125,426.2167428145716,5.208333333333333,0.36638087806051356,161.98924870566304
30,0.578739,1.0,1,1065.9744160342589,0.0,490.345720613441,9.610776124023444,76.88620899218755,86.496985116211,1079.5517121336757,0.0,41.010810921976415,691.0868404504399,1.0,0.0,0.0,14.022929841767088,0.0,24.874011303880145,8782.26155787864,9.610776124023444,9.85894800101479,50.0,12.131584940610965,2302.786376953125,12.131584940610965,86.13425307833785,86.13425307833785,0.0,0.0,5.208333333333333,0.36638087806051356,426.2167428145716,161.98924870566304,297.7384421213592,150.0,1.0,2.2726369395961754,0.0,1841.891450263865,490.345720613441,477.9665523066951,3279.88882223117,18.492250295061705,0.0,486.8727964637168,86.13425307833785,97.05267952488772,41.666666666666664,12.379168306745884,191703555.20905304,95824833.33333333,10.0,1.0,7.853981633974483,20.0,2.5,98.17477042468104,8782.26155787864,9.610776124023444,9.85894800101479,50.0,12.131584940610965,2302.786376953125,426.2167428145716,5.208333333333333,0.36638087806051356,161.98924870566304
31,0.5964940000000001,1.0,1,1098.677198733694,0.0,490.345720613441,9.610776124023444,76.88620899218755,86.496985116211,1098.677198733694,19.12548660001835,0.0,709.2560527204573,1.0,0.0,0.0,14.022929841767088,0.0,27.13528505877834,8782.26155787864,9.610776124023444,9.85894800101479,50.0,12.131584940610965,2302.786376953125,12.131584940610965,86.13425307833785,86.13425307833785,0.0,0.0,5.208333333333333,0.36638087806051356,426.2167428145716,161.98924870566304,297.7384421213592,150.0,1.0,2.2726369395961754,0.0,1841.891450263865,490.345720613441,477.9665523066951,3279.88882223117,18.492250295061705,0.0,486.8727964637168,86.13425307833785,97.05267952488772,41.666666666666664,12.379168306745884,191703555.20905304,95824833.33333333,10.0,1.0,7.853981633974483,20.0,2.5,98.17477042468104,8782.26155787864,9.610776124023444,9.85894800101479,50.0,12.131584940610965,2302.786376953125,426.2167428145716,5.208333333333333,0.36638087806051356,161.98924870566304
32,0.590373,1.0,1,1087.4029811666287,0.0,490.345720613441,9.610776124023444,76.88620899218755,86.496985116211,1079.5517121336757,0.0,0.0,709.2560527204574,1.0,0.0,0.0,14.022929841767088,0.0,29.396558813676535,8782.26155787864,9.610776124023444,9.85894800101479,50.0,12.131584940610965,2302.786376953125,12.131584940610965,86.13425307833785,86.13425307833785,0.0,0.0,5.208333333333333,0.36638087806051356,426.2167428145716,161.98924870566304,297.7384421213592,150.0,1.0,2.2726369395961754,0.0,1841.891450263865,490.345720613441,477.9665523066951,3279.88882223117,18.492250295061705,0.0,486.8727964637168,86.13425307833785,97.05267952488772,41.666666666666664,12.379168306745884,191703555.20905304,95824833.33333333,10.0,1.0,7.853981633974483,20.0,2.5,98.17477042468104,8782.26155787864,9.610776124023444,9.85894800101479,50.0,12.131584940610965,2302.786376953125,426.2167428145716,5.208333333333333,0.36638087806051356,161.98924870566304
33,0.547881,1.0,1,1009.1373296620166,0.0,490.345720613441,9.610776124023444,76.88620899218755,86.496985116211,1079.5517121336757,0.0,70.41438247165911,635.135650118711,-0.0,0.0,0.0,14.022929841767088,0.0,31.65783256857473,8782.26155787864,9.610776124023444,9.85894800101479,50.0,12.131584940610965,2302.786376953125,12.131584940610965,86.13425307833785,86.13425307833785,0.0,0.0,5.208333333333333,0.36638087806051356,426.2167428145716,161.98924870566304,297.7384421213592,150.0,1.0,2.2726369395961754,0.0,1841.891450263865,490.345720613441,477.9665523066951,3279.88882223117,18.492250295061705,0.0,486.8727964637168,86.13425307833785,97.05267952488772,41.666666666666664,12.379168306745884,191703555.20905304,95824833.33333333,10.0,1.0,7.853981633974483,20.0,2.5,98.17477042468104,8782.26155787864,9.610776124023444,9.85894800101479,50.0,12.131584940610965,2302.786376953125,426.2167428145716,5.208333333333333,0.36638087806051356,161.98924870566304
34,0.499267,1.0,1,919.5956186988891,0.0,490.345720613441,9.610776124023444,76.88620899218755,86.496985116211,1079.5517121336757,0.0,159.95609343478657,466.7608149241988,-0.0,0.0,0.0,14.022929841767088,0.0,33.919106323472874,8782.26155787864,9.610776124023444,9.85894800101479,50.0,12.131584940610965,2302.786376953125,12.131584940610965,86.13425307833785,86.13425307833785,0.0,0.0,5.208333333333333,0.36638087806051356,426.2167428145716,161.98924870566304,297.7384421213592,150.0,1.0,2.2726369395961754,0.0,1841.891450263865,490.345720613441,477.9665523066951,3279.88882223117,18.492250295061705,0.0,486.8727964637168,86.13425307833785,97.05267952488772,41.666666666666664,12.379168306745884,191703555.20905304,95824833.33333333,10.0,1.0,7.853981633974483,20.0,2.5,98.17477042468104,8782.26155787864,9.610776124023444,9.85894800101479,50.0,12.131584940610965,2302.786376953125,426.2167428145716,5.208333333333333,0.36638087806051356,161.98924870566304
35,0.4721789999999999,1.0,1,869.7024630941413,0.0,490.345720613441,9.610776124023444,76.88620899218755,86.496985116211,1079.5517121336757,0.0,209.84924903953436,245.86686856679424,-0.0,0.0,0.0,14.022929841767088,0.0,36.18038007837107,8782.26155787864,9.610776124023444,9.85894800101479,50.0,12.131584940610965,2302.786376953125,12.131584940610965,86.13425307833785,86.13425307833785,0.0,0.0,5.208333333333333,0.36638087806051356,426.2167428145716,161.98924870566304,297.7384421213592,150.0,1.0,2.2726369395961754,0.0,1841.891450263865,490.345720613441,477.9665523066951,3279.88882223117,18.492250295061705,0.0,486.8727964637168,86.13425307833785,97.05267952488772,41.666666666666664,12.379168306745884,191703555.20905304,95824833.33333333,10.0,1.0,7.853981633974483,20.0,2.5,98.17477042468104,8782.26155787864,9.610776124023444,9.85894800101479,50.0,12.131584940610965,2302.786376953125,426.2167428145716,5.208333333333333,0.36638087806051356,161.98924870566304
36,0.493828,1.0,1,909.5775711009039,0.0,490.345720613441,9.610776124023444,76.88620899218755,86.496985116211,1079.5517121336757,0.0,169.97414103277174,66.94672011124507,-0.0,0.0,0.0,14.022929841767088,0.0,38.44165383326927,8782.26155787864,9.610776124023444,9.85894800101479,50.0,12.131584940610965,2302.786376953125,12.131584940610965,86.13425307833785,86.13425307833785,0.0,0.0,5.208333333333333,0.36638087806051356,426.2167428145716,161.98924870566304,297.7384421213592,150.0,1.0,2.2726369395961754,0.0,1841.891450263865,490.345720613441,477.9665523066951,3279.88882223117,18.492250295061705,0.0,486.8727964637168,86.13425307833785,97.05267952488772,41.666666666666664,12.379168306745884,191703555.20905304,95824833.33333333,10.0,1.0,7.853981633974483,20.0,2.5,98.17477042468104,8782.26155787864,9.610776124023444,9.85894800101479,50.0,12.131584940610965,2302.786376953125,426.2167428145716,5.208333333333333,0.36638087806051356,161.98924870566304
37,0.551581,1.0,1,1015.9523280279928,0.0,490.345720613441,9.610776124023444,76.88620899218755,86.496985116211,1079.5517121336757,0.0,63.599384105682816,0.0,-0.0,0.0,0.0,14.022929841767088,0.0,40.70292758816747,8782.26155787864,9.610776124023444,9.85894800101479,50.0,12.131584940610965,2302.786376953125,12.131584940610965,86.13425307833785,86.13425307833785,0.0,0.0,5.208333333333333,0.36638087806051356,426.2167428145716,161.98924870566304,297.7384421213592,150.0,1.0,2.2726369395961754,0.0,1841.891450263865,490.345720613441,477.9665523066951,3279.88882223117,18.492250295061705,0.0,486.8727964637168,86.13425307833785,97.05267952488772,41.666666666666664,12.379168306745884,191703555.20905304,95824833.33333333,10.0,1.0,7.853981633974483,20.0,2.5,98.17477042468104,8782.26155787864,9.610776124023444,9.85894800101479,50.0,12.131584940610965,2302.786376953125,426.2167428145716,5.208333333333333,0.36638087806051356,161.98924870566304
38,0.6367910000000001,1.0,1,1172.899898504977,0.0,490.345720613441,9.610776124023444,76.88620899218755,86.496985116211,1079.5517121336757,0.0,0.0,0.0,1.0,0.0,0.0,14.022929841767088,0.0,42.96420134306561,8782.26155787864,9.610776124023444,9.85894800101479,50.0,12.131584940610965,2302.786376953125,12.131584940610965,86.13425307833785,86.13425307833785,0.0,0.0,5.208333333333333,0.36638087806051356,426.2167428145716,161.98924870566304,297.7384421213592,150.0,1.0,2.2726369395961754,0.0,1841.891450263865,490.345720613441,477.9665523066951,3279.88882223117,18.492250295061705,0.0,486.8727964637168,86.13425307833785,97.05267952488772,41.666666666666664,12.379168306745884,191703555.20905304,95824833.33333333,10.0,1.0,7.853981633974483,20.0,2.5,98.17477042468104,8782.26155787864,9.610776124023444,9.85894800101479,50.0,12.131584940610965,2302.786376953125,426.2167428145716,5.208333333333333,0.36638087806051356,161.98924870566304
39,0.738213,1.0,1,1359.7082131736386,0.0,490.345720613441,9.610776124023444,76.88620899218755,86.496985116211,1079.5517121336757,0.0,0.0,0.0,1.0,0.0,0.0,14.022929841767088,0.0,45.22547509796381,8782.26155787864,9.610776124023444,9.85894800101479,50.0,12.131584940610965,2302.786376953125,12.131584940610965,86.13425307833785,86.13425307833785,0.0,0.0,5.208333333333333,0.36638087806051356,426.2167428145716,161.98924870566304,297.7384421213592,150.0,1.0,2.2726369395961754,0.0,1841.891450263865,490.345720613441,477.9665523066951,3279.88882223117,18.492250295061705,0.0,486.8727964637168,86.13425307833785,97.05267952488772,41.666666666666664,12.379168306745884,191703555.20905304,95824833.33333333,10.0,1.0,7.853981633974483,20.0,2.5,98.17477042468104,8782.26155787864,9.610776124023444,9.85894800101479,50.0,12.131584940610965,2302.786376953125,426.2167428145716,5.208333333333333,0.36638087806051356,161.98924870566304
40,0.827915,1.0,1,1524.9295600452076,0.0,490.345720613441,9.610776124023444,76.88620899218755,86.496985116211,1079.5517121336757,0.0,0.0,0.0,1.0,0.0,0.0,14.022929841767088,0.0,47.48674885286201,8782.26155787864,9.610776124023444,9.85894800101479,50.0,12.131584940610965,2302.786376953125,12.131584940610965,86.13425307833785,86.13425307833785,0.0,0.0,5.208333333333333,0.36638087806051356,426.2167428145716,161.98924870566304,297.7384421213592,150.0,1.0,2.2726369395961754,0.0,1841.891450263865,490.345720613441,477.9665523066951,3279.88882223117,18.492250295061705,0.0,486.8727964637168,86.13425307833785,97.05267952488772,41.666666666666664,12.379168306745884,191703555.20905304,95824833.33333333,10.0,1.0,7.853981633974483,20.0,2.5,98.17477042468104,8782.26155787864,9.610776124023444,9.85894800101479,50.0,12.131584940610965,2302.786376953125,426.2167428145716,5.208333333333333,0.36638087806051356,161.98924870566304
41,0.888608,1.0,1,1636.7194778360724,0.0,490.345720613441,9.610776124023444,76.88620899218755,86.496985116211,1079.5517121336757,0.0,0.0,0.0,1.0,0.0,0.0,14.022929841767088,0.0,49.748022607760205,8782.26155787864,9.610776124023444,9.85894800101479,50.0,12.131584940610965,2302.786376953125,12.131584940610965,86.13425307833785,86.13425307833785,0.0,0.0,5.208333333333333,0.36638087806051356,426.2167428145716,161.98924870566304,297.7384421213592,150.0,1.0,2.2726369395961754,0.0,1841.891450263865,490.345720613441,477.9665523066951,3279.88882223117,18.492250295061705,0.0,486.8727964637168,86.13425307833785,97.05267952488772,41.666666666666664,12.379168306745884,191703555.20905304,95824833.33333333,10.0,1.0,7.853981633974483,20.0,2.5,98.17477042468104,8782.26155787864,9.610776124023444,9.85894800101479,50.0,12.131584940610965,2302.786376953125,426.2167428145716,5.208333333333333,0.36638087806051356,161.98924870566304
42,0.913821,1.0,1,1683.1590869715753,0.0,490.345720613441,9.610776124023444,76.88620899218755,86.496985116211,1079.5517121336757,0.0,0.0,0.0,1.0,0.0,0.0,14.022929841767088,0.0,52.009296362658574,8782.26155787864,9.610776124023444,9.85894800101479,50.0,12.131584940610965,2302.786376953125,12.131584940610965,86.13425307833785,86.13425307833785,0.0,0.0,5.208333333333333,0.36638087806051356,426.2167428145716,161.98924870566304,297.7384421213592,150.0,1.0,2.2726369395961754,0.0,1841.891450263865,490.345720613441,477.9665523066951,3279.88882223117,18.492250295061705,0.0,486.8727964637168,86.13425307833785,97.05267952488772,41.666666666666664,12.379168306745884,191703555.20905304,95824833.33333333,10.0,1.0,7.853981633974483,20.0,2.5,98.17477042468104,8782.26155787864,9.610776124023444,9.85894800101479,50.0,12.131584940610965,2302.786376953125,426.2167428145716,5.208333333333333,0.36638087806051356,161.98924870566304
43,0.923208,1.0,1,1700.4489220152022,0.0,490.345720613441,9.610776124023444,76.88620899218755,86.496985116211,1079.5517121336757,0.0,0.0,0.0,1.0,0.0,0.0,14.022929841767088,0.0,54.27057011755677,8782.26155787864,9.610776124023444,9.85894800101479,50.0,12.131584940610965,2302.786376953125,12.131584940610965,86.13425307833785,86.13425307833785,0.0,0.0,5.208333333333333,0.36638087806051356,426.2167428145716,161.98924870566304,297.7384421213592,150.0,1.0,2.2726369395961754,0.0,1841.891450263865,490.345720613441,477.9665523066951,3279.88882223117,18.492250295061705,0.0,486.8727964637168,86.13425307833785,97.05267952488772,41.666666666666664,12.379168306745884,191703555.20905304,95824833.33333333,10.0,1.0,7.853981633974483,20.0,2.5,98.17477042468104,8782.26155787864,9.610776124023444,9.85894800101479,50.0,12.131584940610965,2302.786376953125,426.2167428145716,5.208333333333333,0.36638087806051356,161.98924870566304
44,0.936193,1.0,1,1724.3658824968786,0.0,490.345720613441,9.610776124023444,76.88620899218755,86.496985116211,1079.5517121336757,0.0,0.0,0.0,1.0,0.0,0.0,14.022929841767088,0.0,56.53184387245497,8782.26155787864,9.610776124023444,9.85894800101479,50.0,12.131584940610965,2302.786376953125,12.131584940610965,86.13425307833785,86.13425307833785,0.0,0.0,5.208333333333333,0.36638087806051356,426.2167428145716,161.98924870566304,297.7384421213592,150.0,1.0,2.2726369395961754,0.0,1841.891450263865,490.345720613441,477.9665523066951,3279.88882223117,18.492250295061705,0.0,486.8727964637168,86.13425307833785,97.05267952488772,41.666666666666664,12.379168306745884,191703555.20905304,95824833.33333333,10.0,1.0,7.853981633974483,20.0,2.5,98.17477042468104,8782.26155787864,9.610776124023444,9.85894800101479,50.0,12.131584940610965,2302.786376953125,426.2167428145716,5.208333333333333,0.36638087806051356,161.98924870566304
45,0.946311,1.0,1,1743.0021401906483,0.0,490.345720613441,9.610776124023444,76.88620899218755,86.496985116211,1079.5517121336757,0.0,0.0,0.0,1.0,0.0,0.0,14.022929841767088,0.0,58.79311762735317,8782.26155787864,9.610776124023444,9.85894800101479,50.0,12.131584940610965,2302.786376953125,12.131584940610965,86.13425307833785,86.13425307833785,0.0,0.0,5.208333333333333,0.36638087806051356,426.2167428145716,161.98924870566304,297.7384421213592,150.0,1.0,2.2726369395961754,0.0,1841.891450263865,490.345720613441,477.9665523066951,3279.88882223117,18.492250295061705,0.0,486.8727964637168,86.13425307833785,97.05267952488772,41.666666666666664,12.379168306745884,191703555.20905304,95824833.33333333,10.0,1.0,7.853981633974483,20.0,2.5,98.17477042468104,8782.26155787864,9.610776124023444,9.85894800101479,50.0,12.131584940610965,2302.786376953125,426.2167428145716,5.208333333333333,0.36638087806051356,161.98924870566304
46,0.947288,1.0,1,1744.8016681375561,0.0,490.345720613441,9.610776124023444,76.88620899218755,86.496985116211,1079.5517121336757,0.0,0.0,0.0,1.0,0.0,0.0,14.022929841767088,0.0,61.054391382251424,8782.26155787864,9.610776124023444,9.85894800101479,50.0,12.131584940610965,2302.786376953125,12.131584940610965,86.13425307833785,86.13425307833785,0.0,0.0,5.208333333333333,0.36638087806051356,426.2167428145716,161.98924870566304,297.7384421213592,150.0,1.0,2.2726369395961754,0.0,1841.891450263865,490.345720613441,477.9665523066951,3279.88882223117,18.492250295061705,0.0,486.8727964637168,86.13425307833785,97.05267952488772,41.666666666666664,12.379168306745884,191703555.20905304,95824833.33333333,10.0,1.0,7.853981633974483,20.0,2.5,98.17477042468104,8782.26155787864,9.610776124023444,9.85894800101479,50.0,12.131584940610965,2302.786376953125,426.2167428145716,5.208333333333333,0.36638087806051356,161.98924870566304
47,0.938542,1.0,1,1728.6924855135483,0.0,490.345720613441,9.610776124023444,76.88620899218755,86.496985116211,1079.5517121336757,0.0,0.0,0.0,1.0,0.0,0.0,14.022929841767088,0.0,63.31566513714962,8782.26155787864,9.610776124023444,9.85894800101479,50.0,12.131584940610965,2302.786376953125,12.131584940610965,86.13425307833785,86.13425307833785,0.0,0.0,5.208333333333333,0.36638087806051356,426.2167428145716,161.98924870566304,297.7384421213592,150.0,1.0,2.2726369395961754,0.0,1841.891450263865,490.345720613441,477.9665523066951,3279.88882223117,18.492250295061705,0.0,486.8727964637168,86.13425307833785,97.05267952488772,41.666666666666664,12.379168306745884,191703555.20905304,95824833.33333333,10.0,1.0,7.853981633974483,20.0,2.5,98.17477042468104,8782.26155787864,9.610776124023444,9.85894800101479,50.0,12.131584940610965,2302.786376953125,426.2167428145716,5.208333333333333,0.36638087806051356,161.98924870566304
48,0.975441,1.0,1,1796.6564381368346,0.0,490.345720613441,9.610776124023444,76.88620899218755,86.496985116211,1079.5517121336757,0.0,0.0,0.0,1.0,0.0,0.0,14.022929841767088,0.0,65.57693889204782,8782.26155787864,9.610776124023444,9.85894800101479,50.0,12.131584940610965,2302.786376953125,12.131584940610965,86.13425307833785,86.13425307833785,0.0,0.0,5.208333333333333,0.36638087806051356,426.2167428145716,161.98924870566304,297.7384421213592,150.0,1.0,2.2726369395961754,0.0,1841.891450263865,490.345720613441,477.9665523066951,3279.88882223117,18.492250295061705,0.0,486.8727964637168,86.13425307833785,97.05267952488772,41.666666666666664,12.379168306745884,191703555.20905304,95824833.33333333,10.0,1.0,7.853981633974483,20.0,2.5,98.17477042468104,8782.26155787864,9.610776124023444,9.85894800101479,50.0,12.131584940610965,2302.786376953125,426.2167428145716,5.208333333333333,0.36638087806051356,161.98924870566304
49,0.988817,1.0,1,1821.293578175564,0.0,490.345720613441,9.610776124023444,76.88620899218755,86.496985116211,1079.5517121336757,0.0,0.0,0.0,1.0,0.0,0.0,14.022929841767088,0.0,67.83821264694602,8782.26155787864,9.610776124023444,9.85894800101479,50.0,12.131584940610965,2302.786376953125,12.131584940610965,86.13425307833785,86.13425307833785,0.0,0.0,5.208333333333333,0.36638087806051356,426.2167428145716,161.98924870566304,297.7384421213592,150.0,1.0,2.2726369395961754,0.0,1841.891450263865,490.345720613441,477.9665523066951,3279.88882223117,18.492250295061705,0.0,486.8727964637168,86.13425307833785,97.05267952488772,41.666666666666664,12.379168306745884,191703555.20905304,95824833.33333333,10.0,1.0,7.853981633974483,20.0,2.5,98.17477042468104,8782.26155787864,9.610776124023444,9.85894800101479,50.0,12.131584940610965,2302.786376953125,426.2167428145716,5.208333333333333,0.36638087806051356,161.98924870566304
50,0.975603,1.0,1,1796.9548245517774,0.0,490.345720613441,9.610776124023444,76.88620899218755,86.496985116211,1079.5517121336757,0.0,0.0,0.0,1.0,0.0,0.0,14.022929841767088,0.0,70.09948640184427,8782.26155787864,9.610776124023444,9.85894800101479,50.0,12.131584940610965,2302.786376953125,12.131584940610965,86.13425307833785,86.13425307833785,0.0,0.0,5.208333333333333,0.36638087806051356,426.2167428145716,161.98924870566304,297.7384421213592,150.0,1.0,2.2726369395961754,0.0,1841.891450263865,490.345720613441,477.9665523066951,3279.88882223117,18.492250295061705,0.0,486.8727964637168,86.13425307833785,97.05267952488772,41.666666666666664,12.379168306745884,191703555.20905304,95824833.33333333,10.0,1.0,7.853981633974483,20.0,2.5,98.17477042468104,8782.26155787864,9.610776124023444,9.85894800101479,50.0,12.131584940610965,2302.786376953125,426.2167428145716,5.208333333333333,0.36638087806051356,161.98924870566304
51,0.976492,1.0,1,1798.592266051062,0.0,490.345720613441,9.610776124023444,76.88620899218755,86.496985116211,1079.5517121336757,0.0,0.0,0.0,1.0,0.0,0.0,14.022929841767088,0.0,72.36076015674247,8782.26155787864,9.610776124023444,9.85894800101479,50.0,12.131584940610965,2302.786376953125,12.131584940610965,86.13425307833785,86.13425307833785,0.0,0.0,5.208333333333333,0.36638087806051356,426.2167428145716,161.98924870566304,297.7384421213592,150.0,1.0,2.2726369395961754,0.0,1841.891450263865,490.345720613441,477.9665523066951,3279.88882223117,18.492250295061705,0.0,486.8727964637168,86.13425307833785,97.05267952488772,41.666666666666664,12.379168306745884,191703555.20905304,95824833.33333333,10.0,1.0,7.853981633974483,20.0,2.5,98.17477042468104,8782.26155787864,9.610776124023444,9.85894800101479,50.0,12.131584940610965,2302.786376953125,426.2167428145716,5.208333333333333,0.36638087806051356,161.98924870566304
52,0.960217,1.0,1,1768.6154826980176,0.0,490.345720613441,9.610776124023444,76.88620899218755,86.496985116211,1079.5517121336757,0.0,0.0,0.0,1.0,0.0,0.0,14.022929841767088,0.0,74.62203391164067,8782.26155787864,9.610776124023444,9.85894800101479,50.0,12.131584940610965,2302.786376953125,12.131584940610965,86.13425307833785,86.13425307833785,0.0,0.0,5.208333333333333,0.36638087806051356,426.2167428145716,161.98924870566304,297.7384421213592,150.0,1.0,2.2726369395961754,0.0,1841.891450263865,490.345720613441,477.9665523066951,3279.88882223117,18.492250295061705,0.0,486.8727964637168,86.13425307833785,97.05267952488772,41.666666666666664,12.379168306745884,191703555.20905304,95824833.33333333,10.0,1.0,7.853981633974483,20.0,2.5,98.17477042468104,8782.26155787864,9.610776124023444,9.85894800101479,50.0,12.131584940610965,2302.786376953125,426.2167428145716,5.208333333333333,0.36638087806051356,161.98924870566304
53,0.956944,1.0,1,1762.586971981304,0.0,490.345720613441,9.610776124023444,76.88620899218755,86.496985116211,1079.5517121336757,0.0,0.0,0.0,1.0,0.0,0.0,14.022929841767088,0.0,76.88330766653887,8782.26155787864,9.610776124023444,9.85894800101479,50.0,12.131584940610965,2302.786376953125,12.131584940610965,86.13425307833785,86.13425307833785,0.0,0.0,5.208333333333333,0.36638087806051356,426.2167428145716,161.98924870566304,297.7384421213592,150.0,1.0,2.2726369395961754,0.0,1841.891450263865,490.345720613441,477.9665523066951,3279.88882223117,18.492250295061705,0.0,486.8727964637168,86.13425307833785,97.05267952488772,41.666666666666664,12.379168306745884,191703555.20905304,95824833.33333333,10.0,1.0,7.853981633974483,20.0,2.5,98.17477042468104,8782.26155787864,9.610776124023444,9.85894800101479,50.0,12.131584940610965,2302.786376953125,426.2167428145716,5.208333333333333,0.36638087806051356,161.98924870566304
54,0.979945,1.0,1,1804.952317228823,0.0,490.345720613441,9.610776124023444,76.88620899218755,86.496985116211,1079.5517121336757,0.0,0.0,0.0,1.0,0.0,0.0,14.022929841767088,0.0,79.14458142143701,8782.26155787864,9.610776124023444,9.85894800101479,50.0,12.131584940610965,2302.786376953125,12.131584940610965,86.13425307833785,86.13425307833785,0.0,0.0,5.208333333333333,0.36638087806051356,426.2167428145716,161.98924870566304,297.7384421213592,150.0,1.0,2.2726369395961754,0.0,1841.891450263865,490.345720613441,477.9665523066951,3279.88882223117,18.492250295061705,0.0,486.8727964637168,86.13425307833785,97.05267952488772,41.666666666666664,12.379168306745884,191703555.20905304,95824833.33333333,10.0,1.0,7.853981633974483,20.0,2.5,98.17477042468104,8782.26155787864,9.610776124023444,9.85894800101479,50.0,12.131584940610965,2302.786376953125,426.2167428145716,5.208333333333333,0.36638087806051356,161.98924870566304
55,0.980376,1.0,1,1805.746172443887,0.0,490.345720613441,9.610776124023444,76.88620899218755,86.496985116211,1079.5517121336757,0.0,0.0,0.0,1.0,0.0,0.0,14.022929841767088,0.0,81.40585517633521,8782.26155787864,9.610776124023444,9.85894800101479,50.0,12.131584940610965,2302.786376953125,12.131584940610965,86.13425307833785,86.13425307833785,0.0,0.0,5.208333333333333,0.36638087806051356,426.2167428145716,161.98924870566304,297.7384421213592,150.0,1.0,2.2726369395961754,0.0,1841.891450263865,490.345720613441,477.9665523066951,3279.88882223117,18.492250295061705,0.0,486.8727964637168,86.13425307833785,97.05267952488772,41.666666666666664,12.379168306745884,191703555.20905304,95824833.33333333,10.0,1.0,7.853981633974483,20.0,2.5,98.17477042468104,8782.26155787864,9.610776124023444,9.85894800101479,50.0,12.131584940610965,2302.786376953125,426.2167428145716,5.208333333333333,0.36638087806051356,161.98924870566304
56,0.9848,1.0,1,1813.8947002198543,0.0,490.345720613441,9.610776124023444,76.88620899218755,86.496985116211,1079.5517121336757,0.0,0.0,0.0,1.0,0.0,0.0,14.022929841767088,0.0,83.6671289312334,8782.26155787864,9.610776124023444,9.85894800101479,50.0,12.131584940610965,2302.786376953125,12.131584940610965,86.13425307833785,86.13425307833785,0.0,0.0,5.208333333333333,0.36638087806051356,426.2167428145716,161.98924870566304,297.7384421213592,150.0,1.0,2.2726369395961754,0.0,1841.891450263865,490.345720613441,477.9665523066951,3279.88882223117,18.492250295061705,0.0,486.8727964637168,86.13425307833785,97.05267952488772,41.666666666666664,12.379168306745884,191703555.20905304,95824833.33333333,10.0,1.0,7.853981633974483,20.0,2.5,98.17477042468104,8782.26155787864,9.610776124023444,9.85894800101479,50.0,12.131584940610965,2302.786376953125,426.2167428145716,5.208333333333333,0.36638087806051356,161.98924870566304
57,0.988731,1.0,1,1821.1351755108415,0.0,490.345720613441,9.610776124023444,76.88620899218755,86.496985116211,1079.5517121336757,0.0,0.0,0.0,1.0,0.0,0.0,14.022929841767088,0.0,85.9284026861316,8782.26155787864,9.610776124023444,9.85894800101479,50.0,12.131584940610965,2302.786376953125,12.131584940610965,86.13425307833785,86.13425307833785,0.0,0.0,5.208333333333333,0.36638087806051356,426.2167428145716,161.98924870566304,297.7384421213592,150.0,1.0,2.2726369395961754,0.0,1841.891450263865,490.345720613441,477.9665523066951,3279.88882223117,18.492250295061705,0.0,486.8727964637168,86.13425307833785,97.05267952488772,41.666666666666664,12.379168306745884,191703555.20905304,95824833.33333333,10.0,1.0,7.853981633974483,20.0,2.5,98.17477042468104,8782.26155787864,9.610776124023444,9.85894800101479,50.0,12.131584940610965,2302.786376953125,426.2167428145716,5.208333333333333,0.36638087806051356,161.98924870566304
58,0.988945,1.0,1,1821.5293402811978,0.0,490.345720613441,9.610776124023444,76.88620899218755,86.496985116211,1079.5517121336757,0.0,0.0,0.0,1.0,0.0,0.0,14.022929841767088,0.0,88.18967644102986,8782.26155787864,9.610776124023444,9.85894800101479,50.0,12.131584940610965,2302.786376953125,12.131584940610965,86.13425307833785,86.13425307833785,0.0,0.0,5.208333333333333,0.36638087806051356,426.2167428145716,161.98924870566304,297.7384421213592,150.0,1.0,2.2726369395961754,0.0,1841.891450263865,490.345720613441,477.9665523066951,3279.88882223117,18.492250295061705,0.0,486.8727964637168,86.13425307833785,97.05267952488772,41.666666666666664,12.379168306745884,191703555.20905304,95824833.33333333,10.0,1.0,7.853981633974483,20.0,2.5,98.17477042468104,8782.26155787864,9.610776124023444,9.85894800101479,50.0,12.131584940610965,2302.786376953125,426.2167428145716,5.208333333333333,0.36638087806051356,161.98924870566304
59,0.986665,1.0,1,1817.3298277745964,0.0,490.345720613441,9.610776124023444,76.88620899218755,86.496985116211,1079.5517121336757,0.0,0.0,0.0,1.0,0.0,0.0,14.022929841767088,0.0,90.45095019592806,8782.26155787864,9.610776124023444,9.85894800101479,50.0,12.131584940610965,2302.786376953125,12.131584940610965,86.13425307833785,86.13425307833785,0.0,0.0,5.208333333333333,0.36638087806051356,426.2167428145716,161.98924870566304,297.7384421213592,150.0,1.0,2.2726369395961754,0.0,1841.891450263865,490.345720613441,477.9665523066951,3279.88882223117,18.492250295061705,0.0,486.8727964637168,86.13425307833785,97.05267952488772,41.666666666666664,12.379168306745884,191703555.20905304,95824833.33333333,10.0,1.0,7.853981633974483,20.0,2.5,98.17477042468104,8782.26155787864,9.610776124023444,9.85894800101479,50.0,12.131584940610965,2302.786376953125,426.2167428145716,5.208333333333333,0.36638087806051356,161.98924870566304
60,0.982849,1.0,1,1810.3011700003894,0.0,490.345720613441,9.610776124023444,76.88620899218755,86.496985116211,1079.5517121336757,0.0,0.0,0.0,1.0,0.0,0.0,14.022929841767088,0.0,92.71222395082626,8782.26155787864,9.610776124023444,9.85894800101479,50.0,12.131584940610965,2302.786376953125,12.131584940610965,86.13425307833785,86.13425307833785,0.0,0.0,5.208333333333333,0.36638087806051356,426.2167428145716,161.98924870566304,297.7384421213592,150.0,1.0,2.2726369395961754,0.0,1841.891450263865,490.345720613441,477.9665523066951,3279.88882223117,18.492250295061705,0.0,486.8727964637168,86.13425307833785,97.05267952488772,41.666666666666664,12.379168306745884,191703555.20905304,95824833.33333333,10.0,1.0,7.853981633974483,20.0,2.5,98.17477042468104,8782.26155787864,9.610776124023444,9.85894800101479,50.0,12.131584940610965,2302.786376953125,426.2167428145716,5.208333333333333,0.36638087806051356,161.98924870566304
61,0.973926,1.0,1,1793.8659725896848,0.0,490.345720613441,9.610776124023444,76.88620899218755,86.496985116211,1079.5517121336757,0.0,0.0,0.0,1.0,0.0,0.0,14.022929841767088,0.0,94.97349770572445,8782.26155787864,9.610776124023444,9.85894800101479,50.0,12.131584940610965,2302.786376953125,12.131584940610965,86.13425307833785,86.13425307833785,0.0,0.0,5.208333333333333,0.36638087806051356,426.2167428145716,161.98924870566304,297.7384421213592,150.0,1.0,2.2726369395961754,0.0,1841.891450263865,490.345720613441,477.9665523066951,3279.88882223117,18.492250295061705,0.0,486.8727964637168,86.13425307833785,97.05267952488772,41.666666666666664,12.379168306745884,191703555.20905304,95824833.33333333,10.0,1.0,7.853981633974483,20.0,2.5,98.17477042468104,8782.26155787864,9.610776124023444,9.85894800101479,50.0,12.131584940610965,2302.786376953125,426.2167428145716,5.208333333333333,0.36638087806051356,161.98924870566304
62,0.958467,1.0,1,1765.3921726600558,0.0,490.345720613441,9.610776124023444,76.88620899218755,86.496985116211,1079.5517121336757,0.0,0.0,0.0,1.0,0.0,0.0,14.022929841767088,0.0,97.2347714606226,8782.26155787864,9.610776124023444,9.85894800101479,50.0,12.131584940610965,2302.786376953125,12.131584940610965,86.13425307833785,86.13425307833785,0.0,0.0,5.208333333333333,0.36638087806051356,426.2167428145716,161.98924870566304,297.7384421213592,150.0,1.0,2.2726369395961754,0.0,1841.891450263865,490.345720613441,477.9665523066951,3279.88882223117,18.492250295061705,0.0,486.8727964637168,86.13425307833785,97.05267952488772,41.666666666666664,12.379168306745884,191703555.20905304,95824833.33333333,10.0,1.0,7.853981633974483,20.0,2.5,98.17477042468104,8782.26155787864,9.610776124023444,9.85894800101479,50.0,12.131584940610965,2302.786376953125,426.2167428145716,5.208333333333333,0.36638087806051356,161.98924870566304
63,0.936824,1.0,1,1725.528116001995,0.0,490.345720613441,9.610776124023444,76.88620899218755,86.496985116211,1079.5517121336757,0.0,0.0,0.0,1.0,0.0,0.0,14.022929841767088,0.0,99.4960452155208,8782.26155787864,9.610776124023444,9.85894800101479,50.0,12.131584940610965,2302.786376953125,12.131584940610965,86.13425307833785,86.13425307833785,0.0,0.0,5.208333333333333,0.36638087806051356,426.2167428145716,161.98924870566304,297.7384421213592,150.0,1.0,2.2726369395961754,0.0,1841.891450263865,490.345720613441,477.9665523066951,3279.88882223117,18.492250295061705,0.0,486.8727964637168,86.13425307833785,97.05267952488772,41.666666666666664,12.379168306745884,191703555.20905304,95824833.33333333,10.0,1.0,7.853981633974483,20.0,2.5,98.17477042468104,8782.26155787864,9.610776124023444,9.85894800101479,50.0,12.131584940610965,2302.786376953125,426.2167428145716,5.208333333333333,0.36638087806051356,161.98924870566304
64,0.913512,1.0,1,1682.5899425134437,0.0,490.345720613441,9.610776124023444,76.88620899218755,86.496985116211,1079.5517121336757,0.0,0.0,0.0,1.0,0.0,0.0,14.022929841767088,0.0,101.75731897041899,8782.26155787864,9.610776124023444,9.85894800101479,50.0,12.131584940610965,2302.786376953125,12.131584940610965,86.13425307833785,86.13425307833785,0.0,0.0,5.208333333333333,0.36638087806051356,426.2167428145716,161.98924870566304,297.7384421213592,150.0,1.0,2.2726369395961754,0.0,1841.891450263865,490.345720613441,477.9665523066951,3279.88882223117,18.492250295061705,0.0,486.8727964637168,86.13425307833785,97.05267952488772,41.666666666666664,12.379168306745884,191703555.20905304,95824833.33333333,10.0,1.0,7.853981633974483,20.0,2.5,98.17477042468104,8782.26155787864,9.610776124023444,9.85894800101479,50.0,12.131584940610965,2302.786376953125,426.2167428145716,5.208333333333333,0.36638087806051356,161.98924870566304
65,0.887602,1.0,1,1634.866535037107,0.0,490.345720613441,9.610776124023444,76.88620899218755,86.496985116211,1079.5517121336757,0.0,0.0,0.0,1.0,0.0,0.0,14.022929841767088,0.0,104.01859272531719,8782.26155787864,9.610776124023444,9.85894800101479,50.0,12.131584940610965,2302.786376953125,12.131584940610965,86.13425307833785,86.13425307833785,0.0,0.0,5.208333333333333,0.36638087806051356,426.2167428145716,161.98924870566304,297.7384421213592,150.0,1.0,2.2726369395961754,0.0,1841.891450263865,490.345720613441,477.9665523066951,3279.88882223117,18.492250295061705,0.0,486.8727964637168,86.13425307833785,97.05267952488772,41.666666666666664,12.379168306745884,191703555.20905304,95824833.33333333,10.0,1.0,7.853981633974483,20.0,2.5,98.17477042468104,8782.26155787864,9.610776124023444,9.85894800101479,50.0,12.131584940610965,2302.786376953125,426.2167428145716,5.208333333333333,0.36638087806051356,161.98924870566304
66,0.862414,1.0,1,1588.4729731878608,0.0,490.345720613441,9.610776124023444,76.88620899218755,86.496985116211,1079.5517121336757,0.0,0.0,0.0,1.0,0.0,0.0,14.022929841767088,0.0,106.27986648021533,8782.26155787864,9.610776124023444,9.85894800101479,50.0,12.131584940610965,2302.786376953125,12.131584940610965,86.13425307833785,86.13425307833785,0.0,0.0,5.208333333333333,0.36638087806051356,426.2167428145716,161.98924870566304,297.7384421213592,150.0,1.0,2.2726369395961754,0.0,1841.891450263865,490.345720613441,477.9665523066951,3279.88882223117,18.492250295061705,0.0,486.8727964637168,86.13425307833785,97.05267952488772,41.666666666666664,12.379168306745884,191703555.20905304,95824833.33333333,10.0,1.0,7.853981633974483,20.0,2.5,98.17477042468104,8782.26155787864,9.610776124023444,9.85894800101479,50.0,12.131584940610965,2302.786376953125,426.2167428145716,5.208333333333333,0.36638087806051356,161.98924870566304
67,0.829924,1.0,1,1528.6299199687878,0.0,490.345720613441,9.610776124023444,76.88620899218755,86.496985116211,1079.5517121336757,0.0,0.0,0.0,1.0,0.0,0.0,14.022929841767088,0.0,108.54114023511353,8782.26155787864,9.610776124023444,9.85894800101479,50.0,12.131584940610965,2302.786376953125,12.131584940610965,86.13425307833785,86.13425307833785,0.0,0.0,5.208333333333333,0.36638087806051356,426.2167428145716,161.98924870566304,297.7384421213592,150.0,1.0,2.2726369395961754,0.0,1841.891450263865,490.345720613441,477.9665523066951,3279.88882223117,18.492250295061705,0.0,486.8727964637168,86.13425307833785,97.05267952488772,41.666666666666664,12.379168306745884,191703555.20905304,95824833.33333333,10.0,1.0,7.853981633974483,20.0,2.5,98.17477042468104,8782.26155787864,9.610776124023444,9.85894800101479,50.0,12.131584940610965,2302.786376953125,426.2167428145716,5.208333333333333,0.36638087806051356,161.98924870566304
68,0.825661,1.0,1,1520.777936716313,0.0,490.345720613441,9.610776124023444,76.88620899218755,86.496985116211,1079.5517121336757,0.0,0.0,0.0,1.0,0.0,0.0,14.022929841767088,0.0,110.80241399001173,8782.26155787864,9.610776124023444,9.85894800101479,50.0,12.131584940610965,2302.786376953125,12.131584940610965,86.13425307833785,86.13425307833785,0.0,0.0,5.208333333333333,0.36638087806051356,426.2167428145716,161.98924870566304,297.7384421213592,150.0,1.0,2.2726369395961754,0.0,1841.891450263865,490.345720613441,477.9665523066951,3279.88882223117,18.492250295061705,0.0,486.8727964637168,86.13425307833785,97.05267952488772,41.666666666666664,12.379168306745884,191703555.20905304,95824833.33333333,10.0,1.0,7.853981633974483,20.0,2.5,98.17477042468104,8782.26155787864,9.610776124023444,9.85894800101479,50.0,12.131584940610965,2302.786376953125,426.2167428145716,5.208333333333333,0.36638087806051356,161.98924870566304
69,0.836093,1.0,1,1539.9925483254656,0.0,490.345720613441,9.610776124023444,76.88620899218755,86.496985116211,1079.5517121336757,0.0,0.0,0.0,1.0,0.0,0.0,14.022929841767088,0.0,113.06368774490993,8782.26155787864,9.610776124023444,9.85894800101479,50.0,12.131584940610965,2302.786376953125,12.131584940610965,86.13425307833785,86.13425307833785,0.0,0.0,5.208333333333333,0.36638087806051356,426.2167428145716,161.98924870566304,297.7384421213592,150.0,1.0,2.2726369395961754,0.0,1841.891450263865,490.345720613441,477.9665523066951,3279.88882223117,18.492250295061705,0.0,486.8727964637168,86.13425307833785,97.05267952488772,41.666666666666664,12.379168306745884,191703555.20905304,95824833.33333333,10.0,1.0,7.853981633974483,20.0,2.5,98.17477042468104,8782.26155787864,9.610776124023444,9.85894800101479,50.0,12.131584940610965,2302.786376953125,426.2167428145716,5.208333333333333,0.36638087806051356,161.98924870566304
70,0.8432540000000001,1.0,1,1553.1823330008053,0.0,490.345720613441,9.610776124023444,76.88620899218755,86.496985116211,1079.5517121336757,0.0,0.0,0.0,1.0,0.0,0.0,14.022929841767088,0.0,115.32496149980813,8782.26155787864,9.610776124023444,9.85894800101479,50.0,12.131584940610965,2302.786376953125,12.131584940610965,86.13425307833785,86.13425307833785,0.0,0.0,5.208333333333333,0.36638087806051356,426.2167428145716,161.98924870566304,297.7384421213592,150.0,1.0,2.2726369395961754,0.0,1841.891450263865,490.345720613441,477.9665523066951,3279.88882223117,18.492250295061705,0.0,486.8727964637168,86.13425307833785,97.05267952488772,41.666666666666664,12.379168306745884,191703555.20905304,95824833.33333333,10.0,1.0,7.853981633974483,20.0,2.5,98.17477042468104,8782.26155787864,9.610776124023444,9.85894800101479,50.0,12.131584940610965,2302.786376953125,426.2167428145716,5.208333333333333,0.36638087806051356,161.98924870566304
71,0.840831,1.0,1,1548.7194300168157,0.0,490.345720613441,9.610776124023444,76.88620899218755,86.496985116211,1079.5517121336757,0.0,0.0,0.0,1.0,0.0,0.0,14.022929841767088,0.0,117.58623525470632,8782.26155787864,9.610776124023444,9.85894800101479,50.0,12.131584940610965,2302.786376953125,12.131584940610965,86.13425307833785,86.13425307833785,0.0,0.0,5.208333333333333,0.36638087806051356,426.2167428145716,161.98924870566304,297.7384421213592,150.0,1.0,2.2726369395961754,0.0,1841.891450263865,490.345720613441,477.9665523066951,3279.88882223117,18.492250295061705,0.0,486.8727964637168,86.13425307833785,97.05267952488772,41.666666666666664,12.379168306745884,191703555.20905304,95824833.33333333,10.0,1.0,7.853981633974483,20.0,2.5,98.17477042468104,8782.26155787864,9.610776124023444,9.85894800101479,50.0,12.131584940610965,2302.786376953125,426.2167428145716,5.208333333333333,0.36638087806051356,161.98924870566304
72,0.906804,1.0,1,1670.2345346650739,0.0,490.345720613441,9.610776124023444,76.88620899218755,86.496985116211,1079.5517121336757,0.0,0.0,0.0,1.0,0.0,0.0,14.022929841767088,0.0,119.84750900960452,8782.26155787864,9.610776124023444,9.85894800101479,50.0,12.131584940610965,2302.786376953125,12.131584940610965,86.13425307833785,86.13425307833785,0.0,0.0,5.208333333333333,0.36638087806051356,426.2167428145716,161.98924870566304,297.7384421213592,150.0,1.0,2.2726369395961754,0.0,1841.891450263865,490.345720613441,477.9665523066951,3279.88882223117,18.492250295061705,0.0,486.8727964637168,86.13425307833785,97.05267952488772,41.666666666666664,12.379168306745884,191703555.20905304,95824833.33333333,10.0,1.0,7.853981633974483,20.0,2.5,98.17477042468104,8782.26155787864,9.610776124023444,9.85894800101479,50.0,12.131584940610965,2302.786376953125,426.2167428145716,5.208333333333333,0.36638087806051356,161.98924870566304
73,0.920249,1.0,1,1694.9987652138714,0.0,490.345720613441,9.610776124023444,76.88620899218755,86.496985116211,1079.5517121336757,0.0,0.0,0.0,1.0,0.0,0.0,14.022929841767088,0.0,122.10878276450272,8782.26155787864,9.610776124023444,9.85894800101479,50.0,12.131584940610965,2302.786376953125,12.131584940610965,86.13425307833785,86.13425307833785,0.0,0.0,5.208333333333333,0.36638087806051356,426.2167428145716,161.98924870566304,297.7384421213592,150.0,1.0,2.2726369395961754,0.0,1841.891450263865,490.345720613441,477.9665523066951,3279.88882223117,18.492250295061705,0.0,486.8727964637168,86.13425307833785,97.05267952488772,41.666666666666664,12.379168306745884,191703555.20905304,95824833.33333333,10.0,1.0,7.853981633974483,20.0,2.5,98.17477042468104,8782.26155787864,9.610776124023444,9.85894800101479,50.0,12.131584940610965,2302.786376953125,426.2167428145716,5.208333333333333,0.36638087806051356,161.98924870566304
74,0.927268,1.0,1,1707.9270013032735,0.0,490.345720613441,9.610776124023444,76.88620899218755,86.496985116211,1079.5517121336757,0.0,0.0,0.0,1.0,0.0,0.0,14.022929841767088,0.0,124.37005651940089,8782.26155787864,9.610776124023444,9.85894800101479,50.0,12.131584940610965,2302.786376953125,12.131584940610965,86.13425307833785,86.13425307833785,0.0,0.0,5.208333333333333,0.36638087806051356,426.2167428145716,161.98924870566304,297.7384421213592,150.0,1.0,2.2726369395961754,0.0,1841.891450263865,490.345720613441,477.9665523066951,3279.88882223117,18.492250295061705,0.0,486.8727964637168,86.13425307833785,97.05267952488772,41.666666666666664,12.379168306745884,191703555.20905304,95824833.33333333,10.0,1.0,7.853981633974483,20.0,2.5,98.17477042468104,8782.26155787864,9.610776124023444,9.85894800101479,50.0,12.131584940610965,2302.786376953125,426.2167428145716,5.208333333333333,0.36638087806051356,161.98924870566304
75,0.928963,1.0,1,1711.0490073114709,0.0,490.345720613441,9.610776124023444,76.88620899218755,86.496985116211,1079.5517121336757,0.0,0.0,0.0,1.0,0.0,0.0,14.022929841767088,0.0,126.63133027429909,8782.26155787864,9.610776124023444,9.85894800101479,50.0,12.131584940610965,2302.786376953125,12.131584940610965,86.13425307833785,86.13425307833785,0.0,0.0,5.208333333333333,0.36638087806051356,426.2167428145716,161.98924870566304,297.7384421213592,150.0,1.0,2.2726369395961754,0.0,1841.891450263865,490.345720613441,477.9665523066951,3279.88882223117,18.492250295061705,0.0,486.8727964637168,86.13425307833785,97.05267952488772,41.666666666666664,12.379168306745884,191703555.20905304,95824833.33333333,10.0,1.0,7.853981633974483,20.0,2.5,98.17477042468104,8782.26155787864,9.610776124023444,9.85894800101479,50.0,12.131584940610965,2302.786376953125,426.2167428145716,5.208333333333333,0.36638087806051356,161.98924870566304
76,0.925099,1.0,1,1703.9319387476512,0.0,490.345720613441,9.610776124023444,76.88620899218755,86.496985116211,1079.5517121336757,0.0,0.0,0.0,1.0,0.0,0.0,14.022929841767088,0.0,128.8926040291973,8782.26155787864,9.610776124023444,9.85894800101479,50.0,12.131584940610965,2302.786376953125,12.131584940610965,86.13425307833785,86.13425307833785,0.0,0.0,5.208333333333333,0.36638087806051356,426.2167428145716,161.98924870566304,297.7384421213592,150.0,1.0,2.2726369395961754,0.0,1841.891450263865,490.345720613441,477.9665523066951,3279.88882223117,18.492250295061705,0.0,486.8727964637168,86.13425307833785,97.05267952488772,41.666666666666664,12.379168306745884,191703555.20905304,95824833.33333333,10.0,1.0,7.853981633974483,20.0,2.5,98.17477042468104,8782.26155787864,9.610776124023444,9.85894800101479,50.0,12.131584940610965,2302.786376953125,426.2167428145716,5.208333333333333,0.36638087806051356,161.98924870566304
77,0.927672,1.0,1,1708.6711254491802,0.0,490.345720613441,9.610776124023444,76.88620899218755,86.496985116211,1079.5517121336757,0.0,0.0,0.0,1.0,0.0,0.0,14.022929841767088,0.0,131.15387778409547,8782.26155787864,9.610776124023444,9.85894800101479,50.0,12.131584940610965,2302.786376953125,12.131584940610965,86.13425307833785,86.13425307833785,0.0,0.0,5.208333333333333,0.36638087806051356,426.2167428145716,161.98924870566304,297.7384421213592,150.0,1.0,2.2726369395961754,0.0,1841.891450263865,490.345720613441,477.9665523066951,3279.88882223117,18.492250295061705,0.0,486.8727964637168,86.13425307833785,97.05267952488772,41.666666666666664,12.379168306745884,191703555.20905304,95824833.33333333,10.0,1.0,7.853981633974483,20.0,2.5,98.17477042468104,8782.26155787864,9.610776124023444,9.85894800101479,50.0,12.131584940610965,2302.786376953125,426.2167428145716,5.208333333333333,0.36638087806051356,161.98924870566304
78,0.935441,1.0,1,1722.98078012628,0.0,490.345720613441,9.610776124023444,76.88620899218755,86.496985116211,1079.5517121336757,0.0,0.0,0.0,1.0,0.0,0.0,14.022929841767088,0.0,133.41515153899365,8782.26155787864,9.610776124023444,9.85894800101479,50.0,12.131584940610965,2302.786376953125,12.131584940610965,86.13425307833785,86.13425307833785,0.0,0.0,5.208333333333333,0.36638087806051356,426.2167428145716,161.98924870566304,297.7384421213592,150.0,1.0,2.2726369395961754,0.0,1841.891450263865,490.345720613441,477.9665523066951,3279.88882223117,18.492250295061705,0.0,486.8727964637168,86.13425307833785,97.05267952488772,41.666666666666664,12.379168306745884,191703555.20905304,95824833.33333333,10.0,1.0,7.853981633974483,20.0,2.5,98.17477042468104,8782.26155787864,9.610776124023444,9.85894800101479,50.0,12.131584940610965,2302.786376953125,426.2167428145716,5.208333333333333,0.36638087806051356,161.98924870566304
79,0.93953,1.0,1,1730.512274266409,0.0,490.345720613441,9.610776124023444,76.88620899218755,86.496985116211,1079.5517121336757,0.0,0.0,0.0,1.0,0.0,0.0,14.022929841767088,0.0,135.67642529389184,8782.26155787864,9.610776124023444,9.85894800101479,50.0,12.131584940610965,2302.786376953125,12.131584940610965,86.13425307833785,86.13425307833785,0.0,0.0,5.208333333333333,0.36638087806051356,426.2167428145716,161.98924870566304,297.7384421213592,150.0,1.0,2.2726369395961754,0.0,1841.891450263865,490.345720613441,477.9665523066951,3279.88882223117,18.492250295061705,0.0,486.8727964637168,86.13425307833785,97.05267952488772,41.666666666666664,12.379168306745884,191703555.20905304,95824833.33333333,10.0,1.0,7.853981633974483,20.0,2.5,98.17477042468104,8782.26155787864,9.610776124023444,9.85894800101479,50.0,12.131584940610965,2302.786376953125,426.2167428145716,5.208333333333333,0.36638087806051356,161.98924870566304
80,0.939801,1.0,1,1731.0114268494306,0.0,490.345720613441,9.610776124023444,76.88620899218755,86.496985116211,1079.5517121336757,0.0,0.0,0.0,1.0,0.0,0.0,14.022929841767088,0.0,137.93769904879002,8782.26155787864,9.610776124023444,9.85894800101479,50.0,12.131584940610965,2302.786376953125,12.131584940610965,86.13425307833785,86.13425307833785,0.0,0.0,5.208333333333333,0.36638087806051356,426.2167428145716,161.98924870566304,297.7384421213592,150.0,1.0,2.2726369395961754,0.0,1841.891450263865,490.345720613441,477.9665523066951,3279.88882223117,18.492250295061705,0.0,486.8727964637168,86.13425307833785,97.05267952488772,41.666666666666664,12.379168306745884,191703555.20905304,95824833.33333333,10.0,1.0,7.853981633974483,20.0,2.5,98.17477042468104,8782.26155787864,9.610776124023444,9.85894800101479,50.0,12.131584940610965,2302.786376953125,426.2167428145716,5.208333333333333,0.36638087806051356,161.98924870566304
81,0.942056,1.0,1,1735.1648920697755,0.0,490.345720613441,9.610776124023444,76.88620899218755,86.496985116211,1079.5517121336757,0.0,0.0,0.0,1.0,0.0,0.0,14.022929841767088,0.0,140.1989728036882,8782.26155787864,9.610776124023444,9.85894800101479,50.0,12.131584940610965,2302.786376953125,12.131584940610965,86.13425307833785,86.13425307833785,0.0,0.0,5.208333333333333,0.36638087806051356,426.2167428145716,161.98924870566304,297.7384421213592,150.0,1.0,2.2726369395961754,0.0,1841.891450263865,490.345720613441,477.9665523066951,3279.88882223117,18.492250295061705,0.0,486.8727964637168,86.13425307833785,97.05267952488772,41.666666666666664,12.379168306745884,191703555.20905304,95824833.33333333,10.0,1.0,7.853981633974483,20.0,2.5,98.17477042468104,8782.26155787864,9.610776124023444,9.85894800101479,50.0,12.131584940610965,2302.786376953125,426.2167428145716,5.208333333333333,0.36638087806051356,161.98924870566304
82,0.940245,1.0,1,1731.8292266533476,0.0,490.345720613441,9.610776124023444,76.88620899218755,86.496985116211,1079.5517121336757,0.0,0.0,0.0,1.0,0.0,0.0,14.022929841767088,0.0,142.4602465585864,8782.26155787864,9.610776124023444,9.85894800101479,50.0,12.131584940610965,2302.786376953125,12.131584940610965,86.13425307833785,86.13425307833785,0.0,0.0,5.208333333333333,0.36638087806051356,426.2167428145716,161.98924870566304,297.7384421213592,150.0,1.0,2.2726369395961754,0.0,1841.891450263865,490.345720613441,477.9665523066951,3279.88882223117,18.492250295061705,0.0,486.8727964637168,86.13425307833785,97.05267952488772,41.666666666666664,12.379168306745884,191703555.20905304,95824833.33333333,10.0,1.0,7.853981633974483,20.0,2.5,98.17477042468104,8782.26155787864,9.610776124023444,9.85894800101479,50.0,12.131584940610965,2302.786376953125,426.2167428145716,5.208333333333333,0.36638087806051356,161.98924870566304
83,0.939738,1.0,1,1730.895387688064,0.0,490.345720613441,9.610776124023444,76.88620899218755,86.496985116211,1079.5517121336757,0.0,0.0,0.0,1.0,0.0,0.0,14.022929841767088,0.0,144.72152031348458,8782.26155787864,9.610776124023444,9.85894800101479,50.0,12.131584940610965,2302.786376953125,12.131584940610965,86.13425307833785,86.13425307833785,0.0,0.0,5.208333333333333,0.36638087806051356,426.2167428145716,161.98924870566304,297.7384421213592,150.0,1.0,2.2726369395961754,0.0,1841.891450263865,490.345720613441,477.9665523066951,3279.88882223117,18.492250295061705,0.0,486.8727964637168,86.13425307833785,97.05267952488772,41.666666666666664,12.379168306745884,191703555.20905304,95824833.33333333,10.0,1.0,7.853981633974483,20.0,2.5,98.17477042468104,8782.26155787864,9.610776124023444,9.85894800101479,50.0,12.131584940610965,2302.786376953125,426.2167428145716,5.208333333333333,0.36638087806051356,161.98924870566304
84,0.960398,1.0,1,1768.9488650505152,0.0,490.345720613441,9.610776124023444,76.88620899218755,86.496985116211,1079.5517121336757,0.0,0.0,0.0,1.0,0.0,0.0,14.022929841767088,0.0,146.98279406838276,8782.26155787864,9.610776124023444,9.85894800101479,50.0,12.131584940610965,2302.786376953125,12.131584940610965,86.13425307833785,86.13425307833785,0.0,0.0,5.208333333333333,0.36638087806051356,426.2167428145716,161.98924870566304,297.7384421213592,150.0,1.0,2.2726369395961754,0.0,1841.891450263865,490.345720613441,477.9665523066951,3279.88882223117,18.492250295061705,0.0,486.8727964637168,86.13425307833785,97.05267952488772,41.666666666666664,12.379168306745884,191703555.20905304,95824833.33333333,10.0,1.0,7.853981633974483,20.0,2.5,98.17477042468104,8782.26155787864,9.610776124023444,9.85894800101479,50.0,12.131584940610965,2302.786376953125,426.2167428145716,5.208333333333333,0.36638087806051356,161.98924870566304
85,0.979013,1.0,1,1803.2356743971773,0.0,490.345720613441,9.610776124023444,76.88620899218755,86.496985116211,1079.5517121336757,0.0,0.0,0.0,1.0,0.0,0.0,14.022929841767088,0.0,149.24406782328094,8782.26155787864,9.610776124023444,9.85894800101479,50.0,12.131584940610965,2302.786376953125,12.131584940610965,86.13425307833785,86.13425307833785,0.0,0.0,5.208333333333333,0.36638087806051356,426.2167428145716,161.98924870566304,297.7384421213592,150.0,1.0,2.2726369395961754,0.0,1841.891450263865,490.345720613441,477.9665523066951,3279.88882223117,18.492250295061705,0.0,486.8727964637168,86.13425307833785,97.05267952488772,41.666666666666664,12.379168306745884,191703555.20905304,95824833.33333333,10.0,1.0,7.853981633974483,20.0,2.5,98.17477042468104,8782.26155787864,9.610776124023444,9.85894800101479,50.0,12.131584940610965,2302.786376953125,426.2167428145716,5.208333333333333,0.36638087806051356,161.98924870566304
86,0.988997,1.0,1,1821.6251186366117,0.0,490.345720613441,9.610776124023444,76.88620899218755,86.496985116211,1079.5517121336757,0.0,0.0,0.0,1.0,0.0,0.0,14.022929841767088,0.0,151.50534157817913,8782.26155787864,9.610776124023444,9.85894800101479,50.0,12.131584940610965,2302.786376953125,12.131584940610965,86.13425307833785,86.13425307833785,0.0,0.0,5.208333333333333,0.36638087806051356,426.2167428145716,161.98924870566304,297.7384421213592,150.0,1.0,2.2726369395961754,0.0,1841.891450263865,490.345720613441,477.9665523066951,3279.88882223117,18.492250295061705,0.0,486.8727964637168,86.13425307833785,97.05267952488772,41.666666666666664,12.379168306745884,191703555.20905304,95824833.33333333,10.0,1.0,7.853981633974483,20.0,2.5,98.17477042468104,8782.26155787864,9.610776124023444,9.85894800101479,50.0,12.131584940610965,2302.786376953125,426.2167428145716,5.208333333333333,0.36638087806051356,161.98924870566304
87,0.983234,1.0,1,1811.010298208741,0.0,490.345720613441,9.610776124023444,76.88620899218755,86.496985116211,1079.5517121336757,0.0,0.0,0.0,1.0,0.0,0.0,14.022929841767088,0.0,153.7666153330773,8782.26155787864,9.610776124023444,9.85894800101479,50.0,12.131584940610965,2302.786376953125,12.131584940610965,86.13425307833785,86.13425307833785,0.0,0.0,5.208333333333333,0.36638087806051356,426.2167428145716,161.98924870566304,297.7384421213592,150.0,1.0,2.2726369395961754,0.0,1841.891450263865,490.345720613441,477.9665523066951,3279.88882223117,18.492250295061705,0.0,486.8727964637168,86.13425307833785,97.05267952488772,41.666666666666664,12.379168306745884,191703555.20905304,95824833.33333333,10.0,1.0,7.853981633974483,20.0,2.5,98.17477042468104,8782.26155787864,9.610776124023444,9.85894800101479,50.0,12.131584940610965,2302.786376953125,426.2167428145716,5.208333333333333,0.36638087806051356,161.98924870566304
88,0.974896,1.0,1,1795.652607296441,0.0,490.345720613441,9.610776124023444,76.88620899218755,86.496985116211,1795.652607296441,716.1008951627653,0.0,680.295850404627,1.0,0.0,0.0,14.022929841767088,0.0,156.0278890879755,8782.26155787864,9.610776124023444,9.85894800101479,50.0,12.131584940610965,2302.786376953125,12.131584940610965,86.13425307833785,86.13425307833785,0.0,0.0,5.208333333333333,0.36638087806051356,426.2167428145716,161.98924870566304,297.7384421213592,150.0,1.0,2.2726369395961754,0.0,1841.891450263865,490.345720613441,477.9665523066951,3279.88882223117,18.492250295061705,0.0,486.8727964637168,86.13425307833785,97.05267952488772,41.666666666666664,12.379168306745884,191703555.20905304,95824833.33333333,10.0,1.0,7.853981633974483,20.0,2.5,98.17477042468104,8782.26155787864,9.610776124023444,9.85894800101479,50.0,12.131584940610965,2302.786376953125,426.2167428145716,5.208333333333333,0.36638087806051356,161.98924870566304
89,0.971291,1.0,1,1789.0125886182398,0.0,490.345720613441,9.610776124023444,76.88620899218755,86.496985116211,1079.5517121336757,0.0,0.0,680.295850404627,1.0,0.0,0.0,14.022929841767088,0.0,158.28916284287368,8782.26155787864,9.610776124023444,9.85894800101479,50.0,12.131584940610965,2302.786376953125,12.131584940610965,86.13425307833785,86.13425307833785,0.0,0.0,5.208333333333333,0.36638087806051356,426.2167428145716,161.98924870566304,297.7384421213592,150.0,1.0,2.2726369395961754,0.0,1841.891450263865,490.345720613441,477.9665523066951,3279.88882223117,18.492250295061705,0.0,486.8727964637168,86.13425307833785,97.05267952488772,41.666666666666664,12.379168306745884,191703555.20905304,95824833.33333333,10.0,1.0,7.853981633974483,20.0,2.5,98.17477042468104,8782.26155787864,9.610776124023444,9.85894800101479,50.0,12.131584940610965,2302.786376953125,426.2167428145716,5.208333333333333,0.36638087806051356,161.98924870566304
90,0.969465,1.0,1,1785.649294830058,0.0,490.345720613441,9.610776124023444,76.88620899218755,86.496985116211,1785.6492948300577,706.097582696382,0.0,1351.08855396619,1.0,0.0,0.0,14.022929841767088,0.0,160.55043659777186,8782.26155787864,9.610776124023444,9.85894800101479,50.0,12.131584940610965,2302.786376953125,12.131584940610965,86.13425307833785,86.13425307833785,0.0,0.0,5.208333333333333,0.36638087806051356,426.2167428145716,161.98924870566304,297.7384421213592,150.0,1.0,2.2726369395961754,0.0,1841.891450263865,490.345720613441,477.9665523066951,3279.88882223117,18.492250295061705,0.0,486.8727964637168,86.13425307833785,97.05267952488772,41.666666666666664,12.379168306745884,191703555.20905304,95824833.33333333,10.0,1.0,7.853981633974483,20.0,2.5,98.17477042468104,8782.26155787864,9.610776124023444,9.85894800101479,50.0,12.131584940610965,2302.786376953125,426.2167428145716,5.208333333333333,0.36638087806051356,161.98924870566304
91,0.96611,1.0,1,1779.4697490144226,0.0,490.345720613441,9.610776124023444,76.88620899218755,86.496985116211,1079.5517121336757,0.0,0.0,1351.08855396619,1.0,0.0,0.0,14.022929841767088,0.0,162.81171035267005,8782.26155787864,9.610776124023444,9.85894800101479,50.0,12.131584940610965,2302.786376953125,12.131584940610965,86.13425307833785,86.13425307833785,0.0,0.0,5.208333333333333,0.36638087806051356,426.2167428145716,161.98924870566304,297.7384421213592,150.0,1.0,2.2726369395961754,0.0,1841.891450263865,490.345720613441,477.9665523066951,3279.88882223117,18.492250295061705,0.0,486.8727964637168,86.13425307833785,97.05267952488772,41.666666666666664,12.379168306745884,191703555.20905304,95824833.33333333,10.0,1.0,7.853981633974483,20.0,2.5,98.17477042468104,8782.26155787864,9.610776124023444,9.85894800101479,50.0,12.131584940610965,2302.786376953125,426.2167428145716,5.208333333333333,0.36638087806051356,161.98924870566304
92,0.9591,1.0,1,1766.5580899480728,0.0,490.345720613441,9.610776124023444,76.88620899218755,86.496985116211,1766.5580899480726,687.006377814397,0.0,2003.7446128898669,1.0,0.0,0.0,14.022929841767088,0.0,165.07298410756823,8782.26155787864,9.610776124023444,9.85894800101479,50.0,12.131584940610965,2302.786376953125,12.131584940610965,86.13425307833785,86.13425307833785,0.0,0.0,5.208333333333333,0.36638087806051356,426.2167428145716,161.98924870566304,297.7384421213592,150.0,1.0,2.2726369395961754,0.0,1841.891450263865,490.345720613441,477.9665523066951,3279.88882223117,18.492250295061705,0.0,486.8727964637168,86.13425307833785,97.05267952488772,41.666666666666664,12.379168306745884,191703555.20905304,95824833.33333333,10.0,1.0,7.853981633974483,20.0,2.5,98.17477042468104,8782.26155787864,9.610776124023444,9.85894800101479,50.0,12.131584940610965,2302.786376953125,426.2167428145716,5.208333333333333,0.36638087806051356,161.98924870566304
93,0.968457,1.0,1,1783.7926682481918,0.0,490.345720613441,9.610776124023444,76.88620899218755,86.496985116211,1708.9210496855467,629.369337551871,0.0,2601.6454835641443,1.0,0.0,0.0,14.022929841767088,0.0,167.33425786246642,8782.26155787864,9.610776124023444,9.85894800101479,50.0,12.131584940610965,2302.786376953125,12.131584940610965,86.13425307833785,86.13425307833785,0.0,0.0,5.208333333333333,0.36638087806051356,426.2167428145716,161.98924870566304,297.7384421213592,150.0,1.0,2.2726369395961754,0.0,1841.891450263865,490.345720613441,477.9665523066951,3279.88882223117,18.492250295061705,0.0,486.8727964637168,86.13425307833785,97.05267952488772,41.666666666666664,12.379168306745884,191703555.20905304,95824833.33333333,10.0,1.0,7.853981633974483,20.0,2.5,98.17477042468104,8782.26155787864,9.610776124023444,9.85894800101479,50.0,12.131584940610965,2302.786376953125,426.2167428145716,5.208333333333333,0.36638087806051356,161.98924870566304
94,0.973723,1.0,1,1793.4920686252815,0.0,490.345720613441,9.610776124023444,76.88620899218755,86.496985116211,1793.4920686252815,713.9403564916058,0.0,3279.88882223117,1.0,0.0,0.0,14.022929841767088,0.0,169.5955316173646,8782.26155787864,9.610776124023444,9.85894800101479,50.0,12.131584940610965,2302.786376953125,12.131584940610965,86.13425307833785,86.13425307833785,0.0,0.0,5.208333333333333,0.36638087806051356,426.2167428145716,161.98924870566304,297.7384421213592,150.0,1.0,2.2726369395961754,0.0,1841.891450263865,490.345720613441,477.9665523066951,3279.88882223117,18.492250295061705,0.0,486.8727964637168,86.13425307833785,97.05267952488772,41.666666666666664,12.379168306745884,191703555.20905304,95824833.33333333,10.0,1.0,7.853981633974483,20.0,2.5,98.17477042468104,8782.26155787864,9.610776124023444,9.85894800101479,50.0,12.131584940610965,2302.786376953125,426.2167428145716,5.208333333333333,0.36638087806051356,161.98924870566304
95,0.983134,1.0,1,1810.8261090637145,0.0,490.345720613441,9.610776124023444,76.88620899218755,86.496985116211,1079.5517121336757,0.0,0.0,3279.88882223117,1.0,0.0,0.0,14.022929841767088,0.0,171.85680537226278,8782.26155787864,9.610776124023444,9.85894800101479,50.0,12.131584940610965,2302.786376953125,12.131584940610965,86.13425307833785,86.13425307833785,0.0,0.0,5.208333333333333,0.36638087806051356,426.2167428145716,161.98924870566304,297.7384421213592,150.0,1.0,2.2726369395961754,0.0,1841.891450263865,490.345720613441,477.9665523066951,3279.88882223117,18.492250295061705,0.0,486.8727964637168,86.13425307833785,97.05267952488772,41.666666666666664,12.379168306745884,191703555.20905304,95824833.33333333,10.0,1.0,7.853981633974483,20.0,2.5,98.17477042468104,8782.26155787864,9.610776124023444,9.85894800101479,50.0,12.131584940610965,2302.786376953125,426.2167428145716,5.208333333333333,0.36638087806051356,161.98924870566304
96,0.506436,1.0,1,932.8001385058307,0.0,343.30594903329836,6.728796601052648,53.83037280842118,60.55916940947383,932.8001385058301,0.0,0.0,3279.88882223117,-0.0,0.0,2.881979522970796,11.082134410164235,0.0,174.11807912716097,8782.26155787864,9.610776124023444,9.85894800101479,50.0,12.131584940610965,2302.786376953125,12.131584940610965,86.13425307833785,86.13425307833785,0.0,0.0,5.208333333333333,0.36638087806051356,426.2167428145716,161.98924870566304,297.7384421213592,150.0,1.0,2.2726369395961754,0.0,1841.891450263865,490.345720613441,477.9665523066951,3279.88882223117,18.492250295061705,0.0,486.8727964637168,86.13425307833785,97.05267952488772,41.666666666666664,12.379168306745884,191703555.20905304,95824833.33333333,10.0,1.0,7.853981633974483,20.0,2.5,98.17477042468104,8782.26155787864,9.610776124023444,9.85894800101479,50.0,12.131584940610965,2302.786376953125,426.2167428145716,5.208333333333333,0.36638087806051356,161.98924870566304
97,0.5150560000000001,1.0,1,948.6772428071054,0.0,490.345720613441,9.610776124023444,76.88620899218755,86.496985116211,1079.5517121336757,0.0,130.8744693265703,3142.126222940043,-0.0,0.0,0.0,11.082134410164235,0.0,176.37935288205915,8782.26155787864,9.610776124023444,9.85894800101479,50.0,12.131584940610965,2302.786376953125,12.131584940610965,86.13425307833785,86.13425307833785,0.0,0.0,5.208333333333333,0.36638087806051356,426.2167428145716,161.98924870566304,297.7384421213592,150.0,1.0,2.2726369395961754,0.0,1841.891450263865,490.345720613441,477.9665523066951,3279.88882223117,18.492250295061705,0.0,486.8727964637168,86.13425307833785,97.05267952488772,41.666666666666664,12.379168306745884,191703555.20905304,95824833.33333333,10.0,1.0,7.853981633974483,20.0,2.5,98.17477042468104,8782.26155787864,9.610776124023444,9.85894800101479,50.0,12.131584940610965,2302.786376953125,426.2167428145716,5.208333333333333,0.36638087806051356,161.98924870566304
98,0.526399,1.0,1,969.5698175274482,0.0,490.345720613441,9.610776124023444,76.88620899218755,86.496985116211,1079.5517121336757,0.0,109.98189460622746,3026.3558075650667,-0.0,0.0,0.0,11.082134410164235,0.0,178.64062663695765,8782.26155787864,9.610776124023444,9.85894800101479,50.0,12.131584940610965,2302.786376953125,12.131584940610965,86.13425307833785,86.13425307833785,0.0,0.0,5.208333333333333,0.36638087806051356,426.2167428145716,161.98924870566304,297.7384421213592,150.0,1.0,2.2726369395961754,0.0,1841.891450263865,490.345720613441,477.9665523066951,3279.88882223117,18.492250295061705,0.0,486.8727964637168,86.13425307833785,97.05267952488772,41.666666666666664,12.379168306745884,191703555.20905304,95824833.33333333,10.0,1.0,7.853981633974483,20.0,2.5,98.17477042468104,8782.26155787864,9.610776124023444,9.85894800101479,50.0,12.131584940610965,2302.786376953125,426.2167428145716,5.208333333333333,0.36638087806051356,161.98924870566304
99,0.508755,1.0,1,937.0714847789925,0.0,347.5856835861844,6.812679398289214,54.501435186313714,61.314114584602926,937.0714847789925,0.0,0.0,3026.3558075650667,-0.0,0.0,2.7980967257342293,8.226933669619104,0.0,180.90190039185583,8782.26155787864,9.610776124023444,9.85894800101479,50.0,12.131584940610965,2302.786376953125,12.131584940610965,86.13425307833785,86.13425307833785,0.0,0.0,5.208333333333333,0.36638087806051356,426.2167428145716,161.98924870566304,297.7384421213592,150.0,1.0,2.2726369395961754,0.0,1841.891450263865,490.345720613441,477.9665523066951,3279.88882223117,18.492250295061705,0.0,486.8727964637168,86.13425307833785,97.05267952488772,41.666666666666664,12.379168306745884,191703555.20905304,95824833.33333333,10.0,1.0,7.853981633974483,20.0,2.5,98.17477042468104,8782.26155787864,9.610776124023444,9.85894800101479,50.0,12.131584940610965,2302.786376953125,426.2167428145716,5.208333333333333,0.36638087806051356,161.98924870566304
100,0.4719379999999999,1.0,1,869.2585672546278,0.0,279.63959172176544,5.480935997746602,43.84748798197282,49.32842397971942,869.2585672546278,0.0,0.0,3026.3558075650667,-0.0,0.0,4.129840126276841,4.012811091785592,0.0,183.16317414675402,8782.26155787864,9.610776124023444,9.85894800101479,50.0,12.131584940610965,2302.786376953125,12.131584940610965,86.13425307833785,86.13425307833785,0.0,0.0,5.208333333333333,0.36638087806051356,426.2167428145716,161.98924870566304,297.7384421213592,150.0,1.0,2.2726369395961754,0.0,1841.891450263865,490.345720613441,477.9665523066951,3279.88882223117,18.492250295061705,0.0,486.8727964637168,86.13425307833785,97.05267952488772,41.666666666666664,12.379168306745884,191703555.20905304,95824833.33333333,10.0,1.0,7.853981633974483,20.0,2.5,98.17477042468104,8782.26155787864,9.610776124023444,9.85894800101479,50.0,12.131584940610965,2302.786376953125,426.2167428145716,5.208333333333333,0.36638087806051356,161.98924870566304
101,0.432259,1.0,1,796.174156399608,0.0,490.345720613441,9.610776124023444,76.88620899218755,86.496985116211,1079.5517121336757,0.0,283.37755573406776,2728.0636436344694,-0.0,0.0,0.0,4.012811091785592,0.0,185.4244479016522,8782.26155787864,9.610776124023444,9.85894800101479,50.0,12.131584940610965,2302.786376953125,12.131584940610965,86.13425307833785,86.13425307833785,0.0,0.0,5.208333333333333,0.36638087806051356,426.2167428145716,161.98924870566304,297.7384421213592,150.0,1.0,2.2726369395961754,0.0,1841.891450263865,490.345720613441,477.9665523066951,3279.88882223117,18.492250295061705,0.0,486.8727964637168,86.13425307833785,97.05267952488772,41.666666666666664,12.379168306745884,191703555.20905304,95824833.33333333,10.0,1.0,7.853981633974483,20.0,2.5,98.17477042468104,8782.26155787864,9.610776124023444,9.85894800101479,50.0,12.131584940610965,2302.786376953125,426.2167428145716,5.208333333333333,0.36638087806051356,161.98924870566304
102,0.3873999999999999,-0.0,1,713.5487478322211,0.0,490.345720613441,9.610776124023444,76.88620899218755,86.496985116211,713.5487478322211,40.99222626507017,0.0,2767.006258586286,1.0,9.610776124023444,0.0,13.431371693328567,0.0,175.515957448371,0.0,0.0,9.85894800101479,50.0,0.0,0.0,0.0,0.0,0.0,0.0,0.0,5.208333333333333,0.36638087806051356,0.0,161.98924870566304,9080.0,150.0,0.0,0.0,9.858948001014781,1841.891450263865,490.345720613441,477.9665523066951,3279.88882223117,18.492250295061705,0.0,486.8727964637168,86.13425307833785,97.05267952488772,41.666666666666664,12.379168306745884,191703555.20905304,95824833.33333333,10.0,1.0,7.853981633974483,20.0,2.5,98.17477042468104,8782.26155787864,9.610776124023444,9.85894800101479,50.0,12.131584940610965,2302.786376953125,426.2167428145716,5.208333333333333,0.36638087806051356,161.98924870566304
103,0.324,1.0,1,596.7728298854922,0.0,309.1228565604537,6.058807988584893,48.47046390867914,54.52927189726404,898.6840448942322,0.0,301.91121500874,2449.204979629718,-0.0,0.0,3.5519681354385506,9.80691441226882,0.0,177.7772312032692,8782.26155787864,9.610776124023444,9.85894800101479,50.0,12.131584940610965,2302.786376953125,12.131584940610965,86.13425307833785,86.13425307833785,0.0,0.0,5.208333333333333,0.36638087806051356,426.2167428145716,161.98924870566304,297.7384421213592,150.0,1.0,2.2726369395961754,0.0,1841.891450263865,490.345720613441,477.9665523066951,3279.88882223117,18.492250295061705,0.0,486.8727964637168,86.13425307833785,97.05267952488772,41.666666666666664,12.379168306745884,191703555.20905304,95824833.33333333,10.0,1.0,7.853981633974483,20.0,2.5,98.17477042468104,8782.26155787864,9.610776124023444,9.85894800101479,50.0,12.131584940610965,2302.786376953125,426.2167428145716,5.208333333333333,0.36638087806051356,161.98924870566304
104,0.218768,1.0,1,402.9469087913252,0.0,0.0,0.0,0.0,0.0,590.167069132637,0.0,187.22016034131178,2252.1311266388634,-0.0,0.0,9.610776124023444,0.0,0.0,180.0385049581674,8782.26155787864,9.610776124023444,9.85894800101479,50.0,12.131584940610965,2302.786376953125,12.131584940610965,86.13425307833785,86.13425307833785,0.0,0.0,5.208333333333333,0.36638087806051356,426.2167428145716,161.98924870566304,297.7384421213592,150.0,1.0,2.2726369395961754,0.0,1841.891450263865,490.345720613441,477.9665523066951,3279.88882223117,18.492250295061705,0.0,486.8727964637168,86.13425307833785,97.05267952488772,41.666666666666664,12.379168306745884,191703555.20905304,95824833.33333333,10.0,1.0,7.853981633974483,20.0,2.5,98.17477042468104,8782.26155787864,9.610776124023444,9.85894800101479,50.0,12.131584940610965,2302.786376953125,426.2167428145716,5.208333333333333,0.36638087806051356,161.98924870566304
105,0.121616,-0.0,1,224.0034706152902,0.0,58.712684670541925,1.1507686195426217,9.206148956340973,10.356917575883594,224.0034706152902,0.0,0.0,2252.1311266388634,1.0,1.1507686195426217,0.0,1.127753247151769,0.0,170.13001450488622,0.0,0.0,9.85894800101479,50.0,0.0,0.0,0.0,0.0,0.0,0.0,0.0,5.208333333333333,0.36638087806051356,0.0,161.98924870566304,9080.0,150.0,0.0,0.0,9.85894800101478,1841.891450263865,490.345720613441,477.9665523066951,3279.88882223117,18.492250295061705,0.0,486.8727964637168,86.13425307833785,97.05267952488772,41.666666666666664,12.379168306745884,191703555.20905304,95824833.33333333,10.0,1.0,7.853981633974483,20.0,2.5,98.17477042468104,8782.26155787864,9.610776124023444,9.85894800101479,50.0,12.131584940610965,2302.786376953125,426.2167428145716,5.208333333333333,0.36638087806051356,161.98924870566304
106,0.055934,-0.0,1,103.02435637905901,0.0,0.0,0.0,0.0,0.0,162.98924870566304,0.0,59.96489232660403,2189.0101873477015,-0.0,0.0,0.0,1.127753247151769,0.0,160.22152405160506,0.0,0.0,9.85894800101479,50.0,0.0,0.0,0.0,0.0,0.0,0.0,0.0,5.208333333333333,0.36638087806051356,0.0,161.98924870566304,9080.0,150.0,0.0,0.0,9.858948001014767,1841.891450263865,490.345720613441,477.9665523066951,3279.88882223117,18.492250295061705,0.0,486.8727964637168,86.13425307833785,97.05267952488772,41.666666666666664,12.379168306745884,191703555.20905304,95824833.33333333,10.0,1.0,7.853981633974483,20.0,2.5,98.17477042468104,8782.26155787864,9.610776124023444,9.85894800101479,50.0,12.131584940610965,2302.786376953125,426.2167428145716,5.208333333333333,0.36638087806051356,161.98924870566304
107,0.052838,1.0,1,97.3218604490421,0.0,484.965525518074,9.50532430015425,76.042594401234,85.54791870138826,1074.1820622206956,0.0,976.8602017716529,1160.7362907459615,-0.0,0.0,0.10545182386919347,1.0201493452444288,0.0,162.48279780650324,8782.26155787864,9.610776124023444,9.85894800101479,50.0,12.131584940610965,2302.786376953125,12.131584940610965,86.13425307833785,86.13425307833785,0.0,0.0,5.208333333333333,0.36638087806051356,426.2167428145716,161.98924870566304,297.7384421213592,150.0,1.0,2.2726369395961754,0.0,1841.891450263865,490.345720613441,477.9665523066951,3279.88882223117,18.492250295061705,0.0,486.8727964637168,86.13425307833785,97.05267952488772,41.666666666666664,12.379168306745884,191703555.20905304,95824833.33333333,10.0,1.0,7.853981633974483,20.0,2.5,98.17477042468104,8782.26155787864,9.610776124023444,9.85894800101479,50.0,12.131584940610965,2302.786376953125,426.2167428145716,5.208333333333333,0.36638087806051356,161.98924870566304
108,0.11756,1.0,1,216.53275889301997,0.0,490.345720613441,9.610776124023444,76.88620899218755,86.496985116211,1079.5517121336757,0.0,863.0189532406557,252.29528733474496,-0.0,0.0,0.0,1.0201493452444288,0.0,164.74407156140146,8782.26155787864,9.610776124023444,9.85894800101479,50.0,12.131584940610965,2302.786376953125,12.131584940610965,86.13425307833785,86.13425307833785,0.0,0.0,5.208333333333333,0.36638087806051356,426.2167428145716,161.98924870566304,297.7384421213592,150.0,1.0,2.2726369395961754,0.0,1841.891450263865,490.345720613441,477.9665523066951,3279.88882223117,18.492250295061705,0.0,486.8727964637168,86.13425307833785,97.05267952488772,41.666666666666664,12.379168306745884,191703555.20905304,95824833.33333333,10.0,1.0,7.853981633974483,20.0,2.5,98.17477042468104,8782.26155787864,9.610776124023444,9.85894800101479,50.0,12.131584940610965,2302.786376953125,426.2167428145716,5.208333333333333,0.36638087806051356,161.98924870566304
109,0.261714,-0.0,1,482.04877901435714,0.0,307.02418236017525,6.017673974259434,48.141391794075474,54.15906576833491,482.04877901435714,0.0,0.0,252.29528733474496,1.0,6.017673974259434,0.0,6.917469840018674,0.0,154.83558110812024,0.0,0.0,9.85894800101479,50.0,0.0,0.0,0.0,0.0,0.0,0.0,0.0,5.208333333333333,0.36638087806051356,0.0,161.98924870566304,9080.0,150.0,0.0,0.0,9.858948001014781,1841.891450263865,490.345720613441,477.9665523066951,3279.88882223117,18.492250295061705,0.0,486.8727964637168,86.13425307833785,97.05267952488772,41.666666666666664,12.379168306745884,191703555.20905304,95824833.33333333,10.0,1.0,7.853981633974483,20.0,2.5,98.17477042468104,8782.26155787864,9.610776124023444,9.85894800101479,50.0,12.131584940610965,2302.786376953125,426.2167428145716,5.208333333333333,0.36638087806051356,161.98924870566304
110,0.455983,1.0,1,839.8711891656679,0.0,490.345720613441,9.610776124023444,76.88620899218755,86.496985116211,1079.5517121336757,0.0,239.68052296800772,0.0,-0.0,0.0,0.0,6.917469840018674,0.0,157.09685486301842,8782.26155787864,9.610776124023444,9.85894800101479,50.0,12.131584940610965,2302.786376953125,12.131584940610965,86.13425307833785,86.13425307833785,0.0,0.0,5.208333333333333,0.36638087806051356,426.2167428145716,161.98924870566304,297.7384421213592,150.0,1.0,2.2726369395961754,0.0,1841.891450263865,490.345720613441,477.9665523066951,3279.88882223117,18.492250295061705,0.0,486.8727964637168,86.13425307833785,97.05267952488772,41.666666666666664,12.379168306745884,191703555.20905304,95824833.33333333,10.0,1.0,7.853981633974483,20.0,2.5,98.17477042468104,8782.26155787864,9.610776124023444,9.85894800101479,50.0,12.131584940610965,2302.786376953125,426.2167428145716,5.208333333333333,0.36638087806051356,161.98924870566304
111,0.6050399999999999,1.0,1,1114.4180030676487,0.0,490.345720613441,9.610776124023444,76.88620899218755,86.496985116211,1079.5517121336757,0.0,0.0,0.0,1.0,0.0,0.0,6.917469840018674,0.0,159.35812861791666,8782.26155787864,9.610776124023444,9.85894800101479,50.0,12.131584940610965,2302.786376953125,12.131584940610965,86.13425307833785,86.13425307833785,0.0,0.0,5.208333333333333,0.36638087806051356,426.2167428145716,161.98924870566304,297.7384421213592,150.0,1.0,2.2726369395961754,0.0,1841.891450263865,490.345720613441,477.9665523066951,3279.88882223117,18.492250295061705,0.0,486.8727964637168,86.13425307833785,97.05267952488772,41.666666666666664,12.379168306745884,191703555.20905304,95824833.33333333,10.0,1.0,7.853981633974483,20.0,2.5,98.17477042468104,8782.26155787864,9.610776124023444,9.85894800101479,50.0,12.131584940610965,2302.786376953125,426.2167428145716,5.208333333333333,0.36638087806051356,161.98924870566304
112,0.6698959999999999,1.0,1,1233.875714965962,0.0,490.345720613441,9.610776124023444,76.88620899218755,86.496985116211,1233.8757149659623,154.3240028322865,0.0,146.60780269067217,1.0,0.0,0.0,6.917469840018674,0.0,161.61940237281485,8782.26155787864,9.610776124023444,9.85894800101479,50.0,12.131584940610965,2302.786376953125,12.131584940610965,86.13425307833785,86.13425307833785,0.0,0.0,5.208333333333333,0.36638087806051356,426.2167428145716,161.98924870566304,297.7384421213592,150.0,1.0,2.2726369395961754,0.0,1841.891450263865,490.345720613441,477.9665523066951,3279.88882223117,18.492250295061705,0.0,486.8727964637168,86.13425307833785,97.05267952488772,41.666666666666664,12.379168306745884,191703555.20905304,95824833.33333333,10.0,1.0,7.853981633974483,20.0,2.5,98.17477042468104,8782.26155787864,9.610776124023444,9.85894800101479,50.0,12.131584940610965,2302.786376953125,426.2167428145716,5.208333333333333,0.36638087806051356,161.98924870566304
113,0.689994,1.0,1,1270.8940493333653,0.0,490.345720613441,9.610776124023444,76.88620899218755,86.496985116211,1079.5517121336757,0.0,0.0,146.60780269067217,1.0,0.0,0.0,6.917469840018674,0.0,163.88067612771303,8782.26155787864,9.610776124023444,9.85894800101479,50.0,12.131584940610965,2302.786376953125,12.131584940610965,86.13425307833785,86.13425307833785,0.0,0.0,5.208333333333333,0.36638087806051356,426.2167428145716,161.98924870566304,297.7384421213592,150.0,1.0,2.2726369395961754,0.0,1841.891450263865,490.345720613441,477.9665523066951,3279.88882223117,18.492250295061705,0.0,486.8727964637168,86.13425307833785,97.05267952488772,41.666666666666664,12.379168306745884,191703555.20905304,95824833.33333333,10.0,1.0,7.853981633974483,20.0,2.5,98.17477042468104,8782.26155787864,9.610776124023444,9.85894800101479,50.0,12.131584940610965,2302.786376953125,426.2167428145716,5.208333333333333,0.36638087806051356,161.98924870566304
114,0.70758,1.0,1,1303.2855523777055,0.0,490.345720613441,9.610776124023444,76.88620899218755,86.496985116211,1303.2855523777057,223.73384024402992,0.0,359.1549509225006,1.0,0.0,0.0,6.917469840018674,0.0,166.14194988261121,8782.26155787864,9.610776124023444,9.85894800101479,50.0,12.131584940610965,2302.786376953125,12.131584940610965,86.13425307833785,86.13425307833785,0.0,0.0,5.208333333333333,0.36638087806051356,426.2167428145716,161.98924870566304,297.7384421213592,150.0,1.0,2.2726369395961754,0.0,1841.891450263865,490.345720613441,477.9665523066951,3279.88882223117,18.492250295061705,0.0,486.8727964637168,86.13425307833785,97.05267952488772,41.666666666666664,12.379168306745884,191703555.20905304,95824833.33333333,10.0,1.0,7.853981633974483,20.0,2.5,98.17477042468104,8782.26155787864,9.610776124023444,9.85894800101479,50.0,12.131584940610965,2302.786376953125,426.2167428145716,5.208333333333333,0.36638087806051356,161.98924870566304
115,0.7372609999999999,1.0,1,1357.9547325129872,0.0,490.345720613441,9.610776124023444,76.88620899218755,86.496985116211,1357.9547325129874,278.40302037931167,0.0,623.6378202828466,1.0,0.0,0.0,6.917469840018674,0.0,168.40322363750934,8782.26155787864,9.610776124023444,9.85894800101479,50.0,12.131584940610965,2302.786376953125,12.131584940610965,86.13425307833785,86.13425307833785,0.0,0.0,5.208333333333333,0.36638087806051356,426.2167428145716,161.98924870566304,297.7384421213592,150.0,1.0,2.2726369395961754,0.0,1841.891450263865,490.345720613441,477.9665523066951,3279.88882223117,18.492250295061705,0.0,486.8727964637168,86.13425307833785,97.05267952488772,41.666666666666664,12.379168306745884,191703555.20905304,95824833.33333333,10.0,1.0,7.853981633974483,20.0,2.5,98.17477042468104,8782.26155787864,9.610776124023444,9.85894800101479,50.0,12.131584940610965,2302.786376953125,426.2167428145716,5.208333333333333,0.36638087806051356,161.98924870566304
116,0.755937,1.0,1,1392.3538972381152,0.0,490.345720613441,9.610776124023444,76.88620899218755,86.496985116211,1392.3538972381152,312.80218510443945,0.0,920.7998961320641,1.0,0.0,0.0,6.917469840018674,0.0,170.66449739240753,8782.26155787864,9.610776124023444,9.85894800101479,50.0,12.131584940610965,2302.786376953125,12.131584940610965,86.13425307833785,86.13425307833785,0.0,0.0,5.208333333333333,0.36638087806051356,426.2167428145716,161.98924870566304,297.7384421213592,150.0,1.0,2.2726369395961754,0.0,1841.891450263865,490.345720613441,477.9665523066951,3279.88882223117,18.492250295061705,0.0,486.8727964637168,86.13425307833785,97.05267952488772,41.666666666666664,12.379168306745884,191703555.20905304,95824833.33333333,10.0,1.0,7.853981633974483,20.0,2.5,98.17477042468104,8782.26155787864,9.610776124023444,9.85894800101479,50.0,12.131584940610965,2302.786376953125,426.2167428145716,5.208333333333333,0.36638087806051356,161.98924870566304
117,0.749204,1.0,1,1379.9524421034887,0.0,490.345720613441,9.610776124023444,76.88620899218755,86.496985116211,1379.952442103489,300.40072996981314,0.0,1206.1805896033866,1.0,0.0,0.0,6.917469840018674,0.0,172.9257711473057,8782.26155787864,9.610776124023444,9.85894800101479,50.0,12.131584940610965,2302.786376953125,12.131584940610965,86.13425307833785,86.13425307833785,0.0,0.0,5.208333333333333,0.36638087806051356,426.2167428145716,161.98924870566304,297.7384421213592,150.0,1.0,2.2726369395961754,0.0,1841.891450263865,490.345720613441,477.9665523066951,3279.88882223117,18.492250295061705,0.0,486.8727964637168,86.13425307833785,97.05267952488772,41.666666666666664,12.379168306745884,191703555.20905304,95824833.33333333,10.0,1.0,7.853981633974483,20.0,2.5,98.17477042468104,8782.26155787864,9.610776124023444,9.85894800101479,50.0,12.131584940610965,2302.786376953125,426.2167428145716,5.208333333333333,0.36638087806051356,161.98924870566304
118,0.736367,1.0,1,1356.3080815564515,0.0,490.345720613441,9.610776124023444,76.88620899218755,86.496985116211,1079.5517121336757,0.0,0.0,1206.1805896033866,1.0,0.0,0.0,6.917469840018674,0.0,175.1870449022039,8782.26155787864,9.610776124023444,9.85894800101479,50.0,12.131584940610965,2302.786376953125,12.131584940610965,86.13425307833785,86.13425307833785,0.0,0.0,5.208333333333333,0.36638087806051356,426.2167428145716,161.98924870566304,297.7384421213592,150.0,1.0,2.2726369395961754,0.0,1841.891450263865,490.345720613441,477.9665523066951,3279.88882223117,18.492250295061705,0.0,486.8727964637168,86.13425307833785,97.05267952488772,41.666666666666664,12.379168306745884,191703555.20905304,95824833.33333333,10.0,1.0,7.853981633974483,20.0,2.5,98.17477042468104,8782.26155787864,9.610776124023444,9.85894800101479,50.0,12.131584940610965,2302.786376953125,426.2167428145716,5.208333333333333,0.36638087806051356,161.98924870566304
119,0.73172,1.0,1,1347.7488119870754,0.0,490.345720613441,9.610776124023444,76.88620899218755,86.496985116211,1079.5517121336757,0.0,0.0,1206.1805896033866,1.0,0.0,0.0,6.917469840018674,0.0,177.44831865710208,8782.26155787864,9.610776124023444,9.85894800101479,50.0,12.131584940610965,2302.786376953125,12.131584940610965,86.13425307833785,86.13425307833785,0.0,0.0,5.208333333333333,0.36638087806051356,426.2167428145716,161.98924870566304,297.7384421213592,150.0,1.0,2.2726369395961754,0.0,1841.891450263865,490.345720613441,477.9665523066951,3279.88882223117,18.492250295061705,0.0,486.8727964637168,86.13425307833785,97.05267952488772,41.666666666666664,12.379168306745884,191703555.20905304,95824833.33333333,10.0,1.0,7.853981633974483,20.0,2.5,98.17477042468104,8782.26155787864,9.610776124023444,9.85894800101479,50.0,12.131584940610965,2302.786376953125,426.2167428145716,5.208333333333333,0.36638087806051356,161.98924870566304
120,0.97928,1.0,1,1803.7274594143978,0.0,490.345720613441,9.610776124023444,76.88620899218755,86.496985116211,1079.5517121336757,0.0,0.0,1206.1805896033866,1.0,0.0,0.0,6.917469840018674,0.0,179.70959241200026,8782.26155787864,9.610776124023444,9.85894800101479,50.0,12.131584940610965,2302.786376953125,12.131584940610965,86.13425307833785,86.13425307833785,0.0,0.0,5.208333333333333,0.36638087806051356,426.2167428145716,161.98924870566304,297.7384421213592,150.0,1.0,2.2726369395961754,0.0,1841.891450263865,490.345720613441,477.9665523066951,3279.88882223117,18.492250295061705,0.0,486.8727964637168,86.13425307833785,97.05267952488772,41.666666666666664,12.379168306745884,191703555.20905304,95824833.33333333,10.0,1.0,7.853981633974483,20.0,2.5,98.17477042468104,8782.26155787864,9.610776124023444,9.85894800101479,50.0,12.131584940610965,2302.786376953125,426.2167428145716,5.208333333333333,0.36638087806051356,161.98924870566304
121,0.969782,1.0,1,1786.2331744197916,0.0,490.345720613441,9.610776124023444,76.88620899218755,86.496985116211,1079.5517121336757,0.0,0.0,1206.1805896033866,1.0,0.0,0.0,6.917469840018674,0.0,181.97086616689845,8782.26155787864,9.610776124023444,9.85894800101479,50.0,12.131584940610965,2302.786376953125,12.131584940610965,86.13425307833785,86.13425307833785,0.0,0.0,5.208333333333333,0.36638087806051356,426.2167428145716,161.98924870566304,297.7384421213592,150.0,1.0,2.2726369395961754,0.0,1841.891450263865,490.345720613441,477.9665523066951,3279.88882223117,18.492250295061705,0.0,486.8727964637168,86.13425307833785,97.05267952488772,41.666666666666664,12.379168306745884,191703555.20905304,95824833.33333333,10.0,1.0,7.853981633974483,20.0,2.5,98.17477042468104,8782.26155787864,9.610776124023444,9.85894800101479,50.0,12.131584940610965,2302.786376953125,426.2167428145716,5.208333333333333,0.36638087806051356,161.98924870566304
122,0.983215,1.0,1,1810.975302271186,0.0,490.345720613441,9.610776124023444,76.88620899218755,86.496985116211,1079.5517121336757,0.0,0.0,1206.1805896033866,1.0,0.0,0.0,6.917469840018674,0.0,184.23213992179663,8782.26155787864,9.610776124023444,9.85894800101479,50.0,12.131584940610965,2302.786376953125,12.131584940610965,86.13425307833785,86.13425307833785,0.0,0.0,5.208333333333333,0.36638087806051356,426.2167428145716,161.98924870566304,297.7384421213592,150.0,1.0,2.2726369395961754,0.0,1841.891450263865,490.345720613441,477.9665523066951,3279.88882223117,18.492250295061705,0.0,486.8727964637168,86.13425307833785,97.05267952488772,41.666666666666664,12.379168306745884,191703555.20905304,95824833.33333333,10.0,1.0,7.853981633974483,20.0,2.5,98.17477042468104,8782.26155787864,9.610776124023444,9.85894800101479,50.0,12.131584940610965,2302.786376953125,426.2167428145716,5.208333333333333,0.36638087806051356,161.98924870566304
123,0.984622,1.0,1,1813.5668435417072,0.0,490.345720613441,9.610776124023444,76.88620899218755,86.496985116211,1079.5517121336757,0.0,0.0,1206.1805896033866,1.0,0.0,0.0,6.917469840018674,0.0,186.49341367669481,8782.26155787864,9.610776124023444,9.85894800101479,50.0,12.131584940610965,2302.786376953125,12.131584940610965,86.13425307833785,86.13425307833785,0.0,0.0,5.208333333333333,0.36638087806051356,426.2167428145716,161.98924870566304,297.7384421213592,150.0,1.0,2.2726369395961754,0.0,1841.891450263865,490.345720613441,477.9665523066951,3279.88882223117,18.492250295061705,0.0,486.8727964637168,86.13425307833785,97.05267952488772,41.666666666666664,12.379168306745884,191703555.20905304,95824833.33333333,10.0,1.0,7.853981633974483,20.0,2.5,98.17477042468104,8782.26155787864,9.610776124023444,9.85894800101479,50.0,12.131584940610965,2302.786376953125,426.2167428145716,5.208333333333333,0.36638087806051356,161.98924870566304
124,0.974388,1.0,1,1794.7169264397069,0.0,490.345720613441,9.610776124023444,76.88620899218755,86.496985116211,1794.7169264397069,715.1652143060312,0.0,1885.5875431941163,1.0,0.0,0.0,6.917469840018674,0.0,188.754687431593,8782.26155787864,9.610776124023444,9.85894800101479,50.0,12.131584940610965,2302.786376953125,12.131584940610965,86.13425307833785,86.13425307833785,0.0,0.0,5.208333333333333,0.36638087806051356,426.2167428145716,161.98924870566304,297.7384421213592,150.0,1.0,2.2726369395961754,0.0,1841.891450263865,490.345720613441,477.9665523066951,3279.88882223117,18.492250295061705,0.0,486.8727964637168,86.13425307833785,97.05267952488772,41.666666666666664,12.379168306745884,191703555.20905304,95824833.33333333,10.0,1.0,7.853981633974483,20.0,2.5,98.17477042468104,8782.26155787864,9.610776124023444,9.85894800101479,50.0,12.131584940610965,2302.786376953125,426.2167428145716,5.208333333333333,0.36638087806051356,161.98924870566304
125,0.951277,1.0,1,1752.1489731326587,0.0,490.345720613441,9.610776124023444,76.88620899218755,86.496985116211,1752.1489731326585,672.5972609989828,0.0,2524.55494114315,1.0,0.0,0.0,6.917469840018674,0.0,191.01596118649118,8782.26155787864,9.610776124023444,9.85894800101479,50.0,12.131584940610965,2302.786376953125,12.131584940610965,86.13425307833785,86.13425307833785,0.0,0.0,5.208333333333333,0.36638087806051356,426.2167428145716,161.98924870566304,297.7384421213592,150.0,1.0,2.2726369395961754,0.0,1841.891450263865,490.345720613441,477.9665523066951,3279.88882223117,18.492250295061705,0.0,486.8727964637168,86.13425307833785,97.05267952488772,41.666666666666664,12.379168306745884,191703555.20905304,95824833.33333333,10.0,1.0,7.853981633974483,20.0,2.5,98.17477042468104,8782.26155787864,9.610776124023444,9.85894800101479,50.0,12.131584940610965,2302.786376953125,426.2167428145716,5.208333333333333,0.36638087806051356,161.98924870566304
126,0.9083,1.0,1,1672.9900042746685,0.0,490.345720613441,9.610776124023444,76.88620899218755,86.496985116211,1438.028435735597,358.4767236019214,0.0,2865.107828564975,1.0,0.0,0.0,6.917469840018674,0.0,193.27723494138937,8782.26155787864,9.610776124023444,9.85894800101479,50.0,12.131584940610965,2302.786376953125,12.131584940610965,86.13425307833785,86.13425307833785,0.0,0.0,5.208333333333333,0.36638087806051356,426.2167428145716,161.98924870566304,297.7384421213592,150.0,1.0,2.2726369395961754,0.0,1841.891450263865,490.345720613441,477.9665523066951,3279.88882223117,18.492250295061705,0.0,486.8727964637168,86.13425307833785,97.05267952488772,41.666666666666664,12.379168306745884,191703555.20905304,95824833.33333333,10.0,1.0,7.853981633974483,20.0,2.5,98.17477042468104,8782.26155787864,9.610776124023444,9.85894800101479,50.0,12.131584940610965,2302.786376953125,426.2167428145716,5.208333333333333,0.36638087806051356,161.98924870566304
127,0.840767,1.0,1,1548.601548963999,0.0,490.345720613441,9.610776124023444,76.88620899218755,86.496985116211,1079.5517121336757,0.0,0.0,2865.107828564975,1.0,0.0,0.0,6.917469840018674,0.0,195.53850869628766,8782.26155787864,9.610776124023444,9.85894800101479,50.0,12.131584940610965,2302.786376953125,12.131584940610965,86.13425307833785,86.13425307833785,0.0,0.0,5.208333333333333,0.36638087806051356,426.2167428145716,161.98924870566304,297.7384421213592,150.0,1.0,2.2726369395961754,0.0,1841.891450263865,490.345720613441,477.9665523066951,3279.88882223117,18.492250295061705,0.0,486.8727964637168,86.13425307833785,97.05267952488772,41.666666666666664,12.379168306745884,191703555.20905304,95824833.33333333,10.0,1.0,7.853981633974483,20.0,2.5,98.17477042468104,8782.26155787864,9.610776124023444,9.85894800101479,50.0,12.131584940610965,2302.786376953125,426.2167428145716,5.208333333333333,0.36638087806051356,161.98924870566304
128,0.7579940000000001,1.0,1,1396.142667951308,0.0,490.345720613441,9.610776124023444,76.88620899218755,86.496985116211,1396.1426679513083,316.59095581763256,0.0,3165.869236591726,1.0,0.0,0.0,6.917469840018674,0.0,197.79978245118585,8782.26155787864,9.610776124023444,9.85894800101479,50.0,12.131584940610965,2302.786376953125,12.131584940610965,86.13425307833785,86.13425307833785,0.0,0.0,5.208333333333333,0.36638087806051356,426.2167428145716,161.98924870566304,297.7384421213592,150.0,1.0,2.2726369395961754,0.0,1841.891450263865,490.345720613441,477.9665523066951,3279.88882223117,18.492250295061705,0.0,486.8727964637168,86.13425307833785,97.05267952488772,41.666666666666664,12.379168306745884,191703555.20905304,95824833.33333333,10.0,1.0,7.853981633974483,20.0,2.5,98.17477042468104,8782.26155787864,9.610776124023444,9.85894800101479,50.0,12.131584940610965,2302.786376953125,426.2167428145716,5.208333333333333,0.36638087806051356,161.98924870566304
129,0.6512720000000001,1.0,1,1199.572328596248,0.0,490.345720613441,9.610776124023444,76.88620899218755,86.496985116211,1199.572328596248,120.02061646257232,0.0,3279.88882223117,1.0,0.0,0.0,6.917469840018674,0.0,200.06105620608403,8782.26155787864,9.610776124023444,9.85894800101479,50.0,12.131584940610965,2302.786376953125,12.131584940610965,86.13425307833785,86.13425307833785,0.0,0.0,5.208333333333333,0.36638087806051356,426.2167428145716,161.98924870566304,297.7384421213592,150.0,1.0,2.2726369395961754,0.0,1841.891450263865,490.345720613441,477.9665523066951,3279.88882223117,18.492250295061705,0.0,486.8727964637168,86.13425307833785,97.05267952488772,41.666666666666664,12.379168306745884,191703555.20905304,95824833.33333333,10.0,1.0,7.853981633974483,20.0,2.5,98.17477042468104,8782.26155787864,9.610776124023444,9.85894800101479,50.0,12.131584940610965,2302.786376953125,426.2167428145716,5.208333333333333,0.36638087806051356,161.98924870566304
130,0.502214,1.0,1,925.0236728028168,0.0,335.51421152476837,6.57607854588546,52.60862836708368,59.18470691296914,925.0236728028168,0.0,0.0,3279.88882223117,-0.0,0.0,3.034697578137984,3.8208396582452204,0.0,202.32232996098222,8782.26155787864,9.610776124023444,9.85894800101479,50.0,12.131584940610965,2302.786376953125,12.131584940610965,86.13425307833785,86.13425307833785,0.0,0.0,5.208333333333333,0.36638087806051356,426.2167428145716,161.98924870566304,297.7384421213592,150.0,1.0,2.2726369395961754,0.0,1841.891450263865,490.345720613441,477.9665523066951,3279.88882223117,18.492250295061705,0.0,486.8727964637168,86.13425307833785,97.05267952488772,41.666666666666664,12.379168306745884,191703555.20905304,95824833.33333333,10.0,1.0,7.853981633974483,20.0,2.5,98.17477042468104,8782.26155787864,9.610776124023444,9.85894800101479,50.0,12.131584940610965,2302.786376953125,426.2167428145716,5.208333333333333,0.36638087806051356,161.98924870566304
131,0.367577,1.0,1,677.0369336136407,0.0,311.65863717931893,6.108509288714651,48.86807430971721,54.97658359843186,901.2148553830845,0.0,224.17792176944377,3043.9120624738607,-0.0,0.0,3.5022668353087925,0.24709798956277895,0.0,204.58360371588049,8782.26155787864,9.610776124023444,9.85894800101479,50.0,12.131584940610965,2302.786376953125,12.131584940610965,86.13425307833785,86.13425307833785,0.0,0.0,5.208333333333333,0.36638087806051356,426.2167428145716,161.98924870566304,297.7384421213592,150.0,1.0,2.2726369395961754,0.0,1841.891450263865,490.345720613441,477.9665523066951,3279.88882223117,18.492250295061705,0.0,486.8727964637168,86.13425307833785,97.05267952488772,41.666666666666664,12.379168306745884,191703555.20905304,95824833.33333333,10.0,1.0,7.853981633974483,20.0,2.5,98.17477042468104,8782.26155787864,9.610776124023444,9.85894800101479,50.0,12.131584940610965,2302.786376953125,426.2167428145716,5.208333333333333,0.36638087806051356,161.98924870566304
132,0.259524,1.0,1,478.01503673827926,0.0,477.9908211353021,9.36862009425192,74.94896075401536,84.31758084826728,1067.2210282585138,0.0,589.2059915202346,2423.695229294666,-0.0,0.0,0.2421560297715235,0.0,0.0,206.84487747077867,8782.26155787864,9.610776124023444,9.85894800101479,50.0,12.131584940610965,2302.786376953125,12.131584940610965,86.13425307833785,86.13425307833785,0.0,0.0,5.208333333333333,0.36638087806051356,426.2167428145716,161.98924870566304,297.7384421213592,150.0,1.0,2.2726369395961754,0.0,1841.891450263865,490.345720613441,477.9665523066951,3279.88882223117,18.492250295061705,0.0,486.8727964637168,86.13425307833785,97.05267952488772,41.666666666666664,12.379168306745884,191703555.20905304,95824833.33333333,10.0,1.0,7.853981633974483,20.0,2.5,98.17477042468104,8782.26155787864,9.610776124023444,9.85894800101479,50.0,12.131584940610965,2302.786376953125,426.2167428145716,5.208333333333333,0.36638087806051356,161.98924870566304
133,0.1711359999999999,1.0,1,315.2139352323566,0.0,490.345720613441,9.610776124023444,76.88620899218755,86.496985116211,1079.5517121336757,0.0,764.3377769013191,1619.1291483459095,-0.0,0.0,0.0,0.0,0.0,209.10615122567685,8782.26155787864,9.610776124023444,9.85894800101479,50.0,12.131584940610965,2302.786376953125,12.131584940610965,86.13425307833785,86.13425307833785,0.0,0.0,5.208333333333333,0.36638087806051356,426.2167428145716,161.98924870566304,297.7384421213592,150.0,1.0,2.2726369395961754,0.0,1841.891450263865,490.345720613441,477.9665523066951,3279.88882223117,18.492250295061705,0.0,486.8727964637168,86.13425307833785,97.05267952488772,41.666666666666664,12.379168306745884,191703555.20905304,95824833.33333333,10.0,1.0,7.853981633974483,20.0,2.5,98.17477042468104,8782.26155787864,9.610776124023444,9.85894800101479,50.0,12.131584940610965,2302.786376953125,426.2167428145716,5.208333333333333,0.36638087806051356,161.98924870566304
134,0.119634,-0.0,1,220.35284176086722,0.0,55.19976237028886,1.0819153424576615,8.655322739661292,9.737238082118953,220.35284176086722,0.0,0.0,1619.1291483459095,1.0,1.0819153424576615,0.0,1.0602770356085083,0.0,199.19766077239566,0.0,0.0,9.85894800101479,50.0,0.0,0.0,0.0,0.0,0.0,0.0,0.0,5.208333333333333,0.36638087806051356,0.0,161.98924870566304,9080.0,150.0,-0.0,0.0,9.85894800101479,1841.891450263865,490.345720613441,477.9665523066951,3279.88882223117,18.492250295061705,0.0,486.8727964637168,86.13425307833785,97.05267952488772,41.666666666666664,12.379168306745884,191703555.20905304,95824833.33333333,10.0,1.0,7.853981633974483,20.0,2.5,98.17477042468104,8782.26155787864,9.610776124023444,9.85894800101479,50.0,12.131584940610965,2302.786376953125,426.2167428145716,5.208333333333333,0.36638087806051356,161.98924870566304
135,0.099837,-0.0,1,183.8889167199935,0.0,20.11130486367441,0.3941815753280184,3.153452602624147,3.5476341779521654,183.8889167199935,0.0,0.0,1619.1291483459095,1.0,0.3941815753280184,0.0,1.4465749794299658,0.0,189.28917031911445,0.0,0.0,9.85894800101479,50.0,0.0,0.0,0.0,0.0,0.0,0.0,0.0,5.208333333333333,0.36638087806051356,0.0,161.98924870566304,9080.0,150.0,-0.0,0.0,9.85894800101479,1841.891450263865,490.345720613441,477.9665523066951,3279.88882223117,18.492250295061705,0.0,486.8727964637168,86.13425307833785,97.05267952488772,41.666666666666664,12.379168306745884,191703555.20905304,95824833.33333333,10.0,1.0,7.853981633974483,20.0,2.5,98.17477042468104,8782.26155787864,9.610776124023444,9.85894800101479,50.0,12.131584940610965,2302.786376953125,426.2167428145716,5.208333333333333,0.36638087806051356,161.98924870566304
136,0.081426,-0.0,1,149.97785322918546,0.0,0.0,0.0,0.0,0.0,162.98924870566304,0.0,13.011395476477562,1605.4329425811964,1.0,0.0,0.0,1.4465749794299658,0.0,179.38067986583326,0.0,0.0,9.85894800101479,50.0,0.0,0.0,0.0,0.0,0.0,0.0,0.0,5.208333333333333,0.36638087806051356,0.0,161.98924870566304,9080.0,150.0,-0.0,0.0,9.85894800101479,1841.891450263865,490.345720613441,477.9665523066951,3279.88882223117,18.492250295061705,0.0,486.8727964637168,86.13425307833785,97.05267952488772,41.666666666666664,12.379168306745884,191703555.20905304,95824833.33333333,10.0,1.0,7.853981633974483,20.0,2.5,98.17477042468104,8782.26155787864,9.610776124023444,9.85894800101479,50.0,12.131584940610965,2302.786376953125,426.2167428145716,5.208333333333333,0.36638087806051356,161.98924870566304
137,0.056156,-0.0,1,103.43325628101759,0.0,0.0,0.0,0.0,0.0,162.98924870566304,0.0,59.55599242464545,1542.7424242394643,1.0,0.0,0.0,1.4465749794299658,0.0,169.47218941255207,0.0,0.0,9.85894800101479,50.0,0.0,0.0,0.0,0.0,0.0,0.0,0.0,5.208333333333333,0.36638087806051356,0.0,161.98924870566304,9080.0,150.0,-0.0,0.0,9.85894800101479,1841.891450263865,490.345720613441,477.9665523066951,3279.88882223117,18.492250295061705,0.0,486.8727964637168,86.13425307833785,97.05267952488772,41.666666666666664,12.379168306745884,191703555.20905304,95824833.33333333,10.0,1.0,7.853981633974483,20.0,2.5,98.17477042468104,8782.26155787864,9.610776124023444,9.85894800101479,50.0,12.131584940610965,2302.786376953125,426.2167428145716,5.208333333333333,0.36638087806051356,161.98924870566304
138,0.047165,1.0,1,86.87281025169519,0.0,473.72974369720197,9.285102976465158,74.28082381172126,83.56592678818642,1062.9683025321924,0.0,976.0954922804972,515.2734849968357,-0.0,0.0,0.3256731475582856,1.1142554411051846,0.0,171.73346316745025,8782.26155787864,9.610776124023444,9.85894800101479,50.0,12.131584940610965,2302.786376953125,12.131584940610965,86.13425307833785,86.13425307833785,0.0,0.0,5.208333333333333,0.36638087806051356,426.2167428145716,161.98924870566304,297.7384421213592,150.0,1.0,2.2726369395961754,0.0,1841.891450263865,490.345720613441,477.9665523066951,3279.88882223117,18.492250295061705,0.0,486.8727964637168,86.13425307833785,97.05267952488772,41.666666666666664,12.379168306745884,191703555.20905304,95824833.33333333,10.0,1.0,7.853981633974483,20.0,2.5,98.17477042468104,8782.26155787864,9.610776124023444,9.85894800101479,50.0,12.131584940610965,2302.786376953125,426.2167428145716,5.208333333333333,0.36638087806051356,161.98924870566304
139,0.03841,-0.0,1,70.74705060463505,0.0,0.0,0.0,0.0,0.0,162.98924870566304,0.0,92.242198101028,418.17643436417467,-0.0,0.0,0.0,1.1142554411051846,0.0,161.82497271416906,0.0,0.0,9.85894800101479,50.0,0.0,0.0,0.0,0.0,0.0,0.0,0.0,5.208333333333333,0.36638087806051356,0.0,161.98924870566304,9080.0,150.0,-0.0,0.0,9.85894800101479,1841.891450263865,490.345720613441,477.9665523066951,3279.88882223117,18.492250295061705,0.0,486.8727964637168,86.13425307833785,97.05267952488772,41.666666666666664,12.379168306745884,191703555.20905304,95824833.33333333,10.0,1.0,7.853981633974483,20.0,2.5,98.17477042468104,8782.26155787864,9.610776124023444,9.85894800101479,50.0,12.131584940610965,2302.786376953125,426.2167428145716,5.208333333333333,0.36638087806051356,161.98924870566304
140,0.033184,-0.0,1,61.12132588555609,0.0,0.0,0.0,0.0,0.0,162.98924870566304,0.0,101.86792282010695,310.94704192195684,1.0,0.0,0.0,1.1142554411051846,0.0,151.91648226088788,0.0,0.0,9.85894800101479,50.0,0.0,0.0,0.0,0.0,0.0,0.0,0.0,5.208333333333333,0.36638087806051356,0.0,161.98924870566304,9080.0,150.0,-0.0,0.0,9.85894800101479,1841.891450263865,490.345720613441,477.9665523066951,3279.88882223117,18.492250295061705,0.0,486.8727964637168,86.13425307833785,97.05267952488772,41.666666666666664,12.379168306745884,191703555.20905304,95824833.33333333,10.0,1.0,7.853981633974483,20.0,2.5,98.17477042468104,8782.26155787864,9.610776124023444,9.85894800101479,50.0,12.131584940610965,2302.786376953125,426.2167428145716,5.208333333333333,0.36638087806051356,161.98924870566304
141,0.027909,-0.0,1,51.40534848541421,0.0,0.0,0.0,0.0,0.0,162.98924870566304,0.0,111.58390022024884,193.4903048480107,-0.0,0.0,0.0,1.1142554411051846,0.0,142.00799180760671,0.0,0.0,9.85894800101479,50.0,0.0,0.0,0.0,0.0,0.0,0.0,0.0,5.208333333333333,0.36638087806051356,0.0,161.98924870566304,9080.0,150.0,0.0,0.0,9.858948001014767,1841.891450263865,490.345720613441,477.9665523066951,3279.88882223117,18.492250295061705,0.0,486.8727964637168,86.13425307833785,97.05267952488772,41.666666666666664,12.379168306745884,191703555.20905304,95824833.33333333,10.0,1.0,7.853981633974483,20.0,2.5,98.17477042468104,8782.26155787864,9.610776124023444,9.85894800101479,50.0,12.131584940610965,2302.786376953125,426.2167428145716,5.208333333333333,0.36638087806051356,161.98924870566304
142,0.028477,-0.0,1,52.45154282916408,0.0,0.0,0.0,0.0,0.0,162.98924870566304,0.0,110.53770587649896,77.13482497801184,-0.0,0.0,0.0,1.1142554411051846,0.0,132.09950135432553,0.0,0.0,9.85894800101479,50.0,0.0,0.0,0.0,0.0,0.0,0.0,0.0,5.208333333333333,0.36638087806051356,0.0,161.98924870566304,9080.0,150.0,0.0,0.0,9.858948001014767,1841.891450263865,490.345720613441,477.9665523066951,3279.88882223117,18.492250295061705,0.0,486.8727964637168,86.13425307833785,97.05267952488772,41.666666666666664,12.379168306745884,191703555.20905304,95824833.33333333,10.0,1.0,7.853981633974483,20.0,2.5,98.17477042468104,8782.26155787864,9.610776124023444,9.85894800101479,50.0,12.131584940610965,2302.786376953125,426.2167428145716,5.208333333333333,0.36638087806051356,161.98924870566304
143,0.048706,-0.0,1,89.7111649765518,0.0,0.0,0.0,0.0,0.0,162.98924870566304,0.0,73.27808372911124,0.0,1.0,0.0,0.0,1.1142554411051846,0.0,122.19101090104434,0.0,0.0,9.85894800101479,50.0,0.0,0.0,0.0,0.0,0.0,0.0,0.0,5.208333333333333,0.36638087806051356,0.0,161.98924870566304,9080.0,150.0,-0.0,0.0,9.85894800101479,1841.891450263865,490.345720613441,477.9665523066951,3279.88882223117,18.492250295061705,0.0,486.8727964637168,86.13425307833785,97.05267952488772,41.666666666666664,12.379168306745884,191703555.20905304,95824833.33333333,10.0,1.0,7.853981633974483,20.0,2.5,98.17477042468104,8782.26155787864,9.610776124023444,9.85894800101479,50.0,12.131584940610965,2302.786376953125,426.2167428145716,5.208333333333333,0.36638087806051356,161.98924870566304
144,0.8795890000000001,1.0,1,1620.107458846143,0.0,490.345720613441,9.610776124023444,76.88620899218755,86.496985116211,1079.5517121336757,0.0,0.0,0.0,1.0,0.0,0.0,1.1142554411051846,0.0,124.45228465594253,8782.26155787864,9.610776124023444,9.85894800101479,50.0,12.131584940610965,2302.786376953125,12.131584940610965,86.13425307833785,86.13425307833785,0.0,0.0,5.208333333333333,0.36638087806051356,426.2167428145716,161.98924870566304,297.7384421213592,150.0,1.0,2.2726369395961754,0.0,1841.891450263865,490.345720613441,477.9665523066951,3279.88882223117,18.492250295061705,0.0,486.8727964637168,86.13425307833785,97.05267952488772,41.666666666666664,12.379168306745884,191703555.20905304,95824833.33333333,10.0,1.0,7.853981633974483,20.0,2.5,98.17477042468104,8782.26155787864,9.610776124023444,9.85894800101479,50.0,12.131584940610965,2302.786376953125,426.2167428145716,5.208333333333333,0.36638087806051356,161.98924870566304
145,0.8686929999999999,1.0,1,1600.0382096040676,0.0,490.345720613441,9.610776124023444,76.88620899218755,86.496985116211,1079.5517121336757,0.0,0.0,0.0,1.0,0.0,0.0,1.1142554411051846,0.0,126.71355841084063,8782.26155787864,9.610776124023444,9.85894800101479,50.0,12.131584940610965,2302.786376953125,12.131584940610965,86.13425307833785,86.13425307833785,0.0,0.0,5.208333333333333,0.36638087806051356,426.2167428145716,161.98924870566304,297.7384421213592,150.0,1.0,2.2726369395961754,0.0,1841.891450263865,490.345720613441,477.9665523066951,3279.88882223117,18.492250295061705,0.0,486.8727964637168,86.13425307833785,97.05267952488772,41.666666666666664,12.379168306745884,191703555.20905304,95824833.33333333,10.0,1.0,7.853981633974483,20.0,2.5,98.17477042468104,8782.26155787864,9.610776124023444,9.85894800101479,50.0,12.131584940610965,2302.786376953125,426.2167428145716,5.208333333333333,0.36638087806051356,161.98924870566304
146,0.842828,1.0,1,1552.3976872429928,0.0,490.345720613441,9.610776124023444,76.88620899218755,86.496985116211,1079.5517121336757,0.0,0.0,0.0,1.0,0.0,0.0,1.1142554411051846,0.0,128.97483216573883,8782.26155787864,9.610776124023444,9.85894800101479,50.0,12.131584940610965,2302.786376953125,12.131584940610965,86.13425307833785,86.13425307833785,0.0,0.0,5.208333333333333,0.36638087806051356,426.2167428145716,161.98924870566304,297.7384421213592,150.0,1.0,2.2726369395961754,0.0,1841.891450263865,490.345720613441,477.9665523066951,3279.88882223117,18.492250295061705,0.0,486.8727964637168,86.13425307833785,97.05267952488772,41.666666666666664,12.379168306745884,191703555.20905304,95824833.33333333,10.0,1.0,7.853981633974483,20.0,2.5,98.17477042468104,8782.26155787864,9.610776124023444,9.85894800101479,50.0,12.131584940610965,2302.786376953125,426.2167428145716,5.208333333333333,0.36638087806051356,161.98924870566304
147,0.835546,1.0,1,1538.9850337021712,0.0,490.345720613441,9.610776124023444,76.88620899218755,86.496985116211,1079.5517121336757,0.0,0.0,0.0,1.0,0.0,0.0,1.1142554411051846,0.0,131.23610592063702,8782.26155787864,9.610776124023444,9.85894800101479,50.0,12.131584940610965,2302.786376953125,12.131584940610965,86.13425307833785,86.13425307833785,0.0,0.0,5.208333333333333,0.36638087806051356,426.2167428145716,161.98924870566304,297.7384421213592,150.0,1.0,2.2726369395961754,0.0,1841.891450263865,490.345720613441,477.9665523066951,3279.88882223117,18.492250295061705,0.0,486.8727964637168,86.13425307833785,97.05267952488772,41.666666666666664,12.379168306745884,191703555.20905304,95824833.33333333,10.0,1.0,7.853981633974483,20.0,2.5,98.17477042468104,8782.26155787864,9.610776124023444,9.85894800101479,50.0,12.131584940610965,2302.786376953125,426.2167428145716,5.208333333333333,0.36638087806051356,161.98924870566304
148,0.8474919999999999,1.0,1,1560.9882689670233,0.0,490.345720613441,9.610776124023444,76.88620899218755,86.496985116211,1079.5517121336757,0.0,0.0,0.0,1.0,0.0,0.0,1.1142554411051846,0.0,133.4973796755352,8782.26155787864,9.610776124023444,9.85894800101479,50.0,12.131584940610965,2302.786376953125,12.131584940610965,86.13425307833785,86.13425307833785,0.0,0.0,5.208333333333333,0.36638087806051356,426.2167428145716,161.98924870566304,297.7384421213592,150.0,1.0,2.2726369395961754,0.0,1841.891450263865,490.345720613441,477.9665523066951,3279.88882223117,18.492250295061705,0.0,486.8727964637168,86.13425307833785,97.05267952488772,41.666666666666664,12.379168306745884,191703555.20905304,95824833.33333333,10.0,1.0,7.853981633974483,20.0,2.5,98.17477042468104,8782.26155787864,9.610776124023444,9.85894800101479,50.0,12.131584940610965,2302.786376953125,426.2167428145716,5.208333333333333,0.36638087806051356,161.98924870566304
149,0.86388,1.0,1,1591.1731860539476,0.0,490.345720613441,9.610776124023444,76.88620899218755,86.496985116211,1079.5517121336757,0.0,0.0,0.0,1.0,0.0,0.0,1.1142554411051846,0.0,135.75865343043338,8782.26155787864,9.610776124023444,9.85894800101479,50.0,12.131584940610965,2302.786376953125,12.131584940610965,86.13425307833785,86.13425307833785,0.0,0.0,5.208333333333333,0.36638087806051356,426.2167428145716,161.98924870566304,297.7384421213592,150.0,1.0,2.2726369395961754,0.0,1841.891450263865,490.345720613441,477.9665523066951,3279.88882223117,18.492250295061705,0.0,486.8727964637168,86.13425307833785,97.05267952488772,41.666666666666664,12.379168306745884,191703555.20905304,95824833.33333333,10.0,1.0,7.853981633974483,20.0,2.5,98.17477042468104,8782.26155787864,9.610776124023444,9.85894800101479,50.0,12.131584940610965,2302.786376953125,426.2167428145716,5.208333333333333,0.36638087806051356,161.98924870566304
150,0.872008,1.0,1,1606.1440797616924,0.0,490.345720613441,9.610776124023444,76.88620899218755,86.496985116211,1079.5517121336757,0.0,0.0,0.0,-0.0,0.0,0.0,1.1142554411051846,0.0,138.01992718533157,8782.26155787864,9.610776124023444,9.85894800101479,50.0,12.131584940610965,2302.786376953125,12.131584940610965,86.13425307833785,86.13425307833785,0.0,0.0,5.208333333333333,0.36638087806051356,426.2167428145716,161.98924870566304,297.7384421213592,150.0,1.0,2.2726369395961754,0.0,1841.891450263865,490.345720613441,477.9665523066951,3279.88882223117,18.492250295061705,0.0,486.8727964637168,86.13425307833785,97.05267952488772,41.666666666666664,12.379168306745884,191703555.20905304,95824833.33333333,10.0,1.0,7.853981633974483,20.0,2.5,98.17477042468104,8782.26155787864,9.610776124023444,9.85894800101479,50.0,12.131584940610965,2302.786376953125,426.2167428145716,5.208333333333333,0.36638087806051356,161.98924870566304
151,0.880144,1.0,1,1621.1297086010393,0.0,490.345720613441,9.610776124023444,76.88620899218755,86.496985116211,1079.5517121336757,0.0,0.0,0.0,1.0,0.0,0.0,1.1142554411051846,0.0,140.28120094022975,8782.26155787864,9.610776124023444,9.85894800101479,50.0,12.131584940610965,2302.786376953125,12.131584940610965,86.13425307833785,86.13425307833785,0.0,0.0,5.208333333333333,0.36638087806051356,426.2167428145716,161.98924870566304,297.7384421213592,150.0,1.0,2.2726369395961754,0.0,1841.891450263865,490.345720613441,477.9665523066951,3279.88882223117,18.492250295061705,0.0,486.8727964637168,86.13425307833785,97.05267952488772,41.666666666666664,12.379168306745884,191703555.20905304,95824833.33333333,10.0,1.0,7.853981633974483,20.0,2.5,98.17477042468104,8782.26155787864,9.610776124023444,9.85894800101479,50.0,12.131584940610965,2302.786376953125,426.2167428145716,5.208333333333333,0.36638087806051356,161.98924870566304
152,0.890577,1.0,1,1640.346162101642,0.0,490.345720613441,9.610776124023444,76.88620899218755,86.496985116211,1079.5517121336757,0.0,0.0,0.0,1.0,0.0,0.0,1.1142554411051846,0.0,142.54247469512794,8782.26155787864,9.610776124023444,9.85894800101479,50.0,12.131584940610965,2302.786376953125,12.131584940610965,86.13425307833785,86.13425307833785,0.0,0.0,5.208333333333333,0.36638087806051356,426.2167428145716,161.98924870566304,297.7384421213592,150.0,1.0,2.2726369395961754,0.0,1841.891450263865,490.345720613441,477.9665523066951,3279.88882223117,18.492250295061705,0.0,486.8727964637168,86.13425307833785,97.05267952488772,41.666666666666664,12.379168306745884,191703555.20905304,95824833.33333333,10.0,1.0,7.853981633974483,20.0,2.5,98.17477042468104,8782.26155787864,9.610776124023444,9.85894800101479,50.0,12.131584940610965,2302.786376953125,426.2167428145716,5.208333333333333,0.36638087806051356,161.98924870566304
153,0.897083,1.0,1,1652.3295078770586,0.0,490.345720613441,9.610776124023444,76.88620899218755,86.496985116211,1079.5517121336757,0.0,0.0,0.0,1.0,0.0,0.0,1.1142554411051846,0.0,144.80374845002635,8782.26155787864,9.610776124023444,9.85894800101479,50.0,12.131584940610965,2302.786376953125,12.131584940610965,86.13425307833785,86.13425307833785,0.0,0.0,5.208333333333333,0.36638087806051356,426.2167428145716,161.98924870566304,297.7384421213592,150.0,1.0,2.2726369395961754,0.0,1841.891450263865,490.345720613441,477.9665523066951,3279.88882223117,18.492250295061705,0.0,486.8727964637168,86.13425307833785,97.05267952488772,41.666666666666664,12.379168306745884,191703555.20905304,95824833.33333333,10.0,1.0,7.853981633974483,20.0,2.5,98.17477042468104,8782.26155787864,9.610776124023444,9.85894800101479,50.0,12.131584940610965,2302.786376953125,426.2167428145716,5.208333333333333,0.36638087806051356,161.98924870566304
154,0.896766,1.0,1,1651.745628287325,0.0,490.345720613441,9.610776124023444,76.88620899218755,86.496985116211,1079.5517121336757,0.0,0.0,0.0,1.0,0.0,0.0,1.1142554411051846,0.0,147.06502220492453,8782.26155787864,9.610776124023444,9.85894800101479,50.0,12.131584940610965,2302.786376953125,12.131584940610965,86.13425307833785,86.13425307833785,0.0,0.0,5.208333333333333,0.36638087806051356,426.2167428145716,161.98924870566304,297.7384421213592,150.0,1.0,2.2726369395961754,0.0,1841.891450263865,490.345720613441,477.9665523066951,3279.88882223117,18.492250295061705,0.0,486.8727964637168,86.13425307833785,97.05267952488772,41.666666666666664,12.379168306745884,191703555.20905304,95824833.33333333,10.0,1.0,7.853981633974483,20.0,2.5,98.17477042468104,8782.26155787864,9.610776124023444,9.85894800101479,50.0,12.131584940610965,2302.786376953125,426.2167428145716,5.208333333333333,0.36638087806051356,161.98924870566304
155,0.88621,1.0,1,1632.3026221383398,0.0,490.345720613441,9.610776124023444,76.88620899218755,86.496985116211,1079.5517121336757,0.0,0.0,0.0,1.0,0.0,0.0,1.1142554411051846,0.0,149.32629595982272,8782.26155787864,9.610776124023444,9.85894800101479,50.0,12.131584940610965,2302.786376953125,12.131584940610965,86.13425307833785,86.13425307833785,0.0,0.0,5.208333333333333,0.36638087806051356,426.2167428145716,161.98924870566304,297.7384421213592,150.0,1.0,2.2726369395961754,0.0,1841.891450263865,490.345720613441,477.9665523066951,3279.88882223117,18.492250295061705,0.0,486.8727964637168,86.13425307833785,97.05267952488772,41.666666666666664,12.379168306745884,191703555.20905304,95824833.33333333,10.0,1.0,7.853981633974483,20.0,2.5,98.17477042468104,8782.26155787864,9.610776124023444,9.85894800101479,50.0,12.131584940610965,2302.786376953125,426.2167428145716,5.208333333333333,0.36638087806051356,161.98924870566304
156,0.871316,1.0,1,1604.8694908781097,0.0,490.345720613441,9.610776124023444,76.88620899218755,86.496985116211,1079.5517121336757,0.0,0.0,0.0,-0.0,0.0,0.0,1.1142554411051846,0.0,151.5875697147209,8782.26155787864,9.610776124023444,9.85894800101479,50.0,12.131584940610965,2302.786376953125,12.131584940610965,86.13425307833785,86.13425307833785,0.0,0.0,5.208333333333333,0.36638087806051356,426.2167428145716,161.98924870566304,297.7384421213592,150.0,1.0,2.2726369395961754,0.0,1841.891450263865,490.345720613441,477.9665523066951,3279.88882223117,18.492250295061705,0.0,486.8727964637168,86.13425307833785,97.05267952488772,41.666666666666664,12.379168306745884,191703555.20905304,95824833.33333333,10.0,1.0,7.853981633974483,20.0,2.5,98.17477042468104,8782.26155787864,9.610776124023444,9.85894800101479,50.0,12.131584940610965,2302.786376953125,426.2167428145716,5.208333333333333,0.36638087806051356,161.98924870566304
157,0.8611449999999999,1.0,1,1586.1356129374758,0.0,490.345720613441,9.610776124023444,76.88620899218755,86.496985116211,1079.5517121336757,0.0,0.0,0.0,-0.0,0.0,0.0,1.1142554411051846,0.0,153.84884346961917,8782.26155787864,9.610776124023444,9.85894800101479,50.0,12.131584940610965,2302.786376953125,12.131584940610965,86.13425307833785,86.13425307833785,0.0,0.0,5.208333333333333,0.36638087806051356,426.2167428145716,161.98924870566304,297.7384421213592,150.0,1.0,2.2726369395961754,0.0,1841.891450263865,490.345720613441,477.9665523066951,3279.88882223117,18.492250295061705,0.0,486.8727964637168,86.13425307833785,97.05267952488772,41.666666666666664,12.379168306745884,191703555.20905304,95824833.33333333,10.0,1.0,7.853981633974483,20.0,2.5,98.17477042468104,8782.26155787864,9.610776124023444,9.85894800101479,50.0,12.131584940610965,2302.786376953125,426.2167428145716,5.208333333333333,0.36638087806051356,161.98924870566304
158,0.8662380000000001,1.0,1,1595.51636609367,0.0,490.345720613441,9.610776124023444,76.88620899218755,86.496985116211,1079.5517121336757,0.0,0.0,0.0,-0.0,0.0,0.0,1.1142554411051846,0.0,156.11011722451735,8782.26155787864,9.610776124023444,9.85894800101479,50.0,12.131584940610965,2302.786376953125,12.131584940610965,86.13425307833785,86.13425307833785,0.0,0.0,5.208333333333333,0.36638087806051356,426.2167428145716,161.98924870566304,297.7384421213592,150.0,1.0,2.2726369395961754,0.0,1841.891450263865,490.345720613441,477.9665523066951,3279.88882223117,18.492250295061705,0.0,486.8727964637168,86.13425307833785,97.05267952488772,41.666666666666664,12.379168306745884,191703555.20905304,95824833.33333333,10.0,1.0,7.853981633974483,20.0,2.5,98.17477042468104,8782.26155787864,9.610776124023444,9.85894800101479,50.0,12.131584940610965,2302.786376953125,426.2167428145716,5.208333333333333,0.36638087806051356,161.98924870566304
159,0.881635,1.0,1,1623.8759687533825,0.0,490.345720613441,9.610776124023444,76.88620899218755,86.496985116211,1079.5517121336757,0.0,0.0,0.0,1.0,0.0,0.0,1.1142554411051846,0.0,158.37139097941554,8782.26155787864,9.610776124023444,9.85894800101479,50.0,12.131584940610965,2302.786376953125,12.131584940610965,86.13425307833785,86.13425307833785,0.0,0.0,5.208333333333333,0.36638087806051356,426.2167428145716,161.98924870566304,297.7384421213592,150.0,1.0,2.2726369395961754,0.0,1841.891450263865,490.345720613441,477.9665523066951,3279.88882223117,18.492250295061705,0.0,486.8727964637168,86.13425307833785,97.05267952488772,41.666666666666664,12.379168306745884,191703555.20905304,95824833.33333333,10.0,1.0,7.853981633974483,20.0,2.5,98.17477042468104,8782.26155787864,9.610776124023444,9.85894800101479,50.0,12.131584940610965,2302.786376953125,426.2167428145716,5.208333333333333,0.36638087806051356,161.98924870566304
160,0.8971399999999999,1.0,1,1652.4344956897237,0.0,490.345720613441,9.610776124023444,76.88620899218755,86.496985116211,1079.5517121336757,0.0,0.0,0.0,-0.0,0.0,0.0,1.1142554411051846,0.0,160.63266473431372,8782.26155787864,9.610776124023444,9.85894800101479,50.0,12.131584940610965,2302.786376953125,12.131584940610965,86.13425307833785,86.13425307833785,0.0,0.0,5.208333333333333,0.36638087806051356,426.2167428145716,161.98924870566304,297.7384421213592,150.0,1.0,2.2726369395961754,0.0,1841.891450263865,490.345720613441,477.9665523066951,3279.88882223117,18.492250295061705,0.0,486.8727964637168,86.13425307833785,97.05267952488772,41.666666666666664,12.379168306745884,191703555.20905304,95824833.33333333,10.0,1.0,7.853981633974483,20.0,2.5,98.17477042468104,8782.26155787864,9.610776124023444,9.85894800101479,50.0,12.131584940610965,2302.786376953125,426.2167428145716,5.208333333333333,0.36638087806051356,161.98924870566304
161,0.914249,1.0,1,1683.9474165122883,0.0,490.345720613441,9.610776124023444,76.88620899218755,86.496985116211,1079.5517121336757,0.0,0.0,0.0,1.0,0.0,0.0,1.1142554411051846,0.0,162.89393848921213,8782.26155787864,9.610776124023444,9.85894800101479,50.0,12.131584940610965,2302.786376953125,12.131584940610965,86.13425307833785,86.13425307833785,0.0,0.0,5.208333333333333,0.36638087806051356,426.2167428145716,161.98924870566304,297.7384421213592,150.0,1.0,2.2726369395961754,0.0,1841.891450263865,490.345720613441,477.9665523066951,3279.88882223117,18.492250295061705,0.0,486.8727964637168,86.13425307833785,97.05267952488772,41.666666666666664,12.379168306745884,191703555.20905304,95824833.33333333,10.0,1.0,7.853981633974483,20.0,2.5,98.17477042468104,8782.26155787864,9.610776124023444,9.85894800101479,50.0,12.131584940610965,2302.786376953125,426.2167428145716,5.208333333333333,0.36638087806051356,161.98924870566304
162,0.920246,1.0,1,1694.9932395395206,0.0,490.345720613441,9.610776124023444,76.88620899218755,86.496985116211,1079.5517121336757,0.0,0.0,0.0,1.0,0.0,0.0,1.1142554411051846,0.0,165.15521224411032,8782.26155787864,9.610776124023444,9.85894800101479,50.0,12.131584940610965,2302.786376953125,12.131584940610965,86.13425307833785,86.13425307833785,0.0,0.0,5.208333333333333,0.36638087806051356,426.2167428145716,161.98924870566304,297.7384421213592,150.0,1.0,2.2726369395961754,0.0,1841.891450263865,490.345720613441,477.9665523066951,3279.88882223117,18.492250295061705,0.0,486.8727964637168,86.13425307833785,97.05267952488772,41.666666666666664,12.379168306745884,191703555.20905304,95824833.33333333,10.0,1.0,7.853981633974483,20.0,2.5,98.17477042468104,8782.26155787864,9.610776124023444,9.85894800101479,50.0,12.131584940610965,2302.786376953125,426.2167428145716,5.208333333333333,0.36638087806051356,161.98924870566304
163,0.907744,1.0,1,1671.9659126283218,0.0,490.345720613441,9.610776124023444,76.88620899218755,86.496985116211,1079.5517121336757,0.0,0.0,0.0,-0.0,0.0,0.0,1.1142554411051846,0.0,167.4164859990085,8782.26155787864,9.610776124023444,9.85894800101479,50.0,12.131584940610965,2302.786376953125,12.131584940610965,86.13425307833785,86.13425307833785,0.0,0.0,5.208333333333333,0.36638087806051356,426.2167428145716,161.98924870566304,297.7384421213592,150.0,1.0,2.2726369395961754,0.0,1841.891450263865,490.345720613441,477.9665523066951,3279.88882223117,18.492250295061705,0.0,486.8727964637168,86.13425307833785,97.05267952488772,41.666666666666664,12.379168306745884,191703555.20905304,95824833.33333333,10.0,1.0,7.853981633974483,20.0,2.5,98.17477042468104,8782.26155787864,9.610776124023444,9.85894800101479,50.0,12.131584940610965,2302.786376953125,426.2167428145716,5.208333333333333,0.36638087806051356,161.98924870566304
164,0.909564,1.0,1,1675.318155067802,0.0,490.345720613441,9.610776124023444,76.88620899218755,86.496985116211,1079.5517121336757,0.0,0.0,0.0,-0.0,0.0,0.0,1.1142554411051846,0.0,169.67775975390668,8782.26155787864,9.610776124023444,9.85894800101479,50.0,12.131584940610965,2302.786376953125,12.131584940610965,86.13425307833785,86.13425307833785,0.0,0.0,5.208333333333333,0.36638087806051356,426.2167428145716,161.98924870566304,297.7384421213592,150.0,1.0,2.2726369395961754,0.0,1841.891450263865,490.345720613441,477.9665523066951,3279.88882223117,18.492250295061705,0.0,486.8727964637168,86.13425307833785,97.05267952488772,41.666666666666664,12.379168306745884,191703555.20905304,95824833.33333333,10.0,1.0,7.853981633974483,20.0,2.5,98.17477042468104,8782.26155787864,9.610776124023444,9.85894800101479,50.0,12.131584940610965,2302.786376953125,426.2167428145716,5.208333333333333,0.36638087806051356,161.98924870566304
165,0.921044,1.0,1,1696.4630689168312,0.0,490.345720613441,9.610776124023444,76.88620899218755,86.496985116211,1079.5517121336757,0.0,0.0,0.0,1.0,0.0,0.0,1.1142554411051846,0.0,171.93903350880487,8782.26155787864,9.610776124023444,9.85894800101479,50.0,12.131584940610965,2302.786376953125,12.131584940610965,86.13425307833785,86.13425307833785,0.0,0.0,5.208333333333333,0.36638087806051356,426.2167428145716,161.98924870566304,297.7384421213592,150.0,1.0,2.2726369395961754,0.0,1841.891450263865,490.345720613441,477.9665523066951,3279.88882223117,18.492250295061705,0.0,486.8727964637168,86.13425307833785,97.05267952488772,41.666666666666664,12.379168306745884,191703555.20905304,95824833.33333333,10.0,1.0,7.853981633974483,20.0,2.5,98.17477042468104,8782.26155787864,9.610776124023444,9.85894800101479,50.0,12.131584940610965,2302.786376953125,426.2167428145716,5.208333333333333,0.36638087806051356,161.98924870566304
166,0.935077,1.0,1,1722.3103316383842,0.0,490.345720613441,9.610776124023444,76.88620899218755,86.496985116211,1079.5517121336757,0.0,0.0,0.0,-0.0,0.0,0.0,1.1142554411051846,0.0,174.20030726370305,8782.26155787864,9.610776124023444,9.85894800101479,50.0,12.131584940610965,2302.786376953125,12.131584940610965,86.13425307833785,86.13425307833785,0.0,0.0,5.208333333333333,0.36638087806051356,426.2167428145716,161.98924870566304,297.7384421213592,150.0,1.0,2.2726369395961754,0.0,1841.891450263865,490.345720613441,477.9665523066951,3279.88882223117,18.492250295061705,0.0,486.8727964637168,86.13425307833785,97.05267952488772,41.666666666666664,12.379168306745884,191703555.20905304,95824833.33333333,10.0,1.0,7.853981633974483,20.0,2.5,98.17477042468104,8782.26155787864,9.610776124023444,9.85894800101479,50.0,12.131584940610965,2302.786376953125,426.2167428145716,5.208333333333333,0.36638087806051356,161.98924870566304
167,0.932559,1.0,1,1717.6724489666196,0.0,490.345720613441,9.610776124023444,76.88620899218755,86.496985116211,1079.5517121336757,0.0,0.0,0.0,1.0,0.0,0.0,1.1142554411051846,0.0,176.46158101860124,8782.26155787864,9.610776124023444,9.85894800101479,50.0,12.131584940610965,2302.786376953125,12.131584940610965,86.13425307833785,86.13425307833785,0.0,0.0,5.208333333333333,0.36638087806051356,426.2167428145716,161.98924870566304,297.7384421213592,150.0,1.0,2.2726369395961754,0.0,1841.891450263865,490.345720613441,477.9665523066951,3279.88882223117,18.492250295061705,0.0,486.8727964637168,86.13425307833785,97.05267952488772,41.666666666666664,12.379168306745884,191703555.20905304,95824833.33333333,10.0,1.0,7.853981633974483,20.0,2.5,98.17477042468104,8782.26155787864,9.610776124023444,9.85894800101479,50.0,12.131584940610965,2302.786376953125,426.2167428145716,5.208333333333333,0.36638087806051356,161.98924870566304
168,0.951723,1.0,1,1752.9704567194763,0.0,490.345720613441,9.610776124023444,76.88620899218755,86.496985116211,1079.5517121336757,0.0,0.0,0.0,-0.0,0.0,0.0,1.1142554411051846,0.0,178.72285477349942,8782.26155787864,9.610776124023444,9.85894800101479,50.0,12.131584940610965,2302.786376953125,12.131584940610965,86.13425307833785,86.13425307833785,0.0,0.0,5.208333333333333,0.36638087806051356,426.2167428145716,161.98924870566304,297.7384421213592,150.0,1.0,2.2726369395961754,0.0,1841.891450263865,490.345720613441,477.9665523066951,3279.88882223117,18.492250295061705,0.0,486.8727964637168,86.13425307833785,97.05267952488772,41.666666666666664,12.379168306745884,191703555.20905304,95824833.33333333,10.0,1.0,7.853981633974483,20.0,2.5,98.17477042468104,8782.26155787864,9.610776124023444,9.85894800101479,50.0,12.131584940610965,2302.786376953125,426.2167428145716,5.208333333333333,0.36638087806051356,161.98924870566304
169,0.954106,1.0,1,1757.3596840454552,0.0,490.345720613441,9.610776124023444,76.88620899218755,86.496985116211,1079.5517121336757,0.0,0.0,0.0,1.0,0.0,0.0,1.1142554411051846,0.0,180.9841285283976,8782.26155787864,9.610776124023444,9.85894800101479,50.0,12.131584940610965,2302.786376953125,12.131584940610965,86.13425307833785,86.13425307833785,0.0,0.0,5.208333333333333,0.36638087806051356,426.2167428145716,161.98924870566304,297.7384421213592,150.0,1.0,2.2726369395961754,0.0,1841.891450263865,490.345720613441,477.9665523066951,3279.88882223117,18.492250295061705,0.0,486.8727964637168,86.13425307833785,97.05267952488772,41.666666666666664,12.379168306745884,191703555.20905304,95824833.33333333,10.0,1.0,7.853981633974483,20.0,2.5,98.17477042468104,8782.26155787864,9.610776124023444,9.85894800101479,50.0,12.131584940610965,2302.786376953125,426.2167428145716,5.208333333333333,0.36638087806051356,161.98924870566304
170,0.958999,1.0,1,1766.3720589115962,0.0,490.345720613441,9.610776124023444,76.88620899218755,86.496985116211,1079.5517121336757,0.0,0.0,0.0,1.0,0.0,0.0,1.1142554411051846,0.0,183.2454022832958,8782.26155787864,9.610776124023444,9.85894800101479,50.0,12.131584940610965,2302.786376953125,12.131584940610965,86.13425307833785,86.13425307833785,0.0,0.0,5.208333333333333,0.36638087806051356,426.2167428145716,161.98924870566304,297.7384421213592,150.0,1.0,2.2726369395961754,0.0,1841.891450263865,490.345720613441,477.9665523066951,3279.88882223117,18.492250295061705,0.0,486.8727964637168,86.13425307833785,97.05267952488772,41.666666666666664,12.379168306745884,191703555.20905304,95824833.33333333,10.0,1.0,7.853981633974483,20.0,2.5,98.17477042468104,8782.26155787864,9.610776124023444,9.85894800101479,50.0,12.131584940610965,2302.786376953125,426.2167428145716,5.208333333333333,0.36638087806051356,161.98924870566304
171,0.961229,1.0,1,1770.4794768456848,0.0,490.345720613441,9.610776124023444,76.88620899218755,86.496985116211,1079.5517121336757,0.0,0.0,0.0,1.0,0.0,0.0,1.1142554411051846,0.0,185.50667603819397,8782.26155787864,9.610776124023444,9.85894800101479,50.0,12.131584940610965,2302.786376953125,12.131584940610965,86.13425307833785,86.13425307833785,0.0,0.0,5.208333333333333,0.36638087806051356,426.2167428145716,161.98924870566304,297.7384421213592,150.0,1.0,2.2726369395961754,0.0,1841.891450263865,490.345720613441,477.9665523066951,3279.88882223117,18.492250295061705,0.0,486.8727964637168,86.13425307833785,97.05267952488772,41.666666666666664,12.379168306745884,191703555.20905304,95824833.33333333,10.0,1.0,7.853981633974483,20.0,2.5,98.17477042468104,8782.26155787864,9.610776124023444,9.85894800101479,50.0,12.131584940610965,2302.786376953125,426.2167428145716,5.208333333333333,0.36638087806051356,161.98924870566304
172,0.95939,1.0,1,1767.0922384686494,0.0,490.345720613441,9.610776124023444,76.88620899218755,86.496985116211,1079.5517121336757,0.0,0.0,0.0,-0.0,0.0,0.0,1.1142554411051846,0.0,187.76794979309216,8782.26155787864,9.610776124023444,9.85894800101479,50.0,12.131584940610965,2302.786376953125,12.131584940610965,86.13425307833785,86.13425307833785,0.0,0.0,5.208333333333333,0.36638087806051356,426.2167428145716,161.98924870566304,297.7384421213592,150.0,1.0,2.2726369395961754,0.0,1841.891450263865,490.345720613441,477.9665523066951,3279.88882223117,18.492250295061705,0.0,486.8727964637168,86.13425307833785,97.05267952488772,41.666666666666664,12.379168306745884,191703555.20905304,95824833.33333333,10.0,1.0,7.853981633974483,20.0,2.5,98.17477042468104,8782.26155787864,9.610776124023444,9.85894800101479,50.0,12.131584940610965,2302.786376953125,426.2167428145716,5.208333333333333,0.36638087806051356,161.98924870566304
173,0.955932,1.0,1,1760.722977833637,0.0,490.345720613441,9.610776124023444,76.88620899218755,86.496985116211,1079.5517121336757,0.0,0.0,0.0,1.0,0.0,0.0,1.1142554411051846,0.0,190.0292235479901,8782.26155787864,9.610776124023444,9.85894800101479,50.0,12.131584940610965,2302.786376953125,12.131584940610965,86.13425307833785,86.13425307833785,0.0,0.0,5.208333333333333,0.36638087806051356,426.2167428145716,161.98924870566304,297.7384421213592,150.0,1.0,2.2726369395961754,0.0,1841.891450263865,490.345720613441,477.9665523066951,3279.88882223117,18.492250295061705,0.0,486.8727964637168,86.13425307833785,97.05267952488772,41.666666666666664,12.379168306745884,191703555.20905304,95824833.33333333,10.0,1.0,7.853981633974483,20.0,2.5,98.17477042468104,8782.26155787864,9.610776124023444,9.85894800101479,50.0,12.131584940610965,2302.786376953125,426.2167428145716,5.208333333333333,0.36638087806051356,161.98924870566304
174,0.946303,1.0,1,1742.9874050590463,0.0,490.345720613441,9.610776124023444,76.88620899218755,86.496985116211,1079.5517121336757,0.0,0.0,0.0,1.0,0.0,0.0,1.1142554411051846,0.0,192.2904973028883,8782.26155787864,9.610776124023444,9.85894800101479,50.0,12.131584940610965,2302.786376953125,12.131584940610965,86.13425307833785,86.13425307833785,0.0,0.0,5.208333333333333,0.36638087806051356,426.2167428145716,161.98924870566304,297.7384421213592,150.0,1.0,2.2726369395961754,0.0,1841.891450263865,490.345720613441,477.9665523066951,3279.88882223117,18.492250295061705,0.0,486.8727964637168,86.13425307833785,97.05267952488772,41.666666666666664,12.379168306745884,191703555.20905304,95824833.33333333,10.0,1.0,7.853981633974483,20.0,2.5,98.17477042468104,8782.26155787864,9.610776124023444,9.85894800101479,50.0,12.131584940610965,2302.786376953125,426.2167428145716,5.208333333333333,0.36638087806051356,161.98924870566304
175,0.953203,1.0,1,1755.6964560658669,0.0,490.345720613441,9.610776124023444,76.88620899218755,86.496985116211,1079.5517121336757,0.0,0.0,0.0,1.0,0.0,0.0,1.1142554411051846,0.0,194.55177105778648,8782.26155787864,9.610776124023444,9.85894800101479,50.0,12.131584940610965,2302.786376953125,12.131584940610965,86.13425307833785,86.13425307833785,0.0,0.0,5.208333333333333,0.36638087806051356,426.2167428145716,161.98924870566304,297.7384421213592,150.0,1.0,2.2726369395961754,0.0,1841.891450263865,490.345720613441,477.9665523066951,3279.88882223117,18.492250295061705,0.0,486.8727964637168,86.13425307833785,97.05267952488772,41.666666666666664,12.379168306745884,191703555.20905304,95824833.33333333,10.0,1.0,7.853981633974483,20.0,2.5,98.17477042468104,8782.26155787864,9.610776124023444,9.85894800101479,50.0,12.131584940610965,2302.786376953125,426.2167428145716,5.208333333333333,0.36638087806051356,161.98924870566304
176,0.959008,1.0,1,1766.3886359346486,0.0,490.345720613441,9.610776124023444,76.88620899218755,86.496985116211,1079.5517121336757,0.0,0.0,0.0,1.0,0.0,0.0,1.1142554411051846,0.0,196.81304481268467,8782.26155787864,9.610776124023444,9.85894800101479,50.0,12.131584940610965,2302.786376953125,12.131584940610965,86.13425307833785,86.13425307833785,0.0,0.0,5.208333333333333,0.36638087806051356,426.2167428145716,161.98924870566304,297.7384421213592,150.0,1.0,2.2726369395961754,0.0,1841.891450263865,490.345720613441,477.9665523066951,3279.88882223117,18.492250295061705,0.0,486.8727964637168,86.13425307833785,97.05267952488772,41.666666666666664,12.379168306745884,191703555.20905304,95824833.33333333,10.0,1.0,7.853981633974483,20.0,2.5,98.17477042468104,8782.26155787864,9.610776124023444,9.85894800101479,50.0,12.131584940610965,2302.786376953125,426.2167428145716,5.208333333333333,0.36638087806051356,161.98924870566304
177,0.96384,1.0,1,1775.2886554223237,0.0,490.345720613441,9.610776124023444,76.88620899218755,86.496985116211,1079.5517121336757,0.0,0.0,0.0,1.0,0.0,0.0,1.1142554411051846,0.0,199.07431856758285,8782.26155787864,9.610776124023444,9.85894800101479,50.0,12.131584940610965,2302.786376953125,12.131584940610965,86.13425307833785,86.13425307833785,0.0,0.0,5.208333333333333,0.36638087806051356,426.2167428145716,161.98924870566304,297.7384421213592,150.0,1.0,2.2726369395961754,0.0,1841.891450263865,490.345720613441,477.9665523066951,3279.88882223117,18.492250295061705,0.0,486.8727964637168,86.13425307833785,97.05267952488772,41.666666666666664,12.379168306745884,191703555.20905304,95824833.33333333,10.0,1.0,7.853981633974483,20.0,2.5,98.17477042468104,8782.26155787864,9.610776124023444,9.85894800101479,50.0,12.131584940610965,2302.786376953125,426.2167428145716,5.208333333333333,0.36638087806051356,161.98924870566304
178,0.961535,1.0,1,1771.0430956294654,0.0,490.345720613441,9.610776124023444,76.88620899218755,86.496985116211,1079.5517121336757,0.0,0.0,0.0,-0.0,0.0,0.0,1.1142554411051846,0.0,201.33559232248103,8782.26155787864,9.610776124023444,9.85894800101479,50.0,12.131584940610965,2302.786376953125,12.131584940610965,86.13425307833785,86.13425307833785,0.0,0.0,5.208333333333333,0.36638087806051356,426.2167428145716,161.98924870566304,297.7384421213592,150.0,1.0,2.2726369395961754,0.0,1841.891450263865,490.345720613441,477.9665523066951,3279.88882223117,18.492250295061705,0.0,486.8727964637168,86.13425307833785,97.05267952488772,41.666666666666664,12.379168306745884,191703555.20905304,95824833.33333333,10.0,1.0,7.853981633974483,20.0,2.5,98.17477042468104,8782.26155787864,9.610776124023444,9.85894800101479,50.0,12.131584940610965,2302.786376953125,426.2167428145716,5.208333333333333,0.36638087806051356,161.98924870566304
179,0.951195,1.0,1,1751.997938033737,0.0,490.345720613441,9.610776124023444,76.88620899218755,86.496985116211,1079.5517121336757,0.0,0.0,0.0,1.0,0.0,0.0,1.1142554411051846,0.0,203.59686607737922,8782.26155787864,9.610776124023444,9.85894800101479,50.0,12.131584940610965,2302.786376953125,12.131584940610965,86.13425307833785,86.13425307833785,0.0,0.0,5.208333333333333,0.36638087806051356,426.2167428145716,161.98924870566304,297.7384421213592,150.0,1.0,2.2726369395961754,0.0,1841.891450263865,490.345720613441,477.9665523066951,3279.88882223117,18.492250295061705,0.0,486.8727964637168,86.13425307833785,97.05267952488772,41.666666666666664,12.379168306745884,191703555.20905304,95824833.33333333,10.0,1.0,7.853981633974483,20.0,2.5,98.17477042468104,8782.26155787864,9.610776124023444,9.85894800101479,50.0,12.131584940610965,2302.786376953125,426.2167428145716,5.208333333333333,0.36638087806051356,161.98924870566304
180,0.950148,1.0,1,1750.0694776853109,0.0,490.345720613441,9.610776124023444,76.88620899218755,86.496985116211,1079.5517121336757,0.0,0.0,0.0,1.0,0.0,0.0,1.1142554411051846,0.0,205.8581398322774,8782.26155787864,9.610776124023444,9.85894800101479,50.0,12.131584940610965,2302.786376953125,12.131584940610965,86.13425307833785,86.13425307833785,0.0,0.0,5.208333333333333,0.36638087806051356,426.2167428145716,161.98924870566304,297.7384421213592,150.0,1.0,2.2726369395961754,0.0,1841.891450263865,490.345720613441,477.9665523066951,3279.88882223117,18.492250295061705,0.0,486.8727964637168,86.13425307833785,97.05267952488772,41.666666666666664,12.379168306745884,191703555.20905304,95824833.33333333,10.0,1.0,7.853981633974483,20.0,2.5,98.17477042468104,8782.26155787864,9.610776124023444,9.85894800101479,50.0,12.131584940610965,2302.786376953125,426.2167428145716,5.208333333333333,0.36638087806051356,161.98924870566304
181,0.943407,1.0,1,1737.653287419082,0.0,490.345720613441,9.610776124023444,76.88620899218755,86.496985116211,1079.5517121336757,0.0,0.0,0.0,-0.0,0.0,0.0,1.1142554411051846,0.0,208.1194135871756,8782.26155787864,9.610776124023444,9.85894800101479,50.0,12.131584940610965,2302.786376953125,12.131584940610965,86.13425307833785,86.13425307833785,0.0,0.0,5.208333333333333,0.36638087806051356,426.2167428145716,161.98924870566304,297.7384421213592,150.0,1.0,2.2726369395961754,0.0,1841.891450263865,490.345720613441,477.9665523066951,3279.88882223117,18.492250295061705,0.0,486.8727964637168,86.13425307833785,97.05267952488772,41.666666666666664,12.379168306745884,191703555.20905304,95824833.33333333,10.0,1.0,7.853981633974483,20.0,2.5,98.17477042468104,8782.26155787864,9.610776124023444,9.85894800101479,50.0,12.131584940610965,2302.786376953125,426.2167428145716,5.208333333333333,0.36638087806051356,161.98924870566304
182,0.921855,1.0,1,1697.9568428829953,0.0,490.345720613441,9.610776124023444,76.88620899218755,86.496985116211,1079.5517121336757,0.0,0.0,0.0,1.0,0.0,0.0,1.1142554411051846,0.0,210.38068734207377,8782.26155787864,9.610776124023444,9.85894800101479,50.0,12.131584940610965,2302.786376953125,12.131584940610965,86.13425307833785,86.13425307833785,0.0,0.0,5.208333333333333,0.36638087806051356,426.2167428145716,161.98924870566304,297.7384421213592,150.0,1.0,2.2726369395961754,0.0,1841.891450263865,490.345720613441,477.9665523066951,3279.88882223117,18.492250295061705,0.0,486.8727964637168,86.13425307833785,97.05267952488772,41.666666666666664,12.379168306745884,191703555.20905304,95824833.33333333,10.0,1.0,7.853981633974483,20.0,2.5,98.17477042468104,8782.26155787864,9.610776124023444,9.85894800101479,50.0,12.131584940610965,2302.786376953125,426.2167428145716,5.208333333333333,0.36638087806051356,161.98924870566304
183,0.900853,1.0,1,1659.2734386445536,0.0,490.345720613441,9.610776124023444,76.88620899218755,86.496985116211,1079.5517121336757,0.0,0.0,0.0,1.0,0.0,0.0,1.1142554411051846,0.0,212.64196109697195,8782.26155787864,9.610776124023444,9.85894800101479,50.0,12.131584940610965,2302.786376953125,12.131584940610965,86.13425307833785,86.13425307833785,0.0,0.0,5.208333333333333,0.36638087806051356,426.2167428145716,161.98924870566304,297.7384421213592,150.0,1.0,2.2726369395961754,0.0,1841.891450263865,490.345720613441,477.9665523066951,3279.88882223117,18.492250295061705,0.0,486.8727964637168,86.13425307833785,97.05267952488772,41.666666666666664,12.379168306745884,191703555.20905304,95824833.33333333,10.0,1.0,7.853981633974483,20.0,2.5,98.17477042468104,8782.26155787864,9.610776124023444,9.85894800101479,50.0,12.131584940610965,2302.786376953125,426.2167428145716,5.208333333333333,0.36638087806051356,161.98924870566304
184,0.914034,1.0,1,1683.5514098504816,0.0,490.345720613441,9.610776124023444,76.88620899218755,86.496985116211,1683.5514098504816,603.9996977168059,0.0,573.7997128309656,1.0,0.0,0.0,1.1142554411051846,0.0,214.90323485187014,8782.26155787864,9.610776124023444,9.85894800101479,50.0,12.131584940610965,2302.786376953125,12.131584940610965,86.13425307833785,86.13425307833785,0.0,0.0,5.208333333333333,0.36638087806051356,426.2167428145716,161.98924870566304,297.7384421213592,150.0,1.0,2.2726369395961754,0.0,1841.891450263865,490.345720613441,477.9665523066951,3279.88882223117,18.492250295061705,0.0,486.8727964637168,86.13425307833785,97.05267952488772,41.666666666666664,12.379168306745884,191703555.20905304,95824833.33333333,10.0,1.0,7.853981633974483,20.0,2.5,98.17477042468104,8782.26155787864,9.610776124023444,9.85894800101479,50.0,12.131584940610965,2302.786376953125,426.2167428145716,5.208333333333333,0.36638087806051356,161.98924870566304
185,0.919265,1.0,1,1693.1863440268119,0.0,490.345720613441,9.610776124023444,76.88620899218755,86.496985116211,1693.1863440268119,613.6346318931362,0.0,1156.7526131294449,1.0,0.0,0.0,1.1142554411051846,0.0,217.16450860676855,8782.26155787864,9.610776124023444,9.85894800101479,50.0,12.131584940610965,2302.786376953125,12.131584940610965,86.13425307833785,86.13425307833785,0.0,0.0,5.208333333333333,0.36638087806051356,426.2167428145716,161.98924870566304,297.7384421213592,150.0,1.0,2.2726369395961754,0.0,1841.891450263865,490.345720613441,477.9665523066951,3279.88882223117,18.492250295061705,0.0,486.8727964637168,86.13425307833785,97.05267952488772,41.666666666666664,12.379168306745884,191703555.20905304,95824833.33333333,10.0,1.0,7.853981633974483,20.0,2.5,98.17477042468104,8782.26155787864,9.610776124023444,9.85894800101479,50.0,12.131584940610965,2302.786376953125,426.2167428145716,5.208333333333333,0.36638087806051356,161.98924870566304
186,0.893358,1.0,1,1645.4684622248258,0.0,490.345720613441,9.610776124023444,76.88620899218755,86.496985116211,1079.5517121336757,0.0,0.0,1156.7526131294449,1.0,0.0,0.0,1.1142554411051846,0.0,219.42578236166673,8782.26155787864,9.610776124023444,9.85894800101479,50.0,12.131584940610965,2302.786376953125,12.131584940610965,86.13425307833785,86.13425307833785,0.0,0.0,5.208333333333333,0.36638087806051356,426.2167428145716,161.98924870566304,297.7384421213592,150.0,1.0,2.2726369395961754,0.0,1841.891450263865,490.345720613441,477.9665523066951,3279.88882223117,18.492250295061705,0.0,486.8727964637168,86.13425307833785,97.05267952488772,41.666666666666664,12.379168306745884,191703555.20905304,95824833.33333333,10.0,1.0,7.853981633974483,20.0,2.5,98.17477042468104,8782.26155787864,9.610776124023444,9.85894800101479,50.0,12.131584940610965,2302.786376953125,426.2167428145716,5.208333333333333,0.36638087806051356,161.98924870566304
187,0.844885,1.0,1,1556.1864579561854,0.0,490.345720613441,9.610776124023444,76.88620899218755,86.496985116211,1079.5517121336757,0.0,0.0,1156.7526131294449,1.0,0.0,0.0,1.1142554411051846,0.0,221.68705611656492,8782.26155787864,9.610776124023444,9.85894800101479,50.0,12.131584940610965,2302.786376953125,12.131584940610965,86.13425307833785,86.13425307833785,0.0,0.0,5.208333333333333,0.36638087806051356,426.2167428145716,161.98924870566304,297.7384421213592,150.0,1.0,2.2726369395961754,0.0,1841.891450263865,490.345720613441,477.9665523066951,3279.88882223117,18.492250295061705,0.0,486.8727964637168,86.13425307833785,97.05267952488772,41.666666666666664,12.379168306745884,191703555.20905304,95824833.33333333,10.0,1.0,7.853981633974483,20.0,2.5,98.17477042468104,8782.26155787864,9.610776124023444,9.85894800101479,50.0,12.131584940610965,2302.786376953125,426.2167428145716,5.208333333333333,0.36638087806051356,161.98924870566304
188,0.837074,1.0,1,1541.7994438381745,0.0,490.345720613441,9.610776124023444,76.88620899218755,86.496985116211,1079.5517121336757,0.0,0.0,1156.7526131294449,1.0,0.0,0.0,1.1142554411051846,0.0,223.9483298714631,8782.26155787864,9.610776124023444,9.85894800101479,50.0,12.131584940610965,2302.786376953125,12.131584940610965,86.13425307833785,86.13425307833785,0.0,0.0,5.208333333333333,0.36638087806051356,426.2167428145716,161.98924870566304,297.7384421213592,150.0,1.0,2.2726369395961754,0.0,1841.891450263865,490.345720613441,477.9665523066951,3279.88882223117,18.492250295061705,0.0,486.8727964637168,86.13425307833785,97.05267952488772,41.666666666666664,12.379168306745884,191703555.20905304,95824833.33333333,10.0,1.0,7.853981633974483,20.0,2.5,98.17477042468104,8782.26155787864,9.610776124023444,9.85894800101479,50.0,12.131584940610965,2302.786376953125,426.2167428145716,5.208333333333333,0.36638087806051356,161.98924870566304
189,0.8635839999999999,1.0,1,1590.6279861846695,0.0,490.345720613441,9.610776124023444,76.88620899218755,86.496985116211,1079.5517121336757,0.0,0.0,1156.7526131294449,1.0,0.0,0.0,1.1142554411051846,0.0,226.2096036263615,8782.26155787864,9.610776124023444,9.85894800101479,50.0,12.131584940610965,2302.786376953125,12.131584940610965,86.13425307833785,86.13425307833785,0.0,0.0,5.208333333333333,0.36638087806051356,426.2167428145716,161.98924870566304,297.7384421213592,150.0,1.0,2.2726369395961754,0.0,1841.891450263865,490.345720613441,477.9665523066951,3279.88882223117,18.492250295061705,0.0,486.8727964637168,86.13425307833785,97.05267952488772,41.666666666666664,12.379168306745884,191703555.20905304,95824833.33333333,10.0,1.0,7.853981633974483,20.0,2.5,98.17477042468104,8782.26155787864,9.610776124023444,9.85894800101479,50.0,12.131584940610965,2302.786376953125,426.2167428145716,5.208333333333333,0.36638087806051356,161.98924870566304
190,0.873189,1.0,1,1608.3193535644539,0.0,490.345720613441,9.610776124023444,76.88620899218755,86.496985116211,1079.5517121336757,0.0,0.0,1156.7526131294449,1.0,0.0,0.0,1.1142554411051846,0.0,228.4708773812597,8782.26155787864,9.610776124023444,9.85894800101479,50.0,12.131584940610965,2302.786376953125,12.131584940610965,86.13425307833785,86.13425307833785,0.0,0.0,5.208333333333333,0.36638087806051356,426.2167428145716,161.98924870566304,297.7384421213592,150.0,1.0,2.2726369395961754,0.0,1841.891450263865,490.345720613441,477.9665523066951,3279.88882223117,18.492250295061705,0.0,486.8727964637168,86.13425307833785,97.05267952488772,41.666666666666664,12.379168306745884,191703555.20905304,95824833.33333333,10.0,1.0,7.853981633974483,20.0,2.5,98.17477042468104,8782.26155787864,9.610776124023444,9.85894800101479,50.0,12.131584940610965,2302.786376953125,426.2167428145716,5.208333333333333,0.36638087806051356,161.98924870566304
191,0.856318,1.0,1,1577.2448029070524,0.0,490.345720613441,9.610776124023444,76.88620899218755,86.496985116211,1139.3082653040244,59.75655317034873,0.0,1213.521338641276,1.0,0.0,0.0,1.1142554411051846,0.0,230.73215113615788,8782.26155787864,9.610776124023444,9.85894800101479,50.0,12.131584940610965,2302.786376953125,12.131584940610965,86.13425307833785,86.13425307833785,0.0,0.0,5.208333333333333,0.36638087806051356,426.2167428145716,161.98924870566304,297.7384421213592,150.0,1.0,2.2726369395961754,0.0,1841.891450263865,490.345720613441,477.9665523066951,3279.88882223117,18.492250295061705,0.0,486.8727964637168,86.13425307833785,97.05267952488772,41.666666666666664,12.379168306745884,191703555.20905304,95824833.33333333,10.0,1.0,7.853981633974483,20.0,2.5,98.17477042468104,8782.26155787864,9.610776124023444,9.85894800101479,50.0,12.131584940610965,2302.786376953125,426.2167428145716,5.208333333333333,0.36638087806051356,161.98924870566304
192,0.310357,1.0,1,571.6439048295423,0.0,490.345720613441,9.610776124023444,76.88620899218755,86.496985116211,1079.5517121336757,0.0,507.90780730413337,678.8815414790306,1.0,0.0,0.0,1.1142554411051846,0.0,232.99342489105607,8782.26155787864,9.610776124023444,9.85894800101479,50.0,12.131584940610965,2302.786376953125,12.131584940610965,86.13425307833785,86.13425307833785,0.0,0.0,5.208333333333333,0.36638087806051356,426.2167428145716,161.98924870566304,297.7384421213592,150.0,1.0,2.2726369395961754,0.0,1841.891450263865,490.345720613441,477.9665523066951,3279.88882223117,18.492250295061705,0.0,486.8727964637168,86.13425307833785,97.05267952488772,41.666666666666664,12.379168306745884,191703555.20905304,95824833.33333333,10.0,1.0,7.853981633974483,20.0,2.5,98.17477042468104,8782.26155787864,9.610776124023444,9.85894800101479,50.0,12.131584940610965,2302.786376953125,426.2167428145716,5.208333333333333,0.36638087806051356,161.98924870566304
193,0.400821,1.0,1,738.2687729862126,0.0,490.345720613441,9.610776124023444,76.88620899218755,86.496985116211,1079.5517121336757,0.0,341.282939147463,319.6363423764379,1.0,0.0,0.0,1.1142554411051846,0.0,235.25469864595425,8782.26155787864,9.610776124023444,9.85894800101479,50.0,12.131584940610965,2302.786376953125,12.131584940610965,86.13425307833785,86.13425307833784,0.0,0.0,5.208333333333333,0.36638087806051356,426.2167428145716,161.98924870566304,297.7384421213592,150.0,1.0,2.2726369395961754,0.0,1841.891450263865,490.345720613441,477.9665523066951,3279.88882223117,18.492250295061705,0.0,486.8727964637168,86.13425307833785,97.05267952488772,41.666666666666664,12.379168306745884,191703555.20905304,95824833.33333333,10.0,1.0,7.853981633974483,20.0,2.5,98.17477042468104,8782.26155787864,9.610776124023444,9.85894800101479,50.0,12.131584940610965,2302.786376953125,426.2167428145716,5.208333333333333,0.36638087806051356,161.98924870566304
194,0.4992919999999999,1.0,1,919.6416659851454,0.0,490.345720613441,9.610776124023444,76.88620899218755,86.496985116211,1079.5517121336757,0.0,159.91004614853023,151.30997800956396,1.0,0.0,0.0,1.1142554411051846,0.0,237.51597240085243,8782.26155787864,9.610776124023444,9.85894800101479,50.0,12.131584940610965,2302.786376953125,12.131584940610965,86.13425307833785,86.13425307833785,0.0,0.0,5.208333333333333,0.36638087806051356,426.2167428145716,161.98924870566304,297.7384421213592,150.0,1.0,2.2726369395961754,0.0,1841.891450263865,490.345720613441,477.9665523066951,3279.88882223117,18.492250295061705,0.0,486.8727964637168,86.13425307833785,97.05267952488772,41.666666666666664,12.379168306745884,191703555.20905304,95824833.33333333,10.0,1.0,7.853981633974483,20.0,2.5,98.17477042468104,8782.26155787864,9.610776124023444,9.85894800101479,50.0,12.131584940610965,2302.786376953125,426.2167428145716,5.208333333333333,0.36638087806051356,161.98924870566304
195,0.52896,1.0,1,974.286901531574,0.0,490.345720613441,9.610776124023444,76.88620899218755,86.496985116211,1079.5517121336757,0.0,105.26481060210165,40.504914217878024,1.0,0.0,0.0,1.1142554411051846,0.0,239.77724615575062,8782.26155787864,9.610776124023444,9.85894800101479,50.0,12.131584940610965,2302.786376953125,12.131584940610965,86.13425307833785,86.13425307833785,0.0,0.0,5.208333333333333,0.36638087806051356,426.2167428145716,161.98924870566304,297.7384421213592,150.0,1.0,2.2726369395961754,0.0,1841.891450263865,490.345720613441,477.9665523066951,3279.88882223117,18.492250295061705,0.0,486.8727964637168,86.13425307833785,97.05267952488772,41.666666666666664,12.379168306745884,191703555.20905304,95824833.33333333,10.0,1.0,7.853981633974483,20.0,2.5,98.17477042468104,8782.26155787864,9.610776124023444,9.85894800101479,50.0,12.131584940610965,2302.786376953125,426.2167428145716,5.208333333333333,0.36638087806051356,161.98924870566304
196,0.565219,1.0,1,1041.0720436266915,0.0,490.345720613441,9.610776124023444,76.88620899218755,86.496985116211,1079.5517121336757,0.0,38.479668506984126,0.0,1.0,0.0,0.0,1.1142554411051846,0.0,242.0385199106488,8782.26155787864,9.610776124023444,9.85894800101479,50.0,12.131584940610965,2302.786376953125,12.131584940610965,86.13425307833785,86.13425307833785,0.0,0.0,5.208333333333333,0.36638087806051356,426.2167428145716,161.98924870566304,297.7384421213592,150.0,1.0,2.2726369395961754,0.0,1841.891450263865,490.345720613441,477.9665523066951,3279.88882223117,18.492250295061705,0.0,486.8727964637168,86.13425307833785,97.05267952488772,41.666666666666664,12.379168306745884,191703555.20905304,95824833.33333333,10.0,1.0,7.853981633974483,20.0,2.5,98.17477042468104,8782.26155787864,9.610776124023444,9.85894800101479,50.0,12.131584940610965,2302.786376953125,426.2167428145716,5.208333333333333,0.36638087806051356,161.98924870566304
197,0.7753099999999999,1.0,1,1428.036860304077,0.0,490.345720613441,9.610776124023444,76.88620899218755,86.496985116211,1079.5517121336757,0.0,0.0,0.0,1.0,0.0,0.0,1.1142554411051846,0.0,244.29979366554699,8782.26155787864,9.610776124023444,9.85894800101479,50.0,12.131584940610965,2302.786376953125,12.131584940610965,86.13425307833785,86.13425307833785,0.0,0.0,5.208333333333333,0.36638087806051356,426.2167428145716,161.98924870566304,297.7384421213592,150.0,1.0,2.2726369395961754,0.0,1841.891450263865,490.345720613441,477.9665523066951,3279.88882223117,18.492250295061705,0.0,486.8727964637168,86.13425307833785,97.05267952488772,41.666666666666664,12.379168306745884,191703555.20905304,95824833.33333333,10.0,1.0,7.853981633974483,20.0,2.5,98.17477042468104,8782.26155787864,9.610776124023444,9.85894800101479,50.0,12.131584940610965,2302.786376953125,426.2167428145716,5.208333333333333,0.36638087806051356,161.98924870566304
198,0.8166100000000001,1.0,1,1504.1069771999748,0.0,490.345720613441,9.610776124023444,76.88620899218755,86.496985116211,1079.5517121336757,0.0,0.0,0.0,1.0,0.0,0.0,1.1142554411051846,0.0,246.56106742044517,8782.26155787864,9.610776124023444,9.85894800101479,50.0,12.131584940610965,2302.786376953125,12.131584940610965,86.13425307833785,86.13425307833785,0.0,0.0,5.208333333333333,0.36638087806051356,426.2167428145716,161.98924870566304,297.7384421213592,150.0,1.0,2.2726369395961754,0.0,1841.891450263865,490.345720613441,477.9665523066951,3279.88882223117,18.492250295061705,0.0,486.8727964637168,86.13425307833785,97.05267952488772,41.666666666666664,12.379168306745884,191703555.20905304,95824833.33333333,10.0,1.0,7.853981633974483,20.0,2.5,98.17477042468104,8782.26155787864,9.610776124023444,9.85894800101479,50.0,12.131584940610965,2302.786376953125,426.2167428145716,5.208333333333333,0.36638087806051356,161.98924870566304
199,0.8467250000000001,1.0,1,1559.5755382246712,0.0,490.345720613441,9.610776124023444,76.88620899218755,86.496985116211,1079.5517121336757,0.0,0.0,0.0,1.0,0.0,0.0,1.1142554411051846,0.0,248.82234117534335,8782.26155787864,9.610776124023444,9.85894800101479,50.0,12.131584940610965,2302.786376953125,12.131584940610965,86.13425307833785,86.13425307833785,0.0,0.0,5.208333333333333,0.36638087806051356,426.2167428145716,161.98924870566304,297.7384421213592,150.0,1.0,2.2726369395961754,0.0,1841.891450263865,490.345720613441,477.9665523066951,3279.88882223117,18.492250295061705,0.0,486.8727964637168,86.13425307833785,97.05267952488772,41.666666666666664,12.379168306745884,191703555.20905304,95824833.33333333,10.0,1.0,7.853981633974483,20.0,2.5,98.17477042468104,8782.26155787864,9.610776124023444,9.85894800101479,50.0,12.131584940610965,2302.786376953125,426.2167428145716,5.208333333333333,0.36638087806051356,161.98924870566304
200,0.8038500000000001,1.0,1,1480.604442294608,0.0,490.345720613441,9.610776124023444,76.88620899218755,86.496985116211,1079.5517121336757,0.0,0.0,0.0,1.0,0.0,0.0,1.1142554411051846,0.0,251.08361493024154,8782.26155787864,9.610776124023444,9.85894800101479,50.0,12.131584940610965,2302.786376953125,12.131584940610965,86.13425307833785,86.13425307833785,0.0,0.0,5.208333333333333,0.36638087806051356,426.2167428145716,161.98924870566304,297.7384421213592,150.0,1.0,2.2726369395961754,0.0,1841.891450263865,490.345720613441,477.9665523066951,3279.88882223117,18.492250295061705,0.0,486.8727964637168,86.13425307833785,97.05267952488772,41.666666666666664,12.379168306745884,191703555.20905304,95824833.33333333,10.0,1.0,7.853981633974483,20.0,2.5,98.17477042468104,8782.26155787864,9.610776124023444,9.85894800101479,50.0,12.131584940610965,2302.786376953125,426.2167428145716,5.208333333333333,0.36638087806051356,161.98924870566304
201,0.816252,1.0,1,1503.4475800607802,0.0,490.345720613441,9.610776124023444,76.88620899218755,86.496985116211,1079.5517121336757,0.0,0.0,0.0,1.0,0.0,0.0,1.1142554411051846,0.0,253.34488868513972,8782.26155787864,9.610776124023444,9.85894800101479,50.0,12.131584940610965,2302.786376953125,12.131584940610965,86.13425307833785,86.13425307833785,0.0,0.0,5.208333333333333,0.36638087806051356,426.2167428145716,161.98924870566304,297.7384421213592,150.0,1.0,2.2726369395961754,0.0,1841.891450263865,490.345720613441,477.9665523066951,3279.88882223117,18.492250295061705,0.0,486.8727964637168,86.13425307833785,97.05267952488772,41.666666666666664,12.379168306745884,191703555.20905304,95824833.33333333,10.0,1.0,7.853981633974483,20.0,2.5,98.17477042468104,8782.26155787864,9.610776124023444,9.85894800101479,50.0,12.131584940610965,2302.786376953125,426.2167428145716,5.208333333333333,0.36638087806051356,161.98924870566304
202,0.783158,1.0,1,1442.492024405748,0.0,490.345720613441,9.610776124023444,76.88620899218755,86.496985116211,1079.5517121336757,0.0,0.0,0.0,1.0,0.0,0.0,1.1142554411051846,0.0,255.6061624400379,8782.26155787864,9.610776124023444,9.85894800101479,50.0,12.131584940610965,2302.786376953125,12.131584940610965,86.13425307833785,86.13425307833785,0.0,0.0,5.208333333333333,0.36638087806051356,426.2167428145716,161.98924870566304,297.7384421213592,150.0,1.0,2.2726369395961754,0.0,1841.891450263865,490.345720613441,477.9665523066951,3279.88882223117,18.492250295061705,0.0,486.8727964637168,86.13425307833785,97.05267952488772,41.666666666666664,12.379168306745884,191703555.20905304,95824833.33333333,10.0,1.0,7.853981633974483,20.0,2.5,98.17477042468104,8782.26155787864,9.610776124023444,9.85894800101479,50.0,12.131584940610965,2302.786376953125,426.2167428145716,5.208333333333333,0.36638087806051356,161.98924870566304
203,0.747236,1.0,1,1376.3275997293695,0.0,490.345720613441,9.610776124023444,76.88620899218755,86.496985116211,1079.5517121336757,0.0,0.0,0.0,1.0,0.0,0.0,1.1142554411051846,0.0,257.8674361949361,8782.26155787864,9.610776124023444,9.85894800101479,50.0,12.131584940610965,2302.786376953125,12.131584940610965,86.13425307833785,86.13425307833785,0.0,0.0,5.208333333333333,0.36638087806051356,426.2167428145716,161.98924870566304,297.7384421213592,150.0,1.0,2.2726369395961754,0.0,1841.891450263865,490.345720613441,477.9665523066951,3279.88882223117,18.492250295061705,0.0,486.8727964637168,86.13425307833785,97.05267952488772,41.666666666666664,12.379168306745884,191703555.20905304,95824833.33333333,10.0,1.0,7.853981633974483,20.0,2.5,98.17477042468104,8782.26155787864,9.610776124023444,9.85894800101479,50.0,12.131584940610965,2302.786376953125,426.2167428145716,5.208333333333333,0.36638087806051356,161.98924870566304
204,0.763361,1.0,1,1406.0280993648742,0.0,490.345720613441,9.610776124023444,76.88620899218755,86.496985116211,1079.5517121336757,0.0,0.0,0.0,1.0,0.0,0.0,1.1142554411051846,0.0,260.1287099498343,8782.26155787864,9.610776124023444,9.85894800101479,50.0,12.131584940610965,2302.786376953125,12.131584940610965,86.13425307833785,86.13425307833785,0.0,0.0,5.208333333333333,0.36638087806051356,426.2167428145716,161.98924870566304,297.7384421213592,150.0,1.0,2.2726369395961754,0.0,1841.891450263865,490.345720613441,477.9665523066951,3279.88882223117,18.492250295061705,0.0,486.8727964637168,86.13425307833785,97.05267952488772,41.666666666666664,12.379168306745884,191703555.20905304,95824833.33333333,10.0,1.0,7.853981633974483,20.0,2.5,98.17477042468104,8782.26155787864,9.610776124023444,9.85894800101479,50.0,12.131584940610965,2302.786376953125,426.2167428145716,5.208333333333333,0.36638087806051356,161.98924870566304
205,0.823013,1.0,1,1515.9006081560142,0.0,490.345720613441,9.610776124023444,76.88620899218755,86.496985116211,1515.9006081560142,436.3488960223384,0.0,414.53145122122146,1.0,0.0,0.0,1.1142554411051846,0.0,262.38998370473246,8782.26155787864,9.610776124023444,9.85894800101479,50.0,12.131584940610965,2302.786376953125,12.131584940610965,86.13425307833785,86.13425307833785,0.0,0.0,5.208333333333333,0.36638087806051356,426.2167428145716,161.98924870566304,297.7384421213592,150.0,1.0,2.2726369395961754,0.0,1841.891450263865,490.345720613441,477.9665523066951,3279.88882223117,18.492250295061705,0.0,486.8727964637168,86.13425307833785,97.05267952488772,41.666666666666664,12.379168306745884,191703555.20905304,95824833.33333333,10.0,1.0,7.853981633974483,20.0,2.5,98.17477042468104,8782.26155787864,9.610776124023444,9.85894800101479,50.0,12.131584940610965,2302.786376953125,426.2167428145716,5.208333333333333,0.36638087806051356,161.98924870566304
206,0.867903,1.0,1,1598.5831153583592,0.0,490.345720613441,9.610776124023444,76.88620899218755,86.496985116211,1598.5831153583595,519.0314032246837,0.0,907.611284284671,1.0,0.0,0.0,1.1142554411051846,0.0,264.65125745963064,8782.26155787864,9.610776124023444,9.85894800101479,50.0,12.131584940610965,2302.786376953125,12.131584940610965,86.13425307833785,86.13425307833785,0.0,0.0,5.208333333333333,0.36638087806051356,426.2167428145716,161.98924870566304,297.7384421213592,150.0,1.0,2.2726369395961754,0.0,1841.891450263865,490.345720613441,477.9665523066951,3279.88882223117,18.492250295061705,0.0,486.8727964637168,86.13425307833785,97.05267952488772,41.666666666666664,12.379168306745884,191703555.20905304,95824833.33333333,10.0,1.0,7.853981633974483,20.0,2.5,98.17477042468104,8782.26155787864,9.610776124023444,9.85894800101479,50.0,12.131584940610965,2302.786376953125,426.2167428145716,5.208333333333333,0.36638087806051356,161.98924870566304
207,0.8991549999999999,1.0,1,1656.1459069620053,0.0,490.345720613441,9.610776124023444,76.88620899218755,86.496985116211,1079.5517121336757,0.0,0.0,907.611284284671,1.0,0.0,0.0,1.1142554411051846,0.0,266.9125312145288,8782.26155787864,9.610776124023444,9.85894800101479,50.0,12.131584940610965,2302.786376953125,12.131584940610965,86.13425307833785,86.13425307833785,0.0,0.0,5.208333333333333,0.36638087806051356,426.2167428145716,161.98924870566304,297.7384421213592,150.0,1.0,2.2726369395961754,0.0,1841.891450263865,490.345720613441,477.9665523066951,3279.88882223117,18.492250295061705,0.0,486.8727964637168,86.13425307833785,97.05267952488772,41.666666666666664,12.379168306745884,191703555.20905304,95824833.33333333,10.0,1.0,7.853981633974483,20.0,2.5,98.17477042468104,8782.26155787864,9.610776124023444,9.85894800101479,50.0,12.131584940610965,2302.786376953125,426.2167428145716,5.208333333333333,0.36638087806051356,161.98924870566304
208,0.910593,1.0,1,1677.2134613701235,0.0,490.345720613441,9.610776124023444,76.88620899218755,86.496985116211,1677.2134613701235,597.6617492364478,0.0,1475.3899460592963,1.0,0.0,0.0,1.1142554411051846,0.0,269.173804969427,8782.26155787864,9.610776124023444,9.85894800101479,50.0,12.131584940610965,2302.786376953125,12.131584940610965,86.13425307833785,86.13425307833785,0.0,0.0,5.208333333333333,0.36638087806051356,426.2167428145716,161.98924870566304,297.7384421213592,150.0,1.0,2.2726369395961754,0.0,1841.891450263865,490.345720613441,477.9665523066951,3279.88882223117,18.492250295061705,0.0,486.8727964637168,86.13425307833785,97.05267952488772,41.666666666666664,12.379168306745884,191703555.20905304,95824833.33333333,10.0,1.0,7.853981633974483,20.0,2.5,98.17477042468104,8782.26155787864,9.610776124023444,9.85894800101479,50.0,12.131584940610965,2302.786376953125,426.2167428145716,5.208333333333333,0.36638087806051356,161.98924870566304
209,0.908386,1.0,1,1673.1484069393912,0.0,490.345720613441,9.610776124023444,76.88620899218755,86.496985116211,1079.5517121336757,0.0,0.0,1475.3899460592963,1.0,0.0,0.0,1.1142554411051846,0.0,271.4350787243252,8782.26155787864,9.610776124023444,9.85894800101479,50.0,12.131584940610965,2302.786376953125,12.131584940610965,86.13425307833785,86.13425307833785,0.0,0.0,5.208333333333333,0.36638087806051356,426.2167428145716,161.98924870566304,297.7384421213592,150.0,1.0,2.2726369395961754,0.0,1841.891450263865,490.345720613441,477.9665523066951,3279.88882223117,18.492250295061705,0.0,486.8727964637168,86.13425307833785,97.05267952488772,41.666666666666664,12.379168306745884,191703555.20905304,95824833.33333333,10.0,1.0,7.853981633974483,20.0,2.5,98.17477042468104,8782.26155787864,9.610776124023444,9.85894800101479,50.0,12.131584940610965,2302.786376953125,426.2167428145716,5.208333333333333,0.36638087806051356,161.98924870566304
210,0.902226,1.0,1,1661.8023556057658,0.0,490.345720613441,9.610776124023444,76.88620899218755,86.496985116211,1079.5517121336757,0.0,0.0,1475.3899460592963,1.0,0.0,0.0,1.1142554411051846,0.0,273.6963524792234,8782.26155787864,9.610776124023444,9.85894800101479,50.0,12.131584940610965,2302.786376953125,12.131584940610965,86.13425307833785,86.13425307833785,0.0,0.0,5.208333333333333,0.36638087806051356,426.2167428145716,161.98924870566304,297.7384421213592,150.0,1.0,2.2726369395961754,0.0,1841.891450263865,490.345720613441,477.9665523066951,3279.88882223117,18.492250295061705,0.0,486.8727964637168,86.13425307833785,97.05267952488772,41.666666666666664,12.379168306745884,191703555.20905304,95824833.33333333,10.0,1.0,7.853981633974483,20.0,2.5,98.17477042468104,8782.26155787864,9.610776124023444,9.85894800101479,50.0,12.131584940610965,2302.786376953125,426.2167428145716,5.208333333333333,0.36638087806051356,161.98924870566304
211,0.891285,1.0,1,1641.6502212484288,0.0,490.345720613441,9.610776124023444,76.88620899218755,86.496985116211,1079.5517121336757,0.0,0.0,1475.3899460592963,1.0,0.0,0.0,1.1142554411051846,0.0,275.95762623412156,8782.26155787864,9.610776124023444,9.85894800101479,50.0,12.131584940610965,2302.786376953125,12.131584940610965,86.13425307833785,86.13425307833785,0.0,0.0,5.208333333333333,0.36638087806051356,426.2167428145716,161.98924870566304,297.7384421213592,150.0,1.0,2.2726369395961754,0.0,1841.891450263865,490.345720613441,477.9665523066951,3279.88882223117,18.492250295061705,0.0,486.8727964637168,86.13425307833785,97.05267952488772,41.666666666666664,12.379168306745884,191703555.20905304,95824833.33333333,10.0,1.0,7.853981633974483,20.0,2.5,98.17477042468104,8782.26155787864,9.610776124023444,9.85894800101479,50.0,12.131584940610965,2302.786376953125,426.2167428145716,5.208333333333333,0.36638087806051356,161.98924870566304
212,0.86225,1.0,1,1588.1709029900176,0.0,490.345720613441,9.610776124023444,76.88620899218755,86.496985116211,1588.1709029900176,508.6191908563418,0.0,1958.578177372821,1.0,0.0,0.0,1.1142554411051846,0.0,278.21889998901975,8782.26155787864,9.610776124023444,9.85894800101479,50.0,12.131584940610965,2302.786376953125,12.131584940610965,86.13425307833785,86.13425307833785,0.0,0.0,5.208333333333333,0.36638087806051356,426.2167428145716,161.98924870566304,297.7384421213592,150.0,1.0,2.2726369395961754,0.0,1841.891450263865,490.345720613441,477.9665523066951,3279.88882223117,18.492250295061705,0.0,486.8727964637168,86.13425307833785,97.05267952488772,41.666666666666664,12.379168306745884,191703555.20905304,95824833.33333333,10.0,1.0,7.853981633974483,20.0,2.5,98.17477042468104,8782.26155787864,9.610776124023444,9.85894800101479,50.0,12.131584940610965,2302.786376953125,426.2167428145716,5.208333333333333,0.36638087806051356,161.98924870566304
213,0.8041459999999999,1.0,1,1481.1496421638858,0.0,490.345720613441,9.610776124023444,76.88620899218755,86.496985116211,1466.3951051939966,386.843393060321,0.0,2326.079400780126,1.0,0.0,0.0,1.1142554411051846,0.0,280.48017374391793,8782.26155787864,9.610776124023444,9.85894800101479,50.0,12.131584940610965,2302.786376953125,12.131584940610965,86.13425307833785,86.13425307833785,0.0,0.0,5.208333333333333,0.36638087806051356,426.2167428145716,161.98924870566304,297.7384421213592,150.0,1.0,2.2726369395961754,0.0,1841.891450263865,490.345720613441,477.9665523066951,3279.88882223117,18.492250295061705,0.0,486.8727964637168,86.13425307833785,97.05267952488772,41.666666666666664,12.379168306745884,191703555.20905304,95824833.33333333,10.0,1.0,7.853981633974483,20.0,2.5,98.17477042468104,8782.26155787864,9.610776124023444,9.85894800101479,50.0,12.131584940610965,2302.786376953125,426.2167428145716,5.208333333333333,0.36638087806051356,161.98924870566304
214,0.7626430000000001,1.0,1,1404.7056213035848,0.0,490.345720613441,9.610776124023444,76.88620899218755,86.496985116211,1079.5517121336757,0.0,0.0,2326.079400780126,1.0,0.0,0.0,1.1142554411051846,0.0,282.7414474988161,8782.26155787864,9.610776124023444,9.85894800101479,50.0,12.131584940610965,2302.786376953125,12.131584940610965,86.13425307833785,86.13425307833785,0.0,0.0,5.208333333333333,0.36638087806051356,426.2167428145716,161.98924870566304,297.7384421213592,150.0,1.0,2.2726369395961754,0.0,1841.891450263865,490.345720613441,477.9665523066951,3279.88882223117,18.492250295061705,0.0,486.8727964637168,86.13425307833785,97.05267952488772,41.666666666666664,12.379168306745884,191703555.20905304,95824833.33333333,10.0,1.0,7.853981633974483,20.0,2.5,98.17477042468104,8782.26155787864,9.610776124023444,9.85894800101479,50.0,12.131584940610965,2302.786376953125,426.2167428145716,5.208333333333333,0.36638087806051356,161.98924870566304
215,0.724076,1.0,1,1333.6693937412583,0.0,490.345720613441,9.610776124023444,76.88620899218755,86.496985116211,1079.5517121336757,0.0,0.0,2326.079400780126,1.0,0.0,0.0,1.1142554411051846,0.0,285.0027212537143,8782.26155787864,9.610776124023444,9.85894800101479,50.0,12.131584940610965,2302.786376953125,12.131584940610965,86.13425307833785,86.13425307833785,0.0,0.0,5.208333333333333,0.36638087806051356,426.2167428145716,161.98924870566304,297.7384421213592,150.0,1.0,2.2726369395961754,0.0,1841.891450263865,490.345720613441,477.9665523066951,3279.88882223117,18.492250295061705,0.0,486.8727964637168,86.13425307833785,97.05267952488772,41.666666666666664,12.379168306745884,191703555.20905304,95824833.33333333,10.0,1.0,7.853981633974483,20.0,2.5,98.17477042468104,8782.26155787864,9.610776124023444,9.85894800101479,50.0,12.131584940610965,2302.786376953125,426.2167428145716,5.208333333333333,0.36638087806051356,161.98924870566304
216,0.8951720000000001,1.0,1,1648.8096533156047,0.0,490.345720613441,9.610776124023444,76.88620899218755,86.496985116211,1648.8096533156047,569.257941181929,0.0,2866.8744449029587,1.0,0.0,0.0,1.1142554411051846,0.0,287.2639950086125,8782.26155787864,9.610776124023444,9.85894800101479,50.0,12.131584940610965,2302.786376953125,12.131584940610965,86.13425307833785,86.13425307833785,0.0,0.0,5.208333333333333,0.36638087806051356,426.2167428145716,161.98924870566304,297.7384421213592,150.0,1.0,2.2726369395961754,0.0,1841.891450263865,490.345720613441,477.9665523066951,3279.88882223117,18.492250295061705,0.0,486.8727964637168,86.13425307833785,97.05267952488772,41.666666666666664,12.379168306745884,191703555.20905304,95824833.33333333,10.0,1.0,7.853981633974483,20.0,2.5,98.17477042468104,8782.26155787864,9.610776124023444,9.85894800101479,50.0,12.131584940610965,2302.786376953125,426.2167428145716,5.208333333333333,0.36638087806051356,161.98924870566304
217,0.883633,1.0,1,1627.5560678710099,0.0,490.345720613441,9.610776124023444,76.88620899218755,86.496985116211,1079.5517121336757,0.0,0.0,2866.874444902958,1.0,0.0,0.0,1.1142554411051846,0.0,289.52526876351067,8782.26155787864,9.610776124023444,9.85894800101479,50.0,12.131584940610965,2302.786376953125,12.131584940610965,86.13425307833785,86.13425307833785,0.0,0.0,5.208333333333333,0.36638087806051356,426.2167428145716,161.98924870566304,297.7384421213592,150.0,1.0,2.2726369395961754,0.0,1841.891450263865,490.345720613441,477.9665523066951,3279.88882223117,18.492250295061705,0.0,486.8727964637168,86.13425307833785,97.05267952488772,41.666666666666664,12.379168306745884,191703555.20905304,95824833.33333333,10.0,1.0,7.853981633974483,20.0,2.5,98.17477042468104,8782.26155787864,9.610776124023444,9.85894800101479,50.0,12.131584940610965,2302.786376953125,426.2167428145716,5.208333333333333,0.36638087806051356,161.98924870566304
218,0.8221459999999999,1.0,1,1514.3036882686354,0.0,490.345720613441,9.610776124023444,76.88620899218755,86.496985116211,1514.3036882686356,434.7519761349598,0.0,3279.8888222311703,1.0,0.0,0.0,1.1142554411051846,0.0,291.78654251840885,8782.26155787864,9.610776124023444,9.85894800101479,50.0,12.131584940610965,2302.786376953125,12.131584940610965,86.13425307833785,86.13425307833785,0.0,0.0,5.208333333333333,0.36638087806051356,426.2167428145716,161.98924870566304,297.7384421213592,150.0,1.0,2.2726369395961754,0.0,1841.891450263865,490.345720613441,477.9665523066951,3279.88882223117,18.492250295061705,0.0,486.8727964637168,86.13425307833785,97.05267952488772,41.666666666666664,12.379168306745884,191703555.20905304,95824833.33333333,10.0,1.0,7.853981633974483,20.0,2.5,98.17477042468104,8782.26155787864,9.610776124023444,9.85894800101479,50.0,12.131584940610965,2302.786376953125,426.2167428145716,5.208333333333333,0.36638087806051356,161.98924870566304
219,0.708446,1.0,1,1304.8806303736342,0.0,490.345720613441,9.610776124023444,76.88620899218755,86.496985116211,1079.5517121336757,0.0,0.0,3279.8888222311703,1.0,0.0,0.0,1.1142554411051846,0.0,294.04781627330703,8782.26155787864,9.610776124023444,9.85894800101479,50.0,12.131584940610965,2302.786376953125,12.131584940610965,86.13425307833785,86.13425307833785,0.0,0.0,5.208333333333333,0.36638087806051356,426.2167428145716,161.98924870566304,297.7384421213592,150.0,1.0,2.2726369395961754,0.0,1841.891450263865,490.345720613441,477.9665523066951,3279.88882223117,18.492250295061705,0.0,486.8727964637168,86.13425307833785,97.05267952488772,41.666666666666664,12.379168306745884,191703555.20905304,95824833.33333333,10.0,1.0,7.853981633974483,20.0,2.5,98.17477042468104,8782.26155787864,9.610776124023444,9.85894800101479,50.0,12.131584940610965,2302.786376953125,426.2167428145716,5.208333333333333,0.36638087806051356,161.98924870566304
220,0.503998,1.0,1,928.3096071500873,0.0,490.345720613441,9.610776124023444,76.88620899218755,86.496985116211,1079.5517121336757,0.0,151.24210498358832,3120.686606458972,-0.0,0.0,0.0,1.1142554411051846,0.0,296.3090900282052,8782.26155787864,9.610776124023444,9.85894800101479,50.0,12.131584940610965,2302.786376953125,12.131584940610965,86.13425307833785,86.13425307833785,0.0,0.0,5.208333333333333,0.36638087806051356,426.2167428145716,161.98924870566304,297.7384421213592,150.0,1.0,2.2726369395961754,0.0,1841.891450263865,490.345720613441,477.9665523066951,3279.88882223117,18.492250295061705,0.0,486.8727964637168,86.13425307833785,97.05267952488772,41.666666666666664,12.379168306745884,191703555.20905304,95824833.33333333,10.0,1.0,7.853981633974483,20.0,2.5,98.17477042468104,8782.26155787864,9.610776124023444,9.85894800101479,50.0,12.131584940610965,2302.786376953125,426.2167428145716,5.208333333333333,0.36638087806051356,161.98924870566304
221,0.345109,1.0,1,635.6533165091122,0.0,490.345720613441,9.610776124023444,76.88620899218755,86.496985116211,1079.5517121336757,0.0,443.8983956245635,2653.425137380484,-0.0,0.0,0.0,1.1142554411051846,0.0,298.5703637831034,8782.26155787864,9.610776124023444,9.85894800101479,50.0,12.131584940610965,2302.786376953125,12.131584940610965,86.13425307833785,86.13425307833785,0.0,0.0,5.208333333333333,0.36638087806051356,426.2167428145716,161.98924870566304,297.7384421213592,150.0,1.0,2.2726369395961754,0.0,1841.891450263865,490.345720613441,477.9665523066951,3279.88882223117,18.492250295061705,0.0,486.8727964637168,86.13425307833785,97.05267952488772,41.666666666666664,12.379168306745884,191703555.20905304,95824833.33333333,10.0,1.0,7.853981633974483,20.0,2.5,98.17477042468104,8782.26155787864,9.610776124023444,9.85894800101479,50.0,12.131584940610965,2302.786376953125,426.2167428145716,5.208333333333333,0.36638087806051356,161.98924870566304
222,0.29934,-0.0,1,551.3517867219854,0.0,373.712988853274,7.32477458152417,58.59819665219336,65.92297123371753,551.3517867219854,0.0,0.0,2653.425137380484,1.0,7.32477458152417,0.0,8.292534530998871,0.0,288.66187332982224,0.0,0.0,9.85894800101479,50.0,0.0,0.0,0.0,0.0,0.0,0.0,0.0,5.208333333333333,0.36638087806051356,0.0,161.98924870566304,9080.0,150.0,0.0,0.0,9.858948001014781,1841.891450263865,490.345720613441,477.9665523066951,3279.88882223117,18.492250295061705,0.0,486.8727964637168,86.13425307833785,97.05267952488772,41.666666666666664,12.379168306745884,191703555.20905304,95824833.33333333,10.0,1.0,7.853981633974483,20.0,2.5,98.17477042468104,8782.26155787864,9.610776124023444,9.85894800101479,50.0,12.131584940610965,2302.786376953125,426.2167428145716,5.208333333333333,0.36638087806051356,161.98924870566304
223,0.371245,1.0,1,683.7929914532085,0.0,93.80978950800721,1.8386718743569412,14.70937499485553,16.54804686921247,683.7929914532084,0.0,0.0,2653.425137380484,-0.0,0.0,7.772104249666502,0.3618159088901951,0.0,290.9231470847204,8782.26155787864,9.610776124023444,9.85894800101479,50.0,12.131584940610965,2302.786376953125,12.131584940610965,86.13425307833785,86.13425307833785,0.0,0.0,5.208333333333333,0.36638087806051356,426.2167428145716,161.98924870566304,297.7384421213592,150.0,1.0,2.2726369395961754,0.0,1841.891450263865,490.345720613441,477.9665523066951,3279.88882223117,18.492250295061705,0.0,486.8727964637168,86.13425307833785,97.05267952488772,41.666666666666664,12.379168306745884,191703555.20905304,95824833.33333333,10.0,1.0,7.853981633974483,20.0,2.5,98.17477042468104,8782.26155787864,9.610776124023444,9.85894800101479,50.0,12.131584940610965,2302.786376953125,426.2167428145716,5.208333333333333,0.36638087806051356,161.98924870566304
224,0.450335,1.0,1,829.4681862545776,0.0,490.345720613441,9.610776124023444,76.88620899218755,86.496985116211,1079.5517121336757,0.0,250.08352587909803,2390.179320665644,-0.0,0.0,0.0,0.3618159088901951,0.0,293.18442083961895,8782.26155787864,9.610776124023444,9.85894800101479,50.0,12.131584940610965,2302.786376953125,12.131584940610965,86.13425307833785,86.13425307833785,0.0,0.0,5.208333333333333,0.36638087806051356,426.2167428145716,161.98924870566304,297.7384421213592,150.0,1.0,2.2726369395961754,0.0,1841.891450263865,490.345720613441,477.9665523066951,3279.88882223117,18.492250295061705,0.0,486.8727964637168,86.13425307833785,97.05267952488772,41.666666666666664,12.379168306745884,191703555.20905304,95824833.33333333,10.0,1.0,7.853981633974483,20.0,2.5,98.17477042468104,8782.26155787864,9.610776124023444,9.85894800101479,50.0,12.131584940610965,2302.786376953125,426.2167428145716,5.208333333333333,0.36638087806051356,161.98924870566304
225,0.465283,1.0,1,857.0007796531219,0.0,490.345720613441,9.610776124023444,76.88620899218755,86.496985116211,1079.5517121336757,0.0,222.5509324805538,2155.9151812124296,-0.0,0.0,0.0,0.3618159088901951,0.0,295.44569459451714,8782.26155787864,9.610776124023444,9.85894800101479,50.0,12.131584940610965,2302.786376953125,12.131584940610965,86.13425307833785,86.13425307833785,0.0,0.0,5.208333333333333,0.36638087806051356,426.2167428145716,161.98924870566304,297.7384421213592,150.0,1.0,2.2726369395961754,0.0,1841.891450263865,490.345720613441,477.9665523066951,3279.88882223117,18.492250295061705,0.0,486.8727964637168,86.13425307833785,97.05267952488772,41.666666666666664,12.379168306745884,191703555.20905304,95824833.33333333,10.0,1.0,7.853981633974483,20.0,2.5,98.17477042468104,8782.26155787864,9.610776124023444,9.85894800101479,50.0,12.131584940610965,2302.786376953125,426.2167428145716,5.208333333333333,0.36638087806051356,161.98924870566304
226,0.4408519999999999,1.0,1,812.0015296317252,0.0,490.345720613441,9.610776124023444,76.88620899218755,86.496985116211,1079.5517121336757,0.0,267.550182501951,1874.2834101577441,-0.0,0.0,0.0,0.3618159088901951,0.0,297.7069683494153,8782.26155787864,9.610776124023444,9.85894800101479,50.0,12.131584940610965,2302.786376953125,12.131584940610965,86.13425307833785,86.13425307833785,0.0,0.0,5.208333333333333,0.36638087806051356,426.2167428145716,161.98924870566304,297.7384421213592,150.0,1.0,2.2726369395961754,0.0,1841.891450263865,490.345720613441,477.9665523066951,3279.88882223117,18.492250295061705,0.0,486.8727964637168,86.13425307833785,97.05267952488772,41.666666666666664,12.379168306745884,191703555.20905304,95824833.33333333,10.0,1.0,7.853981633974483,20.0,2.5,98.17477042468104,8782.26155787864,9.610776124023444,9.85894800101479,50.0,12.131584940610965,2302.786376953125,426.2167428145716,5.208333333333333,0.36638087806051356,161.98924870566304
227,0.404657,-0.0,1,745.3342685894248,0.0,490.345720613441,9.610776124023444,76.88620899218755,86.496985116211,745.3342685894249,72.7777470222739,0.0,1943.4222698289043,1.0,9.610776124023444,0.0,9.78037651043317,0.0,287.7984778961341,0.0,0.0,9.85894800101479,50.0,0.0,0.0,0.0,0.0,0.0,0.0,0.0,5.208333333333333,0.36638087806051356,0.0,161.98924870566304,9080.0,150.0,-0.0,0.0,9.85894800101479,1841.891450263865,490.345720613441,477.9665523066951,3279.88882223117,18.492250295061705,0.0,486.8727964637168,86.13425307833785,97.05267952488772,41.666666666666664,12.379168306745884,191703555.20905304,95824833.33333333,10.0,1.0,7.853981633974483,20.0,2.5,98.17477042468104,8782.26155787864,9.610776124023444,9.85894800101479,50.0,12.131584940610965,2302.786376953125,426.2167428145716,5.208333333333333,0.36638087806051356,161.98924870566304
228,0.378497,1.0,1,697.150388250522,0.0,490.345720613441,9.610776124023444,76.88620899218755,86.496985116211,1079.5517121336757,0.0,382.4013238831536,1540.8945604782175,-0.0,0.0,0.0,9.78037651043317,0.0,290.0597516510323,8782.26155787864,9.610776124023444,9.85894800101479,50.0,12.131584940610965,2302.786376953125,12.131584940610965,86.13425307833785,86.13425307833785,0.0,0.0,5.208333333333333,0.36638087806051356,426.2167428145716,161.98924870566304,297.7384421213592,150.0,1.0,2.2726369395961754,0.0,1841.891450263865,490.345720613441,477.9665523066951,3279.88882223117,18.492250295061705,0.0,486.8727964637168,86.13425307833785,97.05267952488772,41.666666666666664,12.379168306745884,191703555.20905304,95824833.33333333,10.0,1.0,7.853981633974483,20.0,2.5,98.17477042468104,8782.26155787864,9.610776124023444,9.85894800101479,50.0,12.131584940610965,2302.786376953125,426.2167428145716,5.208333333333333,0.36638087806051356,161.98924870566304
229,0.3458179999999999,1.0,1,636.9592175473491,0.0,490.345720613441,9.610776124023444,76.88620899218755,86.496985116211,1079.5517121336757,0.0,442.59249458632655,1075.007724071558,-0.0,0.0,0.0,9.78037651043317,0.0,292.32102540593047,8782.26155787864,9.610776124023444,9.85894800101479,50.0,12.131584940610965,2302.786376953125,12.131584940610965,86.13425307833785,86.13425307833785,0.0,0.0,5.208333333333333,0.36638087806051356,426.2167428145716,161.98924870566304,297.7384421213592,150.0,1.0,2.2726369395961754,0.0,1841.891450263865,490.345720613441,477.9665523066951,3279.88882223117,18.492250295061705,0.0,486.8727964637168,86.13425307833785,97.05267952488772,41.666666666666664,12.379168306745884,191703555.20905304,95824833.33333333,10.0,1.0,7.853981633974483,20.0,2.5,98.17477042468104,8782.26155787864,9.610776124023444,9.85894800101479,50.0,12.131584940610965,2302.786376953125,426.2167428145716,5.208333333333333,0.36638087806051356,161.98924870566304
230,0.317511,1.0,1,584.82079626473,0.0,1.3268950917825049,0.026007143798937093,0.20805715039149675,0.23406429419043384,591.4913635100396,0.0,6.670567245309572,1067.9860743396532,-0.0,0.0,9.584768980224506,0.0,0.0,294.5822991608288,8782.26155787864,9.610776124023444,9.85894800101479,50.0,12.131584940610965,2302.786376953125,12.131584940610965,86.13425307833785,86.13425307833785,0.0,0.0,5.208333333333333,0.36638087806051356,426.2167428145716,161.98924870566304,297.7384421213592,150.0,1.0,2.2726369395961754,0.0,1841.891450263865,490.345720613441,477.9665523066951,3279.88882223117,18.492250295061705,0.0,486.8727964637168,86.13425307833785,97.05267952488772,41.666666666666664,12.379168306745884,191703555.20905304,95824833.33333333,10.0,1.0,7.853981633974483,20.0,2.5,98.17477042468104,8782.26155787864,9.610776124023444,9.85894800101479,50.0,12.131584940610965,2302.786376953125,426.2167428145716,5.208333333333333,0.36638087806051356,161.98924870566304
231,0.289489,-0.0,1,533.207314045436,0.0,356.25294971109787,6.982557814337518,55.860462514700146,62.843020329037664,533.2073140454359,0.0,0.0,1067.9860743396532,1.0,6.982557814337518,0.0,6.842906658050768,0.0,284.6738087075476,0.0,0.0,9.85894800101479,50.0,0.0,0.0,0.0,0.0,0.0,0.0,0.0,5.208333333333333,0.36638087806051356,0.0,161.98924870566304,9080.0,150.0,-0.0,0.0,9.85894800101479,1841.891450263865,490.345720613441,477.9665523066951,3279.88882223117,18.492250295061705,0.0,486.8727964637168,86.13425307833785,97.05267952488772,41.666666666666664,12.379168306745884,191703555.20905304,95824833.33333333,10.0,1.0,7.853981633974483,20.0,2.5,98.17477042468104,8782.26155787864,9.610776124023444,9.85894800101479,50.0,12.131584940610965,2302.786376953125,426.2167428145716,5.208333333333333,0.36638087806051356,161.98924870566304
232,0.252867,-0.0,1,465.7535653538728,0.0,291.3436457353827,5.710335456413501,45.68268365130801,51.393019107721514,465.7535653538728,0.0,0.0,1067.9860743396532,1.0,5.710335456413501,0.0,12.439035405336,0.0,274.7653182542664,0.0,0.0,9.85894800101479,50.0,0.0,0.0,0.0,0.0,0.0,0.0,0.0,5.208333333333333,0.36638087806051356,0.0,161.98924870566304,9080.0,150.0,-0.0,0.0,9.85894800101479,1841.891450263865,490.345720613441,477.9665523066951,3279.88882223117,18.492250295061705,0.0,486.8727964637168,86.13425307833785,97.05267952488772,41.666666666666664,12.379168306745884,191703555.20905304,95824833.33333333,10.0,1.0,7.853981633974483,20.0,2.5,98.17477042468104,8782.26155787864,9.610776124023444,9.85894800101479,50.0,12.131584940610965,2302.786376953125,426.2167428145716,5.208333333333333,0.36638087806051356,161.98924870566304
233,0.226348,1.0,1,416.9084459843253,0.0,440.74587626544655,8.638619174802752,69.10895339842202,77.74757257322477,1030.0490834806035,0.0,613.140637496278,422.57487697515,-0.0,0.0,0.9721569492206912,11.447038518376111,0.0,277.0265920091646,8782.26155787864,9.610776124023444,9.85894800101479,50.0,12.131584940610965,2302.786376953125,12.131584940610965,86.13425307833785,86.13425307833785,0.0,0.0,5.208333333333333,0.36638087806051356,426.2167428145716,161.98924870566304,297.7384421213592,150.0,1.0,2.2726369395961754,0.0,1841.891450263865,490.345720613441,477.9665523066951,3279.88882223117,18.492250295061705,0.0,486.8727964637168,86.13425307833785,97.05267952488772,41.666666666666664,12.379168306745884,191703555.20905304,95824833.33333333,10.0,1.0,7.853981633974483,20.0,2.5,98.17477042468104,8782.26155787864,9.610776124023444,9.85894800101479,50.0,12.131584940610965,2302.786376953125,426.2167428145716,5.208333333333333,0.36638087806051356,161.98924870566304
234,0.222327,1.0,1,409.5022004628143,0.0,0.0,0.0,0.0,0.0,590.167069132637,0.0,180.66486866982268,232.40133100691563,-0.0,0.0,9.610776124023444,1.6401241061072902,0.0,279.28786576406276,8782.26155787864,9.610776124023444,9.85894800101479,50.0,12.131584940610965,2302.786376953125,12.131584940610965,86.13425307833785,86.13425307833785,0.0,0.0,5.208333333333333,0.36638087806051356,426.2167428145716,161.98924870566304,297.7384421213592,150.0,1.0,2.2726369395961754,0.0,1841.891450263865,490.345720613441,477.9665523066951,3279.88882223117,18.492250295061705,0.0,486.8727964637168,86.13425307833785,97.05267952488772,41.666666666666664,12.379168306745884,191703555.20905304,95824833.33333333,10.0,1.0,7.853981633974483,20.0,2.5,98.17477042468104,8782.26155787864,9.610776124023444,9.85894800101479,50.0,12.131584940610965,2302.786376953125,426.2167428145716,5.208333333333333,0.36638087806051356,161.98924870566304
235,0.214494,-0.0,1,395.0746647328974,0.0,223.33084683144185,4.37728459789626,35.01827678317008,39.395561381066344,395.07466473289736,0.0,0.0,232.40133100691563,1.0,4.37728459789626,0.0,5.929863012045624,0.0,269.3793753107819,0.0,0.0,9.85894800101479,50.0,0.0,0.0,0.0,0.0,0.0,0.0,0.0,5.208333333333333,0.36638087806051356,0.0,161.98924870566304,9080.0,150.0,0.0,0.0,9.85894800101478,1841.891450263865,490.345720613441,477.9665523066951,3279.88882223117,18.492250295061705,0.0,486.8727964637168,86.13425307833785,97.05267952488772,41.666666666666664,12.379168306745884,191703555.20905304,95824833.33333333,10.0,1.0,7.853981633974483,20.0,2.5,98.17477042468104,8782.26155787864,9.610776124023444,9.85894800101479,50.0,12.131584940610965,2302.786376953125,426.2167428145716,5.208333333333333,0.36638087806051356,161.98924870566304
236,0.202372,-0.0,1,372.74725657279885,0.0,201.8456580707619,3.9561748981869336,31.64939918549547,35.6055740836824,372.74725657279885,0.0,0.0,232.40133100691563,1.0,3.9561748981869336,0.0,9.80691441226882,0.0,259.47088485750066,0.0,0.0,9.85894800101479,50.0,0.0,0.0,0.0,0.0,0.0,0.0,0.0,5.208333333333333,0.36638087806051356,0.0,161.98924870566304,9080.0,150.0,-0.0,0.0,9.85894800101479,1841.891450263865,490.345720613441,477.9665523066951,3279.88882223117,18.492250295061705,0.0,486.8727964637168,86.13425307833785,97.05267952488772,41.666666666666664,12.379168306745884,191703555.20905304,95824833.33333333,10.0,1.0,7.853981633974483,20.0,2.5,98.17477042468104,8782.26155787864,9.610776124023444,9.85894800101479,50.0,12.131584940610965,2302.786376953125,426.2167428145716,5.208333333333333,0.36638087806051356,161.98924870566304
237,0.200547,1.0,1,369.3858046760673,0.0,0.0,0.0,0.0,0.0,590.167069132637,0.0,220.78126445656986,0.0,-0.0,0.0,9.610776124023444,0.0,0.0,261.73215861239885,8782.26155787864,9.610776124023444,9.85894800101479,50.0,12.131584940610965,2302.786376953125,12.131584940610965,86.13425307833785,86.13425307833785,0.0,0.0,5.208333333333333,0.36638087806051356,426.2167428145716,161.98924870566304,297.7384421213592,150.0,1.0,2.2726369395961754,0.0,1841.891450263865,490.345720613441,477.9665523066951,3279.88882223117,18.492250295061705,0.0,486.8727964637168,86.13425307833785,97.05267952488772,41.666666666666664,12.379168306745884,191703555.20905304,95824833.33333333,10.0,1.0,7.853981633974483,20.0,2.5,98.17477042468104,8782.26155787864,9.610776124023444,9.85894800101479,50.0,12.131584940610965,2302.786376953125,426.2167428145716,5.208333333333333,0.36638087806051356,161.98924870566304
238,0.223768,-0.0,1,412.15636604264455,0.0,239.76820374998223,4.699456793499651,37.59565434799721,42.29511114149686,412.1563660426446,0.0,0.0,0.0,1.0,4.699456793499651,0.0,4.605467657629658,0.0,251.82366815911766,0.0,0.0,9.85894800101479,50.0,0.0,0.0,0.0,0.0,0.0,0.0,0.0,5.208333333333333,0.36638087806051356,0.0,161.98924870566304,9080.0,150.0,0.0,0.0,9.858948001014781,1841.891450263865,490.345720613441,477.9665523066951,3279.88882223117,18.492250295061705,0.0,486.8727964637168,86.13425307833785,97.05267952488772,41.666666666666664,12.379168306745884,191703555.20905304,95824833.33333333,10.0,1.0,7.853981633974483,20.0,2.5,98.17477042468104,8782.26155787864,9.610776124023444,9.85894800101479,50.0,12.131584940610965,2302.786376953125,426.2167428145716,5.208333333333333,0.36638087806051356,161.98924870566304
239,0.274439,-0.0,1,505.48684771896484,0.0,329.5781360790048,6.459731467148495,51.67785173718796,58.13758320433645,505.48684771896484,0.0,0.0,0.0,1.0,6.459731467148494,0.0,10.936004495435181,0.0,241.91517770583647,0.0,0.0,9.85894800101479,50.0,0.0,0.0,0.0,0.0,0.0,0.0,0.0,5.208333333333333,0.36638087806051356,0.0,161.98924870566304,9080.0,150.0,-0.0,0.0,9.85894800101479,1841.891450263865,490.345720613441,477.9665523066951,3279.88882223117,18.492250295061705,0.0,486.8727964637168,86.13425307833785,97.05267952488772,41.666666666666664,12.379168306745884,191703555.20905304,95824833.33333333,10.0,1.0,7.853981633974483,20.0,2.5,98.17477042468104,8782.26155787864,9.610776124023444,9.85894800101479,50.0,12.131584940610965,2302.786376953125,426.2167428145716,5.208333333333333,0.36638087806051356,161.98924870566304
240,0.85988,1.0,1,1583.8056202528921,0.0,490.345720613441,9.610776124023444,76.88620899218755,86.496985116211,1079.5517121336757,0.0,0.0,0.0,1.0,0.0,0.0,10.936004495435181,0.0,244.17645146073465,8782.26155787864,9.610776124023444,9.85894800101479,50.0,12.131584940610965,2302.786376953125,12.131584940610965,86.13425307833785,86.13425307833785,0.0,0.0,5.208333333333333,0.36638087806051356,426.2167428145716,161.98924870566304,297.7384421213592,150.0,1.0,2.2726369395961754,0.0,1841.891450263865,490.345720613441,477.9665523066951,3279.88882223117,18.492250295061705,0.0,486.8727964637168,86.13425307833785,97.05267952488772,41.666666666666664,12.379168306745884,191703555.20905304,95824833.33333333,10.0,1.0,7.853981633974483,20.0,2.5,98.17477042468104,8782.26155787864,9.610776124023444,9.85894800101479,50.0,12.131584940610965,2302.786376953125,426.2167428145716,5.208333333333333,0.36638087806051356,161.98924870566304
241,0.896046,1.0,1,1650.4194664431352,0.0,490.345720613441,9.610776124023444,76.88620899218755,86.496985116211,1079.5517121336757,0.0,0.0,0.0,1.0,0.0,0.0,10.936004495435181,0.0,246.4377252156329,8782.26155787864,9.610776124023444,9.85894800101479,50.0,12.131584940610965,2302.786376953125,12.131584940610965,86.13425307833785,86.13425307833785,0.0,0.0,5.208333333333333,0.36638087806051356,426.2167428145716,161.98924870566304,297.7384421213592,150.0,1.0,2.2726369395961754,0.0,1841.891450263865,490.345720613441,477.9665523066951,3279.88882223117,18.492250295061705,0.0,486.8727964637168,86.13425307833785,97.05267952488772,41.666666666666664,12.379168306745884,191703555.20905304,95824833.33333333,10.0,1.0,7.853981633974483,20.0,2.5,98.17477042468104,8782.26155787864,9.610776124023444,9.85894800101479,50.0,12.131584940610965,2302.786376953125,426.2167428145716,5.208333333333333,0.36638087806051356,161.98924870566304
242,0.929645,1.0,1,1712.3051772805509,0.0,490.345720613441,9.610776124023444,76.88620899218755,86.496985116211,1079.5517121336757,0.0,0.0,0.0,1.0,0.0,0.0,10.936004495435181,0.0,248.69899897053108,8782.26155787864,9.610776124023444,9.85894800101479,50.0,12.131584940610965,2302.786376953125,12.131584940610965,86.13425307833785,86.13425307833785,0.0,0.0,5.208333333333333,0.36638087806051356,426.2167428145716,161.98924870566304,297.7384421213592,150.0,1.0,2.2726369395961754,0.0,1841.891450263865,490.345720613441,477.9665523066951,3279.88882223117,18.492250295061705,0.0,486.8727964637168,86.13425307833785,97.05267952488772,41.666666666666664,12.379168306745884,191703555.20905304,95824833.33333333,10.0,1.0,7.853981633974483,20.0,2.5,98.17477042468104,8782.26155787864,9.610776124023444,9.85894800101479,50.0,12.131584940610965,2302.786376953125,426.2167428145716,5.208333333333333,0.36638087806051356,161.98924870566304
243,0.962762,1.0,1,1773.303096438939,0.0,490.345720613441,9.610776124023444,76.88620899218755,86.496985116211,1079.5517121336757,0.0,0.0,0.0,1.0,0.0,0.0,10.936004495435181,0.0,250.96027272542926,8782.26155787864,9.610776124023444,9.85894800101479,50.0,12.131584940610965,2302.786376953125,12.131584940610965,86.13425307833785,86.13425307833785,0.0,0.0,5.208333333333333,0.36638087806051356,426.2167428145716,161.98924870566304,297.7384421213592,150.0,1.0,2.2726369395961754,0.0,1841.891450263865,490.345720613441,477.9665523066951,3279.88882223117,18.492250295061705,0.0,486.8727964637168,86.13425307833785,97.05267952488772,41.666666666666664,12.379168306745884,191703555.20905304,95824833.33333333,10.0,1.0,7.853981633974483,20.0,2.5,98.17477042468104,8782.26155787864,9.610776124023444,9.85894800101479,50.0,12.131584940610965,2302.786376953125,426.2167428145716,5.208333333333333,0.36638087806051356,161.98924870566304
244,0.984271,1.0,1,1812.9203396426647,0.0,490.345720613441,9.610776124023444,76.88620899218755,86.496985116211,1079.5517121336757,0.0,0.0,0.0,1.0,0.0,0.0,10.936004495435181,0.0,253.22154648032745,8782.26155787864,9.610776124023444,9.85894800101479,50.0,12.131584940610965,2302.786376953125,12.131584940610965,86.13425307833785,86.13425307833785,0.0,0.0,5.208333333333333,0.36638087806051356,426.2167428145716,161.98924870566304,297.7384421213592,150.0,1.0,2.2726369395961754,0.0,1841.891450263865,490.345720613441,477.9665523066951,3279.88882223117,18.492250295061705,0.0,486.8727964637168,86.13425307833785,97.05267952488772,41.666666666666664,12.379168306745884,191703555.20905304,95824833.33333333,10.0,1.0,7.853981633974483,20.0,2.5,98.17477042468104,8782.26155787864,9.610776124023444,9.85894800101479,50.0,12.131584940610965,2302.786376953125,426.2167428145716,5.208333333333333,0.36638087806051356,161.98924870566304
245,0.989076,1.0,1,1821.7706280611824,0.0,490.345720613441,9.610776124023444,76.88620899218755,86.496985116211,1079.5517121336757,0.0,0.0,0.0,1.0,0.0,0.0,10.936004495435181,0.0,255.48282023522563,8782.26155787864,9.610776124023444,9.85894800101479,50.0,12.131584940610965,2302.786376953125,12.131584940610965,86.13425307833785,86.13425307833785,0.0,0.0,5.208333333333333,0.36638087806051356,426.2167428145716,161.98924870566304,297.7384421213592,150.0,1.0,2.2726369395961754,0.0,1841.891450263865,490.345720613441,477.9665523066951,3279.88882223117,18.492250295061705,0.0,486.8727964637168,86.13425307833785,97.05267952488772,41.666666666666664,12.379168306745884,191703555.20905304,95824833.33333333,10.0,1.0,7.853981633974483,20.0,2.5,98.17477042468104,8782.26155787864,9.610776124023444,9.85894800101479,50.0,12.131584940610965,2302.786376953125,426.2167428145716,5.208333333333333,0.36638087806051356,161.98924870566304
246,0.986599,1.0,1,1817.208262938879,0.0,490.345720613441,9.610776124023444,76.88620899218755,86.496985116211,1165.6859652120136,0.0,0.0,0.0,1.0,0.0,0.0,10.936004495435181,0.0,257.7440939901238,8782.26155787864,9.610776124023444,9.85894800101479,50.0,12.131584940610965,2302.786376953125,12.131584940610965,86.13425307833785,0.0,86.13425307833785,86.13425307833785,5.208333333333333,0.36638087806051356,426.2167428145716,161.98924870566304,297.7384421213592,150.0,1.0,2.2726369395961754,0.0,1841.891450263865,490.345720613441,477.9665523066951,3279.88882223117,18.492250295061705,0.0,486.8727964637168,86.13425307833785,97.05267952488772,41.666666666666664,12.379168306745884,191703555.20905304,95824833.33333333,10.0,1.0,7.853981633974483,20.0,2.5,98.17477042468104,8782.26155787864,9.610776124023444,9.85894800101479,50.0,12.131584940610965,2302.786376953125,426.2167428145716,5.208333333333333,0.36638087806051356,161.98924870566304
247,0.986981,1.0,1,1817.9118654728798,0.0,490.345720613441,9.610776124023444,76.88620899218755,86.496985116211,1079.5517121336757,0.0,0.0,0.0,1.0,0.0,0.0,10.936004495435181,0.0,260.005367745022,8782.26155787864,9.610776124023444,9.85894800101479,50.0,12.131584940610965,2302.786376953125,12.131584940610965,86.13425307833785,86.13425307833785,0.0,0.0,5.208333333333333,0.36638087806051356,426.2167428145716,161.98924870566304,297.7384421213592,150.0,1.0,2.2726369395961754,0.0,1841.891450263865,490.345720613441,477.9665523066951,3279.88882223117,18.492250295061705,0.0,486.8727964637168,86.13425307833785,97.05267952488772,41.666666666666664,12.379168306745884,191703555.20905304,95824833.33333333,10.0,1.0,7.853981633974483,20.0,2.5,98.17477042468104,8782.26155787864,9.610776124023444,9.85894800101479,50.0,12.131584940610965,2302.786376953125,426.2167428145716,5.208333333333333,0.36638087806051356,161.98924870566304
248,0.989092,1.0,1,1821.8000983243867,0.0,490.345720613441,9.610776124023444,76.88620899218755,86.496985116211,1079.5517121336757,0.0,0.0,0.0,1.0,0.0,0.0,10.936004495435181,0.0,262.2666414999202,8782.26155787864,9.610776124023444,9.85894800101479,50.0,12.131584940610965,2302.786376953125,12.131584940610965,86.13425307833785,86.13425307833785,0.0,0.0,5.208333333333333,0.36638087806051356,426.2167428145716,161.98924870566304,297.7384421213592,150.0,1.0,2.2726369395961754,0.0,1841.891450263865,490.345720613441,477.9665523066951,3279.88882223117,18.492250295061705,0.0,486.8727964637168,86.13425307833785,97.05267952488772,41.666666666666664,12.379168306745884,191703555.20905304,95824833.33333333,10.0,1.0,7.853981633974483,20.0,2.5,98.17477042468104,8782.26155787864,9.610776124023444,9.85894800101479,50.0,12.131584940610965,2302.786376953125,426.2167428145716,5.208333333333333,0.36638087806051356,161.98924870566304
249,0.985266,1.0,1,1814.7530216356772,0.0,490.345720613441,9.610776124023444,76.88620899218755,86.496985116211,1079.5517121336757,0.0,0.0,0.0,1.0,0.0,0.0,10.936004495435181,0.0,264.52791525481837,8782.26155787864,9.610776124023444,9.85894800101479,50.0,12.131584940610965,2302.786376953125,12.131584940610965,86.13425307833785,86.13425307833785,0.0,0.0,5.208333333333333,0.36638087806051356,426.2167428145716,161.98924870566304,297.7384421213592,150.0,1.0,2.2726369395961754,0.0,1841.891450263865,490.345720613441,477.9665523066951,3279.88882223117,18.492250295061705,0.0,486.8727964637168,86.13425307833785,97.05267952488772,41.666666666666664,12.379168306745884,191703555.20905304,95824833.33333333,10.0,1.0,7.853981633974483,20.0,2.5,98.17477042468104,8782.26155787864,9.610776124023444,9.85894800101479,50.0,12.131584940610965,2302.786376953125,426.2167428145716,5.208333333333333,0.36638087806051356,161.98924870566304
250,0.974093,1.0,1,1794.173568461879,0.0,490.345720613441,9.610776124023444,76.88620899218755,86.496985116211,1079.5517121336757,0.0,0.0,0.0,1.0,0.0,0.0,10.936004495435181,0.0,266.78918900971655,8782.26155787864,9.610776124023444,9.85894800101479,50.0,12.131584940610965,2302.786376953125,12.131584940610965,86.13425307833785,86.13425307833785,0.0,0.0,5.208333333333333,0.36638087806051356,426.2167428145716,161.98924870566304,297.7384421213592,150.0,1.0,2.2726369395961754,0.0,1841.891450263865,490.345720613441,477.9665523066951,3279.88882223117,18.492250295061705,0.0,486.8727964637168,86.13425307833785,97.05267952488772,41.666666666666664,12.379168306745884,191703555.20905304,95824833.33333333,10.0,1.0,7.853981633974483,20.0,2.5,98.17477042468104,8782.26155787864,9.610776124023444,9.85894800101479,50.0,12.131584940610965,2302.786376953125,426.2167428145716,5.208333333333333,0.36638087806051356,161.98924870566304
251,0.969485,1.0,1,1785.686132659063,0.0,490.345720613441,9.610776124023444,76.88620899218755,86.496985116211,1079.5517121336757,0.0,0.0,0.0,1.0,0.0,0.0,10.936004495435181,0.0,269.05046276461474,8782.26155787864,9.610776124023444,9.85894800101479,50.0,12.131584940610965,2302.786376953125,12.131584940610965,86.13425307833785,86.13425307833785,0.0,0.0,5.208333333333333,0.36638087806051356,426.2167428145716,161.98924870566304,297.7384421213592,150.0,1.0,2.2726369395961754,0.0,1841.891450263865,490.345720613441,477.9665523066951,3279.88882223117,18.492250295061705,0.0,486.8727964637168,86.13425307833785,97.05267952488772,41.666666666666664,12.379168306745884,191703555.20905304,95824833.33333333,10.0,1.0,7.853981633974483,20.0,2.5,98.17477042468104,8782.26155787864,9.610776124023444,9.85894800101479,50.0,12.131584940610965,2302.786376953125,426.2167428145716,5.208333333333333,0.36638087806051356,161.98924870566304
252,0.969799,1.0,1,1786.264486574446,0.0,490.345720613441,9.610776124023444,76.88620899218755,86.496985116211,1079.5517121336757,0.0,0.0,0.0,1.0,0.0,0.0,10.936004495435181,0.0,271.3117365195129,8782.26155787864,9.610776124023444,9.85894800101479,50.0,12.131584940610965,2302.786376953125,12.131584940610965,86.13425307833785,86.13425307833785,0.0,0.0,5.208333333333333,0.36638087806051356,426.2167428145716,161.98924870566304,297.7384421213592,150.0,1.0,2.2726369395961754,0.0,1841.891450263865,490.345720613441,477.9665523066951,3279.88882223117,18.492250295061705,0.0,486.8727964637168,86.13425307833785,97.05267952488772,41.666666666666664,12.379168306745884,191703555.20905304,95824833.33333333,10.0,1.0,7.853981633974483,20.0,2.5,98.17477042468104,8782.26155787864,9.610776124023444,9.85894800101479,50.0,12.131584940610965,2302.786376953125,426.2167428145716,5.208333333333333,0.36638087806051356,161.98924870566304
253,0.976973,1.0,1,1799.4782158386388,0.0,490.345720613441,9.610776124023444,76.88620899218755,86.496985116211,1079.5517121336757,0.0,0.0,0.0,1.0,0.0,0.0,10.936004495435181,0.0,273.5730102744111,8782.26155787864,9.610776124023444,9.85894800101479,50.0,12.131584940610965,2302.786376953125,12.131584940610965,86.13425307833785,86.13425307833785,0.0,0.0,5.208333333333333,0.36638087806051356,426.2167428145716,161.98924870566304,297.7384421213592,150.0,1.0,2.2726369395961754,0.0,1841.891450263865,490.345720613441,477.9665523066951,3279.88882223117,18.492250295061705,0.0,486.8727964637168,86.13425307833785,97.05267952488772,41.666666666666664,12.379168306745884,191703555.20905304,95824833.33333333,10.0,1.0,7.853981633974483,20.0,2.5,98.17477042468104,8782.26155787864,9.610776124023444,9.85894800101479,50.0,12.131584940610965,2302.786376953125,426.2167428145716,5.208333333333333,0.36638087806051356,161.98924870566304
254,0.978774,1.0,1,1802.7954623405642,0.0,490.345720613441,9.610776124023444,76.88620899218755,86.496985116211,1079.5517121336757,0.0,0.0,0.0,1.0,0.0,0.0,10.936004495435181,0.0,275.8342840293093,8782.26155787864,9.610776124023444,9.85894800101479,50.0,12.131584940610965,2302.786376953125,12.131584940610965,86.13425307833785,86.13425307833785,0.0,0.0,5.208333333333333,0.36638087806051356,426.2167428145716,161.98924870566304,297.7384421213592,150.0,1.0,2.2726369395961754,0.0,1841.891450263865,490.345720613441,477.9665523066951,3279.88882223117,18.492250295061705,0.0,486.8727964637168,86.13425307833785,97.05267952488772,41.666666666666664,12.379168306745884,191703555.20905304,95824833.33333333,10.0,1.0,7.853981633974483,20.0,2.5,98.17477042468104,8782.26155787864,9.610776124023444,9.85894800101479,50.0,12.131584940610965,2302.786376953125,426.2167428145716,5.208333333333333,0.36638087806051356,161.98924870566304
255,0.975325,1.0,1,1796.442778728604,0.0,490.345720613441,9.610776124023444,76.88620899218755,86.496985116211,1079.5517121336757,0.0,0.0,0.0,1.0,0.0,0.0,10.936004495435181,0.0,278.0955577842075,8782.26155787864,9.610776124023444,9.85894800101479,50.0,12.131584940610965,2302.786376953125,12.131584940610965,86.13425307833785,86.13425307833785,0.0,0.0,5.208333333333333,0.36638087806051356,426.2167428145716,161.98924870566304,297.7384421213592,150.0,1.0,2.2726369395961754,0.0,1841.891450263865,490.345720613441,477.9665523066951,3279.88882223117,18.492250295061705,0.0,486.8727964637168,86.13425307833785,97.05267952488772,41.666666666666664,12.379168306745884,191703555.20905304,95824833.33333333,10.0,1.0,7.853981633974483,20.0,2.5,98.17477042468104,8782.26155787864,9.610776124023444,9.85894800101479,50.0,12.131584940610965,2302.786376953125,426.2167428145716,5.208333333333333,0.36638087806051356,161.98924870566304
256,0.979739,1.0,1,1804.5728875900688,0.0,490.345720613441,9.610776124023444,76.88620899218755,86.496985116211,1079.5517121336757,0.0,0.0,0.0,1.0,0.0,0.0,10.936004495435181,0.0,280.35683153910566,8782.26155787864,9.610776124023444,9.85894800101479,50.0,12.131584940610965,2302.786376953125,12.131584940610965,86.13425307833785,86.13425307833785,0.0,0.0,5.208333333333333,0.36638087806051356,426.2167428145716,161.98924870566304,297.7384421213592,150.0,1.0,2.2726369395961754,0.0,1841.891450263865,490.345720613441,477.9665523066951,3279.88882223117,18.492250295061705,0.0,486.8727964637168,86.13425307833785,97.05267952488772,41.666666666666664,12.379168306745884,191703555.20905304,95824833.33333333,10.0,1.0,7.853981633974483,20.0,2.5,98.17477042468104,8782.26155787864,9.610776124023444,9.85894800101479,50.0,12.131584940610965,2302.786376953125,426.2167428145716,5.208333333333333,0.36638087806051356,161.98924870566304
257,0.987145,1.0,1,1818.213935670723,0.0,490.345720613441,9.610776124023444,76.88620899218755,86.496985116211,1079.5517121336757,0.0,0.0,0.0,1.0,0.0,0.0,10.936004495435181,0.0,282.61810529400384,8782.26155787864,9.610776124023444,9.85894800101479,50.0,12.131584940610965,2302.786376953125,12.131584940610965,86.13425307833785,86.13425307833785,0.0,0.0,5.208333333333333,0.36638087806051356,426.2167428145716,161.98924870566304,297.7384421213592,150.0,1.0,2.2726369395961754,0.0,1841.891450263865,490.345720613441,477.9665523066951,3279.88882223117,18.492250295061705,0.0,486.8727964637168,86.13425307833785,97.05267952488772,41.666666666666664,12.379168306745884,191703555.20905304,95824833.33333333,10.0,1.0,7.853981633974483,20.0,2.5,98.17477042468104,8782.26155787864,9.610776124023444,9.85894800101479,50.0,12.131584940610965,2302.786376953125,426.2167428145716,5.208333333333333,0.36638087806051356,161.98924870566304
258,0.988559,1.0,1,1820.818370181396,0.0,490.345720613441,9.610776124023444,76.88620899218755,86.496985116211,1079.5517121336757,0.0,0.0,0.0,1.0,0.0,0.0,10.936004495435181,0.0,284.879379048902,8782.26155787864,9.610776124023444,9.85894800101479,50.0,12.131584940610965,2302.786376953125,12.131584940610965,86.13425307833785,86.13425307833785,0.0,0.0,5.208333333333333,0.36638087806051356,426.2167428145716,161.98924870566304,297.7384421213592,150.0,1.0,2.2726369395961754,0.0,1841.891450263865,490.345720613441,477.9665523066951,3279.88882223117,18.492250295061705,0.0,486.8727964637168,86.13425307833785,97.05267952488772,41.666666666666664,12.379168306745884,191703555.20905304,95824833.33333333,10.0,1.0,7.853981633974483,20.0,2.5,98.17477042468104,8782.26155787864,9.610776124023444,9.85894800101479,50.0,12.131584940610965,2302.786376953125,426.2167428145716,5.208333333333333,0.36638087806051356,161.98924870566304
259,0.986661,1.0,1,1817.3224602087953,0.0,490.345720613441,9.610776124023444,76.88620899218755,86.496985116211,1079.5517121336757,0.0,0.0,0.0,1.0,0.0,0.0,10.936004495435181,0.0,287.1406528038002,8782.26155787864,9.610776124023444,9.85894800101479,50.0,12.131584940610965,2302.786376953125,12.131584940610965,86.13425307833785,86.13425307833785,0.0,0.0,5.208333333333333,0.36638087806051356,426.2167428145716,161.98924870566304,297.7384421213592,150.0,1.0,2.2726369395961754,0.0,1841.891450263865,490.345720613441,477.9665523066951,3279.88882223117,18.492250295061705,0.0,486.8727964637168,86.13425307833785,97.05267952488772,41.666666666666664,12.379168306745884,191703555.20905304,95824833.33333333,10.0,1.0,7.853981633974483,20.0,2.5,98.17477042468104,8782.26155787864,9.610776124023444,9.85894800101479,50.0,12.131584940610965,2302.786376953125,426.2167428145716,5.208333333333333,0.36638087806051356,161.98924870566304
260,0.982194,1.0,1,1809.0947311004666,0.0,490.345720613441,9.610776124023444,76.88620899218755,86.496985116211,1079.5517121336757,0.0,0.0,0.0,1.0,0.0,0.0,10.936004495435181,0.0,289.4019265586984,8782.26155787864,9.610776124023444,9.85894800101479,50.0,12.131584940610965,2302.786376953125,12.131584940610965,86.13425307833785,86.13425307833785,0.0,0.0,5.208333333333333,0.36638087806051356,426.2167428145716,161.98924870566304,297.7384421213592,150.0,1.0,2.2726369395961754,0.0,1841.891450263865,490.345720613441,477.9665523066951,3279.88882223117,18.492250295061705,0.0,486.8727964637168,86.13425307833785,97.05267952488772,41.666666666666664,12.379168306745884,191703555.20905304,95824833.33333333,10.0,1.0,7.853981633974483,20.0,2.5,98.17477042468104,8782.26155787864,9.610776124023444,9.85894800101479,50.0,12.131584940610965,2302.786376953125,426.2167428145716,5.208333333333333,0.36638087806051356,161.98924870566304
261,0.975078,1.0,1,1795.987831540389,0.0,490.345720613441,9.610776124023444,76.88620899218755,86.496985116211,1165.6859652120136,0.0,0.0,0.0,1.0,0.0,0.0,10.936004495435181,0.0,291.6632003135966,8782.26155787864,9.610776124023444,9.85894800101479,50.0,12.131584940610965,2302.786376953125,12.131584940610965,86.13425307833785,0.0,86.13425307833785,86.13425307833785,5.208333333333333,0.36638087806051356,426.2167428145716,161.98924870566304,297.7384421213592,150.0,1.0,2.2726369395961754,0.0,1841.891450263865,490.345720613441,477.9665523066951,3279.88882223117,18.492250295061705,0.0,486.8727964637168,86.13425307833785,97.05267952488772,41.666666666666664,12.379168306745884,191703555.20905304,95824833.33333333,10.0,1.0,7.853981633974483,20.0,2.5,98.17477042468104,8782.26155787864,9.610776124023444,9.85894800101479,50.0,12.131584940610965,2302.786376953125,426.2167428145716,5.208333333333333,0.36638087806051356,161.98924870566304
262,0.974311,1.0,1,1794.5751007980366,0.0,490.345720613441,9.610776124023444,76.88620899218755,86.496985116211,1079.5517121336757,0.0,0.0,0.0,1.0,0.0,0.0,10.936004495435181,0.0,293.92447406849476,8782.26155787864,9.610776124023444,9.85894800101479,50.0,12.131584940610965,2302.786376953125,12.131584940610965,86.13425307833785,86.13425307833785,0.0,0.0,5.208333333333333,0.36638087806051356,426.2167428145716,161.98924870566304,297.7384421213592,150.0,1.0,2.2726369395961754,0.0,1841.891450263865,490.345720613441,477.9665523066951,3279.88882223117,18.492250295061705,0.0,486.8727964637168,86.13425307833785,97.05267952488772,41.666666666666664,12.379168306745884,191703555.20905304,95824833.33333333,10.0,1.0,7.853981633974483,20.0,2.5,98.17477042468104,8782.26155787864,9.610776124023444,9.85894800101479,50.0,12.131584940610965,2302.786376953125,426.2167428145716,5.208333333333333,0.36638087806051356,161.98924870566304
263,0.97831,1.0,1,1801.9408247076417,0.0,490.345720613441,9.610776124023444,76.88620899218755,86.496985116211,1079.5517121336757,0.0,0.0,0.0,1.0,0.0,0.0,10.936004495435181,0.0,296.18574782339294,8782.26155787864,9.610776124023444,9.85894800101479,50.0,12.131584940610965,2302.786376953125,12.131584940610965,86.13425307833785,86.13425307833785,0.0,0.0,5.208333333333333,0.36638087806051356,426.2167428145716,161.98924870566304,297.7384421213592,150.0,1.0,2.2726369395961754,0.0,1841.891450263865,490.345720613441,477.9665523066951,3279.88882223117,18.492250295061705,0.0,486.8727964637168,86.13425307833785,97.05267952488772,41.666666666666664,12.379168306745884,191703555.20905304,95824833.33333333,10.0,1.0,7.853981633974483,20.0,2.5,98.17477042468104,8782.26155787864,9.610776124023444,9.85894800101479,50.0,12.131584940610965,2302.786376953125,426.2167428145716,5.208333333333333,0.36638087806051356,161.98924870566304
264,0.913442,1.0,1,1682.4610101119254,0.0,490.345720613441,9.610776124023444,76.88620899218755,86.496985116211,1666.2624302450292,586.7107181113536,0.0,557.3751822057859,1.0,0.0,0.0,10.936004495435181,0.0,298.4470215782911,8782.26155787864,9.610776124023444,9.85894800101479,50.0,12.131584940610965,2302.786376953125,12.131584940610965,86.13425307833785,86.13425307833785,0.0,0.0,5.208333333333333,0.36638087806051356,426.2167428145716,161.98924870566304,297.7384421213592,150.0,1.0,2.2726369395961754,0.0,1841.891450263865,490.345720613441,477.9665523066951,3279.88882223117,18.492250295061705,0.0,486.8727964637168,86.13425307833785,97.05267952488772,41.666666666666664,12.379168306745884,191703555.20905304,95824833.33333333,10.0,1.0,7.853981633974483,20.0,2.5,98.17477042468104,8782.26155787864,9.610776124023444,9.85894800101479,50.0,12.131584940610965,2302.786376953125,426.2167428145716,5.208333333333333,0.36638087806051356,161.98924870566304
265,0.916818,1.0,1,1688.6792356480162,0.0,490.345720613441,9.610776124023444,76.88620899218755,86.496985116211,1079.5517121336757,0.0,0.0,557.3751822057859,1.0,0.0,0.0,10.936004495435181,0.0,300.70829533318937,8782.26155787864,9.610776124023444,9.85894800101479,50.0,12.131584940610965,2302.786376953125,12.131584940610965,86.13425307833785,86.13425307833785,0.0,0.0,5.208333333333333,0.36638087806051356,426.2167428145716,161.98924870566304,297.7384421213592,150.0,1.0,2.2726369395961754,0.0,1841.891450263865,490.345720613441,477.9665523066951,3279.88882223117,18.492250295061705,0.0,486.8727964637168,86.13425307833785,97.05267952488772,41.666666666666664,12.379168306745884,191703555.20905304,95824833.33333333,10.0,1.0,7.853981633974483,20.0,2.5,98.17477042468104,8782.26155787864,9.610776124023444,9.85894800101479,50.0,12.131584940610965,2302.786376953125,426.2167428145716,5.208333333333333,0.36638087806051356,161.98924870566304
266,0.917991,1.0,1,1690.8397743191756,0.0,490.345720613441,9.610776124023444,76.88620899218755,86.496985116211,1690.8397743191756,611.2880621854999,0.0,1138.0988412820107,1.0,0.0,0.0,10.936004495435181,0.0,302.96956908808755,8782.26155787864,9.610776124023444,9.85894800101479,50.0,12.131584940610965,2302.786376953125,12.131584940610965,86.13425307833785,86.13425307833785,0.0,0.0,5.208333333333333,0.36638087806051356,426.2167428145716,161.98924870566304,297.7384421213592,150.0,1.0,2.2726369395961754,0.0,1841.891450263865,490.345720613441,477.9665523066951,3279.88882223117,18.492250295061705,0.0,486.8727964637168,86.13425307833785,97.05267952488772,41.666666666666664,12.379168306745884,191703555.20905304,95824833.33333333,10.0,1.0,7.853981633974483,20.0,2.5,98.17477042468104,8782.26155787864,9.610776124023444,9.85894800101479,50.0,12.131584940610965,2302.786376953125,426.2167428145716,5.208333333333333,0.36638087806051356,161.98924870566304
267,0.916513,1.0,1,1688.1174587556857,0.0,490.345720613441,9.610776124023444,76.88620899218755,86.496985116211,1688.1174587556854,608.5657466220098,0.0,1716.23630057292,1.0,0.0,0.0,10.936004495435181,0.0,305.23084284298574,8782.26155787864,9.610776124023444,9.85894800101479,50.0,12.131584940610965,2302.786376953125,12.131584940610965,86.13425307833785,86.13425307833785,0.0,0.0,5.208333333333333,0.36638087806051356,426.2167428145716,161.98924870566304,297.7384421213592,150.0,1.0,2.2726369395961754,0.0,1841.891450263865,490.345720613441,477.9665523066951,3279.88882223117,18.492250295061705,0.0,486.8727964637168,86.13425307833785,97.05267952488772,41.666666666666664,12.379168306745884,191703555.20905304,95824833.33333333,10.0,1.0,7.853981633974483,20.0,2.5,98.17477042468104,8782.26155787864,9.610776124023444,9.85894800101479,50.0,12.131584940610965,2302.786376953125,426.2167428145716,5.208333333333333,0.36638087806051356,161.98924870566304
268,0.906717,1.0,1,1670.0742901089009,0.0,490.345720613441,9.610776124023444,76.88620899218755,86.496985116211,1670.0742901089009,590.5225779752252,0.0,2277.232749649384,1.0,0.0,0.0,10.936004495435181,0.0,307.4921165978839,8782.26155787864,9.610776124023444,9.85894800101479,50.0,12.131584940610965,2302.786376953125,12.131584940610965,86.13425307833785,86.13425307833785,0.0,0.0,5.208333333333333,0.36638087806051356,426.2167428145716,161.98924870566304,297.7384421213592,150.0,1.0,2.2726369395961754,0.0,1841.891450263865,490.345720613441,477.9665523066951,3279.88882223117,18.492250295061705,0.0,486.8727964637168,86.13425307833785,97.05267952488772,41.666666666666664,12.379168306745884,191703555.20905304,95824833.33333333,10.0,1.0,7.853981633974483,20.0,2.5,98.17477042468104,8782.26155787864,9.610776124023444,9.85894800101479,50.0,12.131584940610965,2302.786376953125,426.2167428145716,5.208333333333333,0.36638087806051356,161.98924870566304
269,0.886069,1.0,1,1632.0429154438525,0.0,490.345720613441,9.610776124023444,76.88620899218755,86.496985116211,1632.0429154438523,552.4912033101766,0.0,2802.0993927940517,1.0,0.0,0.0,10.936004495435181,0.0,309.75339035278216,8782.26155787864,9.610776124023444,9.85894800101479,50.0,12.131584940610965,2302.786376953125,12.131584940610965,86.13425307833785,86.13425307833785,0.0,0.0,5.208333333333333,0.36638087806051356,426.2167428145716,161.98924870566304,297.7384421213592,150.0,1.0,2.2726369395961754,0.0,1841.891450263865,490.345720613441,477.9665523066951,3279.88882223117,18.492250295061705,0.0,486.8727964637168,86.13425307833785,97.05267952488772,41.666666666666664,12.379168306745884,191703555.20905304,95824833.33333333,10.0,1.0,7.853981633974483,20.0,2.5,98.17477042468104,8782.26155787864,9.610776124023444,9.85894800101479,50.0,12.131584940610965,2302.786376953125,426.2167428145716,5.208333333333333,0.36638087806051356,161.98924870566304
270,0.854226,1.0,1,1573.3915659931004,0.0,490.345720613441,9.610776124023444,76.88620899218755,86.496985116211,1079.5517121336757,0.0,0.0,2802.0993927940517,1.0,0.0,0.0,10.936004495435181,0.0,312.01466410768035,8782.26155787864,9.610776124023444,9.85894800101479,50.0,12.131584940610965,2302.786376953125,12.131584940610965,86.13425307833785,86.13425307833785,0.0,0.0,5.208333333333333,0.36638087806051356,426.2167428145716,161.98924870566304,297.7384421213592,150.0,1.0,2.2726369395961754,0.0,1841.891450263865,490.345720613441,477.9665523066951,3279.88882223117,18.492250295061705,0.0,486.8727964637168,86.13425307833785,97.05267952488772,41.666666666666664,12.379168306745884,191703555.20905304,95824833.33333333,10.0,1.0,7.853981633974483,20.0,2.5,98.17477042468104,8782.26155787864,9.610776124023444,9.85894800101479,50.0,12.131584940610965,2302.786376953125,426.2167428145716,5.208333333333333,0.36638087806051356,161.98924870566304
271,0.8108719999999999,1.0,1,1493.5382040583606,0.0,490.345720613441,9.610776124023444,76.88620899218755,86.496985116211,1079.5517121336757,0.0,0.0,2802.0993927940517,1.0,0.0,0.0,10.936004495435181,0.0,314.27593786257853,8782.26155787864,9.610776124023444,9.85894800101479,50.0,12.131584940610965,2302.786376953125,12.131584940610965,86.13425307833785,86.13425307833785,0.0,0.0,5.208333333333333,0.36638087806051356,426.2167428145716,161.98924870566304,297.7384421213592,150.0,1.0,2.2726369395961754,0.0,1841.891450263865,490.345720613441,477.9665523066951,3279.88882223117,18.492250295061705,0.0,486.8727964637168,86.13425307833785,97.05267952488772,41.666666666666664,12.379168306745884,191703555.20905304,95824833.33333333,10.0,1.0,7.853981633974483,20.0,2.5,98.17477042468104,8782.26155787864,9.610776124023444,9.85894800101479,50.0,12.131584940610965,2302.786376953125,426.2167428145716,5.208333333333333,0.36638087806051356,161.98924870566304
272,0.755324,1.0,1,1391.2248177791034,0.0,490.345720613441,9.610776124023444,76.88620899218755,86.496985116211,1391.2248177791034,311.67310564542765,0.0,3098.188843157208,1.0,0.0,0.0,10.936004495435181,0.0,316.5372116174767,8782.26155787864,9.610776124023444,9.85894800101479,50.0,12.131584940610965,2302.786376953125,12.131584940610965,86.13425307833785,86.13425307833785,0.0,0.0,5.208333333333333,0.36638087806051356,426.2167428145716,161.98924870566304,297.7384421213592,150.0,1.0,2.2726369395961754,0.0,1841.891450263865,490.345720613441,477.9665523066951,3279.88882223117,18.492250295061705,0.0,486.8727964637168,86.13425307833785,97.05267952488772,41.666666666666664,12.379168306745884,191703555.20905304,95824833.33333333,10.0,1.0,7.853981633974483,20.0,2.5,98.17477042468104,8782.26155787864,9.610776124023444,9.85894800101479,50.0,12.131584940610965,2302.786376953125,426.2167428145716,5.208333333333333,0.36638087806051356,161.98924870566304
273,0.689951,1.0,1,1270.8148480010038,0.0,490.345720613441,9.610776124023444,76.88620899218755,86.496985116211,1270.814848001004,191.2631358673283,0.0,3279.88882223117,1.0,0.0,0.0,10.936004495435181,0.0,318.79848537237496,8782.26155787864,9.610776124023444,9.85894800101479,50.0,12.131584940610965,2302.786376953125,12.131584940610965,86.13425307833785,86.13425307833785,0.0,0.0,5.208333333333333,0.36638087806051356,426.2167428145716,161.98924870566304,297.7384421213592,150.0,1.0,2.2726369395961754,0.0,1841.891450263865,490.345720613441,477.9665523066951,3279.88882223117,18.492250295061705,0.0,486.8727964637168,86.13425307833785,97.05267952488772,41.666666666666664,12.379168306745884,191703555.20905304,95824833.33333333,10.0,1.0,7.853981633974483,20.0,2.5,98.17477042468104,8782.26155787864,9.610776124023444,9.85894800101479,50.0,12.131584940610965,2302.786376953125,426.2167428145716,5.208333333333333,0.36638087806051356,161.98924870566304
274,0.623527,1.0,1,1148.469050308677,0.0,490.345720613441,9.610776124023444,76.88620899218755,86.496985116211,1079.5517121336757,0.0,0.0,3279.88882223117,1.0,0.0,0.0,10.936004495435181,0.0,321.05975912727314,8782.26155787864,9.610776124023444,9.85894800101479,50.0,12.131584940610965,2302.786376953125,12.131584940610965,86.13425307833785,86.13425307833785,0.0,0.0,5.208333333333333,0.36638087806051356,426.2167428145716,161.98924870566304,297.7384421213592,150.0,1.0,2.2726369395961754,0.0,1841.891450263865,490.345720613441,477.9665523066951,3279.88882223117,18.492250295061705,0.0,486.8727964637168,86.13425307833785,97.05267952488772,41.666666666666664,12.379168306745884,191703555.20905304,95824833.33333333,10.0,1.0,7.853981633974483,20.0,2.5,98.17477042468104,8782.26155787864,9.610776124023444,9.85894800101479,50.0,12.131584940610965,2302.786376953125,426.2167428145716,5.208333333333333,0.36638087806051356,161.98924870566304
275,0.572665,1.0,1,1054.7867673653561,0.0,490.345720613441,9.610776124023444,76.88620899218755,86.496985116211,1079.5517121336757,0.0,64.5783575051564,3211.9116038046895,1.0,0.0,0.0,10.936004495435181,0.0,323.3210328821713,8782.26155787864,9.610776124023444,9.85894800101479,50.0,12.131584940610965,2302.786376953125,12.131584940610965,86.13425307833785,86.13425307833785,0.0,0.0,5.208333333333333,0.36638087806051356,426.2167428145716,161.98924870566304,297.7384421213592,150.0,1.0,2.2726369395961754,0.0,1841.891450263865,490.345720613441,477.9665523066951,3279.88882223117,18.492250295061705,0.0,486.8727964637168,86.13425307833785,97.05267952488772,41.666666666666664,12.379168306745884,191703555.20905304,95824833.33333333,10.0,1.0,7.853981633974483,20.0,2.5,98.17477042468104,8782.26155787864,9.610776124023444,9.85894800101479,50.0,12.131584940610965,2302.786376953125,426.2167428145716,5.208333333333333,0.36638087806051356,161.98924870566304
276,0.542372,1.0,1,998.9903496625129,0.0,490.345720613441,9.610776124023444,76.88620899218755,86.496985116211,1079.5517121336757,0.0,80.56136247116274,3127.110169624518,-0.0,0.0,0.0,10.936004495435181,0.0,325.5823066370695,8782.26155787864,9.610776124023444,9.85894800101479,50.0,12.131584940610965,2302.786376953125,12.131584940610965,86.13425307833785,86.13425307833785,0.0,0.0,5.208333333333333,0.36638087806051356,426.2167428145716,161.98924870566304,297.7384421213592,150.0,1.0,2.2726369395961754,0.0,1841.891450263865,490.345720613441,477.9665523066951,3279.88882223117,18.492250295061705,0.0,486.8727964637168,86.13425307833785,97.05267952488772,41.666666666666664,12.379168306745884,191703555.20905304,95824833.33333333,10.0,1.0,7.853981633974483,20.0,2.5,98.17477042468104,8782.26155787864,9.610776124023444,9.85894800101479,50.0,12.131584940610965,2302.786376953125,426.2167428145716,5.208333333333333,0.36638087806051356,161.98924870566304
277,0.520986,1.0,1,959.5996591071698,0.0,209.02264002619262,4.096843744513375,32.774749956107,36.87159370062038,959.5996591071698,160.81963432279153,0.0,3279.88882223117,-0.0,0.0,5.513932379510068,5.309542883690215,0.0,327.8435803919677,8782.26155787864,9.610776124023444,9.85894800101479,50.0,12.131584940610965,2302.786376953125,12.131584940610965,86.13425307833785,86.13425307833785,0.0,0.0,5.208333333333333,0.36638087806051356,426.2167428145716,161.98924870566304,297.7384421213592,150.0,1.0,2.2726369395961754,0.0,1841.891450263865,490.345720613441,477.9665523066951,3279.88882223117,18.492250295061705,0.0,486.8727964637168,86.13425307833785,97.05267952488772,41.666666666666664,12.379168306745884,191703555.20905304,95824833.33333333,10.0,1.0,7.853981633974483,20.0,2.5,98.17477042468104,8782.26155787864,9.610776124023444,9.85894800101479,50.0,12.131584940610965,2302.786376953125,426.2167428145716,5.208333333333333,0.36638087806051356,161.98924870566304
278,0.496553,1.0,1,914.596725302873,0.0,482.82223963787516,9.463315896902353,75.70652717521882,85.16984307212118,1072.0429771808222,0.0,157.44625187794895,3114.1559255175393,-0.0,0.0,0.14746022712109177,5.159073264178897,0.0,330.1048541468659,8782.26155787864,9.610776124023444,9.85894800101479,50.0,12.131584940610965,2302.786376953125,12.131584940610965,86.13425307833785,86.13425307833785,0.0,0.0,5.208333333333333,0.36638087806051356,426.2167428145716,161.98924870566304,297.7384421213592,150.0,1.0,2.2726369395961754,0.0,1841.891450263865,490.345720613441,477.9665523066951,3279.88882223117,18.492250295061705,0.0,486.8727964637168,86.13425307833785,97.05267952488772,41.666666666666664,12.379168306745884,191703555.20905304,95824833.33333333,10.0,1.0,7.853981633974483,20.0,2.5,98.17477042468104,8782.26155787864,9.610776124023444,9.85894800101479,50.0,12.131584940610965,2302.786376953125,426.2167428145716,5.208333333333333,0.36638087806051356,161.98924870566304
279,0.45986,-0.0,1,847.0122023183409,0.0,490.345720613441,9.610776124023444,76.88620899218755,86.496985116211,847.0122023183409,174.4556807511899,0.0,3279.88882223117,1.0,9.610776124023447,0.0,14.577633865721873,0.0,320.1963636935847,0.0,0.0,9.85894800101479,50.0,0.0,0.0,0.0,0.0,0.0,0.0,0.0,5.208333333333333,0.36638087806051356,0.0,161.98924870566304,9080.0,150.0,0.0,0.0,9.858948001014781,1841.891450263865,490.345720613441,477.9665523066951,3279.88882223117,18.492250295061705,0.0,486.8727964637168,86.13425307833785,97.05267952488772,41.666666666666664,12.379168306745884,191703555.20905304,95824833.33333333,10.0,1.0,7.853981633974483,20.0,2.5,98.17477042468104,8782.26155787864,9.610776124023444,9.85894800101479,50.0,12.131584940610965,2302.786376953125,426.2167428145716,5.208333333333333,0.36638087806051356,161.98924870566304
280,0.419245,1.0,1,772.2037810658741,0.0,215.14851200328386,4.216910835264364,33.73528668211491,37.952197517379275,804.8938900523943,0.0,32.69010898652034,3245.4781811927273,-0.0,0.0,5.39386528875908,9.07368969351873,0.0,322.4576374484829,8782.26155787864,9.610776124023444,9.85894800101479,50.0,12.131584940610965,2302.786376953125,12.131584940610965,86.13425307833785,86.13425307833785,0.0,0.0,5.208333333333333,0.36638087806051356,426.2167428145716,161.98924870566304,297.7384421213592,150.0,1.0,2.2726369395961754,0.0,1841.891450263865,490.345720613441,477.9665523066951,3279.88882223117,18.492250295061705,0.0,486.8727964637168,86.13425307833785,97.05267952488772,41.666666666666664,12.379168306745884,191703555.20905304,95824833.33333333,10.0,1.0,7.853981633974483,20.0,2.5,98.17477042468104,8782.26155787864,9.610776124023444,9.85894800101479,50.0,12.131584940610965,2302.786376953125,426.2167428145716,5.208333333333333,0.36638087806051356,161.98924870566304
281,0.38481,-0.0,1,708.7782489760378,0.0,490.345720613441,9.610776124023444,76.88620899218755,86.496985116211,708.778248976038,36.22172740888692,0.0,3279.88882223117,1.0,9.610776124023444,0.0,18.492250295061705,0.0,312.5491469952017,0.0,0.0,9.85894800101479,50.0,0.0,0.0,0.0,0.0,0.0,0.0,0.0,5.208333333333333,0.36638087806051356,0.0,161.98924870566304,9080.0,150.0,-0.0,0.0,9.85894800101479,1841.891450263865,490.345720613441,477.9665523066951,3279.88882223117,18.492250295061705,0.0,486.8727964637168,86.13425307833785,97.05267952488772,41.666666666666664,12.379168306745884,191703555.20905304,95824833.33333333,10.0,1.0,7.853981633974483,20.0,2.5,98.17477042468104,8782.26155787864,9.610776124023444,9.85894800101479,50.0,12.131584940610965,2302.786376953125,426.2167428145716,5.208333333333333,0.36638087806051356,161.98924870566304
282,0.371358,1.0,1,684.0011251870884,0.0,94.0183319851423,1.8427593069087889,14.742074455270311,16.584833762179098,684.0011251870884,0.0,0.0,3279.88882223117,-0.0,0.0,7.768016817114654,10.565702522495732,0.0,314.81042075009987,8782.26155787864,9.610776124023444,9.85894800101479,50.0,12.131584940610965,2302.786376953125,12.131584940610965,86.13425307833785,86.13425307833785,0.0,0.0,5.208333333333333,0.36638087806051356,426.2167428145716,161.98924870566304,297.7384421213592,150.0,1.0,2.2726369395961754,0.0,1841.891450263865,490.345720613441,477.9665523066951,3279.88882223117,18.492250295061705,0.0,486.8727964637168,86.13425307833785,97.05267952488772,41.666666666666664,12.379168306745884,191703555.20905304,95824833.33333333,10.0,1.0,7.853981633974483,20.0,2.5,98.17477042468104,8782.26155787864,9.610776124023444,9.85894800101479,50.0,12.131584940610965,2302.786376953125,426.2167428145716,5.208333333333333,0.36638087806051356,161.98924870566304
283,0.366851,1.0,1,675.6997204207491,0.0,490.345720613441,9.610776124023444,76.88620899218755,86.496985116211,1079.5517121336757,0.0,403.85199171292504,2854.781462533354,-0.0,0.0,0.0,10.565702522495732,0.0,317.0716945049981,8782.26155787864,9.610776124023444,9.85894800101479,50.0,12.131584940610965,2302.786376953125,12.131584940610965,86.13425307833785,86.13425307833785,0.0,0.0,5.208333333333333,0.36638087806051356,426.2167428145716,161.98924870566304,297.7384421213592,150.0,1.0,2.2726369395961754,0.0,1841.891450263865,490.345720613441,477.9665523066951,3279.88882223117,18.492250295061705,0.0,486.8727964637168,86.13425307833785,97.05267952488772,41.666666666666664,12.379168306745884,191703555.20905304,95824833.33333333,10.0,1.0,7.853981633974483,20.0,2.5,98.17477042468104,8782.26155787864,9.610776124023444,9.85894800101479,50.0,12.131584940610965,2302.786376953125,426.2167428145716,5.208333333333333,0.36638087806051356,161.98924870566304
284,0.3455149999999999,1.0,1,636.4011244379192,0.0,145.8100242053546,2.85787647442495,22.8630117953996,25.72088826982455,735.691305690549,0.0,99.2901812526299,2750.2654822674276,-0.0,0.0,6.752899649598493,3.674988594334004,0.0,319.3329682598963,8782.26155787864,9.610776124023444,9.85894800101479,50.0,12.131584940610965,2302.786376953125,12.131584940610965,86.13425307833785,86.13425307833785,0.0,0.0,5.208333333333333,0.36638087806051356,426.2167428145716,161.98924870566304,297.7384421213592,150.0,1.0,2.2726369395961754,0.0,1841.891450263865,490.345720613441,477.9665523066951,3279.88882223117,18.492250295061705,0.0,486.8727964637168,86.13425307833785,97.05267952488772,41.666666666666664,12.379168306745884,191703555.20905304,95824833.33333333,10.0,1.0,7.853981633974483,20.0,2.5,98.17477042468104,8782.26155787864,9.610776124023444,9.85894800101479,50.0,12.131584940610965,2302.786376953125,426.2167428145716,5.208333333333333,0.36638087806051356,161.98924870566304
285,0.2994,-0.0,1,551.4623002090011,0.0,373.8193336252291,7.32685893905449,58.61487151243592,65.94173045149041,551.4623002090011,0.0,0.0,2750.2654822674276,1.0,7.32685893905449,0.0,10.855310354607404,0.0,309.42447780661513,0.0,0.0,9.85894800101479,50.0,0.0,0.0,0.0,0.0,0.0,0.0,0.0,5.208333333333333,0.36638087806051356,0.0,161.98924870566304,9080.0,150.0,0.0,0.0,9.858948001014767,1841.891450263865,490.345720613441,477.9665523066951,3279.88882223117,18.492250295061705,0.0,486.8727964637168,86.13425307833785,97.05267952488772,41.666666666666664,12.379168306745884,191703555.20905304,95824833.33333333,10.0,1.0,7.853981633974483,20.0,2.5,98.17477042468104,8782.26155787864,9.610776124023444,9.85894800101479,50.0,12.131584940610965,2302.786376953125,426.2167428145716,5.208333333333333,0.36638087806051356,161.98924870566304
286,0.24473,-0.0,1,450.7660946230757,0.0,276.9215222453932,5.427661836009706,43.42129468807765,48.848956524087356,450.7660946230757,0.0,0.0,2750.2654822674276,1.0,5.427661836009706,0.0,16.174418953896915,0.0,299.51598735333397,0.0,0.0,9.85894800101479,50.0,0.0,0.0,0.0,0.0,0.0,0.0,0.0,5.208333333333333,0.36638087806051356,0.0,161.98924870566304,9080.0,150.0,0.0,0.0,9.858948001014767,1841.891450263865,490.345720613441,477.9665523066951,3279.88882223117,18.492250295061705,0.0,486.8727964637168,86.13425307833785,97.05267952488772,41.666666666666664,12.379168306745884,191703555.20905304,95824833.33333333,10.0,1.0,7.853981633974483,20.0,2.5,98.17477042468104,8782.26155787864,9.610776124023444,9.85894800101479,50.0,12.131584940610965,2302.786376953125,426.2167428145716,5.208333333333333,0.36638087806051356,161.98924870566304
287,0.183399,1.0,1,337.80105008694255,0.0,0.0,0.0,0.0,0.0,590.167069132637,0.0,252.36601904569437,2484.6170411666967,-0.0,0.0,9.610776124023444,6.367504541628095,0.0,301.77726110823215,8782.26155787864,9.610776124023444,9.85894800101479,50.0,12.131584940610965,2302.786376953125,12.131584940610965,86.13425307833785,86.13425307833785,0.0,0.0,5.208333333333333,0.36638087806051356,426.2167428145716,161.98924870566304,297.7384421213592,150.0,1.0,2.2726369395961754,0.0,1841.891450263865,490.345720613441,477.9665523066951,3279.88882223117,18.492250295061705,0.0,486.8727964637168,86.13425307833785,97.05267952488772,41.666666666666664,12.379168306745884,191703555.20905304,95824833.33333333,10.0,1.0,7.853981633974483,20.0,2.5,98.17477042468104,8782.26155787864,9.610776124023444,9.85894800101479,50.0,12.131584940610965,2302.786376953125,426.2167428145716,5.208333333333333,0.36638087806051356,161.98924870566304
288,0.694955,1.0,1,1280.0316728181242,0.0,490.345720613441,9.610776124023444,76.88620899218755,86.496985116211,1280.0316728181242,200.47996068444843,0.0,2675.0730038169227,-0.0,0.0,0.0,6.367504541628095,0.0,304.03853486313034,8782.26155787864,9.610776124023444,9.85894800101479,50.0,12.131584940610965,2302.786376953125,12.131584940610965,86.13425307833785,86.13425307833785,0.0,0.0,5.208333333333333,0.36638087806051356,426.2167428145716,161.98924870566304,297.7384421213592,150.0,1.0,2.2726369395961754,0.0,1841.891450263865,490.345720613441,477.9665523066951,3279.88882223117,18.492250295061705,0.0,486.8727964637168,86.13425307833785,97.05267952488772,41.666666666666664,12.379168306745884,191703555.20905304,95824833.33333333,10.0,1.0,7.853981633974483,20.0,2.5,98.17477042468104,8782.26155787864,9.610776124023444,9.85894800101479,50.0,12.131584940610965,2302.786376953125,426.2167428145716,5.208333333333333,0.36638087806051356,161.98924870566304
289,0.668439,-0.0,1,1231.1920791229277,0.0,490.345720613441,9.610776124023444,76.88620899218755,86.496985116211,1231.1920791229277,558.6355575557766,0.0,3205.776783494911,1.0,9.610776124023444,0.0,15.786065143171069,0.0,294.1300444098492,0.0,0.0,9.85894800101479,50.0,0.0,0.0,0.0,0.0,0.0,0.0,0.0,5.208333333333333,0.36638087806051356,0.0,161.98924870566304,9080.0,150.0,0.0,0.0,9.858948001014767,1841.891450263865,490.345720613441,477.9665523066951,3279.88882223117,18.492250295061705,0.0,486.8727964637168,86.13425307833785,97.05267952488772,41.666666666666664,12.379168306745884,191703555.20905304,95824833.33333333,10.0,1.0,7.853981633974483,20.0,2.5,98.17477042468104,8782.26155787864,9.610776124023444,9.85894800101479,50.0,12.131584940610965,2302.786376953125,426.2167428145716,5.208333333333333,0.36638087806051356,161.98924870566304
290,0.613669,1.0,1,1130.3116843919759,0.0,490.345720613441,9.610776124023444,76.88620899218755,86.496985116211,1130.3116843919759,50.759972258300195,0.0,3253.998757140296,1.0,0.0,0.0,15.786065143171069,0.0,296.39131816474736,8782.26155787864,9.610776124023444,9.85894800101479,50.0,12.131584940610965,2302.786376953125,12.131584940610965,86.13425307833785,86.13425307833785,0.0,0.0,5.208333333333333,0.36638087806051356,426.2167428145716,161.98924870566304,297.7384421213592,150.0,1.0,2.2726369395961754,0.0,1841.891450263865,490.345720613441,477.9665523066951,3279.88882223117,18.492250295061705,0.0,486.8727964637168,86.13425307833785,97.05267952488772,41.666666666666664,12.379168306745884,191703555.20905304,95824833.33333333,10.0,1.0,7.853981633974483,20.0,2.5,98.17477042468104,8782.26155787864,9.610776124023444,9.85894800101479,50.0,12.131584940610965,2302.786376953125,426.2167428145716,5.208333333333333,0.36638087806051356,161.98924870566304
291,0.596526,1.0,1,1098.7361392601024,0.0,490.345720613441,9.610776124023444,76.88620899218755,86.496985116211,1098.7361392601024,19.184427126426726,0.0,3272.2239629104015,1.0,0.0,0.0,15.786065143171069,0.0,298.65259191964554,8782.26155787864,9.610776124023444,9.85894800101479,50.0,12.131584940610965,2302.786376953125,12.131584940610965,86.13425307833785,86.13425307833784,0.0,0.0,5.208333333333333,0.36638087806051356,426.2167428145716,161.98924870566304,297.7384421213592,150.0,1.0,2.2726369395961754,0.0,1841.891450263865,490.345720613441,477.9665523066951,3279.88882223117,18.492250295061705,0.0,486.8727964637168,86.13425307833785,97.05267952488772,41.666666666666664,12.379168306745884,191703555.20905304,95824833.33333333,10.0,1.0,7.853981633974483,20.0,2.5,98.17477042468104,8782.26155787864,9.610776124023444,9.85894800101479,50.0,12.131584940610965,2302.786376953125,426.2167428145716,5.208333333333333,0.36638087806051356,161.98924870566304
292,0.583219,1.0,1,1074.226089731441,0.0,485.0096394922088,9.506188934047293,76.04951147237834,85.55570040642563,1074.2260897314409,0.0,0.0,3272.2239629104015,-0.0,0.0,0.10458718997615059,15.679343520746425,0.0,300.91386567454373,8782.26155787864,9.610776124023444,9.85894800101479,50.0,12.131584940610965,2302.786376953125,12.131584940610965,86.13425307833785,86.13425307833785,0.0,0.0,5.208333333333333,0.36638087806051356,426.2167428145716,161.98924870566304,297.7384421213592,150.0,1.0,2.2726369395961754,0.0,1841.891450263865,490.345720613441,477.9665523066951,3279.88882223117,18.492250295061705,0.0,486.8727964637168,86.13425307833785,97.05267952488772,41.666666666666664,12.379168306745884,191703555.20905304,95824833.33333333,10.0,1.0,7.853981633974483,20.0,2.5,98.17477042468104,8782.26155787864,9.610776124023444,9.85894800101479,50.0,12.131584940610965,2302.786376953125,426.2167428145716,5.208333333333333,0.36638087806051356,161.98924870566304
293,0.462563,1.0,1,851.9908349084042,0.0,490.345720613441,9.610776124023444,76.88620899218755,86.496985116211,1079.5517121336757,0.0,227.5608772252715,3032.6861974101157,-0.0,0.0,0.0,15.679343520746425,0.0,303.1751394294419,8782.26155787864,9.610776124023444,9.85894800101479,50.0,12.131584940610965,2302.786376953125,12.131584940610965,86.13425307833785,86.13425307833785,0.0,0.0,5.208333333333333,0.36638087806051356,426.2167428145716,161.98924870566304,297.7384421213592,150.0,1.0,2.2726369395961754,0.0,1841.891450263865,490.345720613441,477.9665523066951,3279.88882223117,18.492250295061705,0.0,486.8727964637168,86.13425307833785,97.05267952488772,41.666666666666664,12.379168306745884,191703555.20905304,95824833.33333333,10.0,1.0,7.853981633974483,20.0,2.5,98.17477042468104,8782.26155787864,9.610776124023444,9.85894800101479,50.0,12.131584940610965,2302.786376953125,426.2167428145716,5.208333333333333,0.36638087806051356,161.98924870566304
294,0.266927,1.0,1,491.6505591445827,0.0,490.345720613441,9.610776124023444,76.88620899218755,86.496985116211,1079.5517121336757,0.0,587.9011529890929,2413.842878474228,-0.0,0.0,0.0,15.679343520746425,0.0,305.4364131843401,8782.26155787864,9.610776124023444,9.85894800101479,50.0,12.131584940610965,2302.786376953125,12.131584940610965,86.13425307833785,86.13425307833785,0.0,0.0,5.208333333333333,0.36638087806051356,426.2167428145716,161.98924870566304,297.7384421213592,150.0,1.0,2.2726369395961754,0.0,1841.891450263865,490.345720613441,477.9665523066951,3279.88882223117,18.492250295061705,0.0,486.8727964637168,86.13425307833785,97.05267952488772,41.666666666666664,12.379168306745884,191703555.20905304,95824833.33333333,10.0,1.0,7.853981633974483,20.0,2.5,98.17477042468104,8782.26155787864,9.610776124023444,9.85894800101479,50.0,12.131584940610965,2302.786376953125,426.2167428145716,5.208333333333333,0.36638087806051356,161.98924870566304
295,0.128809,1.0,1,237.2521958170382,0.0,490.345720613441,9.610776124023444,76.88620899218755,86.496985116211,1079.5517121336757,0.0,842.2995163166374,1527.2118086672417,-0.0,0.0,0.0,15.679343520746425,0.0,307.69768693923834,8782.26155787864,9.610776124023444,9.85894800101479,50.0,12.131584940610965,2302.786376953125,12.131584940610965,86.13425307833785,86.13425307833785,0.0,0.0,5.208333333333333,0.36638087806051356,426.2167428145716,161.98924870566304,297.7384421213592,150.0,1.0,2.2726369395961754,0.0,1841.891450263865,490.345720613441,477.9665523066951,3279.88882223117,18.492250295061705,0.0,486.8727964637168,86.13425307833785,97.05267952488772,41.666666666666664,12.379168306745884,191703555.20905304,95824833.33333333,10.0,1.0,7.853981633974483,20.0,2.5,98.17477042468104,8782.26155787864,9.610776124023444,9.85894800101479,50.0,12.131584940610965,2302.786376953125,426.2167428145716,5.208333333333333,0.36638087806051356,161.98924870566304
296,0.109901,1.0,1,202.42571227544903,0.0,490.345720613441,9.610776124023444,76.88620899218755,86.496985116211,1079.5517121336757,0.0,877.1259998582266,603.9212825006874,-0.0,0.0,0.0,15.679343520746425,0.0,309.9589606941365,8782.26155787864,9.610776124023444,9.85894800101479,50.0,12.131584940610965,2302.786376953125,12.131584940610965,86.13425307833785,86.13425307833785,0.0,0.0,5.208333333333333,0.36638087806051356,426.2167428145716,161.98924870566304,297.7384421213592,150.0,1.0,2.2726369395961754,0.0,1841.891450263865,490.345720613441,477.9665523066951,3279.88882223117,18.492250295061705,0.0,486.8727964637168,86.13425307833785,97.05267952488772,41.666666666666664,12.379168306745884,191703555.20905304,95824833.33333333,10.0,1.0,7.853981633974483,20.0,2.5,98.17477042468104,8782.26155787864,9.610776124023444,9.85894800101479,50.0,12.131584940610965,2302.786376953125,426.2167428145716,5.208333333333333,0.36638087806051356,161.98924870566304
297,0.164786,1.0,1,303.51792452318125,0.0,0.0,0.0,0.0,0.0,590.167069132637,0.0,286.64914460945573,302.1853408065237,-0.0,0.0,9.610776124023444,5.872429108477604,0.0,312.2202344490347,8782.26155787864,9.610776124023444,9.85894800101479,50.0,12.131584940610965,2302.786376953125,12.131584940610965,86.13425307833785,86.13425307833785,0.0,0.0,5.208333333333333,0.36638087806051356,426.2167428145716,161.98924870566304,297.7384421213592,150.0,1.0,2.2726369395961754,0.0,1841.891450263865,490.345720613441,477.9665523066951,3279.88882223117,18.492250295061705,0.0,486.8727964637168,86.13425307833785,97.05267952488772,41.666666666666664,12.379168306745884,191703555.20905304,95824833.33333333,10.0,1.0,7.853981633974483,20.0,2.5,98.17477042468104,8782.26155787864,9.610776124023444,9.85894800101479,50.0,12.131584940610965,2302.786376953125,426.2167428145716,5.208333333333333,0.36638087806051356,161.98924870566304
298,0.2640559999999999,-0.0,1,486.3624887908749,0.0,311.17517329215923,6.099033396526321,48.792267172210565,54.89130056873689,486.3624887908749,0.0,0.0,302.1853408065237,1.0,6.099033396526321,0.0,11.849481837073402,0.0,302.31174399575355,0.0,0.0,9.85894800101479,50.0,0.0,0.0,0.0,0.0,0.0,0.0,0.0,5.208333333333333,0.36638087806051356,0.0,161.98924870566304,9080.0,150.0,0.0,0.0,9.858948001014767,1841.891450263865,490.345720613441,477.9665523066951,3279.88882223117,18.492250295061705,0.0,486.8727964637168,86.13425307833785,97.05267952488772,41.666666666666664,12.379168306745884,191703555.20905304,95824833.33333333,10.0,1.0,7.853981633974483,20.0,2.5,98.17477042468104,8782.26155787864,9.610776124023444,9.85894800101479,50.0,12.131584940610965,2302.786376953125,426.2167428145716,5.208333333333333,0.36638087806051356,161.98924870566304
299,0.365043,1.0,1,672.369580678672,0.0,82.36394487799589,1.6143333196087195,12.914666556869756,14.528999876478476,672.369580678672,0.0,0.0,302.1853408065237,-0.0,0.0,7.996442804414724,3.6898463223644997,0.0,304.57301775065173,8782.26155787864,9.610776124023444,9.85894800101479,50.0,12.131584940610965,2302.786376953125,12.131584940610965,86.13425307833785,86.13425307833785,0.0,0.0,5.208333333333333,0.36638087806051356,426.2167428145716,161.98924870566304,297.7384421213592,150.0,1.0,2.2726369395961754,0.0,1841.891450263865,490.345720613441,477.9665523066951,3279.88882223117,18.492250295061705,0.0,486.8727964637168,86.13425307833785,97.05267952488772,41.666666666666664,12.379168306745884,191703555.20905304,95824833.33333333,10.0,1.0,7.853981633974483,20.0,2.5,98.17477042468104,8782.26155787864,9.610776124023444,9.85894800101479,50.0,12.131584940610965,2302.786376953125,426.2167428145716,5.208333333333333,0.36638087806051356,161.98924870566304
300,0.430251,1.0,1,792.4756383674782,0.0,490.345720613441,9.610776124023444,76.88620899218755,86.496985116211,1079.5517121336757,0.0,287.0760737661975,0.0,-0.0,0.0,0.0,3.6898463223644997,0.0,306.8342915055499,8782.26155787864,9.610776124023444,9.85894800101479,50.0,12.131584940610965,2302.786376953125,12.131584940610965,86.13425307833785,86.13425307833785,0.0,0.0,5.208333333333333,0.36638087806051356,426.2167428145716,161.98924870566304,297.7384421213592,150.0,1.0,2.2726369395961754,0.0,1841.891450263865,490.345720613441,477.9665523066951,3279.88882223117,18.492250295061705,0.0,486.8727964637168,86.13425307833785,97.05267952488772,41.666666666666664,12.379168306745884,191703555.20905304,95824833.33333333,10.0,1.0,7.853981633974483,20.0,2.5,98.17477042468104,8782.26155787864,9.610776124023444,9.85894800101479,50.0,12.131584940610965,2302.786376953125,426.2167428145716,5.208333333333333,0.36638087806051356,161.98924870566304
301,0.450354,-0.0,1,829.5031821921326,0.0,490.345720613441,9.610776124023444,76.88620899218755,86.496985116211,829.5031821921326,156.94666062498166,0.0,149.09932759373257,1.0,9.610776124023444,0.0,13.108406923907486,0.0,296.92580105226875,0.0,0.0,9.85894800101479,50.0,0.0,0.0,0.0,0.0,0.0,0.0,0.0,5.208333333333333,0.36638087806051356,0.0,161.98924870566304,9080.0,150.0,0.0,0.0,9.858948001014781,1841.891450263865,490.345720613441,477.9665523066951,3279.88882223117,18.492250295061705,0.0,486.8727964637168,86.13425307833785,97.05267952488772,41.666666666666664,12.379168306745884,191703555.20905304,95824833.33333333,10.0,1.0,7.853981633974483,20.0,2.5,98.17477042468104,8782.26155787864,9.610776124023444,9.85894800101479,50.0,12.131584940610965,2302.786376953125,426.2167428145716,5.208333333333333,0.36638087806051356,161.98924870566304
302,0.453067,1.0,1,834.5002336966985,0.0,386.7355274118347,7.58001633727196,60.64013069817568,68.22014703544764,976.1445949107446,0.0,141.64436121404594,0.0,-0.0,0.0,2.0307597867514837,11.03620305987536,0.0,299.18707480716694,8782.26155787864,9.610776124023444,9.85894800101479,50.0,12.131584940610965,2302.786376953125,12.131584940610965,86.13425307833785,86.13425307833785,0.0,0.0,5.208333333333333,0.36638087806051356,426.2167428145716,161.98924870566304,297.7384421213592,150.0,1.0,2.2726369395961754,0.0,1841.891450263865,490.345720613441,477.9665523066951,3279.88882223117,18.492250295061705,0.0,486.8727964637168,86.13425307833785,97.05267952488772,41.666666666666664,12.379168306745884,191703555.20905304,95824833.33333333,10.0,1.0,7.853981633974483,20.0,2.5,98.17477042468104,8782.26155787864,9.610776124023444,9.85894800101479,50.0,12.131584940610965,2302.786376953125,426.2167428145716,5.208333333333333,0.36638087806051356,161.98924870566304
303,0.4652869999999999,1.0,1,857.0081472189228,0.0,267.3651137091557,5.240356228699452,41.92284982959561,47.16320605829507,857.0081472189228,0.0,0.0,0.0,-0.0,0.0,4.370419895323992,6.576590921789654,0.0,301.4483485620651,8782.26155787864,9.610776124023444,9.85894800101479,50.0,12.131584940610965,2302.786376953125,12.131584940610965,86.13425307833785,86.13425307833785,0.0,0.0,5.208333333333333,0.36638087806051356,426.2167428145716,161.98924870566304,297.7384421213592,150.0,1.0,2.2726369395961754,0.0,1841.891450263865,490.345720613441,477.9665523066951,3279.88882223117,18.492250295061705,0.0,486.8727964637168,86.13425307833785,97.05267952488772,41.666666666666664,12.379168306745884,191703555.20905304,95824833.33333333,10.0,1.0,7.853981633974483,20.0,2.5,98.17477042468104,8782.26155787864,9.610776124023444,9.85894800101479,50.0,12.131584940610965,2302.786376953125,426.2167428145716,5.208333333333333,0.36638087806051356,161.98924870566304
304,0.518263,1.0,1,954.5841886881014,0.0,365.13277980388006,7.156602484156049,57.25281987324839,64.40942235740444,954.5841886881013,0.0,0.0,0.0,-0.0,0.0,2.4541736398673946,4.072332105598435,0.0,303.7096223169633,8782.26155787864,9.610776124023444,9.85894800101479,50.0,12.131584940610965,2302.786376953125,12.131584940610965,86.13425307833785,86.13425307833785,0.0,0.0,5.208333333333333,0.36638087806051356,426.2167428145716,161.98924870566304,297.7384421213592,150.0,1.0,2.2726369395961754,0.0,1841.891450263865,490.345720613441,477.9665523066951,3279.88882223117,18.492250295061705,0.0,486.8727964637168,86.13425307833785,97.05267952488772,41.666666666666664,12.379168306745884,191703555.20905304,95824833.33333333,10.0,1.0,7.853981633974483,20.0,2.5,98.17477042468104,8782.26155787864,9.610776124023444,9.85894800101479,50.0,12.131584940610965,2302.786376953125,426.2167428145716,5.208333333333333,0.36638087806051356,161.98924870566304
305,0.61585,1.0,1,1134.3288496450014,0.0,490.345720613441,9.610776124023444,76.88620899218755,86.496985116211,1079.5517121336757,0.0,0.0,0.0,1.0,0.0,0.0,4.072332105598435,0.0,305.9708960718615,8782.26155787864,9.610776124023444,9.85894800101479,50.0,12.131584940610965,2302.786376953125,12.131584940610965,86.13425307833785,86.13425307833785,0.0,0.0,5.208333333333333,0.36638087806051356,426.2167428145716,161.98924870566304,297.7384421213592,150.0,1.0,2.2726369395961754,0.0,1841.891450263865,490.345720613441,477.9665523066951,3279.88882223117,18.492250295061705,0.0,486.8727964637168,86.13425307833785,97.05267952488772,41.666666666666664,12.379168306745884,191703555.20905304,95824833.33333333,10.0,1.0,7.853981633974483,20.0,2.5,98.17477042468104,8782.26155787864,9.610776124023444,9.85894800101479,50.0,12.131584940610965,2302.786376953125,426.2167428145716,5.208333333333333,0.36638087806051356,161.98924870566304
306,0.708998,1.0,1,1305.8973544541798,0.0,490.345720613441,9.610776124023444,76.88620899218755,86.496985116211,1305.89735445418,226.34564232050423,0.0,215.0283602044791,1.0,0.0,0.0,4.072332105598435,0.0,308.2321698267597,8782.26155787864,9.610776124023444,9.85894800101479,50.0,12.131584940610965,2302.786376953125,12.131584940610965,86.13425307833785,86.13425307833785,0.0,0.0,5.208333333333333,0.36638087806051356,426.2167428145716,161.98924870566304,297.7384421213592,150.0,1.0,2.2726369395961754,0.0,1841.891450263865,490.345720613441,477.9665523066951,3279.88882223117,18.492250295061705,0.0,486.8727964637168,86.13425307833785,97.05267952488772,41.666666666666664,12.379168306745884,191703555.20905304,95824833.33333333,10.0,1.0,7.853981633974483,20.0,2.5,98.17477042468104,8782.26155787864,9.610776124023444,9.85894800101479,50.0,12.131584940610965,2302.786376953125,426.2167428145716,5.208333333333333,0.36638087806051356,161.98924870566304
307,0.772784,1.0,1,1423.3842425007106,0.0,490.345720613441,9.610776124023444,76.88620899218755,86.496985116211,1423.3842425007106,343.8325303670348,0.0,541.6692640531621,1.0,0.0,0.0,4.072332105598435,0.0,310.49344358165786,8782.26155787864,9.610776124023444,9.85894800101479,50.0,12.131584940610965,2302.786376953125,12.131584940610965,86.13425307833785,86.13425307833785,0.0,0.0,5.208333333333333,0.36638087806051356,426.2167428145716,161.98924870566304,297.7384421213592,150.0,1.0,2.2726369395961754,0.0,1841.891450263865,490.345720613441,477.9665523066951,3279.88882223117,18.492250295061705,0.0,486.8727964637168,86.13425307833785,97.05267952488772,41.666666666666664,12.379168306745884,191703555.20905304,95824833.33333333,10.0,1.0,7.853981633974483,20.0,2.5,98.17477042468104,8782.26155787864,9.610776124023444,9.85894800101479,50.0,12.131584940610965,2302.786376953125,426.2167428145716,5.208333333333333,0.36638087806051356,161.98924870566304
308,0.8134880000000001,1.0,1,1498.356592092251,0.0,490.345720613441,9.610776124023444,76.88620899218755,86.496985116211,1498.356592092251,418.80487995857527,0.0,939.5339000138085,1.0,0.0,0.0,4.072332105598435,0.0,312.75471733655604,8782.26155787864,9.610776124023444,9.85894800101479,50.0,12.131584940610965,2302.786376953125,12.131584940610965,86.13425307833785,86.13425307833785,0.0,0.0,5.208333333333333,0.36638087806051356,426.2167428145716,161.98924870566304,297.7384421213592,150.0,1.0,2.2726369395961754,0.0,1841.891450263865,490.345720613441,477.9665523066951,3279.88882223117,18.492250295061705,0.0,486.8727964637168,86.13425307833785,97.05267952488772,41.666666666666664,12.379168306745884,191703555.20905304,95824833.33333333,10.0,1.0,7.853981633974483,20.0,2.5,98.17477042468104,8782.26155787864,9.610776124023444,9.85894800101479,50.0,12.131584940610965,2302.786376953125,426.2167428145716,5.208333333333333,0.36638087806051356,161.98924870566304
309,0.835563,1.0,1,1539.0163458568256,0.0,490.345720613441,9.610776124023444,76.88620899218755,86.496985116211,1079.5517121336757,0.0,0.0,939.5339000138085,1.0,0.0,0.0,4.072332105598435,0.0,315.0159910914542,8782.26155787864,9.610776124023444,9.85894800101479,50.0,12.131584940610965,2302.786376953125,12.131584940610965,86.13425307833785,86.13425307833785,0.0,0.0,5.208333333333333,0.36638087806051356,426.2167428145716,161.98924870566304,297.7384421213592,150.0,1.0,2.2726369395961754,0.0,1841.891450263865,490.345720613441,477.9665523066951,3279.88882223117,18.492250295061705,0.0,486.8727964637168,86.13425307833785,97.05267952488772,41.666666666666664,12.379168306745884,191703555.20905304,95824833.33333333,10.0,1.0,7.853981633974483,20.0,2.5,98.17477042468104,8782.26155787864,9.610776124023444,9.85894800101479,50.0,12.131584940610965,2302.786376953125,426.2167428145716,5.208333333333333,0.36638087806051356,161.98924870566304
310,0.84622,1.0,1,1558.6453830422877,0.0,490.345720613441,9.610776124023444,76.88620899218755,86.496985116211,1558.645383042288,479.0936709086121,0.0,1394.67288737699,1.0,0.0,0.0,4.072332105598435,0.0,317.2772648463524,8782.26155787864,9.610776124023444,9.85894800101479,50.0,12.131584940610965,2302.786376953125,12.131584940610965,86.13425307833785,86.13425307833785,0.0,0.0,5.208333333333333,0.36638087806051356,426.2167428145716,161.98924870566304,297.7384421213592,150.0,1.0,2.2726369395961754,0.0,1841.891450263865,490.345720613441,477.9665523066951,3279.88882223117,18.492250295061705,0.0,486.8727964637168,86.13425307833785,97.05267952488772,41.666666666666664,12.379168306745884,191703555.20905304,95824833.33333333,10.0,1.0,7.853981633974483,20.0,2.5,98.17477042468104,8782.26155787864,9.610776124023444,9.85894800101479,50.0,12.131584940610965,2302.786376953125,426.2167428145716,5.208333333333333,0.36638087806051356,161.98924870566304
311,0.847698,1.0,1,1561.3676986057776,0.0,490.345720613441,9.610776124023444,76.88620899218755,86.496985116211,1079.5517121336757,0.0,0.0,1394.67288737699,1.0,0.0,0.0,4.072332105598435,0.0,319.5385386012506,8782.26155787864,9.610776124023444,9.85894800101479,50.0,12.131584940610965,2302.786376953125,12.131584940610965,86.13425307833785,86.13425307833785,0.0,0.0,5.208333333333333,0.36638087806051356,426.2167428145716,161.98924870566304,297.7384421213592,150.0,1.0,2.2726369395961754,0.0,1841.891450263865,490.345720613441,477.9665523066951,3279.88882223117,18.492250295061705,0.0,486.8727964637168,86.13425307833785,97.05267952488772,41.666666666666664,12.379168306745884,191703555.20905304,95824833.33333333,10.0,1.0,7.853981633974483,20.0,2.5,98.17477042468104,8782.26155787864,9.610776124023444,9.85894800101479,50.0,12.131584940610965,2302.786376953125,426.2167428145716,5.208333333333333,0.36638087806051356,161.98924870566304
312,0.577163,1.0,1,1063.0715951086431,0.0,490.345720613441,9.610776124023444,76.88620899218755,86.496985116211,1079.5517121336757,0.0,196.09174084880772,1188.2605285887714,1.0,0.0,0.0,4.072332105598435,0.0,321.7998123561488,8782.26155787864,9.610776124023444,9.85894800101479,50.0,12.131584940610965,2302.786376953125,12.131584940610965,86.13425307833785,86.13425307833785,0.0,0.0,5.208333333333333,0.36638087806051356,426.2167428145716,161.98924870566304,297.7384421213592,150.0,1.0,2.2726369395961754,0.0,1841.891450263865,490.345720613441,477.9665523066951,3279.88882223117,18.492250295061705,0.0,486.8727964637168,86.13425307833785,97.05267952488772,41.666666666666664,12.379168306745884,191703555.20905304,95824833.33333333,10.0,1.0,7.853981633974483,20.0,2.5,98.17477042468104,8782.26155787864,9.610776124023444,9.85894800101479,50.0,12.131584940610965,2302.786376953125,426.2167428145716,5.208333333333333,0.36638087806051356,161.98924870566304
313,0.596117,1.0,1,1097.9828056569445,0.0,490.345720613441,9.610776124023444,76.88620899218755,86.496985116211,1079.5517121336757,0.0,0.0,1188.2605285887714,1.0,0.0,0.0,4.072332105598435,0.0,324.06108611104696,8782.26155787864,9.610776124023444,9.85894800101479,50.0,12.131584940610965,2302.786376953125,12.131584940610965,86.13425307833785,86.13425307833785,0.0,0.0,5.208333333333333,0.36638087806051356,426.2167428145716,161.98924870566304,297.7384421213592,150.0,1.0,2.2726369395961754,0.0,1841.891450263865,490.345720613441,477.9665523066951,3279.88882223117,18.492250295061705,0.0,486.8727964637168,86.13425307833785,97.05267952488772,41.666666666666664,12.379168306745884,191703555.20905304,95824833.33333333,10.0,1.0,7.853981633974483,20.0,2.5,98.17477042468104,8782.26155787864,9.610776124023444,9.85894800101479,50.0,12.131584940610965,2302.786376953125,426.2167428145716,5.208333333333333,0.36638087806051356,161.98924870566304
314,0.607581,1.0,1,1119.0982492427695,0.0,490.345720613441,9.610776124023444,76.88620899218755,86.496985116211,1119.0982492427695,39.54653710909383,0.0,1225.8297388424105,1.0,0.0,0.0,4.072332105598435,0.0,326.32235986594515,8782.26155787864,9.610776124023444,9.85894800101479,50.0,12.131584940610965,2302.786376953125,12.131584940610965,86.13425307833785,86.13425307833785,0.0,0.0,5.208333333333333,0.36638087806051356,426.2167428145716,161.98924870566304,297.7384421213592,150.0,1.0,2.2726369395961754,0.0,1841.891450263865,490.345720613441,477.9665523066951,3279.88882223117,18.492250295061705,0.0,486.8727964637168,86.13425307833785,97.05267952488772,41.666666666666664,12.379168306745884,191703555.20905304,95824833.33333333,10.0,1.0,7.853981633974483,20.0,2.5,98.17477042468104,8782.26155787864,9.610776124023444,9.85894800101479,50.0,12.131584940610965,2302.786376953125,426.2167428145716,5.208333333333333,0.36638087806051356,161.98924870566304
315,0.605928,1.0,1,1116.0536026754833,0.0,490.345720613441,9.610776124023444,76.88620899218755,86.496985116211,1116.0536026754833,36.5018905418076,0.0,1260.5065348571277,1.0,0.0,0.0,4.072332105598435,0.0,328.58363362084356,8782.26155787864,9.610776124023444,9.85894800101479,50.0,12.131584940610965,2302.786376953125,12.131584940610965,86.13425307833785,86.13425307833785,0.0,0.0,5.208333333333333,0.36638087806051356,426.2167428145716,161.98924870566304,297.7384421213592,150.0,1.0,2.2726369395961754,0.0,1841.891450263865,490.345720613441,477.9665523066951,3279.88882223117,18.492250295061705,0.0,486.8727964637168,86.13425307833785,97.05267952488772,41.666666666666664,12.379168306745884,191703555.20905304,95824833.33333333,10.0,1.0,7.853981633974483,20.0,2.5,98.17477042468104,8782.26155787864,9.610776124023444,9.85894800101479,50.0,12.131584940610965,2302.786376953125,426.2167428145716,5.208333333333333,0.36638087806051356,161.98924870566304
316,0.615582,1.0,1,1133.8352227363305,0.0,490.345720613441,9.610776124023444,76.88620899218755,86.496985116211,1133.8352227363305,54.283510602654815,0.0,1312.0758699296498,1.0,0.0,0.0,4.072332105598435,0.0,330.84490737574174,8782.26155787864,9.610776124023444,9.85894800101479,50.0,12.131584940610965,2302.786376953125,12.131584940610965,86.13425307833785,86.13425307833785,0.0,0.0,5.208333333333333,0.36638087806051356,426.2167428145716,161.98924870566304,297.7384421213592,150.0,1.0,2.2726369395961754,0.0,1841.891450263865,490.345720613441,477.9665523066951,3279.88882223117,18.492250295061705,0.0,486.8727964637168,86.13425307833785,97.05267952488772,41.666666666666664,12.379168306745884,191703555.20905304,95824833.33333333,10.0,1.0,7.853981633974483,20.0,2.5,98.17477042468104,8782.26155787864,9.610776124023444,9.85894800101479,50.0,12.131584940610965,2302.786376953125,426.2167428145716,5.208333333333333,0.36638087806051356,161.98924870566304
317,0.6446280000000001,1.0,1,1187.334801800695,0.0,490.345720613441,9.610776124023444,76.88620899218755,86.496985116211,1187.334801800695,107.78308966701923,0.0,1414.469805113318,1.0,0.0,0.0,4.072332105598435,0.0,333.1061811306399,8782.26155787864,9.610776124023444,9.85894800101479,50.0,12.131584940610965,2302.786376953125,12.131584940610965,86.13425307833785,86.13425307833785,0.0,0.0,5.208333333333333,0.36638087806051356,426.2167428145716,161.98924870566304,297.7384421213592,150.0,1.0,2.2726369395961754,0.0,1841.891450263865,490.345720613441,477.9665523066951,3279.88882223117,18.492250295061705,0.0,486.8727964637168,86.13425307833785,97.05267952488772,41.666666666666664,12.379168306745884,191703555.20905304,95824833.33333333,10.0,1.0,7.853981633974483,20.0,2.5,98.17477042468104,8782.26155787864,9.610776124023444,9.85894800101479,50.0,12.131584940610965,2302.786376953125,426.2167428145716,5.208333333333333,0.36638087806051356,161.98924870566304
318,0.6789769999999999,1.0,1,1250.6019312258081,0.0,490.345720613441,9.610776124023444,76.88620899218755,86.496985116211,1250.6019312258081,171.05021909213235,0.0,1576.9675132508437,1.0,0.0,0.0,4.072332105598435,0.0,335.3674548855381,8782.26155787864,9.610776124023444,9.85894800101479,50.0,12.131584940610965,2302.786376953125,12.131584940610965,86.13425307833785,86.13425307833785,0.0,0.0,5.208333333333333,0.36638087806051356,426.2167428145716,161.98924870566304,297.7384421213592,150.0,1.0,2.2726369395961754,0.0,1841.891450263865,490.345720613441,477.9665523066951,3279.88882223117,18.492250295061705,0.0,486.8727964637168,86.13425307833785,97.05267952488772,41.666666666666664,12.379168306745884,191703555.20905304,95824833.33333333,10.0,1.0,7.853981633974483,20.0,2.5,98.17477042468104,8782.26155787864,9.610776124023444,9.85894800101479,50.0,12.131584940610965,2302.786376953125,426.2167428145716,5.208333333333333,0.36638087806051356,161.98924870566304
319,0.6915359999999999,1.0,1,1273.734245949672,0.0,490.345720613441,9.610776124023444,76.88620899218755,86.496985116211,1273.7342459496722,194.1825338159964,0.0,1761.4409203760404,1.0,0.0,0.0,4.072332105598435,0.0,337.6287286404365,8782.26155787864,9.610776124023444,9.85894800101479,50.0,12.131584940610965,2302.786376953125,12.131584940610965,86.13425307833785,86.13425307833785,0.0,0.0,5.208333333333333,0.36638087806051356,426.2167428145716,161.98924870566304,297.7384421213592,150.0,1.0,2.2726369395961754,0.0,1841.891450263865,490.345720613441,477.9665523066951,3279.88882223117,18.492250295061705,0.0,486.8727964637168,86.13425307833785,97.05267952488772,41.666666666666664,12.379168306745884,191703555.20905304,95824833.33333333,10.0,1.0,7.853981633974483,20.0,2.5,98.17477042468104,8782.26155787864,9.610776124023444,9.85894800101479,50.0,12.131584940610965,2302.786376953125,426.2167428145716,5.208333333333333,0.36638087806051356,161.98924870566304
320,0.679821,1.0,1,1252.156487609831,0.0,490.345720613441,9.610776124023444,76.88620899218755,86.496985116211,1252.156487609831,172.60477547615517,0.0,1925.4154570783878,1.0,0.0,0.0,4.072332105598435,0.0,339.8900023953347,8782.26155787864,9.610776124023444,9.85894800101479,50.0,12.131584940610965,2302.786376953125,12.131584940610965,86.13425307833785,86.13425307833785,0.0,0.0,5.208333333333333,0.36638087806051356,426.2167428145716,161.98924870566304,297.7384421213592,150.0,1.0,2.2726369395961754,0.0,1841.891450263865,490.345720613441,477.9665523066951,3279.88882223117,18.492250295061705,0.0,486.8727964637168,86.13425307833785,97.05267952488772,41.666666666666664,12.379168306745884,191703555.20905304,95824833.33333333,10.0,1.0,7.853981633974483,20.0,2.5,98.17477042468104,8782.26155787864,9.610776124023444,9.85894800101479,50.0,12.131584940610965,2302.786376953125,426.2167428145716,5.208333333333333,0.36638087806051356,161.98924870566304
321,0.636897,1.0,1,1173.095138998705,0.0,490.345720613441,9.610776124023444,76.88620899218755,86.496985116211,1173.095138998705,93.54342686502923,0.0,2014.2817126001655,1.0,0.0,0.0,4.072332105598435,0.0,342.1512761502329,8782.26155787864,9.610776124023444,9.85894800101479,50.0,12.131584940610965,2302.786376953125,12.131584940610965,86.13425307833785,86.13425307833785,0.0,0.0,5.208333333333333,0.36638087806051356,426.2167428145716,161.98924870566304,297.7384421213592,150.0,1.0,2.2726369395961754,0.0,1841.891450263865,490.345720613441,477.9665523066951,3279.88882223117,18.492250295061705,0.0,486.8727964637168,86.13425307833785,97.05267952488772,41.666666666666664,12.379168306745884,191703555.20905304,95824833.33333333,10.0,1.0,7.853981633974483,20.0,2.5,98.17477042468104,8782.26155787864,9.610776124023444,9.85894800101479,50.0,12.131584940610965,2302.786376953125,426.2167428145716,5.208333333333333,0.36638087806051356,161.98924870566304
322,0.5760510000000001,1.0,1,1061.0234118159499,0.0,490.345720613441,9.610776124023444,76.88620899218755,86.496985116211,1079.5517121336757,0.0,18.52830031772578,1994.778238581507,1.0,0.0,0.0,4.072332105598435,0.0,344.4125499051311,8782.26155787864,9.610776124023444,9.85894800101479,50.0,12.131584940610965,2302.786376953125,12.131584940610965,86.13425307833785,86.13425307833785,0.0,0.0,5.208333333333333,0.36638087806051356,426.2167428145716,161.98924870566304,297.7384421213592,150.0,1.0,2.2726369395961754,0.0,1841.891450263865,490.345720613441,477.9665523066951,3279.88882223117,18.492250295061705,0.0,486.8727964637168,86.13425307833785,97.05267952488772,41.666666666666664,12.379168306745884,191703555.20905304,95824833.33333333,10.0,1.0,7.853981633974483,20.0,2.5,98.17477042468104,8782.26155787864,9.610776124023444,9.85894800101479,50.0,12.131584940610965,2302.786376953125,426.2167428145716,5.208333333333333,0.36638087806051356,161.98924870566304
323,0.56789,1.0,1,1045.9917356903463,0.0,490.345720613441,9.610776124023444,76.88620899218755,86.496985116211,1079.5517121336757,0.0,33.55997644332933,1959.4519475885286,1.0,0.0,0.0,4.072332105598435,0.0,346.67382366002926,8782.26155787864,9.610776124023444,9.85894800101479,50.0,12.131584940610965,2302.786376953125,12.131584940610965,86.13425307833785,86.13425307833785,0.0,0.0,5.208333333333333,0.36638087806051356,426.2167428145716,161.98924870566304,297.7384421213592,150.0,1.0,2.2726369395961754,0.0,1841.891450263865,490.345720613441,477.9665523066951,3279.88882223117,18.492250295061705,0.0,486.8727964637168,86.13425307833785,97.05267952488772,41.666666666666664,12.379168306745884,191703555.20905304,95824833.33333333,10.0,1.0,7.853981633974483,20.0,2.5,98.17477042468104,8782.26155787864,9.610776124023444,9.85894800101479,50.0,12.131584940610965,2302.786376953125,426.2167428145716,5.208333333333333,0.36638087806051356,161.98924870566304
324,0.591,1.0,1,1088.5578471059441,0.0,490.345720613441,9.610776124023444,76.88620899218755,86.496985116211,1079.5517121336757,0.0,0.0,1959.4519475885286,1.0,0.0,0.0,4.072332105598435,0.0,348.93509741492744,8782.26155787864,9.610776124023444,9.85894800101479,50.0,12.131584940610965,2302.786376953125,12.131584940610965,86.13425307833785,86.13425307833785,0.0,0.0,5.208333333333333,0.36638087806051356,426.2167428145716,161.98924870566304,297.7384421213592,150.0,1.0,2.2726369395961754,0.0,1841.891450263865,490.345720613441,477.9665523066951,3279.88882223117,18.492250295061705,0.0,486.8727964637168,86.13425307833785,97.05267952488772,41.666666666666664,12.379168306745884,191703555.20905304,95824833.33333333,10.0,1.0,7.853981633974483,20.0,2.5,98.17477042468104,8782.26155787864,9.610776124023444,9.85894800101479,50.0,12.131584940610965,2302.786376953125,426.2167428145716,5.208333333333333,0.36638087806051356,161.98924870566304
325,0.616409,1.0,1,1135.3584669656987,0.0,490.345720613441,9.610776124023444,76.88620899218755,86.496985116211,1135.3584669656987,55.80675483202299,0.0,2012.4683646789504,1.0,0.0,0.0,4.072332105598435,0.0,351.1963711698256,8782.26155787864,9.610776124023444,9.85894800101479,50.0,12.131584940610965,2302.786376953125,12.131584940610965,86.13425307833785,86.13425307833785,0.0,0.0,5.208333333333333,0.36638087806051356,426.2167428145716,161.98924870566304,297.7384421213592,150.0,1.0,2.2726369395961754,0.0,1841.891450263865,490.345720613441,477.9665523066951,3279.88882223117,18.492250295061705,0.0,486.8727964637168,86.13425307833785,97.05267952488772,41.666666666666664,12.379168306745884,191703555.20905304,95824833.33333333,10.0,1.0,7.853981633974483,20.0,2.5,98.17477042468104,8782.26155787864,9.610776124023444,9.85894800101479,50.0,12.131584940610965,2302.786376953125,426.2167428145716,5.208333333333333,0.36638087806051356,161.98924870566304
326,0.626809,1.0,1,1154.5141380484429,0.0,490.345720613441,9.610776124023444,76.88620899218755,86.496985116211,1154.5141380484429,74.96242591476721,0.0,2083.6826692979794,1.0,0.0,0.0,4.072332105598435,0.0,353.4576449247238,8782.26155787864,9.610776124023444,9.85894800101479,50.0,12.131584940610965,2302.786376953125,12.131584940610965,86.13425307833785,86.13425307833785,0.0,0.0,5.208333333333333,0.36638087806051356,426.2167428145716,161.98924870566304,297.7384421213592,150.0,1.0,2.2726369395961754,0.0,1841.891450263865,490.345720613441,477.9665523066951,3279.88882223117,18.492250295061705,0.0,486.8727964637168,86.13425307833785,97.05267952488772,41.666666666666664,12.379168306745884,191703555.20905304,95824833.33333333,10.0,1.0,7.853981633974483,20.0,2.5,98.17477042468104,8782.26155787864,9.610776124023444,9.85894800101479,50.0,12.131584940610965,2302.786376953125,426.2167428145716,5.208333333333333,0.36638087806051356,161.98924870566304
327,0.627578,1.0,1,1155.9305525736959,0.0,490.345720613441,9.610776124023444,76.88620899218755,86.496985116211,1155.9305525736959,76.37884044002021,0.0,2156.2425677159986,1.0,0.0,0.0,4.072332105598435,0.0,355.71891867962177,8782.26155787864,9.610776124023444,9.85894800101479,50.0,12.131584940610965,2302.786376953125,12.131584940610965,86.13425307833785,86.13425307833785,0.0,0.0,5.208333333333333,0.36638087806051356,426.2167428145716,161.98924870566304,297.7384421213592,150.0,1.0,2.2726369395961754,0.0,1841.891450263865,490.345720613441,477.9665523066951,3279.88882223117,18.492250295061705,0.0,486.8727964637168,86.13425307833785,97.05267952488772,41.666666666666664,12.379168306745884,191703555.20905304,95824833.33333333,10.0,1.0,7.853981633974483,20.0,2.5,98.17477042468104,8782.26155787864,9.610776124023444,9.85894800101479,50.0,12.131584940610965,2302.786376953125,426.2167428145716,5.208333333333333,0.36638087806051356,161.98924870566304
328,0.6163540000000001,1.0,1,1135.2571629359343,0.0,490.345720613441,9.610776124023444,76.88620899218755,86.496985116211,1135.2571629359343,55.70545080225861,0.0,2209.1627459781444,1.0,0.0,0.0,4.072332105598435,0.0,357.98019243451995,8782.26155787864,9.610776124023444,9.85894800101479,50.0,12.131584940610965,2302.786376953125,12.131584940610965,86.13425307833785,86.13425307833785,0.0,0.0,5.208333333333333,0.36638087806051356,426.2167428145716,161.98924870566304,297.7384421213592,150.0,1.0,2.2726369395961754,0.0,1841.891450263865,490.345720613441,477.9665523066951,3279.88882223117,18.492250295061705,0.0,486.8727964637168,86.13425307833785,97.05267952488772,41.666666666666664,12.379168306745884,191703555.20905304,95824833.33333333,10.0,1.0,7.853981633974483,20.0,2.5,98.17477042468104,8782.26155787864,9.610776124023444,9.85894800101479,50.0,12.131584940610965,2302.786376953125,426.2167428145716,5.208333333333333,0.36638087806051356,161.98924870566304
329,0.586364,1.0,1,1080.018838342521,0.0,490.345720613441,9.610776124023444,76.88620899218755,86.496985116211,1079.5517121336757,0.0,0.0,2209.1627459781444,1.0,0.0,0.0,4.072332105598435,0.0,360.24146618941813,8782.26155787864,9.610776124023444,9.85894800101479,50.0,12.131584940610965,2302.786376953125,12.131584940610965,86.13425307833785,86.13425307833785,0.0,0.0,5.208333333333333,0.36638087806051356,426.2167428145716,161.98924870566304,297.7384421213592,150.0,1.0,2.2726369395961754,0.0,1841.891450263865,490.345720613441,477.9665523066951,3279.88882223117,18.492250295061705,0.0,486.8727964637168,86.13425307833785,97.05267952488772,41.666666666666664,12.379168306745884,191703555.20905304,95824833.33333333,10.0,1.0,7.853981633974483,20.0,2.5,98.17477042468104,8782.26155787864,9.610776124023444,9.85894800101479,50.0,12.131584940610965,2302.786376953125,426.2167428145716,5.208333333333333,0.36638087806051356,161.98924870566304
330,0.5455019999999999,1.0,1,1004.7554699018388,0.0,490.345720613441,9.610776124023444,76.88620899218755,86.496985116211,1079.5517121336757,0.0,74.79624223183691,2130.4298594183165,-0.0,0.0,0.0,4.072332105598435,0.0,362.5027399443163,8782.26155787864,9.610776124023444,9.85894800101479,50.0,12.131584940610965,2302.786376953125,12.131584940610965,86.13425307833785,86.13425307833785,0.0,0.0,5.208333333333333,0.36638087806051356,426.2167428145716,161.98924870566304,297.7384421213592,150.0,1.0,2.2726369395961754,0.0,1841.891450263865,490.345720613441,477.9665523066951,3279.88882223117,18.492250295061705,0.0,486.8727964637168,86.13425307833785,97.05267952488772,41.666666666666664,12.379168306745884,191703555.20905304,95824833.33333333,10.0,1.0,7.853981633974483,20.0,2.5,98.17477042468104,8782.26155787864,9.610776124023444,9.85894800101479,50.0,12.131584940610965,2302.786376953125,426.2167428145716,5.208333333333333,0.36638087806051356,161.98924870566304
331,0.507926,1.0,1,935.5445567667239,0.0,490.345720613441,9.610776124023444,76.88620899218755,86.496985116211,1079.5517121336757,0.0,144.0071553669518,1978.8433800846828,-0.0,0.0,0.0,4.072332105598435,0.0,364.7640136992145,8782.26155787864,9.610776124023444,9.85894800101479,50.0,12.131584940610965,2302.786376953125,12.131584940610965,86.13425307833785,86.13425307833785,0.0,0.0,5.208333333333333,0.36638087806051356,426.2167428145716,161.98924870566304,297.7384421213592,150.0,1.0,2.2726369395961754,0.0,1841.891450263865,490.345720613441,477.9665523066951,3279.88882223117,18.492250295061705,0.0,486.8727964637168,86.13425307833785,97.05267952488772,41.666666666666664,12.379168306745884,191703555.20905304,95824833.33333333,10.0,1.0,7.853981633974483,20.0,2.5,98.17477042468104,8782.26155787864,9.610776124023444,9.85894800101479,50.0,12.131584940610965,2302.786376953125,426.2167428145716,5.208333333333333,0.36638087806051356,161.98924870566304
332,0.480259,1.0,1,884.5849460122735,0.0,490.345720613441,9.610776124023444,76.88620899218755,86.496985116211,1079.5517121336757,0.0,194.9667661214022,1773.615205220049,-0.0,0.0,0.0,4.072332105598435,0.0,367.0252874541127,8782.26155787864,9.610776124023444,9.85894800101479,50.0,12.131584940610965,2302.786376953125,12.131584940610965,86.13425307833785,86.13425307833785,0.0,0.0,5.208333333333333,0.36638087806051356,426.2167428145716,161.98924870566304,297.7384421213592,150.0,1.0,2.2726369395961754,0.0,1841.891450263865,490.345720613441,477.9665523066951,3279.88882223117,18.492250295061705,0.0,486.8727964637168,86.13425307833785,97.05267952488772,41.666666666666664,12.379168306745884,191703555.20905304,95824833.33333333,10.0,1.0,7.853981633974483,20.0,2.5,98.17477042468104,8782.26155787864,9.610776124023444,9.85894800101479,50.0,12.131584940610965,2302.786376953125,426.2167428145716,5.208333333333333,0.36638087806051356,161.98924870566304
333,0.455491,1.0,1,838.9649785721381,0.0,490.345720613441,9.610776124023444,76.88620899218755,86.496985116211,1079.5517121336757,0.0,240.58673356153759,1520.3660119973779,-0.0,0.0,0.0,4.072332105598435,0.0,369.28656120901087,8782.26155787864,9.610776124023444,9.85894800101479,50.0,12.131584940610965,2302.786376953125,12.131584940610965,86.13425307833785,86.13425307833785,0.0,0.0,5.208333333333333,0.36638087806051356,426.2167428145716,161.98924870566304,297.7384421213592,150.0,1.0,2.2726369395961754,0.0,1841.891450263865,490.345720613441,477.9665523066951,3279.88882223117,18.492250295061705,0.0,486.8727964637168,86.13425307833785,97.05267952488772,41.666666666666664,12.379168306745884,191703555.20905304,95824833.33333333,10.0,1.0,7.853981633974483,20.0,2.5,98.17477042468104,8782.26155787864,9.610776124023444,9.85894800101479,50.0,12.131584940610965,2302.786376953125,426.2167428145716,5.208333333333333,0.36638087806051356,161.98924870566304
334,0.436751,1.0,1,804.4479327941933,0.0,490.345720613441,9.610776124023444,76.88620899218755,86.496985116211,1079.5517121336757,0.0,275.10377933948234,1230.7830863768702,-0.0,0.0,0.0,4.072332105598435,0.0,371.54783496390905,8782.26155787864,9.610776124023444,9.85894800101479,50.0,12.131584940610965,2302.786376953125,12.131584940610965,86.13425307833785,86.13425307833785,0.0,0.0,5.208333333333333,0.36638087806051356,426.2167428145716,161.98924870566304,297.7384421213592,150.0,1.0,2.2726369395961754,0.0,1841.891450263865,490.345720613441,477.9665523066951,3279.88882223117,18.492250295061705,0.0,486.8727964637168,86.13425307833785,97.05267952488772,41.666666666666664,12.379168306745884,191703555.20905304,95824833.33333333,10.0,1.0,7.853981633974483,20.0,2.5,98.17477042468104,8782.26155787864,9.610776124023444,9.85894800101479,50.0,12.131584940610965,2302.786376953125,426.2167428145716,5.208333333333333,0.36638087806051356,161.98924870566304
335,0.425984,1.0,1,784.6162875492022,0.0,490.345720613441,9.610776124023444,76.88620899218755,86.496985116211,1079.5517121336757,0.0,294.9354245844735,920.3247447090033,-0.0,0.0,0.0,4.072332105598435,0.0,373.8091087188069,8782.26155787864,9.610776124023444,9.85894800101479,50.0,12.131584940610965,2302.786376953125,12.131584940610965,86.13425307833785,86.13425307833785,0.0,0.0,5.208333333333333,0.36638087806051356,426.2167428145716,161.98924870566304,297.7384421213592,150.0,1.0,2.2726369395961754,0.0,1841.891450263865,490.345720613441,477.9665523066951,3279.88882223117,18.492250295061705,0.0,486.8727964637168,86.13425307833785,97.05267952488772,41.666666666666664,12.379168306745884,191703555.20905304,95824833.33333333,10.0,1.0,7.853981633974483,20.0,2.5,98.17477042468104,8782.26155787864,9.610776124023444,9.85894800101479,50.0,12.131584940610965,2302.786376953125,426.2167428145716,5.208333333333333,0.36638087806051356,161.98924870566304
336,0.489574,1.0,1,901.7421648714815,0.0,490.345720613441,9.610776124023444,76.88620899218755,86.496985116211,1079.5517121336757,0.0,177.8095472621942,733.1568002224831,-0.0,0.0,0.0,4.072332105598435,0.0,376.0703824737051,8782.26155787864,9.610776124023444,9.85894800101479,50.0,12.131584940610965,2302.786376953125,12.131584940610965,86.13425307833785,86.13425307833785,0.0,0.0,5.208333333333333,0.36638087806051356,426.2167428145716,161.98924870566304,297.7384421213592,150.0,1.0,2.2726369395961754,0.0,1841.891450263865,490.345720613441,477.9665523066951,3279.88882223117,18.492250295061705,0.0,486.8727964637168,86.13425307833785,97.05267952488772,41.666666666666664,12.379168306745884,191703555.20905304,95824833.33333333,10.0,1.0,7.853981633974483,20.0,2.5,98.17477042468104,8782.26155787864,9.610776124023444,9.85894800101479,50.0,12.131584940610965,2302.786376953125,426.2167428145716,5.208333333333333,0.36638087806051356,161.98924870566304
337,0.514301,1.0,1,947.286614762156,0.0,490.345720613441,9.610776124023444,76.88620899218755,86.496985116211,1079.5517121336757,0.0,132.2650973715197,593.9303819366729,-0.0,0.0,0.0,4.072332105598435,0.0,378.33165622860326,8782.26155787864,9.610776124023444,9.85894800101479,50.0,12.131584940610965,2302.786376953125,12.131584940610965,86.13425307833785,86.13425307833785,0.0,0.0,5.208333333333333,0.36638087806051356,426.2167428145716,161.98924870566304,297.7384421213592,150.0,1.0,2.2726369395961754,0.0,1841.891450263865,490.345720613441,477.9665523066951,3279.88882223117,18.492250295061705,0.0,486.8727964637168,86.13425307833785,97.05267952488772,41.666666666666664,12.379168306745884,191703555.20905304,95824833.33333333,10.0,1.0,7.853981633974483,20.0,2.5,98.17477042468104,8782.26155787864,9.610776124023444,9.85894800101479,50.0,12.131584940610965,2302.786376953125,426.2167428145716,5.208333333333333,0.36638087806051356,161.98924870566304
338,0.535366,1.0,1,986.0860581619644,0.0,490.345720613441,9.610776124023444,76.88620899218755,86.496985116211,1079.5517121336757,0.0,93.46565397171128,495.54548301908204,-0.0,0.0,0.0,4.072332105598435,0.0,380.59292998350145,8782.26155787864,9.610776124023444,9.85894800101479,50.0,12.131584940610965,2302.786376953125,12.131584940610965,86.13425307833785,86.13425307833785,0.0,0.0,5.208333333333333,0.36638087806051356,426.2167428145716,161.98924870566304,297.7384421213592,150.0,1.0,2.2726369395961754,0.0,1841.891450263865,490.345720613441,477.9665523066951,3279.88882223117,18.492250295061705,0.0,486.8727964637168,86.13425307833785,97.05267952488772,41.666666666666664,12.379168306745884,191703555.20905304,95824833.33333333,10.0,1.0,7.853981633974483,20.0,2.5,98.17477042468104,8782.26155787864,9.610776124023444,9.85894800101479,50.0,12.131584940610965,2302.786376953125,426.2167428145716,5.208333333333333,0.36638087806051356,161.98924870566304
339,0.521639,1.0,1,960.8024142241921,0.0,490.345720613441,9.610776124023444,76.88620899218755,86.496985116211,1079.5517121336757,0.0,118.74929790948352,370.546222061731,-0.0,0.0,0.0,4.072332105598435,0.0,382.85420373839963,8782.26155787864,9.610776124023444,9.85894800101479,50.0,12.131584940610965,2302.786376953125,12.131584940610965,86.13425307833785,86.13425307833785,0.0,0.0,5.208333333333333,0.36638087806051356,426.2167428145716,161.98924870566304,297.7384421213592,150.0,1.0,2.2726369395961754,0.0,1841.891450263865,490.345720613441,477.9665523066951,3279.88882223117,18.492250295061705,0.0,486.8727964637168,86.13425307833785,97.05267952488772,41.666666666666664,12.379168306745884,191703555.20905304,95824833.33333333,10.0,1.0,7.853981633974483,20.0,2.5,98.17477042468104,8782.26155787864,9.610776124023444,9.85894800101479,50.0,12.131584940610965,2302.786376953125,426.2167428145716,5.208333333333333,0.36638087806051356,161.98924870566304
340,0.5045299999999999,1.0,1,929.2894934016276,0.0,490.345720613441,9.610776124023444,76.88620899218755,86.496985116211,1079.5517121336757,0.0,150.26221873204804,212.37546550168045,-0.0,0.0,0.0,4.072332105598435,0.0,385.1154774932978,8782.26155787864,9.610776124023444,9.85894800101479,50.0,12.131584940610965,2302.786376953125,12.131584940610965,86.13425307833785,86.13425307833785,0.0,0.0,5.208333333333333,0.36638087806051356,426.2167428145716,161.98924870566304,297.7384421213592,150.0,1.0,2.2726369395961754,0.0,1841.891450263865,490.345720613441,477.9665523066951,3279.88882223117,18.492250295061705,0.0,486.8727964637168,86.13425307833785,97.05267952488772,41.666666666666664,12.379168306745884,191703555.20905304,95824833.33333333,10.0,1.0,7.853981633974483,20.0,2.5,98.17477042468104,8782.26155787864,9.610776124023444,9.85894800101479,50.0,12.131584940610965,2302.786376953125,426.2167428145716,5.208333333333333,0.36638087806051356,161.98924870566304
341,0.511459,1.0,1,942.0519592605061,0.0,490.345720613441,9.610776124023444,76.88620899218755,86.496985116211,1079.5517121336757,0.0,137.49975287316954,67.63888352992305,-0.0,0.0,0.0,4.072332105598435,0.0,387.376751248196,8782.26155787864,9.610776124023444,9.85894800101479,50.0,12.131584940610965,2302.786376953125,12.131584940610965,86.13425307833785,86.13425307833785,0.0,0.0,5.208333333333333,0.36638087806051356,426.2167428145716,161.98924870566304,297.7384421213592,150.0,1.0,2.2726369395961754,0.0,1841.891450263865,490.345720613441,477.9665523066951,3279.88882223117,18.492250295061705,0.0,486.8727964637168,86.13425307833785,97.05267952488772,41.666666666666664,12.379168306745884,191703555.20905304,95824833.33333333,10.0,1.0,7.853981633974483,20.0,2.5,98.17477042468104,8782.26155787864,9.610776124023444,9.85894800101479,50.0,12.131584940610965,2302.786376953125,426.2167428145716,5.208333333333333,0.36638087806051356,161.98924870566304
342,0.551224,1.0,1,1015.2947727802488,0.0,490.345720613441,9.610776124023444,76.88620899218755,86.496985116211,1079.5517121336757,0.0,64.2569393534269,0.0,-0.0,0.0,0.0,4.072332105598435,0.0,389.6380250030942,8782.26155787864,9.610776124023444,9.85894800101479,50.0,12.131584940610965,2302.786376953125,12.131584940610965,86.13425307833785,86.13425307833785,0.0,0.0,5.208333333333333,0.36638087806051356,426.2167428145716,161.98924870566304,297.7384421213592,150.0,1.0,2.2726369395961754,0.0,1841.891450263865,490.345720613441,477.9665523066951,3279.88882223117,18.492250295061705,0.0,486.8727964637168,86.13425307833785,97.05267952488772,41.666666666666664,12.379168306745884,191703555.20905304,95824833.33333333,10.0,1.0,7.853981633974483,20.0,2.5,98.17477042468104,8782.26155787864,9.610776124023444,9.85894800101479,50.0,12.131584940610965,2302.786376953125,426.2167428145716,5.208333333333333,0.36638087806051356,161.98924870566304
343,0.623417,1.0,1,1148.266442249148,0.0,490.345720613441,9.610776124023444,76.88620899218755,86.496985116211,1148.266442249148,68.71473011547232,0.0,65.2789936096987,1.0,0.0,0.0,4.072332105598435,0.0,391.8992987579924,8782.26155787864,9.610776124023444,9.85894800101479,50.0,12.131584940610965,2302.786376953125,12.131584940610965,86.13425307833785,86.13425307833785,0.0,0.0,5.208333333333333,0.36638087806051356,426.2167428145716,161.98924870566304,297.7384421213592,150.0,1.0,2.2726369395961754,0.0,1841.891450263865,490.345720613441,477.9665523066951,3279.88882223117,18.492250295061705,0.0,486.8727964637168,86.13425307833785,97.05267952488772,41.666666666666664,12.379168306745884,191703555.20905304,95824833.33333333,10.0,1.0,7.853981633974483,20.0,2.5,98.17477042468104,8782.26155787864,9.610776124023444,9.85894800101479,50.0,12.131584940610965,2302.786376953125,426.2167428145716,5.208333333333333,0.36638087806051356,161.98924870566304
344,0.675791,1.0,1,1244.7336650652676,0.0,490.345720613441,9.610776124023444,76.88620899218755,86.496985116211,1244.7336650652678,165.18195293159204,0.0,222.20184889471108,1.0,0.0,0.0,4.072332105598435,0.0,394.1605725128906,8782.26155787864,9.610776124023444,9.85894800101479,50.0,12.131584940610965,2302.786376953125,12.131584940610965,86.13425307833785,86.13425307833785,0.0,0.0,5.208333333333333,0.36638087806051356,426.2167428145716,161.98924870566304,297.7384421213592,150.0,1.0,2.2726369395961754,0.0,1841.891450263865,490.345720613441,477.9665523066951,3279.88882223117,18.492250295061705,0.0,486.8727964637168,86.13425307833785,97.05267952488772,41.666666666666664,12.379168306745884,191703555.20905304,95824833.33333333,10.0,1.0,7.853981633974483,20.0,2.5,98.17477042468104,8782.26155787864,9.610776124023444,9.85894800101479,50.0,12.131584940610965,2302.786376953125,426.2167428145716,5.208333333333333,0.36638087806051356,161.98924870566304
345,0.7012229999999999,1.0,1,1291.5766484283781,0.0,490.345720613441,9.610776124023444,76.88620899218755,86.496985116211,1291.5766484283781,212.02493629470234,0.0,423.6255383746783,1.0,0.0,0.0,4.072332105598435,0.0,396.4218462677888,8782.26155787864,9.610776124023444,9.85894800101479,50.0,12.131584940610965,2302.786376953125,12.131584940610965,86.13425307833785,86.13425307833785,0.0,0.0,5.208333333333333,0.36638087806051356,426.2167428145716,161.98924870566304,297.7384421213592,150.0,1.0,2.2726369395961754,0.0,1841.891450263865,490.345720613441,477.9665523066951,3279.88882223117,18.492250295061705,0.0,486.8727964637168,86.13425307833785,97.05267952488772,41.666666666666664,12.379168306745884,191703555.20905304,95824833.33333333,10.0,1.0,7.853981633974483,20.0,2.5,98.17477042468104,8782.26155787864,9.610776124023444,9.85894800101479,50.0,12.131584940610965,2302.786376953125,426.2167428145716,5.208333333333333,0.36638087806051356,161.98924870566304
346,0.676667,1.0,1,1246.3471619756988,0.0,490.345720613441,9.610776124023444,76.88620899218755,86.496985116211,1246.3471619756988,166.795449842023,0.0,582.0812157246002,1.0,0.0,0.0,4.072332105598435,0.0,398.683120022687,8782.26155787864,9.610776124023444,9.85894800101479,50.0,12.131584940610965,2302.786376953125,12.131584940610965,86.13425307833785,86.13425307833785,0.0,0.0,5.208333333333333,0.36638087806051356,426.2167428145716,161.98924870566304,297.7384421213592,150.0,1.0,2.2726369395961754,0.0,1841.891450263865,490.345720613441,477.9665523066951,3279.88882223117,18.492250295061705,0.0,486.8727964637168,86.13425307833785,97.05267952488772,41.666666666666664,12.379168306745884,191703555.20905304,95824833.33333333,10.0,1.0,7.853981633974483,20.0,2.5,98.17477042468104,8782.26155787864,9.610776124023444,9.85894800101479,50.0,12.131584940610965,2302.786376953125,426.2167428145716,5.208333333333333,0.36638087806051356,161.98924870566304
347,0.64408,1.0,1,1186.32544528595,0.0,490.345720613441,9.610776124023444,76.88620899218755,86.496985116211,1079.5517121336757,0.0,0.0,582.0812157246002,1.0,0.0,0.0,4.072332105598435,0.0,400.9443937775852,8782.26155787864,9.610776124023444,9.85894800101479,50.0,12.131584940610965,2302.786376953125,12.131584940610965,86.13425307833785,86.13425307833785,0.0,0.0,5.208333333333333,0.36638087806051356,426.2167428145716,161.98924870566304,297.7384421213592,150.0,1.0,2.2726369395961754,0.0,1841.891450263865,490.345720613441,477.9665523066951,3279.88882223117,18.492250295061705,0.0,486.8727964637168,86.13425307833785,97.05267952488772,41.666666666666664,12.379168306745884,191703555.20905304,95824833.33333333,10.0,1.0,7.853981633974483,20.0,2.5,98.17477042468104,8782.26155787864,9.610776124023444,9.85894800101479,50.0,12.131584940610965,2302.786376953125,426.2167428145716,5.208333333333333,0.36638087806051356,161.98924870566304
348,0.639816,1.0,1,1178.4716201420251,0.0,490.345720613441,9.610776124023444,76.88620899218755,86.496985116211,1178.4716201420251,98.91990800834947,0.0,676.0551283325324,1.0,0.0,0.0,4.072332105598435,0.0,403.2056675324834,8782.26155787864,9.610776124023444,9.85894800101479,50.0,12.131584940610965,2302.786376953125,12.131584940610965,86.13425307833785,86.13425307833785,0.0,0.0,5.208333333333333,0.36638087806051356,426.2167428145716,161.98924870566304,297.7384421213592,150.0,1.0,2.2726369395961754,0.0,1841.891450263865,490.345720613441,477.9665523066951,3279.88882223117,18.492250295061705,0.0,486.8727964637168,86.13425307833785,97.05267952488772,41.666666666666664,12.379168306745884,191703555.20905304,95824833.33333333,10.0,1.0,7.853981633974483,20.0,2.5,98.17477042468104,8782.26155787864,9.610776124023444,9.85894800101479,50.0,12.131584940610965,2302.786376953125,426.2167428145716,5.208333333333333,0.36638087806051356,161.98924870566304
349,0.687842,1.0,1,1266.9302989323974,0.0,490.345720613441,9.610776124023444,76.88620899218755,86.496985116211,1266.9302989323974,187.37858679872159,0.0,854.0647857913178,1.0,0.0,0.0,4.072332105598435,0.0,405.4669412873816,8782.26155787864,9.610776124023444,9.85894800101479,50.0,12.131584940610965,2302.786376953125,12.131584940610965,86.13425307833785,86.13425307833785,0.0,0.0,5.208333333333333,0.36638087806051356,426.2167428145716,161.98924870566304,297.7384421213592,150.0,1.0,2.2726369395961754,0.0,1841.891450263865,490.345720613441,477.9665523066951,3279.88882223117,18.492250295061705,0.0,486.8727964637168,86.13425307833785,97.05267952488772,41.666666666666664,12.379168306745884,191703555.20905304,95824833.33333333,10.0,1.0,7.853981633974483,20.0,2.5,98.17477042468104,8782.26155787864,9.610776124023444,9.85894800101479,50.0,12.131584940610965,2302.786376953125,426.2167428145716,5.208333333333333,0.36638087806051356,161.98924870566304
350,0.731135,1.0,1,1346.671305488671,0.0,490.345720613441,9.610776124023444,76.88620899218755,86.496985116211,1346.671305488671,267.1195933549951,0.0,1107.8283994785631,1.0,0.0,0.0,4.072332105598435,0.0,407.72821504227977,8782.26155787864,9.610776124023444,9.85894800101479,50.0,12.131584940610965,2302.786376953125,12.131584940610965,86.13425307833785,86.13425307833785,0.0,0.0,5.208333333333333,0.36638087806051356,426.2167428145716,161.98924870566304,297.7384421213592,150.0,1.0,2.2726369395961754,0.0,1841.891450263865,490.345720613441,477.9665523066951,3279.88882223117,18.492250295061705,0.0,486.8727964637168,86.13425307833785,97.05267952488772,41.666666666666664,12.379168306745884,191703555.20905304,95824833.33333333,10.0,1.0,7.853981633974483,20.0,2.5,98.17477042468104,8782.26155787864,9.610776124023444,9.85894800101479,50.0,12.131584940610965,2302.786376953125,426.2167428145716,5.208333333333333,0.36638087806051356,161.98924870566304
351,0.750484,1.0,1,1382.3100631598265,0.0,490.345720613441,9.610776124023444,76.88620899218755,86.496985116211,1079.5517121336757,0.0,0.0,1107.8283994785631,1.0,0.0,0.0,4.072332105598435,0.0,409.989488797178,8782.26155787864,9.610776124023444,9.85894800101479,50.0,12.131584940610965,2302.786376953125,12.131584940610965,86.13425307833785,86.13425307833785,0.0,0.0,5.208333333333333,0.36638087806051356,426.2167428145716,161.98924870566304,297.7384421213592,150.0,1.0,2.2726369395961754,0.0,1841.891450263865,490.345720613441,477.9665523066951,3279.88882223117,18.492250295061705,0.0,486.8727964637168,86.13425307833785,97.05267952488772,41.666666666666664,12.379168306745884,191703555.20905304,95824833.33333333,10.0,1.0,7.853981633974483,20.0,2.5,98.17477042468104,8782.26155787864,9.610776124023444,9.85894800101479,50.0,12.131584940610965,2302.786376953125,426.2167428145716,5.208333333333333,0.36638087806051356,161.98924870566304
352,0.716519,1.0,1,1319.7502200516142,0.0,490.345720613441,9.610776124023444,76.88620899218755,86.496985116211,1319.7502200516142,240.1985079179384,0.0,1336.0169820006047,1.0,0.0,0.0,4.072332105598435,0.0,412.2507625520762,8782.26155787864,9.610776124023444,9.85894800101479,50.0,12.131584940610965,2302.786376953125,12.131584940610965,86.13425307833785,86.13425307833785,0.0,0.0,5.208333333333333,0.36638087806051356,426.2167428145716,161.98924870566304,297.7384421213592,150.0,1.0,2.2726369395961754,0.0,1841.891450263865,490.345720613441,477.9665523066951,3279.88882223117,18.492250295061705,0.0,486.8727964637168,86.13425307833785,97.05267952488772,41.666666666666664,12.379168306745884,191703555.20905304,95824833.33333333,10.0,1.0,7.853981633974483,20.0,2.5,98.17477042468104,8782.26155787864,9.610776124023444,9.85894800101479,50.0,12.131584940610965,2302.786376953125,426.2167428145716,5.208333333333333,0.36638087806051356,161.98924870566304
353,0.676689,1.0,1,1246.3876835876044,0.0,490.345720613441,9.610776124023444,76.88620899218755,86.496985116211,1246.3876835876044,166.83597145392866,0.0,1494.511154881837,1.0,0.0,0.0,4.072332105598435,0.0,414.5120363069744,8782.26155787864,9.610776124023444,9.85894800101479,50.0,12.131584940610965,2302.786376953125,12.131584940610965,86.13425307833785,86.13425307833785,0.0,0.0,5.208333333333333,0.36638087806051356,426.2167428145716,161.98924870566304,297.7384421213592,150.0,1.0,2.2726369395961754,0.0,1841.891450263865,490.345720613441,477.9665523066951,3279.88882223117,18.492250295061705,0.0,486.8727964637168,86.13425307833785,97.05267952488772,41.666666666666664,12.379168306745884,191703555.20905304,95824833.33333333,10.0,1.0,7.853981633974483,20.0,2.5,98.17477042468104,8782.26155787864,9.610776124023444,9.85894800101479,50.0,12.131584940610965,2302.786376953125,426.2167428145716,5.208333333333333,0.36638087806051356,161.98924870566304
354,0.632562,1.0,1,1165.1105395618108,0.0,490.345720613441,9.610776124023444,76.88620899218755,86.496985116211,1165.1105395618108,85.55882742813515,0.0,1575.7920409385654,1.0,0.0,0.0,4.072332105598435,0.0,416.77331006187256,8782.26155787864,9.610776124023444,9.85894800101479,50.0,12.131584940610965,2302.786376953125,12.131584940610965,86.13425307833785,86.13425307833785,0.0,0.0,5.208333333333333,0.36638087806051356,426.2167428145716,161.98924870566304,297.7384421213592,150.0,1.0,2.2726369395961754,0.0,1841.891450263865,490.345720613441,477.9665523066951,3279.88882223117,18.492250295061705,0.0,486.8727964637168,86.13425307833785,97.05267952488772,41.666666666666664,12.379168306745884,191703555.20905304,95824833.33333333,10.0,1.0,7.853981633974483,20.0,2.5,98.17477042468104,8782.26155787864,9.610776124023444,9.85894800101479,50.0,12.131584940610965,2302.786376953125,426.2167428145716,5.208333333333333,0.36638087806051356,161.98924870566304
355,0.586743,1.0,1,1080.7169152021709,0.0,490.345720613441,9.610776124023444,76.88620899218755,86.496985116211,1079.5517121336757,0.0,0.0,1575.7920409385654,1.0,0.0,0.0,4.072332105598435,0.0,419.03458381677075,8782.26155787864,9.610776124023444,9.85894800101479,50.0,12.131584940610965,2302.786376953125,12.131584940610965,86.13425307833785,86.13425307833785,0.0,0.0,5.208333333333333,0.36638087806051356,426.2167428145716,161.98924870566304,297.7384421213592,150.0,1.0,2.2726369395961754,0.0,1841.891450263865,490.345720613441,477.9665523066951,3279.88882223117,18.492250295061705,0.0,486.8727964637168,86.13425307833785,97.05267952488772,41.666666666666664,12.379168306745884,191703555.20905304,95824833.33333333,10.0,1.0,7.853981633974483,20.0,2.5,98.17477042468104,8782.26155787864,9.610776124023444,9.85894800101479,50.0,12.131584940610965,2302.786376953125,426.2167428145716,5.208333333333333,0.36638087806051356,161.98924870566304
356,0.55836,1.0,1,1028.4385101693315,0.0,490.345720613441,9.610776124023444,76.88620899218755,86.496985116211,1079.5517121336757,0.0,383.3393608186142,1172.2769242873926,-0.0,0.0,0.0,4.072332105598435,0.0,421.29585757166893,8782.26155787864,9.610776124023444,9.85894800101479,50.0,12.131584940610965,2302.786376953125,12.131584940610965,86.13425307833785,86.13425307833785,0.0,0.0,5.208333333333333,0.36638087806051356,426.2167428145716,161.98924870566304,297.7384421213592,150.0,1.0,2.2726369395961754,0.0,1841.891450263865,490.345720613441,477.9665523066951,3279.88882223117,18.492250295061705,0.0,486.8727964637168,86.13425307833785,97.05267952488772,41.666666666666664,12.379168306745884,191703555.20905304,95824833.33333333,10.0,1.0,7.853981633974483,20.0,2.5,98.17477042468104,8782.26155787864,9.610776124023444,9.85894800101479,50.0,12.131584940610965,2302.786376953125,426.2167428145716,5.208333333333333,0.36638087806051356,161.98924870566304
357,0.566232,1.0,1,1042.9378796658086,0.0,490.345720613441,9.610776124023444,76.88620899218755,86.496985116211,1079.5517121336757,0.0,36.61383246786704,1133.7360480054274,1.0,0.0,0.0,4.072332105598435,0.0,423.5571313265671,8782.26155787864,9.610776124023444,9.85894800101479,50.0,12.131584940610965,2302.786376953125,12.131584940610965,86.13425307833785,86.13425307833785,0.0,0.0,5.208333333333333,0.36638087806051356,426.2167428145716,161.98924870566304,297.7384421213592,150.0,1.0,2.2726369395961754,0.0,1841.891450263865,490.345720613441,477.9665523066951,3279.88882223117,18.492250295061705,0.0,486.8727964637168,86.13425307833785,97.05267952488772,41.666666666666664,12.379168306745884,191703555.20905304,95824833.33333333,10.0,1.0,7.853981633974483,20.0,2.5,98.17477042468104,8782.26155787864,9.610776124023444,9.85894800101479,50.0,12.131584940610965,2302.786376953125,426.2167428145716,5.208333333333333,0.36638087806051356,161.98924870566304
358,0.5871069999999999,1.0,1,1081.3873636900669,0.0,490.345720613441,9.610776124023444,76.88620899218755,86.496985116211,1079.5517121336757,0.0,0.0,1133.7360480054274,1.0,0.0,0.0,4.072332105598435,0.0,425.8184050814653,8782.26155787864,9.610776124023444,9.85894800101479,50.0,12.131584940610965,2302.786376953125,12.131584940610965,86.13425307833785,86.13425307833785,0.0,0.0,5.208333333333333,0.36638087806051356,426.2167428145716,161.98924870566304,297.7384421213592,150.0,1.0,2.2726369395961754,0.0,1841.891450263865,490.345720613441,477.9665523066951,3279.88882223117,18.492250295061705,0.0,486.8727964637168,86.13425307833785,97.05267952488772,41.666666666666664,12.379168306745884,191703555.20905304,95824833.33333333,10.0,1.0,7.853981633974483,20.0,2.5,98.17477042468104,8782.26155787864,9.610776124023444,9.85894800101479,50.0,12.131584940610965,2302.786376953125,426.2167428145716,5.208333333333333,0.36638087806051356,161.98924870566304
359,0.613563,1.0,1,1130.1164438982478,0.0,490.345720613441,9.610776124023444,76.88620899218755,86.496985116211,1130.1164438982478,50.564731764572116,0.0,1181.772543181771,1.0,0.0,0.0,4.072332105598435,0.0,428.07967883636354,8782.26155787864,9.610776124023444,9.85894800101479,50.0,12.131584940610965,2302.786376953125,12.131584940610965,86.13425307833785,86.13425307833785,0.0,0.0,5.208333333333333,0.36638087806051356,426.2167428145716,161.98924870566304,297.7384421213592,150.0,1.0,2.2726369395961754,0.0,1841.891450263865,490.345720613441,477.9665523066951,3279.88882223117,18.492250295061705,0.0,486.8727964637168,86.13425307833785,97.05267952488772,41.666666666666664,12.379168306745884,191703555.20905304,95824833.33333333,10.0,1.0,7.853981633974483,20.0,2.5,98.17477042468104,8782.26155787864,9.610776124023444,9.85894800101479,50.0,12.131584940610965,2302.786376953125,426.2167428145716,5.208333333333333,0.36638087806051356,161.98924870566304
360,0.590773,1.0,1,1088.1397377467342,0.0,490.345720613441,9.610776124023444,76.88620899218755,86.496985116211,1079.5517121336757,0.0,0.0,1181.772543181771,1.0,0.0,0.0,4.072332105598435,0.0,430.3409525912617,8782.26155787864,9.610776124023444,9.85894800101479,50.0,12.131584940610965,2302.786376953125,12.131584940610965,86.13425307833785,86.13425307833785,0.0,0.0,5.208333333333333,0.36638087806051356,426.2167428145716,161.98924870566304,297.7384421213592,150.0,1.0,2.2726369395961754,0.0,1841.891450263865,490.345720613441,477.9665523066951,3279.88882223117,18.492250295061705,0.0,486.8727964637168,86.13425307833785,97.05267952488772,41.666666666666664,12.379168306745884,191703555.20905304,95824833.33333333,10.0,1.0,7.853981633974483,20.0,2.5,98.17477042468104,8782.26155787864,9.610776124023444,9.85894800101479,50.0,12.131584940610965,2302.786376953125,426.2167428145716,5.208333333333333,0.36638087806051356,161.98924870566304
361,0.551622,1.0,1,1016.0278455774536,0.0,490.345720613441,9.610776124023444,76.88620899218755,86.496985116211,1079.5517121336757,0.0,63.52386655622206,1114.905315227853,-0.0,0.0,0.0,4.072332105598435,0.0,432.6022263461599,8782.26155787864,9.610776124023444,9.85894800101479,50.0,12.131584940610965,2302.786376953125,12.131584940610965,86.13425307833785,86.13425307833785,0.0,0.0,5.208333333333333,0.36638087806051356,426.2167428145716,161.98924870566304,297.7384421213592,150.0,1.0,2.2726369395961754,0.0,1841.891450263865,490.345720613441,477.9665523066951,3279.88882223117,18.492250295061705,0.0,486.8727964637168,86.13425307833785,97.05267952488772,41.666666666666664,12.379168306745884,191703555.20905304,95824833.33333333,10.0,1.0,7.853981633974483,20.0,2.5,98.17477042468104,8782.26155787864,9.610776124023444,9.85894800101479,50.0,12.131584940610965,2302.786376953125,426.2167428145716,5.208333333333333,0.36638087806051356,161.98924870566304
362,0.518664,1.0,1,955.3227871596573,0.0,490.345720613441,9.610776124023444,76.88620899218755,86.496985116211,1079.5517121336757,0.0,124.22892497401835,984.1380257815179,-0.0,0.0,0.0,4.072332105598435,0.0,434.8635001010581,8782.26155787864,9.610776124023444,9.85894800101479,50.0,12.131584940610965,2302.786376953125,12.131584940610965,86.13425307833785,86.13425307833785,0.0,0.0,5.208333333333333,0.36638087806051356,426.2167428145716,161.98924870566304,297.7384421213592,150.0,1.0,2.2726369395961754,0.0,1841.891450263865,490.345720613441,477.9665523066951,3279.88882223117,18.492250295061705,0.0,486.8727964637168,86.13425307833785,97.05267952488772,41.666666666666664,12.379168306745884,191703555.20905304,95824833.33333333,10.0,1.0,7.853981633974483,20.0,2.5,98.17477042468104,8782.26155787864,9.610776124023444,9.85894800101479,50.0,12.131584940610965,2302.786376953125,426.2167428145716,5.208333333333333,0.36638087806051356,161.98924870566304
363,0.477519,1.0,1,879.5381634385506,0.0,490.345720613441,9.610776124023444,76.88620899218755,86.496985116211,1079.5517121336757,0.0,200.0135486951251,773.597448207702,-0.0,0.0,0.0,4.072332105598435,0.0,437.12477385595633,8782.26155787864,9.610776124023444,9.85894800101479,50.0,12.131584940610965,2302.786376953125,12.131584940610965,86.13425307833785,86.13425307833785,0.0,0.0,5.208333333333333,0.36638087806051356,426.2167428145716,161.98924870566304,297.7384421213592,150.0,1.0,2.2726369395961754,0.0,1841.891450263865,490.345720613441,477.9665523066951,3279.88882223117,18.492250295061705,0.0,486.8727964637168,86.13425307833785,97.05267952488772,41.666666666666664,12.379168306745884,191703555.20905304,95824833.33333333,10.0,1.0,7.853981633974483,20.0,2.5,98.17477042468104,8782.26155787864,9.610776124023444,9.85894800101479,50.0,12.131584940610965,2302.786376953125,426.2167428145716,5.208333333333333,0.36638087806051356,161.98924870566304
364,0.451924,1.0,1,832.3949517690469,0.0,490.345720613441,9.610776124023444,76.88620899218755,86.496985116211,1079.5517121336757,0.0,247.15676036462878,513.4324372975664,-0.0,0.0,0.0,4.072332105598435,0.0,439.3860476108545,8782.26155787864,9.610776124023444,9.85894800101479,50.0,12.131584940610965,2302.786376953125,12.131584940610965,86.13425307833785,86.13425307833785,0.0,0.0,5.208333333333333,0.36638087806051356,426.2167428145716,161.98924870566304,297.7384421213592,150.0,1.0,2.2726369395961754,0.0,1841.891450263865,490.345720613441,477.9665523066951,3279.88882223117,18.492250295061705,0.0,486.8727964637168,86.13425307833785,97.05267952488772,41.666666666666664,12.379168306745884,191703555.20905304,95824833.33333333,10.0,1.0,7.853981633974483,20.0,2.5,98.17477042468104,8782.26155787864,9.610776124023444,9.85894800101479,50.0,12.131584940610965,2302.786376953125,426.2167428145716,5.208333333333333,0.36638087806051356,161.98924870566304
365,0.472961,1.0,1,871.1428222082478,0.0,490.345720613441,9.610776124023444,76.88620899218755,86.496985116211,1079.5517121336757,0.0,208.40888992542784,294.054658428695,-0.0,0.0,0.0,4.072332105598435,0.0,441.6473213657527,8782.26155787864,9.610776124023444,9.85894800101479,50.0,12.131584940610965,2302.786376953125,12.131584940610965,86.13425307833785,86.13425307833785,0.0,0.0,5.208333333333333,0.36638087806051356,426.2167428145716,161.98924870566304,297.7384421213592,150.0,1.0,2.2726369395961754,0.0,1841.891450263865,490.345720613441,477.9665523066951,3279.88882223117,18.492250295061705,0.0,486.8727964637168,86.13425307833785,97.05267952488772,41.666666666666664,12.379168306745884,191703555.20905304,95824833.33333333,10.0,1.0,7.853981633974483,20.0,2.5,98.17477042468104,8782.26155787864,9.610776124023444,9.85894800101479,50.0,12.131584940610965,2302.786376953125,426.2167428145716,5.208333333333333,0.36638087806051356,161.98924870566304
366,0.550591,1.0,1,1014.1288554922318,0.0,490.345720613441,9.610776124023444,76.88620899218755,86.496985116211,1079.5517121336757,0.0,65.4228566414439,225.1884935429646,-0.0,0.0,0.0,4.072332105598435,0.0,443.9085951206509,8782.26155787864,9.610776124023444,9.85894800101479,50.0,12.131584940610965,2302.786376953125,12.131584940610965,86.13425307833785,86.13425307833785,0.0,0.0,5.208333333333333,0.36638087806051356,426.2167428145716,161.98924870566304,297.7384421213592,150.0,1.0,2.2726369395961754,0.0,1841.891450263865,490.345720613441,477.9665523066951,3279.88882223117,18.492250295061705,0.0,486.8727964637168,86.13425307833785,97.05267952488772,41.666666666666664,12.379168306745884,191703555.20905304,95824833.33333333,10.0,1.0,7.853981633974483,20.0,2.5,98.17477042468104,8782.26155787864,9.610776124023444,9.85894800101479,50.0,12.131584940610965,2302.786376953125,426.2167428145716,5.208333333333333,0.36638087806051356,161.98924870566304
367,0.650632,1.0,1,1198.393518068079,0.0,490.345720613441,9.610776124023444,76.88620899218755,86.496985116211,1198.3935180680792,118.8418059344034,0.0,338.0882091806478,1.0,0.0,0.0,4.072332105598435,0.0,446.1698688755491,8782.26155787864,9.610776124023444,9.85894800101479,50.0,12.131584940610965,2302.786376953125,12.131584940610965,86.13425307833785,86.13425307833785,0.0,0.0,5.208333333333333,0.36638087806051356,426.2167428145716,161.98924870566304,297.7384421213592,150.0,1.0,2.2726369395961754,0.0,1841.891450263865,490.345720613441,477.9665523066951,3279.88882223117,18.492250295061705,0.0,486.8727964637168,86.13425307833785,97.05267952488772,41.666666666666664,12.379168306745884,191703555.20905304,95824833.33333333,10.0,1.0,7.853981633974483,20.0,2.5,98.17477042468104,8782.26155787864,9.610776124023444,9.85894800101479,50.0,12.131584940610965,2302.786376953125,426.2167428145716,5.208333333333333,0.36638087806051356,161.98924870566304
368,0.752424,1.0,1,1385.8833325733383,0.0,490.345720613441,9.610776124023444,76.88620899218755,86.496985116211,1079.5517121336757,0.0,0.0,338.0882091806478,1.0,0.0,0.0,4.072332105598435,0.0,448.4311426304473,8782.26155787864,9.610776124023444,9.85894800101479,50.0,12.131584940610965,2302.786376953125,12.131584940610965,86.13425307833785,86.13425307833785,0.0,0.0,5.208333333333333,0.36638087806051356,426.2167428145716,161.98924870566304,297.7384421213592,150.0,1.0,2.2726369395961754,0.0,1841.891450263865,490.345720613441,477.9665523066951,3279.88882223117,18.492250295061705,0.0,486.8727964637168,86.13425307833785,97.05267952488772,41.666666666666664,12.379168306745884,191703555.20905304,95824833.33333333,10.0,1.0,7.853981633974483,20.0,2.5,98.17477042468104,8782.26155787864,9.610776124023444,9.85894800101479,50.0,12.131584940610965,2302.786376953125,426.2167428145716,5.208333333333333,0.36638087806051356,161.98924870566304
369,0.825673,1.0,1,1520.8000394137161,0.0,490.345720613441,9.610776124023444,76.88620899218755,86.496985116211,1520.8000394137161,441.24832728004037,0.0,757.2741200966861,1.0,0.0,0.0,4.072332105598435,0.0,450.6924163853455,8782.26155787864,9.610776124023444,9.85894800101479,50.0,12.131584940610965,2302.786376953125,12.131584940610965,86.13425307833785,86.13425307833785,0.0,0.0,5.208333333333333,0.36638087806051356,426.2167428145716,161.98924870566304,297.7384421213592,150.0,1.0,2.2726369395961754,0.0,1841.891450263865,490.345720613441,477.9665523066951,3279.88882223117,18.492250295061705,0.0,486.8727964637168,86.13425307833785,97.05267952488772,41.666666666666664,12.379168306745884,191703555.20905304,95824833.33333333,10.0,1.0,7.853981633974483,20.0,2.5,98.17477042468104,8782.26155787864,9.610776124023444,9.85894800101479,50.0,12.131584940610965,2302.786376953125,426.2167428145716,5.208333333333333,0.36638087806051356,161.98924870566304
370,0.8532519999999999,1.0,1,1571.5975637205431,0.0,490.345720613441,9.610776124023444,76.88620899218755,86.496985116211,1079.5517121336757,0.0,0.0,757.2741200966861,1.0,0.0,0.0,4.072332105598435,0.0,452.9536901402437,8782.26155787864,9.610776124023444,9.85894800101479,50.0,12.131584940610965,2302.786376953125,12.131584940610965,86.13425307833785,86.13425307833785,0.0,0.0,5.208333333333333,0.36638087806051356,426.2167428145716,161.98924870566304,297.7384421213592,150.0,1.0,2.2726369395961754,0.0,1841.891450263865,490.345720613441,477.9665523066951,3279.88882223117,18.492250295061705,0.0,486.8727964637168,86.13425307833785,97.05267952488772,41.666666666666664,12.379168306745884,191703555.20905304,95824833.33333333,10.0,1.0,7.853981633974483,20.0,2.5,98.17477042468104,8782.26155787864,9.610776124023444,9.85894800101479,50.0,12.131584940610965,2302.786376953125,426.2167428145716,5.208333333333333,0.36638087806051356,161.98924870566304
371,0.8661530000000001,1.0,1,1595.3598053203975,0.0,490.345720613441,9.610776124023444,76.88620899218755,86.496985116211,1079.5517121336757,0.0,0.0,757.2741200966861,1.0,0.0,0.0,4.072332105598435,0.0,455.21496389514186,8782.26155787864,9.610776124023444,9.85894800101479,50.0,12.131584940610965,2302.786376953125,12.131584940610965,86.13425307833785,86.13425307833785,0.0,0.0,5.208333333333333,0.36638087806051356,426.2167428145716,161.98924870566304,297.7384421213592,150.0,1.0,2.2726369395961754,0.0,1841.891450263865,490.345720613441,477.9665523066951,3279.88882223117,18.492250295061705,0.0,486.8727964637168,86.13425307833785,97.05267952488772,41.666666666666664,12.379168306745884,191703555.20905304,95824833.33333333,10.0,1.0,7.853981633974483,20.0,2.5,98.17477042468104,8782.26155787864,9.610776124023444,9.85894800101479,50.0,12.131584940610965,2302.786376953125,426.2167428145716,5.208333333333333,0.36638087806051356,161.98924870566304
372,0.881709,1.0,1,1624.012268720702,0.0,490.345720613441,9.610776124023444,76.88620899218755,86.496985116211,1079.5517121336757,0.0,0.0,757.2741200966861,1.0,0.0,0.0,4.072332105598435,0.0,457.47623765004005,8782.26155787864,9.610776124023444,9.85894800101479,50.0,12.131584940610965,2302.786376953125,12.131584940610965,86.13425307833785,86.13425307833785,0.0,0.0,5.208333333333333,0.36638087806051356,426.2167428145716,161.98924870566304,297.7384421213592,150.0,1.0,2.2726369395961754,0.0,1841.891450263865,490.345720613441,477.9665523066951,3279.88882223117,18.492250295061705,0.0,486.8727964637168,86.13425307833785,97.05267952488772,41.666666666666664,12.379168306745884,191703555.20905304,95824833.33333333,10.0,1.0,7.853981633974483,20.0,2.5,98.17477042468104,8782.26155787864,9.610776124023444,9.85894800101479,50.0,12.131584940610965,2302.786376953125,426.2167428145716,5.208333333333333,0.36638087806051356,161.98924870566304
373,0.8917780000000001,1.0,1,1642.5582737334091,0.0,490.345720613441,9.610776124023444,76.88620899218755,86.496985116211,1079.5517121336757,0.0,0.0,757.2741200966861,1.0,0.0,0.0,4.072332105598435,0.0,459.73751140493823,8782.26155787864,9.610776124023444,9.85894800101479,50.0,12.131584940610965,2302.786376953125,12.131584940610965,86.13425307833785,86.13425307833785,0.0,0.0,5.208333333333333,0.36638087806051356,426.2167428145716,161.98924870566304,297.7384421213592,150.0,1.0,2.2726369395961754,0.0,1841.891450263865,490.345720613441,477.9665523066951,3279.88882223117,18.492250295061705,0.0,486.8727964637168,86.13425307833785,97.05267952488772,41.666666666666664,12.379168306745884,191703555.20905304,95824833.33333333,10.0,1.0,7.853981633974483,20.0,2.5,98.17477042468104,8782.26155787864,9.610776124023444,9.85894800101479,50.0,12.131584940610965,2302.786376953125,426.2167428145716,5.208333333333333,0.36638087806051356,161.98924870566304
374,0.896995,1.0,1,1652.1674214294355,0.0,490.345720613441,9.610776124023444,76.88620899218755,86.496985116211,1652.1674214294355,572.6157092957599,0.0,1301.259043927658,1.0,0.0,0.0,4.072332105598435,0.0,461.9987851598364,8782.26155787864,9.610776124023444,9.85894800101479,50.0,12.131584940610965,2302.786376953125,12.131584940610965,86.13425307833785,86.13425307833785,0.0,0.0,5.208333333333333,0.36638087806051356,426.2167428145716,161.98924870566304,297.7384421213592,150.0,1.0,2.2726369395961754,0.0,1841.891450263865,490.345720613441,477.9665523066951,3279.88882223117,18.492250295061705,0.0,486.8727964637168,86.13425307833785,97.05267952488772,41.666666666666664,12.379168306745884,191703555.20905304,95824833.33333333,10.0,1.0,7.853981633974483,20.0,2.5,98.17477042468104,8782.26155787864,9.610776124023444,9.85894800101479,50.0,12.131584940610965,2302.786376953125,426.2167428145716,5.208333333333333,0.36638087806051356,161.98924870566304
375,0.906201,1.0,1,1669.1238741205648,0.0,490.345720613441,9.610776124023444,76.88620899218755,86.496985116211,1079.5517121336757,0.0,0.0,1301.259043927658,1.0,0.0,0.0,4.072332105598435,0.0,464.2600589147346,8782.26155787864,9.610776124023444,9.85894800101479,50.0,12.131584940610965,2302.786376953125,12.131584940610965,86.13425307833785,86.13425307833785,0.0,0.0,5.208333333333333,0.36638087806051356,426.2167428145716,161.98924870566304,297.7384421213592,150.0,1.0,2.2726369395961754,0.0,1841.891450263865,490.345720613441,477.9665523066951,3279.88882223117,18.492250295061705,0.0,486.8727964637168,86.13425307833785,97.05267952488772,41.666666666666664,12.379168306745884,191703555.20905304,95824833.33333333,10.0,1.0,7.853981633974483,20.0,2.5,98.17477042468104,8782.26155787864,9.610776124023444,9.85894800101479,50.0,12.131584940610965,2302.786376953125,426.2167428145716,5.208333333333333,0.36638087806051356,161.98924870566304
376,0.927121,1.0,1,1707.6562432600847,0.0,490.345720613441,9.610776124023444,76.88620899218755,86.496985116211,1707.6562432600847,628.104531126409,0.0,1897.9583484977466,1.0,0.0,0.0,4.072332105598435,0.0,466.5213326696328,8782.26155787864,9.610776124023444,9.85894800101479,50.0,12.131584940610965,2302.786376953125,12.131584940610965,86.13425307833785,86.13425307833785,0.0,0.0,5.208333333333333,0.36638087806051356,426.2167428145716,161.98924870566304,297.7384421213592,150.0,1.0,2.2726369395961754,0.0,1841.891450263865,490.345720613441,477.9665523066951,3279.88882223117,18.492250295061705,0.0,486.8727964637168,86.13425307833785,97.05267952488772,41.666666666666664,12.379168306745884,191703555.20905304,95824833.33333333,10.0,1.0,7.853981633974483,20.0,2.5,98.17477042468104,8782.26155787864,9.610776124023444,9.85894800101479,50.0,12.131584940610965,2302.786376953125,426.2167428145716,5.208333333333333,0.36638087806051356,161.98924870566304
377,0.955092,1.0,1,1759.1757890154154,0.0,490.345720613441,9.610776124023444,76.88620899218755,86.496985116211,1079.5517121336757,0.0,0.0,1897.9583484977466,1.0,0.0,0.0,4.072332105598435,0.0,468.78260642453097,8782.26155787864,9.610776124023444,9.85894800101479,50.0,12.131584940610965,2302.786376953125,12.131584940610965,86.13425307833785,86.13425307833785,0.0,0.0,5.208333333333333,0.36638087806051356,426.2167428145716,161.98924870566304,297.7384421213592,150.0,1.0,2.2726369395961754,0.0,1841.891450263865,490.345720613441,477.9665523066951,3279.88882223117,18.492250295061705,0.0,486.8727964637168,86.13425307833785,97.05267952488772,41.666666666666664,12.379168306745884,191703555.20905304,95824833.33333333,10.0,1.0,7.853981633974483,20.0,2.5,98.17477042468104,8782.26155787864,9.610776124023444,9.85894800101479,50.0,12.131584940610965,2302.786376953125,426.2167428145716,5.208333333333333,0.36638087806051356,161.98924870566304
378,0.971877,1.0,1,1790.0919370080942,0.0,490.345720613441,9.610776124023444,76.88620899218755,86.496985116211,1079.5517121336757,0.0,0.0,1897.9583484977466,1.0,0.0,0.0,4.072332105598435,0.0,471.04388017942915,8782.26155787864,9.610776124023444,9.85894800101479,50.0,12.131584940610965,2302.786376953125,12.131584940610965,86.13425307833785,86.13425307833785,0.0,0.0,5.208333333333333,0.36638087806051356,426.2167428145716,161.98924870566304,297.7384421213592,150.0,1.0,2.2726369395961754,0.0,1841.891450263865,490.345720613441,477.9665523066951,3279.88882223117,18.492250295061705,0.0,486.8727964637168,86.13425307833785,97.05267952488772,41.666666666666664,12.379168306745884,191703555.20905304,95824833.33333333,10.0,1.0,7.853981633974483,20.0,2.5,98.17477042468104,8782.26155787864,9.610776124023444,9.85894800101479,50.0,12.131584940610965,2302.786376953125,426.2167428145716,5.208333333333333,0.36638087806051356,161.98924870566304
379,0.976692,1.0,1,1798.9606443411149,0.0,490.345720613441,9.610776124023444,76.88620899218755,86.496985116211,1079.5517121336757,0.0,0.0,1897.9583484977466,1.0,0.0,0.0,4.072332105598435,0.0,473.3051539343274,8782.26155787864,9.610776124023444,9.85894800101479,50.0,12.131584940610965,2302.786376953125,12.131584940610965,86.13425307833785,86.13425307833785,0.0,0.0,5.208333333333333,0.36638087806051356,426.2167428145716,161.98924870566304,297.7384421213592,150.0,1.0,2.2726369395961754,0.0,1841.891450263865,490.345720613441,477.9665523066951,3279.88882223117,18.492250295061705,0.0,486.8727964637168,86.13425307833785,97.05267952488772,41.666666666666664,12.379168306745884,191703555.20905304,95824833.33333333,10.0,1.0,7.853981633974483,20.0,2.5,98.17477042468104,8782.26155787864,9.610776124023444,9.85894800101479,50.0,12.131584940610965,2302.786376953125,426.2167428145716,5.208333333333333,0.36638087806051356,161.98924870566304
380,0.978645,1.0,1,1802.5578583434801,0.0,490.345720613441,9.610776124023444,76.88620899218755,86.496985116211,1079.5517121336757,0.0,0.0,1897.9583484977466,1.0,0.0,0.0,4.072332105598435,0.0,475.5664276892256,8782.26155787864,9.610776124023444,9.85894800101479,50.0,12.131584940610965,2302.786376953125,12.131584940610965,86.13425307833785,86.13425307833785,0.0,0.0,5.208333333333333,0.36638087806051356,426.2167428145716,161.98924870566304,297.7384421213592,150.0,1.0,2.2726369395961754,0.0,1841.891450263865,490.345720613441,477.9665523066951,3279.88882223117,18.492250295061705,0.0,486.8727964637168,86.13425307833785,97.05267952488772,41.666666666666664,12.379168306745884,191703555.20905304,95824833.33333333,10.0,1.0,7.853981633974483,20.0,2.5,98.17477042468104,8782.26155787864,9.610776124023444,9.85894800101479,50.0,12.131584940610965,2302.786376953125,426.2167428145716,5.208333333333333,0.36638087806051356,161.98924870566304
381,0.979344,1.0,1,1803.8453404672146,0.0,490.345720613441,9.610776124023444,76.88620899218755,86.496985116211,1803.8453404672143,724.2936283335387,0.0,2586.0372954146083,1.0,0.0,0.0,4.072332105598435,0.0,477.82770144412376,8782.26155787864,9.610776124023444,9.85894800101479,50.0,12.131584940610965,2302.786376953125,12.131584940610965,86.13425307833785,86.13425307833785,0.0,0.0,5.208333333333333,0.36638087806051356,426.2167428145716,161.98924870566304,297.7384421213592,150.0,1.0,2.2726369395961754,0.0,1841.891450263865,490.345720613441,477.9665523066951,3279.88882223117,18.492250295061705,0.0,486.8727964637168,86.13425307833785,97.05267952488772,41.666666666666664,12.379168306745884,191703555.20905304,95824833.33333333,10.0,1.0,7.853981633974483,20.0,2.5,98.17477042468104,8782.26155787864,9.610776124023444,9.85894800101479,50.0,12.131584940610965,2302.786376953125,426.2167428145716,5.208333333333333,0.36638087806051356,161.98924870566304
382,0.9798,1.0,1,1804.6852429685348,0.0,490.345720613441,9.610776124023444,76.88620899218755,86.496985116211,1079.5517121336757,0.0,0.0,2586.0372954146083,1.0,0.0,0.0,4.072332105598435,0.0,480.08897519902195,8782.26155787864,9.610776124023444,9.85894800101479,50.0,12.131584940610965,2302.786376953125,12.131584940610965,86.13425307833785,86.13425307833785,0.0,0.0,5.208333333333333,0.36638087806051356,426.2167428145716,161.98924870566304,297.7384421213592,150.0,1.0,2.2726369395961754,0.0,1841.891450263865,490.345720613441,477.9665523066951,3279.88882223117,18.492250295061705,0.0,486.8727964637168,86.13425307833785,97.05267952488772,41.666666666666664,12.379168306745884,191703555.20905304,95824833.33333333,10.0,1.0,7.853981633974483,20.0,2.5,98.17477042468104,8782.26155787864,9.610776124023444,9.85894800101479,50.0,12.131584940610965,2302.786376953125,426.2167428145716,5.208333333333333,0.36638087806051356,161.98924870566304
383,0.982643,1.0,1,1809.921740361635,0.0,490.345720613441,9.610776124023444,76.88620899218755,86.496985116211,1809.921740361635,730.3700282279594,0.0,3279.88882223117,1.0,0.0,0.0,4.072332105598435,0.0,482.3502489539204,8782.26155787864,9.610776124023444,9.85894800101479,50.0,12.131584940610965,2302.786376953125,12.131584940610965,86.13425307833785,86.13425307833785,0.0,0.0,5.208333333333333,0.36638087806051356,426.2167428145716,161.98924870566304,297.7384421213592,150.0,1.0,2.2726369395961754,0.0,1841.891450263865,490.345720613441,477.9665523066951,3279.88882223117,18.492250295061705,0.0,486.8727964637168,86.13425307833785,97.05267952488772,41.666666666666664,12.379168306745884,191703555.20905304,95824833.33333333,10.0,1.0,7.853981633974483,20.0,2.5,98.17477042468104,8782.26155787864,9.610776124023444,9.85894800101479,50.0,12.131584940610965,2302.786376953125,426.2167428145716,5.208333333333333,0.36638087806051356,161.98924870566304
384,0.405264,1.0,1,746.452296699735,0.0,286.72911533351925,5.619890660536977,44.959125284295816,50.57901594483279,876.3341954001024,0.0,129.88189870036751,3143.17103412552,-0.0,0.0,3.9908854634864666,0.0,0.0,484.6115227088186,8782.26155787864,9.610776124023444,9.85894800101479,50.0,12.131584940610965,2302.786376953125,12.131584940610965,86.13425307833785,86.13425307833785,0.0,0.0,5.208333333333333,0.36638087806051356,426.2167428145716,161.98924870566304,297.7384421213592,150.0,1.0,2.2726369395961754,0.0,1841.891450263865,490.345720613441,477.9665523066951,3279.88882223117,18.492250295061705,0.0,486.8727964637168,86.13425307833785,97.05267952488772,41.666666666666664,12.379168306745884,191703555.20905304,95824833.33333333,10.0,1.0,7.853981633974483,20.0,2.5,98.17477042468104,8782.26155787864,9.610776124023444,9.85894800101479,50.0,12.131584940610965,2302.786376953125,426.2167428145716,5.208333333333333,0.36638087806051356,161.98924870566304
385,0.334375,1.0,1,615.8824536819798,0.0,490.345720613441,9.610776124023444,76.88620899218755,86.496985116211,1079.5517121336757,0.0,463.66925845169595,2655.0981304921556,-0.0,0.0,0.0,0.0,0.0,486.8727964637168,8782.26155787864,9.610776124023444,9.85894800101479,50.0,12.131584940610965,2302.786376953125,12.131584940610965,86.13425307833785,86.13425307833785,0.0,0.0,5.208333333333333,0.36638087806051356,426.2167428145716,161.98924870566304,297.7384421213592,150.0,1.0,2.2726369395961754,0.0,1841.891450263865,490.345720613441,477.9665523066951,3279.88882223117,18.492250295061705,0.0,486.8727964637168,86.13425307833785,97.05267952488772,41.666666666666664,12.379168306745884,191703555.20905304,95824833.33333333,10.0,1.0,7.853981633974483,20.0,2.5,98.17477042468104,8782.26155787864,9.610776124023444,9.85894800101479,50.0,12.131584940610965,2302.786376953125,426.2167428145716,5.208333333333333,0.36638087806051356,161.98924870566304
386,0.277051,-0.0,1,510.297868187054,0.0,334.20767848478727,6.55047049830183,52.40376398641464,58.954234484716466,510.29786818705395,0.0,0.0,2655.0981304921556,1.0,6.550470498301831,0.0,6.419461088335794,0.0,476.9643060104356,0.0,0.0,9.85894800101479,50.0,0.0,0.0,0.0,0.0,0.0,0.0,0.0,5.208333333333333,0.36638087806051356,0.0,161.98924870566304,9080.0,150.0,0.0,0.0,9.85894800101478,1841.891450263865,490.345720613441,477.9665523066951,3279.88882223117,18.492250295061705,0.0,486.8727964637168,86.13425307833785,97.05267952488772,41.666666666666664,12.379168306745884,191703555.20905304,95824833.33333333,10.0,1.0,7.853981633974483,20.0,2.5,98.17477042468104,8782.26155787864,9.610776124023444,9.85894800101479,50.0,12.131584940610965,2302.786376953125,426.2167428145716,5.208333333333333,0.36638087806051356,161.98924870566304
387,0.236241,1.0,1,435.13027810178573,0.0,371.68407730324304,7.285007915143564,58.28006332114851,65.56507123629207,961.1226456443657,0.0,525.9923675425796,2101.4219541315456,-0.0,0.0,2.3257682088798806,4.046228222131834,0.0,479.2255797653338,8782.26155787864,9.610776124023444,9.85894800101479,50.0,12.131584940610965,2302.786376953125,12.131584940610965,86.13425307833785,86.13425307833785,0.0,0.0,5.208333333333333,0.36638087806051356,426.2167428145716,161.98924870566304,297.7384421213592,150.0,1.0,2.2726369395961754,0.0,1841.891450263865,490.345720613441,477.9665523066951,3279.88882223117,18.492250295061705,0.0,486.8727964637168,86.13425307833785,97.05267952488772,41.666666666666664,12.379168306745884,191703555.20905304,95824833.33333333,10.0,1.0,7.853981633974483,20.0,2.5,98.17477042468104,8782.26155787864,9.610776124023444,9.85894800101479,50.0,12.131584940610965,2302.786376953125,426.2167428145716,5.208333333333333,0.36638087806051356,161.98924870566304
388,0.226041,-0.0,1,416.3429853090943,0.0,243.7968981942179,4.778419204606671,38.227353636853366,43.005772841460036,416.3429853090943,0.0,0.0,2101.4219541315456,1.0,4.778419204606671,0.0,8.729079042646372,0.0,469.3170893120526,0.0,0.0,9.85894800101479,50.0,0.0,0.0,0.0,0.0,0.0,0.0,0.0,5.208333333333333,0.36638087806051356,0.0,161.98924870566304,9080.0,150.0,-0.0,0.0,9.85894800101479,1841.891450263865,490.345720613441,477.9665523066951,3279.88882223117,18.492250295061705,0.0,486.8727964637168,86.13425307833785,97.05267952488772,41.666666666666664,12.379168306745884,191703555.20905304,95824833.33333333,10.0,1.0,7.853981633974483,20.0,2.5,98.17477042468104,8782.26155787864,9.610776124023444,9.85894800101479,50.0,12.131584940610965,2302.786376953125,426.2167428145716,5.208333333333333,0.36638087806051356,161.98924870566304
389,0.225972,-0.0,1,416.2158947990261,0.0,243.67460170646945,4.776022193446801,38.20817754757441,42.98419974102121,416.2158947990261,0.0,0.0,2101.4219541315456,1.0,4.776022193446801,0.0,13.409580792224236,0.0,459.40859885877137,0.0,0.0,9.85894800101479,50.0,0.0,0.0,0.0,0.0,0.0,0.0,0.0,5.208333333333333,0.36638087806051356,0.0,161.98924870566304,9080.0,150.0,-0.0,0.0,9.85894800101479,1841.891450263865,490.345720613441,477.9665523066951,3279.88882223117,18.492250295061705,0.0,486.8727964637168,86.13425307833785,97.05267952488772,41.666666666666664,12.379168306745884,191703555.20905304,95824833.33333333,10.0,1.0,7.853981633974483,20.0,2.5,98.17477042468104,8782.26155787864,9.610776124023444,9.85894800101479,50.0,12.131584940610965,2302.786376953125,426.2167428145716,5.208333333333333,0.36638087806051356,161.98924870566304
390,0.237785,-0.0,1,437.9741585009931,0.0,264.6121148915801,5.18639745187497,41.49117961499976,46.677577066874726,437.9741585009931,0.0,0.0,2101.4219541315456,1.0,5.18639745187497,0.0,18.492250295061705,0.0,449.50010840549027,0.0,0.0,9.85894800101479,50.0,0.0,0.0,0.0,0.0,0.0,0.0,0.0,5.208333333333333,0.36638087806051356,0.0,161.98924870566304,9080.0,150.0,0.0,0.0,9.85894800101478,1841.891450263865,490.345720613441,477.9665523066951,3279.88882223117,18.492250295061705,0.0,486.8727964637168,86.13425307833785,97.05267952488772,41.666666666666664,12.379168306745884,191703555.20905304,95824833.33333333,10.0,1.0,7.853981633974483,20.0,2.5,98.17477042468104,8782.26155787864,9.610776124023444,9.85894800101479,50.0,12.131584940610965,2302.786376953125,426.2167428145716,5.208333333333333,0.36638087806051356,161.98924870566304
391,0.2567919999999999,1.0,1,472.9829892961582,0.0,126.42698961662089,2.477968996485769,19.823751971886153,22.301720968371924,716.3462618496093,0.0,243.36327255345117,1845.2500882858076,-0.0,0.0,7.132807127537674,11.213875675125303,0.0,451.76138216038845,8782.26155787864,9.610776124023444,9.85894800101479,50.0,12.131584940610965,2302.786376953125,12.131584940610965,86.13425307833785,86.13425307833785,0.0,0.0,5.208333333333333,0.36638087806051356,426.2167428145716,161.98924870566304,297.7384421213592,150.0,1.0,2.2726369395961754,0.0,1841.891450263865,490.345720613441,477.9665523066951,3279.88882223117,18.492250295061705,0.0,486.8727964637168,86.13425307833785,97.05267952488772,41.666666666666664,12.379168306745884,191703555.20905304,95824833.33333333,10.0,1.0,7.853981633974483,20.0,2.5,98.17477042468104,8782.26155787864,9.610776124023444,9.85894800101479,50.0,12.131584940610965,2302.786376953125,426.2167428145716,5.208333333333333,0.36638087806051356,161.98924870566304
392,0.296968,-0.0,1,546.9828202019595,0.0,369.5088255353122,7.242372980492119,57.93898384393695,65.18135682442907,546.9828202019595,0.0,0.0,1845.2500882858076,1.0,7.242372980492119,0.0,18.31140119600758,0.0,441.85289170710723,0.0,0.0,9.85894800101479,50.0,0.0,0.0,0.0,0.0,0.0,0.0,0.0,5.208333333333333,0.36638087806051356,0.0,161.98924870566304,9080.0,150.0,-0.0,0.0,9.85894800101479,1841.891450263865,490.345720613441,477.9665523066951,3279.88882223117,18.492250295061705,0.0,486.8727964637168,86.13425307833785,97.05267952488772,41.666666666666664,12.379168306745884,191703555.20905304,95824833.33333333,10.0,1.0,7.853981633974483,20.0,2.5,98.17477042468104,8782.26155787864,9.610776124023444,9.85894800101479,50.0,12.131584940610965,2302.786376953125,426.2167428145716,5.208333333333333,0.36638087806051356,161.98924870566304
393,0.369357,1.0,1,680.3155003951103,0.0,90.3254691820702,1.7703791959685757,14.163033567748606,15.933412763717183,680.3155003951102,0.0,0.0,1845.2500882858076,-0.0,0.0,7.840396928054868,10.310996167380164,0.0,444.1141654620054,8782.26155787864,9.610776124023444,9.85894800101479,50.0,12.131584940610965,2302.786376953125,12.131584940610965,86.13425307833785,86.13425307833785,0.0,0.0,5.208333333333333,0.36638087806051356,426.2167428145716,161.98924870566304,297.7384421213592,150.0,1.0,2.2726369395961754,0.0,1841.891450263865,490.345720613441,477.9665523066951,3279.88882223117,18.492250295061705,0.0,486.8727964637168,86.13425307833785,97.05267952488772,41.666666666666664,12.379168306745884,191703555.20905304,95824833.33333333,10.0,1.0,7.853981633974483,20.0,2.5,98.17477042468104,8782.26155787864,9.610776124023444,9.85894800101479,50.0,12.131584940610965,2302.786376953125,426.2167428145716,5.208333333333333,0.36638087806051356,161.98924870566304
394,0.438321,1.0,1,807.3397023711076,0.0,490.345720613441,9.610776124023444,76.88620899218755,86.496985116211,1079.5517121336757,0.0,272.21200976256796,1558.711130640999,-0.0,0.0,0.0,10.310996167380164,0.0,446.3754392169036,8782.26155787864,9.610776124023444,9.85894800101479,50.0,12.131584940610965,2302.786376953125,12.131584940610965,86.13425307833785,86.13425307833785,0.0,0.0,5.208333333333333,0.36638087806051356,426.2167428145716,161.98924870566304,297.7384421213592,150.0,1.0,2.2726369395961754,0.0,1841.891450263865,490.345720613441,477.9665523066951,3279.88882223117,18.492250295061705,0.0,486.8727964637168,86.13425307833785,97.05267952488772,41.666666666666664,12.379168306745884,191703555.20905304,95824833.33333333,10.0,1.0,7.853981633974483,20.0,2.5,98.17477042468104,8782.26155787864,9.610776124023444,9.85894800101479,50.0,12.131584940610965,2302.786376953125,426.2167428145716,5.208333333333333,0.36638087806051356,161.98924870566304
395,0.466644,1.0,1,859.507593916931,0.0,269.8694689434231,5.289441591291093,42.31553273032874,47.604974321619835,859.507593916931,0.0,0.0,1558.711130640999,-0.0,0.0,4.321334532732351,5.901471133979806,0.0,448.6367129718018,8782.26155787864,9.610776124023444,9.85894800101479,50.0,12.131584940610965,2302.786376953125,12.131584940610965,86.13425307833785,86.13425307833785,0.0,0.0,5.208333333333333,0.36638087806051356,426.2167428145716,161.98924870566304,297.7384421213592,150.0,1.0,2.2726369395961754,0.0,1841.891450263865,490.345720613441,477.9665523066951,3279.88882223117,18.492250295061705,0.0,486.8727964637168,86.13425307833785,97.05267952488772,41.666666666666664,12.379168306745884,191703555.20905304,95824833.33333333,10.0,1.0,7.853981633974483,20.0,2.5,98.17477042468104,8782.26155787864,9.610776124023444,9.85894800101479,50.0,12.131584940610965,2302.786376953125,426.2167428145716,5.208333333333333,0.36638087806051356,161.98924870566304
396,0.426223,1.0,1,785.0564996058154,0.0,195.27216391445066,3.827334412723233,30.618675301785863,34.446009714509096,785.0564996058152,0.0,0.0,1558.711130640999,-0.0,0.0,5.783441711300211,0.0,0.0,450.89798672669997,8782.26155787864,9.610776124023444,9.85894800101479,50.0,12.131584940610965,2302.786376953125,12.131584940610965,86.13425307833785,86.13425307833785,0.0,0.0,5.208333333333333,0.36638087806051356,426.2167428145716,161.98924870566304,297.7384421213592,150.0,1.0,2.2726369395961754,0.0,1841.891450263865,490.345720613441,477.9665523066951,3279.88882223117,18.492250295061705,0.0,486.8727964637168,86.13425307833785,97.05267952488772,41.666666666666664,12.379168306745884,191703555.20905304,95824833.33333333,10.0,1.0,7.853981633974483,20.0,2.5,98.17477042468104,8782.26155787864,9.610776124023444,9.85894800101479,50.0,12.131584940610965,2302.786376953125,426.2167428145716,5.208333333333333,0.36638087806051356,161.98924870566304
397,0.328194,-0.0,1,604.4977226278988,0.0,424.8541896865241,8.327142117855871,66.61713694284697,74.94427906070284,604.497722627899,0.0,0.0,1558.711130640999,1.0,8.327142117855871,0.0,8.160599275498754,0.0,440.98949627341875,0.0,0.0,9.85894800101479,50.0,0.0,0.0,0.0,0.0,0.0,0.0,0.0,5.208333333333333,0.36638087806051356,0.0,161.98924870566304,9080.0,150.0,-0.0,0.0,9.85894800101479,1841.891450263865,490.345720613441,477.9665523066951,3279.88882223117,18.492250295061705,0.0,486.8727964637168,86.13425307833785,97.05267952488772,41.666666666666664,12.379168306745884,191703555.20905304,95824833.33333333,10.0,1.0,7.853981633974483,20.0,2.5,98.17477042468104,8782.26155787864,9.610776124023444,9.85894800101479,50.0,12.131584940610965,2302.786376953125,426.2167428145716,5.208333333333333,0.36638087806051356,161.98924870566304
398,0.251623,-0.0,1,463.4622523897445,0.0,289.13876413017846,5.667119776951497,45.33695821561198,51.004077992563474,463.4622523897445,0.0,0.0,1558.711130640999,1.0,5.667119776951497,0.0,13.71437665691122,0.0,431.0810058201376,0.0,0.0,9.85894800101479,50.0,0.0,0.0,0.0,0.0,0.0,0.0,0.0,5.208333333333333,0.36638087806051356,0.0,161.98924870566304,9080.0,150.0,-0.0,0.0,9.85894800101479,1841.891450263865,490.345720613441,477.9665523066951,3279.88882223117,18.492250295061705,0.0,486.8727964637168,86.13425307833785,97.05267952488772,41.666666666666664,12.379168306745884,191703555.20905304,95824833.33333333,10.0,1.0,7.853981633974483,20.0,2.5,98.17477042468104,8782.26155787864,9.610776124023444,9.85894800101479,50.0,12.131584940610965,2302.786376953125,426.2167428145716,5.208333333333333,0.36638087806051356,161.98924870566304
399,0.227648,1.0,1,419.3029048696683,0.0,0.0,0.0,0.0,0.0,590.167069132637,0.0,170.8641642629687,1378.8541156273477,-0.0,0.0,9.610776124023444,3.9074622446423994,0.0,433.3422795750358,8782.26155787864,9.610776124023444,9.85894800101479,50.0,12.131584940610965,2302.786376953125,12.131584940610965,86.13425307833785,86.13425307833785,0.0,0.0,5.208333333333333,0.36638087806051356,426.2167428145716,161.98924870566304,297.7384421213592,150.0,1.0,2.2726369395961754,0.0,1841.891450263865,490.345720613441,477.9665523066951,3279.88882223117,18.492250295061705,0.0,486.8727964637168,86.13425307833785,97.05267952488772,41.666666666666664,12.379168306745884,191703555.20905304,95824833.33333333,10.0,1.0,7.853981633974483,20.0,2.5,98.17477042468104,8782.26155787864,9.610776124023444,9.85894800101479,50.0,12.131584940610965,2302.786376953125,426.2167428145716,5.208333333333333,0.36638087806051356,161.98924870566304
400,0.246762,-0.0,1,454.5088180500119,0.0,280.52306518894227,5.498252077703269,43.98601662162615,49.48426869932942,454.5088180500118,0.0,0.0,1378.8541156273477,1.0,5.498252077703269,0.0,9.295749280791602,0.0,423.43378912175456,0.0,0.0,9.85894800101479,50.0,0.0,0.0,0.0,0.0,0.0,0.0,0.0,5.208333333333333,0.36638087806051356,0.0,161.98924870566304,9080.0,150.0,-0.0,0.0,9.85894800101479,1841.891450263865,490.345720613441,477.9665523066951,3279.88882223117,18.492250295061705,0.0,486.8727964637168,86.13425307833785,97.05267952488772,41.666666666666664,12.379168306745884,191703555.20905304,95824833.33333333,10.0,1.0,7.853981633974483,20.0,2.5,98.17477042468104,8782.26155787864,9.610776124023444,9.85894800101479,50.0,12.131584940610965,2302.786376953125,426.2167428145716,5.208333333333333,0.36638087806051356,161.98924870566304
401,0.323968,-0.0,1,596.7138893590837,0.0,417.3639729151469,8.180333869136879,65.44267095309503,73.6230048222319,596.7138893590837,0.0,0.0,1378.8541156273477,1.0,8.180333869136879,0.0,17.31247647254575,0.0,413.52529866847334,0.0,0.0,9.85894800101479,50.0,0.0,0.0,0.0,0.0,0.0,0.0,0.0,5.208333333333333,0.36638087806051356,0.0,161.98924870566304,9080.0,150.0,-0.0,0.0,9.85894800101479,1841.891450263865,490.345720613441,477.9665523066951,3279.88882223117,18.492250295061705,0.0,486.8727964637168,86.13425307833785,97.05267952488772,41.666666666666664,12.379168306745884,191703555.20905304,95824833.33333333,10.0,1.0,7.853981633974483,20.0,2.5,98.17477042468104,8782.26155787864,9.610776124023444,9.85894800101479,50.0,12.131584940610965,2302.786376953125,426.2167428145716,5.208333333333333,0.36638087806051356,161.98924870566304
402,0.4843369999999999,1.0,1,892.0961793464494,0.0,302.52205343855195,5.929432247395618,47.435457979164944,53.36489022656056,892.0961793464494,0.0,0.0,1378.8541156273477,-0.0,0.0,3.6813438766278255,13.55600312904797,0.0,415.7865724233715,8782.26155787864,9.610776124023444,9.85894800101479,50.0,12.131584940610965,2302.786376953125,12.131584940610965,86.13425307833785,86.13425307833785,0.0,0.0,5.208333333333333,0.36638087806051356,426.2167428145716,161.98924870566304,297.7384421213592,150.0,1.0,2.2726369395961754,0.0,1841.891450263865,490.345720613441,477.9665523066951,3279.88882223117,18.492250295061705,0.0,486.8727964637168,86.13425307833785,97.05267952488772,41.666666666666664,12.379168306745884,191703555.20905304,95824833.33333333,10.0,1.0,7.853981633974483,20.0,2.5,98.17477042468104,8782.26155787864,9.610776124023444,9.85894800101479,50.0,12.131584940610965,2302.786376953125,426.2167428145716,5.208333333333333,0.36638087806051356,161.98924870566304
403,0.561174,1.0,1,1033.621592710374,0.0,444.3254013644113,8.70877786674246,69.67022293393968,78.37900080068215,1033.621592710374,0.0,0.0,1378.8541156273477,-0.0,0.0,0.9019982572809836,12.635596744067374,0.0,418.0478461782697,8782.26155787864,9.610776124023444,9.85894800101479,50.0,12.131584940610965,2302.786376953125,12.131584940610965,86.13425307833785,86.13425307833785,0.0,0.0,5.208333333333333,0.36638087806051356,426.2167428145716,161.98924870566304,297.7384421213592,150.0,1.0,2.2726369395961754,0.0,1841.891450263865,490.345720613441,477.9665523066951,3279.88882223117,18.492250295061705,0.0,486.8727964637168,86.13425307833785,97.05267952488772,41.666666666666664,12.379168306745884,191703555.20905304,95824833.33333333,10.0,1.0,7.853981633974483,20.0,2.5,98.17477042468104,8782.26155787864,9.610776124023444,9.85894800101479,50.0,12.131584940610965,2302.786376953125,426.2167428145716,5.208333333333333,0.36638087806051356,161.98924870566304
404,0.596375,1.0,1,1098.4580136511124,0.0,490.345720613441,9.610776124023444,76.88620899218755,86.496985116211,1098.4580136511124,18.90630151743676,0.0,1396.8151020689127,1.0,0.0,0.0,12.635596744067374,0.0,420.3091199331679,8782.26155787864,9.610776124023444,9.85894800101479,50.0,12.131584940610965,2302.786376953125,12.131584940610965,86.13425307833785,86.13425307833785,0.0,0.0,5.208333333333333,0.36638087806051356,426.2167428145716,161.98924870566304,297.7384421213592,150.0,1.0,2.2726369395961754,0.0,1841.891450263865,490.345720613441,477.9665523066951,3279.88882223117,18.492250295061705,0.0,486.8727964637168,86.13425307833785,97.05267952488772,41.666666666666664,12.379168306745884,191703555.20905304,95824833.33333333,10.0,1.0,7.853981633974483,20.0,2.5,98.17477042468104,8782.26155787864,9.610776124023444,9.85894800101479,50.0,12.131584940610965,2302.786376953125,426.2167428145716,5.208333333333333,0.36638087806051356,161.98924870566304
405,0.637447,1.0,1,1174.1081792963498,0.0,490.345720613441,9.610776124023444,76.88620899218755,86.496985116211,1174.1081792963498,94.55646716267415,0.0,1486.6437458734538,1.0,0.0,0.0,12.63559674406737,0.0,422.5703936880661,8782.26155787864,9.610776124023444,9.85894800101479,50.0,12.131584940610965,2302.786376953125,12.131584940610965,86.13425307833785,86.13425307833785,0.0,0.0,5.208333333333333,0.36638087806051356,426.2167428145716,161.98924870566304,297.7384421213592,150.0,1.0,2.2726369395961754,0.0,1841.891450263865,490.345720613441,477.9665523066951,3279.88882223117,18.492250295061705,0.0,486.8727964637168,86.13425307833785,97.05267952488772,41.666666666666664,12.379168306745884,191703555.20905304,95824833.33333333,10.0,1.0,7.853981633974483,20.0,2.5,98.17477042468104,8782.26155787864,9.610776124023444,9.85894800101479,50.0,12.131584940610965,2302.786376953125,426.2167428145716,5.208333333333333,0.36638087806051356,161.98924870566304
406,0.645316,1.0,1,1188.6020231184764,0.0,490.345720613441,9.610776124023444,76.88620899218755,86.496985116211,1188.6020231184766,109.05031098480083,0.0,1590.2415413090146,1.0,0.0,0.0,12.63559674406737,0.0,424.83166744296426,8782.26155787864,9.610776124023444,9.85894800101479,50.0,12.131584940610965,2302.786376953125,12.131584940610965,86.13425307833785,86.13425307833785,0.0,0.0,5.208333333333333,0.36638087806051356,426.2167428145716,161.98924870566304,297.7384421213592,150.0,1.0,2.2726369395961754,0.0,1841.891450263865,490.345720613441,477.9665523066951,3279.88882223117,18.492250295061705,0.0,486.8727964637168,86.13425307833785,97.05267952488772,41.666666666666664,12.379168306745884,191703555.20905304,95824833.33333333,10.0,1.0,7.853981633974483,20.0,2.5,98.17477042468104,8782.26155787864,9.610776124023444,9.85894800101479,50.0,12.131584940610965,2302.786376953125,426.2167428145716,5.208333333333333,0.36638087806051356,161.98924870566304
407,0.662672,1.0,1,1220.569891129256,0.0,490.345720613441,9.610776124023444,76.88620899218755,86.496985116211,1220.5698911292561,141.01817899558034,0.0,1724.208811354816,1.0,0.0,0.0,12.63559674406737,0.0,427.09294119786244,8782.26155787864,9.610776124023444,9.85894800101479,50.0,12.131584940610965,2302.786376953125,12.131584940610965,86.13425307833785,86.13425307833785,0.0,0.0,5.208333333333333,0.36638087806051356,426.2167428145716,161.98924870566304,297.7384421213592,150.0,1.0,2.2726369395961754,0.0,1841.891450263865,490.345720613441,477.9665523066951,3279.88882223117,18.492250295061705,0.0,486.8727964637168,86.13425307833785,97.05267952488772,41.666666666666664,12.379168306745884,191703555.20905304,95824833.33333333,10.0,1.0,7.853981633974483,20.0,2.5,98.17477042468104,8782.26155787864,9.610776124023444,9.85894800101479,50.0,12.131584940610965,2302.786376953125,426.2167428145716,5.208333333333333,0.36638087806051356,161.98924870566304
408,0.344838,1.0,1,635.1541639260906,0.0,45.075442661069296,0.8834786761569582,7.0678294092556655,7.951308085412624,635.1541639260905,0.0,0.0,1724.208811354816,-0.0,0.0,8.727297447866485,3.7301911850199367,0.0,429.3542149527606,8782.26155787864,9.610776124023444,9.85894800101479,50.0,12.131584940610965,2302.786376953125,12.131584940610965,86.13425307833785,86.13425307833785,0.0,0.0,5.208333333333333,0.36638087806051356,426.2167428145716,161.98924870566304,297.7384421213592,150.0,1.0,2.2726369395961754,0.0,1841.891450263865,490.345720613441,477.9665523066951,3279.88882223117,18.492250295061705,0.0,486.8727964637168,86.13425307833785,97.05267952488772,41.666666666666664,12.379168306745884,191703555.20905304,95824833.33333333,10.0,1.0,7.853981633974483,20.0,2.5,98.17477042468104,8782.26155787864,9.610776124023444,9.85894800101479,50.0,12.131584940610965,2302.786376953125,426.2167428145716,5.208333333333333,0.36638087806051356,161.98924870566304
409,0.279202,1.0,1,514.2597766965716,0.0,380.3612011489061,7.455079542518559,59.640636340148475,67.09571588266704,969.7827623272913,0.0,455.52298563071963,1244.710931743532,-0.0,0.0,2.1556965815048836,1.530500795729239,0.0,431.6154887076588,8782.26155787864,9.610776124023444,9.85894800101479,50.0,12.131584940610965,2302.786376953125,12.131584940610965,86.13425307833785,86.13425307833785,0.0,0.0,5.208333333333333,0.36638087806051356,426.2167428145716,161.98924870566304,297.7384421213592,150.0,1.0,2.2726369395961754,0.0,1841.891450263865,490.345720613441,477.9665523066951,3279.88882223117,18.492250295061705,0.0,486.8727964637168,86.13425307833785,97.05267952488772,41.666666666666664,12.379168306745884,191703555.20905304,95824833.33333333,10.0,1.0,7.853981633974483,20.0,2.5,98.17477042468104,8782.26155787864,9.610776124023444,9.85894800101479,50.0,12.131584940610965,2302.786376953125,426.2167428145716,5.208333333333333,0.36638087806051356,161.98924870566304
410,0.231932,-0.0,1,427.1935678425987,0.0,254.2381823873515,4.983068374792089,39.864546998336714,44.847615373128804,427.19356784259867,0.0,0.0,1244.710931743532,1.0,4.983068374792089,0.0,6.413907803025486,0.0,421.70699825437765,0.0,0.0,9.85894800101479,50.0,0.0,0.0,0.0,0.0,0.0,0.0,0.0,5.208333333333333,0.36638087806051356,0.0,161.98924870566304,9080.0,150.0,0.0,0.0,9.858948001014781,1841.891450263865,490.345720613441,477.9665523066951,3279.88882223117,18.492250295061705,0.0,486.8727964637168,86.13425307833785,97.05267952488772,41.666666666666664,12.379168306745884,191703555.20905304,95824833.33333333,10.0,1.0,7.853981633974483,20.0,2.5,98.17477042468104,8782.26155787864,9.610776124023444,9.85894800101479,50.0,12.131584940610965,2302.786376953125,426.2167428145716,5.208333333333333,0.36638087806051356,161.98924870566304
411,0.203669,1.0,1,375.1361897837911,0.0,490.345720613441,9.610776124023444,76.88620899218755,86.496985116211,1079.5517121336757,0.0,704.4155223498846,503.22090821733775,-0.0,0.0,0.0,6.413907803025486,0.0,423.96827200927584,8782.26155787864,9.610776124023444,9.85894800101479,50.0,12.131584940610965,2302.786376953125,12.131584940610965,86.13425307833785,86.13425307833785,0.0,0.0,5.208333333333333,0.36638087806051356,426.2167428145716,161.98924870566304,297.7384421213592,150.0,1.0,2.2726369395961754,0.0,1841.891450263865,490.345720613441,477.9665523066951,3279.88882223117,18.492250295061705,0.0,486.8727964637168,86.13425307833785,97.05267952488772,41.666666666666664,12.379168306745884,191703555.20905304,95824833.33333333,10.0,1.0,7.853981633974483,20.0,2.5,98.17477042468104,8782.26155787864,9.610776124023444,9.85894800101479,50.0,12.131584940610965,2302.786376953125,426.2167428145716,5.208333333333333,0.36638087806051356,161.98924870566304
412,0.188154,-0.0,1,346.5592439329472,0.0,176.64549194311408,3.462251642085036,27.698013136680288,31.160264778765324,346.5592439329472,0.0,0.0,503.22090821733775,1.0,3.462251642085036,0.0,9.80691441226882,0.0,414.0597815559946,0.0,0.0,9.85894800101479,50.0,0.0,0.0,0.0,0.0,0.0,0.0,0.0,5.208333333333333,0.36638087806051356,0.0,161.98924870566304,9080.0,150.0,-0.0,0.0,9.85894800101479,1841.891450263865,490.345720613441,477.9665523066951,3279.88882223117,18.492250295061705,0.0,486.8727964637168,86.13425307833785,97.05267952488772,41.666666666666664,12.379168306745884,191703555.20905304,95824833.33333333,10.0,1.0,7.853981633974483,20.0,2.5,98.17477042468104,8782.26155787864,9.610776124023444,9.85894800101479,50.0,12.131584940610965,2302.786376953125,426.2167428145716,5.208333333333333,0.36638087806051356,161.98924870566304
413,0.180157,1.0,1,331.8296380051871,0.0,0.0,0.0,0.0,0.0,590.167069132637,0.0,258.33743112744986,231.2867701884432,0.0,0.0,9.610776124023444,0.0,0.0,416.32105531089286,8782.26155787864,9.610776124023444,9.85894800101479,50.0,12.131584940610965,2302.786376953125,12.131584940610965,86.13425307833785,86.13425307833785,0.0,0.0,5.208333333333333,0.36638087806051356,426.2167428145716,161.98924870566304,297.7384421213592,150.0,1.0,2.2726369395961754,0.0,1841.891450263865,490.345720613441,477.9665523066951,3279.88882223117,18.492250295061705,0.0,486.8727964637168,86.13425307833785,97.05267952488772,41.666666666666664,12.379168306745884,191703555.20905304,95824833.33333333,10.0,1.0,7.853981633974483,20.0,2.5,98.17477042468104,8782.26155787864,9.610776124023444,9.85894800101479,50.0,12.131584940610965,2302.786376953125,426.2167428145716,5.208333333333333,0.36638087806051356,161.98924870566304
414,0.17149,-0.0,1,315.8659648057502,0.0,147.11000394542646,2.8833560773303586,23.06684861864287,25.950204695973227,315.8659648057502,0.0,0.0,231.2867701884432,1.0,2.883356077330358,0.0,2.825688955783751,0.0,406.41256485761164,0.0,0.0,9.85894800101479,50.0,0.0,0.0,0.0,0.0,0.0,0.0,0.0,5.208333333333333,0.36638087806051356,0.0,161.98924870566304,9080.0,150.0,-0.0,0.0,9.85894800101479,1841.891450263865,490.345720613441,477.9665523066951,3279.88882223117,18.492250295061705,0.0,486.8727964637168,86.13425307833785,97.05267952488772,41.666666666666664,12.379168306745884,191703555.20905304,95824833.33333333,10.0,1.0,7.853981633974483,20.0,2.5,98.17477042468104,8782.26155787864,9.610776124023444,9.85894800101479,50.0,12.131584940610965,2302.786376953125,426.2167428145716,5.208333333333333,0.36638087806051356,161.98924870566304
415,0.1608899999999999,-0.0,1,296.34191543295304,0.0,128.3224275666763,2.515119580306856,20.120956642454846,22.6360762227617,296.34191543295304,0.0,0.0,231.2867701884432,1.0,2.5151195803068553,0.0,5.290506144484471,0.0,396.5040744043304,0.0,0.0,9.85894800101479,50.0,0.0,0.0,0.0,0.0,0.0,0.0,0.0,5.208333333333333,0.36638087806051356,0.0,161.98924870566304,9080.0,150.0,-0.0,0.0,9.85894800101479,1841.891450263865,490.345720613441,477.9665523066951,3279.88882223117,18.492250295061705,0.0,486.8727964637168,86.13425307833785,97.05267952488772,41.666666666666664,12.379168306745884,191703555.20905304,95824833.33333333,10.0,1.0,7.853981633974483,20.0,2.5,98.17477042468104,8782.26155787864,9.610776124023444,9.85894800101479,50.0,12.131584940610965,2302.786376953125,426.2167428145716,5.208333333333333,0.36638087806051356,161.98924870566304
416,0.1585569999999999,-0.0,1,292.0447826794874,0.0,124.18738835048534,2.4340728116695125,19.4725824933561,21.906655305025613,292.0447826794874,0.0,0.0,231.2867701884432,1.0,2.4340728116695125,0.0,7.675897499920593,0.0,386.5955839510492,0.0,0.0,9.85894800101479,50.0,0.0,0.0,0.0,0.0,0.0,0.0,0.0,5.208333333333333,0.36638087806051356,0.0,161.98924870566304,9080.0,150.0,-0.0,0.0,9.85894800101479,1841.891450263865,490.345720613441,477.9665523066951,3279.88882223117,18.492250295061705,0.0,486.8727964637168,86.13425307833785,97.05267952488772,41.666666666666664,12.379168306745884,191703555.20905304,95824833.33333333,10.0,1.0,7.853981633974483,20.0,2.5,98.17477042468104,8782.26155787864,9.610776124023444,9.85894800101479,50.0,12.131584940610965,2302.786376953125,426.2167428145716,5.208333333333333,0.36638087806051356,161.98924870566304
417,0.181521,-0.0,1,334.341977943347,0.0,164.889077403468,3.231825917107973,25.854607336863783,29.086433253971755,334.34197794334705,0.0,0.0,231.2867701884432,1.0,3.231825917107973,0.0,10.843086898686407,0.0,376.68709349776805,0.0,0.0,9.85894800101479,50.0,0.0,0.0,0.0,0.0,0.0,0.0,0.0,5.208333333333333,0.36638087806051356,0.0,161.98924870566304,9080.0,150.0,-0.0,0.0,9.85894800101479,1841.891450263865,490.345720613441,477.9665523066951,3279.88882223117,18.492250295061705,0.0,486.8727964637168,86.13425307833785,97.05267952488772,41.666666666666664,12.379168306745884,191703555.20905304,95824833.33333333,10.0,1.0,7.853981633974483,20.0,2.5,98.17477042468104,8782.26155787864,9.610776124023444,9.85894800101479,50.0,12.131584940610965,2302.786376953125,426.2167428145716,5.208333333333333,0.36638087806051356,161.98924870566304
418,0.238249,-0.0,1,438.82879613391555,0.0,265.4345144613669,5.202516483442792,41.620131867542334,46.822648350985126,438.82879613391555,0.0,0.0,231.2867701884432,1.0,5.202516483442792,0.0,15.941553052460343,0.0,366.77860304448683,0.0,0.0,9.85894800101479,50.0,0.0,0.0,0.0,0.0,0.0,0.0,0.0,5.208333333333333,0.36638087806051356,0.0,161.98924870566304,9080.0,150.0,-0.0,0.0,9.85894800101479,1841.891450263865,490.345720613441,477.9665523066951,3279.88882223117,18.492250295061705,0.0,486.8727964637168,86.13425307833785,97.05267952488772,41.666666666666664,12.379168306745884,191703555.20905304,95824833.33333333,10.0,1.0,7.853981633974483,20.0,2.5,98.17477042468104,8782.26155787864,9.610776124023444,9.85894800101479,50.0,12.131584940610965,2302.786376953125,426.2167428145716,5.208333333333333,0.36638087806051356,161.98924870566304
419,0.318364,1.0,1,586.3919296718051,0.0,0.0,0.0,0.0,0.0,590.167069132637,0.0,3.775139460835773,227.31293917703712,-0.0,0.0,9.610776124023444,6.134638640191522,0.0,369.039876799385,8782.26155787864,9.610776124023444,9.85894800101479,50.0,12.131584940610965,2302.786376953125,12.131584940610965,86.13425307833785,86.13425307833785,0.0,0.0,5.208333333333333,0.36638087806051356,426.2167428145716,161.98924870566304,297.7384421213592,150.0,1.0,2.2726369395961754,0.0,1841.891450263865,490.345720613441,477.9665523066951,3279.88882223117,18.492250295061705,0.0,486.8727964637168,86.13425307833785,97.05267952488772,41.666666666666664,12.379168306745884,191703555.20905304,95824833.33333333,10.0,1.0,7.853981633974483,20.0,2.5,98.17477042468104,8782.26155787864,9.610776124023444,9.85894800101479,50.0,12.131584940610965,2302.786376953125,426.2167428145716,5.208333333333333,0.36638087806051356,161.98924870566304
420,0.398761,1.0,1,734.474476598669,0.0,360.96218556793036,7.074858837131435,56.59887069705148,63.67372953418292,950.4217688168542,0.0,215.94729221818528,0.0,-0.0,0.0,2.5359172868920083,3.546967939281309,0.0,371.3011505542832,8782.26155787864,9.610776124023444,9.85894800101479,50.0,12.131584940610965,2302.786376953125,12.131584940610965,86.13425307833785,86.13425307833785,0.0,0.0,5.208333333333333,0.36638087806051356,426.2167428145716,161.98924870566304,297.7384421213592,150.0,1.0,2.2726369395961754,0.0,1841.891450263865,490.345720613441,477.9665523066951,3279.88882223117,18.492250295061705,0.0,486.8727964637168,86.13425307833785,97.05267952488772,41.666666666666664,12.379168306745884,191703555.20905304,95824833.33333333,10.0,1.0,7.853981633974483,20.0,2.5,98.17477042468104,8782.26155787864,9.610776124023444,9.85894800101479,50.0,12.131584940610965,2302.786376953125,426.2167428145716,5.208333333333333,0.36638087806051356,161.98924870566304
421,0.465291,-0.0,1,857.015514784724,0.0,490.345720613441,9.610776124023444,76.88620899218755,86.496985116211,857.015514784724,184.45899321757307,0.0,175.2360435566944,1.0,9.610776124023444,0.0,12.965528540824273,0.0,361.39266010100204,0.0,0.0,9.85894800101479,50.0,0.0,0.0,0.0,0.0,0.0,0.0,0.0,5.208333333333333,0.36638087806051356,0.0,161.98924870566304,9080.0,150.0,0.0,0.0,9.858948001014781,1841.891450263865,490.345720613441,477.9665523066951,3279.88882223117,18.492250295061705,0.0,486.8727964637168,86.13425307833785,97.05267952488772,41.666666666666664,12.379168306745884,191703555.20905304,95824833.33333333,10.0,1.0,7.853981633974483,20.0,2.5,98.17477042468104,8782.26155787864,9.610776124023444,9.85894800101479,50.0,12.131584940610965,2302.786376953125,426.2167428145716,5.208333333333333,0.36638087806051356,161.98924870566304
422,0.508156,1.0,1,935.9681918002847,0.0,346.4802239065044,6.791012388567486,54.32809910853989,61.119111497107376,935.9681918002847,0.0,0.0,175.2360435566944,-0.0,0.0,2.819763735455957,10.088218606685542,0.0,363.6539338559002,8782.26155787864,9.610776124023444,9.85894800101479,50.0,12.131584940610965,2302.786376953125,12.131584940610965,86.13425307833785,86.13425307833785,0.0,0.0,5.208333333333333,0.36638087806051356,426.2167428145716,161.98924870566304,297.7384421213592,150.0,1.0,2.2726369395961754,0.0,1841.891450263865,490.345720613441,477.9665523066951,3279.88882223117,18.492250295061705,0.0,486.8727964637168,86.13425307833785,97.05267952488772,41.666666666666664,12.379168306745884,191703555.20905304,95824833.33333333,10.0,1.0,7.853981633974483,20.0,2.5,98.17477042468104,8782.26155787864,9.610776124023444,9.85894800101479,50.0,12.131584940610965,2302.786376953125,426.2167428145716,5.208333333333333,0.36638087806051356,161.98924870566304
423,0.518204,1.0,1,954.4755170925358,0.0,365.02389479369447,7.154468337956411,57.23574670365129,64.3902150416077,954.4755170925358,0.0,0.0,175.2360435566944,-0.0,0.0,2.456307786067032,7.581782090290612,0.0,365.91520761079846,8782.26155787864,9.610776124023444,9.85894800101479,50.0,12.131584940610965,2302.786376953125,12.131584940610965,86.13425307833785,86.13425307833785,0.0,0.0,5.208333333333333,0.36638087806051356,426.2167428145716,161.98924870566304,297.7384421213592,150.0,1.0,2.2726369395961754,0.0,1841.891450263865,490.345720613441,477.9665523066951,3279.88882223117,18.492250295061705,0.0,486.8727964637168,86.13425307833785,97.05267952488772,41.666666666666664,12.379168306745884,191703555.20905304,95824833.33333333,10.0,1.0,7.853981633974483,20.0,2.5,98.17477042468104,8782.26155787864,9.610776124023444,9.85894800101479,50.0,12.131584940610965,2302.786376953125,426.2167428145716,5.208333333333333,0.36638087806051356,161.98924870566304
424,0.501976,1.0,1,924.5853026376539,0.0,335.07498046673163,6.56746961714794,52.53975693718352,59.10722655433146,924.5853026376539,0.0,0.0,175.2360435566944,-0.0,0.0,3.0433065068755036,4.476367287356425,0.0,368.17648136569665,8782.26155787864,9.610776124023444,9.85894800101479,50.0,12.131584940610965,2302.786376953125,12.131584940610965,86.13425307833785,86.13425307833785,0.0,0.0,5.208333333333333,0.36638087806051356,426.2167428145716,161.98924870566304,297.7384421213592,150.0,1.0,2.2726369395961754,0.0,1841.891450263865,490.345720613441,477.9665523066951,3279.88882223117,18.492250295061705,0.0,486.8727964637168,86.13425307833785,97.05267952488772,41.666666666666664,12.379168306745884,191703555.20905304,95824833.33333333,10.0,1.0,7.853981633974483,20.0,2.5,98.17477042468104,8782.26155787864,9.610776124023444,9.85894800101479,50.0,12.131584940610965,2302.786376953125,426.2167428145716,5.208333333333333,0.36638087806051356,161.98924870566304
425,0.47556,-0.0,1,875.9298980874836,0.0,490.345720613441,9.610776124023444,76.88620899218755,86.496985116211,875.9298980874836,203.37337652033264,0.0,368.4407512510104,1.0,9.610776124023444,0.0,13.8949278888994,0.0,358.2679909124155,0.0,0.0,9.85894800101479,50.0,0.0,0.0,0.0,0.0,0.0,0.0,0.0,5.208333333333333,0.36638087806051356,0.0,161.98924870566304,9080.0,150.0,0.0,0.0,9.858948001014781,1841.891450263865,490.345720613441,477.9665523066951,3279.88882223117,18.492250295061705,0.0,486.8727964637168,86.13425307833785,97.05267952488772,41.666666666666664,12.379168306745884,191703555.20905304,95824833.33333333,10.0,1.0,7.853981633974483,20.0,2.5,98.17477042468104,8782.26155787864,9.610776124023444,9.85894800101479,50.0,12.131584940610965,2302.786376953125,426.2167428145716,5.208333333333333,0.36638087806051356,161.98924870566304
426,0.44981,1.0,1,828.501193243189,0.0,238.8021763762495,4.68052265697449,37.44418125579592,42.12470391277041,828.501193243189,0.0,0.0,368.4407512510104,-0.0,0.0,4.930253467048954,8.864057004155569,0.0,360.52926466731367,8782.26155787864,9.610776124023444,9.85894800101479,50.0,12.131584940610965,2302.786376953125,12.131584940610965,86.13425307833785,86.13425307833785,0.0,0.0,5.208333333333333,0.36638087806051356,426.2167428145716,161.98924870566304,297.7384421213592,150.0,1.0,2.2726369395961754,0.0,1841.891450263865,490.345720613441,477.9665523066951,3279.88882223117,18.492250295061705,0.0,486.8727964637168,86.13425307833785,97.05267952488772,41.666666666666664,12.379168306745884,191703555.20905304,95824833.33333333,10.0,1.0,7.853981633974483,20.0,2.5,98.17477042468104,8782.26155787864,9.610776124023444,9.85894800101479,50.0,12.131584940610965,2302.786376953125,426.2167428145716,5.208333333333333,0.36638087806051356,161.98924870566304
427,0.423644,1.0,1,780.3062615555848,0.0,190.51259711328984,3.734046903420481,29.872375227363847,33.606422130784324,780.3062615555848,0.0,0.0,368.4407512510104,-0.0,0.0,5.876729220602963,2.8673945341525457,0.0,362.79053842221185,8782.26155787864,9.610776124023444,9.85894800101479,50.0,12.131584940610965,2302.786376953125,12.131584940610965,86.13425307833785,86.13425307833785,0.0,0.0,5.208333333333333,0.36638087806051356,426.2167428145716,161.98924870566304,297.7384421213592,150.0,1.0,2.2726369395961754,0.0,1841.891450263865,490.345720613441,477.9665523066951,3279.88882223117,18.492250295061705,0.0,486.8727964637168,86.13425307833785,97.05267952488772,41.666666666666664,12.379168306745884,191703555.20905304,95824833.33333333,10.0,1.0,7.853981633974483,20.0,2.5,98.17477042468104,8782.26155787864,9.610776124023444,9.85894800101479,50.0,12.131584940610965,2302.786376953125,426.2167428145716,5.208333333333333,0.36638087806051356,161.98924870566304
428,0.404171,-0.0,1,744.4391093445965,0.0,490.345720613441,9.610776124023444,76.88620899218755,86.496985116211,672.556521567151,0.0,0.0,368.4407512510104,1.0,9.610776124023444,0.0,12.285955135695524,0.0,352.8820479689307,0.0,0.0,9.85894800101479,50.0,0.0,0.0,0.0,0.0,0.0,0.0,0.0,5.208333333333333,0.36638087806051356,0.0,161.98924870566304,9080.0,150.0,0.0,0.0,9.858948001014781,1841.891450263865,490.345720613441,477.9665523066951,3279.88882223117,18.492250295061705,0.0,486.8727964637168,86.13425307833785,97.05267952488772,41.666666666666664,12.379168306745884,191703555.20905304,95824833.33333333,10.0,1.0,7.853981633974483,20.0,2.5,98.17477042468104,8782.26155787864,9.610776124023444,9.85894800101479,50.0,12.131584940610965,2302.786376953125,426.2167428145716,5.208333333333333,0.36638087806051356,161.98924870566304
429,0.395136,1.0,1,727.7976200914625,0.0,137.90083659855864,2.7028563973317494,21.622851178653995,24.325707575985746,727.7976200914625,0.0,0.0,368.4407512510104,-0.0,0.0,6.907919726691694,5.237057455397876,0.0,355.1433217238289,8782.26155787864,9.610776124023444,9.85894800101479,50.0,12.131584940610965,2302.786376953125,12.131584940610965,86.13425307833785,86.13425307833785,0.0,0.0,5.208333333333333,0.36638087806051356,426.2167428145716,161.98924870566304,297.7384421213592,150.0,1.0,2.2726369395961754,0.0,1841.891450263865,490.345720613441,477.9665523066951,3279.88882223117,18.492250295061705,0.0,486.8727964637168,86.13425307833785,97.05267952488772,41.666666666666664,12.379168306745884,191703555.20905304,95824833.33333333,10.0,1.0,7.853981633974483,20.0,2.5,98.17477042468104,8782.26155787864,9.610776124023444,9.85894800101479,50.0,12.131584940610965,2302.786376953125,426.2167428145716,5.208333333333333,0.36638087806051356,161.98924870566304
430,0.408767,1.0,1,752.9044424500092,0.0,490.345720613441,9.610776124023444,76.88620899218755,86.496985116211,1079.5517121336757,0.0,326.647269683666,24.601520005046137,-0.0,0.0,0.0,5.237057455397876,0.0,357.40459547872683,8782.26155787864,9.610776124023444,9.85894800101479,50.0,12.131584940610965,2302.786376953125,12.131584940610965,86.13425307833785,86.13425307833785,0.0,0.0,5.208333333333333,0.36638087806051356,426.2167428145716,161.98924870566304,297.7384421213592,150.0,1.0,2.2726369395961754,0.0,1841.891450263865,490.345720613441,477.9665523066951,3279.88882223117,18.492250295061705,0.0,486.8727964637168,86.13425307833785,97.05267952488772,41.666666666666664,12.379168306745884,191703555.20905304,95824833.33333333,10.0,1.0,7.853981633974483,20.0,2.5,98.17477042468104,8782.26155787864,9.610776124023444,9.85894800101479,50.0,12.131584940610965,2302.786376953125,426.2167428145716,5.208333333333333,0.36638087806051356,161.98924870566304
431,0.431535,1.0,1,794.840626989617,0.0,228.49284784354722,4.478459817733525,35.8276785418682,40.306138359601725,818.2120709944109,0.0,23.37144400479383,0.0,-0.0,0.0,5.132316306289918,0.0,0.0,359.665869233625,8782.26155787864,9.610776124023444,9.85894800101479,50.0,12.131584940610965,2302.786376953125,12.131584940610965,86.13425307833785,86.13425307833785,0.0,0.0,5.208333333333333,0.36638087806051356,426.2167428145716,161.98924870566304,297.7384421213592,150.0,1.0,2.2726369395961754,0.0,1841.891450263865,490.345720613441,477.9665523066951,3279.88882223117,18.492250295061705,0.0,486.8727964637168,86.13425307833785,97.05267952488772,41.666666666666664,12.379168306745884,191703555.20905304,95824833.33333333,10.0,1.0,7.853981633974483,20.0,2.5,98.17477042468104,8782.26155787864,9.610776124023444,9.85894800101479,50.0,12.131584940610965,2302.786376953125,426.2167428145716,5.208333333333333,0.36638087806051356,161.98924870566304
432,0.557046,-0.0,1,1026.018264803685,0.0,490.345720613441,9.610776124023444,76.88620899218755,86.496985116211,1026.018264803685,353.4617432365341,0.0,335.7886560747074,1.0,9.610776124023444,0.0,9.418560601542975,0.0,349.75737878034386,0.0,0.0,9.85894800101479,50.0,0.0,0.0,0.0,0.0,0.0,0.0,0.0,5.208333333333333,0.36638087806051356,0.0,161.98924870566304,9080.0,150.0,0.0,0.0,9.858948001014781,1841.891450263865,490.345720613441,477.9665523066951,3279.88882223117,18.492250295061705,0.0,486.8727964637168,86.13425307833785,97.05267952488772,41.666666666666664,12.379168306745884,191703555.20905304,95824833.33333333,10.0,1.0,7.853981633974483,20.0,2.5,98.17477042468104,8782.26155787864,9.610776124023444,9.85894800101479,50.0,12.131584940610965,2302.786376953125,426.2167428145716,5.208333333333333,0.36638087806051356,161.98924870566304
433,0.526137,1.0,1,969.087241967479,0.0,490.345720613441,9.610776124023444,76.88620899218755,86.496985116211,1079.5517121336757,0.0,110.46447016619663,219.51026642607934,-0.0,0.0,0.0,9.418560601542975,0.0,352.01865253524204,8782.26155787864,9.610776124023444,9.85894800101479,50.0,12.131584940610965,2302.786376953125,12.131584940610965,86.13425307833785,86.13425307833785,0.0,0.0,5.208333333333333,0.36638087806051356,426.2167428145716,161.98924870566304,297.7384421213592,150.0,1.0,2.2726369395961754,0.0,1841.891450263865,490.345720613441,477.9665523066951,3279.88882223117,18.492250295061705,0.0,486.8727964637168,86.13425307833785,97.05267952488772,41.666666666666664,12.379168306745884,191703555.20905304,95824833.33333333,10.0,1.0,7.853981633974483,20.0,2.5,98.17477042468104,8782.26155787864,9.610776124023444,9.85894800101479,50.0,12.131584940610965,2302.786376953125,426.2167428145716,5.208333333333333,0.36638087806051356,161.98924870566304
434,0.501978,1.0,1,924.5889864205544,0.0,335.07867148402613,6.567541961086912,52.54033568869529,59.1078776497822,924.5889864205544,0.0,0.0,219.51026642607934,-0.0,0.0,3.043234162936532,6.313219618954677,0.0,354.27992629014165,8782.26155787864,9.610776124023444,9.85894800101479,50.0,12.131584940610965,2302.786376953125,12.131584940610965,86.13425307833785,86.13425307833785,0.0,0.0,5.208333333333333,0.36638087806051356,426.2167428145716,161.98924870566304,297.7384421213592,150.0,1.0,2.2726369395961754,0.0,1841.891450263865,490.345720613441,477.9665523066951,3279.88882223117,18.492250295061705,0.0,486.8727964637168,86.13425307833785,97.05267952488772,41.666666666666664,12.379168306745884,191703555.20905304,95824833.33333333,10.0,1.0,7.853981633974483,20.0,2.5,98.17477042468104,8782.26155787864,9.610776124023444,9.85894800101479,50.0,12.131584940610965,2302.786376953125,426.2167428145716,5.208333333333333,0.36638087806051356,161.98924870566304
435,0.579125,1.0,1,1066.6853861340608,12.8663259996149,490.345720613441,9.610776124023444,76.88620899218755,86.496985116211,1079.5517121336757,0.0,0.0,219.51026642607934,1.0,0.0,0.0,6.313219618954677,0.0,356.54120004503983,8782.26155787864,9.610776124023444,9.85894800101479,50.0,12.131584940610965,2302.786376953125,12.131584940610965,86.13425307833785,86.13425307833785,0.0,0.0,5.208333333333333,0.36638087806051356,426.2167428145716,161.98924870566304,297.7384421213592,150.0,1.0,2.2726369395961754,0.0,1841.891450263865,490.345720613441,477.9665523066951,3279.88882223117,18.492250295061705,0.0,486.8727964637168,86.13425307833785,97.05267952488772,41.666666666666664,12.379168306745884,191703555.20905304,95824833.33333333,10.0,1.0,7.853981633974483,20.0,2.5,98.17477042468104,8782.26155787864,9.610776124023444,9.85894800101479,50.0,12.131584940610965,2302.786376953125,426.2167428145716,5.208333333333333,0.36638087806051356,161.98924870566304
436,0.659949,1.0,1,1215.5544207101875,0.0,490.345720613441,9.610776124023444,76.88620899218755,86.496985116211,1215.5544207101875,136.00270857651174,0.0,348.71283957376545,1.0,0.0,0.0,6.313219618954677,0.0,358.802473799938,8782.26155787864,9.610776124023444,9.85894800101479,50.0,12.131584940610965,2302.786376953125,12.131584940610965,86.13425307833785,86.13425307833785,0.0,0.0,5.208333333333333,0.36638087806051356,426.2167428145716,161.98924870566304,297.7384421213592,150.0,1.0,2.2726369395961754,0.0,1841.891450263865,490.345720613441,477.9665523066951,3279.88882223117,18.492250295061705,0.0,486.8727964637168,86.13425307833785,97.05267952488772,41.666666666666664,12.379168306745884,191703555.20905304,95824833.33333333,10.0,1.0,7.853981633974483,20.0,2.5,98.17477042468104,8782.26155787864,9.610776124023444,9.85894800101479,50.0,12.131584940610965,2302.786376953125,426.2167428145716,5.208333333333333,0.36638087806051356,161.98924870566304
437,0.565748,1.0,1,1042.0464042038811,0.0,452.766757916761,8.874228455168515,70.99382764134812,79.86805609651664,1042.0464042038811,0.0,0.0,348.71283957376545,-0.0,0.0,0.7365476688549284,5.5616403650210815,0.0,361.0637475548362,8782.26155787864,9.610776124023444,9.85894800101479,50.0,12.131584940610965,2302.786376953125,12.131584940610965,86.13425307833785,86.13425307833785,0.0,0.0,5.208333333333333,0.36638087806051356,426.2167428145716,161.98924870566304,297.7384421213592,150.0,1.0,2.2726369395961754,0.0,1841.891450263865,490.345720613441,477.9665523066951,3279.88882223117,18.492250295061705,0.0,486.8727964637168,86.13425307833785,97.05267952488772,41.666666666666664,12.379168306745884,191703555.20905304,95824833.33333333,10.0,1.0,7.853981633974483,20.0,2.5,98.17477042468104,8782.26155787864,9.610776124023444,9.85894800101479,50.0,12.131584940610965,2302.786376953125,426.2167428145716,5.208333333333333,0.36638087806051356,161.98924870566304
438,0.4540559999999999,1.0,1,836.3218643410092,0.0,246.63820609231317,4.834108839409338,38.672870715274705,43.506979554684044,836.3218643410092,0.0,0.0,348.71283957376545,-0.0,0.0,4.776667284614105,0.6874900745985251,0.0,363.32502130973444,8782.26155787864,9.610776124023444,9.85894800101479,50.0,12.131584940610965,2302.786376953125,12.131584940610965,86.13425307833785,86.13425307833785,0.0,0.0,5.208333333333333,0.36638087806051356,426.2167428145716,161.98924870566304,297.7384421213592,150.0,1.0,2.2726369395961754,0.0,1841.891450263865,490.345720613441,477.9665523066951,3279.88882223117,18.492250295061705,0.0,486.8727964637168,86.13425307833785,97.05267952488772,41.666666666666664,12.379168306745884,191703555.20905304,95824833.33333333,10.0,1.0,7.853981633974483,20.0,2.5,98.17477042468104,8782.26155787864,9.610776124023444,9.85894800101479,50.0,12.131584940610965,2302.786376953125,426.2167428145716,5.208333333333333,0.36638087806051356,161.98924870566304
439,0.385849,-0.0,1,710.6919741928621,0.0,490.345720613441,9.610776124023444,76.88620899218755,86.496985116211,710.6919741928621,38.13545262571114,0.0,384.94151956819104,1.0,9.610776124023444,0.0,10.1060506761415,0.0,353.4165308564532,0.0,0.0,9.85894800101479,50.0,0.0,0.0,0.0,0.0,0.0,0.0,0.0,5.208333333333333,0.36638087806051356,0.0,161.98924870566304,9080.0,150.0,-0.0,0.0,9.85894800101479,1841.891450263865,490.345720613441,477.9665523066951,3279.88882223117,18.492250295061705,0.0,486.8727964637168,86.13425307833785,97.05267952488772,41.666666666666664,12.379168306745884,191703555.20905304,95824833.33333333,10.0,1.0,7.853981633974483,20.0,2.5,98.17477042468104,8782.26155787864,9.610776124023444,9.85894800101479,50.0,12.131584940610965,2302.786376953125,426.2167428145716,5.208333333333333,0.36638087806051356,161.98924870566304
440,0.3652149999999999,1.0,1,672.6863860081172,0.0,449.09398467522476,8.802242099634405,70.41793679707524,79.22017889670965,1038.3808295978981,0.0,365.6944435897815,0.0,-0.0,0.0,0.8085340243890389,9.281015957377093,0.0,355.6778046113514,8782.26155787864,9.610776124023444,9.85894800101479,50.0,12.131584940610965,2302.786376953125,12.131584940610965,86.13425307833785,86.13425307833785,0.0,0.0,5.208333333333333,0.36638087806051356,426.2167428145716,161.98924870566304,297.7384421213592,150.0,1.0,2.2726369395961754,0.0,1841.891450263865,490.345720613441,477.9665523066951,3279.88882223117,18.492250295061705,0.0,486.8727964637168,86.13425307833785,97.05267952488772,41.666666666666664,12.379168306745884,191703555.20905304,95824833.33333333,10.0,1.0,7.853981633974483,20.0,2.5,98.17477042468104,8782.26155787864,9.610776124023444,9.85894800101479,50.0,12.131584940610965,2302.786376953125,426.2167428145716,5.208333333333333,0.36638087806051356,161.98924870566304
441,0.453366,1.0,1,835.0509592403274,0.0,245.36480512573686,4.809150180464442,38.47320144371554,43.28235162417998,835.0509592403274,0.0,0.0,0.0,-0.0,0.0,4.801625943559001,4.381397647623009,0.0,357.93907836624965,8782.26155787864,9.610776124023444,9.85894800101479,50.0,12.131584940610965,2302.786376953125,12.131584940610965,86.13425307833785,86.13425307833785,0.0,0.0,5.208333333333333,0.36638087806051356,426.2167428145716,161.98924870566304,297.7384421213592,150.0,1.0,2.2726369395961754,0.0,1841.891450263865,490.345720613441,477.9665523066951,3279.88882223117,18.492250295061705,0.0,486.8727964637168,86.13425307833785,97.05267952488772,41.666666666666664,12.379168306745884,191703555.20905304,95824833.33333333,10.0,1.0,7.853981633974483,20.0,2.5,98.17477042468104,8782.26155787864,9.610776124023444,9.85894800101479,50.0,12.131584940610965,2302.786376953125,426.2167428145716,5.208333333333333,0.36638087806051356,161.98924870566304
442,0.603997,1.0,1,1112.4969102850237,0.0,490.345720613441,9.610776124023444,76.88620899218755,86.496985116211,1112.4969102850237,32.945198151347995,0.0,31.297938243780592,1.0,0.0,0.0,4.381397647623009,0.0,360.20035212114783,8782.26155787864,9.610776124023444,9.85894800101479,50.0,12.131584940610965,2302.786376953125,12.131584940610965,86.13425307833785,86.13425307833785,0.0,0.0,5.208333333333333,0.36638087806051356,426.2167428145716,161.98924870566304,297.7384421213592,150.0,1.0,2.2726369395961754,0.0,1841.891450263865,490.345720613441,477.9665523066951,3279.88882223117,18.492250295061705,0.0,486.8727964637168,86.13425307833785,97.05267952488772,41.666666666666664,12.379168306745884,191703555.20905304,95824833.33333333,10.0,1.0,7.853981633974483,20.0,2.5,98.17477042468104,8782.26155787864,9.610776124023444,9.85894800101479,50.0,12.131584940610965,2302.786376953125,426.2167428145716,5.208333333333333,0.36638087806051356,161.98924870566304
443,0.6847770000000001,1.0,1,1261.2849016373389,0.0,490.345720613441,9.610776124023444,76.88620899218755,86.496985116211,1079.5517121336757,0.0,0.0,31.297938243780592,1.0,0.0,0.0,4.381397647623009,0.0,362.461625876046,8782.26155787864,9.610776124023444,9.85894800101479,50.0,12.131584940610965,2302.786376953125,12.131584940610965,86.13425307833785,86.13425307833785,0.0,0.0,5.208333333333333,0.36638087806051356,426.2167428145716,161.98924870566304,297.7384421213592,150.0,1.0,2.2726369395961754,0.0,1841.891450263865,490.345720613441,477.9665523066951,3279.88882223117,18.492250295061705,0.0,486.8727964637168,86.13425307833785,97.05267952488772,41.666666666666664,12.379168306745884,191703555.20905304,95824833.33333333,10.0,1.0,7.853981633974483,20.0,2.5,98.17477042468104,8782.26155787864,9.610776124023444,9.85894800101479,50.0,12.131584940610965,2302.786376953125,426.2167428145716,5.208333333333333,0.36638087806051356,161.98924870566304
444,0.69231,1.0,1,1275.1598699321762,0.0,490.345720613441,9.610776124023444,76.88620899218755,86.496985116211,1079.5517121336757,0.0,0.0,31.297938243780592,1.0,0.0,0.0,4.381397647623009,0.0,364.7228996309442,8782.26155787864,9.610776124023444,9.85894800101479,50.0,12.131584940610965,2302.786376953125,12.131584940610965,86.13425307833785,86.13425307833785,0.0,0.0,5.208333333333333,0.36638087806051356,426.2167428145716,161.98924870566304,297.7384421213592,150.0,1.0,2.2726369395961754,0.0,1841.891450263865,490.345720613441,477.9665523066951,3279.88882223117,18.492250295061705,0.0,486.8727964637168,86.13425307833785,97.05267952488772,41.666666666666664,12.379168306745884,191703555.20905304,95824833.33333333,10.0,1.0,7.853981633974483,20.0,2.5,98.17477042468104,8782.26155787864,9.610776124023444,9.85894800101479,50.0,12.131584940610965,2302.786376953125,426.2167428145716,5.208333333333333,0.36638087806051356,161.98924870566304
445,0.6571180000000001,1.0,1,1210.3400260144906,0.0,490.345720613441,9.610776124023444,76.88620899218755,86.496985116211,1079.5517121336757,0.0,0.0,31.297938243780592,1.0,0.0,0.0,4.381397647623009,0.0,366.9841733858424,8782.26155787864,9.610776124023444,9.85894800101479,50.0,12.131584940610965,2302.786376953125,12.131584940610965,86.13425307833785,86.13425307833785,0.0,0.0,5.208333333333333,0.36638087806051356,426.2167428145716,161.98924870566304,297.7384421213592,150.0,1.0,2.2726369395961754,0.0,1841.891450263865,490.345720613441,477.9665523066951,3279.88882223117,18.492250295061705,0.0,486.8727964637168,86.13425307833785,97.05267952488772,41.666666666666664,12.379168306745884,191703555.20905304,95824833.33333333,10.0,1.0,7.853981633974483,20.0,2.5,98.17477042468104,8782.26155787864,9.610776124023444,9.85894800101479,50.0,12.131584940610965,2302.786376953125,426.2167428145716,5.208333333333333,0.36638087806051356,161.98924870566304
446,0.6177440000000001,1.0,1,1137.817392051801,0.0,490.345720613441,9.610776124023444,76.88620899218755,86.496985116211,1079.5517121336757,0.0,0.0,31.297938243780592,1.0,0.0,0.0,4.381397647623009,0.0,369.24544714074057,8782.26155787864,9.610776124023444,9.85894800101479,50.0,12.131584940610965,2302.786376953125,12.131584940610965,86.13425307833785,86.13425307833785,0.0,0.0,5.208333333333333,0.36638087806051356,426.2167428145716,161.98924870566304,297.7384421213592,150.0,1.0,2.2726369395961754,0.0,1841.891450263865,490.345720613441,477.9665523066951,3279.88882223117,18.492250295061705,0.0,486.8727964637168,86.13425307833785,97.05267952488772,41.666666666666664,12.379168306745884,191703555.20905304,95824833.33333333,10.0,1.0,7.853981633974483,20.0,2.5,98.17477042468104,8782.26155787864,9.610776124023444,9.85894800101479,50.0,12.131584940610965,2302.786376953125,426.2167428145716,5.208333333333333,0.36638087806051356,161.98924870566304
447,0.616429,1.0,1,1135.395304794704,0.0,490.345720613441,9.610776124023444,76.88620899218755,86.496985116211,1079.5517121336757,0.0,0.0,31.297938243780592,1.0,0.0,0.0,4.381397647623009,0.0,371.50672089563875,8782.26155787864,9.610776124023444,9.85894800101479,50.0,12.131584940610965,2302.786376953125,12.131584940610965,86.13425307833785,86.13425307833785,0.0,0.0,5.208333333333333,0.36638087806051356,426.2167428145716,161.98924870566304,297.7384421213592,150.0,1.0,2.2726369395961754,0.0,1841.891450263865,490.345720613441,477.9665523066951,3279.88882223117,18.492250295061705,0.0,486.8727964637168,86.13425307833785,97.05267952488772,41.666666666666664,12.379168306745884,191703555.20905304,95824833.33333333,10.0,1.0,7.853981633974483,20.0,2.5,98.17477042468104,8782.26155787864,9.610776124023444,9.85894800101479,50.0,12.131584940610965,2302.786376953125,426.2167428145716,5.208333333333333,0.36638087806051356,161.98924870566304
448,0.621932,1.0,1,1145.5312334455061,0.0,490.345720613441,9.610776124023444,76.88620899218755,86.496985116211,1079.5517121336757,0.0,0.0,31.297938243780592,1.0,0.0,0.0,4.381397647623009,0.0,373.76799465053693,8782.26155787864,9.610776124023444,9.85894800101479,50.0,12.131584940610965,2302.786376953125,12.131584940610965,86.13425307833785,86.13425307833785,0.0,0.0,5.208333333333333,0.36638087806051356,426.2167428145716,161.98924870566304,297.7384421213592,150.0,1.0,2.2726369395961754,0.0,1841.891450263865,490.345720613441,477.9665523066951,3279.88882223117,18.492250295061705,0.0,486.8727964637168,86.13425307833785,97.05267952488772,41.666666666666664,12.379168306745884,191703555.20905304,95824833.33333333,10.0,1.0,7.853981633974483,20.0,2.5,98.17477042468104,8782.26155787864,9.610776124023444,9.85894800101479,50.0,12.131584940610965,2302.786376953125,426.2167428145716,5.208333333333333,0.36638087806051356,161.98924870566304
449,0.6213139999999999,1.0,1,1144.3929445292429,0.0,490.345720613441,9.610776124023444,76.88620899218755,86.496985116211,1079.5517121336757,0.0,0.0,31.297938243780592,1.0,0.0,0.0,4.381397647623009,0.0,376.0292684054352,8782.26155787864,9.610776124023444,9.85894800101479,50.0,12.131584940610965,2302.786376953125,12.131584940610965,86.13425307833785,86.13425307833785,0.0,0.0,5.208333333333333,0.36638087806051356,426.2167428145716,161.98924870566304,297.7384421213592,150.0,1.0,2.2726369395961754,0.0,1841.891450263865,490.345720613441,477.9665523066951,3279.88882223117,18.492250295061705,0.0,486.8727964637168,86.13425307833785,97.05267952488772,41.666666666666664,12.379168306745884,191703555.20905304,95824833.33333333,10.0,1.0,7.853981633974483,20.0,2.5,98.17477042468104,8782.26155787864,9.610776124023444,9.85894800101479,50.0,12.131584940610965,2302.786376953125,426.2167428145716,5.208333333333333,0.36638087806051356,161.98924870566304
450,0.632576,1.0,1,1165.1363260421147,0.0,490.345720613441,9.610776124023444,76.88620899218755,86.496985116211,1079.5517121336757,0.0,0.0,31.297938243780592,1.0,0.0,0.0,4.381397647623009,0.0,378.29054216033336,8782.26155787864,9.610776124023444,9.85894800101479,50.0,12.131584940610965,2302.786376953125,12.131584940610965,86.13425307833785,86.13425307833785,0.0,0.0,5.208333333333333,0.36638087806051356,426.2167428145716,161.98924870566304,297.7384421213592,150.0,1.0,2.2726369395961754,0.0,1841.891450263865,490.345720613441,477.9665523066951,3279.88882223117,18.492250295061705,0.0,486.8727964637168,86.13425307833785,97.05267952488772,41.666666666666664,12.379168306745884,191703555.20905304,95824833.33333333,10.0,1.0,7.853981633974483,20.0,2.5,98.17477042468104,8782.26155787864,9.610776124023444,9.85894800101479,50.0,12.131584940610965,2302.786376953125,426.2167428145716,5.208333333333333,0.36638087806051356,161.98924870566304
451,0.655744,1.0,1,1207.8092671618278,0.0,490.345720613441,9.610776124023444,76.88620899218755,86.496985116211,1207.8092671618278,128.25755502815207,0.0,153.14261552052503,1.0,0.0,0.0,4.381397647623009,0.0,380.55181591523154,8782.26155787864,9.610776124023444,9.85894800101479,50.0,12.131584940610965,2302.786376953125,12.131584940610965,86.13425307833785,86.13425307833785,0.0,0.0,5.208333333333333,0.36638087806051356,426.2167428145716,161.98924870566304,297.7384421213592,150.0,1.0,2.2726369395961754,0.0,1841.891450263865,490.345720613441,477.9665523066951,3279.88882223117,18.492250295061705,0.0,486.8727964637168,86.13425307833785,97.05267952488772,41.666666666666664,12.379168306745884,191703555.20905304,95824833.33333333,10.0,1.0,7.853981633974483,20.0,2.5,98.17477042468104,8782.26155787864,9.610776124023444,9.85894800101479,50.0,12.131584940610965,2302.786376953125,426.2167428145716,5.208333333333333,0.36638087806051356,161.98924870566304
452,0.730598,1.0,1,1345.6822097798793,0.0,490.345720613441,9.610776124023444,76.88620899218755,86.496985116211,1345.6822097798795,266.1304976462037,0.0,405.96658828441855,1.0,0.0,0.0,4.381397647623009,0.0,382.8130896701297,8782.26155787864,9.610776124023444,9.85894800101479,50.0,12.131584940610965,2302.786376953125,12.131584940610965,86.13425307833785,86.13425307833785,0.0,0.0,5.208333333333333,0.36638087806051356,426.2167428145716,161.98924870566304,297.7384421213592,150.0,1.0,2.2726369395961754,0.0,1841.891450263865,490.345720613441,477.9665523066951,3279.88882223117,18.492250295061705,0.0,486.8727964637168,86.13425307833785,97.05267952488772,41.666666666666664,12.379168306745884,191703555.20905304,95824833.33333333,10.0,1.0,7.853981633974483,20.0,2.5,98.17477042468104,8782.26155787864,9.610776124023444,9.85894800101479,50.0,12.131584940610965,2302.786376953125,426.2167428145716,5.208333333333333,0.36638087806051356,161.98924870566304
453,0.8277519999999999,1.0,1,1524.6293317388147,0.0,490.345720613441,9.610776124023444,76.88620899218755,86.496985116211,1079.5517121336757,0.0,0.0,405.96658828441855,1.0,0.0,0.0,4.381397647623009,0.0,385.07436342502797,8782.26155787864,9.610776124023444,9.85894800101479,50.0,12.131584940610965,2302.786376953125,12.131584940610965,86.13425307833785,86.13425307833785,0.0,0.0,5.208333333333333,0.36638087806051356,426.2167428145716,161.98924870566304,297.7384421213592,150.0,1.0,2.2726369395961754,0.0,1841.891450263865,490.345720613441,477.9665523066951,3279.88882223117,18.492250295061705,0.0,486.8727964637168,86.13425307833785,97.05267952488772,41.666666666666664,12.379168306745884,191703555.20905304,95824833.33333333,10.0,1.0,7.853981633974483,20.0,2.5,98.17477042468104,8782.26155787864,9.610776124023444,9.85894800101479,50.0,12.131584940610965,2302.786376953125,426.2167428145716,5.208333333333333,0.36638087806051356,161.98924870566304
454,0.899251,1.0,1,1656.3227285412308,0.0,490.345720613441,9.610776124023444,76.88620899218755,86.496985116211,1656.3227285412306,576.771016407555,0.0,953.8990538715957,1.0,0.0,0.0,4.381397647623009,0.0,387.33563717992615,8782.26155787864,9.610776124023444,9.85894800101479,50.0,12.131584940610965,2302.786376953125,12.131584940610965,86.13425307833785,86.13425307833785,0.0,0.0,5.208333333333333,0.36638087806051356,426.2167428145716,161.98924870566304,297.7384421213592,150.0,1.0,2.2726369395961754,0.0,1841.891450263865,490.345720613441,477.9665523066951,3279.88882223117,18.492250295061705,0.0,486.8727964637168,86.13425307833785,97.05267952488772,41.666666666666664,12.379168306745884,191703555.20905304,95824833.33333333,10.0,1.0,7.853981633974483,20.0,2.5,98.17477042468104,8782.26155787864,9.610776124023444,9.85894800101479,50.0,12.131584940610965,2302.786376953125,426.2167428145716,5.208333333333333,0.36638087806051356,161.98924870566304
455,0.95687,1.0,1,1762.4506720139846,0.0,490.345720613441,9.610776124023444,76.88620899218755,86.496985116211,1762.4506720139846,682.8989598803089,0.0,1602.6530657578892,1.0,0.0,0.0,4.381397647623009,0.0,389.59691093482434,8782.26155787864,9.610776124023444,9.85894800101479,50.0,12.131584940610965,2302.786376953125,12.131584940610965,86.13425307833785,86.13425307833785,0.0,0.0,5.208333333333333,0.36638087806051356,426.2167428145716,161.98924870566304,297.7384421213592,150.0,1.0,2.2726369395961754,0.0,1841.891450263865,490.345720613441,477.9665523066951,3279.88882223117,18.492250295061705,0.0,486.8727964637168,86.13425307833785,97.05267952488772,41.666666666666664,12.379168306745884,191703555.20905304,95824833.33333333,10.0,1.0,7.853981633974483,20.0,2.5,98.17477042468104,8782.26155787864,9.610776124023444,9.85894800101479,50.0,12.131584940610965,2302.786376953125,426.2167428145716,5.208333333333333,0.36638087806051356,161.98924870566304
456,0.469555,1.0,1,864.8693399286491,0.0,490.345720613441,9.610776124023444,76.88620899218755,86.496985116211,1079.5517121336757,0.0,665.2148109472139,902.4269489713483,-0.0,0.0,0.0,4.381397647623009,0.0,391.8581846897225,8782.26155787864,9.610776124023444,9.85894800101479,50.0,12.131584940610965,2302.786376953125,12.131584940610965,86.13425307833785,86.13425307833785,0.0,0.0,5.208333333333333,0.36638087806051356,426.2167428145716,161.98924870566304,297.7384421213592,150.0,1.0,2.2726369395961754,0.0,1841.891450263865,490.345720613441,477.9665523066951,3279.88882223117,18.492250295061705,0.0,486.8727964637168,86.13425307833785,97.05267952488772,41.666666666666664,12.379168306745884,191703555.20905304,95824833.33333333,10.0,1.0,7.853981633974483,20.0,2.5,98.17477042468104,8782.26155787864,9.610776124023444,9.85894800101479,50.0,12.131584940610965,2302.786376953125,426.2167428145716,5.208333333333333,0.36638087806051356,161.98924870566304
457,0.598558,1.0,1,1102.4788626870386,0.0,490.345720613441,9.610776124023444,76.88620899218755,86.496985116211,1079.5517121336757,0.0,0.0,902.4269489713483,1.0,0.0,0.0,4.381397647623009,0.0,394.11945844462076,8782.26155787864,9.610776124023444,9.85894800101479,50.0,12.131584940610965,2302.786376953125,12.131584940610965,86.13425307833785,86.13425307833785,0.0,0.0,5.208333333333333,0.36638087806051356,426.2167428145716,161.98924870566304,297.7384421213592,150.0,1.0,2.2726369395961754,0.0,1841.891450263865,490.345720613441,477.9665523066951,3279.88882223117,18.492250295061705,0.0,486.8727964637168,86.13425307833785,97.05267952488772,41.666666666666664,12.379168306745884,191703555.20905304,95824833.33333333,10.0,1.0,7.853981633974483,20.0,2.5,98.17477042468104,8782.26155787864,9.610776124023444,9.85894800101479,50.0,12.131584940610965,2302.786376953125,426.2167428145716,5.208333333333333,0.36638087806051356,161.98924870566304
458,0.6700839999999999,1.0,1,1234.2219905586114,0.0,490.345720613441,9.610776124023444,76.88620899218755,86.496985116211,1234.2219905586117,154.67027842493587,0.0,1049.3637134750375,1.0,0.0,0.0,4.381397647623009,0.0,396.38073219951895,8782.26155787864,9.610776124023444,9.85894800101479,50.0,12.131584940610965,2302.786376953125,12.131584940610965,86.13425307833785,86.13425307833785,0.0,0.0,5.208333333333333,0.36638087806051356,426.2167428145716,161.98924870566304,297.7384421213592,150.0,1.0,2.2726369395961754,0.0,1841.891450263865,490.345720613441,477.9665523066951,3279.88882223117,18.492250295061705,0.0,486.8727964637168,86.13425307833785,97.05267952488772,41.666666666666664,12.379168306745884,191703555.20905304,95824833.33333333,10.0,1.0,7.853981633974483,20.0,2.5,98.17477042468104,8782.26155787864,9.610776124023444,9.85894800101479,50.0,12.131584940610965,2302.786376953125,426.2167428145716,5.208333333333333,0.36638087806051356,161.98924870566304
459,0.710708,1.0,1,1309.0469888341308,0.0,490.345720613441,9.610776124023444,76.88620899218755,86.496985116211,1309.0469888341308,229.49527670045507,0.0,1267.3842263404697,1.0,0.0,0.0,4.381397647623009,0.0,398.64200595441713,8782.26155787864,9.610776124023444,9.85894800101479,50.0,12.131584940610965,2302.786376953125,12.131584940610965,86.13425307833785,86.13425307833785,0.0,0.0,5.208333333333333,0.36638087806051356,426.2167428145716,161.98924870566304,297.7384421213592,150.0,1.0,2.2726369395961754,0.0,1841.891450263865,490.345720613441,477.9665523066951,3279.88882223117,18.492250295061705,0.0,486.8727964637168,86.13425307833785,97.05267952488772,41.666666666666664,12.379168306745884,191703555.20905304,95824833.33333333,10.0,1.0,7.853981633974483,20.0,2.5,98.17477042468104,8782.26155787864,9.610776124023444,9.85894800101479,50.0,12.131584940610965,2302.786376953125,426.2167428145716,5.208333333333333,0.36638087806051356,161.98924870566304
460,0.7386269999999999,1.0,1,1360.4707562340477,0.0,490.345720613441,9.610776124023444,76.88620899218755,86.496985116211,1079.5517121336757,0.0,0.0,1267.3842263404697,1.0,0.0,0.0,4.381397647623009,0.0,400.9032797093153,8782.26155787864,9.610776124023444,9.85894800101479,50.0,12.131584940610965,2302.786376953125,12.131584940610965,86.13425307833785,86.13425307833785,0.0,0.0,5.208333333333333,0.36638087806051356,426.2167428145716,161.98924870566304,297.7384421213592,150.0,1.0,2.2726369395961754,0.0,1841.891450263865,490.345720613441,477.9665523066951,3279.88882223117,18.492250295061705,0.0,486.8727964637168,86.13425307833785,97.05267952488772,41.666666666666664,12.379168306745884,191703555.20905304,95824833.33333333,10.0,1.0,7.853981633974483,20.0,2.5,98.17477042468104,8782.26155787864,9.610776124023444,9.85894800101479,50.0,12.131584940610965,2302.786376953125,426.2167428145716,5.208333333333333,0.36638087806051356,161.98924870566304
461,0.750934,1.0,1,1383.1389143124452,0.0,490.345720613441,9.610776124023444,76.88620899218755,86.496985116211,1079.5517121336757,0.0,0.0,1267.3842263404697,1.0,0.0,0.0,4.381397647623009,0.0,403.1645534642135,8782.26155787864,9.610776124023444,9.85894800101479,50.0,12.131584940610965,2302.786376953125,12.131584940610965,86.13425307833785,86.13425307833785,0.0,0.0,5.208333333333333,0.36638087806051356,426.2167428145716,161.98924870566304,297.7384421213592,150.0,1.0,2.2726369395961754,0.0,1841.891450263865,490.345720613441,477.9665523066951,3279.88882223117,18.492250295061705,0.0,486.8727964637168,86.13425307833785,97.05267952488772,41.666666666666664,12.379168306745884,191703555.20905304,95824833.33333333,10.0,1.0,7.853981633974483,20.0,2.5,98.17477042468104,8782.26155787864,9.610776124023444,9.85894800101479,50.0,12.131584940610965,2302.786376953125,426.2167428145716,5.208333333333333,0.36638087806051356,161.98924870566304
462,0.7764719999999999,1.0,1,1430.1771381692836,0.0,490.345720613441,9.610776124023444,76.88620899218755,86.496985116211,1430.1771381692838,350.62542603560803,0.0,1600.4783810742974,1.0,0.0,0.0,4.381397647623009,0.0,405.4258272191117,8782.26155787864,9.610776124023444,9.85894800101479,50.0,12.131584940610965,2302.786376953125,12.131584940610965,86.13425307833785,86.13425307833785,0.0,0.0,5.208333333333333,0.36638087806051356,426.2167428145716,161.98924870566304,297.7384421213592,150.0,1.0,2.2726369395961754,0.0,1841.891450263865,490.345720613441,477.9665523066951,3279.88882223117,18.492250295061705,0.0,486.8727964637168,86.13425307833785,97.05267952488772,41.666666666666664,12.379168306745884,191703555.20905304,95824833.33333333,10.0,1.0,7.853981633974483,20.0,2.5,98.17477042468104,8782.26155787864,9.610776124023444,9.85894800101479,50.0,12.131584940610965,2302.786376953125,426.2167428145716,5.208333333333333,0.36638087806051356,161.98924870566304
463,0.764365,1.0,1,1407.877358380939,0.0,490.345720613441,9.610776124023444,76.88620899218755,86.496985116211,1407.8773583809393,328.32564624726353,0.0,1912.3877450091977,1.0,0.0,0.0,4.381397647623009,0.0,407.68710097400987,8782.26155787864,9.610776124023444,9.85894800101479,50.0,12.131584940610965,2302.786376953125,12.131584940610965,86.13425307833785,86.13425307833785,0.0,0.0,5.208333333333333,0.36638087806051356,426.2167428145716,161.98924870566304,297.7384421213592,150.0,1.0,2.2726369395961754,0.0,1841.891450263865,490.345720613441,477.9665523066951,3279.88882223117,18.492250295061705,0.0,486.8727964637168,86.13425307833785,97.05267952488772,41.666666666666664,12.379168306745884,191703555.20905304,95824833.33333333,10.0,1.0,7.853981633974483,20.0,2.5,98.17477042468104,8782.26155787864,9.610776124023444,9.85894800101479,50.0,12.131584940610965,2302.786376953125,426.2167428145716,5.208333333333333,0.36638087806051356,161.98924870566304
464,0.748305,1.0,1,1378.2965816897015,0.0,490.345720613441,9.610776124023444,76.88620899218755,86.496985116211,1378.2965816897017,298.74486955602595,0.0,2196.1953710874222,1.0,0.0,0.0,4.381397647623009,0.0,409.94837472890805,8782.26155787864,9.610776124023444,9.85894800101479,50.0,12.131584940610965,2302.786376953125,12.131584940610965,86.13425307833785,86.13425307833785,0.0,0.0,5.208333333333333,0.36638087806051356,426.2167428145716,161.98924870566304,297.7384421213592,150.0,1.0,2.2726369395961754,0.0,1841.891450263865,490.345720613441,477.9665523066951,3279.88882223117,18.492250295061705,0.0,486.8727964637168,86.13425307833785,97.05267952488772,41.666666666666664,12.379168306745884,191703555.20905304,95824833.33333333,10.0,1.0,7.853981633974483,20.0,2.5,98.17477042468104,8782.26155787864,9.610776124023444,9.85894800101479,50.0,12.131584940610965,2302.786376953125,426.2167428145716,5.208333333333333,0.36638087806051356,161.98924870566304
465,0.718537,1.0,1,1323.4671569982468,0.0,490.345720613441,9.610776124023444,76.88620899218755,86.496985116211,1323.467156998247,243.9154448645712,0.0,2427.915043708765,1.0,0.0,0.0,4.381397647623009,0.0,412.2096484838063,8782.26155787864,9.610776124023444,9.85894800101479,50.0,12.131584940610965,2302.786376953125,12.131584940610965,86.13425307833785,86.13425307833785,0.0,0.0,5.208333333333333,0.36638087806051356,426.2167428145716,161.98924870566304,297.7384421213592,150.0,1.0,2.2726369395961754,0.0,1841.891450263865,490.345720613441,477.9665523066951,3279.88882223117,18.492250295061705,0.0,486.8727964637168,86.13425307833785,97.05267952488772,41.666666666666664,12.379168306745884,191703555.20905304,95824833.33333333,10.0,1.0,7.853981633974483,20.0,2.5,98.17477042468104,8782.26155787864,9.610776124023444,9.85894800101479,50.0,12.131584940610965,2302.786376953125,426.2167428145716,5.208333333333333,0.36638087806051356,161.98924870566304
466,0.688305,1.0,1,1267.7830946738695,0.0,490.345720613441,9.610776124023444,76.88620899218755,86.496985116211,1267.7830946738695,188.23138254019375,0.0,2606.734857121949,1.0,0.0,0.0,4.381397647623009,0.0,414.4709222387045,8782.26155787864,9.610776124023444,9.85894800101479,50.0,12.131584940610965,2302.786376953125,12.131584940610965,86.13425307833785,86.13425307833785,0.0,0.0,5.208333333333333,0.36638087806051356,426.2167428145716,161.98924870566304,297.7384421213592,150.0,1.0,2.2726369395961754,0.0,1841.891450263865,490.345720613441,477.9665523066951,3279.88882223117,18.492250295061705,0.0,486.8727964637168,86.13425307833785,97.05267952488772,41.666666666666664,12.379168306745884,191703555.20905304,95824833.33333333,10.0,1.0,7.853981633974483,20.0,2.5,98.17477042468104,8782.26155787864,9.610776124023444,9.85894800101479,50.0,12.131584940610965,2302.786376953125,426.2167428145716,5.208333333333333,0.36638087806051356,161.98924870566304
467,0.666963,1.0,1,1228.4734473423382,0.0,490.345720613441,9.610776124023444,76.88620899218755,86.496985116211,1228.4734473423382,148.92173520866243,0.0,2748.210505570178,1.0,0.0,0.0,4.381397647623009,0.0,416.73219599360266,8782.26155787864,9.610776124023444,9.85894800101479,50.0,12.131584940610965,2302.786376953125,12.131584940610965,86.13425307833785,86.13425307833785,0.0,0.0,5.208333333333333,0.36638087806051356,426.2167428145716,161.98924870566304,297.7384421213592,150.0,1.0,2.2726369395961754,0.0,1841.891450263865,490.345720613441,477.9665523066951,3279.88882223117,18.492250295061705,0.0,486.8727964637168,86.13425307833785,97.05267952488772,41.666666666666664,12.379168306745884,191703555.20905304,95824833.33333333,10.0,1.0,7.853981633974483,20.0,2.5,98.17477042468104,8782.26155787864,9.610776124023444,9.85894800101479,50.0,12.131584940610965,2302.786376953125,426.2167428145716,5.208333333333333,0.36638087806051356,161.98924870566304
468,0.680819,1.0,1,1253.9946952771943,0.0,490.345720613441,9.610776124023444,76.88620899218755,86.496985116211,1253.9946952771943,174.44298314351852,0.0,2913.931339556521,1.0,0.0,0.0,4.381397647623009,0.0,418.99346974850084,8782.26155787864,9.610776124023444,9.85894800101479,50.0,12.131584940610965,2302.786376953125,12.131584940610965,86.13425307833785,86.13425307833785,0.0,0.0,5.208333333333333,0.36638087806051356,426.2167428145716,161.98924870566304,297.7384421213592,150.0,1.0,2.2726369395961754,0.0,1841.891450263865,490.345720613441,477.9665523066951,3279.88882223117,18.492250295061705,0.0,486.8727964637168,86.13425307833785,97.05267952488772,41.666666666666664,12.379168306745884,191703555.20905304,95824833.33333333,10.0,1.0,7.853981633974483,20.0,2.5,98.17477042468104,8782.26155787864,9.610776124023444,9.85894800101479,50.0,12.131584940610965,2302.786376953125,426.2167428145716,5.208333333333333,0.36638087806051356,161.98924870566304
469,0.694727,1.0,1,1279.611721567464,0.0,490.345720613441,9.610776124023444,76.88620899218755,86.496985116211,1079.5517121336757,0.0,0.0,2913.931339556521,1.0,0.0,0.0,4.381397647623009,0.0,421.2547435033991,8782.26155787864,9.610776124023444,9.85894800101479,50.0,12.131584940610965,2302.786376953125,12.131584940610965,86.13425307833785,86.13425307833785,0.0,0.0,5.208333333333333,0.36638087806051356,426.2167428145716,161.98924870566304,297.7384421213592,150.0,1.0,2.2726369395961754,0.0,1841.891450263865,490.345720613441,477.9665523066951,3279.88882223117,18.492250295061705,0.0,486.8727964637168,86.13425307833785,97.05267952488772,41.666666666666664,12.379168306745884,191703555.20905304,95824833.33333333,10.0,1.0,7.853981633974483,20.0,2.5,98.17477042468104,8782.26155787864,9.610776124023444,9.85894800101479,50.0,12.131584940610965,2302.786376953125,426.2167428145716,5.208333333333333,0.36638087806051356,161.98924870566304
470,0.706059,1.0,1,1300.484035481854,0.0,490.345720613441,9.610776124023444,76.88620899218755,86.496985116211,1079.5517121336757,0.0,0.0,2913.931339556521,1.0,0.0,0.0,4.381397647623009,0.0,423.51601725829727,8782.26155787864,9.610776124023444,9.85894800101479,50.0,12.131584940610965,2302.786376953125,12.131584940610965,86.13425307833785,86.13425307833785,0.0,0.0,5.208333333333333,0.36638087806051356,426.2167428145716,161.98924870566304,297.7384421213592,150.0,1.0,2.2726369395961754,0.0,1841.891450263865,490.345720613441,477.9665523066951,3279.88882223117,18.492250295061705,0.0,486.8727964637168,86.13425307833785,97.05267952488772,41.666666666666664,12.379168306745884,191703555.20905304,95824833.33333333,10.0,1.0,7.853981633974483,20.0,2.5,98.17477042468104,8782.26155787864,9.610776124023444,9.85894800101479,50.0,12.131584940610965,2302.786376953125,426.2167428145716,5.208333333333333,0.36638087806051356,161.98924870566304
471,0.700866,1.0,1,1290.919093180634,0.0,490.345720613441,9.610776124023444,76.88620899218755,86.496985116211,1079.5517121336757,0.0,0.0,2913.931339556521,1.0,0.0,0.0,4.381397647623009,0.0,425.77729101319545,8782.26155787864,9.610776124023444,9.85894800101479,50.0,12.131584940610965,2302.786376953125,12.131584940610965,86.13425307833785,86.13425307833785,0.0,0.0,5.208333333333333,0.36638087806051356,426.2167428145716,161.98924870566304,297.7384421213592,150.0,1.0,2.2726369395961754,0.0,1841.891450263865,490.345720613441,477.9665523066951,3279.88882223117,18.492250295061705,0.0,486.8727964637168,86.13425307833785,97.05267952488772,41.666666666666664,12.379168306745884,191703555.20905304,95824833.33333333,10.0,1.0,7.853981633974483,20.0,2.5,98.17477042468104,8782.26155787864,9.610776124023444,9.85894800101479,50.0,12.131584940610965,2302.786376953125,426.2167428145716,5.208333333333333,0.36638087806051356,161.98924870566304
472,0.681649,1.0,1,1255.5234651809133,0.0,490.345720613441,9.610776124023444,76.88620899218755,86.496985116211,1255.5234651809133,175.97175304723748,0.0,3081.1045049513964,1.0,0.0,0.0,4.381397647623009,0.0,428.03856476809364,8782.26155787864,9.610776124023444,9.85894800101479,50.0,12.131584940610965,2302.786376953125,12.131584940610965,86.13425307833785,86.13425307833785,0.0,0.0,5.208333333333333,0.36638087806051356,426.2167428145716,161.98924870566304,297.7384421213592,150.0,1.0,2.2726369395961754,0.0,1841.891450263865,490.345720613441,477.9665523066951,3279.88882223117,18.492250295061705,0.0,486.8727964637168,86.13425307833785,97.05267952488772,41.666666666666664,12.379168306745884,191703555.20905304,95824833.33333333,10.0,1.0,7.853981633974483,20.0,2.5,98.17477042468104,8782.26155787864,9.610776124023444,9.85894800101479,50.0,12.131584940610965,2302.786376953125,426.2167428145716,5.208333333333333,0.36638087806051356,161.98924870566304
473,0.657984,1.0,1,1211.9351040104189,0.0,490.345720613441,9.610776124023444,76.88620899218755,86.496985116211,1211.9351040104189,132.38339187674308,0.0,3206.8687272343022,1.0,0.0,0.0,4.381397647623009,0.0,430.2998385229919,8782.26155787864,9.610776124023444,9.85894800101479,50.0,12.131584940610965,2302.786376953125,12.131584940610965,86.13425307833785,86.13425307833785,0.0,0.0,5.208333333333333,0.36638087806051356,426.2167428145716,161.98924870566304,297.7384421213592,150.0,1.0,2.2726369395961754,0.0,1841.891450263865,490.345720613441,477.9665523066951,3279.88882223117,18.492250295061705,0.0,486.8727964637168,86.13425307833785,97.05267952488772,41.666666666666664,12.379168306745884,191703555.20905304,95824833.33333333,10.0,1.0,7.853981633974483,20.0,2.5,98.17477042468104,8782.26155787864,9.610776124023444,9.85894800101479,50.0,12.131584940610965,2302.786376953125,426.2167428145716,5.208333333333333,0.36638087806051356,161.98924870566304
474,0.627841,1.0,1,1156.4149700251153,0.0,490.345720613441,9.610776124023444,76.88620899218755,86.496985116211,1156.4149700251153,76.86325789143962,0.0,3279.88882223117,1.0,0.0,0.0,4.38139764762301,0.0,432.56111227789006,8782.26155787864,9.610776124023444,9.85894800101479,50.0,12.131584940610965,2302.786376953125,12.131584940610965,86.13425307833785,86.13425307833785,0.0,0.0,5.208333333333333,0.36638087806051356,426.2167428145716,161.98924870566304,297.7384421213592,150.0,1.0,2.2726369395961754,0.0,1841.891450263865,490.345720613441,477.9665523066951,3279.88882223117,18.492250295061705,0.0,486.8727964637168,86.13425307833785,97.05267952488772,41.666666666666664,12.379168306745884,191703555.20905304,95824833.33333333,10.0,1.0,7.853981633974483,20.0,2.5,98.17477042468104,8782.26155787864,9.610776124023444,9.85894800101479,50.0,12.131584940610965,2302.786376953125,426.2167428145716,5.208333333333333,0.36638087806051356,161.98924870566304
475,0.607588,1.0,1,1119.1111424829212,0.0,490.345720613441,9.610776124023444,76.88620899218755,86.496985116211,1079.5517121336757,0.0,0.0,3279.88882223117,1.0,0.0,0.0,4.38139764762301,0.0,434.82238603278824,8782.26155787864,9.610776124023444,9.85894800101479,50.0,12.131584940610965,2302.786376953125,12.131584940610965,86.13425307833785,86.13425307833785,0.0,0.0,5.208333333333333,0.36638087806051356,426.2167428145716,161.98924870566304,297.7384421213592,150.0,1.0,2.2726369395961754,0.0,1841.891450263865,490.345720613441,477.9665523066951,3279.88882223117,18.492250295061705,0.0,486.8727964637168,86.13425307833785,97.05267952488772,41.666666666666664,12.379168306745884,191703555.20905304,95824833.33333333,10.0,1.0,7.853981633974483,20.0,2.5,98.17477042468104,8782.26155787864,9.610776124023444,9.85894800101479,50.0,12.131584940610965,2302.786376953125,426.2167428145716,5.208333333333333,0.36638087806051356,161.98924870566304
476,0.5851799999999999,1.0,1,1077.8380388654084,0.0,488.628681949392,9.577122166208083,76.61697732966466,86.19409949587275,1077.838038865408,0.0,0.0,3279.88882223117,-0.0,0.0,0.033653957815360805,4.347056874342029,0.0,437.08365978768643,8782.26155787864,9.610776124023444,9.85894800101479,50.0,12.131584940610965,2302.786376953125,12.131584940610965,86.13425307833785,86.13425307833785,0.0,0.0,5.208333333333333,0.36638087806051356,426.2167428145716,161.98924870566304,297.7384421213592,150.0,1.0,2.2726369395961754,0.0,1841.891450263865,490.345720613441,477.9665523066951,3279.88882223117,18.492250295061705,0.0,486.8727964637168,86.13425307833785,97.05267952488772,41.666666666666664,12.379168306745884,191703555.20905304,95824833.33333333,10.0,1.0,7.853981633974483,20.0,2.5,98.17477042468104,8782.26155787864,9.610776124023444,9.85894800101479,50.0,12.131584940610965,2302.786376953125,426.2167428145716,5.208333333333333,0.36638087806051356,161.98924870566304
477,0.556065,1.0,1,1024.211369290976,0.0,434.8966976858033,8.523975274641744,68.19180219713395,76.7157774717757,1024.211369290976,0.0,0.0,3279.88882223117,-0.0,0.0,1.0868008493816994,3.2380764157892745,0.0,439.3449335425846,8782.26155787864,9.610776124023444,9.85894800101479,50.0,12.131584940610965,2302.786376953125,12.131584940610965,86.13425307833785,86.13425307833785,0.0,0.0,5.208333333333333,0.36638087806051356,426.2167428145716,161.98924870566304,297.7384421213592,150.0,1.0,2.2726369395961754,0.0,1841.891450263865,490.345720613441,477.9665523066951,3279.88882223117,18.492250295061705,0.0,486.8727964637168,86.13425307833785,97.05267952488772,41.666666666666664,12.379168306745884,191703555.20905304,95824833.33333333,10.0,1.0,7.853981633974483,20.0,2.5,98.17477042468104,8782.26155787864,9.610776124023444,9.85894800101479,50.0,12.131584940610965,2302.786376953125,426.2167428145716,5.208333333333333,0.36638087806051356,161.98924870566304
478,0.520718,1.0,1,959.1060321984993,0.0,490.345720613441,9.610776124023444,76.88620899218755,86.496985116211,1079.5517121336757,0.0,120.44567993517637,3153.1038959836155,-0.0,0.0,0.0,3.2380764157892723,0.0,441.6062072974828,8782.26155787864,9.610776124023444,9.85894800101479,50.0,12.131584940610965,2302.786376953125,12.131584940610965,86.13425307833785,86.13425307833785,0.0,0.0,5.208333333333333,0.36638087806051356,426.2167428145716,161.98924870566304,297.7384421213592,150.0,1.0,2.2726369395961754,0.0,1841.891450263865,490.345720613441,477.9665523066951,3279.88882223117,18.492250295061705,0.0,486.8727964637168,86.13425307833785,97.05267952488772,41.666666666666664,12.379168306745884,191703555.20905304,95824833.33333333,10.0,1.0,7.853981633974483,20.0,2.5,98.17477042468104,8782.26155787864,9.610776124023444,9.85894800101479,50.0,12.131584940610965,2302.786376953125,426.2167428145716,5.208333333333333,0.36638087806051356,161.98924870566304
479,0.477541,1.0,1,879.5786850504563,0.0,490.345720613441,9.610776124023444,76.88620899218755,86.496985116211,1079.5517121336757,0.0,199.97302708321934,2942.6059727381216,-0.0,0.0,0.0,3.2380764157892723,0.0,443.867481052381,8782.26155787864,9.610776124023444,9.85894800101479,50.0,12.131584940610965,2302.786376953125,12.131584940610965,86.13425307833785,86.13425307833785,0.0,0.0,5.208333333333333,0.36638087806051356,426.2167428145716,161.98924870566304,297.7384421213592,150.0,1.0,2.2726369395961754,0.0,1841.891450263865,490.345720613441,477.9665523066951,3279.88882223117,18.492250295061705,0.0,486.8727964637168,86.13425307833785,97.05267952488772,41.666666666666664,12.379168306745884,191703555.20905304,95824833.33333333,10.0,1.0,7.853981633974483,20.0,2.5,98.17477042468104,8782.26155787864,9.610776124023444,9.85894800101479,50.0,12.131584940610965,2302.786376953125,426.2167428145716,5.208333333333333,0.36638087806051356,161.98924870566304
480,0.341652,1.0,1,629.28589776555,0.0,356.7427775879308,6.992158440723443,55.93726752578755,62.92942596651099,946.2106308764955,0.0,316.92473311094545,2609.0009905160737,-0.0,0.0,2.6186176833000006,0.5660175552790676,0.0,446.12875480727917,8782.26155787864,9.610776124023444,9.85894800101479,50.0,12.131584940610965,2302.786376953125,12.131584940610965,86.13425307833785,86.13425307833785,0.0,0.0,5.208333333333333,0.36638087806051356,426.2167428145716,161.98924870566304,297.7384421213592,150.0,1.0,2.2726369395961754,0.0,1841.891450263865,490.345720613441,477.9665523066951,3279.88882223117,18.492250295061705,0.0,486.8727964637168,86.13425307833785,97.05267952488772,41.666666666666664,12.379168306745884,191703555.20905304,95824833.33333333,10.0,1.0,7.853981633974483,20.0,2.5,98.17477042468104,8782.26155787864,9.610776124023444,9.85894800101479,50.0,12.131584940610965,2302.786376953125,426.2167428145716,5.208333333333333,0.36638087806051356,161.98924870566304
481,0.346511,-0.0,1,638.2356483223822,0.0,457.3194761515773,8.963461732570915,71.70769386056732,80.67115559313824,638.2356483223822,0.0,0.0,2609.0009905160737,1.0,8.963461732570915,0.0,9.350210053198564,0.0,436.22026435399795,0.0,0.0,9.85894800101479,50.0,0.0,0.0,0.0,0.0,0.0,0.0,0.0,5.208333333333333,0.36638087806051356,0.0,161.98924870566304,9080.0,150.0,-0.0,0.0,9.85894800101479,1841.891450263865,490.345720613441,477.9665523066951,3279.88882223117,18.492250295061705,0.0,486.8727964637168,86.13425307833785,97.05267952488772,41.666666666666664,12.379168306745884,191703555.20905304,95824833.33333333,10.0,1.0,7.853981633974483,20.0,2.5,98.17477042468104,8782.26155787864,9.610776124023444,9.85894800101479,50.0,12.131584940610965,2302.786376953125,426.2167428145716,5.208333333333333,0.36638087806051356,161.98924870566304
482,0.332787,1.0,1,612.9575300589609,0.0,22.83521795351275,0.4475702718888499,3.580562175110799,4.028132446999649,612.9575300589609,0.0,0.0,2609.0009905160737,-0.0,0.0,9.163205852134594,0.0,0.0,438.48153810889613,8782.26155787864,9.610776124023444,9.85894800101479,50.0,12.131584940610965,2302.786376953125,12.131584940610965,86.13425307833785,86.13425307833785,0.0,0.0,5.208333333333333,0.36638087806051356,426.2167428145716,161.98924870566304,297.7384421213592,150.0,1.0,2.2726369395961754,0.0,1841.891450263865,490.345720613441,477.9665523066951,3279.88882223117,18.492250295061705,0.0,486.8727964637168,86.13425307833785,97.05267952488772,41.666666666666664,12.379168306745884,191703555.20905304,95824833.33333333,10.0,1.0,7.853981633974483,20.0,2.5,98.17477042468104,8782.26155787864,9.610776124023444,9.85894800101479,50.0,12.131584940610965,2302.786376953125,426.2167428145716,5.208333333333333,0.36638087806051356,161.98924870566304
483,0.29213,-0.0,1,538.0717493655828,0.0,360.9338920899921,7.074304284963845,56.59443427971076,63.668738564674605,538.0717493655828,0.0,0.0,2609.0009905160737,1.0,7.074304284963845,0.0,6.932818199264568,0.0,428.573047655615,0.0,0.0,9.85894800101479,50.0,0.0,0.0,0.0,0.0,0.0,0.0,0.0,5.208333333333333,0.36638087806051356,0.0,161.98924870566304,9080.0,150.0,0.0,0.0,9.858948001014781,1841.891450263865,490.345720613441,477.9665523066951,3279.88882223117,18.492250295061705,0.0,486.8727964637168,86.13425307833785,97.05267952488772,41.666666666666664,12.379168306745884,191703555.20905304,95824833.33333333,10.0,1.0,7.853981633974483,20.0,2.5,98.17477042468104,8782.26155787864,9.610776124023444,9.85894800101479,50.0,12.131584940610965,2302.786376953125,426.2167428145716,5.208333333333333,0.36638087806051356,161.98924870566304
484,0.235487,-0.0,1,433.74149194828675,0.0,184.8669741011693,3.623392692382918,28.987141539063344,32.610534231446266,433.7414919482867,78.63848375668859,0.0,2683.707550084928,1.0,3.623392692382918,0.0,10.483743037799828,0.0,418.6645572023338,0.0,0.0,9.85894800101479,50.0,0.0,0.0,0.0,0.0,0.0,0.0,0.0,5.208333333333333,0.36638087806051356,0.0,161.98924870566304,9080.0,150.0,-0.0,0.0,9.85894800101479,1841.891450263865,490.345720613441,477.9665523066951,3279.88882223117,18.492250295061705,0.0,486.8727964637168,86.13425307833785,97.05267952488772,41.666666666666664,12.379168306745884,191703555.20905304,95824833.33333333,10.0,1.0,7.853981633974483,20.0,2.5,98.17477042468104,8782.26155787864,9.610776124023444,9.85894800101479,50.0,12.131584940610965,2302.786376953125,426.2167428145716,5.208333333333333,0.36638087806051356,161.98924870566304
485,0.185337,-0.0,1,341.37063571755397,0.0,171.65260489981804,3.3643910560364336,26.91512844829147,30.2795195043279,341.3706357175539,0.0,0.0,2683.707550084928,1.0,3.3643910560364336,0.0,13.780846272715536,0.0,408.75606674905265,0.0,0.0,9.85894800101479,50.0,0.0,0.0,0.0,0.0,0.0,0.0,0.0,5.208333333333333,0.36638087806051356,0.0,161.98924870566304,9080.0,150.0,0.0,0.0,9.858948001014781,1841.891450263865,490.345720613441,477.9665523066951,3279.88882223117,18.492250295061705,0.0,486.8727964637168,86.13425307833785,97.05267952488772,41.666666666666664,12.379168306745884,191703555.20905304,95824833.33333333,10.0,1.0,7.853981633974483,20.0,2.5,98.17477042468104,8782.26155787864,9.610776124023444,9.85894800101479,50.0,12.131584940610965,2302.786376953125,426.2167428145716,5.208333333333333,0.36638087806051356,161.98924870566304
486,0.151251,-0.0,1,278.58792374385985,0.0,111.23813995207546,2.180267543060679,17.44214034448543,19.62240788754611,278.58792374385985,0.0,0.0,2683.707550084928,1.0,2.180267543060679,0.0,15.917508464915,0.0,398.84757629577143,0.0,0.0,9.85894800101479,50.0,0.0,0.0,0.0,0.0,0.0,0.0,0.0,5.208333333333333,0.36638087806051356,0.0,161.98924870566304,9080.0,150.0,-0.0,0.0,9.85894800101479,1841.891450263865,490.345720613441,477.9665523066951,3279.88882223117,18.492250295061705,0.0,486.8727964637168,86.13425307833785,97.05267952488772,41.666666666666664,12.379168306745884,191703555.20905304,95824833.33333333,10.0,1.0,7.853981633974483,20.0,2.5,98.17477042468104,8782.26155787864,9.610776124023444,9.85894800101479,50.0,12.131584940610965,2302.786376953125,426.2167428145716,5.208333333333333,0.36638087806051356,161.98924870566304
487,0.135045,-0.0,1,248.73823090088365,0.0,82.51441704697902,1.6172825741207888,12.93826059296631,14.5555431670871,248.73823090088365,0.0,0.0,2683.707550084928,1.0,1.6172825741207888,0.0,17.502445387553372,0.0,388.9390858424902,0.0,0.0,9.85894800101479,50.0,0.0,0.0,0.0,0.0,0.0,0.0,0.0,5.208333333333333,0.36638087806051356,0.0,161.98924870566304,9080.0,150.0,-0.0,0.0,9.85894800101479,1841.891450263865,490.345720613441,477.9665523066951,3279.88882223117,18.492250295061705,0.0,486.8727964637168,86.13425307833785,97.05267952488772,41.666666666666664,12.379168306745884,191703555.20905304,95824833.33333333,10.0,1.0,7.853981633974483,20.0,2.5,98.17477042468104,8782.26155787864,9.610776124023444,9.85894800101479,50.0,12.131584940610965,2302.786376953125,426.2167428145716,5.208333333333333,0.36638087806051356,161.98924870566304
488,0.1175639999999999,-0.0,1,216.54012645882085,0.0,51.53086773783469,1.0100050076615599,8.080040061292479,9.090045068954039,216.54012645882085,0.0,0.0,2683.707550084928,1.0,1.0100050076615599,0.0,18.492250295061705,0.0,379.03059538920905,0.0,0.0,9.85894800101479,50.0,0.0,0.0,0.0,0.0,0.0,0.0,0.0,5.208333333333333,0.36638087806051356,0.0,161.98924870566304,9080.0,150.0,0.0,0.0,9.858948001014781,1841.891450263865,490.345720613441,477.9665523066951,3279.88882223117,18.492250295061705,0.0,486.8727964637168,86.13425307833785,97.05267952488772,41.666666666666664,12.379168306745884,191703555.20905304,95824833.33333333,10.0,1.0,7.853981633974483,20.0,2.5,98.17477042468104,8782.26155787864,9.610776124023444,9.85894800101479,50.0,12.131584940610965,2302.786376953125,426.2167428145716,5.208333333333333,0.36638087806051356,161.98924870566304
489,0.108231,1.0,1,199.34975355350835,0.0,198.7782813725963,3.8960543149028872,31.168434519223098,35.06448883412598,788.5557450737431,0.0,589.2059915202346,2063.4907169057333,-0.0,0.0,5.714721809120556,12.66090151024481,0.0,381.29186914410724,8782.26155787864,9.610776124023444,9.85894800101479,50.0,12.131584940610965,2302.786376953125,12.131584940610965,86.13425307833785,86.13425307833785,0.0,0.0,5.208333333333333,0.36638087806051356,426.2167428145716,161.98924870566304,297.7384421213592,150.0,1.0,2.2726369395961754,0.0,1841.891450263865,490.345720613441,477.9665523066951,3279.88882223117,18.492250295061705,0.0,486.8727964637168,86.13425307833785,97.05267952488772,41.666666666666664,12.379168306745884,191703555.20905304,95824833.33333333,10.0,1.0,7.853981633974483,20.0,2.5,98.17477042468104,8782.26155787864,9.610776124023444,9.85894800101479,50.0,12.131584940610965,2302.786376953125,426.2167428145716,5.208333333333333,0.36638087806051356,161.98924870566304
490,0.093497,-0.0,1,172.21132492532058,0.0,8.87420729374282,0.1739344629573593,1.3914757036588743,1.5654101666162337,172.21132492532058,0.0,0.0,2063.4907169057333,1.0,0.17393446295735926,0.0,12.831357283943023,0.0,371.383378690826,0.0,0.0,9.85894800101479,50.0,0.0,0.0,0.0,0.0,0.0,0.0,0.0,5.208333333333333,0.36638087806051356,0.0,161.98924870566304,9080.0,150.0,-0.0,0.0,9.85894800101479,1841.891450263865,490.345720613441,477.9665523066951,3279.88882223117,18.492250295061705,0.0,486.8727964637168,86.13425307833785,97.05267952488772,41.666666666666664,12.379168306745884,191703555.20905304,95824833.33333333,10.0,1.0,7.853981633974483,20.0,2.5,98.17477042468104,8782.26155787864,9.610776124023444,9.85894800101479,50.0,12.131584940610965,2302.786376953125,426.2167428145716,5.208333333333333,0.36638087806051356,161.98924870566304
491,0.081773,1.0,1,150.61698956242702,0.0,149.9498135846506,2.9390163462591516,23.512130770073213,26.451147116332365,739.8229810826616,0.0,589.2059915202346,1443.273883726539,-0.0,0.0,6.671759777764292,6.023439143367215,0.0,373.6446524457242,8782.26155787864,9.610776124023444,9.85894800101479,50.0,12.131584940610965,2302.786376953125,12.131584940610965,86.13425307833785,86.13425307833785,0.0,0.0,5.208333333333333,0.36638087806051356,426.2167428145716,161.98924870566304,297.7384421213592,150.0,1.0,2.2726369395961754,0.0,1841.891450263865,490.345720613441,477.9665523066951,3279.88882223117,18.492250295061705,0.0,486.8727964637168,86.13425307833785,97.05267952488772,41.666666666666664,12.379168306745884,191703555.20905304,95824833.33333333,10.0,1.0,7.853981633974483,20.0,2.5,98.17477042468104,8782.26155787864,9.610776124023444,9.85894800101479,50.0,12.131584940610965,2302.786376953125,426.2167428145716,5.208333333333333,0.36638087806051356,161.98924870566304
492,0.074226,-0.0,1,136.71623478728563,0.0,0.0,0.0,0.0,0.0,162.98924870566304,0.0,26.273013918377416,1415.6180796019312,1.0,0.0,0.0,6.023439143367215,0.0,363.73616199244304,0.0,0.0,9.85894800101479,50.0,0.0,0.0,0.0,0.0,0.0,0.0,0.0,5.208333333333333,0.36638087806051356,0.0,161.98924870566304,9080.0,150.0,-0.0,0.0,9.85894800101479,1841.891450263865,490.345720613441,477.9665523066951,3279.88882223117,18.492250295061705,0.0,486.8727964637168,86.13425307833785,97.05267952488772,41.666666666666664,12.379168306745884,191703555.20905304,95824833.33333333,10.0,1.0,7.853981633974483,20.0,2.5,98.17477042468104,8782.26155787864,9.610776124023444,9.85894800101479,50.0,12.131584940610965,2302.786376953125,426.2167428145716,5.208333333333333,0.36638087806051356,161.98924870566304
493,0.061459,-0.0,1,113.20080664176687,0.0,0.0,0.0,0.0,0.0,162.98924870566304,0.0,49.78844206389617,1363.2091932188825,1.0,0.0,0.0,6.023439143367215,0.0,353.8276715391618,0.0,0.0,9.85894800101479,50.0,0.0,0.0,0.0,0.0,0.0,0.0,0.0,5.208333333333333,0.36638087806051356,0.0,161.98924870566304,9080.0,150.0,-0.0,0.0,9.85894800101479,1841.891450263865,490.345720613441,477.9665523066951,3279.88882223117,18.492250295061705,0.0,486.8727964637168,86.13425307833785,97.05267952488772,41.666666666666664,12.379168306745884,191703555.20905304,95824833.33333333,10.0,1.0,7.853981633974483,20.0,2.5,98.17477042468104,8782.26155787864,9.610776124023444,9.85894800101479,50.0,12.131584940610965,2302.786376953125,426.2167428145716,5.208333333333333,0.36638087806051356,161.98924870566304
494,0.038691,-0.0,1,71.26462210215921,0.0,0.0,0.0,0.0,0.0,162.98924870566304,0.0,91.72462660350384,1266.6569546888786,-0.0,0.0,0.0,6.023439143367215,0.0,343.9191810858807,0.0,0.0,9.85894800101479,50.0,0.0,0.0,0.0,0.0,0.0,0.0,0.0,5.208333333333333,0.36638087806051356,0.0,161.98924870566304,9080.0,150.0,0.0,0.0,9.858948001014767,1841.891450263865,490.345720613441,477.9665523066951,3279.88882223117,18.492250295061705,0.0,486.8727964637168,86.13425307833785,97.05267952488772,41.666666666666664,12.379168306745884,191703555.20905304,95824833.33333333,10.0,1.0,7.853981633974483,20.0,2.5,98.17477042468104,8782.26155787864,9.610776124023444,9.85894800101479,50.0,12.131584940610965,2302.786376953125,426.2167428145716,5.208333333333333,0.36638087806051356,161.98924870566304
495,0.031327,-0.0,1,57.700933462416096,0.0,0.0,0.0,0.0,0.0,162.98924870566304,0.0,105.28831524324696,1155.8271491696712,1.0,0.0,0.0,6.023439143367215,0.0,334.0106906325995,0.0,0.0,9.85894800101479,50.0,0.0,0.0,0.0,0.0,0.0,0.0,0.0,5.208333333333333,0.36638087806051356,0.0,161.98924870566304,9080.0,150.0,-0.0,0.0,9.85894800101479,1841.891450263865,490.345720613441,477.9665523066951,3279.88882223117,18.492250295061705,0.0,486.8727964637168,86.13425307833785,97.05267952488772,41.666666666666664,12.379168306745884,191703555.20905304,95824833.33333333,10.0,1.0,7.853981633974483,20.0,2.5,98.17477042468104,8782.26155787864,9.610776124023444,9.85894800101479,50.0,12.131584940610965,2302.786376953125,426.2167428145716,5.208333333333333,0.36638087806051356,161.98924870566304
496,0.058551,-0.0,1,107.84458630439956,0.0,0.0,0.0,0.0,0.0,162.98924870566304,0.0,55.14466240126349,1097.7801361157096,-0.0,0.0,0.0,6.023439143367215,0.0,324.1022001793183,0.0,0.0,9.85894800101479,50.0,0.0,0.0,0.0,0.0,0.0,0.0,0.0,5.208333333333333,0.36638087806051356,0.0,161.98924870566304,9080.0,150.0,-0.0,0.0,9.85894800101479,1841.891450263865,490.345720613441,477.9665523066951,3279.88882223117,18.492250295061705,0.0,486.8727964637168,86.13425307833785,97.05267952488772,41.666666666666664,12.379168306745884,191703555.20905304,95824833.33333333,10.0,1.0,7.853981633974483,20.0,2.5,98.17477042468104,8782.26155787864,9.610776124023444,9.85894800101479,50.0,12.131584940610965,2302.786376953125,426.2167428145716,5.208333333333333,0.36638087806051356,161.98924870566304
497,0.111973,-0.0,1,206.24211136039577,0.0,41.621307404477214,0.8157776251277534,6.526221001022027,7.341998626149781,206.24211136039577,0.0,0.0,1097.7801361157096,1.0,0.8157776251277534,0.0,6.822901215992413,0.0,314.1937097260371,0.0,0.0,9.85894800101479,50.0,0.0,0.0,0.0,0.0,0.0,0.0,0.0,5.208333333333333,0.36638087806051356,0.0,161.98924870566304,9080.0,150.0,0.0,0.0,9.858948001014781,1841.891450263865,490.345720613441,477.9665523066951,3279.88882223117,18.492250295061705,0.0,486.8727964637168,86.13425307833785,97.05267952488772,41.666666666666664,12.379168306745884,191703555.20905304,95824833.33333333,10.0,1.0,7.853981633974483,20.0,2.5,98.17477042468104,8782.26155787864,9.610776124023444,9.85894800101479,50.0,12.131584940610965,2302.786376953125,426.2167428145716,5.208333333333333,0.36638087806051356,161.98924870566304
498,0.183368,-0.0,1,337.7439514519844,0.0,168.16272396682194,3.29598938974971,26.36791511799768,29.66390450774739,337.7439514519844,0.0,0.0,1097.7801361157096,1.0,3.29598938974971,0.0,10.052970817947129,0.0,304.2852192727559,0.0,0.0,9.85894800101479,50.0,0.0,0.0,0.0,0.0,0.0,0.0,0.0,5.208333333333333,0.36638087806051356,0.0,161.98924870566304,9080.0,150.0,-0.0,0.0,9.85894800101479,1841.891450263865,490.345720613441,477.9665523066951,3279.88882223117,18.492250295061705,0.0,486.8727964637168,86.13425307833785,97.05267952488772,41.666666666666664,12.379168306745884,191703555.20905304,95824833.33333333,10.0,1.0,7.853981633974483,20.0,2.5,98.17477042468104,8782.26155787864,9.610776124023444,9.85894800101479,50.0,12.131584940610965,2302.786376953125,426.2167428145716,5.208333333333333,0.36638087806051356,161.98924870566304
499,0.254135,-0.0,1,468.08908371280734,0.0,293.591065249369,5.754384878887633,46.03507903110106,51.7894639099887,468.08908371280734,0.0,0.0,1097.7801361157096,1.0,5.754384878887633,0.0,15.692267999257005,0.0,294.3767288194747,0.0,0.0,9.85894800101479,50.0,0.0,0.0,0.0,0.0,0.0,0.0,0.0,5.208333333333333,0.36638087806051356,0.0,161.98924870566304,9080.0,150.0,-0.0,0.0,9.85894800101479,1841.891450263865,490.345720613441,477.9665523066951,3279.88882223117,18.492250295061705,0.0,486.8727964637168,86.13425307833785,97.05267952488772,41.666666666666664,12.379168306745884,191703555.20905304,95824833.33333333,10.0,1.0,7.853981633974483,20.0,2.5,98.17477042468104,8782.26155787864,9.610776124023444,9.85894800101479,50.0,12.131584940610965,2302.786376953125,426.2167428145716,5.208333333333333,0.36638087806051356,161.98924870566304
500,0.3772749999999999,1.0,1,694.8995968982995,0.0,490.345720613441,9.610776124023444,76.88620899218755,86.496985116211,1079.5517121336757,0.0,384.6521152353762,692.8831727100505,-0.0,0.0,0.0,15.692267999257005,0.0,296.6380025743729,8782.26155787864,9.610776124023444,9.85894800101479,50.0,12.131584940610965,2302.786376953125,12.131584940610965,86.13425307833785,86.13425307833785,0.0,0.0,5.208333333333333,0.36638087806051356,426.2167428145716,161.98924870566304,297.7384421213592,150.0,1.0,2.2726369395961754,0.0,1841.891450263865,490.345720613441,477.9665523066951,3279.88882223117,18.492250295061705,0.0,486.8727964637168,86.13425307833785,97.05267952488772,41.666666666666664,12.379168306745884,191703555.20905304,95824833.33333333,10.0,1.0,7.853981633974483,20.0,2.5,98.17477042468104,8782.26155787864,9.610776124023444,9.85894800101479,50.0,12.131584940610965,2302.786376953125,426.2167428145716,5.208333333333333,0.36638087806051356,161.98924870566304
501,0.448954,1.0,1,826.9245341617633,0.0,237.2224209742358,4.649559451095022,37.196475608760174,41.8460350598552,826.9245341617633,0.0,0.0,692.8831727100323,-0.0,0.0,4.961216672928422,10.6298020064729,0.0,298.8992763292711,8782.26155787864,9.610776124023444,9.85894800101479,50.0,12.131584940610965,2302.786376953125,12.131584940610965,86.13425307833785,86.13425307833785,0.0,0.0,5.208333333333333,0.36638087806051356,426.2167428145716,161.98924870566304,297.7384421213592,150.0,1.0,2.2726369395961754,0.0,1841.891450263865,490.345720613441,477.9665523066951,3279.88882223117,18.492250295061705,0.0,486.8727964637168,86.13425307833785,97.05267952488772,41.666666666666664,12.379168306745884,191703555.20905304,95824833.33333333,10.0,1.0,7.853981633974483,20.0,2.5,98.17477042468104,8782.26155787864,9.610776124023444,9.85894800101479,50.0,12.131584940610965,2302.786376953125,426.2167428145716,5.208333333333333,0.36638087806051356,161.98924870566304
502,0.453067,1.0,1,834.5002336966985,0.0,444.62675761663377,8.714684449286022,69.71747559428817,78.4321600435742,1033.9223583043422,0.0,199.4221246076437,482.96514680724954,-0.0,0.0,0.8960916747374211,9.715422746536756,0.0,301.1605500841693,8782.26155787864,9.610776124023444,9.85894800101479,50.0,12.131584940610965,2302.786376953125,12.131584940610965,86.13425307833785,86.13425307833785,0.0,0.0,5.208333333333333,0.36638087806051356,426.2167428145716,161.98924870566304,297.7384421213592,150.0,1.0,2.2726369395961754,0.0,1841.891450263865,490.345720613441,477.9665523066951,3279.88882223117,18.492250295061705,0.0,486.8727964637168,86.13425307833785,97.05267952488772,41.666666666666664,12.379168306745884,191703555.20905304,95824833.33333333,10.0,1.0,7.853981633974483,20.0,2.5,98.17477042468104,8782.26155787864,9.610776124023444,9.85894800101479,50.0,12.131584940610965,2302.786376953125,426.2167428145716,5.208333333333333,0.36638087806051356,161.98924870566304
503,0.455445,1.0,1,838.880251565426,0.0,490.345720613441,9.610776124023444,76.88620899218755,86.496985116211,1079.5517121336757,0.0,240.6714605682497,229.6267672617236,-0.0,0.0,0.0,9.71542274653676,0.0,303.4218238390675,8782.26155787864,9.610776124023444,9.85894800101479,50.0,12.131584940610965,2302.786376953125,12.131584940610965,86.13425307833785,86.13425307833785,0.0,0.0,5.208333333333333,0.36638087806051356,426.2167428145716,161.98924870566304,297.7384421213592,150.0,1.0,2.2726369395961754,0.0,1841.891450263865,490.345720613441,477.9665523066951,3279.88882223117,18.492250295061705,0.0,486.8727964637168,86.13425307833785,97.05267952488772,41.666666666666664,12.379168306745884,191703555.20905304,95824833.33333333,10.0,1.0,7.853981633974483,20.0,2.5,98.17477042468104,8782.26155787864,9.610776124023444,9.85894800101479,50.0,12.131584940610965,2302.786376953125,426.2167428145716,5.208333333333333,0.36638087806051356,161.98924870566304
504,0.566232,1.0,1,1042.9378796658086,0.0,453.6599841020116,8.891735688399427,71.13388550719542,80.02562119559484,1042.9378796658089,0.0,0.0,229.6267672617236,-0.0,0.0,0.7190404356240171,8.98170801630817,0.0,305.68309759396567,8782.26155787864,9.610776124023444,9.85894800101479,50.0,12.131584940610965,2302.786376953125,12.131584940610965,86.13425307833785,86.13425307833785,0.0,0.0,5.208333333333333,0.36638087806051356,426.2167428145716,161.98924870566304,297.7384421213592,150.0,1.0,2.2726369395961754,0.0,1841.891450263865,490.345720613441,477.9665523066951,3279.88882223117,18.492250295061705,0.0,486.8727964637168,86.13425307833785,97.05267952488772,41.666666666666664,12.379168306745884,191703555.20905304,95824833.33333333,10.0,1.0,7.853981633974483,20.0,2.5,98.17477042468104,8782.26155787864,9.610776124023444,9.85894800101479,50.0,12.131584940610965,2302.786376953125,426.2167428145716,5.208333333333333,0.36638087806051356,161.98924870566304
505,0.573564,1.0,1,1056.4426277791433,0.0,490.345720613441,9.610776124023444,76.88620899218755,86.496985116211,1079.5517121336757,0.0,23.109084354532342,205.30141530958429,1.0,0.0,0.0,8.98170801630817,0.0,307.9443713488639,8782.26155787864,9.610776124023444,9.85894800101479,50.0,12.131584940610965,2302.786376953125,12.131584940610965,86.13425307833785,86.13425307833785,0.0,0.0,5.208333333333333,0.36638087806051356,426.2167428145716,161.98924870566304,297.7384421213592,150.0,1.0,2.2726369395961754,0.0,1841.891450263865,490.345720613441,477.9665523066951,3279.88882223117,18.492250295061705,0.0,486.8727964637168,86.13425307833785,97.05267952488772,41.666666666666664,12.379168306745884,191703555.20905304,95824833.33333333,10.0,1.0,7.853981633974483,20.0,2.5,98.17477042468104,8782.26155787864,9.610776124023444,9.85894800101479,50.0,12.131584940610965,2302.786376953125,426.2167428145716,5.208333333333333,0.36638087806051356,161.98924870566304
506,0.575935,1.0,1,1060.809752407719,0.0,471.56695450591366,9.242712308315907,73.94169846652726,83.18441077484316,1060.8097524077193,0.0,0.0,205.30141530958429,-0.0,0.0,0.36806381570753566,8.606132694157626,0.0,310.2056451037621,8782.26155787864,9.610776124023444,9.85894800101479,50.0,12.131584940610965,2302.786376953125,12.131584940610965,86.13425307833785,86.13425307833785,0.0,0.0,5.208333333333333,0.36638087806051356,426.2167428145716,161.98924870566304,297.7384421213592,150.0,1.0,2.2726369395961754,0.0,1841.891450263865,490.345720613441,477.9665523066951,3279.88882223117,18.492250295061705,0.0,486.8727964637168,86.13425307833785,97.05267952488772,41.666666666666664,12.379168306745884,191703555.20905304,95824833.33333333,10.0,1.0,7.853981633974483,20.0,2.5,98.17477042468104,8782.26155787864,9.610776124023444,9.85894800101479,50.0,12.131584940610965,2302.786376953125,426.2167428145716,5.208333333333333,0.36638087806051356,161.98924870566304
507,0.56556,1.0,1,1041.7001286112313,0.0,452.41980229108486,8.867428124905263,70.9394249992421,79.80685312414737,1041.7001286112313,0.0,0.0,205.30141530958429,-0.0,0.0,0.7433479991181807,7.847614327710503,0.0,312.4669188586603,8782.26155787864,9.610776124023444,9.85894800101479,50.0,12.131584940610965,2302.786376953125,12.131584940610965,86.13425307833785,86.13425307833785,0.0,0.0,5.208333333333333,0.36638087806051356,426.2167428145716,161.98924870566304,297.7384421213592,150.0,1.0,2.2726369395961754,0.0,1841.891450263865,490.345720613441,477.9665523066951,3279.88882223117,18.492250295061705,0.0,486.8727964637168,86.13425307833785,97.05267952488772,41.666666666666664,12.379168306745884,191703555.20905304,95824833.33333333,10.0,1.0,7.853981633974483,20.0,2.5,98.17477042468104,8782.26155787864,9.610776124023444,9.85894800101479,50.0,12.131584940610965,2302.786376953125,426.2167428145716,5.208333333333333,0.36638087806051356,161.98924870566304
508,0.548085,1.0,1,1009.5130755178706,0.0,490.345720613441,9.610776124023444,76.88620899218755,86.496985116211,1079.5517121336757,0.0,70.0386366158051,131.57653466136838,-0.0,0.0,0.0,7.847614327710503,0.0,314.72819261355846,8782.26155787864,9.610776124023444,9.85894800101479,50.0,12.131584940610965,2302.786376953125,12.131584940610965,86.13425307833785,86.13425307833785,0.0,0.0,5.208333333333333,0.36638087806051356,426.2167428145716,161.98924870566304,297.7384421213592,150.0,1.0,2.2726369395961754,0.0,1841.891450263865,490.345720613441,477.9665523066951,3279.88882223117,18.492250295061705,0.0,486.8727964637168,86.13425307833785,97.05267952488772,41.666666666666664,12.379168306745884,191703555.20905304,95824833.33333333,10.0,1.0,7.853981633974483,20.0,2.5,98.17477042468104,8782.26155787864,9.610776124023444,9.85894800101479,50.0,12.131584940610965,2302.786376953125,426.2167428145716,5.208333333333333,0.36638087806051356,161.98924870566304
509,0.540987,1.0,1,996.4393300038975,0.0,407.07011830313456,7.978574318741437,63.828594549931495,71.80716886867293,996.4393300038975,0.0,0.0,131.57653466136838,-0.0,0.0,1.6322018052820055,6.182102281504375,0.0,316.9894663684567,8782.26155787864,9.610776124023444,9.85894800101479,50.0,12.131584940610965,2302.786376953125,12.131584940610965,86.13425307833785,86.13425307833785,0.0,0.0,5.208333333333333,0.36638087806051356,426.2167428145716,161.98924870566304,297.7384421213592,150.0,1.0,2.2726369395961754,0.0,1841.891450263865,490.345720613441,477.9665523066951,3279.88882223117,18.492250295061705,0.0,486.8727964637168,86.13425307833785,97.05267952488772,41.666666666666664,12.379168306745884,191703555.20905304,95824833.33333333,10.0,1.0,7.853981633974483,20.0,2.5,98.17477042468104,8782.26155787864,9.610776124023444,9.85894800101479,50.0,12.131584940610965,2302.786376953125,426.2167428145716,5.208333333333333,0.36638087806051356,161.98924870566304
510,0.54076,1.0,1,996.0212206446877,0.0,490.345720613441,9.610776124023444,76.88620899218755,86.496985116211,1079.5517121336757,0.0,83.53049148898799,43.649701515065246,1.0,0.0,0.0,6.182102281504375,0.0,319.2507401233549,8782.26155787864,9.610776124023444,9.85894800101479,50.0,12.131584940610965,2302.786376953125,12.131584940610965,86.13425307833785,86.13425307833785,0.0,0.0,5.208333333333333,0.36638087806051356,426.2167428145716,161.98924870566304,297.7384421213592,150.0,1.0,2.2726369395961754,0.0,1841.891450263865,490.345720613441,477.9665523066951,3279.88882223117,18.492250295061705,0.0,486.8727964637168,86.13425307833785,97.05267952488772,41.666666666666664,12.379168306745884,191703555.20905304,95824833.33333333,10.0,1.0,7.853981633974483,20.0,2.5,98.17477042468104,8782.26155787864,9.610776124023444,9.85894800101479,50.0,12.131584940610965,2302.786376953125,426.2167428145716,5.208333333333333,0.36638087806051356,161.98924870566304
511,0.54688,1.0,1,1007.2935963203025,0.0,417.9457007611574,8.191735734918685,65.53388587934948,73.72562161426816,1007.2935963203025,0.0,0.0,43.649701515065246,-0.0,0.0,1.4190403891047587,4.734101884458703,0.0,321.5120138782531,8782.26155787864,9.610776124023444,9.85894800101479,50.0,12.131584940610965,2302.786376953125,12.131584940610965,86.13425307833785,86.13425307833785,0.0,0.0,5.208333333333333,0.36638087806051356,426.2167428145716,161.98924870566304,297.7384421213592,150.0,1.0,2.2726369395961754,0.0,1841.891450263865,490.345720613441,477.9665523066951,3279.88882223117,18.492250295061705,0.0,486.8727964637168,86.13425307833785,97.05267952488772,41.666666666666664,12.379168306745884,191703555.20905304,95824833.33333333,10.0,1.0,7.853981633974483,20.0,2.5,98.17477042468104,8782.26155787864,9.610776124023444,9.85894800101479,50.0,12.131584940610965,2302.786376953125,426.2167428145716,5.208333333333333,0.36638087806051356,161.98924870566304
512,0.563597,1.0,1,1038.0844956943636,0.0,490.345720613441,9.610776124023444,76.88620899218755,86.496985116211,1079.5517121336757,0.0,41.46721643931198,0.0,-0.0,0.0,0.0,4.734101884458703,0.0,323.77328763315126,8782.26155787864,9.610776124023444,9.85894800101479,50.0,12.131584940610965,2302.786376953125,12.131584940610965,86.13425307833785,86.13425307833785,0.0,0.0,5.208333333333333,0.36638087806051356,426.2167428145716,161.98924870566304,297.7384421213592,150.0,1.0,2.2726369395961754,0.0,1841.891450263865,490.345720613441,477.9665523066951,3279.88882223117,18.492250295061705,0.0,486.8727964637168,86.13425307833785,97.05267952488772,41.666666666666664,12.379168306745884,191703555.20905304,95824833.33333333,10.0,1.0,7.853981633974483,20.0,2.5,98.17477042468104,8782.26155787864,9.610776124023444,9.85894800101479,50.0,12.131584940610965,2302.786376953125,426.2167428145716,5.208333333333333,0.36638087806051356,161.98924870566304
513,0.59017,1.0,1,1087.0290772022252,0.0,490.345720613441,9.610776124023444,76.88620899218755,86.496985116211,1079.5517121336757,0.0,0.0,0.0,-0.0,0.0,0.0,4.734101884458703,0.0,326.0345613880495,8782.26155787864,9.610776124023444,9.85894800101479,50.0,12.131584940610965,2302.786376953125,12.131584940610965,86.13425307833785,86.13425307833785,0.0,0.0,5.208333333333333,0.36638087806051356,426.2167428145716,161.98924870566304,297.7384421213592,150.0,1.0,2.2726369395961754,0.0,1841.891450263865,490.345720613441,477.9665523066951,3279.88882223117,18.492250295061705,0.0,486.8727964637168,86.13425307833785,97.05267952488772,41.666666666666664,12.379168306745884,191703555.20905304,95824833.33333333,10.0,1.0,7.853981633974483,20.0,2.5,98.17477042468104,8782.26155787864,9.610776124023444,9.85894800101479,50.0,12.131584940610965,2302.786376953125,426.2167428145716,5.208333333333333,0.36638087806051356,161.98924870566304
514,0.6130030000000001,1.0,1,1129.0849846861001,0.0,490.345720613441,9.610776124023444,76.88620899218755,86.496985116211,1129.0849846861001,49.53327255242448,0.0,47.056608924803264,1.0,0.0,0.0,4.734101884458703,0.0,328.2958351429477,8782.26155787864,9.610776124023444,9.85894800101479,50.0,12.131584940610965,2302.786376953125,12.131584940610965,86.13425307833785,86.13425307833785,0.0,0.0,5.208333333333333,0.36638087806051356,426.2167428145716,161.98924870566304,297.7384421213592,150.0,1.0,2.2726369395961754,0.0,1841.891450263865,490.345720613441,477.9665523066951,3279.88882223117,18.492250295061705,0.0,486.8727964637168,86.13425307833785,97.05267952488772,41.666666666666664,12.379168306745884,191703555.20905304,95824833.33333333,10.0,1.0,7.853981633974483,20.0,2.5,98.17477042468104,8782.26155787864,9.610776124023444,9.85894800101479,50.0,12.131584940610965,2302.786376953125,426.2167428145716,5.208333333333333,0.36638087806051356,161.98924870566304
515,0.619269,1.0,1,1140.6262765134534,0.0,490.345720613441,9.610776124023444,76.88620899218755,86.496985116211,1140.6262765134534,61.07456437977771,0.0,105.07744508559209,1.0,0.0,0.0,4.734101884458703,0.0,330.55710889784586,8782.26155787864,9.610776124023444,9.85894800101479,50.0,12.131584940610965,2302.786376953125,12.131584940610965,86.13425307833785,86.13425307833785,0.0,0.0,5.208333333333333,0.36638087806051356,426.2167428145716,161.98924870566304,297.7384421213592,150.0,1.0,2.2726369395961754,0.0,1841.891450263865,490.345720613441,477.9665523066951,3279.88882223117,18.492250295061705,0.0,486.8727964637168,86.13425307833785,97.05267952488772,41.666666666666664,12.379168306745884,191703555.20905304,95824833.33333333,10.0,1.0,7.853981633974483,20.0,2.5,98.17477042468104,8782.26155787864,9.610776124023444,9.85894800101479,50.0,12.131584940610965,2302.786376953125,426.2167428145716,5.208333333333333,0.36638087806051356,161.98924870566304
516,0.624578,1.0,1,1150.4048782229042,0.0,490.345720613441,9.610776124023444,76.88620899218755,86.496985116211,1150.4048782229042,70.85316608922858,0.0,172.38795287035924,1.0,0.0,0.0,4.734101884458703,0.0,332.81838265274405,8782.26155787864,9.610776124023444,9.85894800101479,50.0,12.131584940610965,2302.786376953125,12.131584940610965,86.13425307833785,86.13425307833785,0.0,0.0,5.208333333333333,0.36638087806051356,426.2167428145716,161.98924870566304,297.7384421213592,150.0,1.0,2.2726369395961754,0.0,1841.891450263865,490.345720613441,477.9665523066951,3279.88882223117,18.492250295061705,0.0,486.8727964637168,86.13425307833785,97.05267952488772,41.666666666666664,12.379168306745884,191703555.20905304,95824833.33333333,10.0,1.0,7.853981633974483,20.0,2.5,98.17477042468104,8782.26155787864,9.610776124023444,9.85894800101479,50.0,12.131584940610965,2302.786376953125,426.2167428145716,5.208333333333333,0.36638087806051356,161.98924870566304
517,0.642295,1.0,1,1183.037669047229,0.0,490.345720613441,9.610776124023444,76.88620899218755,86.496985116211,1183.037669047229,103.48595691355331,0.0,270.69961193823485,1.0,0.0,0.0,4.734101884458703,0.0,335.0796564076423,8782.26155787864,9.610776124023444,9.85894800101479,50.0,12.131584940610965,2302.786376953125,12.131584940610965,86.13425307833785,86.13425307833785,0.0,0.0,5.208333333333333,0.36638087806051356,426.2167428145716,161.98924870566304,297.7384421213592,150.0,1.0,2.2726369395961754,0.0,1841.891450263865,490.345720613441,477.9665523066951,3279.88882223117,18.492250295061705,0.0,486.8727964637168,86.13425307833785,97.05267952488772,41.666666666666664,12.379168306745884,191703555.20905304,95824833.33333333,10.0,1.0,7.853981633974483,20.0,2.5,98.17477042468104,8782.26155787864,9.610776124023444,9.85894800101479,50.0,12.131584940610965,2302.786376953125,426.2167428145716,5.208333333333333,0.36638087806051356,161.98924870566304
518,0.678976,1.0,1,1250.600089334358,0.0,490.345720613441,9.610776124023444,76.88620899218755,86.496985116211,1250.600089334358,171.04837720068224,0.0,433.195570278883,1.0,0.0,0.0,4.734101884458703,0.0,337.3409301625405,8782.26155787864,9.610776124023444,9.85894800101479,50.0,12.131584940610965,2302.786376953125,12.131584940610965,86.13425307833785,86.13425307833785,0.0,0.0,5.208333333333333,0.36638087806051356,426.2167428145716,161.98924870566304,297.7384421213592,150.0,1.0,2.2726369395961754,0.0,1841.891450263865,490.345720613441,477.9665523066951,3279.88882223117,18.492250295061705,0.0,486.8727964637168,86.13425307833785,97.05267952488772,41.666666666666664,12.379168306745884,191703555.20905304,95824833.33333333,10.0,1.0,7.853981633974483,20.0,2.5,98.17477042468104,8782.26155787864,9.610776124023444,9.85894800101479,50.0,12.131584940610965,2302.786376953125,426.2167428145716,5.208333333333333,0.36638087806051356,161.98924870566304
519,0.7309869999999999,1.0,1,1346.3987055540317,0.0,490.345720613441,9.610776124023444,76.88620899218755,86.496985116211,1346.398705554032,266.84699342035617,0.0,686.7002140282214,1.0,0.0,0.0,4.734101884458703,0.0,339.60220391743866,8782.26155787864,9.610776124023444,9.85894800101479,50.0,12.131584940610965,2302.786376953125,12.131584940610965,86.13425307833785,86.13425307833785,0.0,0.0,5.208333333333333,0.36638087806051356,426.2167428145716,161.98924870566304,297.7384421213592,150.0,1.0,2.2726369395961754,0.0,1841.891450263865,490.345720613441,477.9665523066951,3279.88882223117,18.492250295061705,0.0,486.8727964637168,86.13425307833785,97.05267952488772,41.666666666666664,12.379168306745884,191703555.20905304,95824833.33333333,10.0,1.0,7.853981633974483,20.0,2.5,98.17477042468104,8782.26155787864,9.610776124023444,9.85894800101479,50.0,12.131584940610965,2302.786376953125,426.2167428145716,5.208333333333333,0.36638087806051356,161.98924870566304
520,0.780848,1.0,1,1438.2372551556384,0.0,490.345720613441,9.610776124023444,76.88620899218755,86.496985116211,1438.2372551556386,358.68554302196287,0.0,1027.451479899086,1.0,0.0,0.0,4.734101884458703,0.0,341.86347767233684,8782.26155787864,9.610776124023444,9.85894800101479,50.0,12.131584940610965,2302.786376953125,12.131584940610965,86.13425307833785,86.13425307833785,0.0,0.0,5.208333333333333,0.36638087806051356,426.2167428145716,161.98924870566304,297.7384421213592,150.0,1.0,2.2726369395961754,0.0,1841.891450263865,490.345720613441,477.9665523066951,3279.88882223117,18.492250295061705,0.0,486.8727964637168,86.13425307833785,97.05267952488772,41.666666666666664,12.379168306745884,191703555.20905304,95824833.33333333,10.0,1.0,7.853981633974483,20.0,2.5,98.17477042468104,8782.26155787864,9.610776124023444,9.85894800101479,50.0,12.131584940610965,2302.786376953125,426.2167428145716,5.208333333333333,0.36638087806051356,161.98924870566304
521,0.809339,1.0,1,1490.7145844651063,0.0,490.345720613441,9.610776124023444,76.88620899218755,86.496985116211,1490.7145844651063,411.16287233143055,0.0,1418.056208613945,1.0,0.0,0.0,4.734101884458703,0.0,344.1247514272351,8782.26155787864,9.610776124023444,9.85894800101479,50.0,12.131584940610965,2302.786376953125,12.131584940610965,86.13425307833785,86.13425307833785,0.0,0.0,5.208333333333333,0.36638087806051356,426.2167428145716,161.98924870566304,297.7384421213592,150.0,1.0,2.2726369395961754,0.0,1841.891450263865,490.345720613441,477.9665523066951,3279.88882223117,18.492250295061705,0.0,486.8727964637168,86.13425307833785,97.05267952488772,41.666666666666664,12.379168306745884,191703555.20905304,95824833.33333333,10.0,1.0,7.853981633974483,20.0,2.5,98.17477042468104,8782.26155787864,9.610776124023444,9.85894800101479,50.0,12.131584940610965,2302.786376953125,426.2167428145716,5.208333333333333,0.36638087806051356,161.98924870566304
522,0.816788,1.0,1,1504.4348338781217,0.0,490.345720613441,9.610776124023444,76.88620899218755,86.496985116211,1504.434833878122,424.88312174444616,0.0,1821.695174271169,1.0,0.0,0.0,4.734101884458703,0.0,346.38602518213327,8782.26155787864,9.610776124023444,9.85894800101479,50.0,12.131584940610965,2302.786376953125,12.131584940610965,86.13425307833785,86.13425307833785,0.0,0.0,5.208333333333333,0.36638087806051356,426.2167428145716,161.98924870566304,297.7384421213592,150.0,1.0,2.2726369395961754,0.0,1841.891450263865,490.345720613441,477.9665523066951,3279.88882223117,18.492250295061705,0.0,486.8727964637168,86.13425307833785,97.05267952488772,41.666666666666664,12.379168306745884,191703555.20905304,95824833.33333333,10.0,1.0,7.853981633974483,20.0,2.5,98.17477042468104,8782.26155787864,9.610776124023444,9.85894800101479,50.0,12.131584940610965,2302.786376953125,426.2167428145716,5.208333333333333,0.36638087806051356,161.98924870566304
523,0.8218869999999999,1.0,1,1513.826638383017,0.0,490.345720613441,9.610776124023444,76.88620899218755,86.496985116211,1513.8266383830173,434.27492624934155,0.0,2234.2563542080434,1.0,0.0,0.0,4.734101884458703,0.0,348.64729893703145,8782.26155787864,9.610776124023444,9.85894800101479,50.0,12.131584940610965,2302.786376953125,12.131584940610965,86.13425307833785,86.13425307833785,0.0,0.0,5.208333333333333,0.36638087806051356,426.2167428145716,161.98924870566304,297.7384421213592,150.0,1.0,2.2726369395961754,0.0,1841.891450263865,490.345720613441,477.9665523066951,3279.88882223117,18.492250295061705,0.0,486.8727964637168,86.13425307833785,97.05267952488772,41.666666666666664,12.379168306745884,191703555.20905304,95824833.33333333,10.0,1.0,7.853981633974483,20.0,2.5,98.17477042468104,8782.26155787864,9.610776124023444,9.85894800101479,50.0,12.131584940610965,2302.786376953125,426.2167428145716,5.208333333333333,0.36638087806051356,161.98924870566304
524,0.83225,1.0,1,1532.9141594821017,0.0,490.345720613441,9.610776124023444,76.88620899218755,86.496985116211,1532.9141594821017,453.3624473484259,0.0,2664.950679189048,1.0,0.0,0.0,4.734101884458703,0.0,350.90857269192963,8782.26155787864,9.610776124023444,9.85894800101479,50.0,12.131584940610965,2302.786376953125,12.131584940610965,86.13425307833785,86.13425307833785,0.0,0.0,5.208333333333333,0.36638087806051356,426.2167428145716,161.98924870566304,297.7384421213592,150.0,1.0,2.2726369395961754,0.0,1841.891450263865,490.345720613441,477.9665523066951,3279.88882223117,18.492250295061705,0.0,486.8727964637168,86.13425307833785,97.05267952488772,41.666666666666664,12.379168306745884,191703555.20905304,95824833.33333333,10.0,1.0,7.853981633974483,20.0,2.5,98.17477042468104,8782.26155787864,9.610776124023444,9.85894800101479,50.0,12.131584940610965,2302.786376953125,426.2167428145716,5.208333333333333,0.36638087806051356,161.98924870566304
525,0.836641,1.0,1,1541.0019048402103,0.0,490.345720613441,9.610776124023444,76.88620899218755,86.496985116211,1079.5517121336757,0.0,0.0,2664.950679189048,1.0,0.0,0.0,4.734101884458703,0.0,353.1698464468279,8782.26155787864,9.610776124023444,9.85894800101479,50.0,12.131584940610965,2302.786376953125,12.131584940610965,86.13425307833785,86.13425307833785,0.0,0.0,5.208333333333333,0.36638087806051356,426.2167428145716,161.98924870566304,297.7384421213592,150.0,1.0,2.2726369395961754,0.0,1841.891450263865,490.345720613441,477.9665523066951,3279.88882223117,18.492250295061705,0.0,486.8727964637168,86.13425307833785,97.05267952488772,41.666666666666664,12.379168306745884,191703555.20905304,95824833.33333333,10.0,1.0,7.853981633974483,20.0,2.5,98.17477042468104,8782.26155787864,9.610776124023444,9.85894800101479,50.0,12.131584940610965,2302.786376953125,426.2167428145716,5.208333333333333,0.36638087806051356,161.98924870566304
526,0.841474,1.0,1,1549.9037662193357,0.0,490.345720613441,9.610776124023444,76.88620899218755,86.496985116211,1549.903766219336,470.35205408566014,0.0,3111.7851305704253,1.0,0.0,0.0,4.734101884458703,0.0,355.43112020172606,8782.26155787864,9.610776124023444,9.85894800101479,50.0,12.131584940610965,2302.786376953125,12.131584940610965,86.13425307833785,86.13425307833785,0.0,0.0,5.208333333333333,0.36638087806051356,426.2167428145716,161.98924870566304,297.7384421213592,150.0,1.0,2.2726369395961754,0.0,1841.891450263865,490.345720613441,477.9665523066951,3279.88882223117,18.492250295061705,0.0,486.8727964637168,86.13425307833785,97.05267952488772,41.666666666666664,12.379168306745884,191703555.20905304,95824833.33333333,10.0,1.0,7.853981633974483,20.0,2.5,98.17477042468104,8782.26155787864,9.610776124023444,9.85894800101479,50.0,12.131584940610965,2302.786376953125,426.2167428145716,5.208333333333333,0.36638087806051356,161.98924870566304
527,0.83692,1.0,1,1541.5157925548338,0.0,490.345720613441,9.610776124023444,76.88620899218755,86.496985116211,1256.5029665134068,176.9512543797312,0.0,3279.88882223117,1.0,0.0,0.0,4.734101884458703,0.0,357.69239395662424,8782.26155787864,9.610776124023444,9.85894800101479,50.0,12.131584940610965,2302.786376953125,12.131584940610965,86.13425307833785,86.13425307833785,0.0,0.0,5.208333333333333,0.36638087806051356,426.2167428145716,161.98924870566304,297.7384421213592,150.0,1.0,2.2726369395961754,0.0,1841.891450263865,490.345720613441,477.9665523066951,3279.88882223117,18.492250295061705,0.0,486.8727964637168,86.13425307833785,97.05267952488772,41.666666666666664,12.379168306745884,191703555.20905304,95824833.33333333,10.0,1.0,7.853981633974483,20.0,2.5,98.17477042468104,8782.26155787864,9.610776124023444,9.85894800101479,50.0,12.131584940610965,2302.786376953125,426.2167428145716,5.208333333333333,0.36638087806051356,161.98924870566304
528,0.5371549999999999,1.0,1,989.3812019664863,0.0,490.345720613441,9.610776124023444,76.88620899218755,86.496985116211,1079.5517121336757,0.0,90.17051016718989,3184.972495739391,-0.0,0.0,0.0,4.734101884458703,0.0,359.9536677115224,8782.26155787864,9.610776124023444,9.85894800101479,50.0,12.131584940610965,2302.786376953125,12.131584940610965,86.13425307833785,86.13425307833785,0.0,0.0,5.208333333333333,0.36638087806051356,426.2167428145716,161.98924870566304,297.7384421213592,150.0,1.0,2.2726369395961754,0.0,1841.891450263865,490.345720613441,477.9665523066951,3279.88882223117,18.492250295061705,0.0,486.8727964637168,86.13425307833785,97.05267952488772,41.666666666666664,12.379168306745884,191703555.20905304,95824833.33333333,10.0,1.0,7.853981633974483,20.0,2.5,98.17477042468104,8782.26155787864,9.610776124023444,9.85894800101479,50.0,12.131584940610965,2302.786376953125,426.2167428145716,5.208333333333333,0.36638087806051356,161.98924870566304
529,0.501984,1.0,1,924.600037769256,0.0,335.0897445359094,6.5677589929038245,52.542071943230596,59.10983093613442,924.600037769256,0.0,0.0,3184.972495739391,-0.0,0.0,3.04301713111962,1.6289823629080704,0.0,362.21494146642067,8782.26155787864,9.610776124023444,9.85894800101479,50.0,12.131584940610965,2302.786376953125,12.131584940610965,86.13425307833785,86.13425307833785,0.0,0.0,5.208333333333333,0.36638087806051356,426.2167428145716,161.98924870566304,297.7384421213592,150.0,1.0,2.2726369395961754,0.0,1841.891450263865,490.345720613441,477.9665523066951,3279.88882223117,18.492250295061705,0.0,486.8727964637168,86.13425307833785,97.05267952488772,41.666666666666664,12.379168306745884,191703555.20905304,95824833.33333333,10.0,1.0,7.853981633974483,20.0,2.5,98.17477042468104,8782.26155787864,9.610776124023444,9.85894800101479,50.0,12.131584940610965,2302.786376953125,426.2167428145716,5.208333333333333,0.36638087806051356,161.98924870566304
530,0.440832,1.0,1,811.9646918027202,0.0,490.345720613441,9.610776124023444,76.88620899218755,86.496985116211,1079.5517121336757,0.0,267.5870203309555,2903.3019480225958,-0.0,0.0,0.0,1.6289823629080704,0.0,364.47621522131885,8782.26155787864,9.610776124023444,9.85894800101479,50.0,12.131584940610965,2302.786376953125,12.131584940610965,86.13425307833785,86.13425307833785,0.0,0.0,5.208333333333333,0.36638087806051356,426.2167428145716,161.98924870566304,297.7384421213592,150.0,1.0,2.2726369395961754,0.0,1841.891450263865,490.345720613441,477.9665523066951,3279.88882223117,18.492250295061705,0.0,486.8727964637168,86.13425307833785,97.05267952488772,41.666666666666664,12.379168306745884,191703555.20905304,95824833.33333333,10.0,1.0,7.853981633974483,20.0,2.5,98.17477042468104,8782.26155787864,9.610776124023444,9.85894800101479,50.0,12.131584940610965,2302.786376953125,426.2167428145716,5.208333333333333,0.36638087806051356,161.98924870566304
531,0.3416329999999999,1.0,1,629.2509018279948,0.0,490.345720613441,9.610776124023444,76.88620899218755,86.496985116211,1079.5517121336757,0.0,450.3008103056809,2429.3010950692474,-0.0,0.0,0.0,1.6289823629080704,0.0,366.73748897621704,8782.26155787864,9.610776124023444,9.85894800101479,50.0,12.131584940610965,2302.786376953125,12.131584940610965,86.13425307833785,86.13425307833785,0.0,0.0,5.208333333333333,0.36638087806051356,426.2167428145716,161.98924870566304,297.7384421213592,150.0,1.0,2.2726369395961754,0.0,1841.891450263865,490.345720613441,477.9665523066951,3279.88882223117,18.492250295061705,0.0,486.8727964637168,86.13425307833785,97.05267952488772,41.666666666666664,12.379168306745884,191703555.20905304,95824833.33333333,10.0,1.0,7.853981633974483,20.0,2.5,98.17477042468104,8782.26155787864,9.610776124023444,9.85894800101479,50.0,12.131584940610965,2302.786376953125,426.2167428145716,5.208333333333333,0.36638087806051356,161.98924870566304
532,0.188027,1.0,1,346.32532371876374,0.0,490.345720613441,9.610776124023444,76.88620899218755,86.496985116211,1079.5517121336757,0.0,733.226388414912,1657.483844106182,-0.0,0.0,0.0,1.6289823629080704,0.0,368.9987627311152,8782.26155787864,9.610776124023444,9.85894800101479,50.0,12.131584940610965,2302.786376953125,12.131584940610965,86.13425307833785,86.13425307833785,0.0,0.0,5.208333333333333,0.36638087806051356,426.2167428145716,161.98924870566304,297.7384421213592,150.0,1.0,2.2726369395961754,0.0,1841.891450263865,490.345720613441,477.9665523066951,3279.88882223117,18.492250295061705,0.0,486.8727964637168,86.13425307833785,97.05267952488772,41.666666666666664,12.379168306745884,191703555.20905304,95824833.33333333,10.0,1.0,7.853981633974483,20.0,2.5,98.17477042468104,8782.26155787864,9.610776124023444,9.85894800101479,50.0,12.131584940610965,2302.786376953125,426.2167428145716,5.208333333333333,0.36638087806051356,161.98924870566304
533,0.0738149999999999,1.0,1,135.959217401227,0.0,408.8966024680375,8.014373408373535,64.11498726698828,72.12936067536181,998.2622342598371,0.0,862.3030168586093,749.7964579392249,-0.0,0.0,1.596402715649909,0.0,0.0,371.26003648601346,8782.26155787864,9.610776124023444,9.85894800101479,50.0,12.131584940610965,2302.786376953125,12.131584940610965,86.13425307833785,86.13425307833785,0.0,0.0,5.208333333333333,0.36638087806051356,426.2167428145716,161.98924870566304,297.7384421213592,150.0,1.0,2.2726369395961754,0.0,1841.891450263865,490.345720613441,477.9665523066951,3279.88882223117,18.492250295061705,0.0,486.8727964637168,86.13425307833785,97.05267952488772,41.666666666666664,12.379168306745884,191703555.20905304,95824833.33333333,10.0,1.0,7.853981633974483,20.0,2.5,98.17477042468104,8782.26155787864,9.610776124023444,9.85894800101479,50.0,12.131584940610965,2302.786376953125,426.2167428145716,5.208333333333333,0.36638087806051356,161.98924870566304
534,0.027187,-0.0,1,50.075502858323695,0.0,0.0,0.0,0.0,0.0,162.98924870566304,0.0,112.91374584733936,630.9398833630781,1.0,0.0,0.0,0.0,0.0,361.35154603273224,0.0,0.0,9.85894800101479,50.0,0.0,0.0,0.0,0.0,0.0,0.0,0.0,5.208333333333333,0.36638087806051356,0.0,161.98924870566304,9080.0,150.0,-0.0,0.0,9.85894800101479,1841.891450263865,490.345720613441,477.9665523066951,3279.88882223117,18.492250295061705,0.0,486.8727964637168,86.13425307833785,97.05267952488772,41.666666666666664,12.379168306745884,191703555.20905304,95824833.33333333,10.0,1.0,7.853981633974483,20.0,2.5,98.17477042468104,8782.26155787864,9.610776124023444,9.85894800101479,50.0,12.131584940610965,2302.786376953125,426.2167428145716,5.208333333333333,0.36638087806051356,161.98924870566304
535,0.022632,-0.0,1,41.68568730237179,0.0,0.0,0.0,0.0,0.0,162.98924870566304,0.0,121.30356140329125,503.2519239911926,1.0,0.0,0.0,0.0,0.0,351.443055579451,0.0,0.0,9.85894800101479,50.0,0.0,0.0,0.0,0.0,0.0,0.0,0.0,5.208333333333333,0.36638087806051356,0.0,161.98924870566304,9080.0,150.0,-0.0,0.0,9.85894800101479,1841.891450263865,490.345720613441,477.9665523066951,3279.88882223117,18.492250295061705,0.0,486.8727964637168,86.13425307833785,97.05267952488772,41.666666666666664,12.379168306745884,191703555.20905304,95824833.33333333,10.0,1.0,7.853981633974483,20.0,2.5,98.17477042468104,8782.26155787864,9.610776124023444,9.85894800101479,50.0,12.131584940610965,2302.786376953125,426.2167428145716,5.208333333333333,0.36638087806051356,161.98924870566304
536,0.032351,-0.0,1,59.587030307486295,0.0,0.0,0.0,0.0,0.0,162.98924870566304,0.0,103.40221839817676,394.40748357205916,1.0,0.0,0.0,0.0,0.0,341.5345651261698,0.0,0.0,9.85894800101479,50.0,0.0,0.0,0.0,0.0,0.0,0.0,0.0,5.208333333333333,0.36638087806051356,0.0,161.98924870566304,9080.0,150.0,-0.0,0.0,9.85894800101479,1841.891450263865,490.345720613441,477.9665523066951,3279.88882223117,18.492250295061705,0.0,486.8727964637168,86.13425307833785,97.05267952488772,41.666666666666664,12.379168306745884,191703555.20905304,95824833.33333333,10.0,1.0,7.853981633974483,20.0,2.5,98.17477042468104,8782.26155787864,9.610776124023444,9.85894800101479,50.0,12.131584940610965,2302.786376953125,426.2167428145716,5.208333333333333,0.36638087806051356,161.98924870566304
537,0.047083,-0.0,1,86.72177515277356,0.0,0.0,0.0,0.0,0.0,162.98924870566304,0.0,76.26747355288948,314.12593246375445,1.0,0.0,0.0,0.0,0.0,331.62607467288865,0.0,0.0,9.85894800101479,50.0,0.0,0.0,0.0,0.0,0.0,0.0,0.0,5.208333333333333,0.36638087806051356,0.0,161.98924870566304,9080.0,150.0,-0.0,0.0,9.85894800101479,1841.891450263865,490.345720613441,477.9665523066951,3279.88882223117,18.492250295061705,0.0,486.8727964637168,86.13425307833785,97.05267952488772,41.666666666666664,12.379168306745884,191703555.20905304,95824833.33333333,10.0,1.0,7.853981633974483,20.0,2.5,98.17477042468104,8782.26155787864,9.610776124023444,9.85894800101479,50.0,12.131584940610965,2302.786376953125,426.2167428145716,5.208333333333333,0.36638087806051356,161.98924870566304
538,0.056977,-0.0,1,104.94544916168424,0.0,0.0,0.0,0.0,0.0,162.98924870566304,0.0,58.04379954397881,253.02719610167142,1.0,0.0,0.0,0.0,0.0,321.71758421960743,0.0,0.0,9.85894800101479,50.0,0.0,0.0,0.0,0.0,0.0,0.0,0.0,5.208333333333333,0.36638087806051356,0.0,161.98924870566304,9080.0,150.0,-0.0,0.0,9.85894800101479,1841.891450263865,490.345720613441,477.9665523066951,3279.88882223117,18.492250295061705,0.0,486.8727964637168,86.13425307833785,97.05267952488772,41.666666666666664,12.379168306745884,191703555.20905304,95824833.33333333,10.0,1.0,7.853981633974483,20.0,2.5,98.17477042468104,8782.26155787864,9.610776124023444,9.85894800101479,50.0,12.131584940610965,2302.786376953125,426.2167428145716,5.208333333333333,0.36638087806051356,161.98924870566304
539,0.060792,-0.0,1,111.97226504444087,0.0,0.0,0.0,0.0,0.0,162.98924870566304,0.0,51.01698366122217,199.32510803722704,-0.0,0.0,0.0,0.0,0.0,311.80909376632627,0.0,0.0,9.85894800101479,50.0,0.0,0.0,0.0,0.0,0.0,0.0,0.0,5.208333333333333,0.36638087806051356,0.0,161.98924870566304,9080.0,150.0,0.0,0.0,9.858948001014767,1841.891450263865,490.345720613441,477.9665523066951,3279.88882223117,18.492250295061705,0.0,486.8727964637168,86.13425307833785,97.05267952488772,41.666666666666664,12.379168306745884,191703555.20905304,95824833.33333333,10.0,1.0,7.853981633974483,20.0,2.5,98.17477042468104,8782.26155787864,9.610776124023444,9.85894800101479,50.0,12.131584940610965,2302.786376953125,426.2167428145716,5.208333333333333,0.36638087806051356,161.98924870566304
540,0.069004,-0.0,1,127.09787763400773,0.0,0.0,0.0,0.0,0.0,162.98924870566304,0.0,35.891371071655314,161.5447174354846,1.0,0.0,0.0,0.0,0.0,301.90060331304505,0.0,0.0,9.85894800101479,50.0,0.0,0.0,0.0,0.0,0.0,0.0,0.0,5.208333333333333,0.36638087806051356,0.0,161.98924870566304,9080.0,150.0,-0.0,0.0,9.85894800101479,1841.891450263865,490.345720613441,477.9665523066951,3279.88882223117,18.492250295061705,0.0,486.8727964637168,86.13425307833785,97.05267952488772,41.666666666666664,12.379168306745884,191703555.20905304,95824833.33333333,10.0,1.0,7.853981633974483,20.0,2.5,98.17477042468104,8782.26155787864,9.610776124023444,9.85894800101479,50.0,12.131584940610965,2302.786376953125,426.2167428145716,5.208333333333333,0.36638087806051356,161.98924870566304
541,0.113623,-0.0,1,209.28123225333113,0.0,44.54578863324488,0.8730974572115997,6.984779657692798,7.857877114904397,209.28123225333113,0.0,0.0,161.5447174354846,1.0,0.8730974572115997,0.0,0.8556355080673675,0.0,291.9921128597639,0.0,0.0,9.85894800101479,50.0,0.0,0.0,0.0,0.0,0.0,0.0,0.0,5.208333333333333,0.36638087806051356,0.0,161.98924870566304,9080.0,150.0,0.0,0.0,9.858948001014781,1841.891450263865,490.345720613441,477.9665523066951,3279.88882223117,18.492250295061705,0.0,486.8727964637168,86.13425307833785,97.05267952488772,41.666666666666664,12.379168306745884,191703555.20905304,95824833.33333333,10.0,1.0,7.853981633974483,20.0,2.5,98.17477042468104,8782.26155787864,9.610776124023444,9.85894800101479,50.0,12.131584940610965,2302.786376953125,426.2167428145716,5.208333333333333,0.36638087806051356,161.98924870566304
542,0.183742,-0.0,1,338.4328188543831,0.0,168.82560637867593,3.3089818850220483,26.471855080176386,29.780836965198436,338.4328188543831,0.0,0.0,161.5447174354846,1.0,3.3089818850220483,0.0,4.098437755388975,0.0,282.08362240648273,0.0,0.0,9.85894800101479,50.0,0.0,0.0,0.0,0.0,0.0,0.0,0.0,5.208333333333333,0.36638087806051356,0.0,161.98924870566304,9080.0,150.0,0.0,0.0,9.858948001014781,1841.891450263865,490.345720613441,477.9665523066951,3279.88882223117,18.492250295061705,0.0,486.8727964637168,86.13425307833785,97.05267952488772,41.666666666666664,12.379168306745884,191703555.20905304,95824833.33333333,10.0,1.0,7.853981633974483,20.0,2.5,98.17477042468104,8782.26155787864,9.610776124023444,9.85894800101479,50.0,12.131584940610965,2302.786376953125,426.2167428145716,5.208333333333333,0.36638087806051356,161.98924870566304
543,0.238287,-0.0,1,438.89878800902557,0.0,0.0,0.0,0.0,0.0,438.89878800902557,275.9095393033625,0.0,423.65877977367904,1.0,0.0,0.0,4.098437755388975,0.0,272.1751319532015,0.0,0.0,9.85894800101479,50.0,0.0,0.0,0.0,0.0,0.0,0.0,0.0,5.208333333333333,0.36638087806051356,0.0,161.98924870566304,9080.0,150.0,-0.0,0.0,9.85894800101479,1841.891450263865,490.345720613441,477.9665523066951,3279.88882223117,18.492250295061705,0.0,486.8727964637168,86.13425307833785,97.05267952488772,41.666666666666664,12.379168306745884,191703555.20905304,95824833.33333333,10.0,1.0,7.853981633974483,20.0,2.5,98.17477042468104,8782.26155787864,9.610776124023444,9.85894800101479,50.0,12.131584940610965,2302.786376953125,426.2167428145716,5.208333333333333,0.36638087806051356,161.98924870566304
544,0.25694,-0.0,1,473.25558923079745,0.0,181.3345552593898,3.5541572830840398,28.433258264672318,31.987415547756356,473.25558923079745,121.82347069957655,0.0,539.3910769382767,1.0,3.5541572830840398,0.0,7.581511892811334,0.0,262.2666414999203,0.0,0.0,9.85894800101479,50.0,0.0,0.0,0.0,0.0,0.0,0.0,0.0,5.208333333333333,0.36638087806051356,0.0,161.98924870566304,9080.0,150.0,-0.0,0.0,9.85894800101479,1841.891450263865,490.345720613441,477.9665523066951,3279.88882223117,18.492250295061705,0.0,486.8727964637168,86.13425307833785,97.05267952488772,41.666666666666664,12.379168306745884,191703555.20905304,95824833.33333333,10.0,1.0,7.853981633974483,20.0,2.5,98.17477042468104,8782.26155787864,9.610776124023444,9.85894800101479,50.0,12.131584940610965,2302.786376953125,426.2167428145716,5.208333333333333,0.36638087806051356,161.98924870566304
545,0.259056,-0.0,1,477.1530315395558,0.0,302.31310896256036,5.925336935666183,47.40269548532947,53.32803242099565,477.1530315395558,0.0,0.0,539.3910769382767,1.0,5.925336935666183,0.0,13.388342089764226,0.0,252.3581510466391,0.0,0.0,9.85894800101479,50.0,0.0,0.0,0.0,0.0,0.0,0.0,0.0,5.208333333333333,0.36638087806051356,0.0,161.98924870566304,9080.0,150.0,0.0,0.0,9.858948001014781,1841.891450263865,490.345720613441,477.9665523066951,3279.88882223117,18.492250295061705,0.0,486.8727964637168,86.13425307833785,97.05267952488772,41.666666666666664,12.379168306745884,191703555.20905304,95824833.33333333,10.0,1.0,7.853981633974483,20.0,2.5,98.17477042468104,8782.26155787864,9.610776124023444,9.85894800101479,50.0,12.131584940610965,2302.786376953125,426.2167428145716,5.208333333333333,0.36638087806051356,161.98924870566304
546,0.24877,-0.0,1,458.2073360821417,0.0,0.0,0.0,0.0,0.0,458.2073360821417,295.21808737647865,0.0,819.8482599459314,1.0,0.0,0.0,13.388342089764226,0.0,242.44966059335792,0.0,0.0,9.85894800101479,50.0,0.0,0.0,0.0,0.0,0.0,0.0,0.0,5.208333333333333,0.36638087806051356,0.0,161.98924870566304,9080.0,150.0,-0.0,0.0,9.85894800101479,1841.891450263865,490.345720613441,477.9665523066951,3279.88882223117,18.492250295061705,0.0,486.8727964637168,86.13425307833785,97.05267952488772,41.666666666666664,12.379168306745884,191703555.20905304,95824833.33333333,10.0,1.0,7.853981633974483,20.0,2.5,98.17477042468104,8782.26155787864,9.610776124023444,9.85894800101479,50.0,12.131584940610965,2302.786376953125,426.2167428145716,5.208333333333333,0.36638087806051356,161.98924870566304
547,0.1993019999999999,-0.0,1,367.09264982048865,0.0,196.40435057238798,3.849525271218804,30.796202169750433,34.64572744096924,367.09264982048865,0.0,0.0,819.8482599459314,1.0,3.8495252712188046,0.0,17.160876855558655,0.0,232.54117014007673,0.0,0.0,9.85894800101479,50.0,0.0,0.0,0.0,0.0,0.0,0.0,0.0,5.208333333333333,0.36638087806051356,0.0,161.98924870566304,9080.0,150.0,0.0,0.0,9.858948001014781,1841.891450263865,490.345720613441,477.9665523066951,3279.88882223117,18.492250295061705,0.0,486.8727964637168,86.13425307833785,97.05267952488772,41.666666666666664,12.379168306745884,191703555.20905304,95824833.33333333,10.0,1.0,7.853981633974483,20.0,2.5,98.17477042468104,8782.26155787864,9.610776124023444,9.85894800101479,50.0,12.131584940610965,2302.786376953125,426.2167428145716,5.208333333333333,0.36638087806051356,161.98924870566304
548,0.127597,-0.0,1,235.01982337931835,0.0,69.31348602160827,1.3585443260235222,10.868354608188177,12.2268989342117,235.01982337931835,0.0,0.0,819.8482599459314,1.0,1.358544326023522,0.0,18.492250295061705,0.0,222.63267968679554,0.0,0.0,9.85894800101479,50.0,0.0,0.0,0.0,0.0,0.0,0.0,0.0,5.208333333333333,0.36638087806051356,0.0,161.98924870566304,9080.0,150.0,0.0,0.0,9.858948001014781,1841.891450263865,490.345720613441,477.9665523066951,3279.88882223117,18.492250295061705,0.0,486.8727964637168,86.13425307833785,97.05267952488772,41.666666666666664,12.379168306745884,191703555.20905304,95824833.33333333,10.0,1.0,7.853981633974483,20.0,2.5,98.17477042468104,8782.26155787864,9.610776124023444,9.85894800101479,50.0,12.131584940610965,2302.786376953125,426.2167428145716,5.208333333333333,0.36638087806051356,161.98924870566304
549,0.089842,1.0,1,165.47921167460618,0.0,353.4583742910417,6.9277841361044175,55.42227308883534,62.35005722493976,942.9326650100681,0.0,777.4534533354622,1.476203803339672,-0.0,0.0,2.6829919879190265,15.754503368613719,0.0,224.89395344169372,8782.26155787864,9.610776124023444,9.85894800101479,50.0,12.131584940610965,2302.786376953125,12.131584940610965,86.13425307833785,86.13425307833785,0.0,0.0,5.208333333333333,0.36638087806051356,426.2167428145716,161.98924870566304,297.7384421213592,150.0,1.0,2.2726369395961754,0.0,1841.891450263865,490.345720613441,477.9665523066951,3279.88882223117,18.492250295061705,0.0,486.8727964637168,86.13425307833785,97.05267952488772,41.666666666666664,12.379168306745884,191703555.20905304,95824833.33333333,10.0,1.0,7.853981633974483,20.0,2.5,98.17477042468104,8782.26155787864,9.610776124023444,9.85894800101479,50.0,12.131584940610965,2302.786376953125,426.2167428145716,5.208333333333333,0.36638087806051356,161.98924870566304
550,0.111825,-0.0,1,205.96951142575668,0.0,41.35899030032105,0.8106362098862925,6.48508967909034,7.295725888976632,205.96951142575668,0.0,0.0,1.476203803339672,1.0,0.8106362098862925,0.0,16.548926854302287,0.0,214.98546298841256,0.0,0.0,9.85894800101479,50.0,0.0,0.0,0.0,0.0,0.0,0.0,0.0,5.208333333333333,0.36638087806051356,0.0,161.98924870566304,9080.0,150.0,0.0,0.0,9.858948001014781,1841.891450263865,490.345720613441,477.9665523066951,3279.88882223117,18.492250295061705,0.0,486.8727964637168,86.13425307833785,97.05267952488772,41.666666666666664,12.379168306745884,191703555.20905304,95824833.33333333,10.0,1.0,7.853981633974483,20.0,2.5,98.17477042468104,8782.26155787864,9.610776124023444,9.85894800101479,50.0,12.131584940610965,2302.786376953125,426.2167428145716,5.208333333333333,0.36638087806051356,161.98924870566304
551,0.145572,-0.0,1,268.1278221978114,0.0,101.17260728651688,1.9829831028157308,15.863864822525846,17.846847925341578,268.1278221978114,0.0,0.0,1.476203803339672,1.0,1.9829831028157308,0.0,18.492250295061705,0.0,205.07697253513138,0.0,0.0,9.85894800101479,50.0,0.0,0.0,0.0,0.0,0.0,0.0,0.0,5.208333333333333,0.36638087806051356,0.0,161.98924870566304,9080.0,150.0,-0.0,0.0,9.85894800101479,1841.891450263865,490.345720613441,477.9665523066951,3279.88882223117,18.492250295061705,0.0,486.8727964637168,86.13425307833785,97.05267952488772,41.666666666666664,12.379168306745884,191703555.20905304,95824833.33333333,10.0,1.0,7.853981633974483,20.0,2.5,98.17477042468104,8782.26155787864,9.610776124023444,9.85894800101479,50.0,12.131584940610965,2302.786376953125,426.2167428145716,5.208333333333333,0.36638087806051356,161.98924870566304
552,0.558695,1.0,1,1029.0555438051701,0.0,439.750385427972,8.61910755438825,68.952860435106,77.57196798949425,1029.0555438051701,0.0,0.0,1.476203803339672,-0.0,0.0,0.9916685696351931,17.480343591352327,0.0,207.33824629002956,8782.26155787864,9.610776124023444,9.85894800101479,50.0,12.131584940610965,2302.786376953125,12.131584940610965,86.13425307833785,86.13425307833785,0.0,0.0,5.208333333333333,0.36638087806051356,426.2167428145716,161.98924870566304,297.7384421213592,150.0,1.0,2.2726369395961754,0.0,1841.891450263865,490.345720613441,477.9665523066951,3279.88882223117,18.492250295061705,0.0,486.8727964637168,86.13425307833785,97.05267952488772,41.666666666666664,12.379168306745884,191703555.20905304,95824833.33333333,10.0,1.0,7.853981633974483,20.0,2.5,98.17477042468104,8782.26155787864,9.610776124023444,9.85894800101479,50.0,12.131584940610965,2302.786376953125,426.2167428145716,5.208333333333333,0.36638087806051356,161.98924870566304
553,0.585349,1.0,1,1078.1493185205031,0.0,490.345720613441,9.610776124023444,76.88620899218755,86.496985116211,1079.5517121336757,0.0,1.4023936131726886,0.0,-0.0,0.0,0.0,17.480343591352327,0.0,209.59952004492783,8782.26155787864,9.610776124023444,9.85894800101479,50.0,12.131584940610965,2302.786376953125,12.131584940610965,86.13425307833785,86.13425307833785,0.0,0.0,5.208333333333333,0.36638087806051356,426.2167428145716,161.98924870566304,297.7384421213592,150.0,1.0,2.2726369395961754,0.0,1841.891450263865,490.345720613441,477.9665523066951,3279.88882223117,18.492250295061705,0.0,486.8727964637168,86.13425307833785,97.05267952488772,41.666666666666664,12.379168306745884,191703555.20905304,95824833.33333333,10.0,1.0,7.853981633974483,20.0,2.5,98.17477042468104,8782.26155787864,9.610776124023444,9.85894800101479,50.0,12.131584940610965,2302.786376953125,426.2167428145716,5.208333333333333,0.36638087806051356,161.98924870566304
554,0.5908640000000001,1.0,1,1088.3073498687083,0.0,490.345720613441,9.610776124023444,76.88620899218755,86.496985116211,1088.3073498687083,8.755637735032678,0.0,8.317855848281043,-0.0,0.0,0.0,17.480343591352327,0.0,211.860793799826,8782.26155787864,9.610776124023444,9.85894800101479,50.0,12.131584940610965,2302.786376953125,12.131584940610965,86.13425307833785,86.13425307833785,0.0,0.0,5.208333333333333,0.36638087806051356,426.2167428145716,161.98924870566304,297.7384421213592,150.0,1.0,2.2726369395961754,0.0,1841.891450263865,490.345720613441,477.9665523066951,3279.88882223117,18.492250295061705,0.0,486.8727964637168,86.13425307833785,97.05267952488772,41.666666666666664,12.379168306745884,191703555.20905304,95824833.33333333,10.0,1.0,7.853981633974483,20.0,2.5,98.17477042468104,8782.26155787864,9.610776124023444,9.85894800101479,50.0,12.131584940610965,2302.786376953125,426.2167428145716,5.208333333333333,0.36638087806051356,161.98924870566304
555,0.604102,1.0,1,1112.6903088873014,0.0,490.345720613441,9.610776124023444,76.88620899218755,86.496985116211,1079.5517121336757,0.0,0.0,8.317855848281043,1.0,0.0,0.0,17.480343591352327,0.0,214.1220675547242,8782.26155787864,9.610776124023444,9.85894800101479,50.0,12.131584940610965,2302.786376953125,12.131584940610965,86.13425307833785,86.13425307833785,0.0,0.0,5.208333333333333,0.36638087806051356,426.2167428145716,161.98924870566304,297.7384421213592,150.0,1.0,2.2726369395961754,0.0,1841.891450263865,490.345720613441,477.9665523066951,3279.88882223117,18.492250295061705,0.0,486.8727964637168,86.13425307833785,97.05267952488772,41.666666666666664,12.379168306745884,191703555.20905304,95824833.33333333,10.0,1.0,7.853981633974483,20.0,2.5,98.17477042468104,8782.26155787864,9.610776124023444,9.85894800101479,50.0,12.131584940610965,2302.786376953125,426.2167428145716,5.208333333333333,0.36638087806051356,161.98924870566304
556,0.643365,1.0,1,1185.0084928990113,0.0,490.345720613441,9.610776124023444,76.88620899218755,86.496985116211,1185.0084928990113,105.45678076533568,0.0,108.50179757534993,1.0,0.0,0.0,17.480343591352327,0.0,216.38334130962238,8782.26155787864,9.610776124023444,9.85894800101479,50.0,12.131584940610965,2302.786376953125,12.131584940610965,86.13425307833785,86.13425307833785,0.0,0.0,5.208333333333333,0.36638087806051356,426.2167428145716,161.98924870566304,297.7384421213592,150.0,1.0,2.2726369395961754,0.0,1841.891450263865,490.345720613441,477.9665523066951,3279.88882223117,18.492250295061705,0.0,486.8727964637168,86.13425307833785,97.05267952488772,41.666666666666664,12.379168306745884,191703555.20905304,95824833.33333333,10.0,1.0,7.853981633974483,20.0,2.5,98.17477042468104,8782.26155787864,9.610776124023444,9.85894800101479,50.0,12.131584940610965,2302.786376953125,426.2167428145716,5.208333333333333,0.36638087806051356,161.98924870566304
557,0.69888,1.0,1,1287.2610967604098,0.0,490.345720613441,9.610776124023444,76.88620899218755,86.496985116211,1079.5517121336757,0.0,0.0,108.50179757534993,1.0,0.0,0.0,17.480343591352327,0.0,218.64461506452062,8782.26155787864,9.610776124023444,9.85894800101479,50.0,12.131584940610965,2302.786376953125,12.131584940610965,86.13425307833785,86.13425307833785,0.0,0.0,5.208333333333333,0.36638087806051356,426.2167428145716,161.98924870566304,297.7384421213592,150.0,1.0,2.2726369395961754,0.0,1841.891450263865,490.345720613441,477.9665523066951,3279.88882223117,18.492250295061705,0.0,486.8727964637168,86.13425307833785,97.05267952488772,41.666666666666664,12.379168306745884,191703555.20905304,95824833.33333333,10.0,1.0,7.853981633974483,20.0,2.5,98.17477042468104,8782.26155787864,9.610776124023444,9.85894800101479,50.0,12.131584940610965,2302.786376953125,426.2167428145716,5.208333333333333,0.36638087806051356,161.98924870566304
558,0.754415,1.0,1,1389.5505384508135,0.0,490.345720613441,9.610776124023444,76.88620899218755,86.496985116211,1079.5517121336757,0.0,0.0,108.50179757534993,-0.0,0.0,0.0,17.480343591352327,0.0,220.9058888194188,8782.26155787864,9.610776124023444,9.85894800101479,50.0,12.131584940610965,2302.786376953125,12.131584940610965,86.13425307833785,86.13425307833785,0.0,0.0,5.208333333333333,0.36638087806051356,426.2167428145716,161.98924870566304,297.7384421213592,150.0,1.0,2.2726369395961754,0.0,1841.891450263865,490.345720613441,477.9665523066951,3279.88882223117,18.492250295061705,0.0,486.8727964637168,86.13425307833785,97.05267952488772,41.666666666666664,12.379168306745884,191703555.20905304,95824833.33333333,10.0,1.0,7.853981633974483,20.0,2.5,98.17477042468104,8782.26155787864,9.610776124023444,9.85894800101479,50.0,12.131584940610965,2302.786376953125,426.2167428145716,5.208333333333333,0.36638087806051356,161.98924870566304
559,0.794708,1.0,1,1463.7658706562956,0.0,490.345720613441,9.610776124023444,76.88620899218755,86.496985116211,1079.5517121336757,0.0,0.0,108.50179757534993,1.0,0.0,0.0,17.480343591352327,0.0,223.167162574317,8782.26155787864,9.610776124023444,9.85894800101479,50.0,12.131584940610965,2302.786376953125,12.131584940610965,86.13425307833785,86.13425307833785,0.0,0.0,5.208333333333333,0.36638087806051356,426.2167428145716,161.98924870566304,297.7384421213592,150.0,1.0,2.2726369395961754,0.0,1841.891450263865,490.345720613441,477.9665523066951,3279.88882223117,18.492250295061705,0.0,486.8727964637168,86.13425307833785,97.05267952488772,41.666666666666664,12.379168306745884,191703555.20905304,95824833.33333333,10.0,1.0,7.853981633974483,20.0,2.5,98.17477042468104,8782.26155787864,9.610776124023444,9.85894800101479,50.0,12.131584940610965,2302.786376953125,426.2167428145716,5.208333333333333,0.36638087806051356,161.98924870566304
560,0.81003,1.0,1,1491.9873314572385,0.0,490.345720613441,9.610776124023444,76.88620899218755,86.496985116211,1079.5517121336757,0.0,0.0,108.50179757534993,1.0,0.0,0.0,17.480343591352327,0.0,225.42843632921517,8782.26155787864,9.610776124023444,9.85894800101479,50.0,12.131584940610965,2302.786376953125,12.131584940610965,86.13425307833785,86.13425307833785,0.0,0.0,5.208333333333333,0.36638087806051356,426.2167428145716,161.98924870566304,297.7384421213592,150.0,1.0,2.2726369395961754,0.0,1841.891450263865,490.345720613441,477.9665523066951,3279.88882223117,18.492250295061705,0.0,486.8727964637168,86.13425307833785,97.05267952488772,41.666666666666664,12.379168306745884,191703555.20905304,95824833.33333333,10.0,1.0,7.853981633974483,20.0,2.5,98.17477042468104,8782.26155787864,9.610776124023444,9.85894800101479,50.0,12.131584940610965,2302.786376953125,426.2167428145716,5.208333333333333,0.36638087806051356,161.98924870566304
561,0.8028609999999999,1.0,1,1478.7828116502967,0.0,490.345720613441,9.610776124023444,76.88620899218755,86.496985116211,1079.5517121336757,0.0,0.0,108.50179757534993,1.0,0.0,0.0,17.480343591352327,0.0,227.68971008411341,8782.26155787864,9.610776124023444,9.85894800101479,50.0,12.131584940610965,2302.786376953125,12.131584940610965,86.13425307833785,86.13425307833785,0.0,0.0,5.208333333333333,0.36638087806051356,426.2167428145716,161.98924870566304,297.7384421213592,150.0,1.0,2.2726369395961754,0.0,1841.891450263865,490.345720613441,477.9665523066951,3279.88882223117,18.492250295061705,0.0,486.8727964637168,86.13425307833785,97.05267952488772,41.666666666666664,12.379168306745884,191703555.20905304,95824833.33333333,10.0,1.0,7.853981633974483,20.0,2.5,98.17477042468104,8782.26155787864,9.610776124023444,9.85894800101479,50.0,12.131584940610965,2302.786376953125,426.2167428145716,5.208333333333333,0.36638087806051356,161.98924870566304
562,0.790888,1.0,1,1456.7298453162878,0.0,490.345720613441,9.610776124023444,76.88620899218755,86.496985116211,1456.729845316288,377.1781331826122,0.0,466.8210240988315,1.0,0.0,0.0,17.480343591352327,0.0,229.9509838390116,8782.26155787864,9.610776124023444,9.85894800101479,50.0,12.131584940610965,2302.786376953125,12.131584940610965,86.13425307833785,86.13425307833785,0.0,0.0,5.208333333333333,0.36638087806051356,426.2167428145716,161.98924870566304,297.7384421213592,150.0,1.0,2.2726369395961754,0.0,1841.891450263865,490.345720613441,477.9665523066951,3279.88882223117,18.492250295061705,0.0,486.8727964637168,86.13425307833785,97.05267952488772,41.666666666666664,12.379168306745884,191703555.20905304,95824833.33333333,10.0,1.0,7.853981633974483,20.0,2.5,98.17477042468104,8782.26155787864,9.610776124023444,9.85894800101479,50.0,12.131584940610965,2302.786376953125,426.2167428145716,5.208333333333333,0.36638087806051356,161.98924870566304
563,0.790203,1.0,1,1455.468149672857,0.0,490.345720613441,9.610776124023444,76.88620899218755,86.496985116211,1455.4681496728572,375.9164375391814,0.0,823.9416397610538,1.0,0.0,0.0,17.480343591352327,0.0,232.21225759390978,8782.26155787864,9.610776124023444,9.85894800101479,50.0,12.131584940610965,2302.786376953125,12.131584940610965,86.13425307833785,86.13425307833785,0.0,0.0,5.208333333333333,0.36638087806051356,426.2167428145716,161.98924870566304,297.7384421213592,150.0,1.0,2.2726369395961754,0.0,1841.891450263865,490.345720613441,477.9665523066951,3279.88882223117,18.492250295061705,0.0,486.8727964637168,86.13425307833785,97.05267952488772,41.666666666666664,12.379168306745884,191703555.20905304,95824833.33333333,10.0,1.0,7.853981633974483,20.0,2.5,98.17477042468104,8782.26155787864,9.610776124023444,9.85894800101479,50.0,12.131584940610965,2302.786376953125,426.2167428145716,5.208333333333333,0.36638087806051356,161.98924870566304
564,0.8005800000000001,1.0,1,1474.5814572522452,0.0,490.345720613441,9.610776124023444,76.88620899218755,86.496985116211,1079.5517121336757,0.0,0.0,823.9416397610538,1.0,0.0,0.0,17.480343591352327,0.0,234.47353134880797,8782.26155787864,9.610776124023444,9.85894800101479,50.0,12.131584940610965,2302.786376953125,12.131584940610965,86.13425307833785,86.13425307833785,0.0,0.0,5.208333333333333,0.36638087806051356,426.2167428145716,161.98924870566304,297.7384421213592,150.0,1.0,2.2726369395961754,0.0,1841.891450263865,490.345720613441,477.9665523066951,3279.88882223117,18.492250295061705,0.0,486.8727964637168,86.13425307833785,97.05267952488772,41.666666666666664,12.379168306745884,191703555.20905304,95824833.33333333,10.0,1.0,7.853981633974483,20.0,2.5,98.17477042468104,8782.26155787864,9.610776124023444,9.85894800101479,50.0,12.131584940610965,2302.786376953125,426.2167428145716,5.208333333333333,0.36638087806051356,161.98924870566304
565,0.813492,1.0,1,1498.363959658052,0.0,490.345720613441,9.610776124023444,76.88620899218755,86.496985116211,1498.363959658052,418.8122475243762,0.0,1221.813274909211,1.0,0.0,0.0,17.480343591352327,0.0,236.7348051037062,8782.26155787864,9.610776124023444,9.85894800101479,50.0,12.131584940610965,2302.786376953125,12.131584940610965,86.13425307833785,86.13425307833785,0.0,0.0,5.208333333333333,0.36638087806051356,426.2167428145716,161.98924870566304,297.7384421213592,150.0,1.0,2.2726369395961754,0.0,1841.891450263865,490.345720613441,477.9665523066951,3279.88882223117,18.492250295061705,0.0,486.8727964637168,86.13425307833785,97.05267952488772,41.666666666666664,12.379168306745884,191703555.20905304,95824833.33333333,10.0,1.0,7.853981633974483,20.0,2.5,98.17477042468104,8782.26155787864,9.610776124023444,9.85894800101479,50.0,12.131584940610965,2302.786376953125,426.2167428145716,5.208333333333333,0.36638087806051356,161.98924870566304
566,0.8218880000000001,1.0,1,1513.8284802744677,0.0,490.345720613441,9.610776124023444,76.88620899218755,86.496985116211,1513.828480274468,434.2767681407921,0.0,1634.3762046429636,1.0,0.0,0.0,17.480343591352327,0.0,238.9960788586044,8782.26155787864,9.610776124023444,9.85894800101479,50.0,12.131584940610965,2302.786376953125,12.131584940610965,86.13425307833785,86.13425307833785,0.0,0.0,5.208333333333333,0.36638087806051356,426.2167428145716,161.98924870566304,297.7384421213592,150.0,1.0,2.2726369395961754,0.0,1841.891450263865,490.345720613441,477.9665523066951,3279.88882223117,18.492250295061705,0.0,486.8727964637168,86.13425307833785,97.05267952488772,41.666666666666664,12.379168306745884,191703555.20905304,95824833.33333333,10.0,1.0,7.853981633974483,20.0,2.5,98.17477042468104,8782.26155787864,9.610776124023444,9.85894800101479,50.0,12.131584940610965,2302.786376953125,426.2167428145716,5.208333333333333,0.36638087806051356,161.98924870566304
567,0.835076,1.0,1,1538.1193447205474,0.0,490.345720613441,9.610776124023444,76.88620899218755,86.496985116211,1195.3901358655814,115.83842373190572,0.0,1744.422707188274,1.0,0.0,0.0,17.480343591352327,0.0,241.25735261350258,8782.26155787864,9.610776124023444,9.85894800101479,50.0,12.131584940610965,2302.786376953125,12.131584940610965,86.13425307833785,86.13425307833785,0.0,0.0,5.208333333333333,0.36638087806051356,426.2167428145716,161.98924870566304,297.7384421213592,150.0,1.0,2.2726369395961754,0.0,1841.891450263865,490.345720613441,477.9665523066951,3279.88882223117,18.492250295061705,0.0,486.8727964637168,86.13425307833785,97.05267952488772,41.666666666666664,12.379168306745884,191703555.20905304,95824833.33333333,10.0,1.0,7.853981633974483,20.0,2.5,98.17477042468104,8782.26155787864,9.610776124023444,9.85894800101479,50.0,12.131584940610965,2302.786376953125,426.2167428145716,5.208333333333333,0.36638087806051356,161.98924870566304
568,0.8409589999999999,1.0,1,1548.9551921224495,0.0,490.345720613441,9.610776124023444,76.88620899218755,86.496985116211,1079.5517121336757,0.0,0.0,1744.422707188274,1.0,0.0,0.0,17.480343591352327,0.0,243.51862636840076,8782.26155787864,9.610776124023444,9.85894800101479,50.0,12.131584940610965,2302.786376953125,12.131584940610965,86.13425307833785,86.13425307833785,0.0,0.0,5.208333333333333,0.36638087806051356,426.2167428145716,161.98924870566304,297.7384421213592,150.0,1.0,2.2726369395961754,0.0,1841.891450263865,490.345720613441,477.9665523066951,3279.88882223117,18.492250295061705,0.0,486.8727964637168,86.13425307833785,97.05267952488772,41.666666666666664,12.379168306745884,191703555.20905304,95824833.33333333,10.0,1.0,7.853981633974483,20.0,2.5,98.17477042468104,8782.26155787864,9.610776124023444,9.85894800101479,50.0,12.131584940610965,2302.786376953125,426.2167428145716,5.208333333333333,0.36638087806051356,161.98924870566304
569,0.8337089999999999,1.0,1,1535.6014791080365,0.0,490.345720613441,9.610776124023444,76.88620899218755,86.496985116211,1079.5517121336757,0.0,0.0,1744.422707188274,1.0,0.0,0.0,17.480343591352327,0.0,245.779900123299,8782.26155787864,9.610776124023444,9.85894800101479,50.0,12.131584940610965,2302.786376953125,12.131584940610965,86.13425307833785,86.13425307833785,0.0,0.0,5.208333333333333,0.36638087806051356,426.2167428145716,161.98924870566304,297.7384421213592,150.0,1.0,2.2726369395961754,0.0,1841.891450263865,490.345720613441,477.9665523066951,3279.88882223117,18.492250295061705,0.0,486.8727964637168,86.13425307833785,97.05267952488772,41.666666666666664,12.379168306745884,191703555.20905304,95824833.33333333,10.0,1.0,7.853981633974483,20.0,2.5,98.17477042468104,8782.26155787864,9.610776124023444,9.85894800101479,50.0,12.131584940610965,2302.786376953125,426.2167428145716,5.208333333333333,0.36638087806051356,161.98924870566304
570,0.828643,1.0,1,1526.2704570209999,0.0,490.345720613441,9.610776124023444,76.88620899218755,86.496985116211,1526.2704570209999,446.7187448873241,0.0,2168.805514831232,1.0,0.0,0.0,17.480343591352327,0.0,248.04117387819718,8782.26155787864,9.610776124023444,9.85894800101479,50.0,12.131584940610965,2302.786376953125,12.131584940610965,86.13425307833785,86.13425307833785,0.0,0.0,5.208333333333333,0.36638087806051356,426.2167428145716,161.98924870566304,297.7384421213592,150.0,1.0,2.2726369395961754,0.0,1841.891450263865,490.345720613441,477.9665523066951,3279.88882223117,18.492250295061705,0.0,486.8727964637168,86.13425307833785,97.05267952488772,41.666666666666664,12.379168306745884,191703555.20905304,95824833.33333333,10.0,1.0,7.853981633974483,20.0,2.5,98.17477042468104,8782.26155787864,9.610776124023444,9.85894800101479,50.0,12.131584940610965,2302.786376953125,426.2167428145716,5.208333333333333,0.36638087806051356,161.98924870566304
571,0.820492,1.0,1,1511.257199809899,0.0,490.345720613441,9.610776124023444,76.88620899218755,86.496985116211,1079.5517121336757,0.0,0.0,2168.805514831232,1.0,0.0,0.0,17.480343591352327,0.0,250.30244763309537,8782.26155787864,9.610776124023444,9.85894800101479,50.0,12.131584940610965,2302.786376953125,12.131584940610965,86.13425307833785,86.13425307833785,0.0,0.0,5.208333333333333,0.36638087806051356,426.2167428145716,161.98924870566304,297.7384421213592,150.0,1.0,2.2726369395961754,0.0,1841.891450263865,490.345720613441,477.9665523066951,3279.88882223117,18.492250295061705,0.0,486.8727964637168,86.13425307833785,97.05267952488772,41.666666666666664,12.379168306745884,191703555.20905304,95824833.33333333,10.0,1.0,7.853981633974483,20.0,2.5,98.17477042468104,8782.26155787864,9.610776124023444,9.85894800101479,50.0,12.131584940610965,2302.786376953125,426.2167428145716,5.208333333333333,0.36638087806051356,161.98924870566304
572,0.796411,1.0,1,1466.902611796095,0.0,490.345720613441,9.610776124023444,76.88620899218755,86.496985116211,1466.9026117960952,387.35089966241947,0.0,2536.7888695105303,-0.0,0.0,0.0,17.480343591352327,0.0,252.56372138799355,8782.26155787864,9.610776124023444,9.85894800101479,50.0,12.131584940610965,2302.786376953125,12.131584940610965,86.13425307833785,86.13425307833785,0.0,0.0,5.208333333333333,0.36638087806051356,426.2167428145716,161.98924870566304,297.7384421213592,150.0,1.0,2.2726369395961754,0.0,1841.891450263865,490.345720613441,477.9665523066951,3279.88882223117,18.492250295061705,0.0,486.8727964637168,86.13425307833785,97.05267952488772,41.666666666666664,12.379168306745884,191703555.20905304,95824833.33333333,10.0,1.0,7.853981633974483,20.0,2.5,98.17477042468104,8782.26155787864,9.610776124023444,9.85894800101479,50.0,12.131584940610965,2302.786376953125,426.2167428145716,5.208333333333333,0.36638087806051356,161.98924870566304
573,0.761084,1.0,1,1401.8341125326233,0.0,490.345720613441,9.610776124023444,76.88620899218755,86.496985116211,1401.8341125326233,322.2824003989475,0.0,2842.9571498895302,1.0,0.0,0.0,17.480343591352327,0.0,254.8249951428918,8782.26155787864,9.610776124023444,9.85894800101479,50.0,12.131584940610965,2302.786376953125,12.131584940610965,86.13425307833785,86.13425307833785,0.0,0.0,5.208333333333333,0.36638087806051356,426.2167428145716,161.98924870566304,297.7384421213592,150.0,1.0,2.2726369395961754,0.0,1841.891450263865,490.345720613441,477.9665523066951,3279.88882223117,18.492250295061705,0.0,486.8727964637168,86.13425307833785,97.05267952488772,41.666666666666664,12.379168306745884,191703555.20905304,95824833.33333333,10.0,1.0,7.853981633974483,20.0,2.5,98.17477042468104,8782.26155787864,9.610776124023444,9.85894800101479,50.0,12.131584940610965,2302.786376953125,426.2167428145716,5.208333333333333,0.36638087806051356,161.98924870566304
574,0.727606,1.0,1,1340.1712705606897,0.0,490.345720613441,9.610776124023444,76.88620899218755,86.496985116211,1340.1712705606897,260.6195584270139,0.0,3090.5457303951935,1.0,0.0,0.0,17.480343591352327,0.0,257.08626889779,8782.26155787864,9.610776124023444,9.85894800101479,50.0,12.131584940610965,2302.786376953125,12.131584940610965,86.13425307833785,86.13425307833785,0.0,0.0,5.208333333333333,0.36638087806051356,426.2167428145716,161.98924870566304,297.7384421213592,150.0,1.0,2.2726369395961754,0.0,1841.891450263865,490.345720613441,477.9665523066951,3279.88882223117,18.492250295061705,0.0,486.8727964637168,86.13425307833785,97.05267952488772,41.666666666666664,12.379168306745884,191703555.20905304,95824833.33333333,10.0,1.0,7.853981633974483,20.0,2.5,98.17477042468104,8782.26155787864,9.610776124023444,9.85894800101479,50.0,12.131584940610965,2302.786376953125,426.2167428145716,5.208333333333333,0.36638087806051356,161.98924870566304
575,0.6943189999999999,1.0,1,1278.8602298557562,0.0,490.345720613441,9.610776124023444,76.88620899218755,86.496985116211,1278.8602298557562,199.3085177220804,0.0,3279.88882223117,1.0,0.0,0.0,17.480343591352327,0.0,259.34754265268816,8782.26155787864,9.610776124023444,9.85894800101479,50.0,12.131584940610965,2302.786376953125,12.131584940610965,86.13425307833785,86.13425307833785,0.0,0.0,5.208333333333333,0.36638087806051356,426.2167428145716,161.98924870566304,297.7384421213592,150.0,1.0,2.2726369395961754,0.0,1841.891450263865,490.345720613441,477.9665523066951,3279.88882223117,18.492250295061705,0.0,486.8727964637168,86.13425307833785,97.05267952488772,41.666666666666664,12.379168306745884,191703555.20905304,95824833.33333333,10.0,1.0,7.853981633974483,20.0,2.5,98.17477042468104,8782.26155787864,9.610776124023444,9.85894800101479,50.0,12.131584940610965,2302.786376953125,426.2167428145716,5.208333333333333,0.36638087806051356,161.98924870566304
576,0.1980209999999999,1.0,1,364.7331868727006,0.0,324.9918989551804,6.369841219521535,50.95872975617228,57.328570975693815,914.5219839658652,0.0,549.7887970931647,2701.1637726594176,-0.0,0.0,3.2409349045019082,14.173267158187114,0.0,261.60881640758635,8782.26155787864,9.610776124023444,9.85894800101479,50.0,12.131584940610965,2302.786376953125,12.131584940610965,86.13425307833785,86.13425307833785,0.0,0.0,5.208333333333333,0.36638087806051356,426.2167428145716,161.98924870566304,297.7384421213592,150.0,1.0,2.2726369395961754,0.0,1841.891450263865,490.345720613441,477.9665523066951,3279.88882223117,18.492250295061705,0.0,486.8727964637168,86.13425307833785,97.05267952488772,41.666666666666664,12.379168306745884,191703555.20905304,95824833.33333333,10.0,1.0,7.853981633974483,20.0,2.5,98.17477042468104,8782.26155787864,9.610776124023444,9.85894800101479,50.0,12.131584940610965,2302.786376953125,426.2167428145716,5.208333333333333,0.36638087806051356,161.98924870566304
577,0.215353,-0.0,1,396.6568494886741,0.0,224.85334948326695,4.407125649872032,35.25700519897626,39.66413084884829,396.656849488674,0.0,0.0,2701.1637726594176,1.0,4.407125649872032,0.0,18.492250295061705,0.0,251.70032595430516,0.0,0.0,9.85894800101479,50.0,0.0,0.0,0.0,0.0,0.0,0.0,0.0,5.208333333333333,0.36638087806051356,0.0,161.98924870566304,9080.0,150.0,0.0,0.0,9.858948001014781,1841.891450263865,490.345720613441,477.9665523066951,3279.88882223117,18.492250295061705,0.0,486.8727964637168,86.13425307833785,97.05267952488772,41.666666666666664,12.379168306745884,191703555.20905304,95824833.33333333,10.0,1.0,7.853981633974483,20.0,2.5,98.17477042468104,8782.26155787864,9.610776124023444,9.85894800101479,50.0,12.131584940610965,2302.786376953125,426.2167428145716,5.208333333333333,0.36638087806051356,161.98924870566304
578,0.241635,1.0,1,445.06544058450896,0.0,490.345720613441,9.610776124023444,76.88620899218755,86.496985116211,1079.5517121336757,0.0,634.4862715491668,2033.2834868181894,-0.0,0.0,0.0,18.492250295061705,0.0,253.96159970920334,8782.26155787864,9.610776124023444,9.85894800101479,50.0,12.131584940610965,2302.786376953125,12.131584940610965,86.13425307833785,86.13425307833785,0.0,0.0,5.208333333333333,0.36638087806051356,426.2167428145716,161.98924870566304,297.7384421213592,150.0,1.0,2.2726369395961754,0.0,1841.891450263865,490.345720613441,477.9665523066951,3279.88882223117,18.492250295061705,0.0,486.8727964637168,86.13425307833785,97.05267952488772,41.666666666666664,12.379168306745884,191703555.20905304,95824833.33333333,10.0,1.0,7.853981633974483,20.0,2.5,98.17477042468104,8782.26155787864,9.610776124023444,9.85894800101479,50.0,12.131584940610965,2302.786376953125,426.2167428145716,5.208333333333333,0.36638087806051356,161.98924870566304
579,0.264963,1.0,1,488.03308433626444,0.0,488.0285426674904,9.565359436282812,76.52287549026249,86.08823492654531,1077.2390758564989,0.0,589.2059915202348,1413.066653638995,-0.0,0.0,0.0454166877406326,18.445906736142692,0.0,256.22287346410155,8782.26155787864,9.610776124023444,9.85894800101479,50.0,12.131584940610965,2302.786376953125,12.131584940610965,86.13425307833785,86.13425307833785,0.0,0.0,5.208333333333333,0.36638087806051356,426.2167428145716,161.98924870566304,297.7384421213592,150.0,1.0,2.2726369395961754,0.0,1841.891450263865,490.345720613441,477.9665523066951,3279.88882223117,18.492250295061705,0.0,486.8727964637168,86.13425307833785,97.05267952488772,41.666666666666664,12.379168306745884,191703555.20905304,95824833.33333333,10.0,1.0,7.853981633974483,20.0,2.5,98.17477042468104,8782.26155787864,9.610776124023444,9.85894800101479,50.0,12.131584940610965,2302.786376953125,426.2167428145716,5.208333333333333,0.36638087806051356,161.98924870566304
580,0.296946,1.0,1,546.9422985900536,0.0,490.34572061344096,9.610776124023442,76.88620899218753,86.49698511621098,1079.5517121336757,0.0,532.6094135436219,852.4251656983403,-0.0,0.0,0.0,18.445906736142692,0.0,258.48414721899974,8782.26155787864,9.610776124023444,9.85894800101479,50.0,12.131584940610965,2302.786376953125,12.131584940610965,86.13425307833785,86.13425307833785,0.0,0.0,5.208333333333333,0.36638087806051356,426.2167428145716,161.98924870566304,297.7384421213592,150.0,1.0,2.2726369395961754,0.0,1841.891450263865,490.345720613441,477.9665523066951,3279.88882223117,18.492250295061705,0.0,486.8727964637168,86.13425307833785,97.05267952488772,41.666666666666664,12.379168306745884,191703555.20905304,95824833.33333333,10.0,1.0,7.853981633974483,20.0,2.5,98.17477042468104,8782.26155787864,9.610776124023444,9.85894800101479,50.0,12.131584940610965,2302.786376953125,426.2167428145716,5.208333333333333,0.36638087806051356,161.98924870566304
581,0.3373589999999999,1.0,1,621.3786577695671,0.0,82.2493900477516,1.6120880449359314,12.896704359487451,14.508792404423382,672.255250375895,0.0,50.876592606327904,798.8708576916633,-0.0,0.0,7.998688079087512,10.283980124828904,0.0,260.7454209738979,8782.26155787864,9.610776124023444,9.85894800101479,50.0,12.131584940610965,2302.786376953125,12.131584940610965,86.13425307833785,86.13425307833785,0.0,0.0,5.208333333333333,0.36638087806051356,426.2167428145716,161.98924870566304,297.7384421213592,150.0,1.0,2.2726369395961754,0.0,1841.891450263865,490.345720613441,477.9665523066951,3279.88882223117,18.492250295061705,0.0,486.8727964637168,86.13425307833785,97.05267952488772,41.666666666666664,12.379168306745884,191703555.20905304,95824833.33333333,10.0,1.0,7.853981633974483,20.0,2.5,98.17477042468104,8782.26155787864,9.610776124023444,9.85894800101479,50.0,12.131584940610965,2302.786376953125,426.2167428145716,5.208333333333333,0.36638087806051356,161.98924870566304
582,0.386063,1.0,1,711.0861389632184,0.0,490.34572061344096,9.610776124023442,76.88620899218753,86.49698511621098,1079.5517121336757,0.0,368.46557317045716,411.01235961749785,-0.0,0.0,0.0,10.283980124828904,0.0,263.0066947287961,8782.26155787864,9.610776124023444,9.85894800101479,50.0,12.131584940610965,2302.786376953125,12.131584940610965,86.13425307833785,86.13425307833785,0.0,0.0,5.208333333333333,0.36638087806051356,426.2167428145716,161.98924870566304,297.7384421213592,150.0,1.0,2.2726369395961754,0.0,1841.891450263865,490.345720613441,477.9665523066951,3279.88882223117,18.492250295061705,0.0,486.8727964637168,86.13425307833785,97.05267952488772,41.666666666666664,12.379168306745884,191703555.20905304,95824833.33333333,10.0,1.0,7.853981633974483,20.0,2.5,98.17477042468104,8782.26155787864,9.610776124023444,9.85894800101479,50.0,12.131584940610965,2302.786376953125,426.2167428145716,5.208333333333333,0.36638087806051356,161.98924870566304
583,0.446252,1.0,1,821.9477434631502,0.0,490.34572061344096,9.610776124023442,76.88620899218753,86.49698511621098,1079.5517121336757,0.0,257.6039686705254,139.85028733273427,-0.0,0.0,0.0,10.283980124828934,0.0,265.26796848369435,8782.26155787864,9.610776124023444,9.85894800101479,50.0,12.131584940610965,2302.786376953125,12.131584940610965,86.13425307833785,86.13425307833785,0.0,0.0,5.208333333333333,0.36638087806051356,426.2167428145716,161.98924870566304,297.7384421213592,150.0,1.0,2.2726369395961754,0.0,1841.891450263865,490.345720613441,477.9665523066951,3279.88882223117,18.492250295061705,0.0,486.8727964637168,86.13425307833785,97.05267952488772,41.666666666666664,12.379168306745884,191703555.20905304,95824833.33333333,10.0,1.0,7.853981633974483,20.0,2.5,98.17477042468104,8782.26155787864,9.610776124023444,9.85894800101479,50.0,12.131584940610965,2302.786376953125,426.2167428145716,5.208333333333333,0.36638087806051356,161.98924870566304
584,0.508868,1.0,1,937.2796185128724,0.0,347.7942260633195,6.816766830841062,54.534134646728496,61.35090147756956,937.2796185128725,0.0,0.0,139.85028733273427,-0.0,0.0,2.7940092931823814,7.432950233826504,0.0,267.52924223859253,8782.26155787864,9.610776124023444,9.85894800101479,50.0,12.131584940610965,2302.786376953125,12.131584940610965,86.13425307833785,86.13425307833785,0.0,0.0,5.208333333333333,0.36638087806051356,426.2167428145716,161.98924870566304,297.7384421213592,150.0,1.0,2.2726369395961754,0.0,1841.891450263865,490.345720613441,477.9665523066951,3279.88882223117,18.492250295061705,0.0,486.8727964637168,86.13425307833785,97.05267952488772,41.666666666666664,12.379168306745884,191703555.20905304,95824833.33333333,10.0,1.0,7.853981633974483,20.0,2.5,98.17477042468104,8782.26155787864,9.610776124023444,9.85894800101479,50.0,12.131584940610965,2302.786376953125,426.2167428145716,5.208333333333333,0.36638087806051356,161.98924870566304
585,0.5477029999999999,1.0,1,1008.8094729838696,0.0,490.34572061344096,9.610776124023442,76.88620899218753,86.49698511621098,1079.5517121336757,0.0,70.74223914980604,65.3847724382016,-0.0,0.0,0.0,7.432950233826504,0.0,269.7905159934907,8782.26155787864,9.610776124023444,9.85894800101479,50.0,12.131584940610965,2302.786376953125,12.131584940610965,86.13425307833785,86.13425307833785,0.0,0.0,5.208333333333333,0.36638087806051356,426.2167428145716,161.98924870566304,297.7384421213592,150.0,1.0,2.2726369395961754,0.0,1841.891450263865,490.345720613441,477.9665523066951,3279.88882223117,18.492250295061705,0.0,486.8727964637168,86.13425307833785,97.05267952488772,41.666666666666664,12.379168306745884,191703555.20905304,95824833.33333333,10.0,1.0,7.853981633974483,20.0,2.5,98.17477042468104,8782.26155787864,9.610776124023444,9.85894800101479,50.0,12.131584940610965,2302.786376953125,426.2167428145716,5.208333333333333,0.36638087806051356,161.98924870566304
586,0.557797,1.0,1,1027.401525282833,0.0,490.34572061344096,9.610776124023442,76.88620899218753,86.49698511621098,1079.5517121336757,0.0,52.150186850842545,10.489838910998913,-0.0,0.0,0.0,7.432950233826504,0.0,272.0517897483889,8782.26155787864,9.610776124023444,9.85894800101479,50.0,12.131584940610965,2302.786376953125,12.131584940610965,86.13425307833785,86.13425307833785,0.0,0.0,5.208333333333333,0.36638087806051356,426.2167428145716,161.98924870566304,297.7384421213592,150.0,1.0,2.2726369395961754,0.0,1841.891450263865,490.345720613441,477.9665523066951,3279.88882223117,18.492250295061705,0.0,486.8727964637168,86.13425307833785,97.05267952488772,41.666666666666664,12.379168306745884,191703555.20905304,95824833.33333333,10.0,1.0,7.853981633974483,20.0,2.5,98.17477042468104,8782.26155787864,9.610776124023444,9.85894800101479,50.0,12.131584940610965,2302.786376953125,426.2167428145716,5.208333333333333,0.36638087806051356,161.98924870566304
587,0.5807,1.0,1,1069.5863651682264,0.0,490.345720613441,9.610776124023444,76.88620899218755,86.496985116211,1079.5517121336757,0.0,9.965346965448967,0.0,1.0,0.0,0.0,7.432950233826504,0.0,274.31306350328714,8782.26155787864,9.610776124023444,9.85894800101479,50.0,12.131584940610965,2302.786376953125,12.131584940610965,86.13425307833785,86.13425307833785,0.0,0.0,5.208333333333333,0.36638087806051356,426.2167428145716,161.98924870566304,297.7384421213592,150.0,1.0,2.2726369395961754,0.0,1841.891450263865,490.345720613441,477.9665523066951,3279.88882223117,18.492250295061705,0.0,486.8727964637168,86.13425307833785,97.05267952488772,41.666666666666664,12.379168306745884,191703555.20905304,95824833.33333333,10.0,1.0,7.853981633974483,20.0,2.5,98.17477042468104,8782.26155787864,9.610776124023444,9.85894800101479,50.0,12.131584940610965,2302.786376953125,426.2167428145716,5.208333333333333,0.36638087806051356,161.98924870566304
588,0.620884,1.0,1,1143.6009312056294,0.0,490.345720613441,9.610776124023444,76.88620899218755,86.496985116211,1079.5517121336757,0.0,0.0,0.0,1.0,0.0,0.0,7.432950233826504,0.0,276.5743372581853,8782.26155787864,9.610776124023444,9.85894800101479,50.0,12.131584940610965,2302.786376953125,12.131584940610965,86.13425307833785,86.13425307833785,0.0,0.0,5.208333333333333,0.36638087806051356,426.2167428145716,161.98924870566304,297.7384421213592,150.0,1.0,2.2726369395961754,0.0,1841.891450263865,490.345720613441,477.9665523066951,3279.88882223117,18.492250295061705,0.0,486.8727964637168,86.13425307833785,97.05267952488772,41.666666666666664,12.379168306745884,191703555.20905304,95824833.33333333,10.0,1.0,7.853981633974483,20.0,2.5,98.17477042468104,8782.26155787864,9.610776124023444,9.85894800101479,50.0,12.131584940610965,2302.786376953125,426.2167428145716,5.208333333333333,0.36638087806051356,161.98924870566304
589,0.6634800000000001,1.0,1,1222.0581394210692,0.0,490.345720613441,9.610776124023444,76.88620899218755,86.496985116211,1222.0581394210694,142.50642728739365,0.0,135.381105923024,1.0,0.0,0.0,7.432950233826504,0.0,278.8356110130835,8782.26155787864,9.610776124023444,9.85894800101479,50.0,12.131584940610965,2302.786376953125,12.131584940610965,86.13425307833785,86.13425307833785,0.0,0.0,5.208333333333333,0.36638087806051356,426.2167428145716,161.98924870566304,297.7384421213592,150.0,1.0,2.2726369395961754,0.0,1841.891450263865,490.345720613441,477.9665523066951,3279.88882223117,18.492250295061705,0.0,486.8727964637168,86.13425307833785,97.05267952488772,41.666666666666664,12.379168306745884,191703555.20905304,95824833.33333333,10.0,1.0,7.853981633974483,20.0,2.5,98.17477042468104,8782.26155787864,9.610776124023444,9.85894800101479,50.0,12.131584940610965,2302.786376953125,426.2167428145716,5.208333333333333,0.36638087806051356,161.98924870566304
590,0.6941369999999999,1.0,1,1278.5250056118082,0.0,490.345720613441,9.610776124023444,76.88620899218755,86.496985116211,1278.5250056118084,198.97329347813263,0.0,324.40573472725,1.0,0.0,0.0,7.432950233826504,0.0,281.0968847679817,8782.26155787864,9.610776124023444,9.85894800101479,50.0,12.131584940610965,2302.786376953125,12.131584940610965,86.13425307833785,86.13425307833785,0.0,0.0,5.208333333333333,0.36638087806051356,426.2167428145716,161.98924870566304,297.7384421213592,150.0,1.0,2.2726369395961754,0.0,1841.891450263865,490.345720613441,477.9665523066951,3279.88882223117,18.492250295061705,0.0,486.8727964637168,86.13425307833785,97.05267952488772,41.666666666666664,12.379168306745884,191703555.20905304,95824833.33333333,10.0,1.0,7.853981633974483,20.0,2.5,98.17477042468104,8782.26155787864,9.610776124023444,9.85894800101479,50.0,12.131584940610965,2302.786376953125,426.2167428145716,5.208333333333333,0.36638087806051356,161.98924870566304
591,0.714386,1.0,1,1315.8214655882014,0.0,490.345720613441,9.610776124023444,76.88620899218755,86.496985116211,1315.8214655882016,236.2697534545258,0.0,548.8620005090495,1.0,0.0,0.0,7.432950233826504,0.0,283.35815852287993,8782.26155787864,9.610776124023444,9.85894800101479,50.0,12.131584940610965,2302.786376953125,12.131584940610965,86.13425307833785,86.13425307833785,0.0,0.0,5.208333333333333,0.36638087806051356,426.2167428145716,161.98924870566304,297.7384421213592,150.0,1.0,2.2726369395961754,0.0,1841.891450263865,490.345720613441,477.9665523066951,3279.88882223117,18.492250295061705,0.0,486.8727964637168,86.13425307833785,97.05267952488772,41.666666666666664,12.379168306745884,191703555.20905304,95824833.33333333,10.0,1.0,7.853981633974483,20.0,2.5,98.17477042468104,8782.26155787864,9.610776124023444,9.85894800101479,50.0,12.131584940610965,2302.786376953125,426.2167428145716,5.208333333333333,0.36638087806051356,161.98924870566304
592,0.731038,1.0,1,1346.4926420179952,0.0,490.345720613441,9.610776124023444,76.88620899218755,86.496985116211,1346.4926420179954,266.94092988431964,0.0,802.4558838991532,1.0,0.0,0.0,7.432950233826504,0.0,285.6194322777781,8782.26155787864,9.610776124023444,9.85894800101479,50.0,12.131584940610965,2302.786376953125,12.131584940610965,86.13425307833785,86.13425307833785,0.0,0.0,5.208333333333333,0.36638087806051356,426.2167428145716,161.98924870566304,297.7384421213592,150.0,1.0,2.2726369395961754,0.0,1841.891450263865,490.345720613441,477.9665523066951,3279.88882223117,18.492250295061705,0.0,486.8727964637168,86.13425307833785,97.05267952488772,41.666666666666664,12.379168306745884,191703555.20905304,95824833.33333333,10.0,1.0,7.853981633974483,20.0,2.5,98.17477042468104,8782.26155787864,9.610776124023444,9.85894800101479,50.0,12.131584940610965,2302.786376953125,426.2167428145716,5.208333333333333,0.36638087806051356,161.98924870566304
593,0.767432,1.0,1,1413.5264394588985,0.0,490.345720613441,9.610776124023444,76.88620899218755,86.496985116211,1413.5264394588985,333.9747273252227,0.0,1119.7318748581147,1.0,0.0,0.0,7.432950233826504,0.0,287.8807060326763,8782.26155787864,9.610776124023444,9.85894800101479,50.0,12.131584940610965,2302.786376953125,12.131584940610965,86.13425307833785,86.13425307833785,0.0,0.0,5.208333333333333,0.36638087806051356,426.2167428145716,161.98924870566304,297.7384421213592,150.0,1.0,2.2726369395961754,0.0,1841.891450263865,490.345720613441,477.9665523066951,3279.88882223117,18.492250295061705,0.0,486.8727964637168,86.13425307833785,97.05267952488772,41.666666666666664,12.379168306745884,191703555.20905304,95824833.33333333,10.0,1.0,7.853981633974483,20.0,2.5,98.17477042468104,8782.26155787864,9.610776124023444,9.85894800101479,50.0,12.131584940610965,2302.786376953125,426.2167428145716,5.208333333333333,0.36638087806051356,161.98924870566304
594,0.8071649999999999,1.0,1,1486.7103124522323,0.0,490.345720613441,9.610776124023444,76.88620899218755,86.496985116211,1486.7103124522323,407.1586003185565,0.0,1506.5325451607434,1.0,0.0,0.0,7.432950233826504,0.0,290.1419797875745,8782.26155787864,9.610776124023444,9.85894800101479,50.0,12.131584940610965,2302.786376953125,12.131584940610965,86.13425307833785,86.13425307833785,0.0,0.0,5.208333333333333,0.36638087806051356,426.2167428145716,161.98924870566304,297.7384421213592,150.0,1.0,2.2726369395961754,0.0,1841.891450263865,490.345720613441,477.9665523066951,3279.88882223117,18.492250295061705,0.0,486.8727964637168,86.13425307833785,97.05267952488772,41.666666666666664,12.379168306745884,191703555.20905304,95824833.33333333,10.0,1.0,7.853981633974483,20.0,2.5,98.17477042468104,8782.26155787864,9.610776124023444,9.85894800101479,50.0,12.131584940610965,2302.786376953125,426.2167428145716,5.208333333333333,0.36638087806051356,161.98924870566304
595,0.830515,1.0,1,1529.7184778158937,0.0,490.345720613441,9.610776124023444,76.88620899218755,86.496985116211,1529.718477815894,450.16676568221817,0.0,1934.1909725588507,1.0,0.0,0.0,7.432950233826504,0.0,292.4032535424727,8782.26155787864,9.610776124023444,9.85894800101479,50.0,12.131584940610965,2302.786376953125,12.131584940610965,86.13425307833785,86.13425307833785,0.0,0.0,5.208333333333333,0.36638087806051356,426.2167428145716,161.98924870566304,297.7384421213592,150.0,1.0,2.2726369395961754,0.0,1841.891450263865,490.345720613441,477.9665523066951,3279.88882223117,18.492250295061705,0.0,486.8727964637168,86.13425307833785,97.05267952488772,41.666666666666664,12.379168306745884,191703555.20905304,95824833.33333333,10.0,1.0,7.853981633974483,20.0,2.5,98.17477042468104,8782.26155787864,9.610776124023444,9.85894800101479,50.0,12.131584940610965,2302.786376953125,426.2167428145716,5.208333333333333,0.36638087806051356,161.98924870566304
596,0.844784,1.0,1,1556.0004269197088,0.0,490.345720613441,9.610776124023444,76.88620899218755,86.496985116211,1556.0004269197088,476.44871478603307,0.0,2386.817251605582,1.0,0.0,0.0,7.432950233826504,0.0,294.6645272973709,8782.26155787864,9.610776124023444,9.85894800101479,50.0,12.131584940610965,2302.786376953125,12.131584940610965,86.13425307833785,86.13425307833785,0.0,0.0,5.208333333333333,0.36638087806051356,426.2167428145716,161.98924870566304,297.7384421213592,150.0,1.0,2.2726369395961754,0.0,1841.891450263865,490.345720613441,477.9665523066951,3279.88882223117,18.492250295061705,0.0,486.8727964637168,86.13425307833785,97.05267952488772,41.666666666666664,12.379168306745884,191703555.20905304,95824833.33333333,10.0,1.0,7.853981633974483,20.0,2.5,98.17477042468104,8782.26155787864,9.610776124023444,9.85894800101479,50.0,12.131584940610965,2302.786376953125,426.2167428145716,5.208333333333333,0.36638087806051356,161.98924870566304
597,0.862206,1.0,1,1588.089859766206,0.0,490.345720613441,9.610776124023444,76.88620899218755,86.496985116211,1485.5455513695051,405.9938392358295,0.0,2772.51139887962,1.0,0.0,0.0,7.432950233826504,0.0,296.9258010522691,8782.26155787864,9.610776124023444,9.85894800101479,50.0,12.131584940610965,2302.786376953125,12.131584940610965,86.13425307833785,86.13425307833785,0.0,0.0,5.208333333333333,0.36638087806051356,426.2167428145716,161.98924870566304,297.7384421213592,150.0,1.0,2.2726369395961754,0.0,1841.891450263865,490.345720613441,477.9665523066951,3279.88882223117,18.492250295061705,0.0,486.8727964637168,86.13425307833785,97.05267952488772,41.666666666666664,12.379168306745884,191703555.20905304,95824833.33333333,10.0,1.0,7.853981633974483,20.0,2.5,98.17477042468104,8782.26155787864,9.610776124023444,9.85894800101479,50.0,12.131584940610965,2302.786376953125,426.2167428145716,5.208333333333333,0.36638087806051356,161.98924870566304
598,0.8760739999999999,1.0,1,1613.633210398465,0.0,490.345720613441,9.610776124023444,76.88620899218755,86.496985116211,1613.6332103984648,534.0814982647892,0.0,3279.88882223117,1.0,0.0,0.0,7.432950233826504,0.0,299.1870748071673,8782.26155787864,9.610776124023444,9.85894800101479,50.0,12.131584940610965,2302.786376953125,12.131584940610965,86.13425307833785,86.13425307833785,0.0,0.0,5.208333333333333,0.36638087806051356,426.2167428145716,161.98924870566304,297.7384421213592,150.0,1.0,2.2726369395961754,0.0,1841.891450263865,490.345720613441,477.9665523066951,3279.88882223117,18.492250295061705,0.0,486.8727964637168,86.13425307833785,97.05267952488772,41.666666666666664,12.379168306745884,191703555.20905304,95824833.33333333,10.0,1.0,7.853981633974483,20.0,2.5,98.17477042468104,8782.26155787864,9.610776124023444,9.85894800101479,50.0,12.131584940610965,2302.786376953125,426.2167428145716,5.208333333333333,0.36638087806051356,161.98924870566304
599,0.87762,1.0,1,1616.480774580573,0.0,490.345720613441,9.610776124023444,76.88620899218755,86.496985116211,1079.5517121336757,0.0,0.0,3279.88882223117,1.0,0.0,0.0,7.432950233826504,0.0,301.4483485620655,8782.26155787864,9.610776124023444,9.85894800101479,50.0,12.131584940610965,2302.786376953125,12.131584940610965,86.13425307833785,86.13425307833785,0.0,0.0,5.208333333333333,0.36638087806051356,426.2167428145716,161.98924870566304,297.7384421213592,150.0,1.0,2.2726369395961754,0.0,1841.891450263865,490.345720613441,477.9665523066951,3279.88882223117,18.492250295061705,0.0,486.8727964637168,86.13425307833785,97.05267952488772,41.666666666666664,12.379168306745884,191703555.20905304,95824833.33333333,10.0,1.0,7.853981633974483,20.0,2.5,98.17477042468104,8782.26155787864,9.610776124023444,9.85894800101479,50.0,12.131584940610965,2302.786376953125,426.2167428145716,5.208333333333333,0.36638087806051356,161.98924870566304
600,0.458152,1.0,1,843.8662517212903,0.0,490.345720613441,9.610776124023444,76.88620899218755,86.496985116211,1079.5517121336757,0.0,235.6854604123854,3031.798863902343,-0.0,0.0,0.0,7.432950233826504,0.0,303.7096223169637,8782.26155787864,9.610776124023444,9.85894800101479,50.0,12.131584940610965,2302.786376953125,12.131584940610965,86.13425307833785,86.13425307833785,0.0,0.0,5.208333333333333,0.36638087806051356,426.2167428145716,161.98924870566304,297.7384421213592,150.0,1.0,2.2726369395961754,0.0,1841.891450263865,490.345720613441,477.9665523066951,3279.88882223117,18.492250295061705,0.0,486.8727964637168,86.13425307833785,97.05267952488772,41.666666666666664,12.379168306745884,191703555.20905304,95824833.33333333,10.0,1.0,7.853981633974483,20.0,2.5,98.17477042468104,8782.26155787864,9.610776124023444,9.85894800101479,50.0,12.131584940610965,2302.786376953125,426.2167428145716,5.208333333333333,0.36638087806051356,161.98924870566304
601,0.4451569999999999,1.0,1,819.9308723251112,0.0,490.345720613441,9.610776124023444,76.88620899218755,86.496985116211,1079.5517121336757,0.0,259.6208398085645,2758.5137693670117,-0.0,0.0,0.0,7.432950233826504,0.0,305.9708960718619,8782.26155787864,9.610776124023444,9.85894800101479,50.0,12.131584940610965,2302.786376953125,12.131584940610965,86.13425307833785,86.13425307833785,0.0,0.0,5.208333333333333,0.36638087806051356,426.2167428145716,161.98924870566304,297.7384421213592,150.0,1.0,2.2726369395961754,0.0,1841.891450263865,490.345720613441,477.9665523066951,3279.88882223117,18.492250295061705,0.0,486.8727964637168,86.13425307833785,97.05267952488772,41.666666666666664,12.379168306745884,191703555.20905304,95824833.33333333,10.0,1.0,7.853981633974483,20.0,2.5,98.17477042468104,8782.26155787864,9.610776124023444,9.85894800101479,50.0,12.131584940610965,2302.786376953125,426.2167428145716,5.208333333333333,0.36638087806051356,161.98924870566304
602,0.423132,1.0,1,779.3632131330497,0.0,490.345720613441,9.610776124023444,76.88620899218755,86.496985116211,1079.5517121336757,0.0,300.18849900062594,2442.525875682142,-0.0,0.0,0.0,7.432950233826504,0.0,308.23216982676007,8782.26155787864,9.610776124023444,9.85894800101479,50.0,12.131584940610965,2302.786376953125,12.131584940610965,86.13425307833785,86.13425307833785,0.0,0.0,5.208333333333333,0.36638087806051356,426.2167428145716,161.98924870566304,297.7384421213592,150.0,1.0,2.2726369395961754,0.0,1841.891450263865,490.345720613441,477.9665523066951,3279.88882223117,18.492250295061705,0.0,486.8727964637168,86.13425307833785,97.05267952488772,41.666666666666664,12.379168306745884,191703555.20905304,95824833.33333333,10.0,1.0,7.853981633974483,20.0,2.5,98.17477042468104,8782.26155787864,9.610776124023444,9.85894800101479,50.0,12.131584940610965,2302.786376953125,426.2167428145716,5.208333333333333,0.36638087806051356,161.98924870566304
603,0.420783,1.0,1,775.03661011638,0.0,490.345720613441,9.610776124023444,76.88620899218755,86.496985116211,1079.5517121336757,0.0,304.5151020172957,2121.983663032357,-0.0,0.0,0.0,7.432950233826504,0.0,310.4934435816583,8782.26155787864,9.610776124023444,9.85894800101479,50.0,12.131584940610965,2302.786376953125,12.131584940610965,86.13425307833785,86.13425307833785,0.0,0.0,5.208333333333333,0.36638087806051356,426.2167428145716,161.98924870566304,297.7384421213592,150.0,1.0,2.2726369395961754,0.0,1841.891450263865,490.345720613441,477.9665523066951,3279.88882223117,18.492250295061705,0.0,486.8727964637168,86.13425307833785,97.05267952488772,41.666666666666664,12.379168306745884,191703555.20905304,95824833.33333333,10.0,1.0,7.853981633974483,20.0,2.5,98.17477042468104,8782.26155787864,9.610776124023444,9.85894800101479,50.0,12.131584940610965,2302.786376953125,426.2167428145716,5.208333333333333,0.36638087806051356,161.98924870566304
604,0.412532,1.0,1,759.8391637602527,0.0,490.345720613441,9.610776124023444,76.88620899218755,86.496985116211,1079.5517121336757,0.0,319.7125483734229,1785.444138428754,-0.0,0.0,0.0,7.432950233826504,0.0,312.7547173365565,8782.26155787864,9.610776124023444,9.85894800101479,50.0,12.131584940610965,2302.786376953125,12.131584940610965,86.13425307833785,86.13425307833785,0.0,0.0,5.208333333333333,0.36638087806051356,426.2167428145716,161.98924870566304,297.7384421213592,150.0,1.0,2.2726369395961754,0.0,1841.891450263865,490.345720613441,477.9665523066951,3279.88882223117,18.492250295061705,0.0,486.8727964637168,86.13425307833785,97.05267952488772,41.666666666666664,12.379168306745884,191703555.20905304,95824833.33333333,10.0,1.0,7.853981633974483,20.0,2.5,98.17477042468104,8782.26155787864,9.610776124023444,9.85894800101479,50.0,12.131584940610965,2302.786376953125,426.2167428145716,5.208333333333333,0.36638087806051356,161.98924870566304
605,0.4381569999999999,1.0,1,807.0376321732641,0.0,217.29646411028324,4.2590106965615515,34.07208557249241,38.331096269053965,807.037632173264,0.0,0.0,1785.4441384287538,-0.0,0.0,5.351765427461892,1.971965103763349,0.0,315.0159910914547,8782.26155787864,9.610776124023444,9.85894800101479,50.0,12.131584940610965,2302.786376953125,12.131584940610965,86.13425307833785,86.13425307833785,0.0,0.0,5.208333333333333,0.36638087806051356,426.2167428145716,161.98924870566304,297.7384421213592,150.0,1.0,2.2726369395961754,0.0,1841.891450263865,490.345720613441,477.9665523066951,3279.88882223117,18.492250295061705,0.0,486.8727964637168,86.13425307833785,97.05267952488772,41.666666666666664,12.379168306745884,191703555.20905304,95824833.33333333,10.0,1.0,7.853981633974483,20.0,2.5,98.17477042468104,8782.26155787864,9.610776124023444,9.85894800101479,50.0,12.131584940610965,2302.786376953125,426.2167428145716,5.208333333333333,0.36638087806051356,161.98924870566304
606,0.459843,1.0,1,846.9808901636865,0.0,490.345720613441,9.610776124023444,76.88620899218755,86.496985116211,1079.5517121336757,0.0,232.5708219699892,1540.6327468813968,-0.0,0.0,0.0,1.971965103763349,0.0,317.27726484635286,8782.26155787864,9.610776124023444,9.85894800101479,50.0,12.131584940610965,2302.786376953125,12.131584940610965,86.13425307833785,86.13425307833785,0.0,0.0,5.208333333333333,0.36638087806051356,426.2167428145716,161.98924870566304,297.7384421213592,150.0,1.0,2.2726369395961754,0.0,1841.891450263865,490.345720613441,477.9665523066951,3279.88882223117,18.492250295061705,0.0,486.8727964637168,86.13425307833785,97.05267952488772,41.666666666666664,12.379168306745884,191703555.20905304,95824833.33333333,10.0,1.0,7.853981633974483,20.0,2.5,98.17477042468104,8782.26155787864,9.610776124023444,9.85894800101479,50.0,12.131584940610965,2302.786376953125,426.2167428145716,5.208333333333333,0.36638087806051356,161.98924870566304
607,0.471479,1.0,1,868.4131390789568,0.0,490.345720613441,9.610776124023444,76.88620899218755,86.496985116211,1079.5517121336757,0.0,211.1385730547189,1318.3816173501136,-0.0,0.0,0.0,1.971965103763349,0.0,319.5385386012511,8782.26155787864,9.610776124023444,9.85894800101479,50.0,12.131584940610965,2302.786376953125,12.131584940610965,86.13425307833785,86.13425307833785,0.0,0.0,5.208333333333333,0.36638087806051356,426.2167428145716,161.98924870566304,297.7384421213592,150.0,1.0,2.2726369395961754,0.0,1841.891450263865,490.345720613441,477.9665523066951,3279.88882223117,18.492250295061705,0.0,486.8727964637168,86.13425307833785,97.05267952488772,41.666666666666664,12.379168306745884,191703555.20905304,95824833.33333333,10.0,1.0,7.853981633974483,20.0,2.5,98.17477042468104,8782.26155787864,9.610776124023444,9.85894800101479,50.0,12.131584940610965,2302.786376953125,426.2167428145716,5.208333333333333,0.36638087806051356,161.98924870566304
608,0.465289,1.0,1,857.0118310018235,0.0,490.345720613441,9.610776124023444,76.88620899218755,86.496985116211,1079.5517121336757,0.0,222.5398811318522,1084.1291108955324,-0.0,0.0,0.0,1.971965103763349,0.0,321.7998123561493,8782.26155787864,9.610776124023444,9.85894800101479,50.0,12.131584940610965,2302.786376953125,12.131584940610965,86.13425307833785,86.13425307833785,0.0,0.0,5.208333333333333,0.36638087806051356,426.2167428145716,161.98924870566304,297.7384421213592,150.0,1.0,2.2726369395961754,0.0,1841.891450263865,490.345720613441,477.9665523066951,3279.88882223117,18.492250295061705,0.0,486.8727964637168,86.13425307833785,97.05267952488772,41.666666666666664,12.379168306745884,191703555.20905304,95824833.33333333,10.0,1.0,7.853981633974483,20.0,2.5,98.17477042468104,8782.26155787864,9.610776124023444,9.85894800101479,50.0,12.131584940610965,2302.786376953125,426.2167428145716,5.208333333333333,0.36638087806051356,161.98924870566304
609,0.437722,-0.0,1,806.2364093923995,0.0,490.345720613441,9.610776124023444,76.88620899218755,86.496985116211,806.2364093923995,133.6798878252486,0.0,1211.1250043295186,1.0,9.610776124023444,0.0,11.390525705306324,0.0,311.89132190286807,0.0,0.0,9.85894800101479,50.0,0.0,0.0,0.0,0.0,0.0,0.0,0.0,5.208333333333333,0.36638087806051356,0.0,161.98924870566304,9080.0,150.0,-0.0,0.0,9.85894800101479,1841.891450263865,490.345720613441,477.9665523066951,3279.88882223117,18.492250295061705,0.0,486.8727964637168,86.13425307833785,97.05267952488772,41.666666666666664,12.379168306745884,191703555.20905304,95824833.33333333,10.0,1.0,7.853981633974483,20.0,2.5,98.17477042468104,8782.26155787864,9.610776124023444,9.85894800101479,50.0,12.131584940610965,2302.786376953125,426.2167428145716,5.208333333333333,0.36638087806051356,161.98924870566304
610,0.412516,1.0,1,759.8096934970486,0.0,169.97577688711027,3.3315252269873614,26.65220181589889,29.98372704288625,759.8096934970486,0.0,0.0,1211.1250043295183,-0.0,0.0,6.279250897036082,4.983126830779709,0.0,314.15259565776626,8782.26155787864,9.610776124023444,9.85894800101479,50.0,12.131584940610965,2302.786376953125,12.131584940610965,86.13425307833785,86.13425307833785,0.0,0.0,5.208333333333333,0.36638087806051356,426.2167428145716,161.98924870566304,297.7384421213592,150.0,1.0,2.2726369395961754,0.0,1841.891450263865,490.345720613441,477.9665523066951,3279.88882223117,18.492250295061705,0.0,486.8727964637168,86.13425307833785,97.05267952488772,41.666666666666664,12.379168306745884,191703555.20905304,95824833.33333333,10.0,1.0,7.853981633974483,20.0,2.5,98.17477042468104,8782.26155787864,9.610776124023444,9.85894800101479,50.0,12.131584940610965,2302.786376953125,426.2167428145716,5.208333333333333,0.36638087806051356,161.98924870566304
611,0.375331,1.0,1,691.3189599189867,0.0,260.06376175450106,5.097249730388221,40.777997843105766,45.875247573493986,849.7211059140993,0.0,158.40214599511253,1044.3859032820314,-0.0,0.0,4.513526393635223,0.3774876536009142,0.0,316.4138694126645,8782.26155787864,9.610776124023444,9.85894800101479,50.0,12.131584940610965,2302.786376953125,12.131584940610965,86.13425307833785,86.13425307833785,0.0,0.0,5.208333333333333,0.36638087806051356,426.2167428145716,161.98924870566304,297.7384421213592,150.0,1.0,2.2726369395961754,0.0,1841.891450263865,490.345720613441,477.9665523066951,3279.88882223117,18.492250295061705,0.0,486.8727964637168,86.13425307833785,97.05267952488772,41.666666666666664,12.379168306745884,191703555.20905304,95824833.33333333,10.0,1.0,7.853981633974483,20.0,2.5,98.17477042468104,8782.26155787864,9.610776124023444,9.85894800101479,50.0,12.131584940610965,2302.786376953125,426.2167428145716,5.208333333333333,0.36638087806051356,161.98924870566304
612,0.345174,-0.0,1,635.7730394533793,0.0,454.94976014984246,8.917015298936912,71.3361223914953,80.25313769043221,635.7730394533794,0.0,0.0,1044.3859032820314,1.0,8.917015298936912,0.0,9.116162646559088,0.0,306.5053789593833,0.0,0.0,9.85894800101479,50.0,0.0,0.0,0.0,0.0,0.0,0.0,0.0,5.208333333333333,0.36638087806051356,0.0,161.98924870566304,9080.0,150.0,-0.0,0.0,9.85894800101479,1841.891450263865,490.345720613441,477.9665523066951,3279.88882223117,18.492250295061705,0.0,486.8727964637168,86.13425307833785,97.05267952488772,41.666666666666664,12.379168306745884,191703555.20905304,95824833.33333333,10.0,1.0,7.853981633974483,20.0,2.5,98.17477042468104,8782.26155787864,9.610776124023444,9.85894800101479,50.0,12.131584940610965,2302.786376953125,426.2167428145716,5.208333333333333,0.36638087806051356,161.98924870566304
613,0.339128,1.0,1,624.636963745084,0.0,34.5375882854866,0.6769367303955374,5.415493843164299,6.092430573559836,624.6369637450841,0.0,0.0,1044.3859032820314,-0.0,0.0,8.933839393627906,0.0,0.0,308.76665271428146,8782.26155787864,9.610776124023444,9.85894800101479,50.0,12.131584940610965,2302.786376953125,12.131584940610965,86.13425307833785,86.13425307833785,0.0,0.0,5.208333333333333,0.36638087806051356,426.2167428145716,161.98924870566304,297.7384421213592,150.0,1.0,2.2726369395961754,0.0,1841.891450263865,490.345720613441,477.9665523066951,3279.88882223117,18.492250295061705,0.0,486.8727964637168,86.13425307833785,97.05267952488772,41.666666666666664,12.379168306745884,191703555.20905304,95824833.33333333,10.0,1.0,7.853981633974483,20.0,2.5,98.17477042468104,8782.26155787864,9.610776124023444,9.85894800101479,50.0,12.131584940610965,2302.786376953125,426.2167428145716,5.208333333333333,0.36638087806051356,161.98924870566304
614,0.3239789999999999,-0.0,1,596.7341501650366,0.0,417.383469456672,8.18071600135077,65.44572801080616,73.62644401215694,596.7341501650367,0.0,0.0,1044.3859032820314,1.0,8.18071600135077,0.0,8.017101681323755,0.0,298.8581622610003,0.0,0.0,9.85894800101479,50.0,0.0,0.0,0.0,0.0,0.0,0.0,0.0,5.208333333333333,0.36638087806051356,0.0,161.98924870566304,9080.0,150.0,0.0,0.0,9.858948001014781,1841.891450263865,490.345720613441,477.9665523066951,3279.88882223117,18.492250295061705,0.0,486.8727964637168,86.13425307833785,97.05267952488772,41.666666666666664,12.379168306745884,191703555.20905304,95824833.33333333,10.0,1.0,7.853981633974483,20.0,2.5,98.17477042468104,8782.26155787864,9.610776124023444,9.85894800101479,50.0,12.131584940610965,2302.786376953125,426.2167428145716,5.208333333333333,0.36638087806051356,161.98924870566304
615,0.311837,-0.0,1,574.3699041759328,0.0,395.8628324386737,7.758911515798005,62.07129212638404,69.83020364218204,574.3699041759328,0.0,0.0,1044.3859032820314,1.0,7.758911515798005,0.0,15.620834966805798,0.0,288.9496718077191,0.0,0.0,9.85894800101479,50.0,0.0,0.0,0.0,0.0,0.0,0.0,0.0,5.208333333333333,0.36638087806051356,0.0,161.98924870566304,9080.0,150.0,-0.0,0.0,9.85894800101479,1841.891450263865,490.345720613441,477.9665523066951,3279.88882223117,18.492250295061705,0.0,486.8727964637168,86.13425307833785,97.05267952488772,41.666666666666664,12.379168306745884,191703555.20905304,95824833.33333333,10.0,1.0,7.853981633974483,20.0,2.5,98.17477042468104,8782.26155787864,9.610776124023444,9.85894800101479,50.0,12.131584940610965,2302.786376953125,426.2167428145716,5.208333333333333,0.36638087806051356,161.98924870566304
616,0.311235,1.0,1,573.2610855228739,0.0,0.0,0.0,0.0,0.0,590.167069132637,0.0,16.90598360976305,1026.5901310612282,-0.0,0.0,9.610776124023444,5.813920554536978,0.0,291.21094556261727,8782.26155787864,9.610776124023444,9.85894800101479,50.0,12.131584940610965,2302.786376953125,12.131584940610965,86.13425307833785,86.13425307833785,0.0,0.0,5.208333333333333,0.36638087806051356,426.2167428145716,161.98924870566304,297.7384421213592,150.0,1.0,2.2726369395961754,0.0,1841.891450263865,490.345720613441,477.9665523066951,3279.88882223117,18.492250295061705,0.0,486.8727964637168,86.13425307833785,97.05267952488772,41.666666666666664,12.379168306745884,191703555.20905304,95824833.33333333,10.0,1.0,7.853981633974483,20.0,2.5,98.17477042468104,8782.26155787864,9.610776124023444,9.85894800101479,50.0,12.131584940610965,2302.786376953125,426.2167428145716,5.208333333333333,0.36638087806051356,161.98924870566304
617,0.312865,1.0,1,576.2633685868041,0.0,199.6496928865921,3.913133980577205,31.30507184461764,35.21820582519484,789.4254486211714,0.0,213.1620800343672,802.208994182947,-0.0,0.0,5.697642143446238,0.0,0.0,293.47221931751545,8782.26155787864,9.610776124023444,9.85894800101479,50.0,12.131584940610965,2302.786376953125,12.131584940610965,86.13425307833785,86.13425307833785,0.0,0.0,5.208333333333333,0.36638087806051356,426.2167428145716,161.98924870566304,297.7384421213592,150.0,1.0,2.2726369395961754,0.0,1841.891450263865,490.345720613441,477.9665523066951,3279.88882223117,18.492250295061705,0.0,486.8727964637168,86.13425307833785,97.05267952488772,41.666666666666664,12.379168306745884,191703555.20905304,95824833.33333333,10.0,1.0,7.853981633974483,20.0,2.5,98.17477042468104,8782.26155787864,9.610776124023444,9.85894800101479,50.0,12.131584940610965,2302.786376953125,426.2167428145716,5.208333333333333,0.36638087806051356,161.98924870566304
618,0.310377,-0.0,1,571.6807426585476,0.0,393.2751096544309,7.708192149226845,61.66553719381476,69.3737293430416,571.6807426585475,0.0,0.0,802.208994182947,1.0,7.708192149226845,0.0,7.554028306242308,0.0,283.5637288642343,0.0,0.0,9.85894800101479,50.0,0.0,0.0,0.0,0.0,0.0,0.0,0.0,5.208333333333333,0.36638087806051356,0.0,161.98924870566304,9080.0,150.0,0.0,0.0,9.858948001014781,1841.891450263865,490.345720613441,477.9665523066951,3279.88882223117,18.492250295061705,0.0,486.8727964637168,86.13425307833785,97.05267952488772,41.666666666666664,12.379168306745884,191703555.20905304,95824833.33333333,10.0,1.0,7.853981633974483,20.0,2.5,98.17477042468104,8782.26155787864,9.610776124023444,9.85894800101479,50.0,12.131584940610965,2302.786376953125,426.2167428145716,5.208333333333333,0.36638087806051356,161.98924870566304
619,0.297276,-0.0,1,547.5501227686407,0.0,370.0547286980154,7.253072682481102,58.02458145984882,65.27765414232992,547.5501227686407,0.0,0.0,802.208994182947,1.0,7.253072682481102,0.0,14.662039535073788,0.0,273.6552384109531,0.0,0.0,9.85894800101479,50.0,0.0,0.0,0.0,0.0,0.0,0.0,0.0,5.208333333333333,0.36638087806051356,0.0,161.98924870566304,9080.0,150.0,-0.0,0.0,9.85894800101479,1841.891450263865,490.345720613441,477.9665523066951,3279.88882223117,18.492250295061705,0.0,486.8727964637168,86.13425307833785,97.05267952488772,41.666666666666664,12.379168306745884,191703555.20905304,95824833.33333333,10.0,1.0,7.853981633974483,20.0,2.5,98.17477042468104,8782.26155787864,9.610776124023444,9.85894800101479,50.0,12.131584940610965,2302.786376953125,426.2167428145716,5.208333333333333,0.36638087806051356,161.98924870566304
620,0.278541,-0.0,1,513.0422864479472,0.0,199.4070574754228,3.9083783265182865,31.267026612146292,35.17540493866458,513.0422864479472,142.82922361382475,0.0,937.8967566160816,1.0,3.9083783265182865,0.0,18.492250295061705,0.0,263.74674795767186,0.0,0.0,9.85894800101479,50.0,0.0,0.0,0.0,0.0,0.0,0.0,0.0,5.208333333333333,0.36638087806051356,0.0,161.98924870566304,9080.0,150.0,-0.0,0.0,9.85894800101479,1841.891450263865,490.345720613441,477.9665523066951,3279.88882223117,18.492250295061705,0.0,486.8727964637168,86.13425307833785,97.05267952488772,41.666666666666664,12.379168306745884,191703555.20905304,95824833.33333333,10.0,1.0,7.853981633974483,20.0,2.5,98.17477042468104,8782.26155787864,9.610776124023444,9.85894800101479,50.0,12.131584940610965,2302.786376953125,426.2167428145716,5.208333333333333,0.36638087806051356,161.98924870566304
621,0.250588,1.0,1,461.55589473872135,0.0,173.524861599863,3.4010872873573144,27.208698298858515,30.60978558621583,763.3518220037643,0.0,301.7959272650429,620.2168331791943,-0.0,0.0,6.209688836666129,12.155833114790145,0.0,266.00802171257004,8782.26155787864,9.610776124023444,9.85894800101479,50.0,12.131584940610965,2302.786376953125,12.131584940610965,86.13425307833785,86.13425307833785,0.0,0.0,5.208333333333333,0.36638087806051356,426.2167428145716,161.98924870566304,297.7384421213592,150.0,1.0,2.2726369395961754,0.0,1841.891450263865,490.345720613441,477.9665523066951,3279.88882223117,18.492250295061705,0.0,486.8727964637168,86.13425307833785,97.05267952488772,41.666666666666664,12.379168306745884,191703555.20905304,95824833.33333333,10.0,1.0,7.853981633974483,20.0,2.5,98.17477042468104,8782.26155787864,9.610776124023444,9.85894800101479,50.0,12.131584940610965,2302.786376953125,426.2167428145716,5.208333333333333,0.36638087806051356,161.98924870566304
622,0.205864,-0.0,1,379.1791415171203,0.0,208.03492379855393,4.077484506451657,32.619876051613254,36.69736055806491,379.1791415171203,0.0,0.0,620.2168331791943,1.0,4.077484506451657,0.0,16.15176793111277,0.0,256.0995312592889,0.0,0.0,9.85894800101479,50.0,0.0,0.0,0.0,0.0,0.0,0.0,0.0,5.208333333333333,0.36638087806051356,0.0,161.98924870566304,9080.0,150.0,-0.0,0.0,9.85894800101479,1841.891450263865,490.345720613441,477.9665523066951,3279.88882223117,18.492250295061705,0.0,486.8727964637168,86.13425307833785,97.05267952488772,41.666666666666664,12.379168306745884,191703555.20905304,95824833.33333333,10.0,1.0,7.853981633974483,20.0,2.5,98.17477042468104,8782.26155787864,9.610776124023444,9.85894800101479,50.0,12.131584940610965,2302.786376953125,426.2167428145716,5.208333333333333,0.36638087806051356,161.98924870566304
623,0.159025,1.0,1,292.9067878782111,0.0,292.519047599103,5.733373332942418,45.86698666353934,51.600359996481764,882.1127793984457,0.0,589.2059915202346,0.0,0.0,0.0,3.8774027910810256,12.195234470826009,0.0,258.36080501418706,8782.26155787864,9.610776124023444,9.85894800101479,50.0,12.131584940610965,2302.786376953125,12.131584940610965,86.13425307833785,86.13425307833785,0.0,0.0,5.208333333333333,0.36638087806051356,426.2167428145716,161.98924870566304,297.7384421213592,150.0,1.0,2.2726369395961754,0.0,1841.891450263865,490.345720613441,477.9665523066951,3279.88882223117,18.492250295061705,0.0,486.8727964637168,86.13425307833785,97.05267952488772,41.666666666666664,12.379168306745884,191703555.20905304,95824833.33333333,10.0,1.0,7.853981633974483,20.0,2.5,98.17477042468104,8782.26155787864,9.610776124023444,9.85894800101479,50.0,12.131584940610965,2302.786376953125,426.2167428145716,5.208333333333333,0.36638087806051356,161.98924870566304
624,0.611789,1.0,1,1126.8489284654797,0.0,490.345720613441,9.610776124023444,76.88620899218755,86.496985116211,1079.5517121336757,0.0,0.0,0.0,-0.0,0.0,0.0,12.195234470826009,0.0,260.62207876908525,8782.26155787864,9.610776124023444,9.85894800101479,50.0,12.131584940610965,2302.786376953125,12.131584940610965,86.13425307833785,86.13425307833785,0.0,0.0,5.208333333333333,0.36638087806051356,426.2167428145716,161.98924870566304,297.7384421213592,150.0,1.0,2.2726369395961754,0.0,1841.891450263865,490.345720613441,477.9665523066951,3279.88882223117,18.492250295061705,0.0,486.8727964637168,86.13425307833785,97.05267952488772,41.666666666666664,12.379168306745884,191703555.20905304,95824833.33333333,10.0,1.0,7.853981633974483,20.0,2.5,98.17477042468104,8782.26155787864,9.610776124023444,9.85894800101479,50.0,12.131584940610965,2302.786376953125,426.2167428145716,5.208333333333333,0.36638087806051356,161.98924870566304
625,0.621332,1.0,1,1144.4260985753476,0.0,490.345720613441,9.610776124023444,76.88620899218755,86.496985116211,1144.4260985753476,64.87438644167196,0.0,61.63066711958836,-0.0,0.0,0.0,12.195234470826009,0.0,262.8833525239829,8782.26155787864,9.610776124023444,9.85894800101479,50.0,12.131584940610965,2302.786376953125,12.131584940610965,86.13425307833785,86.13425307833785,0.0,0.0,5.208333333333333,0.36638087806051356,426.2167428145716,161.98924870566304,297.7384421213592,150.0,1.0,2.2726369395961754,0.0,1841.891450263865,490.345720613441,477.9665523066951,3279.88882223117,18.492250295061705,0.0,486.8727964637168,86.13425307833785,97.05267952488772,41.666666666666664,12.379168306745884,191703555.20905304,95824833.33333333,10.0,1.0,7.853981633974483,20.0,2.5,98.17477042468104,8782.26155787864,9.610776124023444,9.85894800101479,50.0,12.131584940610965,2302.786376953125,426.2167428145716,5.208333333333333,0.36638087806051356,161.98924870566304
626,0.6138709999999999,1.0,1,1130.6837464649288,0.0,490.345720613441,9.610776124023444,76.88620899218755,86.496985116211,1130.6837464649288,51.13203433125318,0.0,110.20609973427888,-0.0,0.0,0.0,12.195234470826009,0.0,265.1446262788811,8782.26155787864,9.610776124023444,9.85894800101479,50.0,12.131584940610965,2302.786376953125,12.131584940610965,86.13425307833785,86.13425307833785,0.0,0.0,5.208333333333333,0.36638087806051356,426.2167428145716,161.98924870566304,297.7384421213592,150.0,1.0,2.2726369395961754,0.0,1841.891450263865,490.345720613441,477.9665523066951,3279.88882223117,18.492250295061705,0.0,486.8727964637168,86.13425307833785,97.05267952488772,41.666666666666664,12.379168306745884,191703555.20905304,95824833.33333333,10.0,1.0,7.853981633974483,20.0,2.5,98.17477042468104,8782.26155787864,9.610776124023444,9.85894800101479,50.0,12.131584940610965,2302.786376953125,426.2167428145716,5.208333333333333,0.36638087806051356,161.98924870566304
627,0.588434,1.0,1,1083.831553644567,0.0,490.345720613441,9.610776124023444,76.88620899218755,86.496985116211,1079.5517121336757,0.0,0.0,110.20609973427888,-0.0,0.0,0.0,12.195234470826009,0.0,267.4059000337793,8782.26155787864,9.610776124023444,9.85894800101479,50.0,12.131584940610965,2302.786376953125,12.131584940610965,86.13425307833785,86.13425307833785,0.0,0.0,5.208333333333333,0.36638087806051356,426.2167428145716,161.98924870566304,297.7384421213592,150.0,1.0,2.2726369395961754,0.0,1841.891450263865,490.345720613441,477.9665523066951,3279.88882223117,18.492250295061705,0.0,486.8727964637168,86.13425307833785,97.05267952488772,41.666666666666664,12.379168306745884,191703555.20905304,95824833.33333333,10.0,1.0,7.853981633974483,20.0,2.5,98.17477042468104,8782.26155787864,9.610776124023444,9.85894800101479,50.0,12.131584940610965,2302.786376953125,426.2167428145716,5.208333333333333,0.36638087806051356,161.98924870566304
628,0.569667,1.0,1,1049.2647767974652,0.0,490.345720613441,9.610776124023444,76.88620899218755,86.496985116211,1079.5517121336757,0.0,30.28693533621049,78.32511516984678,-0.0,0.0,0.0,12.195234470826009,0.0,269.6671737886775,8782.26155787864,9.610776124023444,9.85894800101479,50.0,12.131584940610965,2302.786376953125,12.131584940610965,86.13425307833785,86.13425307833785,0.0,0.0,5.208333333333333,0.36638087806051356,426.2167428145716,161.98924870566304,297.7384421213592,150.0,1.0,2.2726369395961754,0.0,1841.891450263865,490.345720613441,477.9665523066951,3279.88882223117,18.492250295061705,0.0,486.8727964637168,86.13425307833785,97.05267952488772,41.666666666666664,12.379168306745884,191703555.20905304,95824833.33333333,10.0,1.0,7.853981633974483,20.0,2.5,98.17477042468104,8782.26155787864,9.610776124023444,9.85894800101479,50.0,12.131584940610965,2302.786376953125,426.2167428145716,5.208333333333333,0.36638087806051356,161.98924870566304
629,0.572788,1.0,1,1055.0133200137386,0.0,490.345720613441,9.610776124023444,76.88620899218755,86.496985116211,1079.5517121336757,0.0,74.40885941135444,0.0,-0.0,0.0,0.0,12.195234470826009,0.0,271.9284475435757,8782.26155787864,9.610776124023444,9.85894800101479,50.0,12.131584940610965,2302.786376953125,12.131584940610965,86.13425307833785,86.13425307833785,0.0,0.0,5.208333333333333,0.36638087806051356,426.2167428145716,161.98924870566304,297.7384421213592,150.0,1.0,2.2726369395961754,0.0,1841.891450263865,490.345720613441,477.9665523066951,3279.88882223117,18.492250295061705,0.0,486.8727964637168,86.13425307833785,97.05267952488772,41.666666666666664,12.379168306745884,191703555.20905304,95824833.33333333,10.0,1.0,7.853981633974483,20.0,2.5,98.17477042468104,8782.26155787864,9.610776124023444,9.85894800101479,50.0,12.131584940610965,2302.786376953125,426.2167428145716,5.208333333333333,0.36638087806051356,161.98924870566304
630,0.627623,1.0,1,1156.0134376889578,0.0,490.345720613441,9.610776124023444,76.88620899218755,86.496985116211,1156.0134376889578,76.4617255552821,0.0,72.638639277518,-0.0,0.0,0.0,12.195234470826009,0.0,274.1897212984739,8782.26155787864,9.610776124023444,9.85894800101479,50.0,12.131584940610965,2302.786376953125,12.131584940610965,86.13425307833785,86.13425307833785,0.0,0.0,5.208333333333333,0.36638087806051356,426.2167428145716,161.98924870566304,297.7384421213592,150.0,1.0,2.2726369395961754,0.0,1841.891450263865,490.345720613441,477.9665523066951,3279.88882223117,18.492250295061705,0.0,486.8727964637168,86.13425307833785,97.05267952488772,41.666666666666664,12.379168306745884,191703555.20905304,95824833.33333333,10.0,1.0,7.853981633974483,20.0,2.5,98.17477042468104,8782.26155787864,9.610776124023444,9.85894800101479,50.0,12.131584940610965,2302.786376953125,426.2167428145716,5.208333333333333,0.36638087806051356,161.98924870566304
631,0.689155,1.0,1,1269.3487024065937,0.0,490.345720613441,9.610776124023444,76.88620899218755,86.496985116211,1269.348702406594,189.79699027291815,0.0,252.94578003679024,-0.0,0.0,0.0,12.195234470826009,0.0,276.4509950533721,8782.26155787864,9.610776124023444,9.85894800101479,50.0,12.131584940610965,2302.786376953125,12.131584940610965,86.13425307833785,86.13425307833785,0.0,0.0,5.208333333333333,0.36638087806051356,426.2167428145716,161.98924870566304,297.7384421213592,150.0,1.0,2.2726369395961754,0.0,1841.891450263865,490.345720613441,477.9665523066951,3279.88882223117,18.492250295061705,0.0,486.8727964637168,86.13425307833785,97.05267952488772,41.666666666666664,12.379168306745884,191703555.20905304,95824833.33333333,10.0,1.0,7.853981633974483,20.0,2.5,98.17477042468104,8782.26155787864,9.610776124023444,9.85894800101479,50.0,12.131584940610965,2302.786376953125,426.2167428145716,5.208333333333333,0.36638087806051356,161.98924870566304
632,0.723642,1.0,1,1332.8700128518437,0.0,490.345720613441,9.610776124023444,76.88620899218755,86.496985116211,1079.5517121336757,0.0,0.0,252.94578003679024,-0.0,0.0,0.0,12.195234470826009,0.0,278.71226880827027,8782.26155787864,9.610776124023444,9.85894800101479,50.0,12.131584940610965,2302.786376953125,12.131584940610965,86.13425307833785,86.13425307833785,0.0,0.0,5.208333333333333,0.36638087806051356,426.2167428145716,161.98924870566304,297.7384421213592,150.0,1.0,2.2726369395961754,0.0,1841.891450263865,490.345720613441,477.9665523066951,3279.88882223117,18.492250295061705,0.0,486.8727964637168,86.13425307833785,97.05267952488772,41.666666666666664,12.379168306745884,191703555.20905304,95824833.33333333,10.0,1.0,7.853981633974483,20.0,2.5,98.17477042468104,8782.26155787864,9.610776124023444,9.85894800101479,50.0,12.131584940610965,2302.786376953125,426.2167428145716,5.208333333333333,0.36638087806051356,161.98924870566304
633,0.72492,1.0,1,1335.223950125281,0.0,490.345720613441,9.610776124023444,76.88620899218755,86.496985116211,1335.2239501252811,255.67223799160536,0.0,495.8344061288153,-0.0,0.0,0.0,12.195234470826009,0.0,280.9735425631685,8782.26155787864,9.610776124023444,9.85894800101479,50.0,12.131584940610965,2302.786376953125,12.131584940610965,86.13425307833785,86.13425307833785,0.0,0.0,5.208333333333333,0.36638087806051356,426.2167428145716,161.98924870566304,297.7384421213592,150.0,1.0,2.2726369395961754,0.0,1841.891450263865,490.345720613441,477.9665523066951,3279.88882223117,18.492250295061705,0.0,486.8727964637168,86.13425307833785,97.05267952488772,41.666666666666664,12.379168306745884,191703555.20905304,95824833.33333333,10.0,1.0,7.853981633974483,20.0,2.5,98.17477042468104,8782.26155787864,9.610776124023444,9.85894800101479,50.0,12.131584940610965,2302.786376953125,426.2167428145716,5.208333333333333,0.36638087806051356,161.98924870566304
634,0.7188490000000001,1.0,1,1324.0418271307292,0.0,490.345720613441,9.610776124023444,76.88620899218755,86.496985116211,1324.0418271307294,244.49011499705364,0.0,728.1000153760162,1.0,0.0,0.0,12.195234470826009,0.0,283.2348163180667,8782.26155787864,9.610776124023444,9.85894800101479,50.0,12.131584940610965,2302.786376953125,12.131584940610965,86.13425307833785,86.13425307833785,0.0,0.0,5.208333333333333,0.36638087806051356,426.2167428145716,161.98924870566304,297.7384421213592,150.0,1.0,2.2726369395961754,0.0,1841.891450263865,490.345720613441,477.9665523066951,3279.88882223117,18.492250295061705,0.0,486.8727964637168,86.13425307833785,97.05267952488772,41.666666666666664,12.379168306745884,191703555.20905304,95824833.33333333,10.0,1.0,7.853981633974483,20.0,2.5,98.17477042468104,8782.26155787864,9.610776124023444,9.85894800101479,50.0,12.131584940610965,2302.786376953125,426.2167428145716,5.208333333333333,0.36638087806051356,161.98924870566304
635,0.717778,1.0,1,1322.0691613874965,0.0,490.345720613441,9.610776124023444,76.88620899218755,86.496985116211,1322.0691613874965,242.5174492538207,0.0,958.4915921671461,-0.0,0.0,0.0,12.195234470826009,0.0,285.4960900729649,8782.26155787864,9.610776124023444,9.85894800101479,50.0,12.131584940610965,2302.786376953125,12.131584940610965,86.13425307833785,86.13425307833785,0.0,0.0,5.208333333333333,0.36638087806051356,426.2167428145716,161.98924870566304,297.7384421213592,150.0,1.0,2.2726369395961754,0.0,1841.891450263865,490.345720613441,477.9665523066951,3279.88882223117,18.492250295061705,0.0,486.8727964637168,86.13425307833785,97.05267952488772,41.666666666666664,12.379168306745884,191703555.20905304,95824833.33333333,10.0,1.0,7.853981633974483,20.0,2.5,98.17477042468104,8782.26155787864,9.610776124023444,9.85894800101479,50.0,12.131584940610965,2302.786376953125,426.2167428145716,5.208333333333333,0.36638087806051356,161.98924870566304
636,0.695982,1.0,1,1281.9232953375451,0.0,490.345720613441,9.610776124023444,76.88620899218755,86.496985116211,1281.9232953375454,202.3715832038696,0.0,1150.7445962108222,-0.0,0.0,0.0,12.195234470826009,0.0,287.75736382786306,8782.26155787864,9.610776124023444,9.85894800101479,50.0,12.131584940610965,2302.786376953125,12.131584940610965,86.13425307833785,86.13425307833785,0.0,0.0,5.208333333333333,0.36638087806051356,426.2167428145716,161.98924870566304,297.7384421213592,150.0,1.0,2.2726369395961754,0.0,1841.891450263865,490.345720613441,477.9665523066951,3279.88882223117,18.492250295061705,0.0,486.8727964637168,86.13425307833785,97.05267952488772,41.666666666666664,12.379168306745884,191703555.20905304,95824833.33333333,10.0,1.0,7.853981633974483,20.0,2.5,98.17477042468104,8782.26155787864,9.610776124023444,9.85894800101479,50.0,12.131584940610965,2302.786376953125,426.2167428145716,5.208333333333333,0.36638087806051356,161.98924870566304
637,0.6342949999999999,1.0,1,1168.302537445118,0.0,490.345720613441,9.610776124023444,76.88620899218755,86.496985116211,1168.302537445118,88.75082531144244,0.0,1235.0578802566924,-0.0,0.0,0.0,12.195234470826009,0.0,290.0186375827613,8782.26155787864,9.610776124023444,9.85894800101479,50.0,12.131584940610965,2302.786376953125,12.131584940610965,86.13425307833785,86.13425307833785,0.0,0.0,5.208333333333333,0.36638087806051356,426.2167428145716,161.98924870566304,297.7384421213592,150.0,1.0,2.2726369395961754,0.0,1841.891450263865,490.345720613441,477.9665523066951,3279.88882223117,18.492250295061705,0.0,486.8727964637168,86.13425307833785,97.05267952488772,41.666666666666664,12.379168306745884,191703555.20905304,95824833.33333333,10.0,1.0,7.853981633974483,20.0,2.5,98.17477042468104,8782.26155787864,9.610776124023444,9.85894800101479,50.0,12.131584940610965,2302.786376953125,426.2167428145716,5.208333333333333,0.36638087806051356,161.98924870566304
638,0.57137,1.0,1,1052.4015179372645,0.0,490.345720613441,9.610776124023444,76.88620899218755,86.496985116211,1079.5517121336757,0.0,27.15019419641112,1206.4787284709964,0.0,0.0,0.0,12.195234470826009,0.0,292.2799113376595,8782.26155787864,9.610776124023444,9.85894800101479,50.0,12.131584940610965,2302.786376953125,12.131584940610965,86.13425307833785,86.13425307833785,0.0,0.0,5.208333333333333,0.36638087806051356,426.2167428145716,161.98924870566304,297.7384421213592,150.0,1.0,2.2726369395961754,0.0,1841.891450263865,490.345720613441,477.9665523066951,3279.88882223117,18.492250295061705,0.0,486.8727964637168,86.13425307833785,97.05267952488772,41.666666666666664,12.379168306745884,191703555.20905304,95824833.33333333,10.0,1.0,7.853981633974483,20.0,2.5,98.17477042468104,8782.26155787864,9.610776124023444,9.85894800101479,50.0,12.131584940610965,2302.786376953125,426.2167428145716,5.208333333333333,0.36638087806051356,161.98924870566304
639,0.4662559999999999,1.0,1,858.7929400342284,0.0,490.345720613441,9.610776124023444,76.88620899218755,86.496985116211,1079.5517121336757,0.0,220.75877209944724,974.101073629473,1.0,0.0,0.0,12.195234470826009,0.0,294.54118509255767,8782.26155787864,9.610776124023444,9.85894800101479,50.0,12.131584940610965,2302.786376953125,12.131584940610965,86.13425307833785,86.13425307833785,0.0,0.0,5.208333333333333,0.36638087806051356,426.2167428145716,161.98924870566304,297.7384421213592,150.0,1.0,2.2726369395961754,0.0,1841.891450263865,490.345720613441,477.9665523066951,3279.88882223117,18.492250295061705,0.0,486.8727964637168,86.13425307833785,97.05267952488772,41.666666666666664,12.379168306745884,191703555.20905304,95824833.33333333,10.0,1.0,7.853981633974483,20.0,2.5,98.17477042468104,8782.26155787864,9.610776124023444,9.85894800101479,50.0,12.131584940610965,2302.786376953125,426.2167428145716,5.208333333333333,0.36638087806051356,161.98924870566304
640,0.38763,1.0,1,713.9723828657819,0.0,490.345720613441,9.610776124023444,76.88620899218755,86.496985116211,1079.5517121336757,0.0,365.57932926789374,589.2807270316902,-0.0,0.0,0.0,12.195234470826009,0.0,296.80245884745585,8782.26155787864,9.610776124023444,9.85894800101479,50.0,12.131584940610965,2302.786376953125,12.131584940610965,86.13425307833785,86.13425307833785,0.0,0.0,5.208333333333333,0.36638087806051356,426.2167428145716,161.98924870566304,297.7384421213592,150.0,1.0,2.2726369395961754,0.0,1841.891450263865,490.345720613441,477.9665523066951,3279.88882223117,18.492250295061705,0.0,486.8727964637168,86.13425307833785,97.05267952488772,41.666666666666664,12.379168306745884,191703555.20905304,95824833.33333333,10.0,1.0,7.853981633974483,20.0,2.5,98.17477042468104,8782.26155787864,9.610776124023444,9.85894800101479,50.0,12.131584940610965,2302.786376953125,426.2167428145716,5.208333333333333,0.36638087806051356,161.98924870566304
641,0.399028,1.0,1,734.9662616158895,0.0,490.345720613441,9.610776124023444,76.88620899218755,86.496985116211,1079.5517121336757,0.0,344.58545051778617,226.55920017086265,0.0,0.0,0.0,12.195234470826009,0.0,299.0637326023541,8782.26155787864,9.610776124023444,9.85894800101479,50.0,12.131584940610965,2302.786376953125,12.131584940610965,86.13425307833785,86.13425307833785,0.0,0.0,5.208333333333333,0.36638087806051356,426.2167428145716,161.98924870566304,297.7384421213592,150.0,1.0,2.2726369395961754,0.0,1841.891450263865,490.345720613441,477.9665523066951,3279.88882223117,18.492250295061705,0.0,486.8727964637168,86.13425307833785,97.05267952488772,41.666666666666664,12.379168306745884,191703555.20905304,95824833.33333333,10.0,1.0,7.853981633974483,20.0,2.5,98.17477042468104,8782.26155787864,9.610776124023444,9.85894800101479,50.0,12.131584940610965,2302.786376953125,426.2167428145716,5.208333333333333,0.36638087806051356,161.98924870566304
642,0.493539,1.0,1,909.0452644717776,0.0,490.345720613441,9.610776124023444,76.88620899218755,86.496985116211,1079.5517121336757,0.0,215.23124016231952,0.0,-0.0,0.0,0.0,12.195234470826009,0.0,301.3250063572523,8782.26155787864,9.610776124023444,9.85894800101479,50.0,12.131584940610965,2302.786376953125,12.131584940610965,86.13425307833785,86.13425307833785,0.0,0.0,5.208333333333333,0.36638087806051356,426.2167428145716,161.98924870566304,297.7384421213592,150.0,1.0,2.2726369395961754,0.0,1841.891450263865,490.345720613441,477.9665523066951,3279.88882223117,18.492250295061705,0.0,486.8727964637168,86.13425307833785,97.05267952488772,41.666666666666664,12.379168306745884,191703555.20905304,95824833.33333333,10.0,1.0,7.853981633974483,20.0,2.5,98.17477042468104,8782.26155787864,9.610776124023444,9.85894800101479,50.0,12.131584940610965,2302.786376953125,426.2167428145716,5.208333333333333,0.36638087806051356,161.98924870566304
643,0.607595,1.0,1,1119.1240357230731,0.0,490.345720613441,9.610776124023444,76.88620899218755,86.496985116211,1079.5517121336757,0.0,0.0,0.0,-0.0,0.0,0.0,12.195234470826009,0.0,303.58628011215046,8782.26155787864,9.610776124023444,9.85894800101479,50.0,12.131584940610965,2302.786376953125,12.131584940610965,86.13425307833785,86.13425307833785,0.0,0.0,5.208333333333333,0.36638087806051356,426.2167428145716,161.98924870566304,297.7384421213592,150.0,1.0,2.2726369395961754,0.0,1841.891450263865,490.345720613441,477.9665523066951,3279.88882223117,18.492250295061705,0.0,486.8727964637168,86.13425307833785,97.05267952488772,41.666666666666664,12.379168306745884,191703555.20905304,95824833.33333333,10.0,1.0,7.853981633974483,20.0,2.5,98.17477042468104,8782.26155787864,9.610776124023444,9.85894800101479,50.0,12.131584940610965,2302.786376953125,426.2167428145716,5.208333333333333,0.36638087806051356,161.98924870566304
644,0.6603289999999999,1.0,1,1216.2543394612876,0.0,490.345720613441,9.610776124023444,76.88620899218755,86.496985116211,1079.5517121336757,0.0,0.0,0.0,-0.0,0.0,0.0,12.195234470826009,0.0,305.84755386704865,8782.26155787864,9.610776124023444,9.85894800101479,50.0,12.131584940610965,2302.786376953125,12.131584940610965,86.13425307833785,86.13425307833785,0.0,0.0,5.208333333333333,0.36638087806051356,426.2167428145716,161.98924870566304,297.7384421213592,150.0,1.0,2.2726369395961754,0.0,1841.891450263865,490.345720613441,477.9665523066951,3279.88882223117,18.492250295061705,0.0,486.8727964637168,86.13425307833785,97.05267952488772,41.666666666666664,12.379168306745884,191703555.20905304,95824833.33333333,10.0,1.0,7.853981633974483,20.0,2.5,98.17477042468104,8782.26155787864,9.610776124023444,9.85894800101479,50.0,12.131584940610965,2302.786376953125,426.2167428145716,5.208333333333333,0.36638087806051356,161.98924870566304
645,0.694013,1.0,1,1278.2966110719758,0.0,490.345720613441,9.610776124023444,76.88620899218755,86.496985116211,1079.5517121336757,0.0,0.0,0.0,-0.0,0.0,0.0,12.195234470826009,0.0,308.1088276219469,8782.26155787864,9.610776124023444,9.85894800101479,50.0,12.131584940610965,2302.786376953125,12.131584940610965,86.13425307833785,86.13425307833785,0.0,0.0,5.208333333333333,0.36638087806051356,426.2167428145716,161.98924870566304,297.7384421213592,150.0,1.0,2.2726369395961754,0.0,1841.891450263865,490.345720613441,477.9665523066951,3279.88882223117,18.492250295061705,0.0,486.8727964637168,86.13425307833785,97.05267952488772,41.666666666666664,12.379168306745884,191703555.20905304,95824833.33333333,10.0,1.0,7.853981633974483,20.0,2.5,98.17477042468104,8782.26155787864,9.610776124023444,9.85894800101479,50.0,12.131584940610965,2302.786376953125,426.2167428145716,5.208333333333333,0.36638087806051356,161.98924870566304
646,0.686929,1.0,1,1265.2486520383065,0.0,490.345720613441,9.610776124023444,76.88620899218755,86.496985116211,1079.5517121336757,0.0,0.0,0.0,-0.0,0.0,0.0,12.195234470826009,0.0,310.37010137684507,8782.26155787864,9.610776124023444,9.85894800101479,50.0,12.131584940610965,2302.786376953125,12.131584940610965,86.13425307833785,86.13425307833785,0.0,0.0,5.208333333333333,0.36638087806051356,426.2167428145716,161.98924870566304,297.7384421213592,150.0,1.0,2.2726369395961754,0.0,1841.891450263865,490.345720613441,477.9665523066951,3279.88882223117,18.492250295061705,0.0,486.8727964637168,86.13425307833785,97.05267952488772,41.666666666666664,12.379168306745884,191703555.20905304,95824833.33333333,10.0,1.0,7.853981633974483,20.0,2.5,98.17477042468104,8782.26155787864,9.610776124023444,9.85894800101479,50.0,12.131584940610965,2302.786376953125,426.2167428145716,5.208333333333333,0.36638087806051356,161.98924870566304
647,0.659163,1.0,1,1214.10669403028,0.0,490.345720613441,9.610776124023444,76.88620899218755,86.496985116211,1079.5517121336757,0.0,0.0,0.0,1.0,0.0,0.0,12.195234470826009,0.0,312.63137513174325,8782.26155787864,9.610776124023444,9.85894800101479,50.0,12.131584940610965,2302.786376953125,12.131584940610965,86.13425307833785,86.13425307833785,0.0,0.0,5.208333333333333,0.36638087806051356,426.2167428145716,161.98924870566304,297.7384421213592,150.0,1.0,2.2726369395961754,0.0,1841.891450263865,490.345720613441,477.9665523066951,3279.88882223117,18.492250295061705,0.0,486.8727964637168,86.13425307833785,97.05267952488772,41.666666666666664,12.379168306745884,191703555.20905304,95824833.33333333,10.0,1.0,7.853981633974483,20.0,2.5,98.17477042468104,8782.26155787864,9.610776124023444,9.85894800101479,50.0,12.131584940610965,2302.786376953125,426.2167428145716,5.208333333333333,0.36638087806051356,161.98924870566304
648,0.8204,1.0,1,1511.0877457964748,0.0,490.345720613441,9.610776124023444,76.88620899218755,86.496985116211,1079.5517121336757,0.0,0.0,0.0,-0.0,0.0,0.0,12.195234470826009,0.0,314.89264888664144,8782.26155787864,9.610776124023444,9.85894800101479,50.0,12.131584940610965,2302.786376953125,12.131584940610965,86.13425307833785,86.13425307833785,0.0,0.0,5.208333333333333,0.36638087806051356,426.2167428145716,161.98924870566304,297.7384421213592,150.0,1.0,2.2726369395961754,0.0,1841.891450263865,490.345720613441,477.9665523066951,3279.88882223117,18.492250295061705,0.0,486.8727964637168,86.13425307833785,97.05267952488772,41.666666666666664,12.379168306745884,191703555.20905304,95824833.33333333,10.0,1.0,7.853981633974483,20.0,2.5,98.17477042468104,8782.26155787864,9.610776124023444,9.85894800101479,50.0,12.131584940610965,2302.786376953125,426.2167428145716,5.208333333333333,0.36638087806051356,161.98924870566304
649,0.818855,1.0,1,1508.242023505817,0.0,490.345720613441,9.610776124023444,76.88620899218755,86.496985116211,1079.5517121336757,0.0,0.0,0.0,-0.0,0.0,0.0,12.195234470826009,0.0,317.1539226415397,8782.26155787864,9.610776124023444,9.85894800101479,50.0,12.131584940610965,2302.786376953125,12.131584940610965,86.13425307833785,86.13425307833785,0.0,0.0,5.208333333333333,0.36638087806051356,426.2167428145716,161.98924870566304,297.7384421213592,150.0,1.0,2.2726369395961754,0.0,1841.891450263865,490.345720613441,477.9665523066951,3279.88882223117,18.492250295061705,0.0,486.8727964637168,86.13425307833785,97.05267952488772,41.666666666666664,12.379168306745884,191703555.20905304,95824833.33333333,10.0,1.0,7.853981633974483,20.0,2.5,98.17477042468104,8782.26155787864,9.610776124023444,9.85894800101479,50.0,12.131584940610965,2302.786376953125,426.2167428145716,5.208333333333333,0.36638087806051356,161.98924870566304
650,0.7974600000000001,1.0,1,1468.8347559274218,0.0,490.345720613441,9.610776124023444,76.88620899218755,86.496985116211,1079.5517121336757,0.0,0.0,0.0,-0.0,0.0,0.0,12.195234470826009,0.0,319.41519639643786,8782.26155787864,9.610776124023444,9.85894800101479,50.0,12.131584940610965,2302.786376953125,12.131584940610965,86.13425307833785,86.13425307833785,0.0,0.0,5.208333333333333,0.36638087806051356,426.2167428145716,161.98924870566304,297.7384421213592,150.0,1.0,2.2726369395961754,0.0,1841.891450263865,490.345720613441,477.9665523066951,3279.88882223117,18.492250295061705,0.0,486.8727964637168,86.13425307833785,97.05267952488772,41.666666666666664,12.379168306745884,191703555.20905304,95824833.33333333,10.0,1.0,7.853981633974483,20.0,2.5,98.17477042468104,8782.26155787864,9.610776124023444,9.85894800101479,50.0,12.131584940610965,2302.786376953125,426.2167428145716,5.208333333333333,0.36638087806051356,161.98924870566304
651,0.762506,1.0,1,1404.4532821748987,0.0,490.345720613441,9.610776124023444,76.88620899218755,86.496985116211,1079.5517121336757,0.0,0.0,0.0,-0.0,0.0,0.0,12.195234470826009,0.0,321.67647015133605,8782.26155787864,9.610776124023444,9.85894800101479,50.0,12.131584940610965,2302.786376953125,12.131584940610965,86.13425307833785,86.13425307833785,0.0,0.0,5.208333333333333,0.36638087806051356,426.2167428145716,161.98924870566304,297.7384421213592,150.0,1.0,2.2726369395961754,0.0,1841.891450263865,490.345720613441,477.9665523066951,3279.88882223117,18.492250295061705,0.0,486.8727964637168,86.13425307833785,97.05267952488772,41.666666666666664,12.379168306745884,191703555.20905304,95824833.33333333,10.0,1.0,7.853981633974483,20.0,2.5,98.17477042468104,8782.26155787864,9.610776124023444,9.85894800101479,50.0,12.131584940610965,2302.786376953125,426.2167428145716,5.208333333333333,0.36638087806051356,161.98924870566304
652,0.750122,1.0,1,1381.6432984548308,0.0,490.345720613441,9.610776124023444,76.88620899218755,86.496985116211,1079.5517121336757,0.0,0.0,0.0,1.0,0.0,0.0,12.195234470826009,0.0,323.93774390623423,8782.26155787864,9.610776124023444,9.85894800101479,50.0,12.131584940610965,2302.786376953125,12.131584940610965,86.13425307833785,86.13425307833785,0.0,0.0,5.208333333333333,0.36638087806051356,426.2167428145716,161.98924870566304,297.7384421213592,150.0,1.0,2.2726369395961754,0.0,1841.891450263865,490.345720613441,477.9665523066951,3279.88882223117,18.492250295061705,0.0,486.8727964637168,86.13425307833785,97.05267952488772,41.666666666666664,12.379168306745884,191703555.20905304,95824833.33333333,10.0,1.0,7.853981633974483,20.0,2.5,98.17477042468104,8782.26155787864,9.610776124023444,9.85894800101479,50.0,12.131584940610965,2302.786376953125,426.2167428145716,5.208333333333333,0.36638087806051356,161.98924870566304
653,0.781062,1.0,1,1438.631419925995,0.0,490.345720613441,9.610776124023444,76.88620899218755,86.496985116211,1079.5517121336757,0.0,0.0,0.0,-0.0,0.0,0.0,12.195234470826009,0.0,326.19901766113253,8782.26155787864,9.610776124023444,9.85894800101479,50.0,12.131584940610965,2302.786376953125,12.131584940610965,86.13425307833785,86.13425307833785,0.0,0.0,5.208333333333333,0.36638087806051356,426.2167428145716,161.98924870566304,297.7384421213592,150.0,1.0,2.2726369395961754,0.0,1841.891450263865,490.345720613441,477.9665523066951,3279.88882223117,18.492250295061705,0.0,486.8727964637168,86.13425307833785,97.05267952488772,41.666666666666664,12.379168306745884,191703555.20905304,95824833.33333333,10.0,1.0,7.853981633974483,20.0,2.5,98.17477042468104,8782.26155787864,9.610776124023444,9.85894800101479,50.0,12.131584940610965,2302.786376953125,426.2167428145716,5.208333333333333,0.36638087806051356,161.98924870566304
654,0.810437,1.0,1,1492.736981277496,0.0,490.345720613441,9.610776124023444,76.88620899218755,86.496985116211,1492.736981277496,413.18526914382016,0.0,392.52600568662916,-0.0,0.0,0.0,12.195234470826009,0.0,328.4602914160307,8782.26155787864,9.610776124023444,9.85894800101479,50.0,12.131584940610965,2302.786376953125,12.131584940610965,86.13425307833785,86.13425307833785,0.0,0.0,5.208333333333333,0.36638087806051356,426.2167428145716,161.98924870566304,297.7384421213592,150.0,1.0,2.2726369395961754,0.0,1841.891450263865,490.345720613441,477.9665523066951,3279.88882223117,18.492250295061705,0.0,486.8727964637168,86.13425307833785,97.05267952488772,41.666666666666664,12.379168306745884,191703555.20905304,95824833.33333333,10.0,1.0,7.853981633974483,20.0,2.5,98.17477042468104,8782.26155787864,9.610776124023444,9.85894800101479,50.0,12.131584940610965,2302.786376953125,426.2167428145716,5.208333333333333,0.36638087806051356,161.98924870566304
655,0.8366509999999999,1.0,1,1541.0203237547128,0.0,490.345720613441,9.610776124023444,76.88620899218755,86.496985116211,1079.5517121336757,0.0,0.0,392.52600568662916,-0.0,0.0,0.0,12.195234470826009,0.0,330.7215651709289,8782.26155787864,9.610776124023444,9.85894800101479,50.0,12.131584940610965,2302.786376953125,12.131584940610965,86.13425307833785,86.13425307833785,0.0,0.0,5.208333333333333,0.36638087806051356,426.2167428145716,161.98924870566304,297.7384421213592,150.0,1.0,2.2726369395961754,0.0,1841.891450263865,490.345720613441,477.9665523066951,3279.88882223117,18.492250295061705,0.0,486.8727964637168,86.13425307833785,97.05267952488772,41.666666666666664,12.379168306745884,191703555.20905304,95824833.33333333,10.0,1.0,7.853981633974483,20.0,2.5,98.17477042468104,8782.26155787864,9.610776124023444,9.85894800101479,50.0,12.131584940610965,2302.786376953125,426.2167428145716,5.208333333333333,0.36638087806051356,161.98924870566304
656,0.872026,1.0,1,1606.177233807797,0.0,490.345720613441,9.610776124023444,76.88620899218755,86.496985116211,1606.1772338077972,526.6255216741214,0.0,892.8202512770445,-0.0,0.0,0.0,12.195234470826009,0.0,332.9828389258271,8782.26155787864,9.610776124023444,9.85894800101479,50.0,12.131584940610965,2302.786376953125,12.131584940610965,86.13425307833785,86.13425307833785,0.0,0.0,5.208333333333333,0.36638087806051356,426.2167428145716,161.98924870566304,297.7384421213592,150.0,1.0,2.2726369395961754,0.0,1841.891450263865,490.345720613441,477.9665523066951,3279.88882223117,18.492250295061705,0.0,486.8727964637168,86.13425307833785,97.05267952488772,41.666666666666664,12.379168306745884,191703555.20905304,95824833.33333333,10.0,1.0,7.853981633974483,20.0,2.5,98.17477042468104,8782.26155787864,9.610776124023444,9.85894800101479,50.0,12.131584940610965,2302.786376953125,426.2167428145716,5.208333333333333,0.36638087806051356,161.98924870566304
657,0.905453,1.0,1,1667.7461393157673,0.0,490.345720613441,9.610776124023444,76.88620899218755,86.496985116211,1657.3561708634816,577.8044587298059,0.0,1441.73448707036,-0.0,0.0,0.0,12.195234470826009,0.0,335.24411268072527,8782.26155787864,9.610776124023444,9.85894800101479,50.0,12.131584940610965,2302.786376953125,12.131584940610965,86.13425307833785,86.13425307833785,0.0,0.0,5.208333333333333,0.36638087806051356,426.2167428145716,161.98924870566304,297.7384421213592,150.0,1.0,2.2726369395961754,0.0,1841.891450263865,490.345720613441,477.9665523066951,3279.88882223117,18.492250295061705,0.0,486.8727964637168,86.13425307833785,97.05267952488772,41.666666666666664,12.379168306745884,191703555.20905304,95824833.33333333,10.0,1.0,7.853981633974483,20.0,2.5,98.17477042468104,8782.26155787864,9.610776124023444,9.85894800101479,50.0,12.131584940610965,2302.786376953125,426.2167428145716,5.208333333333333,0.36638087806051356,161.98924870566304
658,0.930656,1.0,1,1714.1673295367675,0.0,490.345720613441,9.610776124023444,76.88620899218755,86.496985116211,1079.5517121336757,0.0,0.0,1441.73448707036,-0.0,0.0,0.0,12.195234470826009,0.0,337.50538643562345,8782.26155787864,9.610776124023444,9.85894800101479,50.0,12.131584940610965,2302.786376953125,12.131584940610965,86.13425307833785,86.13425307833785,0.0,0.0,5.208333333333333,0.36638087806051356,426.2167428145716,161.98924870566304,297.7384421213592,150.0,1.0,2.2726369395961754,0.0,1841.891450263865,490.345720613441,477.9665523066951,3279.88882223117,18.492250295061705,0.0,486.8727964637168,86.13425307833785,97.05267952488772,41.666666666666664,12.379168306745884,191703555.20905304,95824833.33333333,10.0,1.0,7.853981633974483,20.0,2.5,98.17477042468104,8782.26155787864,9.610776124023444,9.85894800101479,50.0,12.131584940610965,2302.786376953125,426.2167428145716,5.208333333333333,0.36638087806051356,161.98924870566304
659,0.951421,1.0,1,1752.4142055014966,0.0,490.345720613441,9.610776124023444,76.88620899218755,86.496985116211,1752.4142055014966,672.8624933678209,0.0,2080.9538557697897,-0.0,0.0,0.0,12.195234470826009,0.0,339.76666019052163,8782.26155787864,9.610776124023444,9.85894800101479,50.0,12.131584940610965,2302.786376953125,12.131584940610965,86.13425307833785,86.13425307833785,0.0,0.0,5.208333333333333,0.36638087806051356,426.2167428145716,161.98924870566304,297.7384421213592,150.0,1.0,2.2726369395961754,0.0,1841.891450263865,490.345720613441,477.9665523066951,3279.88882223117,18.492250295061705,0.0,486.8727964637168,86.13425307833785,97.05267952488772,41.666666666666664,12.379168306745884,191703555.20905304,95824833.33333333,10.0,1.0,7.853981633974483,20.0,2.5,98.17477042468104,8782.26155787864,9.610776124023444,9.85894800101479,50.0,12.131584940610965,2302.786376953125,426.2167428145716,5.208333333333333,0.36638087806051356,161.98924870566304
660,0.957626,1.0,1,1763.8431419503838,0.0,490.345720613441,9.610776124023444,76.88620899218755,86.496985116211,1079.5517121336757,0.0,0.0,2080.9538557697897,-0.0,0.0,0.0,12.195234470826009,0.0,342.0279339454198,8782.26155787864,9.610776124023444,9.85894800101479,50.0,12.131584940610965,2302.786376953125,12.131584940610965,86.13425307833785,86.13425307833785,0.0,0.0,5.208333333333333,0.36638087806051356,426.2167428145716,161.98924870566304,297.7384421213592,150.0,1.0,2.2726369395961754,0.0,1841.891450263865,490.345720613441,477.9665523066951,3279.88882223117,18.492250295061705,0.0,486.8727964637168,86.13425307833785,97.05267952488772,41.666666666666664,12.379168306745884,191703555.20905304,95824833.33333333,10.0,1.0,7.853981633974483,20.0,2.5,98.17477042468104,8782.26155787864,9.610776124023444,9.85894800101479,50.0,12.131584940610965,2302.786376953125,426.2167428145716,5.208333333333333,0.36638087806051356,161.98924870566304
661,0.955107,1.0,1,1759.2034173871693,0.0,490.345720613441,9.610776124023444,76.88620899218755,86.496985116211,1079.5517121336757,0.0,0.0,2080.9538557697897,-0.0,0.0,0.0,12.195234470826009,0.0,344.2892077003181,8782.26155787864,9.610776124023444,9.85894800101479,50.0,12.131584940610965,2302.786376953125,12.131584940610965,86.13425307833785,86.13425307833785,0.0,0.0,5.208333333333333,0.36638087806051356,426.2167428145716,161.98924870566304,297.7384421213592,150.0,1.0,2.2726369395961754,0.0,1841.891450263865,490.345720613441,477.9665523066951,3279.88882223117,18.492250295061705,0.0,486.8727964637168,86.13425307833785,97.05267952488772,41.666666666666664,12.379168306745884,191703555.20905304,95824833.33333333,10.0,1.0,7.853981633974483,20.0,2.5,98.17477042468104,8782.26155787864,9.610776124023444,9.85894800101479,50.0,12.131584940610965,2302.786376953125,426.2167428145716,5.208333333333333,0.36638087806051356,161.98924870566304
662,0.948215,1.0,1,1746.5091015119508,0.0,490.345720613441,9.610776124023444,76.88620899218755,86.496985116211,1746.5091015119508,666.9573893782751,0.0,2714.5633756791512,-0.0,0.0,0.0,12.195234470826009,0.0,346.5504814552163,8782.26155787864,9.610776124023444,9.85894800101479,50.0,12.131584940610965,2302.786376953125,12.131584940610965,86.13425307833785,86.13425307833785,0.0,0.0,5.208333333333333,0.36638087806051356,426.2167428145716,161.98924870566304,297.7384421213592,150.0,1.0,2.2726369395961754,0.0,1841.891450263865,490.345720613441,477.9665523066951,3279.88882223117,18.492250295061705,0.0,486.8727964637168,86.13425307833785,97.05267952488772,41.666666666666664,12.379168306745884,191703555.20905304,95824833.33333333,10.0,1.0,7.853981633974483,20.0,2.5,98.17477042468104,8782.26155787864,9.610776124023444,9.85894800101479,50.0,12.131584940610965,2302.786376953125,426.2167428145716,5.208333333333333,0.36638087806051356,161.98924870566304
663,0.942221,1.0,1,1735.4688041590691,0.0,490.345720613441,9.610776124023444,76.88620899218755,86.496985116211,1079.5517121336757,0.0,0.0,2714.563375679151,1.0,0.0,0.0,12.195234470826009,0.0,348.8117552101145,8782.26155787864,9.610776124023444,9.85894800101479,50.0,12.131584940610965,2302.786376953125,12.131584940610965,86.13425307833785,86.13425307833785,0.0,0.0,5.208333333333333,0.36638087806051356,426.2167428145716,161.98924870566304,297.7384421213592,150.0,1.0,2.2726369395961754,0.0,1841.891450263865,490.345720613441,477.9665523066951,3279.88882223117,18.492250295061705,0.0,486.8727964637168,86.13425307833785,97.05267952488772,41.666666666666664,12.379168306745884,191703555.20905304,95824833.33333333,10.0,1.0,7.853981633974483,20.0,2.5,98.17477042468104,8782.26155787864,9.610776124023444,9.85894800101479,50.0,12.131584940610965,2302.786376953125,426.2167428145716,5.208333333333333,0.36638087806051356,161.98924870566304
664,0.930419,1.0,1,1713.730801263055,0.0,490.345720613441,9.610776124023444,76.88620899218755,86.496985116211,1079.5517121336757,0.0,0.0,2714.563375679151,-0.0,0.0,0.0,12.195234470826009,0.0,351.07302896501267,8782.26155787864,9.610776124023444,9.85894800101479,50.0,12.131584940610965,2302.786376953125,12.131584940610965,86.13425307833785,86.13425307833785,0.0,0.0,5.208333333333333,0.36638087806051356,426.2167428145716,161.98924870566304,297.7384421213592,150.0,1.0,2.2726369395961754,0.0,1841.891450263865,490.345720613441,477.9665523066951,3279.88882223117,18.492250295061705,0.0,486.8727964637168,86.13425307833785,97.05267952488772,41.666666666666664,12.379168306745884,191703555.20905304,95824833.33333333,10.0,1.0,7.853981633974483,20.0,2.5,98.17477042468104,8782.26155787864,9.610776124023444,9.85894800101479,50.0,12.131584940610965,2302.786376953125,426.2167428145716,5.208333333333333,0.36638087806051356,161.98924870566304
665,0.909191,1.0,1,1674.6311295568537,0.0,490.345720613441,9.610776124023444,76.88620899218755,86.496985116211,1674.6311295568537,595.079417423178,0.0,3279.88882223117,1.0,0.0,0.0,12.195234470826009,0.0,353.33430271991085,8782.26155787864,9.610776124023444,9.85894800101479,50.0,12.131584940610965,2302.786376953125,12.131584940610965,86.13425307833785,86.13425307833785,0.0,0.0,5.208333333333333,0.36638087806051356,426.2167428145716,161.98924870566304,297.7384421213592,150.0,1.0,2.2726369395961754,0.0,1841.891450263865,490.345720613441,477.9665523066951,3279.88882223117,18.492250295061705,0.0,486.8727964637168,86.13425307833785,97.05267952488772,41.666666666666664,12.379168306745884,191703555.20905304,95824833.33333333,10.0,1.0,7.853981633974483,20.0,2.5,98.17477042468104,8782.26155787864,9.610776124023444,9.85894800101479,50.0,12.131584940610965,2302.786376953125,426.2167428145716,5.208333333333333,0.36638087806051356,161.98924870566304
666,0.880024,1.0,1,1620.9086816270076,0.0,490.345720613441,9.610776124023444,76.88620899218755,86.496985116211,1079.5517121336757,0.0,0.0,3279.88882223117,-0.0,0.0,0.0,12.195234470826009,0.0,355.59557647480904,8782.26155787864,9.610776124023444,9.85894800101479,50.0,12.131584940610965,2302.786376953125,12.131584940610965,86.13425307833785,86.13425307833785,0.0,0.0,5.208333333333333,0.36638087806051356,426.2167428145716,161.98924870566304,297.7384421213592,150.0,1.0,2.2726369395961754,0.0,1841.891450263865,490.345720613441,477.9665523066951,3279.88882223117,18.492250295061705,0.0,486.8727964637168,86.13425307833785,97.05267952488772,41.666666666666664,12.379168306745884,191703555.20905304,95824833.33333333,10.0,1.0,7.853981633974483,20.0,2.5,98.17477042468104,8782.26155787864,9.610776124023444,9.85894800101479,50.0,12.131584940610965,2302.786376953125,426.2167428145716,5.208333333333333,0.36638087806051356,161.98924870566304
667,0.844843,1.0,1,1556.1090985152746,0.0,490.345720613441,9.610776124023444,76.88620899218755,86.496985116211,1079.5517121336757,0.0,0.0,3279.88882223117,-0.0,0.0,0.0,12.195234470826009,0.0,357.8568502297072,8782.26155787864,9.610776124023444,9.85894800101479,50.0,12.131584940610965,2302.786376953125,12.131584940610965,86.13425307833785,86.13425307833785,0.0,0.0,5.208333333333333,0.36638087806051356,426.2167428145716,161.98924870566304,297.7384421213592,150.0,1.0,2.2726369395961754,0.0,1841.891450263865,490.345720613441,477.9665523066951,3279.88882223117,18.492250295061705,0.0,486.8727964637168,86.13425307833785,97.05267952488772,41.666666666666664,12.379168306745884,191703555.20905304,95824833.33333333,10.0,1.0,7.853981633974483,20.0,2.5,98.17477042468104,8782.26155787864,9.610776124023444,9.85894800101479,50.0,12.131584940610965,2302.786376953125,426.2167428145716,5.208333333333333,0.36638087806051356,161.98924870566304
668,0.795948,1.0,1,1466.0498160546229,0.0,490.345720613441,9.610776124023444,76.88620899218755,86.496985116211,1079.5517121336757,0.0,0.0,3279.88882223117,-0.0,0.0,0.0,12.195234470826009,0.0,360.1181239846054,8782.26155787864,9.610776124023444,9.85894800101479,50.0,12.131584940610965,2302.786376953125,12.131584940610965,86.13425307833785,86.13425307833785,0.0,0.0,5.208333333333333,0.36638087806051356,426.2167428145716,161.98924870566304,297.7384421213592,150.0,1.0,2.2726369395961754,0.0,1841.891450263865,490.345720613441,477.9665523066951,3279.88882223117,18.492250295061705,0.0,486.8727964637168,86.13425307833785,97.05267952488772,41.666666666666664,12.379168306745884,191703555.20905304,95824833.33333333,10.0,1.0,7.853981633974483,20.0,2.5,98.17477042468104,8782.26155787864,9.610776124023444,9.85894800101479,50.0,12.131584940610965,2302.786376953125,426.2167428145716,5.208333333333333,0.36638087806051356,161.98924870566304
669,0.7332029999999999,1.0,1,1350.4803370078164,0.0,490.345720613441,9.610776124023444,76.88620899218755,86.496985116211,1079.5517121336757,0.0,0.0,3279.88882223117,-0.0,0.0,0.0,12.195234470826009,0.0,362.3793977395036,8782.26155787864,9.610776124023444,9.85894800101479,50.0,12.131584940610965,2302.786376953125,12.131584940610965,86.13425307833785,86.13425307833785,0.0,0.0,5.208333333333333,0.36638087806051356,426.2167428145716,161.98924870566304,297.7384421213592,150.0,1.0,2.2726369395961754,0.0,1841.891450263865,490.345720613441,477.9665523066951,3279.88882223117,18.492250295061705,0.0,486.8727964637168,86.13425307833785,97.05267952488772,41.666666666666664,12.379168306745884,191703555.20905304,95824833.33333333,10.0,1.0,7.853981633974483,20.0,2.5,98.17477042468104,8782.26155787864,9.610776124023444,9.85894800101479,50.0,12.131584940610965,2302.786376953125,426.2167428145716,5.208333333333333,0.36638087806051356,161.98924870566304
670,0.6733920000000001,1.0,1,1240.3149674760848,0.0,490.345720613441,9.610776124023444,76.88620899218755,86.496985116211,1079.5517121336757,0.0,0.0,3279.88882223117,-0.0,0.0,0.0,12.195234470826009,0.0,364.6406714944018,8782.26155787864,9.610776124023444,9.85894800101479,50.0,12.131584940610965,2302.786376953125,12.131584940610965,86.13425307833785,86.13425307833785,0.0,0.0,5.208333333333333,0.36638087806051356,426.2167428145716,161.98924870566304,297.7384421213592,150.0,1.0,2.2726369395961754,0.0,1841.891450263865,490.345720613441,477.9665523066951,3279.88882223117,18.492250295061705,0.0,486.8727964637168,86.13425307833785,97.05267952488772,41.666666666666664,12.379168306745884,191703555.20905304,95824833.33333333,10.0,1.0,7.853981633974483,20.0,2.5,98.17477042468104,8782.26155787864,9.610776124023444,9.85894800101479,50.0,12.131584940610965,2302.786376953125,426.2167428145716,5.208333333333333,0.36638087806051356,161.98924870566304
671,0.589112,1.0,1,1085.080356047846,0.0,490.345720613441,9.610776124023444,76.88620899218755,86.496985116211,1079.5517121336757,0.0,0.0,3279.88882223117,-0.0,0.0,0.0,12.195234470826009,0.0,366.90194524929996,8782.26155787864,9.610776124023444,9.85894800101479,50.0,12.131584940610965,2302.786376953125,12.131584940610965,86.13425307833785,86.13425307833785,0.0,0.0,5.208333333333333,0.36638087806051356,426.2167428145716,161.98924870566304,297.7384421213592,150.0,1.0,2.2726369395961754,0.0,1841.891450263865,490.345720613441,477.9665523066951,3279.88882223117,18.492250295061705,0.0,486.8727964637168,86.13425307833785,97.05267952488772,41.666666666666664,12.379168306745884,191703555.20905304,95824833.33333333,10.0,1.0,7.853981633974483,20.0,2.5,98.17477042468104,8782.26155787864,9.610776124023444,9.85894800101479,50.0,12.131584940610965,2302.786376953125,426.2167428145716,5.208333333333333,0.36638087806051356,161.98924870566304
672,0.381944,1.0,1,703.4993880795816,0.0,490.34572061344096,9.610776124023442,76.88620899218753,86.49698511621098,1079.5517121336757,0.0,376.05232405409396,2884.0442705952814,-0.0,0.0,0.0,12.195234470826009,0.0,369.16321900419814,8782.26155787864,9.610776124023444,9.85894800101479,50.0,12.131584940610965,2302.786376953125,12.131584940610965,86.13425307833785,86.13425307833785,0.0,0.0,5.208333333333333,0.36638087806051356,426.2167428145716,161.98924870566304,297.7384421213592,150.0,1.0,2.2726369395961754,0.0,1841.891450263865,490.345720613441,477.9665523066951,3279.88882223117,18.492250295061705,0.0,486.8727964637168,86.13425307833785,97.05267952488772,41.666666666666664,12.379168306745884,191703555.20905304,95824833.33333333,10.0,1.0,7.853981633974483,20.0,2.5,98.17477042468104,8782.26155787864,9.610776124023444,9.85894800101479,50.0,12.131584940610965,2302.786376953125,426.2167428145716,5.208333333333333,0.36638087806051356,161.98924870566304
673,0.344283,1.0,1,634.1319141711942,0.0,490.34572061344096,9.610776124023442,76.88620899218753,86.49698511621098,1079.5517121336757,0.0,445.41979796248137,2415.181325371617,-0.0,0.0,0.0,12.195234470826009,0.0,371.4244927590963,8782.26155787864,9.610776124023444,9.85894800101479,50.0,12.131584940610965,2302.786376953125,12.131584940610965,86.13425307833785,86.13425307833785,0.0,0.0,5.208333333333333,0.36638087806051356,426.2167428145716,161.98924870566304,297.7384421213592,150.0,1.0,2.2726369395961754,0.0,1841.891450263865,490.345720613441,477.9665523066951,3279.88882223117,18.492250295061705,0.0,486.8727964637168,86.13425307833785,97.05267952488772,41.666666666666664,12.379168306745884,191703555.20905304,95824833.33333333,10.0,1.0,7.853981633974483,20.0,2.5,98.17477042468104,8782.26155787864,9.610776124023444,9.85894800101479,50.0,12.131584940610965,2302.786376953125,426.2167428145716,5.208333333333333,0.36638087806051356,161.98924870566304
674,0.347228,1.0,1,639.5562844922213,0.0,490.34572061344096,9.610776124023442,76.88620899218753,86.49698511621098,1079.5517121336757,0.0,439.9954276414529,1952.0282436437717,-0.0,0.0,0.0,12.195234470826009,0.0,373.6857665139945,8782.26155787864,9.610776124023444,9.85894800101479,50.0,12.131584940610965,2302.786376953125,12.131584940610965,86.13425307833785,86.13425307833785,0.0,0.0,5.208333333333333,0.36638087806051356,426.2167428145716,161.98924870566304,297.7384421213592,150.0,1.0,2.2726369395961754,0.0,1841.891450263865,490.345720613441,477.9665523066951,3279.88882223117,18.492250295061705,0.0,486.8727964637168,86.13425307833785,97.05267952488772,41.666666666666664,12.379168306745884,191703555.20905304,95824833.33333333,10.0,1.0,7.853981633974483,20.0,2.5,98.17477042468104,8782.26155787864,9.610776124023444,9.85894800101479,50.0,12.131584940610965,2302.786376953125,426.2167428145716,5.208333333333333,0.36638087806051356,161.98924870566304
675,0.354648,1.0,1,653.2231190531792,0.0,490.34572061344096,9.610776124023442,76.88620899218753,86.49698511621098,1079.5517121336757,0.0,426.32859308049643,1503.2613035590387,-0.0,0.0,0.0,12.195234470826009,0.0,375.9470402688927,8782.26155787864,9.610776124023444,9.85894800101479,50.0,12.131584940610965,2302.786376953125,12.131584940610965,86.13425307833785,86.13425307833785,0.0,0.0,5.208333333333333,0.36638087806051356,426.2167428145716,161.98924870566304,297.7384421213592,150.0,1.0,2.2726369395961754,0.0,1841.891450263865,490.345720613441,477.9665523066951,3279.88882223117,18.492250295061705,0.0,486.8727964637168,86.13425307833785,97.05267952488772,41.666666666666664,12.379168306745884,191703555.20905304,95824833.33333333,10.0,1.0,7.853981633974483,20.0,2.5,98.17477042468104,8782.26155787864,9.610776124023444,9.85894800101479,50.0,12.131584940610965,2302.786376953125,426.2167428145716,5.208333333333333,0.36638087806051356,161.98924870566304
676,0.3393609999999999,1.0,1,625.0661244529953,0.0,34.96759180028686,0.6853647992856224,5.4829183942849795,6.168283193570602,625.0661244529953,0.0,0.0,1503.2613035590387,-0.0,0.0,8.925411324737821,3.0876718945629245,0.0,378.20831402379093,8782.26155787864,9.610776124023444,9.85894800101479,50.0,12.131584940610965,2302.786376953125,12.131584940610965,86.13425307833785,86.13425307833785,0.0,0.0,5.208333333333333,0.36638087806051356,426.2167428145716,161.98924870566304,297.7384421213592,150.0,1.0,2.2726369395961754,0.0,1841.891450263865,490.345720613441,477.9665523066951,3279.88882223117,18.492250295061705,0.0,486.8727964637168,86.13425307833785,97.05267952488772,41.666666666666664,12.379168306745884,191703555.20905304,95824833.33333333,10.0,1.0,7.853981633974483,20.0,2.5,98.17477042468104,8782.26155787864,9.610776124023444,9.85894800101479,50.0,12.131584940610965,2302.786376953125,426.2167428145716,5.208333333333333,0.36638087806051356,161.98924870566304
677,0.285567,1.0,1,525.9834157775011,0.0,490.345720613441,9.610776124023444,76.88620899218755,86.496985116211,1079.5517121336757,0.0,553.5682963561745,920.5578337104339,-0.0,0.0,0.0,3.0876718945629245,0.0,380.4695877786891,8782.26155787864,9.610776124023444,9.85894800101479,50.0,12.131584940610965,2302.786376953125,12.131584940610965,86.13425307833785,86.13425307833785,0.0,0.0,5.208333333333333,0.36638087806051356,426.2167428145716,161.98924870566304,297.7384421213592,150.0,1.0,2.2726369395961754,0.0,1841.891450263865,490.345720613441,477.9665523066951,3279.88882223117,18.492250295061705,0.0,486.8727964637168,86.13425307833785,97.05267952488772,41.666666666666664,12.379168306745884,191703555.20905304,95824833.33333333,10.0,1.0,7.853981633974483,20.0,2.5,98.17477042468104,8782.26155787864,9.610776124023444,9.85894800101479,50.0,12.131584940610965,2302.786376953125,426.2167428145716,5.208333333333333,0.36638087806051356,161.98924870566304
678,0.195183,-0.0,1,359.50589893685196,0.0,189.10378197766448,3.7064341267622236,29.65147301409779,33.357907140860014,359.50589893685196,0.0,0.0,920.5578337104341,1.0,3.7064341267622236,0.0,6.719977338789903,0.0,370.5610973254079,0.0,0.0,9.85894800101479,50.0,0.0,0.0,0.0,0.0,0.0,0.0,0.0,5.208333333333333,0.36638087806051356,0.0,161.98924870566304,9080.0,150.0,-0.0,0.0,9.85894800101479,1841.891450263865,490.345720613441,477.9665523066951,3279.88882223117,18.492250295061705,0.0,486.8727964637168,86.13425307833785,97.05267952488772,41.666666666666664,12.379168306745884,191703555.20905304,95824833.33333333,10.0,1.0,7.853981633974483,20.0,2.5,98.17477042468104,8782.26155787864,9.610776124023444,9.85894800101479,50.0,12.131584940610965,2302.786376953125,426.2167428145716,5.208333333333333,0.36638087806051356,161.98924870566304
679,0.088613,-0.0,1,163.21552708223186,0.0,0.2177428565904678,0.004267759989173169,0.03414207991338535,0.03840983990255852,163.21552708223186,0.0,0.0,920.5578337104341,1.0,0.004267759989173169,0.0,6.724159743579293,0.0,360.6526068721267,0.0,0.0,9.85894800101479,50.0,0.0,0.0,0.0,0.0,0.0,0.0,0.0,5.208333333333333,0.36638087806051356,0.0,161.98924870566304,9080.0,150.0,-0.0,0.0,9.85894800101479,1841.891450263865,490.345720613441,477.9665523066951,3279.88882223117,18.492250295061705,0.0,486.8727964637168,86.13425307833785,97.05267952488772,41.666666666666664,12.379168306745884,191703555.20905304,95824833.33333333,10.0,1.0,7.853981633974483,20.0,2.5,98.17477042468104,8782.26155787864,9.610776124023444,9.85894800101479,50.0,12.131584940610965,2302.786376953125,426.2167428145716,5.208333333333333,0.36638087806051356,161.98924870566304
680,0.052369,-0.0,1,96.45801335886834,0.0,0.0,0.0,0.0,0.0,162.98924870566304,0.0,66.5312353467947,850.5249543980186,1.0,0.0,0.0,6.724159743579291,0.0,350.7441164188455,0.0,0.0,9.85894800101479,50.0,0.0,0.0,0.0,0.0,0.0,0.0,0.0,5.208333333333333,0.36638087806051356,0.0,161.98924870566304,9080.0,150.0,-0.0,0.0,9.85894800101479,1841.891450263865,490.345720613441,477.9665523066951,3279.88882223117,18.492250295061705,0.0,486.8727964637168,86.13425307833785,97.05267952488772,41.666666666666664,12.379168306745884,191703555.20905304,95824833.33333333,10.0,1.0,7.853981633974483,20.0,2.5,98.17477042468104,8782.26155787864,9.610776124023444,9.85894800101479,50.0,12.131584940610965,2302.786376953125,426.2167428145716,5.208333333333333,0.36638087806051356,161.98924870566304
681,0.084993,1.0,1,156.54788003227668,0.0,346.64151944167037,6.794173781056739,54.35339024845391,61.147564029510654,936.1291711962016,0.0,779.581291163925,29.913068962308103,-0.0,0.0,2.8166023429667044,3.8500757201438787,0.0,353.0053901737437,8782.26155787864,9.610776124023444,9.85894800101479,50.0,12.131584940610965,2302.786376953125,12.131584940610965,86.13425307833785,86.13425307833785,0.0,0.0,5.208333333333333,0.36638087806051356,426.2167428145716,161.98924870566304,297.7384421213592,150.0,1.0,2.2726369395961754,0.0,1841.891450263865,490.345720613441,477.9665523066951,3279.88882223117,18.492250295061705,0.0,486.8727964637168,86.13425307833785,97.05267952488772,41.666666666666664,12.379168306745884,191703555.20905304,95824833.33333333,10.0,1.0,7.853981633974483,20.0,2.5,98.17477042468104,8782.26155787864,9.610776124023444,9.85894800101479,50.0,12.131584940610965,2302.786376953125,426.2167428145716,5.208333333333333,0.36638087806051356,161.98924870566304
682,0.151608,-0.0,1,279.24547899160405,0.0,111.87089134520882,2.1926694703660927,17.54135576292874,19.734025233294833,279.24547899160405,0.0,0.0,29.91306896230807,1.0,2.1926694703660927,0.0,5.9988918011026495,0.0,343.0968997204625,0.0,0.0,9.85894800101479,50.0,0.0,0.0,0.0,0.0,0.0,0.0,0.0,5.208333333333333,0.36638087806051356,0.0,161.98924870566304,9080.0,150.0,0.0,0.0,9.858948001014781,1841.891450263865,490.345720613441,477.9665523066951,3279.88882223117,18.492250295061705,0.0,486.8727964637168,86.13425307833785,97.05267952488772,41.666666666666664,12.379168306745884,191703555.20905304,95824833.33333333,10.0,1.0,7.853981633974483,20.0,2.5,98.17477042468104,8782.26155787864,9.610776124023444,9.85894800101479,50.0,12.131584940610965,2302.786376953125,426.2167428145716,5.208333333333333,0.36638087806051356,161.98924870566304
683,0.26679,-0.0,1,491.3982200158966,0.0,316.02095006758424,6.194010621324651,49.55208497059721,55.74609559192186,491.3982200158966,0.0,0.0,29.91306896230807,1.0,6.194010621324651,0.0,12.069022210000808,0.0,333.1884092671813,0.0,0.0,9.85894800101479,50.0,0.0,0.0,0.0,0.0,0.0,0.0,0.0,5.208333333333333,0.36638087806051356,0.0,161.98924870566304,9080.0,150.0,0.0,0.0,9.858948001014781,1841.891450263865,490.345720613441,477.9665523066951,3279.88882223117,18.492250295061705,0.0,486.8727964637168,86.13425307833785,97.05267952488772,41.666666666666664,12.379168306745884,191703555.20905304,95824833.33333333,10.0,1.0,7.853981633974483,20.0,2.5,98.17477042468104,8782.26155787864,9.610776124023444,9.85894800101479,50.0,12.131584940610965,2302.786376953125,426.2167428145716,5.208333333333333,0.36638087806051356,161.98924870566304
684,0.407141,1.0,1,749.9095269518801,0.0,160.0561679083435,3.1371008910035325,25.09680712802826,28.233908019031794,749.9095269518801,0.0,0.0,29.91306896230807,-0.0,0.0,6.473675233019911,5.463231155898858,0.0,335.4496830220795,8782.26155787864,9.610776124023444,9.85894800101479,50.0,12.131584940610965,2302.786376953125,12.131584940610965,86.13425307833785,86.13425307833785,0.0,0.0,5.208333333333333,0.36638087806051356,426.2167428145716,161.98924870566304,297.7384421213592,150.0,1.0,2.2726369395961754,0.0,1841.891450263865,490.345720613441,477.9665523066951,3279.88882223117,18.492250295061705,0.0,486.8727964637168,86.13425307833785,97.05267952488772,41.666666666666664,12.379168306745884,191703555.20905304,95824833.33333333,10.0,1.0,7.853981633974483,20.0,2.5,98.17477042468104,8782.26155787864,9.610776124023444,9.85894800101479,50.0,12.131584940610965,2302.786376953125,426.2167428145716,5.208333333333333,0.36638087806051356,161.98924870566304
685,0.570682,1.0,1,1051.134296619483,0.0,490.34572061344096,9.610776124023442,76.88620899218753,86.49698511621098,1079.5517121336757,0.0,28.41741551419267,0.0,0.0,0.0,0.0,5.463231155898858,0.0,337.7109567769777,8782.26155787864,9.610776124023444,9.85894800101479,50.0,12.131584940610965,2302.786376953125,12.131584940610965,86.13425307833785,86.13425307833785,0.0,0.0,5.208333333333333,0.36638087806051356,426.2167428145716,161.98924870566304,297.7384421213592,150.0,1.0,2.2726369395961754,0.0,1841.891450263865,490.345720613441,477.9665523066951,3279.88882223117,18.492250295061705,0.0,486.8727964637168,86.13425307833785,97.05267952488772,41.666666666666664,12.379168306745884,191703555.20905304,95824833.33333333,10.0,1.0,7.853981633974483,20.0,2.5,98.17477042468104,8782.26155787864,9.610776124023444,9.85894800101479,50.0,12.131584940610965,2302.786376953125,426.2167428145716,5.208333333333333,0.36638087806051356,161.98924870566304
686,0.7319690000000001,1.0,1,1348.2074429581912,0.0,490.345720613441,9.610776124023444,76.88620899218755,86.496985116211,1079.5517121336757,0.0,0.0,0.0,1.0,0.0,0.0,5.463231155898858,0.0,339.9722305318759,8782.26155787864,9.610776124023444,9.85894800101479,50.0,12.131584940610965,2302.786376953125,12.131584940610965,86.13425307833785,86.13425307833785,0.0,0.0,5.208333333333333,0.36638087806051356,426.2167428145716,161.98924870566304,297.7384421213592,150.0,1.0,2.2726369395961754,0.0,1841.891450263865,490.345720613441,477.9665523066951,3279.88882223117,18.492250295061705,0.0,486.8727964637168,86.13425307833785,97.05267952488772,41.666666666666664,12.379168306745884,191703555.20905304,95824833.33333333,10.0,1.0,7.853981633974483,20.0,2.5,98.17477042468104,8782.26155787864,9.610776124023444,9.85894800101479,50.0,12.131584940610965,2302.786376953125,426.2167428145716,5.208333333333333,0.36638087806051356,161.98924870566304
687,0.844847,1.0,1,1556.1164660810755,0.0,490.345720613441,9.610776124023444,76.88620899218755,86.496985116211,1079.5517121336757,0.0,0.0,0.0,1.0,0.0,0.0,5.463231155898858,0.0,342.23350428677406,8782.26155787864,9.610776124023444,9.85894800101479,50.0,12.131584940610965,2302.786376953125,12.131584940610965,86.13425307833785,86.13425307833785,0.0,0.0,5.208333333333333,0.36638087806051356,426.2167428145716,161.98924870566304,297.7384421213592,150.0,1.0,2.2726369395961754,0.0,1841.891450263865,490.345720613441,477.9665523066951,3279.88882223117,18.492250295061705,0.0,486.8727964637168,86.13425307833785,97.05267952488772,41.666666666666664,12.379168306745884,191703555.20905304,95824833.33333333,10.0,1.0,7.853981633974483,20.0,2.5,98.17477042468104,8782.26155787864,9.610776124023444,9.85894800101479,50.0,12.131584940610965,2302.786376953125,426.2167428145716,5.208333333333333,0.36638087806051356,161.98924870566304
688,0.913952,1.0,1,1683.4003747515599,0.0,490.345720613441,9.610776124023444,76.88620899218755,86.496985116211,1079.5517121336757,0.0,0.0,0.0,1.0,0.0,0.0,5.463231155898858,0.0,344.49477804167225,8782.26155787864,9.610776124023444,9.85894800101479,50.0,12.131584940610965,2302.786376953125,12.131584940610965,86.13425307833785,86.13425307833785,0.0,0.0,5.208333333333333,0.36638087806051356,426.2167428145716,161.98924870566304,297.7384421213592,150.0,1.0,2.2726369395961754,0.0,1841.891450263865,490.345720613441,477.9665523066951,3279.88882223117,18.492250295061705,0.0,486.8727964637168,86.13425307833785,97.05267952488772,41.666666666666664,12.379168306745884,191703555.20905304,95824833.33333333,10.0,1.0,7.853981633974483,20.0,2.5,98.17477042468104,8782.26155787864,9.610776124023444,9.85894800101479,50.0,12.131584940610965,2302.786376953125,426.2167428145716,5.208333333333333,0.36638087806051356,161.98924870566304
689,0.962609,1.0,1,1773.0212870470489,0.0,490.345720613441,9.610776124023444,76.88620899218755,86.496985116211,1079.5517121336757,0.0,0.0,0.0,1.0,0.0,0.0,5.463231155898858,0.0,346.7560517965705,8782.26155787864,9.610776124023444,9.85894800101479,50.0,12.131584940610965,2302.786376953125,12.131584940610965,86.13425307833785,86.13425307833785,0.0,0.0,5.208333333333333,0.36638087806051356,426.2167428145716,161.98924870566304,297.7384421213592,150.0,1.0,2.2726369395961754,0.0,1841.891450263865,490.345720613441,477.9665523066951,3279.88882223117,18.492250295061705,0.0,486.8727964637168,86.13425307833785,97.05267952488772,41.666666666666664,12.379168306745884,191703555.20905304,95824833.33333333,10.0,1.0,7.853981633974483,20.0,2.5,98.17477042468104,8782.26155787864,9.610776124023444,9.85894800101479,50.0,12.131584940610965,2302.786376953125,426.2167428145716,5.208333333333333,0.36638087806051356,161.98924870566304
690,0.986144,1.0,1,1816.3702023290089,0.0,490.345720613441,9.610776124023444,76.88620899218755,86.496985116211,1816.3702023290086,736.818490195333,0.0,699.9775656855663,1.0,0.0,0.0,5.463231155898858,0.0,349.0173255514687,8782.26155787864,9.610776124023444,9.85894800101479,50.0,12.131584940610965,2302.786376953125,12.131584940610965,86.13425307833785,86.13425307833785,0.0,0.0,5.208333333333333,0.36638087806051356,426.2167428145716,161.98924870566304,297.7384421213592,150.0,1.0,2.2726369395961754,0.0,1841.891450263865,490.345720613441,477.9665523066951,3279.88882223117,18.492250295061705,0.0,486.8727964637168,86.13425307833785,97.05267952488772,41.666666666666664,12.379168306745884,191703555.20905304,95824833.33333333,10.0,1.0,7.853981633974483,20.0,2.5,98.17477042468104,8782.26155787864,9.610776124023444,9.85894800101479,50.0,12.131584940610965,2302.786376953125,426.2167428145716,5.208333333333333,0.36638087806051356,161.98924870566304
691,0.989045,1.0,1,1821.713529426224,0.0,490.345720613441,9.610776124023444,76.88620899218755,86.496985116211,1079.5517121336757,0.0,0.0,699.9775656855663,1.0,0.0,0.0,5.463231155898858,0.0,351.27859930636686,8782.26155787864,9.610776124023444,9.85894800101479,50.0,12.131584940610965,2302.786376953125,12.131584940610965,86.13425307833785,86.13425307833785,0.0,0.0,5.208333333333333,0.36638087806051356,426.2167428145716,161.98924870566304,297.7384421213592,150.0,1.0,2.2726369395961754,0.0,1841.891450263865,490.345720613441,477.9665523066951,3279.88882223117,18.492250295061705,0.0,486.8727964637168,86.13425307833785,97.05267952488772,41.666666666666664,12.379168306745884,191703555.20905304,95824833.33333333,10.0,1.0,7.853981633974483,20.0,2.5,98.17477042468104,8782.26155787864,9.610776124023444,9.85894800101479,50.0,12.131584940610965,2302.786376953125,426.2167428145716,5.208333333333333,0.36638087806051356,161.98924870566304
692,0.988415,1.0,1,1820.5531378125581,0.0,490.345720613441,9.610776124023444,76.88620899218755,86.496985116211,1079.5517121336757,0.0,0.0,699.9775656855663,1.0,0.0,0.0,5.463231155898858,0.0,353.53987306126504,8782.26155787864,9.610776124023444,9.85894800101479,50.0,12.131584940610965,2302.786376953125,12.131584940610965,86.13425307833785,86.13425307833785,0.0,0.0,5.208333333333333,0.36638087806051356,426.2167428145716,161.98924870566304,297.7384421213592,150.0,1.0,2.2726369395961754,0.0,1841.891450263865,490.345720613441,477.9665523066951,3279.88882223117,18.492250295061705,0.0,486.8727964637168,86.13425307833785,97.05267952488772,41.666666666666664,12.379168306745884,191703555.20905304,95824833.33333333,10.0,1.0,7.853981633974483,20.0,2.5,98.17477042468104,8782.26155787864,9.610776124023444,9.85894800101479,50.0,12.131584940610965,2302.786376953125,426.2167428145716,5.208333333333333,0.36638087806051356,161.98924870566304
693,0.988231,1.0,1,1820.2142297857094,0.0,490.345720613441,9.610776124023444,76.88620899218755,86.496985116211,1079.5517121336757,0.0,0.0,699.9775656855663,1.0,0.0,0.0,5.463231155898858,0.0,355.8011468161633,8782.26155787864,9.610776124023444,9.85894800101479,50.0,12.131584940610965,2302.786376953125,12.131584940610965,86.13425307833785,86.13425307833785,0.0,0.0,5.208333333333333,0.36638087806051356,426.2167428145716,161.98924870566304,297.7384421213592,150.0,1.0,2.2726369395961754,0.0,1841.891450263865,490.345720613441,477.9665523066951,3279.88882223117,18.492250295061705,0.0,486.8727964637168,86.13425307833785,97.05267952488772,41.666666666666664,12.379168306745884,191703555.20905304,95824833.33333333,10.0,1.0,7.853981633974483,20.0,2.5,98.17477042468104,8782.26155787864,9.610776124023444,9.85894800101479,50.0,12.131584940610965,2302.786376953125,426.2167428145716,5.208333333333333,0.36638087806051356,161.98924870566304
694,0.987714,1.0,1,1819.261971905923,0.0,490.345720613441,9.610776124023444,76.88620899218755,86.496985116211,1819.2619719059228,739.7102597722471,0.0,1402.702312469201,1.0,0.0,0.0,5.463231155898858,0.0,358.06242057106147,8782.26155787864,9.610776124023444,9.85894800101479,50.0,12.131584940610965,2302.786376953125,12.131584940610965,86.13425307833785,86.13425307833785,0.0,0.0,5.208333333333333,0.36638087806051356,426.2167428145716,161.98924870566304,297.7384421213592,150.0,1.0,2.2726369395961754,0.0,1841.891450263865,490.345720613441,477.9665523066951,3279.88882223117,18.492250295061705,0.0,486.8727964637168,86.13425307833785,97.05267952488772,41.666666666666664,12.379168306745884,191703555.20905304,95824833.33333333,10.0,1.0,7.853981633974483,20.0,2.5,98.17477042468104,8782.26155787864,9.610776124023444,9.85894800101479,50.0,12.131584940610965,2302.786376953125,426.2167428145716,5.208333333333333,0.36638087806051356,161.98924870566304
695,0.987215,1.0,1,1818.3428680722413,0.0,490.345720613441,9.610776124023444,76.88620899218755,86.496985116211,1818.3428680722411,738.7911559385655,0.0,2104.553910610838,1.0,0.0,0.0,5.463231155898858,0.0,360.32369432595965,8782.26155787864,9.610776124023444,9.85894800101479,50.0,12.131584940610965,2302.786376953125,12.131584940610965,86.13425307833785,86.13425307833785,0.0,0.0,5.208333333333333,0.36638087806051356,426.2167428145716,161.98924870566304,297.7384421213592,150.0,1.0,2.2726369395961754,0.0,1841.891450263865,490.345720613441,477.9665523066951,3279.88882223117,18.492250295061705,0.0,486.8727964637168,86.13425307833785,97.05267952488772,41.666666666666664,12.379168306745884,191703555.20905304,95824833.33333333,10.0,1.0,7.853981633974483,20.0,2.5,98.17477042468104,8782.26155787864,9.610776124023444,9.85894800101479,50.0,12.131584940610965,2302.786376953125,426.2167428145716,5.208333333333333,0.36638087806051356,161.98924870566304
696,0.527632,1.0,1,971.8408696856236,0.0,490.345720613441,9.610776124023444,76.88620899218755,86.496985116211,1079.5517121336757,0.0,107.71084244805206,1991.1740764549938,1.0,0.0,0.0,5.463231155898858,0.0,362.58496808085783,8782.26155787864,9.610776124023444,9.85894800101479,50.0,12.131584940610965,2302.786376953125,12.131584940610965,86.13425307833785,86.13425307833785,0.0,0.0,5.208333333333333,0.36638087806051356,426.2167428145716,161.98924870566304,297.7384421213592,150.0,1.0,2.2726369395961754,0.0,1841.891450263865,490.345720613441,477.9665523066951,3279.88882223117,18.492250295061705,0.0,486.8727964637168,86.13425307833785,97.05267952488772,41.666666666666664,12.379168306745884,191703555.20905304,95824833.33333333,10.0,1.0,7.853981633974483,20.0,2.5,98.17477042468104,8782.26155787864,9.610776124023444,9.85894800101479,50.0,12.131584940610965,2302.786376953125,426.2167428145716,5.208333333333333,0.36638087806051356,161.98924870566304
697,0.564523,1.0,1,1039.790087177308,0.0,490.345720613441,9.610776124023444,76.88620899218755,86.496985116211,1079.5517121336757,0.0,394.2499821712236,1576.1740952221269,1.0,0.0,0.0,5.463231155898858,0.0,364.8462418357561,8782.26155787864,9.610776124023444,9.85894800101479,50.0,12.131584940610965,2302.786376953125,12.131584940610965,86.13425307833785,86.13425307833785,0.0,0.0,5.208333333333333,0.36638087806051356,426.2167428145716,161.98924870566304,297.7384421213592,150.0,1.0,2.2726369395961754,0.0,1841.891450263865,490.345720613441,477.9665523066951,3279.88882223117,18.492250295061705,0.0,486.8727964637168,86.13425307833785,97.05267952488772,41.666666666666664,12.379168306745884,191703555.20905304,95824833.33333333,10.0,1.0,7.853981633974483,20.0,2.5,98.17477042468104,8782.26155787864,9.610776124023444,9.85894800101479,50.0,12.131584940610965,2302.786376953125,426.2167428145716,5.208333333333333,0.36638087806051356,161.98924870566304
698,0.611274,1.0,1,1125.9003543685938,0.0,490.345720613441,9.610776124023444,76.88620899218755,86.496985116211,1079.5517121336757,0.0,0.0,1576.1740952221269,1.0,0.0,0.0,5.463231155898858,0.0,367.10751559065426,8782.26155787864,9.610776124023444,9.85894800101479,50.0,12.131584940610965,2302.786376953125,12.131584940610965,86.13425307833785,86.13425307833785,0.0,0.0,5.208333333333333,0.36638087806051356,426.2167428145716,161.98924870566304,297.7384421213592,150.0,1.0,2.2726369395961754,0.0,1841.891450263865,490.345720613441,477.9665523066951,3279.88882223117,18.492250295061705,0.0,486.8727964637168,86.13425307833785,97.05267952488772,41.666666666666664,12.379168306745884,191703555.20905304,95824833.33333333,10.0,1.0,7.853981633974483,20.0,2.5,98.17477042468104,8782.26155787864,9.610776124023444,9.85894800101479,50.0,12.131584940610965,2302.786376953125,426.2167428145716,5.208333333333333,0.36638087806051356,161.98924870566304
699,0.6513909999999999,1.0,1,1199.7915136788292,0.0,490.345720613441,9.610776124023444,76.88620899218755,86.496985116211,1079.5517121336757,0.0,0.0,1576.1740952221269,1.0,0.0,0.0,5.463231155898858,0.0,369.36878934555244,8782.26155787864,9.610776124023444,9.85894800101479,50.0,12.131584940610965,2302.786376953125,12.131584940610965,86.13425307833785,86.13425307833785,0.0,0.0,5.208333333333333,0.36638087806051356,426.2167428145716,161.98924870566304,297.7384421213592,150.0,1.0,2.2726369395961754,0.0,1841.891450263865,490.345720613441,477.9665523066951,3279.88882223117,18.492250295061705,0.0,486.8727964637168,86.13425307833785,97.05267952488772,41.666666666666664,12.379168306745884,191703555.20905304,95824833.33333333,10.0,1.0,7.853981633974483,20.0,2.5,98.17477042468104,8782.26155787864,9.610776124023444,9.85894800101479,50.0,12.131584940610965,2302.786376953125,426.2167428145716,5.208333333333333,0.36638087806051356,161.98924870566304
700,0.6892,1.0,1,1269.4315875218558,0.0,490.345720613441,9.610776124023444,76.88620899218755,86.496985116211,1269.4315875218558,189.87987538818004,0.0,1756.559976840898,1.0,0.0,0.0,5.463231155898858,0.0,371.6300631004506,8782.26155787864,9.610776124023444,9.85894800101479,50.0,12.131584940610965,2302.786376953125,12.131584940610965,86.13425307833785,86.13425307833785,0.0,0.0,5.208333333333333,0.36638087806051356,426.2167428145716,161.98924870566304,297.7384421213592,150.0,1.0,2.2726369395961754,0.0,1841.891450263865,490.345720613441,477.9665523066951,3279.88882223117,18.492250295061705,0.0,486.8727964637168,86.13425307833785,97.05267952488772,41.666666666666664,12.379168306745884,191703555.20905304,95824833.33333333,10.0,1.0,7.853981633974483,20.0,2.5,98.17477042468104,8782.26155787864,9.610776124023444,9.85894800101479,50.0,12.131584940610965,2302.786376953125,426.2167428145716,5.208333333333333,0.36638087806051356,161.98924870566304
701,0.7184579999999999,1.0,1,1323.3216475736758,0.0,490.345720613441,9.610776124023444,76.88620899218755,86.496985116211,1323.3216475736758,243.76993544000004,0.0,1988.1414155088978,1.0,0.0,0.0,5.463231155898858,0.0,373.89133685534887,8782.26155787864,9.610776124023444,9.85894800101479,50.0,12.131584940610965,2302.786376953125,12.131584940610965,86.13425307833785,86.13425307833785,0.0,0.0,5.208333333333333,0.36638087806051356,426.2167428145716,161.98924870566304,297.7384421213592,150.0,1.0,2.2726369395961754,0.0,1841.891450263865,490.345720613441,477.9665523066951,3279.88882223117,18.492250295061705,0.0,486.8727964637168,86.13425307833785,97.05267952488772,41.666666666666664,12.379168306745884,191703555.20905304,95824833.33333333,10.0,1.0,7.853981633974483,20.0,2.5,98.17477042468104,8782.26155787864,9.610776124023444,9.85894800101479,50.0,12.131584940610965,2302.786376953125,426.2167428145716,5.208333333333333,0.36638087806051356,161.98924870566304
702,0.769473,1.0,1,1417.2857399088869,0.0,490.345720613441,9.610776124023444,76.88620899218755,86.496985116211,1417.285739908887,337.7340277752113,0.0,2308.9887418953485,1.0,0.0,0.0,5.463231155898858,0.0,376.15261061024705,8782.26155787864,9.610776124023444,9.85894800101479,50.0,12.131584940610965,2302.786376953125,12.131584940610965,86.13425307833785,86.13425307833785,0.0,0.0,5.208333333333333,0.36638087806051356,426.2167428145716,161.98924870566304,297.7384421213592,150.0,1.0,2.2726369395961754,0.0,1841.891450263865,490.345720613441,477.9665523066951,3279.88882223117,18.492250295061705,0.0,486.8727964637168,86.13425307833785,97.05267952488772,41.666666666666664,12.379168306745884,191703555.20905304,95824833.33333333,10.0,1.0,7.853981633974483,20.0,2.5,98.17477042468104,8782.26155787864,9.610776124023444,9.85894800101479,50.0,12.131584940610965,2302.786376953125,426.2167428145716,5.208333333333333,0.36638087806051356,161.98924870566304
703,0.785328,1.0,1,1446.4889288528207,0.0,490.345720613441,9.610776124023444,76.88620899218755,86.496985116211,1446.4889288528207,366.9372167191449,0.0,2657.5790977785364,1.0,0.0,0.0,5.463231155898858,0.0,378.41388436514524,8782.26155787864,9.610776124023444,9.85894800101479,50.0,12.131584940610965,2302.786376953125,12.131584940610965,86.13425307833785,86.13425307833785,0.0,0.0,5.208333333333333,0.36638087806051356,426.2167428145716,161.98924870566304,297.7384421213592,150.0,1.0,2.2726369395961754,0.0,1841.891450263865,490.345720613441,477.9665523066951,3279.88882223117,18.492250295061705,0.0,486.8727964637168,86.13425307833785,97.05267952488772,41.666666666666664,12.379168306745884,191703555.20905304,95824833.33333333,10.0,1.0,7.853981633974483,20.0,2.5,98.17477042468104,8782.26155787864,9.610776124023444,9.85894800101479,50.0,12.131584940610965,2302.786376953125,426.2167428145716,5.208333333333333,0.36638087806051356,161.98924870566304
704,0.7791079999999999,1.0,1,1435.0323640321792,0.0,490.345720613441,9.610776124023444,76.88620899218755,86.496985116211,1079.5517121336757,0.0,0.0,2657.5790977785364,1.0,0.0,0.0,5.463231155898858,0.0,380.6751581200434,8782.26155787864,9.610776124023444,9.85894800101479,50.0,12.131584940610965,2302.786376953125,12.131584940610965,86.13425307833785,86.13425307833785,0.0,0.0,5.208333333333333,0.36638087806051356,426.2167428145716,161.98924870566304,297.7384421213592,150.0,1.0,2.2726369395961754,0.0,1841.891450263865,490.345720613441,477.9665523066951,3279.88882223117,18.492250295061705,0.0,486.8727964637168,86.13425307833785,97.05267952488772,41.666666666666664,12.379168306745884,191703555.20905304,95824833.33333333,10.0,1.0,7.853981633974483,20.0,2.5,98.17477042468104,8782.26155787864,9.610776124023444,9.85894800101479,50.0,12.131584940610965,2302.786376953125,426.2167428145716,5.208333333333333,0.36638087806051356,161.98924870566304
705,0.750294,1.0,1,1381.9601037842763,0.0,490.345720613441,9.610776124023444,76.88620899218755,86.496985116211,1381.9601037842763,302.4083916506005,0.0,2944.8670698466067,1.0,0.0,0.0,5.463231155898858,0.0,382.9364318749416,8782.26155787864,9.610776124023444,9.85894800101479,50.0,12.131584940610965,2302.786376953125,12.131584940610965,86.13425307833785,86.13425307833785,0.0,0.0,5.208333333333333,0.36638087806051356,426.2167428145716,161.98924870566304,297.7384421213592,150.0,1.0,2.2726369395961754,0.0,1841.891450263865,490.345720613441,477.9665523066951,3279.88882223117,18.492250295061705,0.0,486.8727964637168,86.13425307833785,97.05267952488772,41.666666666666664,12.379168306745884,191703555.20905304,95824833.33333333,10.0,1.0,7.853981633974483,20.0,2.5,98.17477042468104,8782.26155787864,9.610776124023444,9.85894800101479,50.0,12.131584940610965,2302.786376953125,426.2167428145716,5.208333333333333,0.36638087806051356,161.98924870566304
706,0.708678,1.0,1,1305.3079491900953,0.0,490.345720613441,9.610776124023444,76.88620899218755,86.496985116211,1305.3079491900953,225.75623705641954,0.0,3159.3354950502053,1.0,0.0,0.0,5.463231155898858,0.0,385.1977056298398,8782.26155787864,9.610776124023444,9.85894800101479,50.0,12.131584940610965,2302.786376953125,12.131584940610965,86.13425307833785,86.13425307833785,0.0,0.0,5.208333333333333,0.36638087806051356,426.2167428145716,161.98924870566304,297.7384421213592,150.0,1.0,2.2726369395961754,0.0,1841.891450263865,490.345720613441,477.9665523066951,3279.88882223117,18.492250295061705,0.0,486.8727964637168,86.13425307833785,97.05267952488772,41.666666666666664,12.379168306745884,191703555.20905304,95824833.33333333,10.0,1.0,7.853981633974483,20.0,2.5,98.17477042468104,8782.26155787864,9.610776124023444,9.85894800101479,50.0,12.131584940610965,2302.786376953125,426.2167428145716,5.208333333333333,0.36638087806051356,161.98924870566304
707,0.655006,1.0,1,1206.449951271533,0.0,490.345720613441,9.610776124023444,76.88620899218755,86.496985116211,1206.4499512715333,126.89823913785756,0.0,3279.88882223117,1.0,0.0,0.0,5.463231155898858,0.0,387.458979384738,8782.26155787864,9.610776124023444,9.85894800101479,50.0,12.131584940610965,2302.786376953125,12.131584940610965,86.13425307833785,86.13425307833785,0.0,0.0,5.208333333333333,0.36638087806051356,426.2167428145716,161.98924870566304,297.7384421213592,150.0,1.0,2.2726369395961754,0.0,1841.891450263865,490.345720613441,477.9665523066951,3279.88882223117,18.492250295061705,0.0,486.8727964637168,86.13425307833785,97.05267952488772,41.666666666666664,12.379168306745884,191703555.20905304,95824833.33333333,10.0,1.0,7.853981633974483,20.0,2.5,98.17477042468104,8782.26155787864,9.610776124023444,9.85894800101479,50.0,12.131584940610965,2302.786376953125,426.2167428145716,5.208333333333333,0.36638087806051356,161.98924870566304
708,0.579012,1.0,1,1066.477252400181,0.0,490.345720613441,9.610776124023444,76.88620899218755,86.496985116211,1079.5517121336757,0.0,13.074459733494677,3266.126233038017,1.0,0.0,0.0,5.463231155898858,0.0,389.72025313963616,8782.26155787864,9.610776124023444,9.85894800101479,50.0,12.131584940610965,2302.786376953125,12.131584940610965,86.13425307833785,86.13425307833785,0.0,0.0,5.208333333333333,0.36638087806051356,426.2167428145716,161.98924870566304,297.7384421213592,150.0,1.0,2.2726369395961754,0.0,1841.891450263865,490.345720613441,477.9665523066951,3279.88882223117,18.492250295061705,0.0,486.8727964637168,86.13425307833785,97.05267952488772,41.666666666666664,12.379168306745884,191703555.20905304,95824833.33333333,10.0,1.0,7.853981633974483,20.0,2.5,98.17477042468104,8782.26155787864,9.610776124023444,9.85894800101479,50.0,12.131584940610965,2302.786376953125,426.2167428145716,5.208333333333333,0.36638087806051356,161.98924870566304
709,0.475761,1.0,1,876.3001182689866,0.0,490.345720613441,9.610776124023444,76.88620899218755,86.496985116211,1079.5517121336757,0.0,203.25159386468908,3052.17718686466,-0.0,0.0,0.0,5.463231155898858,0.0,391.9815268945344,8782.26155787864,9.610776124023444,9.85894800101479,50.0,12.131584940610965,2302.786376953125,12.131584940610965,86.13425307833785,86.13425307833785,0.0,0.0,5.208333333333333,0.36638087806051356,426.2167428145716,161.98924870566304,297.7384421213592,150.0,1.0,2.2726369395961754,0.0,1841.891450263865,490.345720613441,477.9665523066951,3279.88882223117,18.492250295061705,0.0,486.8727964637168,86.13425307833785,97.05267952488772,41.666666666666664,12.379168306745884,191703555.20905304,95824833.33333333,10.0,1.0,7.853981633974483,20.0,2.5,98.17477042468104,8782.26155787864,9.610776124023444,9.85894800101479,50.0,12.131584940610965,2302.786376953125,426.2167428145716,5.208333333333333,0.36638087806051356,161.98924870566304
710,0.388671,1.0,1,715.8897918655066,0.0,490.345720613441,9.610776124023444,76.88620899218755,86.496985116211,1079.5517121336757,0.0,363.66192026816907,2669.3751655297456,-0.0,0.0,0.0,5.463231155898858,0.0,394.2428006494326,8782.26155787864,9.610776124023444,9.85894800101479,50.0,12.131584940610965,2302.786376953125,12.131584940610965,86.13425307833785,86.13425307833785,0.0,0.0,5.208333333333333,0.36638087806051356,426.2167428145716,161.98924870566304,297.7384421213592,150.0,1.0,2.2726369395961754,0.0,1841.891450263865,490.345720613441,477.9665523066951,3279.88882223117,18.492250295061705,0.0,486.8727964637168,86.13425307833785,97.05267952488772,41.666666666666664,12.379168306745884,191703555.20905304,95824833.33333333,10.0,1.0,7.853981633974483,20.0,2.5,98.17477042468104,8782.26155787864,9.610776124023444,9.85894800101479,50.0,12.131584940610965,2302.786376953125,426.2167428145716,5.208333333333333,0.36638087806051356,161.98924870566304
711,0.330241,1.0,1,608.268074426589,0.0,283.42779672870876,5.555184815882692,44.441478527061534,49.996663342944224,873.0393473797575,0.0,264.7712729531685,2390.6685624211473,-0.0,0.0,4.055591308140752,1.324872678204212,0.0,396.50407440433077,8782.26155787864,9.610776124023444,9.85894800101479,50.0,12.131584940610965,2302.786376953125,12.131584940610965,86.13425307833785,86.13425307833785,0.0,0.0,5.208333333333333,0.36638087806051356,426.2167428145716,161.98924870566304,297.7384421213592,150.0,1.0,2.2726369395961754,0.0,1841.891450263865,490.345720613441,477.9665523066951,3279.88882223117,18.492250295061705,0.0,486.8727964637168,86.13425307833785,97.05267952488772,41.666666666666664,12.379168306745884,191703555.20905304,95824833.33333333,10.0,1.0,7.853981633974483,20.0,2.5,98.17477042468104,8782.26155787864,9.610776124023444,9.85894800101479,50.0,12.131584940610965,2302.786376953125,426.2167428145716,5.208333333333333,0.36638087806051356,161.98924870566304
712,0.27793,1.0,1,511.916890771836,0.0,490.345720613441,9.610776124023444,76.88620899218755,86.496985116211,1079.5517121336757,0.0,567.6348213618396,1793.1582241455278,-0.0,0.0,0.0,1.324872678204212,0.0,398.76534815922895,8782.26155787864,9.610776124023444,9.85894800101479,50.0,12.131584940610965,2302.786376953125,12.131584940610965,86.13425307833785,86.13425307833785,0.0,0.0,5.208333333333333,0.36638087806051356,426.2167428145716,161.98924870566304,297.7384421213592,150.0,1.0,2.2726369395961754,0.0,1841.891450263865,490.345720613441,477.9665523066951,3279.88882223117,18.492250295061705,0.0,486.8727964637168,86.13425307833785,97.05267952488772,41.666666666666664,12.379168306745884,191703555.20905304,95824833.33333333,10.0,1.0,7.853981633974483,20.0,2.5,98.17477042468104,8782.26155787864,9.610776124023444,9.85894800101479,50.0,12.131584940610965,2302.786376953125,426.2167428145716,5.208333333333333,0.36638087806051356,161.98924870566304
713,0.219208,1.0,1,403.7573410294413,0.0,490.345720613441,9.610776124023444,76.88620899218755,86.496985116211,1079.5517121336757,0.0,675.7943711042344,1081.7957282463337,-0.0,0.0,0.0,1.324872678204212,0.0,401.02662191412713,8782.26155787864,9.610776124023444,9.85894800101479,50.0,12.131584940610965,2302.786376953125,12.131584940610965,86.13425307833785,86.13425307833785,0.0,0.0,5.208333333333333,0.36638087806051356,426.2167428145716,161.98924870566304,297.7384421213592,150.0,1.0,2.2726369395961754,0.0,1841.891450263865,490.345720613441,477.9665523066951,3279.88882223117,18.492250295061705,0.0,486.8727964637168,86.13425307833785,97.05267952488772,41.666666666666664,12.379168306745884,191703555.20905304,95824833.33333333,10.0,1.0,7.853981633974483,20.0,2.5,98.17477042468104,8782.26155787864,9.610776124023444,9.85894800101479,50.0,12.131584940610965,2302.786376953125,426.2167428145716,5.208333333333333,0.36638087806051356,161.98924870566304
714,0.173352,-0.0,1,319.2955666861415,0.0,150.41023670176912,2.9480406393546748,23.584325114837398,26.53236575419207,319.2955666861415,0.0,0.0,1081.7957282463337,1.0,2.9480406393546748,0.0,4.213952504771793,0.0,391.118131460846,0.0,0.0,9.85894800101479,50.0,0.0,0.0,0.0,0.0,0.0,0.0,0.0,5.208333333333333,0.36638087806051356,0.0,161.98924870566304,9080.0,150.0,0.0,0.0,9.858948001014781,1841.891450263865,490.345720613441,477.9665523066951,3279.88882223117,18.492250295061705,0.0,486.8727964637168,86.13425307833785,97.05267952488772,41.666666666666664,12.379168306745884,191703555.20905304,95824833.33333333,10.0,1.0,7.853981633974483,20.0,2.5,98.17477042468104,8782.26155787864,9.610776124023444,9.85894800101479,50.0,12.131584940610965,2302.786376953125,426.2167428145716,5.208333333333333,0.36638087806051356,161.98924870566304
715,0.150115,-0.0,1,276.4955350563601,0.0,109.22467893639055,2.1408037071532546,17.126429657226037,19.26723336437929,276.4955350563601,0.0,0.0,1081.7957282463337,1.0,2.1408037071532546,0.0,6.311940137781983,0.0,381.20964100756476,0.0,0.0,9.85894800101479,50.0,0.0,0.0,0.0,0.0,0.0,0.0,0.0,5.208333333333333,0.36638087806051356,0.0,161.98924870566304,9080.0,150.0,-0.0,0.0,9.85894800101479,1841.891450263865,490.345720613441,477.9665523066951,3279.88882223117,18.492250295061705,0.0,486.8727964637168,86.13425307833785,97.05267952488772,41.666666666666664,12.379168306745884,191703555.20905304,95824833.33333333,10.0,1.0,7.853981633974483,20.0,2.5,98.17477042468104,8782.26155787864,9.610776124023444,9.85894800101479,50.0,12.131584940610965,2302.786376953125,426.2167428145716,5.208333333333333,0.36638087806051356,161.98924870566304
716,0.120644,-0.0,1,222.2131521256337,0.0,56.98989936486785,1.1170020275514099,8.936016220411279,10.053018247962688,222.2131521256337,0.0,0.0,1081.7957282463337,1.0,1.1170020275514099,0.0,7.406602124782364,0.0,371.30115055428354,0.0,0.0,9.85894800101479,50.0,0.0,0.0,0.0,0.0,0.0,0.0,0.0,5.208333333333333,0.36638087806051356,0.0,161.98924870566304,9080.0,150.0,-0.0,0.0,9.85894800101479,1841.891450263865,490.345720613441,477.9665523066951,3279.88882223117,18.492250295061705,0.0,486.8727964637168,86.13425307833785,97.05267952488772,41.666666666666664,12.379168306745884,191703555.20905304,95824833.33333333,10.0,1.0,7.853981633974483,20.0,2.5,98.17477042468104,8782.26155787864,9.610776124023444,9.85894800101479,50.0,12.131584940610965,2302.786376953125,426.2167428145716,5.208333333333333,0.36638087806051356,161.98924870566304
717,0.087505,-0.0,1,161.1747113553395,0.0,0.0,0.0,0.0,0.0,162.98924870566304,0.0,1.814537350323527,1079.8856889302037,1.0,0.0,0.0,7.406602124782365,0.0,361.3926601010023,0.0,0.0,9.85894800101479,50.0,0.0,0.0,0.0,0.0,0.0,0.0,0.0,5.208333333333333,0.36638087806051356,0.0,161.98924870566304,9080.0,150.0,-0.0,0.0,9.85894800101479,1841.891450263865,490.345720613441,477.9665523066951,3279.88882223117,18.492250295061705,0.0,486.8727964637168,86.13425307833785,97.05267952488772,41.666666666666664,12.379168306745884,191703555.20905304,95824833.33333333,10.0,1.0,7.853981633974483,20.0,2.5,98.17477042468104,8782.26155787864,9.610776124023444,9.85894800101479,50.0,12.131584940610965,2302.786376953125,426.2167428145716,5.208333333333333,0.36638087806051356,161.98924870566304
718,0.0766299999999999,-0.0,1,141.1441418337198,0.0,0.0,0.0,0.0,0.0,162.98924870566304,0.0,21.845106871943244,1056.890839591316,-0.0,0.0,0.0,7.406602124782365,0.0,351.4841696477212,0.0,0.0,9.85894800101479,50.0,0.0,0.0,0.0,0.0,0.0,0.0,0.0,5.208333333333333,0.36638087806051356,0.0,161.98924870566304,9080.0,150.0,0.0,0.0,9.85894800101477,1841.891450263865,490.345720613441,477.9665523066951,3279.88882223117,18.492250295061705,0.0,486.8727964637168,86.13425307833785,97.05267952488772,41.666666666666664,12.379168306745884,191703555.20905304,95824833.33333333,10.0,1.0,7.853981633974483,20.0,2.5,98.17477042468104,8782.26155787864,9.610776124023444,9.85894800101479,50.0,12.131584940610965,2302.786376953125,426.2167428145716,5.208333333333333,0.36638087806051356,161.98924870566304
719,0.093744,-0.0,1,172.66627211353574,0.0,9.311993271624942,0.18251506812384885,1.4601205449907908,1.6426356131146396,172.66627211353568,0.0,0.0,1056.890839591316,1.0,0.18251506812384885,0.0,7.58546689154371,0.0,341.57567919444,0.0,0.0,9.85894800101479,50.0,0.0,0.0,0.0,0.0,0.0,0.0,0.0,5.208333333333333,0.36638087806051356,0.0,161.98924870566304,9080.0,150.0,-0.0,0.0,9.85894800101479,1841.891450263865,490.345720613441,477.9665523066951,3279.88882223117,18.492250295061705,0.0,486.8727964637168,86.13425307833785,97.05267952488772,41.666666666666664,12.379168306745884,191703555.20905304,95824833.33333333,10.0,1.0,7.853981633974483,20.0,2.5,98.17477042468104,8782.26155787864,9.610776124023444,9.85894800101479,50.0,12.131584940610965,2302.786376953125,426.2167428145716,5.208333333333333,0.36638087806051356,161.98924870566304
720,0.5423709999999999,1.0,1,998.9885077710626,0.0,409.6243022708765,8.02863632450918,64.22909059607343,72.25772692058261,998.9885077710625,0.0,0.0,1056.890839591316,-0.0,0.0,1.5821397995142643,5.97103852469242,0.0,343.8369529493382,8782.26155787864,9.610776124023444,9.85894800101479,50.0,12.131584940610965,2302.786376953125,12.131584940610965,86.13425307833785,86.13425307833785,0.0,0.0,5.208333333333333,0.36638087806051356,426.2167428145716,161.98924870566304,297.7384421213592,150.0,1.0,2.2726369395961754,0.0,1841.891450263865,490.345720613441,477.9665523066951,3279.88882223117,18.492250295061705,0.0,486.8727964637168,86.13425307833785,97.05267952488772,41.666666666666664,12.379168306745884,191703555.20905304,95824833.33333333,10.0,1.0,7.853981633974483,20.0,2.5,98.17477042468104,8782.26155787864,9.610776124023444,9.85894800101479,50.0,12.131584940610965,2302.786376953125,426.2167428145716,5.208333333333333,0.36638087806051356,161.98924870566304
721,0.53572,1.0,1,986.7380877353577,0.0,397.3498242582669,7.788056555462031,62.30445244369625,70.09250899915828,986.7380877353578,0.0,0.0,1056.890839591316,-0.0,0.0,1.8227195685614128,4.111120597588938,0.0,346.09822670423637,8782.26155787864,9.610776124023444,9.85894800101479,50.0,12.131584940610965,2302.786376953125,12.131584940610965,86.13425307833785,86.13425307833785,0.0,0.0,5.208333333333333,0.36638087806051356,426.2167428145716,161.98924870566304,297.7384421213592,150.0,1.0,2.2726369395961754,0.0,1841.891450263865,490.345720613441,477.9665523066951,3279.88882223117,18.492250295061705,0.0,486.8727964637168,86.13425307833785,97.05267952488772,41.666666666666664,12.379168306745884,191703555.20905304,95824833.33333333,10.0,1.0,7.853981633974483,20.0,2.5,98.17477042468104,8782.26155787864,9.610776124023444,9.85894800101479,50.0,12.131584940610965,2302.786376953125,426.2167428145716,5.208333333333333,0.36638087806051356,161.98924870566304
722,0.530442,1.0,1,977.016584660865,0.0,387.60922961827976,7.597140900518283,60.77712720414626,68.37426810466454,977.016584660865,0.0,0.0,1056.890839591316,-0.0,0.0,2.01363522350516,2.0563907776857135,0.0,348.3595004591346,8782.26155787864,9.610776124023444,9.85894800101479,50.0,12.131584940610965,2302.786376953125,12.131584940610965,86.13425307833785,86.13425307833785,0.0,0.0,5.208333333333333,0.36638087806051356,426.2167428145716,161.98924870566304,297.7384421213592,150.0,1.0,2.2726369395961754,0.0,1841.891450263865,490.345720613441,477.9665523066951,3279.88882223117,18.492250295061705,0.0,486.8727964637168,86.13425307833785,97.05267952488772,41.666666666666664,12.379168306745884,191703555.20905304,95824833.33333333,10.0,1.0,7.853981633974483,20.0,2.5,98.17477042468104,8782.26155787864,9.610776124023444,9.85894800101479,50.0,12.131584940610965,2302.786376953125,426.2167428145716,5.208333333333333,0.36638087806051356,161.98924870566304
723,0.530397,1.0,1,976.9336995456032,0.0,387.5261817291553,7.595513161891444,60.76410529513155,68.35961845702299,976.9336995456032,0.0,0.0,1056.890839591316,-0.0,0.0,2.0152629621319993,0.0,0.0,350.6207742140328,8782.26155787864,9.610776124023444,9.85894800101479,50.0,12.131584940610965,2302.786376953125,12.131584940610965,86.13425307833785,86.13425307833785,0.0,0.0,5.208333333333333,0.36638087806051356,426.2167428145716,161.98924870566304,297.7384421213592,150.0,1.0,2.2726369395961754,0.0,1841.891450263865,490.345720613441,477.9665523066951,3279.88882223117,18.492250295061705,0.0,486.8727964637168,86.13425307833785,97.05267952488772,41.666666666666664,12.379168306745884,191703555.20905304,95824833.33333333,10.0,1.0,7.853981633974483,20.0,2.5,98.17477042468104,8782.26155787864,9.610776124023444,9.85894800101479,50.0,12.131584940610965,2302.786376953125,426.2167428145716,5.208333333333333,0.36638087806051356,161.98924870566304
724,0.5450389999999999,-0.0,1,1003.9026741603666,0.0,490.345720613441,9.610776124023444,76.88620899218755,86.496985116211,1003.9026741603666,331.34615259321566,0.0,1371.6696845548709,1.0,9.610776124023444,0.0,9.418560601542975,0.0,340.7122837607516,0.0,0.0,9.85894800101479,50.0,0.0,0.0,0.0,0.0,0.0,0.0,0.0,5.208333333333333,0.36638087806051356,0.0,161.98924870566304,9080.0,150.0,-0.0,0.0,9.85894800101479,1841.891450263865,490.345720613441,477.9665523066951,3279.88882223117,18.492250295061705,0.0,486.8727964637168,86.13425307833785,97.05267952488772,41.666666666666664,12.379168306745884,191703555.20905304,95824833.33333333,10.0,1.0,7.853981633974483,20.0,2.5,98.17477042468104,8782.26155787864,9.610776124023444,9.85894800101479,50.0,12.131584940610965,2302.786376953125,426.2167428145716,5.208333333333333,0.36638087806051356,161.98924870566304
725,0.5596169999999999,-0.0,1,1030.7537677223131,0.0,472.3911752144276,9.258867034202781,74.07093627362225,83.32980330782503,1030.7537677223131,376.85560973381683,0.0,1729.6825138019972,1.0,9.258867034202781,0.0,18.492250295061705,0.0,330.8037933074711,0.0,0.0,9.85894800101479,50.0,0.0,0.0,0.0,0.0,0.0,0.0,0.0,5.208333333333333,0.36638087806051356,0.0,161.98924870566304,9080.0,150.0,0.0,0.0,9.85894800101477,1841.891450263865,490.345720613441,477.9665523066951,3279.88882223117,18.492250295061705,0.0,486.8727964637168,86.13425307833785,97.05267952488772,41.666666666666664,12.379168306745884,191703555.20905304,95824833.33333333,10.0,1.0,7.853981633974483,20.0,2.5,98.17477042468104,8782.26155787864,9.610776124023444,9.85894800101479,50.0,12.131584940610965,2302.786376953125,426.2167428145716,5.208333333333333,0.36638087806051356,161.98924870566304
726,0.559455,1.0,1,1030.4553813073705,0.0,490.345720613441,9.610776124023444,76.88620899218755,86.496985116211,1079.5517121336757,0.0,49.09633082630512,1678.0021655637809,-0.0,0.0,0.0,18.492250295061705,0.0,333.0650670623693,8782.26155787864,9.610776124023444,9.85894800101479,50.0,12.131584940610965,2302.786376953125,12.131584940610965,86.13425307833785,86.13425307833785,0.0,0.0,5.208333333333333,0.36638087806051356,426.2167428145716,161.98924870566304,297.7384421213592,150.0,1.0,2.2726369395961754,0.0,1841.891450263865,490.345720613441,477.9665523066951,3279.88882223117,18.492250295061705,0.0,486.8727964637168,86.13425307833785,97.05267952488772,41.666666666666664,12.379168306745884,191703555.20905304,95824833.33333333,10.0,1.0,7.853981633974483,20.0,2.5,98.17477042468104,8782.26155787864,9.610776124023444,9.85894800101479,50.0,12.131584940610965,2302.786376953125,426.2167428145716,5.208333333333333,0.36638087806051356,161.98924870566304
727,0.554332,1.0,1,1021.0193714076689,0.0,431.6984312001843,8.461289251523612,67.69031401218889,76.1516032637125,1021.0193714076689,0.0,0.0,1678.0021655637809,-0.0,0.0,1.1494868724998317,17.31930450679657,0.0,335.32634081726746,8782.26155787864,9.610776124023444,9.85894800101479,50.0,12.131584940610965,2302.786376953125,12.131584940610965,86.13425307833785,86.13425307833785,0.0,0.0,5.208333333333333,0.36638087806051356,426.2167428145716,161.98924870566304,297.7384421213592,150.0,1.0,2.2726369395961754,0.0,1841.891450263865,490.345720613441,477.9665523066951,3279.88882223117,18.492250295061705,0.0,486.8727964637168,86.13425307833785,97.05267952488772,41.666666666666664,12.379168306745884,191703555.20905304,95824833.33333333,10.0,1.0,7.853981633974483,20.0,2.5,98.17477042468104,8782.26155787864,9.610776124023444,9.85894800101479,50.0,12.131584940610965,2302.786376953125,426.2167428145716,5.208333333333333,0.36638087806051356,161.98924870566304
728,0.5516749999999999,1.0,1,1016.1254658243175,0.0,490.345720613441,9.610776124023444,76.88620899218755,86.496985116211,1079.5517121336757,0.0,63.426246309358135,1611.2376957644565,-0.0,0.0,0.0,17.31930450679657,0.0,337.58761457216565,8782.26155787864,9.610776124023444,9.85894800101479,50.0,12.131584940610965,2302.786376953125,12.131584940610965,86.13425307833785,86.13425307833785,0.0,0.0,5.208333333333333,0.36638087806051356,426.2167428145716,161.98924870566304,297.7384421213592,150.0,1.0,2.2726369395961754,0.0,1841.891450263865,490.345720613441,477.9665523066951,3279.88882223117,18.492250295061705,0.0,486.8727964637168,86.13425307833785,97.05267952488772,41.666666666666664,12.379168306745884,191703555.20905304,95824833.33333333,10.0,1.0,7.853981633974483,20.0,2.5,98.17477042468104,8782.26155787864,9.610776124023444,9.85894800101479,50.0,12.131584940610965,2302.786376953125,426.2167428145716,5.208333333333333,0.36638087806051356,161.98924870566304
729,0.541082,1.0,1,996.6143096916725,0.0,407.24544162461973,7.982010655842546,63.85608524674037,71.83809590258292,996.6143096916725,0.0,0.0,1611.2376957644565,-0.0,0.0,1.628765468180897,15.657298927020143,0.0,339.84888832706383,8782.26155787864,9.610776124023444,9.85894800101479,50.0,12.131584940610965,2302.786376953125,12.131584940610965,86.13425307833785,86.13425307833785,0.0,0.0,5.208333333333333,0.36638087806051356,426.2167428145716,161.98924870566304,297.7384421213592,150.0,1.0,2.2726369395961754,0.0,1841.891450263865,490.345720613441,477.9665523066951,3279.88882223117,18.492250295061705,0.0,486.8727964637168,86.13425307833785,97.05267952488772,41.666666666666664,12.379168306745884,191703555.20905304,95824833.33333333,10.0,1.0,7.853981633974483,20.0,2.5,98.17477042468104,8782.26155787864,9.610776124023444,9.85894800101479,50.0,12.131584940610965,2302.786376953125,426.2167428145716,5.208333333333333,0.36638087806051356,161.98924870566304
730,0.5233099999999999,1.0,1,963.880214837583,0.0,411.5378036279407,8.066140951107638,64.5291276088611,72.59526855996874,1000.8982586654669,0.0,37.018043827883865,1572.2713338403682,-0.0,0.0,1.5446351729158052,14.081140587310138,0.0,342.110162081962,8782.26155787864,9.610776124023444,9.85894800101479,50.0,12.131584940610965,2302.786376953125,12.131584940610965,86.13425307833785,86.13425307833785,0.0,0.0,5.208333333333333,0.36638087806051356,426.2167428145716,161.98924870566304,297.7384421213592,150.0,1.0,2.2726369395961754,0.0,1841.891450263865,490.345720613441,477.9665523066951,3279.88882223117,18.492250295061705,0.0,486.8727964637168,86.13425307833785,97.05267952488772,41.666666666666664,12.379168306745884,191703555.20905304,95824833.33333333,10.0,1.0,7.853981633974483,20.0,2.5,98.17477042468104,8782.26155787864,9.610776124023444,9.85894800101479,50.0,12.131584940610965,2302.786376953125,426.2167428145716,5.208333333333333,0.36638087806051356,161.98924870566304
731,0.4963829999999999,1.0,1,914.2836037563279,0.0,324.7530506028725,6.365159791816301,50.921278334530406,57.28643812634671,914.2836037563279,0.0,0.0,1572.2713338403682,-0.0,0.0,3.245616332207142,10.769287187098774,0.0,344.3714358368602,8782.26155787864,9.610776124023444,9.85894800101479,50.0,12.131584940610965,2302.786376953125,12.131584940610965,86.13425307833785,86.13425307833785,0.0,0.0,5.208333333333333,0.36638087806051356,426.2167428145716,161.98924870566304,297.7384421213592,150.0,1.0,2.2726369395961754,0.0,1841.891450263865,490.345720613441,477.9665523066951,3279.88882223117,18.492250295061705,0.0,486.8727964637168,86.13425307833785,97.05267952488772,41.666666666666664,12.379168306745884,191703555.20905304,95824833.33333333,10.0,1.0,7.853981633974483,20.0,2.5,98.17477042468104,8782.26155787864,9.610776124023444,9.85894800101479,50.0,12.131584940610965,2302.786376953125,426.2167428145716,5.208333333333333,0.36638087806051356,161.98924870566304
732,0.48524,1.0,1,893.7594073260378,0.0,304.1885477469849,5.962095535840904,47.69676428672723,53.65885982256813,893.7594073260378,0.0,0.0,1572.2713338403682,-0.0,0.0,3.6486805881825393,7.046143729769652,0.0,346.6327095917584,8782.26155787864,9.610776124023444,9.85894800101479,50.0,12.131584940610965,2302.786376953125,12.131584940610965,86.13425307833785,86.13425307833785,0.0,0.0,5.208333333333333,0.36638087806051356,426.2167428145716,161.98924870566304,297.7384421213592,150.0,1.0,2.2726369395961754,0.0,1841.891450263865,490.345720613441,477.9665523066951,3279.88882223117,18.492250295061705,0.0,486.8727964637168,86.13425307833785,97.05267952488772,41.666666666666664,12.379168306745884,191703555.20905304,95824833.33333333,10.0,1.0,7.853981633974483,20.0,2.5,98.17477042468104,8782.26155787864,9.610776124023444,9.85894800101479,50.0,12.131584940610965,2302.786376953125,426.2167428145716,5.208333333333333,0.36638087806051356,161.98924870566304
733,0.488093,1.0,1,899.0143236336406,0.0,309.4537839174819,6.065294164782646,48.52235331826117,54.58764748304381,899.0143236336406,0.0,0.0,1572.2713338403682,-0.0,0.0,3.5454819592407985,3.4283049958504694,0.0,348.89398334665657,8782.26155787864,9.610776124023444,9.85894800101479,50.0,12.131584940610965,2302.786376953125,12.131584940610965,86.13425307833785,86.13425307833785,0.0,0.0,5.208333333333333,0.36638087806051356,426.2167428145716,161.98924870566304,297.7384421213592,150.0,1.0,2.2726369395961754,0.0,1841.891450263865,490.345720613441,477.9665523066951,3279.88882223117,18.492250295061705,0.0,486.8727964637168,86.13425307833785,97.05267952488772,41.666666666666664,12.379168306745884,191703555.20905304,95824833.33333333,10.0,1.0,7.853981633974483,20.0,2.5,98.17477042468104,8782.26155787864,9.610776124023444,9.85894800101479,50.0,12.131584940610965,2302.786376953125,426.2167428145716,5.208333333333333,0.36638087806051356,161.98924870566304
734,0.493228,1.0,1,908.4724362307455,0.0,318.93047082091755,6.2510372280899835,50.00829782471987,56.25933505280985,908.4724362307455,0.0,0.0,1572.2713338403682,-0.0,0.0,3.35973889593346,0.0,0.0,351.15525710155475,8782.26155787864,9.610776124023444,9.85894800101479,50.0,12.131584940610965,2302.786376953125,12.131584940610965,86.13425307833785,86.13425307833785,0.0,0.0,5.208333333333333,0.36638087806051356,426.2167428145716,161.98924870566304,297.7384421213592,150.0,1.0,2.2726369395961754,0.0,1841.891450263865,490.345720613441,477.9665523066951,3279.88882223117,18.492250295061705,0.0,486.8727964637168,86.13425307833785,97.05267952488772,41.666666666666664,12.379168306745884,191703555.20905304,95824833.33333333,10.0,1.0,7.853981633974483,20.0,2.5,98.17477042468104,8782.26155787864,9.610776124023444,9.85894800101479,50.0,12.131584940610965,2302.786376953125,426.2167428145716,5.208333333333333,0.36638087806051356,161.98924870566304
735,0.4843179999999999,-0.0,1,892.0611834088944,0.0,290.9017206686168,5.7016737251048895,45.613389800839116,51.315063525944005,892.0611834088943,426.76686658440474,0.0,1977.6998570955527,1.0,5.7016737251048895,0.0,5.587640250602791,0.0,341.24676664827365,0.0,0.0,9.85894800101479,50.0,0.0,0.0,0.0,0.0,0.0,0.0,0.0,5.208333333333333,0.36638087806051356,0.0,161.98924870566304,9080.0,150.0,0.0,0.0,9.858948001014781,1841.891450263865,490.345720613441,477.9665523066951,3279.88882223117,18.492250295061705,0.0,486.8727964637168,86.13425307833785,97.05267952488772,41.666666666666664,12.379168306745884,191703555.20905304,95824833.33333333,10.0,1.0,7.853981633974483,20.0,2.5,98.17477042468104,8782.26155787864,9.610776124023444,9.85894800101479,50.0,12.131584940610965,2302.786376953125,426.2167428145716,5.208333333333333,0.36638087806051356,161.98924870566304
736,0.451673,1.0,1,831.9326370150307,0.0,242.24035898600624,4.747911036125722,37.98328828900578,42.7311993251315,831.9326370150308,0.0,0.0,1977.6998570955527,-0.0,0.0,4.862865087897721,0.6255330180540959,0.0,343.50804040317183,8782.26155787864,9.610776124023444,9.85894800101479,50.0,12.131584940610965,2302.786376953125,12.131584940610965,86.13425307833785,86.13425307833785,0.0,0.0,5.208333333333333,0.36638087806051356,426.2167428145716,161.98924870566304,297.7384421213592,150.0,1.0,2.2726369395961754,0.0,1841.891450263865,490.345720613441,477.9665523066951,3279.88882223117,18.492250295061705,0.0,486.8727964637168,86.13425307833785,97.05267952488772,41.666666666666664,12.379168306745884,191703555.20905304,95824833.33333333,10.0,1.0,7.853981633974483,20.0,2.5,98.17477042468104,8782.26155787864,9.610776124023444,9.85894800101479,50.0,12.131584940610965,2302.786376953125,426.2167428145716,5.208333333333333,0.36638087806051356,161.98924870566304
737,0.41249,-0.0,1,759.7618043193416,0.0,490.345720613441,9.610776124023444,76.88620899218755,86.496985116211,759.7618043193418,87.20528275219073,0.0,2060.544875710134,1.0,9.610776124023444,0.0,10.04409361959707,0.0,333.5995499498906,0.0,0.0,9.85894800101479,50.0,0.0,0.0,0.0,0.0,0.0,0.0,0.0,5.208333333333333,0.36638087806051356,0.0,161.98924870566304,9080.0,150.0,-0.0,0.0,9.85894800101479,1841.891450263865,490.345720613441,477.9665523066951,3279.88882223117,18.492250295061705,0.0,486.8727964637168,86.13425307833785,97.05267952488772,41.666666666666664,12.379168306745884,191703555.20905304,95824833.33333333,10.0,1.0,7.853981633974483,20.0,2.5,98.17477042468104,8782.26155787864,9.610776124023444,9.85894800101479,50.0,12.131584940610965,2302.786376953125,426.2167428145716,5.208333333333333,0.36638087806051356,161.98924870566304
738,0.377512,1.0,1,695.3361251720122,0.0,105.37559220008737,2.0653616071217122,16.522892856973698,18.58825446409541,695.3361251720122,0.0,0.0,2060.544875710134,-0.0,0.0,7.545414516901731,2.344691051330182,0.0,335.8608237047888,8782.26155787864,9.610776124023444,9.85894800101479,50.0,12.131584940610965,2302.786376953125,12.131584940610965,86.13425307833785,86.13425307833785,0.0,0.0,5.208333333333333,0.36638087806051356,426.2167428145716,161.98924870566304,297.7384421213592,150.0,1.0,2.2726369395961754,0.0,1841.891450263865,490.345720613441,477.9665523066951,3279.88882223117,18.492250295061705,0.0,486.8727964637168,86.13425307833785,97.05267952488772,41.666666666666664,12.379168306745884,191703555.20905304,95824833.33333333,10.0,1.0,7.853981633974483,20.0,2.5,98.17477042468104,8782.26155787864,9.610776124023444,9.85894800101479,50.0,12.131584940610965,2302.786376953125,426.2167428145716,5.208333333333333,0.36638087806051356,161.98924870566304
739,0.341627,-0.0,1,629.2398504792934,0.0,448.66301171442495,8.793795029602729,70.35036023682183,79.14415526642456,629.2398504792934,0.0,0.0,2060.544875710134,1.0,8.793795029602729,0.0,10.962610180340855,0.0,325.95233325150764,0.0,0.0,9.85894800101479,50.0,0.0,0.0,0.0,0.0,0.0,0.0,0.0,5.208333333333333,0.36638087806051356,0.0,161.98924870566304,9080.0,150.0,0.0,0.0,9.858948001014781,1841.891450263865,490.345720613441,477.9665523066951,3279.88882223117,18.492250295061705,0.0,486.8727964637168,86.13425307833785,97.05267952488772,41.666666666666664,12.379168306745884,191703555.20905304,95824833.33333333,10.0,1.0,7.853981633974483,20.0,2.5,98.17477042468104,8782.26155787864,9.610776124023444,9.85894800101479,50.0,12.131584940610965,2302.786376953125,426.2167428145716,5.208333333333333,0.36638087806051356,161.98924870566304
740,0.297021,1.0,1,547.0804404488234,0.0,0.0,0.0,0.0,0.0,590.167069132637,0.0,43.086628683814176,2015.190529727172,-0.0,0.0,9.610776124023444,1.1556957680720341,0.0,328.2136070064058,8782.26155787864,9.610776124023444,9.85894800101479,50.0,12.131584940610965,2302.786376953125,12.131584940610965,86.13425307833785,86.13425307833785,0.0,0.0,5.208333333333333,0.36638087806051356,426.2167428145716,161.98924870566304,297.7384421213592,150.0,1.0,2.2726369395961754,0.0,1841.891450263865,490.345720613441,477.9665523066951,3279.88882223117,18.492250295061705,0.0,486.8727964637168,86.13425307833785,97.05267952488772,41.666666666666664,12.379168306745884,191703555.20905304,95824833.33333333,10.0,1.0,7.853981633974483,20.0,2.5,98.17477042468104,8782.26155787864,9.610776124023444,9.85894800101479,50.0,12.131584940610965,2302.786376953125,426.2167428145716,5.208333333333333,0.36638087806051356,161.98924870566304
741,0.2798589999999999,-0.0,1,515.4698993793949,0.0,0.0,0.0,0.0,0.0,515.4698993793949,352.4806506737318,0.0,2350.047147867217,1.0,0.0,0.0,1.1556957680720341,0.0,318.3051165531246,0.0,0.0,9.85894800101479,50.0,0.0,0.0,0.0,0.0,0.0,0.0,0.0,5.208333333333333,0.36638087806051356,0.0,161.98924870566304,9080.0,150.0,-0.0,0.0,9.85894800101479,1841.891450263865,490.345720613441,477.9665523066951,3279.88882223117,18.492250295061705,0.0,486.8727964637168,86.13425307833785,97.05267952488772,41.666666666666664,12.379168306745884,191703555.20905304,95824833.33333333,10.0,1.0,7.853981633974483,20.0,2.5,98.17477042468104,8782.26155787864,9.610776124023444,9.85894800101479,50.0,12.131584940610965,2302.786376953125,426.2167428145716,5.208333333333333,0.36638087806051356,161.98924870566304
742,0.286566,-0.0,1,527.8234653363147,0.0,351.0721869040143,6.88101486331868,55.04811890654944,61.92913376986812,527.8234653363147,0.0,0.0,2350.047147867217,1.0,6.88101486331868,0.0,7.899090334124341,0.0,308.3966260998434,0.0,0.0,9.85894800101479,50.0,0.0,0.0,0.0,0.0,0.0,0.0,0.0,5.208333333333333,0.36638087806051356,0.0,161.98924870566304,9080.0,150.0,-0.0,0.0,9.85894800101479,1841.891450263865,490.345720613441,477.9665523066951,3279.88882223117,18.492250295061705,0.0,486.8727964637168,86.13425307833785,97.05267952488772,41.666666666666664,12.379168306745884,191703555.20905304,95824833.33333333,10.0,1.0,7.853981633974483,20.0,2.5,98.17477042468104,8782.26155787864,9.610776124023444,9.85894800101479,50.0,12.131584940610965,2302.786376953125,426.2167428145716,5.208333333333333,0.36638087806051356,161.98924870566304
743,0.296982,-0.0,1,547.0086066822632,0.0,369.53363931543515,7.242859330582529,57.94287464466023,65.18573397524275,547.0086066822632,0.0,0.0,2350.047147867218,1.0,7.242859330582529,0.0,14.997092478095217,0.0,298.4881356465623,0.0,0.0,9.85894800101479,50.0,0.0,0.0,0.0,0.0,0.0,0.0,0.0,5.208333333333333,0.36638087806051356,0.0,161.98924870566304,9080.0,150.0,0.0,0.0,9.85894800101478,1841.891450263865,490.345720613441,477.9665523066951,3279.88882223117,18.492250295061705,0.0,486.8727964637168,86.13425307833785,97.05267952488772,41.666666666666664,12.379168306745884,191703555.20905304,95824833.33333333,10.0,1.0,7.853981633974483,20.0,2.5,98.17477042468104,8782.26155787864,9.610776124023444,9.85894800101479,50.0,12.131584940610965,2302.786376953125,426.2167428145716,5.208333333333333,0.36638087806051356,161.98924870566304
744,0.0769929999999999,-0.0,1,141.81274843016556,0.0,0.0,0.0,0.0,0.0,162.98924870566304,0.0,21.17650027549749,2327.7560949456415,1.0,0.0,0.0,14.997092478095217,0.0,288.57964519328107,0.0,0.0,9.85894800101479,50.0,0.0,0.0,0.0,0.0,0.0,0.0,0.0,5.208333333333333,0.36638087806051356,0.0,161.98924870566304,9080.0,150.0,-0.0,0.0,9.85894800101479,1841.891450263865,490.345720613441,477.9665523066951,3279.88882223117,18.492250295061705,0.0,486.8727964637168,86.13425307833785,97.05267952488772,41.666666666666664,12.379168306745884,191703555.20905304,95824833.33333333,10.0,1.0,7.853981633974483,20.0,2.5,98.17477042468104,8782.26155787864,9.610776124023444,9.85894800101479,50.0,12.131584940610965,2302.786376953125,426.2167428145716,5.208333333333333,0.36638087806051356,161.98924870566304
745,0.082233,-0.0,1,151.4642596295484,0.0,0.0,0.0,0.0,0.0,162.98924870566304,0.0,11.52498907611465,2315.6245274970997,1.0,0.0,0.0,14.997092478095217,0.0,278.67115473999985,0.0,0.0,9.85894800101479,50.0,0.0,0.0,0.0,0.0,0.0,0.0,0.0,5.208333333333333,0.36638087806051356,0.0,161.98924870566304,9080.0,150.0,-0.0,0.0,9.85894800101479,1841.891450263865,490.345720613441,477.9665523066951,3279.88882223117,18.492250295061705,0.0,486.8727964637168,86.13425307833785,97.05267952488772,41.666666666666664,12.379168306745884,191703555.20905304,95824833.33333333,10.0,1.0,7.853981633974483,20.0,2.5,98.17477042468104,8782.26155787864,9.610776124023444,9.85894800101479,50.0,12.131584940610965,2302.786376953125,426.2167428145716,5.208333333333333,0.36638087806051356,161.98924870566304
746,0.080206,-0.0,1,147.73074565986354,0.0,0.0,0.0,0.0,0.0,162.98924870566304,0.0,15.2585030457995,2299.562945343627,1.0,0.0,0.0,14.997092478095217,0.0,268.76266428671863,0.0,0.0,9.85894800101479,50.0,0.0,0.0,0.0,0.0,0.0,0.0,0.0,5.208333333333333,0.36638087806051356,0.0,161.98924870566304,9080.0,150.0,-0.0,0.0,9.85894800101479,1841.891450263865,490.345720613441,477.9665523066951,3279.88882223117,18.492250295061705,0.0,486.8727964637168,86.13425307833785,97.05267952488772,41.666666666666664,12.379168306745884,191703555.20905304,95824833.33333333,10.0,1.0,7.853981633974483,20.0,2.5,98.17477042468104,8782.26155787864,9.610776124023444,9.85894800101479,50.0,12.131584940610965,2302.786376953125,426.2167428145716,5.208333333333333,0.36638087806051356,161.98924870566304
747,0.073187,-0.0,1,134.8025095704615,0.0,0.0,0.0,0.0,0.0,162.98924870566304,0.0,28.18673913520155,2269.8926936223615,1.0,0.0,0.0,14.997092478095217,0.0,258.85417383343747,0.0,0.0,9.85894800101479,50.0,0.0,0.0,0.0,0.0,0.0,0.0,0.0,5.208333333333333,0.36638087806051356,0.0,161.98924870566304,9080.0,150.0,-0.0,0.0,9.85894800101479,1841.891450263865,490.345720613441,477.9665523066951,3279.88882223117,18.492250295061705,0.0,486.8727964637168,86.13425307833785,97.05267952488772,41.666666666666664,12.379168306745884,191703555.20905304,95824833.33333333,10.0,1.0,7.853981633974483,20.0,2.5,98.17477042468104,8782.26155787864,9.610776124023444,9.85894800101479,50.0,12.131584940610965,2302.786376953125,426.2167428145716,5.208333333333333,0.36638087806051356,161.98924870566304
748,0.065432,-0.0,1,120.51864137366522,0.0,0.0,0.0,0.0,0.0,162.98924870566304,0.0,42.470607331997826,2225.186791167627,1.0,0.0,0.0,14.997092478095217,0.0,248.94568338015625,0.0,0.0,9.85894800101479,50.0,0.0,0.0,0.0,0.0,0.0,0.0,0.0,5.208333333333333,0.36638087806051356,0.0,161.98924870566304,9080.0,150.0,-0.0,0.0,9.85894800101479,1841.891450263865,490.345720613441,477.9665523066951,3279.88882223117,18.492250295061705,0.0,486.8727964637168,86.13425307833785,97.05267952488772,41.666666666666664,12.379168306745884,191703555.20905304,95824833.33333333,10.0,1.0,7.853981633974483,20.0,2.5,98.17477042468104,8782.26155787864,9.610776124023444,9.85894800101479,50.0,12.131584940610965,2302.786376953125,426.2167428145716,5.208333333333333,0.36638087806051356,161.98924870566304
749,0.056911,-0.0,1,104.82388432596683,0.0,0.0,0.0,0.0,0.0,162.98924870566304,0.0,58.165364379696214,2163.9600918205783,1.0,0.0,0.0,14.997092478095217,0.0,239.03719292687506,0.0,0.0,9.85894800101479,50.0,0.0,0.0,0.0,0.0,0.0,0.0,0.0,5.208333333333333,0.36638087806051356,0.0,161.98924870566304,9080.0,150.0,-0.0,0.0,9.85894800101479,1841.891450263865,490.345720613441,477.9665523066951,3279.88882223117,18.492250295061705,0.0,486.8727964637168,86.13425307833785,97.05267952488772,41.666666666666664,12.379168306745884,191703555.20905304,95824833.33333333,10.0,1.0,7.853981633974483,20.0,2.5,98.17477042468104,8782.26155787864,9.610776124023444,9.85894800101479,50.0,12.131584940610965,2302.786376953125,426.2167428145716,5.208333333333333,0.36638087806051356,161.98924870566304
750,0.043132,-0.0,1,79.44446203278102,0.0,0.0,0.0,0.0,0.0,162.98924870566304,0.0,83.54478667288203,2076.0182111122813,1.0,0.0,0.0,14.997092478095217,0.0,229.12870247359388,0.0,0.0,9.85894800101479,50.0,0.0,0.0,0.0,0.0,0.0,0.0,0.0,5.208333333333333,0.36638087806051356,0.0,161.98924870566304,9080.0,150.0,-0.0,0.0,9.85894800101479,1841.891450263865,490.345720613441,477.9665523066951,3279.88882223117,18.492250295061705,0.0,486.8727964637168,86.13425307833785,97.05267952488772,41.666666666666664,12.379168306745884,191703555.20905304,95824833.33333333,10.0,1.0,7.853981633974483,20.0,2.5,98.17477042468104,8782.26155787864,9.610776124023444,9.85894800101479,50.0,12.131584940610965,2302.786376953125,426.2167428145716,5.208333333333333,0.36638087806051356,161.98924870566304
751,0.033241,-0.0,1,61.226313698221134,0.0,0.0,0.0,0.0,0.0,162.98924870566304,0.0,101.76293500744191,1968.8993321570792,-0.0,0.0,0.0,14.997092478095217,0.0,219.22021202031272,0.0,0.0,9.85894800101479,50.0,0.0,0.0,0.0,0.0,0.0,0.0,0.0,5.208333333333333,0.36638087806051356,0.0,161.98924870566304,9080.0,150.0,0.0,0.0,9.85894800101477,1841.891450263865,490.345720613441,477.9665523066951,3279.88882223117,18.492250295061705,0.0,486.8727964637168,86.13425307833785,97.05267952488772,41.666666666666664,12.379168306745884,191703555.20905304,95824833.33333333,10.0,1.0,7.853981633974483,20.0,2.5,98.17477042468104,8782.26155787864,9.610776124023444,9.85894800101479,50.0,12.131584940610965,2302.786376953125,426.2167428145716,5.208333333333333,0.36638087806051356,161.98924870566304
752,0.0268769999999999,-0.0,1,49.504516508741716,0.0,0.0,0.0,0.0,0.0,162.98924870566304,0.0,113.48473219692133,1849.4417193182146,-0.0,0.0,0.0,14.997092478095217,0.0,209.31172156703153,0.0,0.0,9.85894800101479,50.0,0.0,0.0,0.0,0.0,0.0,0.0,0.0,5.208333333333333,0.36638087806051356,0.0,161.98924870566304,9080.0,150.0,0.0,0.0,9.85894800101477,1841.891450263865,490.345720613441,477.9665523066951,3279.88882223117,18.492250295061705,0.0,486.8727964637168,86.13425307833785,97.05267952488772,41.666666666666664,12.379168306745884,191703555.20905304,95824833.33333333,10.0,1.0,7.853981633974483,20.0,2.5,98.17477042468104,8782.26155787864,9.610776124023444,9.85894800101479,50.0,12.131584940610965,2302.786376953125,426.2167428145716,5.208333333333333,0.36638087806051356,161.98924870566304
753,0.0240279999999999,-0.0,1,44.256967766939965,0.0,0.0,0.0,0.0,0.0,162.98924870566304,0.0,118.73228093872308,1724.460370961664,-0.0,0.0,0.0,14.997092478095217,0.0,199.40323111375034,0.0,0.0,9.85894800101479,50.0,0.0,0.0,0.0,0.0,0.0,0.0,0.0,5.208333333333333,0.36638087806051356,0.0,161.98924870566304,9080.0,150.0,0.0,0.0,9.858948001014781,1841.891450263865,490.345720613441,477.9665523066951,3279.88882223117,18.492250295061705,0.0,486.8727964637168,86.13425307833785,97.05267952488772,41.666666666666664,12.379168306745884,191703555.20905304,95824833.33333333,10.0,1.0,7.853981633974483,20.0,2.5,98.17477042468104,8782.26155787864,9.610776124023444,9.85894800101479,50.0,12.131584940610965,2302.786376953125,426.2167428145716,5.208333333333333,0.36638087806051356,161.98924870566304
754,0.02862,-0.0,1,52.71493330655181,0.0,0.0,0.0,0.0,0.0,162.98924870566304,0.0,110.27431539911123,1608.3821442257574,-0.0,0.0,0.0,14.997092478095217,0.0,189.49474066046915,0.0,0.0,9.85894800101479,50.0,0.0,0.0,0.0,0.0,0.0,0.0,0.0,5.208333333333333,0.36638087806051356,0.0,161.98924870566304,9080.0,150.0,0.0,0.0,9.858948001014781,1841.891450263865,490.345720613441,477.9665523066951,3279.88882223117,18.492250295061705,0.0,486.8727964637168,86.13425307833785,97.05267952488772,41.666666666666664,12.379168306745884,191703555.20905304,95824833.33333333,10.0,1.0,7.853981633974483,20.0,2.5,98.17477042468104,8782.26155787864,9.610776124023444,9.85894800101479,50.0,12.131584940610965,2302.786376953125,426.2167428145716,5.208333333333333,0.36638087806051356,161.98924870566304
755,0.039865,-0.0,1,73.42700266476898,0.0,0.0,0.0,0.0,0.0,162.98924870566304,0.0,89.56224604089407,1514.1060957616583,-0.0,0.0,0.0,14.997092478095217,0.0,179.58625020718796,0.0,0.0,9.85894800101479,50.0,0.0,0.0,0.0,0.0,0.0,0.0,0.0,5.208333333333333,0.36638087806051356,0.0,161.98924870566304,9080.0,150.0,0.0,0.0,9.85894800101477,1841.891450263865,490.345720613441,477.9665523066951,3279.88882223117,18.492250295061705,0.0,486.8727964637168,86.13425307833785,97.05267952488772,41.666666666666664,12.379168306745884,191703555.20905304,95824833.33333333,10.0,1.0,7.853981633974483,20.0,2.5,98.17477042468104,8782.26155787864,9.610776124023444,9.85894800101479,50.0,12.131584940610965,2302.786376953125,426.2167428145716,5.208333333333333,0.36638087806051356,161.98924870566304
756,0.044406,-0.0,1,81.79103174041718,0.0,0.0,0.0,0.0,0.0,162.98924870566304,0.0,81.19821696524586,1428.6342884298206,1.0,0.0,0.0,14.997092478095217,0.0,169.67775975390677,0.0,0.0,9.85894800101479,50.0,0.0,0.0,0.0,0.0,0.0,0.0,0.0,5.208333333333333,0.36638087806051356,0.0,161.98924870566304,9080.0,150.0,-0.0,0.0,9.85894800101479,1841.891450263865,490.345720613441,477.9665523066951,3279.88882223117,18.492250295061705,0.0,486.8727964637168,86.13425307833785,97.05267952488772,41.666666666666664,12.379168306745884,191703555.20905304,95824833.33333333,10.0,1.0,7.853981633974483,20.0,2.5,98.17477042468104,8782.26155787864,9.610776124023444,9.85894800101479,50.0,12.131584940610965,2302.786376953125,426.2167428145716,5.208333333333333,0.36638087806051356,161.98924870566304
757,0.029369,-0.0,1,54.094510002799446,0.0,0.0,0.0,0.0,0.0,162.98924870566304,0.0,108.8947387028636,1314.008247689964,1.0,0.0,0.0,14.997092478095217,0.0,159.76926930062558,0.0,0.0,9.85894800101479,50.0,0.0,0.0,0.0,0.0,0.0,0.0,0.0,5.208333333333333,0.36638087806051356,0.0,161.98924870566304,9080.0,150.0,-0.0,0.0,9.85894800101479,1841.891450263865,490.345720613441,477.9665523066951,3279.88882223117,18.492250295061705,0.0,486.8727964637168,86.13425307833785,97.05267952488772,41.666666666666664,12.379168306745884,191703555.20905304,95824833.33333333,10.0,1.0,7.853981633974483,20.0,2.5,98.17477042468104,8782.26155787864,9.610776124023444,9.85894800101479,50.0,12.131584940610965,2302.786376953125,426.2167428145716,5.208333333333333,0.36638087806051356,161.98924870566304
758,0.015827,-0.0,1,29.15161598332619,0.0,0.0,0.0,0.0,0.0,162.98924870566304,0.0,133.83763272233685,1173.1265290348726,1.0,0.0,0.0,14.997092478095217,0.0,149.8607788473444,0.0,0.0,9.85894800101479,50.0,0.0,0.0,0.0,0.0,0.0,0.0,0.0,5.208333333333333,0.36638087806051356,0.0,161.98924870566304,9080.0,150.0,-0.0,0.0,9.85894800101479,1841.891450263865,490.345720613441,477.9665523066951,3279.88882223117,18.492250295061705,0.0,486.8727964637168,86.13425307833785,97.05267952488772,41.666666666666664,12.379168306745884,191703555.20905304,95824833.33333333,10.0,1.0,7.853981633974483,20.0,2.5,98.17477042468104,8782.26155787864,9.610776124023444,9.85894800101479,50.0,12.131584940610965,2302.786376953125,426.2167428145716,5.208333333333333,0.36638087806051356,161.98924870566304
759,0.010734,-0.0,1,19.770862827132326,0.0,0.0,0.0,0.0,0.0,162.98924870566304,0.0,143.2183858785307,1022.370333373261,1.0,0.0,0.0,14.997092478095217,0.0,139.95228839406317,0.0,0.0,9.85894800101479,50.0,0.0,0.0,0.0,0.0,0.0,0.0,0.0,5.208333333333333,0.36638087806051356,0.0,161.98924870566304,9080.0,150.0,-0.0,0.0,9.85894800101479,1841.891450263865,490.345720613441,477.9665523066951,3279.88882223117,18.492250295061705,0.0,486.8727964637168,86.13425307833785,97.05267952488772,41.666666666666664,12.379168306745884,191703555.20905304,95824833.33333333,10.0,1.0,7.853981633974483,20.0,2.5,98.17477042468104,8782.26155787864,9.610776124023444,9.85894800101479,50.0,12.131584940610965,2302.786376953125,426.2167428145716,5.208333333333333,0.36638087806051356,161.98924870566304
760,0.007416,-0.0,1,13.659466995156823,0.0,0.0,0.0,0.0,0.0,162.98924870566304,0.0,149.3297817105062,865.1810894674651,1.0,0.0,0.0,14.997092478095217,0.0,130.04379794078199,0.0,0.0,9.85894800101479,50.0,0.0,0.0,0.0,0.0,0.0,0.0,0.0,5.208333333333333,0.36638087806051356,0.0,161.98924870566304,9080.0,150.0,-0.0,0.0,9.85894800101479,1841.891450263865,490.345720613441,477.9665523066951,3279.88882223117,18.492250295061705,0.0,486.8727964637168,86.13425307833785,97.05267952488772,41.666666666666664,12.379168306745884,191703555.20905304,95824833.33333333,10.0,1.0,7.853981633974483,20.0,2.5,98.17477042468104,8782.26155787864,9.610776124023444,9.85894800101479,50.0,12.131584940610965,2302.786376953125,426.2167428145716,5.208333333333333,0.36638087806051356,161.98924870566304
761,0.009112,-0.0,1,16.783314894804338,0.0,0.0,0.0,0.0,0.0,162.98924870566304,0.0,146.2059338108587,711.2801065086664,1.0,0.0,0.0,14.997092478095217,0.0,120.1353074875008,0.0,0.0,9.85894800101479,50.0,0.0,0.0,0.0,0.0,0.0,0.0,0.0,5.208333333333333,0.36638087806051356,0.0,161.98924870566304,9080.0,150.0,-0.0,0.0,9.85894800101479,1841.891450263865,490.345720613441,477.9665523066951,3279.88882223117,18.492250295061705,0.0,486.8727964637168,86.13425307833785,97.05267952488772,41.666666666666664,12.379168306745884,191703555.20905304,95824833.33333333,10.0,1.0,7.853981633974483,20.0,2.5,98.17477042468104,8782.26155787864,9.610776124023444,9.85894800101479,50.0,12.131584940610965,2302.786376953125,426.2167428145716,5.208333333333333,0.36638087806051356,161.98924870566304
762,0.019094,-0.0,1,35.169075351338236,0.0,0.0,0.0,0.0,0.0,162.98924870566304,0.0,127.82017335432481,576.7325556093772,1.0,0.0,0.0,14.997092478095217,0.0,110.22681703421961,0.0,0.0,9.85894800101479,50.0,0.0,0.0,0.0,0.0,0.0,0.0,0.0,5.208333333333333,0.36638087806051356,0.0,161.98924870566304,9080.0,150.0,-0.0,0.0,9.85894800101479,1841.891450263865,490.345720613441,477.9665523066951,3279.88882223117,18.492250295061705,0.0,486.8727964637168,86.13425307833785,97.05267952488772,41.666666666666664,12.379168306745884,191703555.20905304,95824833.33333333,10.0,1.0,7.853981633974483,20.0,2.5,98.17477042468104,8782.26155787864,9.610776124023444,9.85894800101479,50.0,12.131584940610965,2302.786376953125,426.2167428145716,5.208333333333333,0.36638087806051356,161.98924870566304
763,0.02958,-0.0,1,54.48314909880512,0.0,0.0,0.0,0.0,0.0,162.98924870566304,0.0,108.50609960685793,462.5156086547898,-0.0,0.0,0.0,14.997092478095217,0.0,100.31832658093842,0.0,0.0,9.85894800101479,50.0,0.0,0.0,0.0,0.0,0.0,0.0,0.0,5.208333333333333,0.36638087806051356,0.0,161.98924870566304,9080.0,150.0,0.0,0.0,9.85894800101477,1841.891450263865,490.345720613441,477.9665523066951,3279.88882223117,18.492250295061705,0.0,486.8727964637168,86.13425307833785,97.05267952488772,41.666666666666664,12.379168306745884,191703555.20905304,95824833.33333333,10.0,1.0,7.853981633974483,20.0,2.5,98.17477042468104,8782.26155787864,9.610776124023444,9.85894800101479,50.0,12.131584940610965,2302.786376953125,426.2167428145716,5.208333333333333,0.36638087806051356,161.98924870566304
764,0.034622,-0.0,1,63.76996579103553,0.0,0.0,0.0,0.0,0.0,162.98924870566304,0.0,99.21928291462751,358.07425821833976,1.0,0.0,0.0,14.997092478095217,0.0,90.40983612765723,0.0,0.0,9.85894800101479,50.0,0.0,0.0,0.0,0.0,0.0,0.0,0.0,5.208333333333333,0.36638087806051356,0.0,161.98924870566304,9080.0,150.0,-0.0,0.0,9.85894800101479,1841.891450263865,490.345720613441,477.9665523066951,3279.88882223117,18.492250295061705,0.0,486.8727964637168,86.13425307833785,97.05267952488772,41.666666666666664,12.379168306745884,191703555.20905304,95824833.33333333,10.0,1.0,7.853981633974483,20.0,2.5,98.17477042468104,8782.26155787864,9.610776124023444,9.85894800101479,50.0,12.131584940610965,2302.786376953125,426.2167428145716,5.208333333333333,0.36638087806051356,161.98924870566304
765,0.032509,-0.0,1,59.878049156627995,0.0,0.0,0.0,0.0,0.0,162.98924870566304,0.0,103.11119954903505,249.5361534298818,1.0,0.0,0.0,14.997092478095217,0.0,80.50134567437604,0.0,0.0,9.85894800101479,50.0,0.0,0.0,0.0,0.0,0.0,0.0,0.0,5.208333333333333,0.36638087806051356,0.0,161.98924870566304,9080.0,150.0,-0.0,0.0,9.85894800101479,1841.891450263865,490.345720613441,477.9665523066951,3279.88882223117,18.492250295061705,0.0,486.8727964637168,86.13425307833785,97.05267952488772,41.666666666666664,12.379168306745884,191703555.20905304,95824833.33333333,10.0,1.0,7.853981633974483,20.0,2.5,98.17477042468104,8782.26155787864,9.610776124023444,9.85894800101479,50.0,12.131584940610965,2302.786376953125,426.2167428145716,5.208333333333333,0.36638087806051356,161.98924870566304
766,0.026418,-0.0,1,48.659088333070784,0.0,0.0,0.0,0.0,0.0,162.98924870566304,0.0,114.33016037259226,129.18861619557418,-0.0,0.0,0.0,14.997092478095217,0.0,70.59285522109487,0.0,0.0,9.85894800101479,50.0,0.0,0.0,0.0,0.0,0.0,0.0,0.0,5.208333333333333,0.36638087806051356,0.0,161.98924870566304,9080.0,150.0,0.0,0.0,9.85894800101477,1841.891450263865,490.345720613441,477.9665523066951,3279.88882223117,18.492250295061705,0.0,486.8727964637168,86.13425307833785,97.05267952488772,41.666666666666664,12.379168306745884,191703555.20905304,95824833.33333333,10.0,1.0,7.853981633974483,20.0,2.5,98.17477042468104,8782.26155787864,9.610776124023444,9.85894800101479,50.0,12.131584940610965,2302.786376953125,426.2167428145716,5.208333333333333,0.36638087806051356,161.98924870566304
767,0.021858,-0.0,1,40.260063319867555,0.0,0.0,0.0,0.0,0.0,162.98924870566304,0.0,122.72918538579549,0.0,1.0,0.0,0.0,14.997092478095217,0.0,60.68436476781367,0.0,0.0,9.85894800101479,50.0,0.0,0.0,0.0,0.0,0.0,0.0,0.0,5.208333333333333,0.36638087806051356,0.0,161.98924870566304,9080.0,150.0,-0.0,0.0,9.85894800101479,1841.891450263865,490.345720613441,477.9665523066951,3279.88882223117,18.492250295061705,0.0,486.8727964637168,86.13425307833785,97.05267952488772,41.666666666666664,12.379168306745884,191703555.20905304,95824833.33333333,10.0,1.0,7.853981633974483,20.0,2.5,98.17477042468104,8782.26155787864,9.610776124023444,9.85894800101479,50.0,12.131584940610965,2302.786376953125,426.2167428145716,5.208333333333333,0.36638087806051356,161.98924870566304
768,0.8988379999999999,1.0,1,1655.5620273722716,0.0,490.345720613441,9.610776124023444,76.88620899218755,86.496985116211,1079.5517121336757,0.0,0.0,0.0,1.0,0.0,0.0,14.997092478095217,0.0,62.94563852271186,8782.26155787864,9.610776124023444,9.85894800101479,50.0,12.131584940610965,2302.786376953125,12.131584940610965,86.13425307833785,86.13425307833785,0.0,0.0,5.208333333333333,0.36638087806051356,426.2167428145716,161.98924870566304,297.7384421213592,150.0,1.0,2.2726369395961754,0.0,1841.891450263865,490.345720613441,477.9665523066951,3279.88882223117,18.492250295061705,0.0,486.8727964637168,86.13425307833785,97.05267952488772,41.666666666666664,12.379168306745884,191703555.20905304,95824833.33333333,10.0,1.0,7.853981633974483,20.0,2.5,98.17477042468104,8782.26155787864,9.610776124023444,9.85894800101479,50.0,12.131584940610965,2302.786376953125,426.2167428145716,5.208333333333333,0.36638087806051356,161.98924870566304
769,0.918996,1.0,1,1692.6908752266909,0.0,490.345720613441,9.610776124023444,76.88620899218755,86.496985116211,1079.5517121336757,0.0,0.0,0.0,1.0,0.0,0.0,14.997092478095217,0.0,65.20691227761009,8782.26155787864,9.610776124023444,9.85894800101479,50.0,12.131584940610965,2302.786376953125,12.131584940610965,86.13425307833785,86.13425307833785,0.0,0.0,5.208333333333333,0.36638087806051356,426.2167428145716,161.98924870566304,297.7384421213592,150.0,1.0,2.2726369395961754,0.0,1841.891450263865,490.345720613441,477.9665523066951,3279.88882223117,18.492250295061705,0.0,486.8727964637168,86.13425307833785,97.05267952488772,41.666666666666664,12.379168306745884,191703555.20905304,95824833.33333333,10.0,1.0,7.853981633974483,20.0,2.5,98.17477042468104,8782.26155787864,9.610776124023444,9.85894800101479,50.0,12.131584940610965,2302.786376953125,426.2167428145716,5.208333333333333,0.36638087806051356,161.98924870566304
770,0.936596,1.0,1,1725.108164751335,0.0,490.345720613441,9.610776124023444,76.88620899218755,86.496985116211,1725.108164751335,645.5564526176593,0.0,613.2786299867763,1.0,0.0,0.0,14.997092478095217,0.0,67.46818603250829,8782.26155787864,9.610776124023444,9.85894800101479,50.0,12.131584940610965,2302.786376953125,12.131584940610965,86.13425307833785,86.13425307833785,0.0,0.0,5.208333333333333,0.36638087806051356,426.2167428145716,161.98924870566304,297.7384421213592,150.0,1.0,2.2726369395961754,0.0,1841.891450263865,490.345720613441,477.9665523066951,3279.88882223117,18.492250295061705,0.0,486.8727964637168,86.13425307833785,97.05267952488772,41.666666666666664,12.379168306745884,191703555.20905304,95824833.33333333,10.0,1.0,7.853981633974483,20.0,2.5,98.17477042468104,8782.26155787864,9.610776124023444,9.85894800101479,50.0,12.131584940610965,2302.786376953125,426.2167428145716,5.208333333333333,0.36638087806051356,161.98924870566304
771,0.943617,1.0,1,1738.0400846236375,0.0,490.345720613441,9.610776124023444,76.88620899218755,86.496985116211,1079.5517121336757,0.0,0.0,613.2786299867763,1.0,0.0,0.0,14.997092478095217,0.0,69.72945978740648,8782.26155787864,9.610776124023444,9.85894800101479,50.0,12.131584940610965,2302.786376953125,12.131584940610965,86.13425307833785,86.13425307833785,0.0,0.0,5.208333333333333,0.36638087806051356,426.2167428145716,161.98924870566304,297.7384421213592,150.0,1.0,2.2726369395961754,0.0,1841.891450263865,490.345720613441,477.9665523066951,3279.88882223117,18.492250295061705,0.0,486.8727964637168,86.13425307833785,97.05267952488772,41.666666666666664,12.379168306745884,191703555.20905304,95824833.33333333,10.0,1.0,7.853981633974483,20.0,2.5,98.17477042468104,8782.26155787864,9.610776124023444,9.85894800101479,50.0,12.131584940610965,2302.786376953125,426.2167428145716,5.208333333333333,0.36638087806051356,161.98924870566304
772,0.946659,1.0,1,1743.6431184153403,0.0,490.345720613441,9.610776124023444,76.88620899218755,86.496985116211,1079.5517121336757,0.0,0.0,613.2786299867763,1.0,0.0,0.0,14.997092478095217,0.0,71.99073354230468,8782.26155787864,9.610776124023444,9.85894800101479,50.0,12.131584940610965,2302.786376953125,12.131584940610965,86.13425307833785,86.13425307833785,0.0,0.0,5.208333333333333,0.36638087806051356,426.2167428145716,161.98924870566304,297.7384421213592,150.0,1.0,2.2726369395961754,0.0,1841.891450263865,490.345720613441,477.9665523066951,3279.88882223117,18.492250295061705,0.0,486.8727964637168,86.13425307833785,97.05267952488772,41.666666666666664,12.379168306745884,191703555.20905304,95824833.33333333,10.0,1.0,7.853981633974483,20.0,2.5,98.17477042468104,8782.26155787864,9.610776124023444,9.85894800101479,50.0,12.131584940610965,2302.786376953125,426.2167428145716,5.208333333333333,0.36638087806051356,161.98924870566304
773,0.943609,1.0,1,1738.0253494920355,0.0,490.345720613441,9.610776124023444,76.88620899218755,86.496985116211,1079.5517121336757,0.0,0.0,613.2786299867763,1.0,0.0,0.0,14.997092478095217,0.0,74.25200729720287,8782.26155787864,9.610776124023444,9.85894800101479,50.0,12.131584940610965,2302.786376953125,12.131584940610965,86.13425307833785,86.13425307833785,0.0,0.0,5.208333333333333,0.36638087806051356,426.2167428145716,161.98924870566304,297.7384421213592,150.0,1.0,2.2726369395961754,0.0,1841.891450263865,490.345720613441,477.9665523066951,3279.88882223117,18.492250295061705,0.0,486.8727964637168,86.13425307833785,97.05267952488772,41.666666666666664,12.379168306745884,191703555.20905304,95824833.33333333,10.0,1.0,7.853981633974483,20.0,2.5,98.17477042468104,8782.26155787864,9.610776124023444,9.85894800101479,50.0,12.131584940610965,2302.786376953125,426.2167428145716,5.208333333333333,0.36638087806051356,161.98924870566304
774,0.936273,1.0,1,1724.5132338128997,0.0,490.345720613441,9.610776124023444,76.88620899218755,86.496985116211,1079.5517121336757,0.0,0.0,613.2786299867763,1.0,0.0,0.0,14.997092478095217,0.0,76.51328105210106,8782.26155787864,9.610776124023444,9.85894800101479,50.0,12.131584940610965,2302.786376953125,12.131584940610965,86.13425307833785,86.13425307833785,0.0,0.0,5.208333333333333,0.36638087806051356,426.2167428145716,161.98924870566304,297.7384421213592,150.0,1.0,2.2726369395961754,0.0,1841.891450263865,490.345720613441,477.9665523066951,3279.88882223117,18.492250295061705,0.0,486.8727964637168,86.13425307833785,97.05267952488772,41.666666666666664,12.379168306745884,191703555.20905304,95824833.33333333,10.0,1.0,7.853981633974483,20.0,2.5,98.17477042468104,8782.26155787864,9.610776124023444,9.85894800101479,50.0,12.131584940610965,2302.786376953125,426.2167428145716,5.208333333333333,0.36638087806051356,161.98924870566304
775,0.919414,1.0,1,1693.4607858529012,0.0,490.345720613441,9.610776124023444,76.88620899218755,86.496985116211,1079.5517121336757,0.0,0.0,613.2786299867763,1.0,0.0,0.0,14.997092478095217,0.0,78.77455480699926,8782.26155787864,9.610776124023444,9.85894800101479,50.0,12.131584940610965,2302.786376953125,12.131584940610965,86.13425307833785,86.13425307833785,0.0,0.0,5.208333333333333,0.36638087806051356,426.2167428145716,161.98924870566304,297.7384421213592,150.0,1.0,2.2726369395961754,0.0,1841.891450263865,490.345720613441,477.9665523066951,3279.88882223117,18.492250295061705,0.0,486.8727964637168,86.13425307833785,97.05267952488772,41.666666666666664,12.379168306745884,191703555.20905304,95824833.33333333,10.0,1.0,7.853981633974483,20.0,2.5,98.17477042468104,8782.26155787864,9.610776124023444,9.85894800101479,50.0,12.131584940610965,2302.786376953125,426.2167428145716,5.208333333333333,0.36638087806051356,161.98924870566304
776,0.8898010000000001,1.0,1,1638.9168543362375,0.0,490.345720613441,9.610776124023444,76.88620899218755,86.496985116211,1079.5517121336757,0.0,0.0,613.2786299867763,1.0,0.0,0.0,14.997092478095217,0.0,81.03582856189746,8782.26155787864,9.610776124023444,9.85894800101479,50.0,12.131584940610965,2302.786376953125,12.131584940610965,86.13425307833785,86.13425307833785,0.0,0.0,5.208333333333333,0.36638087806051356,426.2167428145716,161.98924870566304,297.7384421213592,150.0,1.0,2.2726369395961754,0.0,1841.891450263865,490.345720613441,477.9665523066951,3279.88882223117,18.492250295061705,0.0,486.8727964637168,86.13425307833785,97.05267952488772,41.666666666666664,12.379168306745884,191703555.20905304,95824833.33333333,10.0,1.0,7.853981633974483,20.0,2.5,98.17477042468104,8782.26155787864,9.610776124023444,9.85894800101479,50.0,12.131584940610965,2302.786376953125,426.2167428145716,5.208333333333333,0.36638087806051356,161.98924870566304
777,0.8623730000000001,1.0,1,1588.3974556384,0.0,490.345720613441,9.610776124023444,76.88620899218755,86.496985116211,1185.232528124446,105.68081599077028,0.0,713.6754051780081,1.0,0.0,0.0,14.997092478095217,0.0,83.29710231679564,8782.26155787864,9.610776124023444,9.85894800101479,50.0,12.131584940610965,2302.786376953125,12.131584940610965,86.13425307833785,86.13425307833785,0.0,0.0,5.208333333333333,0.36638087806051356,426.2167428145716,161.98924870566304,297.7384421213592,150.0,1.0,2.2726369395961754,0.0,1841.891450263865,490.345720613441,477.9665523066951,3279.88882223117,18.492250295061705,0.0,486.8727964637168,86.13425307833785,97.05267952488772,41.666666666666664,12.379168306745884,191703555.20905304,95824833.33333333,10.0,1.0,7.853981633974483,20.0,2.5,98.17477042468104,8782.26155787864,9.610776124023444,9.85894800101479,50.0,12.131584940610965,2302.786376953125,426.2167428145716,5.208333333333333,0.36638087806051356,161.98924870566304
778,0.829631,1.0,1,1528.0902457738605,0.0,490.345720613441,9.610776124023444,76.88620899218755,86.496985116211,1165.6859652120136,0.0,0.0,713.6754051780081,1.0,0.0,0.0,14.997092478095217,0.0,85.55837607169384,8782.26155787864,9.610776124023444,9.85894800101479,50.0,12.131584940610965,2302.786376953125,12.131584940610965,86.13425307833785,0.0,86.13425307833785,86.13425307833785,5.208333333333333,0.36638087806051356,426.2167428145716,161.98924870566304,297.7384421213592,150.0,1.0,2.2726369395961754,0.0,1841.891450263865,490.345720613441,477.9665523066951,3279.88882223117,18.492250295061705,0.0,486.8727964637168,86.13425307833785,97.05267952488772,41.666666666666664,12.379168306745884,191703555.20905304,95824833.33333333,10.0,1.0,7.853981633974483,20.0,2.5,98.17477042468104,8782.26155787864,9.610776124023444,9.85894800101479,50.0,12.131584940610965,2302.786376953125,426.2167428145716,5.208333333333333,0.36638087806051356,161.98924870566304
779,0.800563,1.0,1,1474.5501450975905,0.0,490.345720613441,9.610776124023444,76.88620899218755,86.496985116211,1079.5517121336757,0.0,0.0,713.6754051780081,1.0,0.0,0.0,14.997092478095217,0.0,87.81964982659204,8782.26155787864,9.610776124023444,9.85894800101479,50.0,12.131584940610965,2302.786376953125,12.131584940610965,86.13425307833785,86.13425307833785,0.0,0.0,5.208333333333333,0.36638087806051356,426.2167428145716,161.98924870566304,297.7384421213592,150.0,1.0,2.2726369395961754,0.0,1841.891450263865,490.345720613441,477.9665523066951,3279.88882223117,18.492250295061705,0.0,486.8727964637168,86.13425307833785,97.05267952488772,41.666666666666664,12.379168306745884,191703555.20905304,95824833.33333333,10.0,1.0,7.853981633974483,20.0,2.5,98.17477042468104,8782.26155787864,9.610776124023444,9.85894800101479,50.0,12.131584940610965,2302.786376953125,426.2167428145716,5.208333333333333,0.36638087806051356,161.98924870566304
780,0.772073,1.0,1,1422.074657679573,0.0,490.345720613441,9.610776124023444,76.88620899218755,86.496985116211,1079.5517121336757,0.0,0.0,713.6754051780081,1.0,0.0,0.0,14.997092478095217,0.0,90.08092358149023,8782.26155787864,9.610776124023444,9.85894800101479,50.0,12.131584940610965,2302.786376953125,12.131584940610965,86.13425307833785,86.13425307833785,0.0,0.0,5.208333333333333,0.36638087806051356,426.2167428145716,161.98924870566304,297.7384421213592,150.0,1.0,2.2726369395961754,0.0,1841.891450263865,490.345720613441,477.9665523066951,3279.88882223117,18.492250295061705,0.0,486.8727964637168,86.13425307833785,97.05267952488772,41.666666666666664,12.379168306745884,191703555.20905304,95824833.33333333,10.0,1.0,7.853981633974483,20.0,2.5,98.17477042468104,8782.26155787864,9.610776124023444,9.85894800101479,50.0,12.131584940610965,2302.786376953125,426.2167428145716,5.208333333333333,0.36638087806051356,161.98924870566304
781,0.735201,1.0,1,1354.1604361254438,0.0,490.345720613441,9.610776124023444,76.88620899218755,86.496985116211,1079.5517121336757,0.0,0.0,713.6754051780081,1.0,0.0,0.0,14.997092478095217,0.0,92.34219733638842,8782.26155787864,9.610776124023444,9.85894800101479,50.0,12.131584940610965,2302.786376953125,12.131584940610965,86.13425307833785,86.13425307833785,0.0,0.0,5.208333333333333,0.36638087806051356,426.2167428145716,161.98924870566304,297.7384421213592,150.0,1.0,2.2726369395961754,0.0,1841.891450263865,490.345720613441,477.9665523066951,3279.88882223117,18.492250295061705,0.0,486.8727964637168,86.13425307833785,97.05267952488772,41.666666666666664,12.379168306745884,191703555.20905304,95824833.33333333,10.0,1.0,7.853981633974483,20.0,2.5,98.17477042468104,8782.26155787864,9.610776124023444,9.85894800101479,50.0,12.131584940610965,2302.786376953125,426.2167428145716,5.208333333333333,0.36638087806051356,161.98924870566304
782,0.691414,1.0,1,1273.5095351927398,0.0,490.345720613441,9.610776124023444,76.88620899218755,86.496985116211,1079.5517121336757,0.0,0.0,713.6754051780081,1.0,0.0,0.0,14.997092478095217,0.0,94.60347109128662,8782.26155787864,9.610776124023444,9.85894800101479,50.0,12.131584940610965,2302.786376953125,12.131584940610965,86.13425307833785,86.13425307833785,0.0,0.0,5.208333333333333,0.36638087806051356,426.2167428145716,161.98924870566304,297.7384421213592,150.0,1.0,2.2726369395961754,0.0,1841.891450263865,490.345720613441,477.9665523066951,3279.88882223117,18.492250295061705,0.0,486.8727964637168,86.13425307833785,97.05267952488772,41.666666666666664,12.379168306745884,191703555.20905304,95824833.33333333,10.0,1.0,7.853981633974483,20.0,2.5,98.17477042468104,8782.26155787864,9.610776124023444,9.85894800101479,50.0,12.131584940610965,2302.786376953125,426.2167428145716,5.208333333333333,0.36638087806051356,161.98924870566304
783,0.6365879999999999,1.0,1,1172.525994540573,0.0,490.345720613441,9.610776124023444,76.88620899218755,86.496985116211,1079.5517121336757,0.0,0.0,713.6754051780081,1.0,0.0,0.0,14.997092478095217,0.0,96.86474484618482,8782.26155787864,9.610776124023444,9.85894800101479,50.0,12.131584940610965,2302.786376953125,12.131584940610965,86.13425307833785,86.13425307833785,0.0,0.0,5.208333333333333,0.36638087806051356,426.2167428145716,161.98924870566304,297.7384421213592,150.0,1.0,2.2726369395961754,0.0,1841.891450263865,490.345720613441,477.9665523066951,3279.88882223117,18.492250295061705,0.0,486.8727964637168,86.13425307833785,97.05267952488772,41.666666666666664,12.379168306745884,191703555.20905304,95824833.33333333,10.0,1.0,7.853981633974483,20.0,2.5,98.17477042468104,8782.26155787864,9.610776124023444,9.85894800101479,50.0,12.131584940610965,2302.786376953125,426.2167428145716,5.208333333333333,0.36638087806051356,161.98924870566304
784,0.569495,1.0,1,1048.9479714680197,0.0,490.345720613441,9.610776124023444,76.88620899218755,86.496985116211,1079.5517121336757,0.0,30.603740665656005,681.4609413194228,1.0,0.0,0.0,14.997092478095217,0.0,99.126018601083,8782.26155787864,9.610776124023444,9.85894800101479,50.0,12.131584940610965,2302.786376953125,12.131584940610965,86.13425307833785,86.13425307833785,0.0,0.0,5.208333333333333,0.36638087806051356,426.2167428145716,161.98924870566304,297.7384421213592,150.0,1.0,2.2726369395961754,0.0,1841.891450263865,490.345720613441,477.9665523066951,3279.88882223117,18.492250295061705,0.0,486.8727964637168,86.13425307833785,97.05267952488772,41.666666666666664,12.379168306745884,191703555.20905304,95824833.33333333,10.0,1.0,7.853981633974483,20.0,2.5,98.17477042468104,8782.26155787864,9.610776124023444,9.85894800101479,50.0,12.131584940610965,2302.786376953125,426.2167428145716,5.208333333333333,0.36638087806051356,161.98924870566304
785,0.518048,1.0,1,954.1881820262946,0.0,490.345720613441,9.610776124023444,76.88620899218755,86.496985116211,1079.5517121336757,0.0,125.36353010738105,549.4993306800743,1.0,0.0,0.0,14.997092478095217,0.0,101.3872923559812,8782.26155787864,9.610776124023444,9.85894800101479,50.0,12.131584940610965,2302.786376953125,12.131584940610965,86.13425307833785,86.13425307833785,0.0,0.0,5.208333333333333,0.36638087806051356,426.2167428145716,161.98924870566304,297.7384421213592,150.0,1.0,2.2726369395961754,0.0,1841.891450263865,490.345720613441,477.9665523066951,3279.88882223117,18.492250295061705,0.0,486.8727964637168,86.13425307833785,97.05267952488772,41.666666666666664,12.379168306745884,191703555.20905304,95824833.33333333,10.0,1.0,7.853981633974483,20.0,2.5,98.17477042468104,8782.26155787864,9.610776124023444,9.85894800101479,50.0,12.131584940610965,2302.786376953125,426.2167428145716,5.208333333333333,0.36638087806051356,161.98924870566304
786,0.484401,1.0,1,892.2140603992665,0.0,490.345720613441,9.610776124023444,76.88620899218755,86.496985116211,1079.5517121336757,0.0,187.33765173440918,352.301802538591,1.0,0.0,0.0,14.997092478095217,0.0,103.6485661108794,8782.26155787864,9.610776124023444,9.85894800101479,50.0,12.131584940610965,2302.786376953125,12.131584940610965,86.13425307833785,86.13425307833785,0.0,0.0,5.208333333333333,0.36638087806051356,426.2167428145716,161.98924870566304,297.7384421213592,150.0,1.0,2.2726369395961754,0.0,1841.891450263865,490.345720613441,477.9665523066951,3279.88882223117,18.492250295061705,0.0,486.8727964637168,86.13425307833785,97.05267952488772,41.666666666666664,12.379168306745884,191703555.20905304,95824833.33333333,10.0,1.0,7.853981633974483,20.0,2.5,98.17477042468104,8782.26155787864,9.610776124023444,9.85894800101479,50.0,12.131584940610965,2302.786376953125,426.2167428145716,5.208333333333333,0.36638087806051356,161.98924870566304
787,0.4802579999999999,1.0,1,884.5831041208231,0.0,490.345720613441,9.610776124023444,76.88620899218755,86.496985116211,1079.5517121336757,0.0,194.96860801285254,147.0716888408515,1.0,0.0,0.0,14.997092478095217,0.0,105.9098398657776,8782.26155787864,9.610776124023444,9.85894800101479,50.0,12.131584940610965,2302.786376953125,12.131584940610965,86.13425307833785,86.13425307833785,0.0,0.0,5.208333333333333,0.36638087806051356,426.2167428145716,161.98924870566304,297.7384421213592,150.0,1.0,2.2726369395961754,0.0,1841.891450263865,490.345720613441,477.9665523066951,3279.88882223117,18.492250295061705,0.0,486.8727964637168,86.13425307833785,97.05267952488772,41.666666666666664,12.379168306745884,191703555.20905304,95824833.33333333,10.0,1.0,7.853981633974483,20.0,2.5,98.17477042468104,8782.26155787864,9.610776124023444,9.85894800101479,50.0,12.131584940610965,2302.786376953125,426.2167428145716,5.208333333333333,0.36638087806051356,161.98924870566304
788,0.514159,1.0,1,947.0250661762186,0.0,490.345720613441,9.610776124023444,76.88620899218755,86.496985116211,1079.5517121336757,0.0,132.52664595745705,7.569956254054603,1.0,0.0,0.0,14.997092478095217,0.0,108.17111362067578,8782.26155787864,9.610776124023444,9.85894800101479,50.0,12.131584940610965,2302.786376953125,12.131584940610965,86.13425307833785,86.13425307833785,0.0,0.0,5.208333333333333,0.36638087806051356,426.2167428145716,161.98924870566304,297.7384421213592,150.0,1.0,2.2726369395961754,0.0,1841.891450263865,490.345720613441,477.9665523066951,3279.88882223117,18.492250295061705,0.0,486.8727964637168,86.13425307833785,97.05267952488772,41.666666666666664,12.379168306745884,191703555.20905304,95824833.33333333,10.0,1.0,7.853981633974483,20.0,2.5,98.17477042468104,8782.26155787864,9.610776124023444,9.85894800101479,50.0,12.131584940610965,2302.786376953125,426.2167428145716,5.208333333333333,0.36638087806051356,161.98924870566304
789,0.582206,1.0,1,1072.3602536923238,0.0,490.345720613441,9.610776124023444,76.88620899218755,86.496985116211,1079.5517121336757,0.0,7.19145844135187,0.0,1.0,0.0,0.0,14.997092478095217,0.0,110.43238737557398,8782.26155787864,9.610776124023444,9.85894800101479,50.0,12.131584940610965,2302.786376953125,12.131584940610965,86.13425307833785,86.13425307833785,0.0,0.0,5.208333333333333,0.36638087806051356,426.2167428145716,161.98924870566304,297.7384421213592,150.0,1.0,2.2726369395961754,0.0,1841.891450263865,490.345720613441,477.9665523066951,3279.88882223117,18.492250295061705,0.0,486.8727964637168,86.13425307833785,97.05267952488772,41.666666666666664,12.379168306745884,191703555.20905304,95824833.33333333,10.0,1.0,7.853981633974483,20.0,2.5,98.17477042468104,8782.26155787864,9.610776124023444,9.85894800101479,50.0,12.131584940610965,2302.786376953125,426.2167428145716,5.208333333333333,0.36638087806051356,161.98924870566304
790,0.650891,1.0,1,1198.8705679536972,0.0,490.345720613441,9.610776124023444,76.88620899218755,86.496985116211,1079.5517121336757,0.0,0.0,0.0,1.0,0.0,0.0,14.997092478095217,0.0,112.69366113047218,8782.26155787864,9.610776124023444,9.85894800101479,50.0,12.131584940610965,2302.786376953125,12.131584940610965,86.13425307833785,86.13425307833785,0.0,0.0,5.208333333333333,0.36638087806051356,426.2167428145716,161.98924870566304,297.7384421213592,150.0,1.0,2.2726369395961754,0.0,1841.891450263865,490.345720613441,477.9665523066951,3279.88882223117,18.492250295061705,0.0,486.8727964637168,86.13425307833785,97.05267952488772,41.666666666666664,12.379168306745884,191703555.20905304,95824833.33333333,10.0,1.0,7.853981633974483,20.0,2.5,98.17477042468104,8782.26155787864,9.610776124023444,9.85894800101479,50.0,12.131584940610965,2302.786376953125,426.2167428145716,5.208333333333333,0.36638087806051356,161.98924870566304
791,0.71441,1.0,1,1315.8656709830077,0.0,490.345720613441,9.610776124023444,76.88620899218755,86.496985116211,1079.5517121336757,0.0,0.0,0.0,1.0,0.0,0.0,14.997092478095217,0.0,114.95493488537038,8782.26155787864,9.610776124023444,9.85894800101479,50.0,12.131584940610965,2302.786376953125,12.131584940610965,86.13425307833785,86.13425307833785,0.0,0.0,5.208333333333333,0.36638087806051356,426.2167428145716,161.98924870566304,297.7384421213592,150.0,1.0,2.2726369395961754,0.0,1841.891450263865,490.345720613441,477.9665523066951,3279.88882223117,18.492250295061705,0.0,486.8727964637168,86.13425307833785,97.05267952488772,41.666666666666664,12.379168306745884,191703555.20905304,95824833.33333333,10.0,1.0,7.853981633974483,20.0,2.5,98.17477042468104,8782.26155787864,9.610776124023444,9.85894800101479,50.0,12.131584940610965,2302.786376953125,426.2167428145716,5.208333333333333,0.36638087806051356,161.98924870566304
792,0.988967,1.0,1,1821.5698618931037,0.0,490.345720613441,9.610776124023444,76.88620899218755,86.496985116211,1079.5517121336757,0.0,0.0,0.0,1.0,0.0,0.0,14.997092478095217,0.0,117.21620864026858,8782.26155787864,9.610776124023444,9.85894800101479,50.0,12.131584940610965,2302.786376953125,12.131584940610965,86.13425307833785,86.13425307833785,0.0,0.0,5.208333333333333,0.36638087806051356,426.2167428145716,161.98924870566304,297.7384421213592,150.0,1.0,2.2726369395961754,0.0,1841.891450263865,490.345720613441,477.9665523066951,3279.88882223117,18.492250295061705,0.0,486.8727964637168,86.13425307833785,97.05267952488772,41.666666666666664,12.379168306745884,191703555.20905304,95824833.33333333,10.0,1.0,7.853981633974483,20.0,2.5,98.17477042468104,8782.26155787864,9.610776124023444,9.85894800101479,50.0,12.131584940610965,2302.786376953125,426.2167428145716,5.208333333333333,0.36638087806051356,161.98924870566304
793,0.98551,1.0,1,1815.2024431495415,0.0,490.345720613441,9.610776124023444,76.88620899218755,86.496985116211,1079.5517121336757,0.0,0.0,0.0,1.0,0.0,0.0,14.997092478095217,0.0,119.47748239516677,8782.26155787864,9.610776124023444,9.85894800101479,50.0,12.131584940610965,2302.786376953125,12.131584940610965,86.13425307833785,86.13425307833785,0.0,0.0,5.208333333333333,0.36638087806051356,426.2167428145716,161.98924870566304,297.7384421213592,150.0,1.0,2.2726369395961754,0.0,1841.891450263865,490.345720613441,477.9665523066951,3279.88882223117,18.492250295061705,0.0,486.8727964637168,86.13425307833785,97.05267952488772,41.666666666666664,12.379168306745884,191703555.20905304,95824833.33333333,10.0,1.0,7.853981633974483,20.0,2.5,98.17477042468104,8782.26155787864,9.610776124023444,9.85894800101479,50.0,12.131584940610965,2302.786376953125,426.2167428145716,5.208333333333333,0.36638087806051356,161.98924870566304
794,0.985982,1.0,1,1816.071815914066,0.0,490.345720613441,9.610776124023444,76.88620899218755,86.496985116211,1079.5517121336757,0.0,0.0,0.0,1.0,0.0,0.0,14.997092478095217,0.0,121.73875615006497,8782.26155787864,9.610776124023444,9.85894800101479,50.0,12.131584940610965,2302.786376953125,12.131584940610965,86.13425307833785,86.13425307833785,0.0,0.0,5.208333333333333,0.36638087806051356,426.2167428145716,161.98924870566304,297.7384421213592,150.0,1.0,2.2726369395961754,0.0,1841.891450263865,490.345720613441,477.9665523066951,3279.88882223117,18.492250295061705,0.0,486.8727964637168,86.13425307833785,97.05267952488772,41.666666666666664,12.379168306745884,191703555.20905304,95824833.33333333,10.0,1.0,7.853981633974483,20.0,2.5,98.17477042468104,8782.26155787864,9.610776124023444,9.85894800101479,50.0,12.131584940610965,2302.786376953125,426.2167428145716,5.208333333333333,0.36638087806051356,161.98924870566304
795,0.986517,1.0,1,1817.0572278399572,0.0,490.345720613441,9.610776124023444,76.88620899218755,86.496985116211,1079.5517121336757,0.0,0.0,0.0,1.0,0.0,0.0,14.997092478095217,0.0,124.00002990496317,8782.26155787864,9.610776124023444,9.85894800101479,50.0,12.131584940610965,2302.786376953125,12.131584940610965,86.13425307833785,86.13425307833785,0.0,0.0,5.208333333333333,0.36638087806051356,426.2167428145716,161.98924870566304,297.7384421213592,150.0,1.0,2.2726369395961754,0.0,1841.891450263865,490.345720613441,477.9665523066951,3279.88882223117,18.492250295061705,0.0,486.8727964637168,86.13425307833785,97.05267952488772,41.666666666666664,12.379168306745884,191703555.20905304,95824833.33333333,10.0,1.0,7.853981633974483,20.0,2.5,98.17477042468104,8782.26155787864,9.610776124023444,9.85894800101479,50.0,12.131584940610965,2302.786376953125,426.2167428145716,5.208333333333333,0.36638087806051356,161.98924870566304
796,0.984012,1.0,1,1812.4432897570464,0.0,490.345720613441,9.610776124023444,76.88620899218755,86.496985116211,1079.5517121336757,0.0,0.0,0.0,1.0,0.0,0.0,14.997092478095217,0.0,126.26130365986137,8782.26155787864,9.610776124023444,9.85894800101479,50.0,12.131584940610965,2302.786376953125,12.131584940610965,86.13425307833785,86.13425307833785,0.0,0.0,5.208333333333333,0.36638087806051356,426.2167428145716,161.98924870566304,297.7384421213592,150.0,1.0,2.2726369395961754,0.0,1841.891450263865,490.345720613441,477.9665523066951,3279.88882223117,18.492250295061705,0.0,486.8727964637168,86.13425307833785,97.05267952488772,41.666666666666664,12.379168306745884,191703555.20905304,95824833.33333333,10.0,1.0,7.853981633974483,20.0,2.5,98.17477042468104,8782.26155787864,9.610776124023444,9.85894800101479,50.0,12.131584940610965,2302.786376953125,426.2167428145716,5.208333333333333,0.36638087806051356,161.98924870566304
797,0.989099,1.0,1,1821.8129915645384,0.0,490.345720613441,9.610776124023444,76.88620899218755,86.496985116211,1079.5517121336757,0.0,0.0,0.0,1.0,0.0,0.0,14.997092478095217,0.0,128.52257741475955,8782.26155787864,9.610776124023444,9.85894800101479,50.0,12.131584940610965,2302.786376953125,12.131584940610965,86.13425307833785,86.13425307833785,0.0,0.0,5.208333333333333,0.36638087806051356,426.2167428145716,161.98924870566304,297.7384421213592,150.0,1.0,2.2726369395961754,0.0,1841.891450263865,490.345720613441,477.9665523066951,3279.88882223117,18.492250295061705,0.0,486.8727964637168,86.13425307833785,97.05267952488772,41.666666666666664,12.379168306745884,191703555.20905304,95824833.33333333,10.0,1.0,7.853981633974483,20.0,2.5,98.17477042468104,8782.26155787864,9.610776124023444,9.85894800101479,50.0,12.131584940610965,2302.786376953125,426.2167428145716,5.208333333333333,0.36638087806051356,161.98924870566304
798,0.9863,1.0,1,1816.6575373952498,0.0,490.345720613441,9.610776124023444,76.88620899218755,86.496985116211,1079.5517121336757,0.0,0.0,0.0,1.0,0.0,0.0,14.997092478095217,0.0,130.78385116965774,8782.26155787864,9.610776124023444,9.85894800101479,50.0,12.131584940610965,2302.786376953125,12.131584940610965,86.13425307833785,86.13425307833785,0.0,0.0,5.208333333333333,0.36638087806051356,426.2167428145716,161.98924870566304,297.7384421213592,150.0,1.0,2.2726369395961754,0.0,1841.891450263865,490.345720613441,477.9665523066951,3279.88882223117,18.492250295061705,0.0,486.8727964637168,86.13425307833785,97.05267952488772,41.666666666666664,12.379168306745884,191703555.20905304,95824833.33333333,10.0,1.0,7.853981633974483,20.0,2.5,98.17477042468104,8782.26155787864,9.610776124023444,9.85894800101479,50.0,12.131584940610965,2302.786376953125,426.2167428145716,5.208333333333333,0.36638087806051356,161.98924870566304
799,0.970471,1.0,1,1787.5022376290233,0.0,490.345720613441,9.610776124023444,76.88620899218755,86.496985116211,1079.5517121336757,0.0,0.0,0.0,1.0,0.0,0.0,14.997092478095217,0.0,133.04512492455592,8782.26155787864,9.610776124023444,9.85894800101479,50.0,12.131584940610965,2302.786376953125,12.131584940610965,86.13425307833785,86.13425307833785,0.0,0.0,5.208333333333333,0.36638087806051356,426.2167428145716,161.98924870566304,297.7384421213592,150.0,1.0,2.2726369395961754,0.0,1841.891450263865,490.345720613441,477.9665523066951,3279.88882223117,18.492250295061705,0.0,486.8727964637168,86.13425307833785,97.05267952488772,41.666666666666664,12.379168306745884,191703555.20905304,95824833.33333333,10.0,1.0,7.853981633974483,20.0,2.5,98.17477042468104,8782.26155787864,9.610776124023444,9.85894800101479,50.0,12.131584940610965,2302.786376953125,426.2167428145716,5.208333333333333,0.36638087806051356,161.98924870566304
800,0.935853,1.0,1,1723.739639403789,0.0,490.345720613441,9.610776124023444,76.88620899218755,86.496985116211,1079.5517121336757,0.0,0.0,0.0,1.0,0.0,0.0,14.997092478095217,0.0,135.3063986794541,8782.26155787864,9.610776124023444,9.85894800101479,50.0,12.131584940610965,2302.786376953125,12.131584940610965,86.13425307833785,86.13425307833785,0.0,0.0,5.208333333333333,0.36638087806051356,426.2167428145716,161.98924870566304,297.7384421213592,150.0,1.0,2.2726369395961754,0.0,1841.891450263865,490.345720613441,477.9665523066951,3279.88882223117,18.492250295061705,0.0,486.8727964637168,86.13425307833785,97.05267952488772,41.666666666666664,12.379168306745884,191703555.20905304,95824833.33333333,10.0,1.0,7.853981633974483,20.0,2.5,98.17477042468104,8782.26155787864,9.610776124023444,9.85894800101479,50.0,12.131584940610965,2302.786376953125,426.2167428145716,5.208333333333333,0.36638087806051356,161.98924870566304
801,0.8813500000000001,1.0,1,1623.3510296900574,0.0,490.345720613441,9.610776124023444,76.88620899218755,86.496985116211,1079.5517121336757,0.0,0.0,0.0,1.0,0.0,0.0,14.997092478095217,0.0,137.5676724343523,8782.26155787864,9.610776124023444,9.85894800101479,50.0,12.131584940610965,2302.786376953125,12.131584940610965,86.13425307833785,86.13425307833785,0.0,0.0,5.208333333333333,0.36638087806051356,426.2167428145716,161.98924870566304,297.7384421213592,150.0,1.0,2.2726369395961754,0.0,1841.891450263865,490.345720613441,477.9665523066951,3279.88882223117,18.492250295061705,0.0,486.8727964637168,86.13425307833785,97.05267952488772,41.666666666666664,12.379168306745884,191703555.20905304,95824833.33333333,10.0,1.0,7.853981633974483,20.0,2.5,98.17477042468104,8782.26155787864,9.610776124023444,9.85894800101479,50.0,12.131584940610965,2302.786376953125,426.2167428145716,5.208333333333333,0.36638087806051356,161.98924870566304
802,0.8713390000000001,1.0,1,1604.911854381466,0.0,490.345720613441,9.610776124023444,76.88620899218755,86.496985116211,1079.5517121336757,0.0,0.0,0.0,1.0,0.0,0.0,14.997092478095217,0.0,139.82894618925047,8782.26155787864,9.610776124023444,9.85894800101479,50.0,12.131584940610965,2302.786376953125,12.131584940610965,86.13425307833785,86.13425307833785,0.0,0.0,5.208333333333333,0.36638087806051356,426.2167428145716,161.98924870566304,297.7384421213592,150.0,1.0,2.2726369395961754,0.0,1841.891450263865,490.345720613441,477.9665523066951,3279.88882223117,18.492250295061705,0.0,486.8727964637168,86.13425307833785,97.05267952488772,41.666666666666664,12.379168306745884,191703555.20905304,95824833.33333333,10.0,1.0,7.853981633974483,20.0,2.5,98.17477042468104,8782.26155787864,9.610776124023444,9.85894800101479,50.0,12.131584940610965,2302.786376953125,426.2167428145716,5.208333333333333,0.36638087806051356,161.98924870566304
803,0.83897,1.0,1,1545.2916700278747,0.0,490.345720613441,9.610776124023444,76.88620899218755,86.496985116211,1165.6859652120136,0.0,0.0,0.0,1.0,0.0,0.0,14.997092478095217,0.0,142.09021994414869,8782.26155787864,9.610776124023444,9.85894800101479,50.0,12.131584940610965,2302.786376953125,12.131584940610965,86.13425307833785,0.0,86.13425307833785,86.13425307833785,5.208333333333333,0.36638087806051356,426.2167428145716,161.98924870566304,297.7384421213592,150.0,1.0,2.2726369395961754,0.0,1841.891450263865,490.345720613441,477.9665523066951,3279.88882223117,18.492250295061705,0.0,486.8727964637168,86.13425307833785,97.05267952488772,41.666666666666664,12.379168306745884,191703555.20905304,95824833.33333333,10.0,1.0,7.853981633974483,20.0,2.5,98.17477042468104,8782.26155787864,9.610776124023444,9.85894800101479,50.0,12.131584940610965,2302.786376953125,426.2167428145716,5.208333333333333,0.36638087806051356,161.98924870566304
804,0.7834800000000001,1.0,1,1443.0851134527331,0.0,490.345720613441,9.610776124023444,76.88620899218755,86.496985116211,1165.6859652120136,0.0,0.0,0.0,1.0,0.0,0.0,14.997092478095217,0.0,144.35149369904687,8782.26155787864,9.610776124023444,9.85894800101479,50.0,12.131584940610965,2302.786376953125,12.131584940610965,86.13425307833785,0.0,86.13425307833785,86.13425307833785,5.208333333333333,0.36638087806051356,426.2167428145716,161.98924870566304,297.7384421213592,150.0,1.0,2.2726369395961754,0.0,1841.891450263865,490.345720613441,477.9665523066951,3279.88882223117,18.492250295061705,0.0,486.8727964637168,86.13425307833785,97.05267952488772,41.666666666666664,12.379168306745884,191703555.20905304,95824833.33333333,10.0,1.0,7.853981633974483,20.0,2.5,98.17477042468104,8782.26155787864,9.610776124023444,9.85894800101479,50.0,12.131584940610965,2302.786376953125,426.2167428145716,5.208333333333333,0.36638087806051356,161.98924870566304
805,0.725795,1.0,1,1336.8356051442618,0.0,490.345720613441,9.610776124023444,76.88620899218755,86.496985116211,1079.5517121336757,0.0,0.0,0.0,1.0,0.0,0.0,14.997092478095217,0.0,146.61276745394505,8782.26155787864,9.610776124023444,9.85894800101479,50.0,12.131584940610965,2302.786376953125,12.131584940610965,86.13425307833785,86.13425307833785,0.0,0.0,5.208333333333333,0.36638087806051356,426.2167428145716,161.98924870566304,297.7384421213592,150.0,1.0,2.2726369395961754,0.0,1841.891450263865,490.345720613441,477.9665523066951,3279.88882223117,18.492250295061705,0.0,486.8727964637168,86.13425307833785,97.05267952488772,41.666666666666664,12.379168306745884,191703555.20905304,95824833.33333333,10.0,1.0,7.853981633974483,20.0,2.5,98.17477042468104,8782.26155787864,9.610776124023444,9.85894800101479,50.0,12.131584940610965,2302.786376953125,426.2167428145716,5.208333333333333,0.36638087806051356,161.98924870566304
806,0.662693,1.0,1,1220.6085708497114,0.0,490.345720613441,9.610776124023444,76.88620899218755,86.496985116211,1079.5517121336757,0.0,0.0,0.0,1.0,0.0,0.0,14.997092478095217,0.0,148.87404120884327,8782.26155787864,9.610776124023444,9.85894800101479,50.0,12.131584940610965,2302.786376953125,12.131584940610965,86.13425307833785,86.13425307833785,0.0,0.0,5.208333333333333,0.36638087806051356,426.2167428145716,161.98924870566304,297.7384421213592,150.0,1.0,2.2726369395961754,0.0,1841.891450263865,490.345720613441,477.9665523066951,3279.88882223117,18.492250295061705,0.0,486.8727964637168,86.13425307833785,97.05267952488772,41.666666666666664,12.379168306745884,191703555.20905304,95824833.33333333,10.0,1.0,7.853981633974483,20.0,2.5,98.17477042468104,8782.26155787864,9.610776124023444,9.85894800101479,50.0,12.131584940610965,2302.786376953125,426.2167428145716,5.208333333333333,0.36638087806051356,161.98924870566304
807,0.7347659999999999,1.0,1,1353.3592133445788,0.0,490.345720613441,9.610776124023444,76.88620899218755,86.496985116211,1353.359213344579,273.8075012109033,0.0,260.1171261503581,1.0,0.0,0.0,14.997092478095217,0.0,151.13531496374145,8782.26155787864,9.610776124023444,9.85894800101479,50.0,12.131584940610965,2302.786376953125,12.131584940610965,86.13425307833785,86.13425307833785,0.0,0.0,5.208333333333333,0.36638087806051356,426.2167428145716,161.98924870566304,297.7384421213592,150.0,1.0,2.2726369395961754,0.0,1841.891450263865,490.345720613441,477.9665523066951,3279.88882223117,18.492250295061705,0.0,486.8727964637168,86.13425307833785,97.05267952488772,41.666666666666664,12.379168306745884,191703555.20905304,95824833.33333333,10.0,1.0,7.853981633974483,20.0,2.5,98.17477042468104,8782.26155787864,9.610776124023444,9.85894800101479,50.0,12.131584940610965,2302.786376953125,426.2167428145716,5.208333333333333,0.36638087806051356,161.98924870566304
808,0.903178,1.0,1,1663.5558362664171,0.0,490.345720613441,9.610776124023444,76.88620899218755,86.496985116211,1079.5517121336757,0.0,0.0,260.1171261503581,1.0,0.0,0.0,14.997092478095217,0.0,153.39658871863963,8782.26155787864,9.610776124023444,9.85894800101479,50.0,12.131584940610965,2302.786376953125,12.131584940610965,86.13425307833785,86.13425307833785,0.0,0.0,5.208333333333333,0.36638087806051356,426.2167428145716,161.98924870566304,297.7384421213592,150.0,1.0,2.2726369395961754,0.0,1841.891450263865,490.345720613441,477.9665523066951,3279.88882223117,18.492250295061705,0.0,486.8727964637168,86.13425307833785,97.05267952488772,41.666666666666664,12.379168306745884,191703555.20905304,95824833.33333333,10.0,1.0,7.853981633974483,20.0,2.5,98.17477042468104,8782.26155787864,9.610776124023444,9.85894800101479,50.0,12.131584940610965,2302.786376953125,426.2167428145716,5.208333333333333,0.36638087806051356,161.98924870566304
809,0.959014,1.0,1,1766.3996872833502,0.0,490.345720613441,9.610776124023444,76.88620899218755,86.496985116211,1766.3996872833502,686.8479751496745,0.0,912.6227025425488,1.0,0.0,0.0,14.997092478095217,0.0,155.65786247353782,8782.26155787864,9.610776124023444,9.85894800101479,50.0,12.131584940610965,2302.786376953125,12.131584940610965,86.13425307833785,86.13425307833785,0.0,0.0,5.208333333333333,0.36638087806051356,426.2167428145716,161.98924870566304,297.7384421213592,150.0,1.0,2.2726369395961754,0.0,1841.891450263865,490.345720613441,477.9665523066951,3279.88882223117,18.492250295061705,0.0,486.8727964637168,86.13425307833785,97.05267952488772,41.666666666666664,12.379168306745884,191703555.20905304,95824833.33333333,10.0,1.0,7.853981633974483,20.0,2.5,98.17477042468104,8782.26155787864,9.610776124023444,9.85894800101479,50.0,12.131584940610965,2302.786376953125,426.2167428145716,5.208333333333333,0.36638087806051356,161.98924870566304
810,0.985705,1.0,1,1815.561611982343,0.0,490.345720613441,9.610776124023444,76.88620899218755,86.496985116211,1815.5616119823428,736.0098998486671,0.0,1611.8321073987827,1.0,0.0,0.0,14.997092478095217,0.0,157.91913622843606,8782.26155787864,9.610776124023444,9.85894800101479,50.0,12.131584940610965,2302.786376953125,12.131584940610965,86.13425307833785,86.13425307833785,0.0,0.0,5.208333333333333,0.36638087806051356,426.2167428145716,161.98924870566304,297.7384421213592,150.0,1.0,2.2726369395961754,0.0,1841.891450263865,490.345720613441,477.9665523066951,3279.88882223117,18.492250295061705,0.0,486.8727964637168,86.13425307833785,97.05267952488772,41.666666666666664,12.379168306745884,191703555.20905304,95824833.33333333,10.0,1.0,7.853981633974483,20.0,2.5,98.17477042468104,8782.26155787864,9.610776124023444,9.85894800101479,50.0,12.131584940610965,2302.786376953125,426.2167428145716,5.208333333333333,0.36638087806051356,161.98924870566304
811,0.988679,1.0,1,1821.0393971554277,0.0,490.345720613441,9.610776124023444,76.88620899218755,86.496985116211,1079.5517121336757,0.0,0.0,1611.8321073987827,1.0,0.0,0.0,14.997092478095217,0.0,160.18040998333424,8782.26155787864,9.610776124023444,9.85894800101479,50.0,12.131584940610965,2302.786376953125,12.131584940610965,86.13425307833785,86.13425307833785,0.0,0.0,5.208333333333333,0.36638087806051356,426.2167428145716,161.98924870566304,297.7384421213592,150.0,1.0,2.2726369395961754,0.0,1841.891450263865,490.345720613441,477.9665523066951,3279.88882223117,18.492250295061705,0.0,486.8727964637168,86.13425307833785,97.05267952488772,41.666666666666664,12.379168306745884,191703555.20905304,95824833.33333333,10.0,1.0,7.853981633974483,20.0,2.5,98.17477042468104,8782.26155787864,9.610776124023444,9.85894800101479,50.0,12.131584940610965,2302.786376953125,426.2167428145716,5.208333333333333,0.36638087806051356,161.98924870566304
812,0.974098,1.0,1,1794.1827779191303,0.0,490.345720613441,9.610776124023444,76.88620899218755,86.496985116211,1794.18277791913,714.6310657854544,0.0,2290.7316198949643,1.0,0.0,0.0,14.997092478095217,0.0,162.44168373823243,8782.26155787864,9.610776124023444,9.85894800101479,50.0,12.131584940610965,2302.786376953125,12.131584940610965,86.13425307833785,86.13425307833785,0.0,0.0,5.208333333333333,0.36638087806051356,426.2167428145716,161.98924870566304,297.7384421213592,150.0,1.0,2.2726369395961754,0.0,1841.891450263865,490.345720613441,477.9665523066951,3279.88882223117,18.492250295061705,0.0,486.8727964637168,86.13425307833785,97.05267952488772,41.666666666666664,12.379168306745884,191703555.20905304,95824833.33333333,10.0,1.0,7.853981633974483,20.0,2.5,98.17477042468104,8782.26155787864,9.610776124023444,9.85894800101479,50.0,12.131584940610965,2302.786376953125,426.2167428145716,5.208333333333333,0.36638087806051356,161.98924870566304
813,0.974287,1.0,1,1794.5308954032303,0.0,490.345720613441,9.610776124023444,76.88620899218755,86.496985116211,1079.5517121336757,0.0,0.0,2290.7316198949643,1.0,0.0,0.0,14.997092478095217,0.0,164.70295749313064,8782.26155787864,9.610776124023444,9.85894800101479,50.0,12.131584940610965,2302.786376953125,12.131584940610965,86.13425307833785,86.13425307833785,0.0,0.0,5.208333333333333,0.36638087806051356,426.2167428145716,161.98924870566304,297.7384421213592,150.0,1.0,2.2726369395961754,0.0,1841.891450263865,490.345720613441,477.9665523066951,3279.88882223117,18.492250295061705,0.0,486.8727964637168,86.13425307833785,97.05267952488772,41.666666666666664,12.379168306745884,191703555.20905304,95824833.33333333,10.0,1.0,7.853981633974483,20.0,2.5,98.17477042468104,8782.26155787864,9.610776124023444,9.85894800101479,50.0,12.131584940610965,2302.786376953125,426.2167428145716,5.208333333333333,0.36638087806051356,161.98924870566304
814,0.960851,1.0,1,1769.783241877485,0.0,490.345720613441,9.610776124023444,76.88620899218755,86.496985116211,1769.783241877485,690.2315297438092,0.0,2946.451573151583,1.0,0.0,0.0,14.997092478095217,0.0,166.96423124802882,8782.26155787864,9.610776124023444,9.85894800101479,50.0,12.131584940610965,2302.786376953125,12.131584940610965,86.13425307833785,86.13425307833785,0.0,0.0,5.208333333333333,0.36638087806051356,426.2167428145716,161.98924870566304,297.7384421213592,150.0,1.0,2.2726369395961754,0.0,1841.891450263865,490.345720613441,477.9665523066951,3279.88882223117,18.492250295061705,0.0,486.8727964637168,86.13425307833785,97.05267952488772,41.666666666666664,12.379168306745884,191703555.20905304,95824833.33333333,10.0,1.0,7.853981633974483,20.0,2.5,98.17477042468104,8782.26155787864,9.610776124023444,9.85894800101479,50.0,12.131584940610965,2302.786376953125,426.2167428145716,5.208333333333333,0.36638087806051356,161.98924870566304
815,0.91229,1.0,1,1680.3391511612215,0.0,490.345720613441,9.610776124023444,76.88620899218755,86.496985116211,1430.538290112188,350.9865779785124,0.0,3279.88882223117,1.0,0.0,0.0,14.997092478095217,0.0,169.225505002927,8782.26155787864,9.610776124023444,9.85894800101479,50.0,12.131584940610965,2302.786376953125,12.131584940610965,86.13425307833785,86.13425307833785,0.0,0.0,5.208333333333333,0.36638087806051356,426.2167428145716,161.98924870566304,297.7384421213592,150.0,1.0,2.2726369395961754,0.0,1841.891450263865,490.345720613441,477.9665523066951,3279.88882223117,18.492250295061705,0.0,486.8727964637168,86.13425307833785,97.05267952488772,41.666666666666664,12.379168306745884,191703555.20905304,95824833.33333333,10.0,1.0,7.853981633974483,20.0,2.5,98.17477042468104,8782.26155787864,9.610776124023444,9.85894800101479,50.0,12.131584940610965,2302.786376953125,426.2167428145716,5.208333333333333,0.36638087806051356,161.98924870566304
816,0.316024,1.0,1,582.0819036781877,0.0,0.0,0.0,0.0,0.0,590.167069132637,0.0,8.085165454449292,3271.378121752802,0.0,0.0,9.610776124023444,5.190178065826396,0.0,171.48677875782522,8782.26155787864,9.610776124023444,9.85894800101479,50.0,12.131584940610965,2302.786376953125,12.131584940610965,86.13425307833785,86.13425307833785,0.0,0.0,5.208333333333333,0.36638087806051356,426.2167428145716,161.98924870566304,297.7384421213592,150.0,1.0,2.2726369395961754,0.0,1841.891450263865,490.345720613441,477.9665523066951,3279.88882223117,18.492250295061705,0.0,486.8727964637168,86.13425307833785,97.05267952488772,41.666666666666664,12.379168306745884,191703555.20905304,95824833.33333333,10.0,1.0,7.853981633974483,20.0,2.5,98.17477042468104,8782.26155787864,9.610776124023444,9.85894800101479,50.0,12.131584940610965,2302.786376953125,426.2167428145716,5.208333333333333,0.36638087806051356,161.98924870566304
817,0.3048929999999999,-0.0,1,561.5798099453004,0.0,383.5551974977265,7.517681870955439,60.14145496764351,67.65913683859895,561.5798099453003,0.0,0.0,3271.378121752802,1.0,7.517681870955439,0.0,12.55750629936273,0.0,161.57828830454403,0.0,0.0,9.85894800101479,50.0,0.0,0.0,0.0,0.0,0.0,0.0,0.0,5.208333333333333,0.36638087806051356,0.0,161.98924870566304,9080.0,150.0,-0.0,0.0,9.85894800101479,1841.891450263865,490.345720613441,477.9665523066951,3279.88882223117,18.492250295061705,0.0,486.8727964637168,86.13425307833785,97.05267952488772,41.666666666666664,12.379168306745884,191703555.20905304,95824833.33333333,10.0,1.0,7.853981633974483,20.0,2.5,98.17477042468104,8782.26155787864,9.610776124023444,9.85894800101479,50.0,12.131584940610965,2302.786376953125,426.2167428145716,5.208333333333333,0.36638087806051356,161.98924870566304
818,0.297348,1.0,1,547.6827389530597,0.0,0.0,0.0,0.0,0.0,590.167069132637,0.0,42.48433017957764,3226.657774195352,-0.0,0.0,9.610776124023444,2.7505918870939094,0.0,163.83956205944222,8782.26155787864,9.610776124023444,9.85894800101479,50.0,12.131584940610965,2302.786376953125,12.131584940610965,86.13425307833785,86.13425307833785,0.0,0.0,5.208333333333333,0.36638087806051356,426.2167428145716,161.98924870566304,297.7384421213592,150.0,1.0,2.2726369395961754,0.0,1841.891450263865,490.345720613441,477.9665523066951,3279.88882223117,18.492250295061705,0.0,486.8727964637168,86.13425307833785,97.05267952488772,41.666666666666664,12.379168306745884,191703555.20905304,95824833.33333333,10.0,1.0,7.853981633974483,20.0,2.5,98.17477042468104,8782.26155787864,9.610776124023444,9.85894800101479,50.0,12.131584940610965,2302.786376953125,426.2167428145716,5.208333333333333,0.36638087806051356,161.98924870566304
819,0.296942,-0.0,1,546.9349310242526,0.0,369.46274280079825,7.241469758895645,57.93175807116516,65.17322783006081,546.9349310242526,0.0,0.0,3226.657774195352,1.0,7.241469758895645,0.0,9.847232250811635,0.0,153.93107160616103,0.0,0.0,9.85894800101479,50.0,0.0,0.0,0.0,0.0,0.0,0.0,0.0,5.208333333333333,0.36638087806051356,0.0,161.98924870566304,9080.0,150.0,-0.0,0.0,9.85894800101479,1841.891450263865,490.345720613441,477.9665523066951,3279.88882223117,18.492250295061705,0.0,486.8727964637168,86.13425307833785,97.05267952488772,41.666666666666664,12.379168306745884,191703555.20905304,95824833.33333333,10.0,1.0,7.853981633974483,20.0,2.5,98.17477042468104,8782.26155787864,9.610776124023444,9.85894800101479,50.0,12.131584940610965,2302.786376953125,426.2167428145716,5.208333333333333,0.36638087806051356,161.98924870566304
820,0.288595,1.0,1,531.5606630889001,0.0,0.0,0.0,0.0,0.0,590.167069132637,0.0,58.606406043737,3164.9668204651025,-0.0,0.0,9.610776124023444,0.04031783854281379,0.0,156.1923453610592,8782.26155787864,9.610776124023444,9.85894800101479,50.0,12.131584940610965,2302.786376953125,12.131584940610965,86.13425307833785,86.13425307833785,0.0,0.0,5.208333333333333,0.36638087806051356,426.2167428145716,161.98924870566304,297.7384421213592,150.0,1.0,2.2726369395961754,0.0,1841.891450263865,490.345720613441,477.9665523066951,3279.88882223117,18.492250295061705,0.0,486.8727964637168,86.13425307833785,97.05267952488772,41.666666666666664,12.379168306745884,191703555.20905304,95824833.33333333,10.0,1.0,7.853981633974483,20.0,2.5,98.17477042468104,8782.26155787864,9.610776124023444,9.85894800101479,50.0,12.131584940610965,2302.786376953125,426.2167428145716,5.208333333333333,0.36638087806051356,161.98924870566304
821,0.269539,-0.0,1,496.46157961267187,0.0,320.8933130359977,6.289508935505555,50.31607148404444,56.605580419549995,496.46157961267187,0.0,0.0,3164.9668204651025,1.0,6.289508935505555,0.0,6.204036595338258,0.0,146.28385490777802,0.0,0.0,9.85894800101479,50.0,0.0,0.0,0.0,0.0,0.0,0.0,0.0,5.208333333333333,0.36638087806051356,0.0,161.98924870566304,9080.0,150.0,-0.0,0.0,9.85894800101479,1841.891450263865,490.345720613441,477.9665523066951,3279.88882223117,18.492250295061705,0.0,486.8727964637168,86.13425307833785,97.05267952488772,41.666666666666664,12.379168306745884,191703555.20905304,95824833.33333333,10.0,1.0,7.853981633974483,20.0,2.5,98.17477042468104,8782.26155787864,9.610776124023444,9.85894800101479,50.0,12.131584940610965,2302.786376953125,426.2167428145716,5.208333333333333,0.36638087806051356,161.98924870566304
822,0.236183,-0.0,1,435.02344839767045,0.0,261.77270948037665,5.130745105815382,41.04596084652306,46.17670595233844,435.02344839767045,0.0,0.0,3164.9668204651025,1.0,5.130745105815382,0.0,11.23216679903733,0.0,136.37536445449683,0.0,0.0,9.85894800101479,50.0,0.0,0.0,0.0,0.0,0.0,0.0,0.0,5.208333333333333,0.36638087806051356,0.0,161.98924870566304,9080.0,150.0,0.0,0.0,9.858948001014781,1841.891450263865,490.345720613441,477.9665523066951,3279.88882223117,18.492250295061705,0.0,486.8727964637168,86.13425307833785,97.05267952488772,41.666666666666664,12.379168306745884,191703555.20905304,95824833.33333333,10.0,1.0,7.853981633974483,20.0,2.5,98.17477042468104,8782.26155787864,9.610776124023444,9.85894800101479,50.0,12.131584940610965,2302.786376953125,426.2167428145716,5.208333333333333,0.36638087806051356,161.98924870566304
823,0.196889,-0.0,1,362.6481657510021,0.0,192.12751832692368,3.765699359207704,30.125594873661633,33.891294232869335,362.6481657510021,0.0,0.0,3164.9668204651025,1.0,3.7656993592077037,0.0,14.92255217106088,0.0,126.46687400121564,0.0,0.0,9.85894800101479,50.0,0.0,0.0,0.0,0.0,0.0,0.0,0.0,5.208333333333333,0.36638087806051356,0.0,161.98924870566304,9080.0,150.0,0.0,0.0,9.85894800101479,1841.891450263865,490.345720613441,477.9665523066951,3279.88882223117,18.492250295061705,0.0,486.8727964637168,86.13425307833785,97.05267952488772,41.666666666666664,12.379168306745884,191703555.20905304,95824833.33333333,10.0,1.0,7.853981633974483,20.0,2.5,98.17477042468104,8782.26155787864,9.610776124023444,9.85894800101479,50.0,12.131584940610965,2302.786376953125,426.2167428145716,5.208333333333333,0.36638087806051356,161.98924870566304
824,0.156567,-0.0,1,288.3794186934626,0.0,120.66028674730516,2.364941620247181,18.91953296197745,21.28447458222463,288.3794186934626,0.0,0.0,3164.9668204651025,1.0,2.364941620247181,0.0,17.240194958903118,0.0,116.55838354793445,0.0,0.0,9.85894800101479,50.0,0.0,0.0,0.0,0.0,0.0,0.0,0.0,5.208333333333333,0.36638087806051356,0.0,161.98924870566304,9080.0,150.0,-0.0,0.0,9.85894800101479,1841.891450263865,490.345720613441,477.9665523066951,3279.88882223117,18.492250295061705,0.0,486.8727964637168,86.13425307833785,97.05267952488772,41.666666666666664,12.379168306745884,191703555.20905304,95824833.33333333,10.0,1.0,7.853981633974483,20.0,2.5,98.17477042468104,8782.26155787864,9.610776124023444,9.85894800101479,50.0,12.131584940610965,2302.786376953125,426.2167428145716,5.208333333333333,0.36638087806051356,161.98924870566304
825,0.122169,-0.0,1,225.02203658728612,0.0,59.692828985395565,1.169979448113753,9.359835584910025,10.529815033023779,225.02203658728612,0.0,0.0,3164.9668204651025,1.0,1.169979448113753,0.0,18.386774818054597,0.0,106.64989309465327,0.0,0.0,9.85894800101479,50.0,0.0,0.0,0.0,0.0,0.0,0.0,0.0,5.208333333333333,0.36638087806051356,0.0,161.98924870566304,9080.0,150.0,0.0,0.0,9.858948001014781,1841.891450263865,490.345720613441,477.9665523066951,3279.88882223117,18.492250295061705,0.0,486.8727964637168,86.13425307833785,97.05267952488772,41.666666666666664,12.379168306745884,191703555.20905304,95824833.33333333,10.0,1.0,7.853981633974483,20.0,2.5,98.17477042468104,8782.26155787864,9.610776124023444,9.85894800101479,50.0,12.131584940610965,2302.786376953125,426.2167428145716,5.208333333333333,0.36638087806051356,161.98924870566304
826,0.090498,-0.0,1,166.68749246597923,0.0,3.5587411088492957,0.0697513257334462,0.5580106058675696,0.6277619316010158,166.68749246597923,0.0,0.0,3164.9668204651025,1.0,0.0697513257334462,0.0,18.455131117273375,0.0,96.74140264137208,0.0,0.0,9.85894800101479,50.0,0.0,0.0,0.0,0.0,0.0,0.0,0.0,5.208333333333333,0.36638087806051356,0.0,161.98924870566304,9080.0,150.0,-0.0,0.0,9.85894800101479,1841.891450263865,490.345720613441,477.9665523066951,3279.88882223117,18.492250295061705,0.0,486.8727964637168,86.13425307833785,97.05267952488772,41.666666666666664,12.379168306745884,191703555.20905304,95824833.33333333,10.0,1.0,7.853981633974483,20.0,2.5,98.17477042468104,8782.26155787864,9.610776124023444,9.85894800101479,50.0,12.131584940610965,2302.786376953125,426.2167428145716,5.208333333333333,0.36638087806051356,161.98924870566304
827,0.064863,-0.0,1,119.47060513846507,0.0,0.0,0.0,0.0,0.0,162.98924870566304,0.0,43.51864356719797,3119.1577219733153,1.0,0.0,0.0,18.455131117273375,0.0,86.83291218809089,0.0,0.0,9.85894800101479,50.0,0.0,0.0,0.0,0.0,0.0,0.0,0.0,5.208333333333333,0.36638087806051356,0.0,161.98924870566304,9080.0,150.0,-0.0,0.0,9.85894800101479,1841.891450263865,490.345720613441,477.9665523066951,3279.88882223117,18.492250295061705,0.0,486.8727964637168,86.13425307833785,97.05267952488772,41.666666666666664,12.379168306745884,191703555.20905304,95824833.33333333,10.0,1.0,7.853981633974483,20.0,2.5,98.17477042468104,8782.26155787864,9.610776124023444,9.85894800101479,50.0,12.131584940610965,2302.786376953125,426.2167428145716,5.208333333333333,0.36638087806051356,161.98924870566304
828,0.0515739999999999,-0.0,1,94.99370965590839,0.0,0.0,0.0,0.0,0.0,162.98924870566304,0.0,67.99553904975465,3047.5834703419946,-0.0,0.0,0.0,18.455131117273375,0.0,76.9244217348097,0.0,0.0,9.85894800101479,50.0,0.0,0.0,0.0,0.0,0.0,0.0,0.0,5.208333333333333,0.36638087806051356,0.0,161.98924870566304,9080.0,150.0,0.0,0.0,9.858948001014781,1841.891450263865,490.345720613441,477.9665523066951,3279.88882223117,18.492250295061705,0.0,486.8727964637168,86.13425307833785,97.05267952488772,41.666666666666664,12.379168306745884,191703555.20905304,95824833.33333333,10.0,1.0,7.853981633974483,20.0,2.5,98.17477042468104,8782.26155787864,9.610776124023444,9.85894800101479,50.0,12.131584940610965,2302.786376953125,426.2167428145716,5.208333333333333,0.36638087806051356,161.98924870566304
829,0.048273,-0.0,1,88.91362597858756,0.0,0.0,0.0,0.0,0.0,162.98924870566304,0.0,74.07562272707548,2969.6091306292838,-0.0,0.0,0.0,18.455131117273375,0.0,67.01593128152852,0.0,0.0,9.85894800101479,50.0,0.0,0.0,0.0,0.0,0.0,0.0,0.0,5.208333333333333,0.36638087806051356,0.0,161.98924870566304,9080.0,150.0,0.0,0.0,9.85894800101477,1841.891450263865,490.345720613441,477.9665523066951,3279.88882223117,18.492250295061705,0.0,486.8727964637168,86.13425307833785,97.05267952488772,41.666666666666664,12.379168306745884,191703555.20905304,95824833.33333333,10.0,1.0,7.853981633974483,20.0,2.5,98.17477042468104,8782.26155787864,9.610776124023444,9.85894800101479,50.0,12.131584940610965,2302.786376953125,426.2167428145716,5.208333333333333,0.36638087806051356,161.98924870566304
830,0.047709,-0.0,1,87.87479920063873,0.0,0.0,0.0,0.0,0.0,162.98924870566304,0.0,75.11444950502431,2890.5412890450475,-0.0,0.0,0.0,18.455131117273375,0.0,57.10744082824734,0.0,0.0,9.85894800101479,50.0,0.0,0.0,0.0,0.0,0.0,0.0,0.0,5.208333333333333,0.36638087806051356,0.0,161.98924870566304,9080.0,150.0,0.0,0.0,9.85894800101477,1841.891450263865,490.345720613441,477.9665523066951,3279.88882223117,18.492250295061705,0.0,486.8727964637168,86.13425307833785,97.05267952488772,41.666666666666664,12.379168306745884,191703555.20905304,95824833.33333333,10.0,1.0,7.853981633974483,20.0,2.5,98.17477042468104,8782.26155787864,9.610776124023444,9.85894800101479,50.0,12.131584940610965,2302.786376953125,426.2167428145716,5.208333333333333,0.36638087806051356,161.98924870566304
831,0.0483059999999999,-0.0,1,88.97440839644607,0.0,0.0,0.0,0.0,0.0,162.98924870566304,0.0,74.01484030921698,2812.630930824819,1.0,0.0,0.0,18.455131117273375,0.0,47.198950374966145,0.0,0.0,9.85894800101479,50.0,0.0,0.0,0.0,0.0,0.0,0.0,0.0,5.208333333333333,0.36638087806051356,0.0,161.98924870566304,9080.0,150.0,-0.0,0.0,9.85894800101479,1841.891450263865,490.345720613441,477.9665523066951,3279.88882223117,18.492250295061705,0.0,486.8727964637168,86.13425307833785,97.05267952488772,41.666666666666664,12.379168306745884,191703555.20905304,95824833.33333333,10.0,1.0,7.853981633974483,20.0,2.5,98.17477042468104,8782.26155787864,9.610776124023444,9.85894800101479,50.0,12.131584940610965,2302.786376953125,426.2167428145716,5.208333333333333,0.36638087806051356,161.98924870566304
832,0.054776,1.0,1,100.89144607965346,0.0,477.60293468823966,9.361017519889497,74.88814015911598,84.24915767900548,1066.8339020688877,0.0,965.9424559892343,1795.8493982045725,-0.0,0.0,0.24975860413394643,18.20027539876935,0.0,49.46022412986434,8782.26155787864,9.610776124023444,9.85894800101479,50.0,12.131584940610965,2302.786376953125,12.131584940610965,86.13425307833785,86.13425307833785,0.0,0.0,5.208333333333333,0.36638087806051356,426.2167428145716,161.98924870566304,297.7384421213592,150.0,1.0,2.2726369395961754,0.0,1841.891450263865,490.345720613441,477.9665523066951,3279.88882223117,18.492250295061705,0.0,486.8727964637168,86.13425307833785,97.05267952488772,41.666666666666664,12.379168306745884,191703555.20905304,95824833.33333333,10.0,1.0,7.853981633974483,20.0,2.5,98.17477042468104,8782.26155787864,9.610776124023444,9.85894800101479,50.0,12.131584940610965,2302.786376953125,426.2167428145716,5.208333333333333,0.36638087806051356,161.98924870566304
833,0.0734549999999999,1.0,1,135.296136479132,0.0,134.59887265713766,2.638137904079898,21.105103232639184,23.74324113671908,724.5021279993667,0.0,589.2059915202344,1175.6325650253784,-0.0,0.0,6.972638219943546,11.08533843964328,0.0,51.72149788476254,8782.26155787864,9.610776124023444,9.85894800101479,50.0,12.131584940610965,2302.786376953125,12.131584940610965,86.13425307833785,86.13425307833785,0.0,0.0,5.208333333333333,0.36638087806051356,426.2167428145716,161.98924870566304,297.7384421213592,150.0,1.0,2.2726369395961754,0.0,1841.891450263865,490.345720613441,477.9665523066951,3279.88882223117,18.492250295061705,0.0,486.8727964637168,86.13425307833785,97.05267952488772,41.666666666666664,12.379168306745884,191703555.20905304,95824833.33333333,10.0,1.0,7.853981633974483,20.0,2.5,98.17477042468104,8782.26155787864,9.610776124023444,9.85894800101479,50.0,12.131584940610965,2302.786376953125,426.2167428145716,5.208333333333333,0.36638087806051356,161.98924870566304
834,0.1098349999999999,-0.0,1,202.30414743973142,0.0,37.83188869714047,0.7415050184639532,5.932040147711626,6.673545166175579,202.30414743973142,0.0,0.0,1175.6325650253784,1.0,0.7415050184639532,0.0,11.812013357737953,0.0,41.813007431481346,0.0,0.0,9.85894800101479,50.0,0.0,0.0,0.0,0.0,0.0,0.0,0.0,5.208333333333333,0.36638087806051356,0.0,161.98924870566304,9080.0,150.0,-0.0,0.0,9.85894800101479,1841.891450263865,490.345720613441,477.9665523066951,3279.88882223117,18.492250295061705,0.0,486.8727964637168,86.13425307833785,97.05267952488772,41.666666666666664,12.379168306745884,191703555.20905304,95824833.33333333,10.0,1.0,7.853981633974483,20.0,2.5,98.17477042468104,8782.26155787864,9.610776124023444,9.85894800101479,50.0,12.131584940610965,2302.786376953125,426.2167428145716,5.208333333333333,0.36638087806051356,161.98924870566304
835,0.156057,-0.0,1,287.44005405382796,0.0,119.75635618568607,2.347224581239447,18.777796649915576,21.125021231155024,287.440054053828,0.0,0.0,1175.6325650253784,1.0,2.347224581239447,0.0,14.112293447352613,0.0,31.904516978200157,0.0,0.0,9.85894800101479,50.0,0.0,0.0,0.0,0.0,0.0,0.0,0.0,5.208333333333333,0.36638087806051356,0.0,161.98924870566304,9080.0,150.0,0.0,0.0,9.858948001014781,1841.891450263865,490.345720613441,477.9665523066951,3279.88882223117,18.492250295061705,0.0,486.8727964637168,86.13425307833785,97.05267952488772,41.666666666666664,12.379168306745884,191703555.20905304,95824833.33333333,10.0,1.0,7.853981633974483,20.0,2.5,98.17477042468104,8782.26155787864,9.610776124023444,9.85894800101479,50.0,12.131584940610965,2302.786376953125,426.2167428145716,5.208333333333333,0.36638087806051356,161.98924870566304
836,0.217144,-0.0,1,399.9556770760967,0.0,228.02774092612938,4.469343722152136,35.754749777217086,40.22409349936922,399.95567707609666,0.0,0.0,1175.6325650253784,1.0,4.469343722152136,0.0,18.492250295061705,0.0,21.996026524918964,0.0,0.0,9.85894800101479,50.0,0.0,0.0,0.0,0.0,0.0,0.0,0.0,5.208333333333333,0.36638087806051356,0.0,161.98924870566304,9080.0,150.0,-0.0,0.0,9.85894800101479,1841.891450263865,490.345720613441,477.9665523066951,3279.88882223117,18.492250295061705,0.0,486.8727964637168,86.13425307833785,97.05267952488772,41.666666666666664,12.379168306745884,191703555.20905304,95824833.33333333,10.0,1.0,7.853981633974483,20.0,2.5,98.17477042468104,8782.26155787864,9.610776124023444,9.85894800101479,50.0,12.131584940610965,2302.786376953125,426.2167428145716,5.208333333333333,0.36638087806051356,161.98924870566304
837,0.274449,1.0,1,505.50526663346744,0.0,490.345720613441,9.610776124023444,76.88620899218755,86.496985116211,1079.5517121336757,0.0,574.0464455002082,571.3731487093698,-0.0,0.0,0.0,18.492250295061705,0.0,24.25730027981716,8782.26155787864,9.610776124023444,9.85894800101479,50.0,12.131584940610965,2302.786376953125,12.131584940610965,86.13425307833785,86.13425307833785,0.0,0.0,5.208333333333333,0.36638087806051356,426.2167428145716,161.98924870566304,297.7384421213592,150.0,1.0,2.2726369395961754,0.0,1841.891450263865,490.345720613441,477.9665523066951,3279.88882223117,18.492250295061705,0.0,486.8727964637168,86.13425307833785,97.05267952488772,41.666666666666664,12.379168306745884,191703555.20905304,95824833.33333333,10.0,1.0,7.853981633974483,20.0,2.5,98.17477042468104,8782.26155787864,9.610776124023444,9.85894800101479,50.0,12.131584940610965,2302.786376953125,426.2167428145716,5.208333333333333,0.36638087806051356,161.98924870566304
838,0.307648,1.0,1,566.6542208907775,0.0,490.345720613441,9.610776124023444,76.88620899218755,86.496985116211,1079.5517121336757,0.0,512.8974912429019,31.48105266421004,-0.0,0.0,0.0,18.492250295061705,0.0,26.518574034715353,8782.26155787864,9.610776124023444,9.85894800101479,50.0,12.131584940610965,2302.786376953125,12.131584940610965,86.13425307833785,86.13425307833785,0.0,0.0,5.208333333333333,0.36638087806051356,426.2167428145716,161.98924870566304,297.7384421213592,150.0,1.0,2.2726369395961754,0.0,1841.891450263865,490.345720613441,477.9665523066951,3279.88882223117,18.492250295061705,0.0,486.8727964637168,86.13425307833785,97.05267952488772,41.666666666666664,12.379168306745884,191703555.20905304,95824833.33333333,10.0,1.0,7.853981633974483,20.0,2.5,98.17477042468104,8782.26155787864,9.610776124023444,9.85894800101479,50.0,12.131584940610965,2302.786376953125,426.2167428145716,5.208333333333333,0.36638087806051356,161.98924870566304
839,0.319983,1.0,1,589.3739519297824,0.0,29.171058102024904,0.5717527387996881,4.574021910397505,5.145774649197193,619.280951960782,0.0,29.90700003099954,0.0,0.0,0.0,9.039023385223755,9.268757044833382,0.0,28.77984778961357,8782.26155787864,9.610776124023444,9.85894800101479,50.0,12.131584940610965,2302.786376953125,12.131584940610965,86.13425307833785,86.13425307833785,0.0,0.0,5.208333333333333,0.36638087806051356,426.2167428145716,161.98924870566304,297.7384421213592,150.0,1.0,2.2726369395961754,0.0,1841.891450263865,490.345720613441,477.9665523066951,3279.88882223117,18.492250295061705,0.0,486.8727964637168,86.13425307833785,97.05267952488772,41.666666666666664,12.379168306745884,191703555.20905304,95824833.33333333,10.0,1.0,7.853981633974483,20.0,2.5,98.17477042468104,8782.26155787864,9.610776124023444,9.85894800101479,50.0,12.131584940610965,2302.786376953125,426.2167428145716,5.208333333333333,0.36638087806051356,161.98924870566304
840,0.987931,1.0,1,1819.6616623506304,0.0,490.345720613441,9.610776124023444,76.88620899218755,86.496985116211,1079.5517121336757,0.0,0.0,0.0,1.0,0.0,0.0,9.268757044833382,0.0,31.041121544511764,8782.26155787864,9.610776124023444,9.85894800101479,50.0,12.131584940610965,2302.786376953125,12.131584940610965,86.13425307833785,86.13425307833785,0.0,0.0,5.208333333333333,0.36638087806051356,426.2167428145716,161.98924870566304,297.7384421213592,150.0,1.0,2.2726369395961754,0.0,1841.891450263865,490.345720613441,477.9665523066951,3279.88882223117,18.492250295061705,0.0,486.8727964637168,86.13425307833785,97.05267952488772,41.666666666666664,12.379168306745884,191703555.20905304,95824833.33333333,10.0,1.0,7.853981633974483,20.0,2.5,98.17477042468104,8782.26155787864,9.610776124023444,9.85894800101479,50.0,12.131584940610965,2302.786376953125,426.2167428145716,5.208333333333333,0.36638087806051356,161.98924870566304
841,0.986462,1.0,1,1816.9559238101926,0.0,490.345720613441,9.610776124023444,76.88620899218755,86.496985116211,1816.9559238101926,737.404211676517,0.0,700.5340010926911,1.0,0.0,0.0,9.268757044833382,0.0,33.30239529940995,8782.26155787864,9.610776124023444,9.85894800101479,50.0,12.131584940610965,2302.786376953125,12.131584940610965,86.13425307833785,86.13425307833785,0.0,0.0,5.208333333333333,0.36638087806051356,426.2167428145716,161.98924870566304,297.7384421213592,150.0,1.0,2.2726369395961754,0.0,1841.891450263865,490.345720613441,477.9665523066951,3279.88882223117,18.492250295061705,0.0,486.8727964637168,86.13425307833785,97.05267952488772,41.666666666666664,12.379168306745884,191703555.20905304,95824833.33333333,10.0,1.0,7.853981633974483,20.0,2.5,98.17477042468104,8782.26155787864,9.610776124023444,9.85894800101479,50.0,12.131584940610965,2302.786376953125,426.2167428145716,5.208333333333333,0.36638087806051356,161.98924870566304
842,0.987244,1.0,1,1818.3962829242992,0.0,490.345720613441,9.610776124023444,76.88620899218755,86.496985116211,1818.396282924299,738.8445707906233,0.0,1402.4363433437832,1.0,0.0,0.0,9.268757044833382,0.0,35.56366905430815,8782.26155787864,9.610776124023444,9.85894800101479,50.0,12.131584940610965,2302.786376953125,12.131584940610965,86.13425307833785,86.13425307833785,0.0,0.0,5.208333333333333,0.36638087806051356,426.2167428145716,161.98924870566304,297.7384421213592,150.0,1.0,2.2726369395961754,0.0,1841.891450263865,490.345720613441,477.9665523066951,3279.88882223117,18.492250295061705,0.0,486.8727964637168,86.13425307833785,97.05267952488772,41.666666666666664,12.379168306745884,191703555.20905304,95824833.33333333,10.0,1.0,7.853981633974483,20.0,2.5,98.17477042468104,8782.26155787864,9.610776124023444,9.85894800101479,50.0,12.131584940610965,2302.786376953125,426.2167428145716,5.208333333333333,0.36638087806051356,161.98924870566304
843,0.988411,1.0,1,1820.545770246757,0.0,490.345720613441,9.610776124023444,76.88620899218755,86.496985116211,1709.4559124256452,629.9042002919695,0.0,2000.8453336211542,1.0,0.0,0.0,9.268757044833382,0.0,37.82494280920635,8782.26155787864,9.610776124023444,9.85894800101479,50.0,12.131584940610965,2302.786376953125,12.131584940610965,86.13425307833785,86.13425307833785,0.0,0.0,5.208333333333333,0.36638087806051356,426.2167428145716,161.98924870566304,297.7384421213592,150.0,1.0,2.2726369395961754,0.0,1841.891450263865,490.345720613441,477.9665523066951,3279.88882223117,18.492250295061705,0.0,486.8727964637168,86.13425307833785,97.05267952488772,41.666666666666664,12.379168306745884,191703555.20905304,95824833.33333333,10.0,1.0,7.853981633974483,20.0,2.5,98.17477042468104,8782.26155787864,9.610776124023444,9.85894800101479,50.0,12.131584940610965,2302.786376953125,426.2167428145716,5.208333333333333,0.36638087806051356,161.98924870566304
844,0.98804,1.0,1,1819.8624285187093,0.0,490.345720613441,9.610776124023444,76.88620899218755,86.496985116211,1079.5517121336757,0.0,0.0,2000.8453336211542,1.0,0.0,0.0,9.268757044833382,0.0,40.08621656410455,8782.26155787864,9.610776124023444,9.85894800101479,50.0,12.131584940610965,2302.786376953125,12.131584940610965,86.13425307833785,86.13425307833785,0.0,0.0,5.208333333333333,0.36638087806051356,426.2167428145716,161.98924870566304,297.7384421213592,150.0,1.0,2.2726369395961754,0.0,1841.891450263865,490.345720613441,477.9665523066951,3279.88882223117,18.492250295061705,0.0,486.8727964637168,86.13425307833785,97.05267952488772,41.666666666666664,12.379168306745884,191703555.20905304,95824833.33333333,10.0,1.0,7.853981633974483,20.0,2.5,98.17477042468104,8782.26155787864,9.610776124023444,9.85894800101479,50.0,12.131584940610965,2302.786376953125,426.2167428145716,5.208333333333333,0.36638087806051356,161.98924870566304
845,0.98873,1.0,1,1821.1333336193911,0.0,490.345720613441,9.610776124023444,76.88620899218755,86.496985116211,1079.5517121336757,0.0,0.0,2000.8453336211542,1.0,0.0,0.0,9.268757044833382,0.0,42.34749031900273,8782.26155787864,9.610776124023444,9.85894800101479,50.0,12.131584940610965,2302.786376953125,12.131584940610965,86.13425307833785,86.13425307833785,0.0,0.0,5.208333333333333,0.36638087806051356,426.2167428145716,161.98924870566304,297.7384421213592,150.0,1.0,2.2726369395961754,0.0,1841.891450263865,490.345720613441,477.9665523066951,3279.88882223117,18.492250295061705,0.0,486.8727964637168,86.13425307833785,97.05267952488772,41.666666666666664,12.379168306745884,191703555.20905304,95824833.33333333,10.0,1.0,7.853981633974483,20.0,2.5,98.17477042468104,8782.26155787864,9.610776124023444,9.85894800101479,50.0,12.131584940610965,2302.786376953125,426.2167428145716,5.208333333333333,0.36638087806051356,161.98924870566304
846,0.988949,1.0,1,1821.536707846999,0.0,490.345720613441,9.610776124023444,76.88620899218755,86.496985116211,1079.5517121336757,0.0,0.0,2000.8453336211542,1.0,0.0,0.0,9.268757044833382,0.0,44.60876407390093,8782.26155787864,9.610776124023444,9.85894800101479,50.0,12.131584940610965,2302.786376953125,12.131584940610965,86.13425307833785,86.13425307833785,0.0,0.0,5.208333333333333,0.36638087806051356,426.2167428145716,161.98924870566304,297.7384421213592,150.0,1.0,2.2726369395961754,0.0,1841.891450263865,490.345720613441,477.9665523066951,3279.88882223117,18.492250295061705,0.0,486.8727964637168,86.13425307833785,97.05267952488772,41.666666666666664,12.379168306745884,191703555.20905304,95824833.33333333,10.0,1.0,7.853981633974483,20.0,2.5,98.17477042468104,8782.26155787864,9.610776124023444,9.85894800101479,50.0,12.131584940610965,2302.786376953125,426.2167428145716,5.208333333333333,0.36638087806051356,161.98924870566304
847,0.986252,1.0,1,1816.5691266056374,0.0,490.345720613441,9.610776124023444,76.88620899218755,86.496985116211,1079.5517121336757,0.0,0.0,2000.8453336211542,1.0,0.0,0.0,9.268757044833382,0.0,46.87003782879913,8782.26155787864,9.610776124023444,9.85894800101479,50.0,12.131584940610965,2302.786376953125,12.131584940610965,86.13425307833785,86.13425307833785,0.0,0.0,5.208333333333333,0.36638087806051356,426.2167428145716,161.98924870566304,297.7384421213592,150.0,1.0,2.2726369395961754,0.0,1841.891450263865,490.345720613441,477.9665523066951,3279.88882223117,18.492250295061705,0.0,486.8727964637168,86.13425307833785,97.05267952488772,41.666666666666664,12.379168306745884,191703555.20905304,95824833.33333333,10.0,1.0,7.853981633974483,20.0,2.5,98.17477042468104,8782.26155787864,9.610776124023444,9.85894800101479,50.0,12.131584940610965,2302.786376953125,426.2167428145716,5.208333333333333,0.36638087806051356,161.98924870566304
848,0.938557,1.0,1,1728.7201138853022,0.0,490.345720613441,9.610776124023444,76.88620899218755,86.496985116211,1079.5517121336757,0.0,0.0,2000.8453336211542,1.0,0.0,0.0,9.268757044833382,0.0,49.131311583697325,8782.26155787864,9.610776124023444,9.85894800101479,50.0,12.131584940610965,2302.786376953125,12.131584940610965,86.13425307833785,86.13425307833785,0.0,0.0,5.208333333333333,0.36638087806051356,426.2167428145716,161.98924870566304,297.7384421213592,150.0,1.0,2.2726369395961754,0.0,1841.891450263865,490.345720613441,477.9665523066951,3279.88882223117,18.492250295061705,0.0,486.8727964637168,86.13425307833785,97.05267952488772,41.666666666666664,12.379168306745884,191703555.20905304,95824833.33333333,10.0,1.0,7.853981633974483,20.0,2.5,98.17477042468104,8782.26155787864,9.610776124023444,9.85894800101479,50.0,12.131584940610965,2302.786376953125,426.2167428145716,5.208333333333333,0.36638087806051356,161.98924870566304
849,0.903185,1.0,1,1663.5687295065688,0.0,490.345720613441,9.610776124023444,76.88620899218755,86.496985116211,1079.5517121336757,0.0,0.0,2000.8453336211542,1.0,0.0,0.0,9.268757044833382,0.0,51.39258533859551,8782.26155787864,9.610776124023444,9.85894800101479,50.0,12.131584940610965,2302.786376953125,12.131584940610965,86.13425307833785,86.13425307833785,0.0,0.0,5.208333333333333,0.36638087806051356,426.2167428145716,161.98924870566304,297.7384421213592,150.0,1.0,2.2726369395961754,0.0,1841.891450263865,490.345720613441,477.9665523066951,3279.88882223117,18.492250295061705,0.0,486.8727964637168,86.13425307833785,97.05267952488772,41.666666666666664,12.379168306745884,191703555.20905304,95824833.33333333,10.0,1.0,7.853981633974483,20.0,2.5,98.17477042468104,8782.26155787864,9.610776124023444,9.85894800101479,50.0,12.131584940610965,2302.786376953125,426.2167428145716,5.208333333333333,0.36638087806051356,161.98924870566304
850,0.914694,1.0,1,1684.7670582076557,0.0,490.345720613441,9.610776124023444,76.88620899218755,86.496985116211,1684.7670582076555,605.2153460739798,0.0,2575.799912391435,1.0,0.0,0.0,9.268757044833382,0.0,53.65385909349371,8782.26155787864,9.610776124023444,9.85894800101479,50.0,12.131584940610965,2302.786376953125,12.131584940610965,86.13425307833785,86.13425307833785,0.0,0.0,5.208333333333333,0.36638087806051356,426.2167428145716,161.98924870566304,297.7384421213592,150.0,1.0,2.2726369395961754,0.0,1841.891450263865,490.345720613441,477.9665523066951,3279.88882223117,18.492250295061705,0.0,486.8727964637168,86.13425307833785,97.05267952488772,41.666666666666664,12.379168306745884,191703555.20905304,95824833.33333333,10.0,1.0,7.853981633974483,20.0,2.5,98.17477042468104,8782.26155787864,9.610776124023444,9.85894800101479,50.0,12.131584940610965,2302.786376953125,426.2167428145716,5.208333333333333,0.36638087806051356,161.98924870566304
851,0.943591,1.0,1,1737.9921954459305,0.0,490.345720613441,9.610776124023444,76.88620899218755,86.496985116211,1079.5517121336757,0.0,0.0,2575.799912391435,1.0,0.0,0.0,9.268757044833382,0.0,55.9151328483919,8782.26155787864,9.610776124023444,9.85894800101479,50.0,12.131584940610965,2302.786376953125,12.131584940610965,86.13425307833785,86.13425307833785,0.0,0.0,5.208333333333333,0.36638087806051356,426.2167428145716,161.98924870566304,297.7384421213592,150.0,1.0,2.2726369395961754,0.0,1841.891450263865,490.345720613441,477.9665523066951,3279.88882223117,18.492250295061705,0.0,486.8727964637168,86.13425307833785,97.05267952488772,41.666666666666664,12.379168306745884,191703555.20905304,95824833.33333333,10.0,1.0,7.853981633974483,20.0,2.5,98.17477042468104,8782.26155787864,9.610776124023444,9.85894800101479,50.0,12.131584940610965,2302.786376953125,426.2167428145716,5.208333333333333,0.36638087806051356,161.98924870566304
852,0.967543,1.0,1,1782.1091794626507,0.0,490.345720613441,9.610776124023444,76.88620899218755,86.496985116211,1079.5517121336757,0.0,0.0,2575.799912391435,1.0,0.0,0.0,9.268757044833382,0.0,58.17640660329009,8782.26155787864,9.610776124023444,9.85894800101479,50.0,12.131584940610965,2302.786376953125,12.131584940610965,86.13425307833785,86.13425307833785,0.0,0.0,5.208333333333333,0.36638087806051356,426.2167428145716,161.98924870566304,297.7384421213592,150.0,1.0,2.2726369395961754,0.0,1841.891450263865,490.345720613441,477.9665523066951,3279.88882223117,18.492250295061705,0.0,486.8727964637168,86.13425307833785,97.05267952488772,41.666666666666664,12.379168306745884,191703555.20905304,95824833.33333333,10.0,1.0,7.853981633974483,20.0,2.5,98.17477042468104,8782.26155787864,9.610776124023444,9.85894800101479,50.0,12.131584940610965,2302.786376953125,426.2167428145716,5.208333333333333,0.36638087806051356,161.98924870566304
853,0.983862,1.0,1,1812.1670060395068,0.0,490.345720613441,9.610776124023444,76.88620899218755,86.496985116211,1079.5517121336757,0.0,0.0,2575.799912391435,1.0,0.0,0.0,9.268757044833382,0.0,60.43768035818829,8782.26155787864,9.610776124023444,9.85894800101479,50.0,12.131584940610965,2302.786376953125,12.131584940610965,86.13425307833785,86.13425307833785,0.0,0.0,5.208333333333333,0.36638087806051356,426.2167428145716,161.98924870566304,297.7384421213592,150.0,1.0,2.2726369395961754,0.0,1841.891450263865,490.345720613441,477.9665523066951,3279.88882223117,18.492250295061705,0.0,486.8727964637168,86.13425307833785,97.05267952488772,41.666666666666664,12.379168306745884,191703555.20905304,95824833.33333333,10.0,1.0,7.853981633974483,20.0,2.5,98.17477042468104,8782.26155787864,9.610776124023444,9.85894800101479,50.0,12.131584940610965,2302.786376953125,426.2167428145716,5.208333333333333,0.36638087806051356,161.98924870566304
854,0.987185,1.0,1,1818.2876113287334,0.0,490.345720613441,9.610776124023444,76.88620899218755,86.496985116211,1079.5517121336757,0.0,0.0,2575.799912391435,1.0,0.0,0.0,9.268757044833382,0.0,62.69895411308649,8782.26155787864,9.610776124023444,9.85894800101479,50.0,12.131584940610965,2302.786376953125,12.131584940610965,86.13425307833785,86.13425307833785,0.0,0.0,5.208333333333333,0.36638087806051356,426.2167428145716,161.98924870566304,297.7384421213592,150.0,1.0,2.2726369395961754,0.0,1841.891450263865,490.345720613441,477.9665523066951,3279.88882223117,18.492250295061705,0.0,486.8727964637168,86.13425307833785,97.05267952488772,41.666666666666664,12.379168306745884,191703555.20905304,95824833.33333333,10.0,1.0,7.853981633974483,20.0,2.5,98.17477042468104,8782.26155787864,9.610776124023444,9.85894800101479,50.0,12.131584940610965,2302.786376953125,426.2167428145716,5.208333333333333,0.36638087806051356,161.98924870566304
855,0.973206,1.0,1,1792.539810745495,0.0,490.345720613441,9.610776124023444,76.88620899218755,86.496985116211,1079.5517121336757,0.0,0.0,2575.799912391435,1.0,0.0,0.0,9.268757044833382,0.0,64.96022786798468,8782.26155787864,9.610776124023444,9.85894800101479,50.0,12.131584940610965,2302.786376953125,12.131584940610965,86.13425307833785,86.13425307833785,0.0,0.0,5.208333333333333,0.36638087806051356,426.2167428145716,161.98924870566304,297.7384421213592,150.0,1.0,2.2726369395961754,0.0,1841.891450263865,490.345720613441,477.9665523066951,3279.88882223117,18.492250295061705,0.0,486.8727964637168,86.13425307833785,97.05267952488772,41.666666666666664,12.379168306745884,191703555.20905304,95824833.33333333,10.0,1.0,7.853981633974483,20.0,2.5,98.17477042468104,8782.26155787864,9.610776124023444,9.85894800101479,50.0,12.131584940610965,2302.786376953125,426.2167428145716,5.208333333333333,0.36638087806051356,161.98924870566304
856,0.913543,1.0,1,1682.647041148402,0.0,490.345720613441,9.610776124023444,76.88620899218755,86.496985116211,1682.6470411484017,603.0953290147261,0.0,3148.740474955425,1.0,0.0,0.0,9.268757044833382,0.0,67.22150162288288,8782.26155787864,9.610776124023444,9.85894800101479,50.0,12.131584940610965,2302.786376953125,12.131584940610965,86.13425307833785,86.13425307833785,0.0,0.0,5.208333333333333,0.36638087806051356,426.2167428145716,161.98924870566304,297.7384421213592,150.0,1.0,2.2726369395961754,0.0,1841.891450263865,490.345720613441,477.9665523066951,3279.88882223117,18.492250295061705,0.0,486.8727964637168,86.13425307833785,97.05267952488772,41.666666666666664,12.379168306745884,191703555.20905304,95824833.33333333,10.0,1.0,7.853981633974483,20.0,2.5,98.17477042468104,8782.26155787864,9.610776124023444,9.85894800101479,50.0,12.131584940610965,2302.786376953125,426.2167428145716,5.208333333333333,0.36638087806051356,161.98924870566304
857,0.868855,1.0,1,1600.3365960190104,0.0,490.345720613441,9.610776124023444,76.88620899218755,86.496985116211,1079.5517121336757,0.0,0.0,3148.740474955425,1.0,0.0,0.0,9.268757044833382,0.0,69.48277537778108,8782.26155787864,9.610776124023444,9.85894800101479,50.0,12.131584940610965,2302.786376953125,12.131584940610965,86.13425307833785,86.13425307833785,0.0,0.0,5.208333333333333,0.36638087806051356,426.2167428145716,161.98924870566304,297.7384421213592,150.0,1.0,2.2726369395961754,0.0,1841.891450263865,490.345720613441,477.9665523066951,3279.88882223117,18.492250295061705,0.0,486.8727964637168,86.13425307833785,97.05267952488772,41.666666666666664,12.379168306745884,191703555.20905304,95824833.33333333,10.0,1.0,7.853981633974483,20.0,2.5,98.17477042468104,8782.26155787864,9.610776124023444,9.85894800101479,50.0,12.131584940610965,2302.786376953125,426.2167428145716,5.208333333333333,0.36638087806051356,161.98924870566304
858,0.785983,1.0,1,1447.6953677527433,0.0,490.345720613441,9.610776124023444,76.88620899218755,86.496985116211,1079.5517121336757,0.0,0.0,3148.740474955425,1.0,0.0,0.0,9.268757044833382,0.0,71.74404913267928,8782.26155787864,9.610776124023444,9.85894800101479,50.0,12.131584940610965,2302.786376953125,12.131584940610965,86.13425307833785,86.13425307833785,0.0,0.0,5.208333333333333,0.36638087806051356,426.2167428145716,161.98924870566304,297.7384421213592,150.0,1.0,2.2726369395961754,0.0,1841.891450263865,490.345720613441,477.9665523066951,3279.88882223117,18.492250295061705,0.0,486.8727964637168,86.13425307833785,97.05267952488772,41.666666666666664,12.379168306745884,191703555.20905304,95824833.33333333,10.0,1.0,7.853981633974483,20.0,2.5,98.17477042468104,8782.26155787864,9.610776124023444,9.85894800101479,50.0,12.131584940610965,2302.786376953125,426.2167428145716,5.208333333333333,0.36638087806051356,161.98924870566304
859,0.661061,1.0,1,1217.6026040028808,0.0,490.345720613441,9.610776124023444,76.88620899218755,86.496985116211,1217.602604002881,138.0508918692052,0.0,3279.88882223117,1.0,0.0,0.0,9.268757044833382,0.0,74.00532288757748,8782.26155787864,9.610776124023444,9.85894800101479,50.0,12.131584940610965,2302.786376953125,12.131584940610965,86.13425307833785,86.13425307833785,0.0,0.0,5.208333333333333,0.36638087806051356,426.2167428145716,161.98924870566304,297.7384421213592,150.0,1.0,2.2726369395961754,0.0,1841.891450263865,490.345720613441,477.9665523066951,3279.88882223117,18.492250295061705,0.0,486.8727964637168,86.13425307833785,97.05267952488772,41.666666666666664,12.379168306745884,191703555.20905304,95824833.33333333,10.0,1.0,7.853981633974483,20.0,2.5,98.17477042468104,8782.26155787864,9.610776124023444,9.85894800101479,50.0,12.131584940610965,2302.786376953125,426.2167428145716,5.208333333333333,0.36638087806051356,161.98924870566304
860,0.453052,1.0,1,834.4726053249445,0.0,490.345720613441,9.610776124023444,76.88620899218755,86.496985116211,1079.5517121336757,0.0,245.07910680873113,3021.9108150640845,-0.0,0.0,0.0,9.268757044833382,0.0,76.26659664247568,8782.26155787864,9.610776124023444,9.85894800101479,50.0,12.131584940610965,2302.786376953125,12.131584940610965,86.13425307833785,86.13425307833785,0.0,0.0,5.208333333333333,0.36638087806051356,426.2167428145716,161.98924870566304,297.7384421213592,150.0,1.0,2.2726369395961754,0.0,1841.891450263865,490.345720613441,477.9665523066951,3279.88882223117,18.492250295061705,0.0,486.8727964637168,86.13425307833785,97.05267952488772,41.666666666666664,12.379168306745884,191703555.20905304,95824833.33333333,10.0,1.0,7.853981633974483,20.0,2.5,98.17477042468104,8782.26155787864,9.610776124023444,9.85894800101479,50.0,12.131584940610965,2302.786376953125,426.2167428145716,5.208333333333333,0.36638087806051356,161.98924870566304
861,0.146547,1.0,1,269.9236663618186,0.0,490.345720613441,9.610776124023444,76.88620899218755,86.496985116211,1079.5517121336757,0.0,809.628045771857,2169.6707668831823,-0.0,0.0,0.0,9.268757044833382,0.0,78.52787039737385,8782.26155787864,9.610776124023444,9.85894800101479,50.0,12.131584940610965,2302.786376953125,12.131584940610965,86.13425307833785,86.13425307833785,0.0,0.0,5.208333333333333,0.36638087806051356,426.2167428145716,161.98924870566304,297.7384421213592,150.0,1.0,2.2726369395961754,0.0,1841.891450263865,490.345720613441,477.9665523066951,3279.88882223117,18.492250295061705,0.0,486.8727964637168,86.13425307833785,97.05267952488772,41.666666666666664,12.379168306745884,191703555.20905304,95824833.33333333,10.0,1.0,7.853981633974483,20.0,2.5,98.17477042468104,8782.26155787864,9.610776124023444,9.85894800101479,50.0,12.131584940610965,2302.786376953125,426.2167428145716,5.208333333333333,0.36638087806051356,161.98924870566304
862,0.015419,1.0,1,28.400124271618534,0.0,490.345720613441,9.610776124023444,76.88620899218755,86.496985116211,1107.9518364052942,0.0,1118.0530640105756,992.7728047667869,-0.0,0.0,0.0,9.268757044833382,0.0,80.78914415227204,8782.26155787864,9.610776124023444,9.85894800101479,50.0,12.131584940610965,2302.786376953125,12.131584940610965,86.13425307833785,57.73412880671931,28.400124271618534,28.400124271618534,5.208333333333333,0.36638087806051356,426.2167428145716,161.98924870566304,297.7384421213592,150.0,1.0,2.2726369395961754,0.0,1841.891450263865,490.345720613441,477.9665523066951,3279.88882223117,18.492250295061705,0.0,486.8727964637168,86.13425307833785,97.05267952488772,41.666666666666664,12.379168306745884,191703555.20905304,95824833.33333333,10.0,1.0,7.853981633974483,20.0,2.5,98.17477042468104,8782.26155787864,9.610776124023444,9.85894800101479,50.0,12.131584940610965,2302.786376953125,426.2167428145716,5.208333333333333,0.36638087806051356,161.98924870566304
863,0.097851,1.0,1,180.23092029976945,0.0,490.345720613441,9.610776124023444,76.88620899218755,86.496985116211,1079.5517121336757,0.0,899.3207918339062,46.11933967846461,-0.0,0.0,0.0,9.268757044833382,0.0,83.05041790717024,8782.26155787864,9.610776124023444,9.85894800101479,50.0,12.131584940610965,2302.786376953125,12.131584940610965,86.13425307833785,86.13425307833785,0.0,0.0,5.208333333333333,0.36638087806051356,426.2167428145716,161.98924870566304,297.7384421213592,150.0,1.0,2.2726369395961754,0.0,1841.891450263865,490.345720613441,477.9665523066951,3279.88882223117,18.492250295061705,0.0,486.8727964637168,86.13425307833785,97.05267952488772,41.666666666666664,12.379168306745884,191703555.20905304,95824833.33333333,10.0,1.0,7.853981633974483,20.0,2.5,98.17477042468104,8782.26155787864,9.610776124023444,9.85894800101479,50.0,12.131584940610965,2302.786376953125,426.2167428145716,5.208333333333333,0.36638087806051356,161.98924870566304
864,0.582254,1.0,1,1072.4486644819365,0.0,490.345720613441,9.610776124023444,76.88620899218755,86.496985116211,1079.5517121336757,0.0,7.103047651739189,38.64244741347599,1.0,0.0,0.0,9.268757044833382,0.0,85.31169166206844,8782.26155787864,9.610776124023444,9.85894800101479,50.0,12.131584940610965,2302.786376953125,12.131584940610965,86.13425307833785,86.13425307833785,0.0,0.0,5.208333333333333,0.36638087806051356,426.2167428145716,161.98924870566304,297.7384421213592,150.0,1.0,2.2726369395961754,0.0,1841.891450263865,490.345720613441,477.9665523066951,3279.88882223117,18.492250295061705,0.0,486.8727964637168,86.13425307833785,97.05267952488772,41.666666666666664,12.379168306745884,191703555.20905304,95824833.33333333,10.0,1.0,7.853981633974483,20.0,2.5,98.17477042468104,8782.26155787864,9.610776124023444,9.85894800101479,50.0,12.131584940610965,2302.786376953125,426.2167428145716,5.208333333333333,0.36638087806051356,161.98924870566304
865,0.572787,1.0,1,1055.0114781222885,0.0,490.345720613441,9.610776124023444,76.88620899218755,86.496985116211,1079.5517121336757,0.0,24.540234011387156,12.81062213833162,1.0,0.0,0.0,9.268757044833382,0.0,87.57296541696662,8782.26155787864,9.610776124023444,9.85894800101479,50.0,12.131584940610965,2302.786376953125,12.131584940610965,86.13425307833785,86.13425307833785,0.0,0.0,5.208333333333333,0.36638087806051356,426.2167428145716,161.98924870566304,297.7384421213592,150.0,1.0,2.2726369395961754,0.0,1841.891450263865,490.345720613441,477.9665523066951,3279.88882223117,18.492250295061705,0.0,486.8727964637168,86.13425307833785,97.05267952488772,41.666666666666664,12.379168306745884,191703555.20905304,95824833.33333333,10.0,1.0,7.853981633974483,20.0,2.5,98.17477042468104,8782.26155787864,9.610776124023444,9.85894800101479,50.0,12.131584940610965,2302.786376953125,426.2167428145716,5.208333333333333,0.36638087806051356,161.98924870566304
866,0.579503,1.0,1,1067.3816211022606,0.0,490.345720613441,9.610776124023444,76.88620899218755,86.496985116211,1079.5517121336757,0.0,12.17009103141504,0.0,1.0,0.0,0.0,9.268757044833382,0.0,89.83423917186482,8782.26155787864,9.610776124023444,9.85894800101479,50.0,12.131584940610965,2302.786376953125,12.131584940610965,86.13425307833785,86.13425307833785,0.0,0.0,5.208333333333333,0.36638087806051356,426.2167428145716,161.98924870566304,297.7384421213592,150.0,1.0,2.2726369395961754,0.0,1841.891450263865,490.345720613441,477.9665523066951,3279.88882223117,18.492250295061705,0.0,486.8727964637168,86.13425307833785,97.05267952488772,41.666666666666664,12.379168306745884,191703555.20905304,95824833.33333333,10.0,1.0,7.853981633974483,20.0,2.5,98.17477042468104,8782.26155787864,9.610776124023444,9.85894800101479,50.0,12.131584940610965,2302.786376953125,426.2167428145716,5.208333333333333,0.36638087806051356,161.98924870566304
867,0.606447,1.0,1,1117.0095443381701,0.0,490.345720613441,9.610776124023444,76.88620899218755,86.496985116211,1079.5517121336757,0.0,0.0,0.0,1.0,0.0,0.0,9.268757044833382,0.0,92.09551292676302,8782.26155787864,9.610776124023444,9.85894800101479,50.0,12.131584940610965,2302.786376953125,12.131584940610965,86.13425307833785,86.13425307833785,0.0,0.0,5.208333333333333,0.36638087806051356,426.2167428145716,161.98924870566304,297.7384421213592,150.0,1.0,2.2726369395961754,0.0,1841.891450263865,490.345720613441,477.9665523066951,3279.88882223117,18.492250295061705,0.0,486.8727964637168,86.13425307833785,97.05267952488772,41.666666666666664,12.379168306745884,191703555.20905304,95824833.33333333,10.0,1.0,7.853981633974483,20.0,2.5,98.17477042468104,8782.26155787864,9.610776124023444,9.85894800101479,50.0,12.131584940610965,2302.786376953125,426.2167428145716,5.208333333333333,0.36638087806051356,161.98924870566304
868,0.6435489999999999,1.0,1,1185.3474009258598,0.0,490.345720613441,9.610776124023444,76.88620899218755,86.496985116211,1185.3474009258598,105.79568879218414,0.0,100.50590435257493,1.0,0.0,0.0,9.268757044833382,0.0,94.35678668166122,8782.26155787864,9.610776124023444,9.85894800101479,50.0,12.131584940610965,2302.786376953125,12.131584940610965,86.13425307833785,86.13425307833785,0.0,0.0,5.208333333333333,0.36638087806051356,426.2167428145716,161.98924870566304,297.7384421213592,150.0,1.0,2.2726369395961754,0.0,1841.891450263865,490.345720613441,477.9665523066951,3279.88882223117,18.492250295061705,0.0,486.8727964637168,86.13425307833785,97.05267952488772,41.666666666666664,12.379168306745884,191703555.20905304,95824833.33333333,10.0,1.0,7.853981633974483,20.0,2.5,98.17477042468104,8782.26155787864,9.610776124023444,9.85894800101479,50.0,12.131584940610965,2302.786376953125,426.2167428145716,5.208333333333333,0.36638087806051356,161.98924870566304
869,0.6372770000000001,1.0,1,1173.7950577498052,0.0,490.345720613441,9.610776124023444,76.88620899218755,86.496985116211,1079.5517121336757,0.0,0.0,100.50590435257493,1.0,0.0,0.0,9.268757044833382,0.0,96.6180604365594,8782.26155787864,9.610776124023444,9.85894800101479,50.0,12.131584940610965,2302.786376953125,12.131584940610965,86.13425307833785,86.13425307833785,0.0,0.0,5.208333333333333,0.36638087806051356,426.2167428145716,161.98924870566304,297.7384421213592,150.0,1.0,2.2726369395961754,0.0,1841.891450263865,490.345720613441,477.9665523066951,3279.88882223117,18.492250295061705,0.0,486.8727964637168,86.13425307833785,97.05267952488772,41.666666666666664,12.379168306745884,191703555.20905304,95824833.33333333,10.0,1.0,7.853981633974483,20.0,2.5,98.17477042468104,8782.26155787864,9.610776124023444,9.85894800101479,50.0,12.131584940610965,2302.786376953125,426.2167428145716,5.208333333333333,0.36638087806051356,161.98924870566304
870,0.664578,1.0,1,1224.0805362334588,0.0,490.345720613441,9.610776124023444,76.88620899218755,86.496985116211,1079.5517121336757,0.0,0.0,100.50590435257493,1.0,0.0,0.0,9.268757044833382,0.0,98.8793341914576,8782.26155787864,9.610776124023444,9.85894800101479,50.0,12.131584940610965,2302.786376953125,12.131584940610965,86.13425307833785,86.13425307833785,0.0,0.0,5.208333333333333,0.36638087806051356,426.2167428145716,161.98924870566304,297.7384421213592,150.0,1.0,2.2726369395961754,0.0,1841.891450263865,490.345720613441,477.9665523066951,3279.88882223117,18.492250295061705,0.0,486.8727964637168,86.13425307833785,97.05267952488772,41.666666666666664,12.379168306745884,191703555.20905304,95824833.33333333,10.0,1.0,7.853981633974483,20.0,2.5,98.17477042468104,8782.26155787864,9.610776124023444,9.85894800101479,50.0,12.131584940610965,2302.786376953125,426.2167428145716,5.208333333333333,0.36638087806051356,161.98924870566304
871,0.708312,1.0,1,1304.6338169192989,0.0,490.345720613441,9.610776124023444,76.88620899218755,86.496985116211,1079.5517121336757,0.0,0.0,100.50590435257493,1.0,0.0,0.0,9.268757044833382,0.0,101.1406079463558,8782.26155787864,9.610776124023444,9.85894800101479,50.0,12.131584940610965,2302.786376953125,12.131584940610965,86.13425307833785,86.13425307833785,0.0,0.0,5.208333333333333,0.36638087806051356,426.2167428145716,161.98924870566304,297.7384421213592,150.0,1.0,2.2726369395961754,0.0,1841.891450263865,490.345720613441,477.9665523066951,3279.88882223117,18.492250295061705,0.0,486.8727964637168,86.13425307833785,97.05267952488772,41.666666666666664,12.379168306745884,191703555.20905304,95824833.33333333,10.0,1.0,7.853981633974483,20.0,2.5,98.17477042468104,8782.26155787864,9.610776124023444,9.85894800101479,50.0,12.131584940610965,2302.786376953125,426.2167428145716,5.208333333333333,0.36638087806051356,161.98924870566304
872,0.765788,1.0,1,1410.4983699146646,0.0,490.345720613441,9.610776124023444,76.88620899218755,86.496985116211,1079.5517121336757,0.0,0.0,100.50590435257493,1.0,0.0,0.0,9.268757044833382,0.0,103.401881701254,8782.26155787864,9.610776124023444,9.85894800101479,50.0,12.131584940610965,2302.786376953125,12.131584940610965,86.13425307833785,86.13425307833785,0.0,0.0,5.208333333333333,0.36638087806051356,426.2167428145716,161.98924870566304,297.7384421213592,150.0,1.0,2.2726369395961754,0.0,1841.891450263865,490.345720613441,477.9665523066951,3279.88882223117,18.492250295061705,0.0,486.8727964637168,86.13425307833785,97.05267952488772,41.666666666666664,12.379168306745884,191703555.20905304,95824833.33333333,10.0,1.0,7.853981633974483,20.0,2.5,98.17477042468104,8782.26155787864,9.610776124023444,9.85894800101479,50.0,12.131584940610965,2302.786376953125,426.2167428145716,5.208333333333333,0.36638087806051356,161.98924870566304
873,0.805225,1.0,1,1483.1370430387205,0.0,490.345720613441,9.610776124023444,76.88620899218755,86.496985116211,1079.5517121336757,0.0,0.0,100.50590435257493,1.0,0.0,0.0,9.268757044833382,0.0,105.6631554561522,8782.26155787864,9.610776124023444,9.85894800101479,50.0,12.131584940610965,2302.786376953125,12.131584940610965,86.13425307833785,86.13425307833785,0.0,0.0,5.208333333333333,0.36638087806051356,426.2167428145716,161.98924870566304,297.7384421213592,150.0,1.0,2.2726369395961754,0.0,1841.891450263865,490.345720613441,477.9665523066951,3279.88882223117,18.492250295061705,0.0,486.8727964637168,86.13425307833785,97.05267952488772,41.666666666666664,12.379168306745884,191703555.20905304,95824833.33333333,10.0,1.0,7.853981633974483,20.0,2.5,98.17477042468104,8782.26155787864,9.610776124023444,9.85894800101479,50.0,12.131584940610965,2302.786376953125,426.2167428145716,5.208333333333333,0.36638087806051356,161.98924870566304
874,0.825663,1.0,1,1520.7816204992137,0.0,490.345720613441,9.610776124023444,76.88620899218755,86.496985116211,1520.7816204992137,441.2299083655379,0.0,519.6743172998358,1.0,0.0,0.0,9.268757044833382,0.0,107.9244292110504,8782.26155787864,9.610776124023444,9.85894800101479,50.0,12.131584940610965,2302.786376953125,12.131584940610965,86.13425307833785,86.13425307833785,0.0,0.0,5.208333333333333,0.36638087806051356,426.2167428145716,161.98924870566304,297.7384421213592,150.0,1.0,2.2726369395961754,0.0,1841.891450263865,490.345720613441,477.9665523066951,3279.88882223117,18.492250295061705,0.0,486.8727964637168,86.13425307833785,97.05267952488772,41.666666666666664,12.379168306745884,191703555.20905304,95824833.33333333,10.0,1.0,7.853981633974483,20.0,2.5,98.17477042468104,8782.26155787864,9.610776124023444,9.85894800101479,50.0,12.131584940610965,2302.786376953125,426.2167428145716,5.208333333333333,0.36638087806051356,161.98924870566304
875,0.851931,1.0,1,1569.1644251147447,0.0,490.345720613441,9.610776124023444,76.88620899218755,86.496985116211,1079.5517121336757,0.0,0.0,519.6743172998358,1.0,0.0,0.0,9.268757044833382,0.0,110.1857029659486,8782.26155787864,9.610776124023444,9.85894800101479,50.0,12.131584940610965,2302.786376953125,12.131584940610965,86.13425307833785,86.13425307833785,0.0,0.0,5.208333333333333,0.36638087806051356,426.2167428145716,161.98924870566304,297.7384421213592,150.0,1.0,2.2726369395961754,0.0,1841.891450263865,490.345720613441,477.9665523066951,3279.88882223117,18.492250295061705,0.0,486.8727964637168,86.13425307833785,97.05267952488772,41.666666666666664,12.379168306745884,191703555.20905304,95824833.33333333,10.0,1.0,7.853981633974483,20.0,2.5,98.17477042468104,8782.26155787864,9.610776124023444,9.85894800101479,50.0,12.131584940610965,2302.786376953125,426.2167428145716,5.208333333333333,0.36638087806051356,161.98924870566304
876,0.873181,1.0,1,1608.3046184328518,0.0,490.345720613441,9.610776124023444,76.88620899218755,86.496985116211,1079.5517121336757,0.0,0.0,519.6743172998358,1.0,0.0,0.0,9.268757044833382,0.0,112.44697672084679,8782.26155787864,9.610776124023444,9.85894800101479,50.0,12.131584940610965,2302.786376953125,12.131584940610965,86.13425307833785,86.13425307833785,0.0,0.0,5.208333333333333,0.36638087806051356,426.2167428145716,161.98924870566304,297.7384421213592,150.0,1.0,2.2726369395961754,0.0,1841.891450263865,490.345720613441,477.9665523066951,3279.88882223117,18.492250295061705,0.0,486.8727964637168,86.13425307833785,97.05267952488772,41.666666666666664,12.379168306745884,191703555.20905304,95824833.33333333,10.0,1.0,7.853981633974483,20.0,2.5,98.17477042468104,8782.26155787864,9.610776124023444,9.85894800101479,50.0,12.131584940610965,2302.786376953125,426.2167428145716,5.208333333333333,0.36638087806051356,161.98924870566304
877,0.893375,1.0,1,1645.4997743794804,0.0,490.345720613441,9.610776124023444,76.88620899218755,86.496985116211,1079.5517121336757,0.0,0.0,519.6743172998358,1.0,0.0,0.0,9.268757044833382,0.0,114.70825047574498,8782.26155787864,9.610776124023444,9.85894800101479,50.0,12.131584940610965,2302.786376953125,12.131584940610965,86.13425307833785,86.13425307833785,0.0,0.0,5.208333333333333,0.36638087806051356,426.2167428145716,161.98924870566304,297.7384421213592,150.0,1.0,2.2726369395961754,0.0,1841.891450263865,490.345720613441,477.9665523066951,3279.88882223117,18.492250295061705,0.0,486.8727964637168,86.13425307833785,97.05267952488772,41.666666666666664,12.379168306745884,191703555.20905304,95824833.33333333,10.0,1.0,7.853981633974483,20.0,2.5,98.17477042468104,8782.26155787864,9.610776124023444,9.85894800101479,50.0,12.131584940610965,2302.786376953125,426.2167428145716,5.208333333333333,0.36638087806051356,161.98924870566304
878,0.896062,1.0,1,1650.4489367063395,0.0,490.345720613441,9.610776124023444,76.88620899218755,86.496985116211,1650.4489367063395,570.8972245726638,0.0,1062.0266806438665,1.0,0.0,0.0,9.268757044833382,0.0,116.96952423064317,8782.26155787864,9.610776124023444,9.85894800101479,50.0,12.131584940610965,2302.786376953125,12.131584940610965,86.13425307833785,86.13425307833785,0.0,0.0,5.208333333333333,0.36638087806051356,426.2167428145716,161.98924870566304,297.7384421213592,150.0,1.0,2.2726369395961754,0.0,1841.891450263865,490.345720613441,477.9665523066951,3279.88882223117,18.492250295061705,0.0,486.8727964637168,86.13425307833785,97.05267952488772,41.666666666666664,12.379168306745884,191703555.20905304,95824833.33333333,10.0,1.0,7.853981633974483,20.0,2.5,98.17477042468104,8782.26155787864,9.610776124023444,9.85894800101479,50.0,12.131584940610965,2302.786376953125,426.2167428145716,5.208333333333333,0.36638087806051356,161.98924870566304
879,0.896556,1.0,1,1651.3588310827697,0.0,490.345720613441,9.610776124023444,76.88620899218755,86.496985116211,1079.5517121336757,0.0,0.0,1062.0266806438665,1.0,0.0,0.0,9.268757044833382,0.0,119.23079798554137,8782.26155787864,9.610776124023444,9.85894800101479,50.0,12.131584940610965,2302.786376953125,12.131584940610965,86.13425307833785,86.13425307833785,0.0,0.0,5.208333333333333,0.36638087806051356,426.2167428145716,161.98924870566304,297.7384421213592,150.0,1.0,2.2726369395961754,0.0,1841.891450263865,490.345720613441,477.9665523066951,3279.88882223117,18.492250295061705,0.0,486.8727964637168,86.13425307833785,97.05267952488772,41.666666666666664,12.379168306745884,191703555.20905304,95824833.33333333,10.0,1.0,7.853981633974483,20.0,2.5,98.17477042468104,8782.26155787864,9.610776124023444,9.85894800101479,50.0,12.131584940610965,2302.786376953125,426.2167428145716,5.208333333333333,0.36638087806051356,161.98924870566304
880,0.905157,1.0,1,1667.2009394464892,0.0,490.345720613441,9.610776124023444,76.88620899218755,86.496985116211,1477.6085403432032,398.05682820952757,0.0,1440.1806674429176,1.0,0.0,0.0,9.268757044833382,0.0,121.49207174043957,8782.26155787864,9.610776124023444,9.85894800101479,50.0,12.131584940610965,2302.786376953125,12.131584940610965,86.13425307833785,86.13425307833785,0.0,0.0,5.208333333333333,0.36638087806051356,426.2167428145716,161.98924870566304,297.7384421213592,150.0,1.0,2.2726369395961754,0.0,1841.891450263865,490.345720613441,477.9665523066951,3279.88882223117,18.492250295061705,0.0,486.8727964637168,86.13425307833785,97.05267952488772,41.666666666666664,12.379168306745884,191703555.20905304,95824833.33333333,10.0,1.0,7.853981633974483,20.0,2.5,98.17477042468104,8782.26155787864,9.610776124023444,9.85894800101479,50.0,12.131584940610965,2302.786376953125,426.2167428145716,5.208333333333333,0.36638087806051356,161.98924870566304
881,0.915483,1.0,1,1686.220310561914,0.0,490.345720613441,9.610776124023444,76.88620899218755,86.496985116211,1079.5517121336757,0.0,0.0,1440.1806674429176,1.0,0.0,0.0,9.268757044833382,0.0,123.75334549533775,8782.26155787864,9.610776124023444,9.85894800101479,50.0,12.131584940610965,2302.786376953125,12.131584940610965,86.13425307833785,86.13425307833785,0.0,0.0,5.208333333333333,0.36638087806051356,426.2167428145716,161.98924870566304,297.7384421213592,150.0,1.0,2.2726369395961754,0.0,1841.891450263865,490.345720613441,477.9665523066951,3279.88882223117,18.492250295061705,0.0,486.8727964637168,86.13425307833785,97.05267952488772,41.666666666666664,12.379168306745884,191703555.20905304,95824833.33333333,10.0,1.0,7.853981633974483,20.0,2.5,98.17477042468104,8782.26155787864,9.610776124023444,9.85894800101479,50.0,12.131584940610965,2302.786376953125,426.2167428145716,5.208333333333333,0.36638087806051356,161.98924870566304
882,0.925136,1.0,1,1704.0000887313108,0.0,490.345720613441,9.610776124023444,76.88620899218755,86.496985116211,1079.5517121336757,0.0,0.0,1440.1806674429176,1.0,0.0,0.0,9.268757044833382,0.0,126.01461925023595,8782.26155787864,9.610776124023444,9.85894800101479,50.0,12.131584940610965,2302.786376953125,12.131584940610965,86.13425307833785,86.13425307833785,0.0,0.0,5.208333333333333,0.36638087806051356,426.2167428145716,161.98924870566304,297.7384421213592,150.0,1.0,2.2726369395961754,0.0,1841.891450263865,490.345720613441,477.9665523066951,3279.88882223117,18.492250295061705,0.0,486.8727964637168,86.13425307833785,97.05267952488772,41.666666666666664,12.379168306745884,191703555.20905304,95824833.33333333,10.0,1.0,7.853981633974483,20.0,2.5,98.17477042468104,8782.26155787864,9.610776124023444,9.85894800101479,50.0,12.131584940610965,2302.786376953125,426.2167428145716,5.208333333333333,0.36638087806051356,161.98924870566304
883,0.932325,1.0,1,1717.2414463672578,0.0,490.345720613441,9.610776124023444,76.88620899218755,86.496985116211,1079.5517121336757,0.0,0.0,1440.1806674429176,1.0,0.0,0.0,9.268757044833382,0.0,128.27589300513415,8782.26155787864,9.610776124023444,9.85894800101479,50.0,12.131584940610965,2302.786376953125,12.131584940610965,86.13425307833785,86.13425307833785,0.0,0.0,5.208333333333333,0.36638087806051356,426.2167428145716,161.98924870566304,297.7384421213592,150.0,1.0,2.2726369395961754,0.0,1841.891450263865,490.345720613441,477.9665523066951,3279.88882223117,18.492250295061705,0.0,486.8727964637168,86.13425307833785,97.05267952488772,41.666666666666664,12.379168306745884,191703555.20905304,95824833.33333333,10.0,1.0,7.853981633974483,20.0,2.5,98.17477042468104,8782.26155787864,9.610776124023444,9.85894800101479,50.0,12.131584940610965,2302.786376953125,426.2167428145716,5.208333333333333,0.36638087806051356,161.98924870566304
884,0.931487,1.0,1,1715.6979413319366,0.0,490.345720613441,9.610776124023444,76.88620899218755,86.496985116211,1715.6979413319366,636.1462291982609,0.0,2044.5195851812655,1.0,0.0,0.0,9.268757044833382,0.0,130.53716676003233,8782.26155787864,9.610776124023444,9.85894800101479,50.0,12.131584940610965,2302.786376953125,12.131584940610965,86.13425307833785,86.13425307833785,0.0,0.0,5.208333333333333,0.36638087806051356,426.2167428145716,161.98924870566304,297.7384421213592,150.0,1.0,2.2726369395961754,0.0,1841.891450263865,490.345720613441,477.9665523066951,3279.88882223117,18.492250295061705,0.0,486.8727964637168,86.13425307833785,97.05267952488772,41.666666666666664,12.379168306745884,191703555.20905304,95824833.33333333,10.0,1.0,7.853981633974483,20.0,2.5,98.17477042468104,8782.26155787864,9.610776124023444,9.85894800101479,50.0,12.131584940610965,2302.786376953125,426.2167428145716,5.208333333333333,0.36638087806051356,161.98924870566304
885,0.936406,1.0,1,1724.7582053757847,0.0,490.345720613441,9.610776124023444,76.88620899218755,86.496985116211,1724.7582053757844,645.2064932421088,0.0,2657.465753761269,1.0,0.0,0.0,9.268757044833382,0.0,132.79844051493055,8782.26155787864,9.610776124023444,9.85894800101479,50.0,12.131584940610965,2302.786376953125,12.131584940610965,86.13425307833785,86.13425307833785,0.0,0.0,5.208333333333333,0.36638087806051356,426.2167428145716,161.98924870566304,297.7384421213592,150.0,1.0,2.2726369395961754,0.0,1841.891450263865,490.345720613441,477.9665523066951,3279.88882223117,18.492250295061705,0.0,486.8727964637168,86.13425307833785,97.05267952488772,41.666666666666664,12.379168306745884,191703555.20905304,95824833.33333333,10.0,1.0,7.853981633974483,20.0,2.5,98.17477042468104,8782.26155787864,9.610776124023444,9.85894800101479,50.0,12.131584940610965,2302.786376953125,426.2167428145716,5.208333333333333,0.36638087806051356,161.98924870566304
886,0.941822,1.0,1,1734.733889470414,0.0,490.345720613441,9.610776124023444,76.88620899218755,86.496985116211,1734.7338894704137,655.182177336738,0.0,3279.88882223117,1.0,0.0,0.0,9.268757044833382,0.0,135.05971426982873,8782.26155787864,9.610776124023444,9.85894800101479,50.0,12.131584940610965,2302.786376953125,12.131584940610965,86.13425307833785,86.13425307833785,0.0,0.0,5.208333333333333,0.36638087806051356,426.2167428145716,161.98924870566304,297.7384421213592,150.0,1.0,2.2726369395961754,0.0,1841.891450263865,490.345720613441,477.9665523066951,3279.88882223117,18.492250295061705,0.0,486.8727964637168,86.13425307833785,97.05267952488772,41.666666666666664,12.379168306745884,191703555.20905304,95824833.33333333,10.0,1.0,7.853981633974483,20.0,2.5,98.17477042468104,8782.26155787864,9.610776124023444,9.85894800101479,50.0,12.131584940610965,2302.786376953125,426.2167428145716,5.208333333333333,0.36638087806051356,161.98924870566304
887,0.944753,1.0,1,1740.1324733111371,0.0,490.345720613441,9.610776124023444,76.88620899218755,86.496985116211,1079.5517121336757,0.0,0.0,3279.88882223117,1.0,0.0,0.0,9.268757044833382,0.0,137.32098802472686,8782.26155787864,9.610776124023444,9.85894800101479,50.0,12.131584940610965,2302.786376953125,12.131584940610965,86.13425307833785,86.13425307833785,0.0,0.0,5.208333333333333,0.36638087806051356,426.2167428145716,161.98924870566304,297.7384421213592,150.0,1.0,2.2726369395961736,0.0,1841.891450263865,490.345720613441,477.9665523066951,3279.88882223117,18.492250295061705,0.0,486.8727964637168,86.13425307833785,97.05267952488772,41.666666666666664,12.379168306745884,191703555.20905304,95824833.33333333,10.0,1.0,7.853981633974483,20.0,2.5,98.17477042468104,8782.26155787864,9.610776124023444,9.85894800101479,50.0,12.131584940610965,2302.786376953125,426.2167428145716,5.208333333333333,0.36638087806051356,161.98924870566304
