t,cf_wind,y_A_on,y_U_on,P_wind,P_grid,P_el,M_H2_prod,M_O2_prod,M_H2O_el,total_electric_load,ch_B,dis_B,I_B,hydrogen_charge_mode,ch_H,dis_H,I_H,I_C,I_NH3,Ft,Fh2,Fnh3,Fco2,F_NH3_A,F_H2O_A,F_NH3_strip,Q_S,Q_rec,Q_HU,P_HU_el,F_U,w_U,E_A,E_U,Ft_spill,Fco2_spill,ammonia_charge_mode,ch_NH3,dis_NH3,W_cap,E_cap,E_cap_incremental,B_cap,H_cap,C_cap,NH3_cap,HX_cap,K_nh3_plant_tpy,K_urea_plant_tpy,E_cap_included_in_nh3,nh3_plant_capex,urea_plant_capex,ammonia_reactor_length_m,ammonia_reactor_diameter_m,ammonia_reactor_volume_m3,urea_reactor_length_m,urea_reactor_diameter_m,urea_reactor_volume_m3,Ft_op,Fh2_op,Fnh3_op,Fco2_op,F_NH3_A_op,F_H2O_A_op,E_A_op,F_U_op,w_U_op,E_U_op
0,0.021468,0.0,1,39.828283388382374,0.0,0.0,0.0,0.0,0.0,162.99299095285005,0.0,123.16470756446142,3020.846941220521,1.0,0.0,0.0,9.480634700225986,0.0,125.28058729491654,0.0,0.0,9.869138774764972,49.673934606704805,0.0,0.0,0.0,0.0,0.0,0.0,0.0,5.208333333333333,0.3660418082569846,0.0,161.99951226071596,9080.0,150.3260653932952,0.0,0.0,9.869138774764972,1855.239583956697,490.7513101029023,478.35934597824394,3150.4940018146904,15.20213301931988,0.0,482.8488338176922,86.22328637937287,97.15299873732154,41.666666666666664,12.39196412465836,191703662.2496527,95824833.33333333,10.0,1.0,7.853981633974483,20.0,2.5,98.17477042468104,8782.630493135404,9.618725678016885,9.869138774764972,49.673934606704805,12.144124842165192,2302.786376953125,426.940605116282,5.208333333333333,0.3660418082569846,161.99951226071596
1,0.016452,0.0,1,30.522401635255584,0.0,0.0,0.0,0.0,0.0,162.99299095285005,0.0,132.47058931758875,2881.4042156230475,1.0,0.0,0.0,9.480634700225986,0.0,115.36185485796682,0.0,0.0,9.869138774764972,49.673934606704805,0.0,0.0,0.0,0.0,0.0,0.0,0.0,5.208333333333333,0.3660418082569846,0.0,161.99951226071596,9080.0,150.3260653932952,0.0,0.0,9.869138774764972,1855.239583956697,490.7513101029023,478.35934597824394,3150.4940018146904,15.20213301931988,0.0,482.8488338176922,86.22328637937287,97.15299873732154,41.666666666666664,12.39196412465836,191703662.2496527,95824833.33333333,10.0,1.0,7.853981633974483,20.0,2.5,98.17477042468104,8782.630493135404,9.618725678016885,9.869138774764972,49.673934606704805,12.144124842165192,2302.786376953125,426.940605116282,5.208333333333333,0.3660418082569846,161.99951226071596
2,0.013938,0.0,1,25.858329321188446,0.0,0.0,0.0,0.0,0.0,162.99299095285005,0.0,137.13466163165504,2737.0519402213054,0.0,0.0,0.0,9.480634700225986,0.0,105.4431224210171,0.0,0.0,9.869138774764972,49.673934606704805,0.0,0.0,0.0,0.0,0.0,0.0,0.0,5.208333333333333,0.3660418082569846,0.0,161.99951226071596,9080.0,150.3260653932952,0.0,0.0,9.869138774764972,1855.239583956697,490.7513101029023,478.35934597824394,3150.4940018146904,15.20213301931988,0.0,482.8488338176922,86.22328637937287,97.15299873732154,41.666666666666664,12.39196412465836,191703662.2496527,95824833.33333333,10.0,1.0,7.853981633974483,20.0,2.5,98.17477042468104,8782.630493135404,9.618725678016885,9.869138774764972,49.673934606704805,12.144124842165192,2302.786376953125,426.940605116282,5.208333333333333,0.3660418082569846,161.99951226071596
3,0.015609,0.0,1,28.958434665980082,0.0,0.0,0.0,0.0,0.0,162.99299095285005,0.0,134.03455628686424,2595.9629336035537,1.0,0.0,0.0,9.480634700225986,0.0,95.52438998406738,0.0,0.0,9.869138774764972,49.673934606704805,0.0,0.0,0.0,0.0,0.0,0.0,0.0,5.208333333333333,0.3660418082569846,0.0,161.99951226071596,9080.0,150.3260653932952,0.0,0.0,9.869138774764972,1855.239583956697,490.7513101029023,478.35934597824394,3150.4940018146904,15.20213301931988,0.0,482.8488338176922,86.22328637937287,97.15299873732154,41.666666666666664,12.39196412465836,191703662.2496527,95824833.33333333,10.0,1.0,7.853981633974483,20.0,2.5,98.17477042468104,8782.630493135404,9.618725678016885,9.869138774764972,49.673934606704805,12.144124842165192,2302.786376953125,426.940605116282,5.208333333333333,0.3660418082569846,161.99951226071596
4,0.020609,0.0,1,38.23463258576357,0.0,0.0,0.0,0.0,0.0,162.99299095285005,0.0,124.75835836708666,2464.6383458487257,0.0,0.0,0.0,9.480634700225986,0.0,85.60565754713016,0.0,0.0,9.869138774764972,49.673934606704805,0.0,0.0,0.0,0.0,0.0,0.0,0.0,5.208333333333333,0.3660418082569846,0.0,161.99951226071596,9080.0,150.3260653932952,0.0,0.0,9.869138774764961,1855.239583956697,490.7513101029023,478.35934597824394,3150.4940018146904,15.20213301931988,0.0,482.8488338176922,86.22328637937287,97.15299873732154,41.666666666666664,12.39196412465836,191703662.2496527,95824833.33333333,10.0,1.0,7.853981633974483,20.0,2.5,98.17477042468104,8782.630493135404,9.618725678016885,9.869138774764972,49.673934606704805,12.144124842165192,2302.786376953125,426.940605116282,5.208333333333333,0.3660418082569846,161.99951226071596
5,0.03494,0.0,1,64.822071063447,0.0,0.0,0.0,0.0,0.0,162.99299095285005,0.0,98.1709198894032,2361.3005354388274,1.0,0.0,0.0,9.480634700225986,0.0,75.68692511018044,0.0,0.0,9.869138774764972,49.673934606704805,0.0,0.0,0.0,0.0,0.0,0.0,0.0,5.208333333333333,0.3660418082569846,0.0,161.99951226071596,9080.0,150.3260653932952,0.0,0.0,9.869138774764972,1855.239583956697,490.7513101029023,478.35934597824394,3150.4940018146904,15.20213301931988,0.0,482.8488338176922,86.22328637937287,97.15299873732154,41.666666666666664,12.39196412465836,191703662.2496527,95824833.33333333,10.0,1.0,7.853981633974483,20.0,2.5,98.17477042468104,8782.630493135404,9.618725678016885,9.869138774764972,49.673934606704805,12.144124842165192,2302.786376953125,426.940605116282,5.208333333333333,0.3660418082569846,161.99951226071596
6,0.069596,0.0,1,129.1172540850503,0.0,0.0,0.0,0.0,0.0,162.99299095285005,0.0,33.87573686779251,2325.641865051682,1.0,0.0,0.0,9.480634700225986,0.0,65.76819267323071,0.0,0.0,9.869138774764972,49.673934606704805,0.0,0.0,0.0,0.0,0.0,0.0,0.0,5.208333333333333,0.3660418082569846,0.0,161.99951226071596,9080.0,150.3260653932952,0.0,0.0,9.869138774764972,1855.239583956697,490.7513101029023,478.35934597824394,3150.4940018146904,15.20213301931988,0.0,482.8488338176922,86.22328637937287,97.15299873732154,41.666666666666664,12.39196412465836,191703662.2496527,95824833.33333333,10.0,1.0,7.853981633974483,20.0,2.5,98.17477042468104,8782.630493135404,9.618725678016885,9.869138774764972,49.673934606704805,12.144124842165192,2302.786376953125,426.940605116282,5.208333333333333,0.3660418082569846,161.99951226071596
7,0.111914,0.0,1,207.6272827989298,0.0,42.95062725758251,0.8418322942486172,6.734658353988937,7.576490648237554,207.6272827989298,0.0,0.0,2325.641865051682,1.0,0.8418322942486172,0.0,10.30563034858963,0.0,55.849460236281,0.0,0.0,9.869138774764972,49.673934606704805,0.0,0.0,0.0,0.0,0.0,0.0,0.0,5.208333333333333,0.3660418082569846,0.0,161.99951226071596,9080.0,150.3260653932952,0.0,0.0,9.869138774764972,1855.239583956697,490.7513101029023,478.35934597824394,3150.4940018146904,15.20213301931988,0.0,482.8488338176922,86.22328637937287,97.15299873732154,41.666666666666664,12.39196412465836,191703662.2496527,95824833.33333333,10.0,1.0,7.853981633974483,20.0,2.5,98.17477042468104,8782.630493135404,9.618725678016885,9.869138774764972,49.673934606704805,12.144124842165192,2302.786376953125,426.940605116282,5.208333333333333,0.3660418082569846,161.99951226071596
8,0.167074,0.0,1,309.9622982499812,0.0,141.42543042449108,2.771938436320025,22.1755074905602,24.947445926880224,309.9622982499812,0.0,0.0,2325.641865051682,1.0,2.771938436320025,0.0,13.022130016183254,0.0,45.93072779924544,0.0,0.0,9.869138774764972,49.673934606704805,0.0,0.0,0.0,0.0,0.0,0.0,0.0,5.208333333333333,0.3660418082569846,0.0,161.99951226071596,9080.0,150.3260653932952,0.0,0.0,9.869138774764979,1855.239583956697,490.7513101029023,478.35934597824394,3150.4940018146904,15.20213301931988,0.0,482.8488338176922,86.22328637937287,97.15299873732154,41.666666666666664,12.39196412465836,191703662.2496527,95824833.33333333,10.0,1.0,7.853981633974483,20.0,2.5,98.17477042468104,8782.630493135404,9.618725678016885,9.869138774764972,49.673934606704805,12.144124842165192,2302.786376953125,426.940605116282,5.208333333333333,0.3660418082569846,161.99951226071596
9,0.217229,1.0,1,403.01183958332933,0.0,330.39611939664246,6.475763940174192,51.80611152139354,58.28187546156773,920.6440116395587,0.0,517.6321720562294,1780.7658944661775,0.0,0.0,3.1429617378426924,9.815026202058048,0.0,48.194338936308654,8782.630493135404,9.618725678016885,9.869138774764972,49.673934606704805,12.144124842165192,2302.786376953125,12.144124842165192,86.22328637937287,86.22328637937287,0.0,0.0,5.208333333333333,0.3660418082569846,426.940605116282,161.99951226071596,297.3695068645957,150.3260653932952,1.0,2.2749860674002154,0.0,1855.239583956697,490.7513101029023,478.35934597824394,3150.4940018146904,15.20213301931988,0.0,482.8488338176922,86.22328637937287,97.15299873732154,41.666666666666664,12.39196412465836,191703662.2496527,95824833.33333333,10.0,1.0,7.853981633974483,20.0,2.5,98.17477042468104,8782.630493135404,9.618725678016885,9.869138774764972,49.673934606704805,12.144124842165192,2302.786376953125,426.940605116282,5.208333333333333,0.3660418082569846,161.99951226071596
10,0.253232,1.0,1,469.80603032452234,0.0,0.0,0.0,0.0,0.0,590.8954686369337,0.0,121.08943831241095,1653.3033278215344,0.0,0.0,9.618725678016887,0.0,0.0,50.45795007338712,8782.630493135404,9.618725678016885,9.869138774764972,49.673934606704805,12.144124842165192,2302.786376953125,12.144124842165192,86.22328637937287,86.22328637937287,0.0,0.0,5.208333333333333,0.3660418082569846,426.940605116282,161.99951226071596,297.3695068645957,150.3260653932952,1.0,2.2749860674002154,0.0,1855.239583956697,490.7513101029023,478.35934597824394,3150.4940018146904,15.20213301931988,0.0,482.8488338176922,86.22328637937287,97.15299873732154,41.666666666666664,12.39196412465836,191703662.2496527,95824833.33333333,10.0,1.0,7.853981633974483,20.0,2.5,98.17477042468104,8782.630493135404,9.618725678016885,9.869138774764972,49.673934606704805,12.144124842165192,2302.786376953125,426.940605116282,5.208333333333333,0.3660418082569846,161.99951226071596
11,0.260111,0.0,1,482.5682234225604,0.0,307.52043155283906,6.027400458435645,48.21920366748516,54.246604125920804,482.5682234225604,0.0,0.0,1653.3033278215344,1.0,6.027400458435645,0.0,5.906852449266932,0.0,40.5392176364374,0.0,0.0,9.869138774764972,49.673934606704805,0.0,0.0,0.0,0.0,0.0,0.0,0.0,5.208333333333333,0.3660418082569846,0.0,161.99951226071596,9080.0,150.3260653932952,0.0,0.0,9.869138774764972,1855.239583956697,490.7513101029023,478.35934597824394,3150.4940018146904,15.20213301931988,0.0,482.8488338176922,86.22328637937287,97.15299873732154,41.666666666666664,12.39196412465836,191703662.2496527,95824833.33333333,10.0,1.0,7.853981633974483,20.0,2.5,98.17477042468104,8782.630493135404,9.618725678016885,9.869138774764972,49.673934606704805,12.144124842165192,2302.786376953125,426.940605116282,5.208333333333333,0.3660418082569846,161.99951226071596
12,0.2885419999999999,1.0,1,535.3145400340331,0.0,195.40868763960248,3.8300102777362084,30.640082221889667,34.47009249962588,785.9211552487626,0.0,250.6066152147298,1389.5068907533978,0.0,0.0,5.788715400280676,0.0,0.0,42.80282877351705,8782.630493135404,9.618725678016885,9.869138774764972,49.673934606704805,12.144124842165192,2302.786376953125,12.144124842165192,86.22328637937287,86.22328637937287,0.0,0.0,5.208333333333333,0.3660418082569846,426.940605116282,161.99951226071596,297.3695068645957,150.3260653932952,1.0,2.2749860674002154,0.0,1855.239583956697,490.7513101029023,478.35934597824394,3150.4940018146904,15.20213301931988,0.0,482.8488338176922,86.22328637937287,97.15299873732154,41.666666666666664,12.39196412465836,191703662.2496527,95824833.33333333,10.0,1.0,7.853981633974483,20.0,2.5,98.17477042468104,8782.630493135404,9.618725678016885,9.869138774764972,49.673934606704805,12.144124842165192,2302.786376953125,426.940605116282,5.208333333333333,0.3660418082569846,161.99951226071596
13,0.288552,0.0,1,535.3330924298727,0.0,358.29493983547223,7.022580820775255,56.18064656620204,63.2032273869773,535.3330924298729,0.0,0.0,1389.5068907533978,1.0,7.022580820775255,0.0,6.88212920435975,0.0,32.88409633656733,0.0,0.0,9.869138774764972,49.673934606704805,0.0,0.0,0.0,0.0,0.0,0.0,0.0,5.208333333333333,0.3660418082569846,0.0,161.99951226071596,9080.0,150.3260653932952,0.0,0.0,9.869138774764972,1855.239583956697,490.7513101029023,478.35934597824394,3150.4940018146904,15.20213301931988,0.0,482.8488338176922,86.22328637937287,97.15299873732154,41.666666666666664,12.39196412465836,191703662.2496527,95824833.33333333,10.0,1.0,7.853981633974483,20.0,2.5,98.17477042468104,8782.630493135404,9.618725678016885,9.869138774764972,49.673934606704805,12.144124842165192,2302.786376953125,426.940605116282,5.208333333333333,0.3660418082569846,161.99951226071596
14,0.2969859999999999,0.0,1,550.9801830809635,0.0,373.3518015089624,7.317695309575663,58.54156247660531,65.85925778618098,550.9801830809638,0.0,0.0,1389.5068907533978,1.0,7.317695309575663,0.0,14.0534706077439,0.0,22.96536389961761,0.0,0.0,9.869138774764972,49.673934606704805,0.0,0.0,0.0,0.0,0.0,0.0,0.0,5.208333333333333,0.3660418082569846,0.0,161.99951226071596,9080.0,150.3260653932952,0.0,0.0,9.869138774764972,1855.239583956697,490.7513101029023,478.35934597824394,3150.4940018146904,15.20213301931988,0.0,482.8488338176922,86.22328637937287,97.15299873732154,41.666666666666664,12.39196412465836,191703662.2496527,95824833.33333333,10.0,1.0,7.853981633974483,20.0,2.5,98.17477042468104,8782.630493135404,9.618725678016885,9.869138774764972,49.673934606704805,12.144124842165192,2302.786376953125,426.940605116282,5.208333333333333,0.3660418082569846,161.99951226071596
15,0.281607,1.0,1,522.4484535192936,0.0,0.0,0.0,0.0,0.0,590.8954686369337,0.0,68.44701511763014,1317.4574011558925,0.0,0.0,9.618725678016885,4.238444405685853,0.0,25.228975036696227,8782.630493135404,9.618725678016885,9.869138774764972,49.673934606704805,12.144124842165192,2302.786376953125,12.144124842165192,86.22328637937287,86.22328637937287,0.0,0.0,5.208333333333333,0.3660418082569846,426.940605116282,161.99951226071596,297.3695068645957,150.3260653932952,1.0,2.2749860674002154,0.0,1855.239583956697,490.7513101029023,478.35934597824394,3150.4940018146904,15.20213301931988,0.0,482.8488338176922,86.22328637937287,97.15299873732154,41.666666666666664,12.39196412465836,191703662.2496527,95824833.33333333,10.0,1.0,7.853981633974483,20.0,2.5,98.17477042468104,8782.630493135404,9.618725678016885,9.869138774764972,49.673934606704805,12.144124842165192,2302.786376953125,426.940605116282,5.208333333333333,0.3660418082569846,161.99951226071596
16,0.249078,0.0,1,462.09936509276616,0.0,287.82368566196703,5.641344238974554,45.13075391179643,50.77209815077099,462.09936509276616,0.0,0.0,1317.4574011558925,1.0,5.641344238974553,0.0,9.766961759880916,0.0,15.310242599746505,0.0,0.0,9.869138774764972,49.673934606704805,0.0,0.0,0.0,0.0,0.0,0.0,0.0,5.208333333333333,0.3660418082569846,0.0,161.99951226071596,9080.0,150.3260653932952,0.0,0.0,9.869138774764972,1855.239583956697,490.7513101029023,478.35934597824394,3150.4940018146904,15.20213301931988,0.0,482.8488338176922,86.22328637937287,97.15299873732154,41.666666666666664,12.39196412465836,191703662.2496527,95824833.33333333,10.0,1.0,7.853981633974483,20.0,2.5,98.17477042468104,8782.630493135404,9.618725678016885,9.869138774764972,49.673934606704805,12.144124842165192,2302.786376953125,426.940605116282,5.208333333333333,0.3660418082569846,161.99951226071596
17,0.215077,1.0,1,399.0193639986545,0.0,367.36712953068667,7.200395738801459,57.60316591041167,64.80356164921312,957.5425585937395,0.0,558.523194595085,729.53824895054,0.0,0.0,2.4183299392154187,7.299278148436611,0.0,17.573853736825,8782.630493135404,9.618725678016878,9.869138774764972,49.673934606704805,12.144124842165185,2302.786376953125,12.144124842165185,86.22328637937281,86.22328637937281,0.0,0.0,5.208333333333333,0.3660418082569846,426.9406051162813,161.99951226071596,297.3695068645957,150.3260653932952,1.0,2.2749860674002065,0.0,1855.239583956697,490.7513101029023,478.35934597824394,3150.4940018146904,15.20213301931988,0.0,482.8488338176922,86.22328637937287,97.15299873732154,41.666666666666664,12.39196412465836,191703662.2496527,95824833.33333333,10.0,1.0,7.853981633974483,20.0,2.5,98.17477042468104,8782.630493135404,9.618725678016885,9.869138774764972,49.673934606704805,12.144124842165192,2302.786376953125,426.940605116282,5.208333333333333,0.3660418082569846,161.99951226071596
18,0.202299,0.0,1,375.31311259485585,0.0,204.31112552156065,4.004498060222589,32.03598448178071,36.040482542003296,375.3131125948559,0.0,0.0,729.53824895054,1.0,4.004498060222589,0.0,11.223686247454747,0.0,7.65512129987528,0.0,0.0,9.869138774764972,49.673934606704805,0.0,0.0,0.0,0.0,0.0,0.0,0.0,5.208333333333333,0.3660418082569846,0.0,161.99951226071596,9080.0,150.3260653932952,0.0,0.0,9.869138774764972,1855.239583956697,490.7513101029023,478.35934597824394,3150.4940018146904,15.20213301931988,0.0,482.8488338176922,86.22328637937287,97.15299873732154,41.666666666666664,12.39196412465836,191703662.2496527,95824833.33333333,10.0,1.0,7.853981633974483,20.0,2.5,98.17477042468104,8782.630493135404,9.618725678016885,9.869138774764972,49.673934606704805,12.144124842165192,2302.786376953125,426.940605116282,5.208333333333333,0.3660418082569846,161.99951226071596
19,0.22774,1.0,1,422.51226285029816,0.0,312.7727746132228,6.130346382419167,49.042771059353335,55.173117441772504,903.0552086119146,0.0,480.542945761606,223.70356920148112,0.0,0.0,3.488379295597727,7.664115537661148,0.0,9.91873243694972,8782.630493135404,9.618725678016885,9.869138774764972,49.673934606704805,12.144124842165192,2302.786376953125,12.144124842165192,86.22328637937287,86.22328637937287,0.0,0.0,5.208333333333333,0.3660418082569846,426.940605116282,161.99951226071596,297.3695068645957,150.3260653932952,1.0,2.2749860674002154,0.0,1855.239583956697,490.7513101029023,478.35934597824394,3150.4940018146904,15.20213301931988,0.0,482.8488338176922,86.22328637937287,97.15299873732154,41.666666666666664,12.39196412465836,191703662.2496527,95824833.33333333,10.0,1.0,7.853981633974483,20.0,2.5,98.17477042468104,8782.630493135404,9.618725678016885,9.869138774764972,49.673934606704805,12.144124842165192,2302.786376953125,426.940605116282,5.208333333333333,0.3660418082569846,161.99951226071596
20,0.307679,0.0,1,570.8182599522125,0.0,392.4415598531205,7.691854573121161,61.53483658496929,69.22669115809045,570.8182599522129,0.0,0.0,223.70356920148112,1.0,7.691854573121161,0.0,15.202133019319886,0.0,0.0,0.0,0.0,9.869138774764972,49.673934606704805,0.0,0.0,0.0,0.0,0.0,0.0,0.0,5.208333333333333,0.3660418082569846,0.0,161.99951226071596,9080.0,150.3260653932952,0.0,0.0,9.869138774764972,1855.239583956697,490.7513101029023,478.35934597824394,3150.4940018146904,15.20213301931988,0.0,482.8488338176922,86.22328637937287,97.15299873732154,41.666666666666664,12.39196412465836,191703662.2496527,95824833.33333333,10.0,1.0,7.853981633974483,20.0,2.5,98.17477042468104,8782.630493135404,9.618725678016885,9.869138774764972,49.673934606704805,12.144124842165192,2302.786376953125,426.940605116282,5.208333333333333,0.3660418082569846,161.99951226071596
21,0.4305659999999999,1.0,1,798.803086705899,0.0,421.2516620680256,8.256532576533301,66.05226061226641,74.30879318879971,1011.321477447306,0.0,212.51839074140707,0.0,0.0,0.0,1.3621931014835837,13.81214005862235,0.0,2.263611137063214,8782.630493135404,9.618725678016885,9.869138774764972,49.673934606704805,12.144124842165192,2302.786376953125,12.144124842165192,86.22328637937287,86.22328637937288,0.0,0.0,5.208333333333333,0.3660418082569846,426.940605116282,161.99951226071596,297.3695068645957,150.3260653932952,1.0,2.2749860674002154,0.0,1855.239583956697,490.7513101029023,478.35934597824394,3150.4940018146904,15.20213301931988,0.0,482.8488338176922,86.22328637937287,97.15299873732154,41.666666666666664,12.39196412465836,191703662.2496527,95824833.33333333,10.0,1.0,7.853981633974483,20.0,2.5,98.17477042468104,8782.630493135404,9.618725678016885,9.869138774764972,49.673934606704805,12.144124842165192,2302.786376953125,426.940605116282,5.208333333333333,0.3660418082569846,161.99951226071596
22,0.560929,1.0,1,1040.6576845892462,0.0,450.6454810952592,8.832651429467079,70.66121143573663,79.49386286520371,1040.6576845892462,0.0,0.0,0.0,0.0,0.0,0.7860742485498058,13.010023478469488,0.0,4.527222274122459,8782.630493135404,9.618725678016885,9.869138774764972,49.673934606704805,12.144124842165192,2302.786376953125,12.144124842165192,86.22328637937287,86.22328637937287,0.0,0.0,5.208333333333333,0.3660418082569846,426.940605116282,161.99951226071596,297.3695068645957,150.3260653932952,1.0,2.2749860674002154,0.0,1855.239583956697,490.7513101029023,478.35934597824394,3150.4940018146904,15.20213301931988,0.0,482.8488338176922,86.22328637937287,97.15299873732154,41.666666666666664,12.39196412465836,191703662.2496527,95824833.33333333,10.0,1.0,7.853981633974483,20.0,2.5,98.17477042468104,8782.630493135404,9.618725678016885,9.869138774764972,49.673934606704805,12.144124842165192,2302.786376953125,426.940605116282,5.208333333333333,0.3660418082569846,161.99951226071596
23,0.688258,1.0,1,1276.8834855748685,0.0,490.7513101029024,9.618725678016887,76.94980542413509,86.56853110215198,1276.8834855748848,196.1983694028447,0.0,186.38845093269038,0.0,0.0,0.0,13.010023478469494,0.0,6.790833411185673,8782.630493135404,9.618725678016885,9.869138774764972,49.673934606704805,12.144124842165192,2302.786376953125,12.144124842165192,86.22328637937287,86.22307637936696,0.00021000000560889031,0.00021000000560889031,5.208333333333333,0.3660418082569846,426.940605116282,161.99951226071596,297.3695068645957,150.3260653932952,1.0,2.2749860674002154,0.0,1855.239583956697,490.7513101029023,478.35934597824394,3150.4940018146904,15.20213301931988,0.0,482.8488338176922,86.22328637937287,97.15299873732154,41.666666666666664,12.39196412465836,191703662.2496527,95824833.33333333,10.0,1.0,7.853981633974483,20.0,2.5,98.17477042468104,8782.630493135404,9.618725678016885,9.869138774764972,49.673934606704805,12.144124842165192,2302.786376953125,426.940605116282,5.208333333333333,0.3660418082569846,161.99951226071596
24,0.644692,1.0,1,1196.058117860211,0.0,490.7513101029026,9.61872567801689,76.94980542413512,86.56853110215201,1196.0581178602133,115.37321168817846,0.0,295.99300203645987,1.0,0.0,0.0,13.010023478469499,0.0,9.054444548248888,8782.630493135404,9.618725678016885,9.869138774764972,49.673934606704805,12.144124842165192,2302.786376953125,12.144124842165192,86.22328637937287,86.22328637937287,0.0,0.0,5.208333333333333,0.3660418082569846,426.940605116282,161.99951226071596,297.3695068645957,150.3260653932952,1.0,2.2749860674002154,0.0,1855.239583956697,490.7513101029023,478.35934597824394,3150.4940018146904,15.20213301931988,0.0,482.8488338176922,86.22328637937287,97.15299873732154,41.666666666666664,12.39196412465836,191703662.2496527,95824833.33333333,10.0,1.0,7.853981633974483,20.0,2.5,98.17477042468104,8782.630493135404,9.618725678016885,9.869138774764972,49.673934606704805,12.144124842165192,2302.786376953125,426.940605116282,5.208333333333333,0.3660418082569846,161.99951226071596
25,0.6825869999999999,1.0,1,1266.3624218942498,0.0,490.7513101029023,9.618725678016885,76.94980542413508,86.56853110215197,1266.3624218942502,185.67751572221596,0.0,472.38664197256503,1.0,0.0,0.0,13.010023478469499,0.0,11.318055685308025,8782.630493135404,9.618725678016885,9.869138774764972,49.673934606704805,12.144124842165192,2302.786376953125,12.144124842165192,86.22328637937287,86.22328637937287,0.0,0.0,5.208333333333333,0.3660418082569846,426.940605116282,161.99951226071596,297.3695068645957,150.3260653932952,1.0,2.2749860674002154,0.0,1855.239583956697,490.7513101029023,478.35934597824394,3150.4940018146904,15.20213301931988,0.0,482.8488338176922,86.22328637937287,97.15299873732154,41.666666666666664,12.39196412465836,191703662.2496527,95824833.33333333,10.0,1.0,7.853981633974483,20.0,2.5,98.17477042468104,8782.630493135404,9.618725678016885,9.869138774764972,49.673934606704805,12.144124842165192,2302.786376953125,426.940605116282,5.208333333333333,0.3660418082569846,161.99951226071596
26,0.696116,1.0,1,1291.4619582256,0.0,490.7513101029026,9.61872567801689,76.94980542413512,86.56853110215201,1291.4619582256,210.77705205356534,0.0,672.6248414234522,1.0,0.0,0.0,13.010023478469506,0.0,13.58166682237124,8782.630493135404,9.618725678016885,9.869138774764972,49.673934606704805,12.144124842165192,2302.786376953125,12.144124842165192,86.22328637937287,86.22328637937287,0.0,0.0,5.208333333333333,0.3660418082569846,426.940605116282,161.99951226071596,297.3695068645957,150.3260653932952,1.0,2.2749860674002154,0.0,1855.239583956697,490.7513101029023,478.35934597824394,3150.4940018146904,15.20213301931988,0.0,482.8488338176922,86.22328637937287,97.15299873732154,41.666666666666664,12.39196412465836,191703662.2496527,95824833.33333333,10.0,1.0,7.853981633974483,20.0,2.5,98.17477042468104,8782.630493135404,9.618725678016885,9.869138774764972,49.673934606704805,12.144124842165192,2302.786376953125,426.940605116282,5.208333333333333,0.3660418082569846,161.99951226071596
27,0.681432,1.0,1,1264.21962017478,0.0,490.7513101029026,9.61872567801689,76.94980542413512,86.56853110215201,1264.2196201747822,183.53471400274748,0.0,846.9828197260622,1.0,0.0,0.0,13.010023478469483,0.0,15.845277959434455,8782.630493135404,9.618725678016885,9.869138774764972,49.673934606704805,12.144124842165192,2302.786376953125,12.144124842165192,86.22328637937287,86.22328637937287,0.0,0.0,5.208333333333333,0.3660418082569846,426.940605116282,161.99951226071596,297.3695068645957,150.3260653932952,1.0,2.2749860674002154,0.0,1855.239583956697,490.7513101029023,478.35934597824394,3150.4940018146904,15.20213301931988,0.0,482.8488338176922,86.22328637937287,97.15299873732154,41.666666666666664,12.39196412465836,191703662.2496527,95824833.33333333,10.0,1.0,7.853981633974483,20.0,2.5,98.17477042468104,8782.630493135404,9.618725678016885,9.869138774764972,49.673934606704805,12.144124842165192,2302.786376953125,426.940605116282,5.208333333333333,0.3660418082569846,161.99951226071596
28,0.636729,1.0,1,1181.2848450531637,0.0,490.7513101029026,9.61872567801689,76.94980542413512,86.56853110215201,1181.284845053165,100.59993888113031,0.0,942.552761663136,1.0,0.0,0.0,13.010023478469487,0.0,18.10888909649767,8782.630493135404,9.618725678016885,9.869138774764972,49.673934606704805,12.144124842165192,2302.786376953125,12.144124842165192,86.22328637937287,86.22328637937287,0.0,0.0,5.208333333333333,0.3660418082569846,426.940605116282,161.99951226071596,297.3695068645957,150.3260653932952,1.0,2.2749860674002154,0.0,1855.239583956697,490.7513101029023,478.35934597824394,3150.4940018146904,15.20213301931988,0.0,482.8488338176922,86.22328637937287,97.15299873732154,41.666666666666664,12.39196412465836,191703662.2496527,95824833.33333333,10.0,1.0,7.853981633974483,20.0,2.5,98.17477042468104,8782.630493135404,9.618725678016885,9.869138774764972,49.673934606704805,12.144124842165192,2302.786376953125,426.940605116282,5.208333333333333,0.3660418082569846,161.99951226071596
29,0.590928,1.0,1,1096.313016868363,0.0,490.7513101029024,9.618725678016887,76.94980542413509,86.56853110215198,1080.6849061720345,0.0,266.638760460183,661.8803822313645,0.0,0.0,0.0,13.010023478469487,0.0,20.372500233556693,8782.630493135404,9.618725678016885,9.869138774764972,49.673934606704805,12.144124842165192,2302.786376953125,12.144124842165192,86.22328637937287,86.22328637937288,0.0,0.0,5.208333333333333,0.3660418082569846,426.940605116282,161.99951226071596,297.3695068645957,150.3260653932952,1.0,2.2749860674002154,0.0,1855.239583956697,490.7513101029023,478.35934597824394,3150.4940018146904,15.20213301931988,0.0,482.8488338176922,86.22328637937287,97.15299873732154,41.666666666666664,12.39196412465836,191703662.2496527,95824833.33333333,10.0,1.0,7.853981633974483,20.0,2.5,98.17477042468104,8782.630493135404,9.618725678016885,9.869138774764972,49.673934606704805,12.144124842165192,2302.786376953125,426.940605116282,5.208333333333333,0.3660418082569846,161.99951226071596
30,0.578739,1.0,1,1073.6995015795148,0.0,490.7513101029027,9.618725678016894,76.94980542413515,86.56853110215204,1080.6849061720347,0.0,6.985404592519501,654.5273247655545,1.0,0.0,0.0,13.010023478469463,0.0,22.636111370619908,8782.630493135404,9.618725678016885,9.869138774764972,49.673934606704805,12.144124842165192,2302.786376953125,12.144124842165192,86.22328637937287,86.22328637937287,0.0,0.0,5.208333333333333,0.3660418082569846,426.940605116282,161.99951226071596,297.3695068645957,150.3260653932952,1.0,2.2749860674002154,0.0,1855.239583956697,490.7513101029023,478.35934597824394,3150.4940018146904,15.20213301931988,0.0,482.8488338176922,86.22328637937287,97.15299873732154,41.666666666666664,12.39196412465836,191703662.2496527,95824833.33333333,10.0,1.0,7.853981633974483,20.0,2.5,98.17477042468104,8782.630493135404,9.618725678016885,9.869138774764972,49.673934606704805,12.144124842165192,2302.786376953125,426.940605116282,5.208333333333333,0.3660418082569846,161.99951226071596
31,0.5964940000000001,1.0,1,1106.6392803926663,0.0,490.7513101029024,9.618725678016887,76.94980542413509,86.56853110215198,1106.6392803926663,25.95437422063275,0.0,679.1839802751556,1.0,0.0,0.0,13.010023478469463,0.0,24.89972250767492,8782.630493135404,9.618725678016887,9.869138774764972,49.673934606704805,12.1441248421652,2302.786376953125,12.1441248421652,86.22328637937291,86.22328637937288,0.0,0.0,5.208333333333333,0.3660418082569846,426.94060511628106,161.99951226071596,297.3695068645957,150.3260653932952,1.0,2.2749860674002207,0.0,1855.239583956697,490.7513101029023,478.35934597824394,3150.4940018146904,15.20213301931988,0.0,482.8488338176922,86.22328637937287,97.15299873732154,41.666666666666664,12.39196412465836,191703662.2496527,95824833.33333333,10.0,1.0,7.853981633974483,20.0,2.5,98.17477042468104,8782.630493135404,9.618725678016885,9.869138774764972,49.673934606704805,12.144124842165192,2302.786376953125,426.940605116282,5.208333333333333,0.3660418082569846,161.99951226071596
32,0.590373,1.0,1,1095.2833588992671,0.0,490.75131010290244,9.618725678016887,76.94980542413509,86.56853110215198,1095.2833588992705,14.598452727235781,0.0,693.0525103660295,1.0,0.0,0.0,13.010023478469456,0.0,27.16333364460179,8782.630493135404,9.618725678016892,9.869138774764972,49.673934606704805,12.144124842165203,2302.786376953125,12.144124842165203,86.22328637937294,86.22328637937288,0.0,0.0,5.208333333333333,0.3660418082569846,426.9406051162823,161.99951226071596,297.3695068645957,150.3260653932952,1.0,2.2749860674002207,0.0,1855.239583956697,490.7513101029023,478.35934597824394,3150.4940018146904,15.20213301931988,0.0,482.8488338176922,86.22328637937287,97.15299873732154,41.666666666666664,12.39196412465836,191703662.2496527,95824833.33333333,10.0,1.0,7.853981633974483,20.0,2.5,98.17477042468104,8782.630493135404,9.618725678016885,9.869138774764972,49.673934606704805,12.144124842165192,2302.786376953125,426.940605116282,5.208333333333333,0.3660418082569846,161.99951226071596
33,0.547881,1.0,1,1016.4505184977791,0.0,490.75131010290244,9.618725678016887,76.94980542413509,86.56853110215198,1080.6849061720347,0.0,64.23438767425597,625.4373654457601,0.0,0.0,0.0,13.010023478469456,0.0,29.426944781672496,8782.630493135404,9.618725678016892,9.869138774764972,49.673934606704805,12.144124842165203,2302.786376953125,12.144124842165203,86.22328637937294,86.22328637937288,0.0,0.0,5.208333333333333,0.3660418082569846,426.9406051162823,161.99951226071596,297.3695068645957,150.3260653932952,1.0,2.2749860674002207,0.0,1855.239583956697,490.7513101029023,478.35934597824394,3150.4940018146904,15.20213301931988,0.0,482.8488338176922,86.22328637937287,97.15299873732154,41.666666666666664,12.39196412465836,191703662.2496527,95824833.33333333,10.0,1.0,7.853981633974483,20.0,2.5,98.17477042468104,8782.630493135404,9.618725678016885,9.869138774764972,49.673934606704805,12.144124842165192,2302.786376953125,426.940605116282,5.208333333333333,0.3660418082569846,161.99951226071596
34,0.499267,1.0,1,926.2599013633082,0.0,490.75131010290244,9.618725678016887,76.94980542413509,86.56853110215198,1080.6849061720347,0.0,154.42500480871558,462.8847288050069,0.0,0.0,0.0,13.010023478469456,0.0,31.690555918735686,8782.630493135404,9.618725678016892,9.869138774764972,49.673934606704805,12.144124842165203,2302.786376953125,12.144124842165203,86.22328637937294,86.22328637937288,0.0,0.0,5.208333333333333,0.3660418082569846,426.9406051162823,161.99951226071596,297.3695068645957,150.3260653932952,1.0,2.2749860674002207,0.0,1855.239583956697,490.7513101029023,478.35934597824394,3150.4940018146904,15.20213301931988,0.0,482.8488338176922,86.22328637937287,97.15299873732154,41.666666666666664,12.39196412465836,191703662.2496527,95824833.33333333,10.0,1.0,7.853981633974483,20.0,2.5,98.17477042468104,8782.630493135404,9.618725678016885,9.869138774764972,49.673934606704805,12.144124842165192,2302.786376953125,426.940605116282,5.208333333333333,0.3660418082569846,161.99951226071596
35,0.4721789999999999,1.0,1,876.0051715130891,0.0,490.75131010289863,9.618725678016812,76.9498054241345,86.56853110215131,1080.6849061720307,0.0,204.67973465894335,247.43237653243497,0.0,0.0,0.0,13.010023478469382,0.0,33.9541670557989,8782.630493135404,9.618725678016885,9.869138774764972,49.673934606704805,12.144124842165192,2302.786376953125,12.144124842165192,86.22328637937287,86.22328637937287,0.0,0.0,5.208333333333333,0.3660418082569846,426.940605116282,161.99951226071596,297.3695068645957,150.3260653932952,1.0,2.2749860674002154,0.0,1855.239583956697,490.7513101029023,478.35934597824394,3150.4940018146904,15.20213301931988,0.0,482.8488338176922,86.22328637937287,97.15299873732154,41.666666666666664,12.39196412465836,191703662.2496527,95824833.33333333,10.0,1.0,7.853981633974483,20.0,2.5,98.17477042468104,8782.630493135404,9.618725678016885,9.869138774764972,49.673934606704805,12.144124842165192,2302.786376953125,426.940605116282,5.208333333333333,0.3660418082569846,161.99951226071596
36,0.493828,1.0,1,916.1692532661677,0.0,490.7513101029004,9.618725678016848,76.94980542413478,86.56853110215162,1080.6849061720325,0.0,164.51565290585495,74.25800505258766,0.0,0.0,0.0,13.010023478469616,0.0,36.21777819286211,8782.630493135404,9.618725678016885,9.869138774764972,49.673934606704805,12.144124842165192,2302.786376953125,12.144124842165192,86.22328637937287,86.22328637937287,0.0,0.0,5.208333333333333,0.3660418082569846,426.940605116282,161.99951226071596,297.3695068645957,150.3260653932952,1.0,2.2749860674002154,0.0,1855.239583956697,490.7513101029023,478.35934597824394,3150.4940018146904,15.20213301931988,0.0,482.8488338176922,86.22328637937287,97.15299873732154,41.666666666666664,12.39196412465836,191703662.2496527,95824833.33333333,10.0,1.0,7.853981633974483,20.0,2.5,98.17477042468104,8782.630493135404,9.618725678016885,9.869138774764972,49.673934606704805,12.144124842165192,2302.786376953125,426.940605116282,5.208333333333333,0.3660418082569846,161.99951226071596
37,0.551581,1.0,1,1023.3149049584189,0.0,490.75131010290244,9.618725678016887,76.94980542413509,86.56853110215198,1080.6849061720347,0.0,57.370001213571584,13.868530090933362,1.0,0.0,0.0,13.010023478469618,0.0,38.481389329918386,8782.630493135404,9.618725678016885,9.869138774764972,49.673934606704805,12.144124842165192,2302.786376953125,12.144124842165192,86.22328637937287,86.22328637937287,0.0,0.0,5.208333333333333,0.3660418082569846,426.940605116282,161.99951226071596,297.3695068645957,150.3260653932952,1.0,2.2749860674002154,0.0,1855.239583956697,490.7513101029023,478.35934597824394,3150.4940018146904,15.20213301931988,0.0,482.8488338176922,86.22328637937287,97.15299873732154,41.666666666666664,12.39196412465836,191703662.2496527,95824833.33333333,10.0,1.0,7.853981633974483,20.0,2.5,98.17477042468104,8782.630493135404,9.618725678016885,9.869138774764972,49.673934606704805,12.144124842165192,2302.786376953125,426.940605116282,5.208333333333333,0.3660418082569846,161.99951226071596
38,0.6367910000000001,1.0,1,1181.3998699073693,0.0,490.75131010290244,9.618725678016887,76.94980542413509,86.56853110215198,1181.3998699074136,100.71496373537877,0.0,109.5477456395432,1.0,0.0,0.0,13.010023478469568,0.0,40.7450004669816,8782.630493135404,9.618725678016885,9.869138774764972,49.673934606704805,12.144124842165192,2302.786376953125,12.144124842165192,86.22328637937287,86.22328637937287,0.0,0.0,5.208333333333333,0.3660418082569846,426.940605116282,161.99951226071596,297.3695068645957,150.3260653932952,1.0,2.2749860674002154,0.0,1855.239583956697,490.7513101029023,478.35934597824394,3150.4940018146904,15.20213301931988,0.0,482.8488338176922,86.22328637937287,97.15299873732154,41.666666666666664,12.39196412465836,191703662.2496527,95824833.33333333,10.0,1.0,7.853981633974483,20.0,2.5,98.17477042468104,8782.630493135404,9.618725678016885,9.869138774764972,49.673934606704805,12.144124842165192,2302.786376953125,426.940605116282,5.208333333333333,0.3660418082569846,161.99951226071596
39,0.738213,1.0,1,1369.5619789914251,0.0,490.75131010290244,9.618725678016887,76.94980542413509,86.56853110215198,1369.5619789914253,288.8770728193906,0.0,383.98096481796426,1.0,0.0,0.0,13.01002347846957,0.0,43.008611604044816,8782.630493135404,9.618725678016885,9.869138774764972,49.673934606704805,12.144124842165192,2302.786376953125,12.144124842165192,86.22328637937287,86.22328637937287,0.0,0.0,5.208333333333333,0.3660418082569846,426.940605116282,161.99951226071596,297.3695068645957,150.3260653932952,1.0,2.2749860674002154,0.0,1855.239583956697,490.7513101029023,478.35934597824394,3150.4940018146904,15.20213301931988,0.0,482.8488338176922,86.22328637937287,97.15299873732154,41.666666666666664,12.39196412465836,191703662.2496527,95824833.33333333,10.0,1.0,7.853981633974483,20.0,2.5,98.17477042468104,8782.630493135404,9.618725678016885,9.869138774764972,49.673934606704805,12.144124842165192,2302.786376953125,426.940605116282,5.208333333333333,0.3660418082569846,161.99951226071596
40,0.827915,1.0,1,1535.9806801515087,0.0,490.75131010290244,9.618725678016887,76.94980542413509,86.56853110215198,1166.9081925514076,0.0,0.0,383.98096481796426,1.0,0.0,0.0,13.010023478469366,0.0,45.27222274110803,8782.630493135404,9.618725678016885,9.869138774764972,49.673934606704805,12.144124842165192,2302.786376953125,12.144124842165192,86.22328637937287,0.0,86.22328637937287,86.22328637937287,5.208333333333333,0.3660418082569846,426.940605116282,161.99951226071596,297.3695068645957,150.3260653932952,1.0,2.2749860674002154,0.0,1855.239583956697,490.7513101029023,478.35934597824394,3150.4940018146904,15.20213301931988,0.0,482.8488338176922,86.22328637937287,97.15299873732154,41.666666666666664,12.39196412465836,191703662.2496527,95824833.33333333,10.0,1.0,7.853981633974483,20.0,2.5,98.17477042468104,8782.630493135404,9.618725678016885,9.869138774764972,49.673934606704805,12.144124842165192,2302.786376953125,426.940605116282,5.208333333333333,0.3660418082569846,161.99951226071596
41,0.888608,1.0,1,1648.5807362205926,0.0,490.7513101029023,9.618725678016885,76.94980542413508,86.56853110215197,1648.5807362205933,567.8958300485591,0.0,923.4820033640954,1.0,0.0,0.0,13.010023478469366,0.0,47.535833878171246,8782.630493135404,9.618725678016885,9.869138774764972,49.673934606704805,12.144124842165192,2302.786376953125,12.144124842165192,86.22328637937287,86.22328637937288,0.0,0.0,5.208333333333333,0.3660418082569846,426.940605116282,161.99951226071596,297.3695068645957,150.3260653932952,1.0,2.2749860674002154,0.0,1855.239583956697,490.7513101029023,478.35934597824394,3150.4940018146904,15.20213301931988,0.0,482.8488338176922,86.22328637937287,97.15299873732154,41.666666666666664,12.39196412465836,191703662.2496527,95824833.33333333,10.0,1.0,7.853981633974483,20.0,2.5,98.17477042468104,8782.630493135404,9.618725678016885,9.869138774764972,49.673934606704805,12.144124842165192,2302.786376953125,426.940605116282,5.208333333333333,0.3660418082569846,161.99951226071596
42,0.913821,1.0,1,1695.356891850893,0.0,490.75131010290244,9.618725678016887,76.94980542413509,86.56853110215198,1695.3568918509368,614.671985678902,0.0,1507.4203897590523,1.0,0.0,0.0,13.010023478469366,0.0,49.799445015230326,8782.630493135404,9.618725678016885,9.869138774764972,49.673934606704805,12.144124842165192,2302.786376953125,12.144124842165192,86.22328637937287,86.22328637937287,0.0,0.0,5.208333333333333,0.3660418082569846,426.940605116282,161.99951226071596,297.3695068645957,150.3260653932952,1.0,2.2749860674002154,0.0,1855.239583956697,490.7513101029023,478.35934597824394,3150.4940018146904,15.20213301931988,0.0,482.8488338176922,86.22328637937287,97.15299873732154,41.666666666666664,12.39196412465836,191703662.2496527,95824833.33333333,10.0,1.0,7.853981633974483,20.0,2.5,98.17477042468104,8782.630493135404,9.618725678016885,9.869138774764972,49.673934606704805,12.144124842165192,2302.786376953125,426.940605116282,5.208333333333333,0.3660418082569846,161.99951226071596
43,0.923208,1.0,1,1712.7720258254944,0.0,490.75131010290244,9.618725678016887,76.94980542413509,86.56853110215198,1712.7720258254944,632.0871196534598,0.0,2107.903153429839,1.0,0.0,0.0,13.010023478469366,0.0,52.06305615229354,8782.630493135404,9.618725678016885,9.869138774764972,49.673934606704805,12.144124842165192,2302.786376953125,12.144124842165192,86.22328637937287,86.22328637937287,0.0,0.0,5.208333333333333,0.3660418082569846,426.940605116282,161.99951226071596,297.3695068645957,150.3260653932952,1.0,2.2749860674002154,0.0,1855.239583956697,490.7513101029023,478.35934597824394,3150.4940018146904,15.20213301931988,0.0,482.8488338176922,86.22328637937287,97.15299873732154,41.666666666666664,12.39196412465836,191703662.2496527,95824833.33333333,10.0,1.0,7.853981633974483,20.0,2.5,98.17477042468104,8782.630493135404,9.618725678016885,9.869138774764972,49.673934606704805,12.144124842165192,2302.786376953125,426.940605116282,5.208333333333333,0.3660418082569846,161.99951226071596
44,0.936193,1.0,1,1736.8623118231721,0.0,490.75131010290244,9.618725678016887,76.94980542413509,86.56853110215198,1166.9081925531052,0.0,1192.7749486585672,852.3505758945054,1.0,0.0,0.0,13.010023478469376,0.0,54.32666728958661,8782.630493135404,9.618725678016878,9.869138774764972,49.673934606704805,12.144124842404537,2302.786376953125,12.144124842404537,86.22328638107221,0.0,86.22328638107221,86.22328638107221,5.208333333333333,0.3660418082569846,426.9406051162804,161.99951226071596,297.3695068645957,150.3260653932952,1.0,2.2749860676395386,0.0,1855.239583956697,490.7513101029023,478.35934597824394,3150.4940018146904,15.20213301931988,0.0,482.8488338176922,86.22328637937287,97.15299873732154,41.666666666666664,12.39196412465836,191703662.2496527,95824833.33333333,10.0,1.0,7.853981633974483,20.0,2.5,98.17477042468104,8782.630493135404,9.618725678016885,9.869138774764972,49.673934606704805,12.144124842165192,2302.786376953125,426.940605116282,5.208333333333333,0.3660418082569846,161.99951226071596
45,0.946311,1.0,1,1755.633625933646,0.0,490.7513101029023,9.618725678016885,76.94980542413508,86.56853110215197,1755.633625933646,674.9487197616118,0.0,1493.5518596680365,0.0,0.0,0.0,13.010023478469376,0.0,56.590278426649824,8782.630493135404,9.618725678016885,9.869138774764972,49.673934606704805,12.144124842165192,2302.786376953125,12.144124842165192,86.22328637937287,86.22328637937287,0.0,0.0,5.208333333333333,0.3660418082569846,426.940605116282,161.99951226071596,297.3695068645957,150.3260653932952,1.0,2.2749860674002154,0.0,1855.239583956697,490.7513101029023,478.35934597824394,3150.4940018146904,15.20213301931988,0.0,482.8488338176922,86.22328637937287,97.15299873732154,41.666666666666664,12.39196412465836,191703662.2496527,95824833.33333333,10.0,1.0,7.853981633974483,20.0,2.5,98.17477042468104,8782.630493135404,9.618725678016885,9.869138774764972,49.673934606704805,12.144124842165192,2302.786376953125,426.940605116282,5.208333333333333,0.3660418082569846,161.99951226071596
46,0.947288,1.0,1,1757.4461950071716,0.0,490.75131010290244,9.618725678016887,76.94980542413509,86.56853110215198,1080.6849061720347,0.0,0.0,1493.5518596680365,1.0,0.0,0.0,13.010023478469378,0.0,58.8538895637088,8782.630493135404,9.618725678016885,9.869138774764972,49.673934606704805,12.144124842165192,2302.786376953125,12.144124842165192,86.22328637937287,86.22328637937287,0.0,0.0,5.208333333333333,0.3660418082569846,426.940605116282,161.99951226071596,297.3695068645957,150.3260653932952,1.0,2.2749860674002154,0.0,1855.239583956697,490.7513101029023,478.35934597824394,3150.4940018146904,15.20213301931988,0.0,482.8488338176922,86.22328637937287,97.15299873732154,41.666666666666664,12.39196412465836,191703662.2496527,95824833.33333333,10.0,1.0,7.853981633974483,20.0,2.5,98.17477042468104,8782.630493135404,9.618725678016885,9.869138774764972,49.673934606704805,12.144124842165192,2302.786376953125,426.940605116282,5.208333333333333,0.3660418082569846,161.99951226071596
47,0.938542,1.0,1,1741.2202696058864,0.0,490.75131010290244,9.618725678016887,76.94980542413509,86.56853110215198,1080.6849061720347,0.0,0.0,1493.5518596680365,1.0,0.0,0.0,13.01002347846938,0.0,61.11750070077201,8782.630493135404,9.618725678016885,9.869138774764972,49.673934606704805,12.144124842165192,2302.786376953125,12.144124842165192,86.22328637937287,86.22328637937287,0.0,0.0,5.208333333333333,0.3660418082569846,426.940605116282,161.99951226071596,297.3695068645957,150.3260653932952,1.0,2.2749860674002154,0.0,1855.239583956697,490.7513101029023,478.35934597824394,3150.4940018146904,15.20213301931988,0.0,482.8488338176922,86.22328637937287,97.15299873732154,41.666666666666664,12.39196412465836,191703662.2496527,95824833.33333333,10.0,1.0,7.853981633974483,20.0,2.5,98.17477042468104,8782.630493135404,9.618725678016885,9.869138774764972,49.673934606704805,12.144124842165192,2302.786376953125,426.940605116282,5.208333333333333,0.3660418082569846,161.99951226071596
48,0.975441,1.0,1,1809.6767550143045,0.0,490.75131010290244,9.618725678016887,76.94980542413509,86.56853110215198,1080.684906172033,0.0,1418.8742666846347,0.0,0.0,0.0,0.0,13.01002347846938,0.0,63.38111183782689,8782.630493135404,9.618725678016878,9.869138774764972,49.673934606704805,12.144124842165182,2302.786376953125,12.144124842165182,86.22328637937278,86.22328637937288,0.0,0.0,5.208333333333333,0.3660418082569846,426.9406051162804,161.99951226071596,297.3695068645957,150.3260653932952,1.0,2.274986067400181,0.0,1855.239583956697,490.7513101029023,478.35934597824394,3150.4940018146904,15.20213301931988,0.0,482.8488338176922,86.22328637937287,97.15299873732154,41.666666666666664,12.39196412465836,191703662.2496527,95824833.33333333,10.0,1.0,7.853981633974483,20.0,2.5,98.17477042468104,8782.630493135404,9.618725678016885,9.869138774764972,49.673934606704805,12.144124842165192,2302.786376953125,426.940605116282,5.208333333333333,0.3660418082569846,161.99951226071596
49,0.988817,1.0,1,1834.4924396893093,0.0,490.7513101029023,9.618725678016885,76.94980542413508,86.56853110215197,1080.6849061720343,0.0,0.0,0.0,0.0,0.0,0.0,13.01002347846938,0.0,65.6447229748901,8782.630493135404,9.618725678016885,9.869138774764972,49.673934606704805,12.144124842165192,2302.786376953125,12.144124842165192,86.22328637937287,86.22328637937287,0.0,0.0,5.208333333333333,0.3660418082569846,426.940605116282,161.99951226071596,297.3695068645957,150.3260653932952,1.0,2.2749860674002154,0.0,1855.239583956697,490.7513101029023,478.35934597824394,3150.4940018146904,15.20213301931988,0.0,482.8488338176922,86.22328637937287,97.15299873732154,41.666666666666664,12.39196412465836,191703662.2496527,95824833.33333333,10.0,1.0,7.853981633974483,20.0,2.5,98.17477042468104,8782.630493135404,9.618725678016885,9.869138774764972,49.673934606704805,12.144124842165192,2302.786376953125,426.940605116282,5.208333333333333,0.3660418082569846,161.99951226071596
50,0.975603,1.0,1,1809.9773038269054,0.0,490.75131010290244,9.618725678016887,76.94980542413509,86.56853110215198,1080.6849061720347,0.0,0.0,0.0,1.0,0.0,0.0,13.010023478469382,0.0,67.90833411194912,8782.630493135404,9.618725678016885,9.869138774764972,49.673934606704805,12.144124842165192,2302.786376953125,12.144124842165192,86.22328637937287,86.22328637937287,0.0,0.0,5.208333333333333,0.3660418082569846,426.940605116282,161.99951226071596,297.3695068645957,150.3260653932952,1.0,2.2749860674002154,0.0,1855.239583956697,490.7513101029023,478.35934597824394,3150.4940018146904,15.20213301931988,0.0,482.8488338176922,86.22328637937287,97.15299873732154,41.666666666666664,12.39196412465836,191703662.2496527,95824833.33333333,10.0,1.0,7.853981633974483,20.0,2.5,98.17477042468104,8782.630493135404,9.618725678016885,9.869138774764972,49.673934606704805,12.144124842165192,2302.786376953125,426.940605116282,5.208333333333333,0.3660418082569846,161.99951226071596
51,0.976492,1.0,1,1811.626611817043,0.0,490.7513101029023,9.618725678016885,76.94980542413508,86.56853110215197,1080.6849061720343,0.0,0.0,0.0,1.0,0.0,0.0,13.010023478469382,0.0,70.17194524901232,8782.630493135404,9.618725678016885,9.869138774764972,49.673934606704805,12.144124842165192,2302.786376953125,12.144124842165192,86.22328637937287,86.22328637937287,0.0,0.0,5.208333333333333,0.3660418082569846,426.940605116282,161.99951226071596,297.3695068645957,150.3260653932952,1.0,2.2749860674002154,0.0,1855.239583956697,490.7513101029023,478.35934597824394,3150.4940018146904,15.20213301931988,0.0,482.8488338176922,86.22328637937287,97.15299873732154,41.666666666666664,12.39196412465836,191703662.2496527,95824833.33333333,10.0,1.0,7.853981633974483,20.0,2.5,98.17477042468104,8782.630493135404,9.618725678016885,9.869138774764972,49.673934606704805,12.144124842165192,2302.786376953125,426.940605116282,5.208333333333333,0.3660418082569846,161.99951226071596
52,0.960217,1.0,1,1781.4325875881477,0.0,490.75131010290244,9.618725678016887,76.94980542413509,86.56853110215198,1080.6849061720347,0.0,0.0,0.0,1.0,0.0,0.0,13.010023478469384,0.0,72.43555638607555,8782.630493135404,9.618725678016885,9.869138774764972,49.673934606704805,12.144124842165192,2302.786376953125,12.144124842165192,86.22328637937287,86.22328637937287,0.0,0.0,5.208333333333333,0.3660418082569846,426.940605116282,161.99951226071596,297.3695068645957,150.3260653932952,1.0,2.2749860674002154,0.0,1855.239583956697,490.7513101029023,478.35934597824394,3150.4940018146904,15.20213301931988,0.0,482.8488338176922,86.22328637937287,97.15299873732154,41.666666666666664,12.39196412465836,191703662.2496527,95824833.33333333,10.0,1.0,7.853981633974483,20.0,2.5,98.17477042468104,8782.630493135404,9.618725678016885,9.869138774764972,49.673934606704805,12.144124842165192,2302.786376953125,426.940605116282,5.208333333333333,0.3660418082569846,161.99951226071596
53,0.956944,1.0,1,1775.3603884298575,0.0,490.7513101029023,9.618725678016885,76.94980542413508,86.56853110215197,1080.6849061720343,0.0,0.0,0.0,0.0,0.0,0.0,13.010023478469384,0.0,74.69916752313028,8782.630493135404,9.618725678016885,9.869138774764972,49.673934606704805,12.144124842165192,2302.786376953125,12.144124842165192,86.22328637937287,86.22328637937287,0.0,0.0,5.208333333333333,0.3660418082569846,426.940605116282,161.99951226071596,297.3695068645957,150.3260653932952,1.0,2.2749860674002154,0.0,1855.239583956697,490.7513101029023,478.35934597824394,3150.4940018146904,15.20213301931988,0.0,482.8488338176922,86.22328637937287,97.15299873732154,41.666666666666664,12.39196412465836,191703662.2496527,95824833.33333333,10.0,1.0,7.853981633974483,20.0,2.5,98.17477042468104,8782.630493135404,9.618725678016885,9.869138774764972,49.673934606704805,12.144124842165192,2302.786376953125,426.940605116282,5.208333333333333,0.3660418082569846,161.99951226071596
54,0.979945,1.0,1,1818.0327541004453,0.0,490.75131010290244,9.618725678016887,76.94980542413509,86.56853110215198,1080.6849061720338,0.0,0.0,0.0,1.0,0.0,0.0,13.010023478469392,0.0,76.9627786601934,8782.630493135404,9.618725678016878,9.869138774764972,49.673934606704805,12.144124842165185,2302.786376953125,12.144124842165185,86.22328637937281,86.22328637937281,0.0,0.0,5.208333333333333,0.3660418082569846,426.9406051162813,161.99951226071596,297.3695068645957,150.3260653932952,1.0,2.2749860674001128,0.0,1855.239583956697,490.7513101029023,478.35934597824394,3150.4940018146904,15.20213301931988,0.0,482.8488338176922,86.22328637937287,97.15299873732154,41.666666666666664,12.39196412465836,191703662.2496527,95824833.33333333,10.0,1.0,7.853981633974483,20.0,2.5,98.17477042468104,8782.630493135404,9.618725678016885,9.869138774764972,49.673934606704805,12.144124842165192,2302.786376953125,426.940605116282,5.208333333333333,0.3660418082569846,161.99951226071596
55,0.980376,1.0,1,1818.832362361131,0.0,490.7513101029026,9.61872567801689,76.94980542413512,86.56853110215201,1080.6849061720332,0.0,0.0,0.0,1.0,0.0,0.0,13.010023478469392,0.0,79.22638979724856,8782.630493135404,9.61872567801689,9.869138774764972,49.673934606704805,12.144124842165182,2302.786376953125,12.144124842165182,86.22328637937278,86.22328637937278,0.0,0.0,5.208333333333333,0.3660418082569846,426.9406051162804,161.99951226071596,297.3695068645957,150.3260653932952,1.0,2.2749860674001887,0.0,1855.239583956697,490.7513101029023,478.35934597824394,3150.4940018146904,15.20213301931988,0.0,482.8488338176922,86.22328637937287,97.15299873732154,41.666666666666664,12.39196412465836,191703662.2496527,95824833.33333333,10.0,1.0,7.853981633974483,20.0,2.5,98.17477042468104,8782.630493135404,9.618725678016885,9.869138774764972,49.673934606704805,12.144124842165192,2302.786376953125,426.940605116282,5.208333333333333,0.3660418082569846,161.99951226071596
56,0.9848,1.0,1,1827.0399422805554,0.0,490.75131010290244,9.618725678016887,76.94980542413509,86.56853110215198,1080.6849061720347,0.0,0.0,0.0,0.0,0.0,0.0,13.010023478469394,0.0,81.49000093431177,8782.630493135404,9.618725678016885,9.869138774764972,49.673934606704805,12.144124842165192,2302.786376953125,12.144124842165192,86.22328637937287,86.22328637937287,0.0,0.0,5.208333333333333,0.3660418082569846,426.940605116282,161.99951226071596,297.3695068645957,150.3260653932952,1.0,2.2749860674002154,0.0,1855.239583956697,490.7513101029023,478.35934597824394,3150.4940018146904,15.20213301931988,0.0,482.8488338176922,86.22328637937287,97.15299873732154,41.666666666666664,12.39196412465836,191703662.2496527,95824833.33333333,10.0,1.0,7.853981633974483,20.0,2.5,98.17477042468104,8782.630493135404,9.618725678016885,9.869138774764972,49.673934606704805,12.144124842165192,2302.786376953125,426.940605116282,5.208333333333333,0.3660418082569846,161.99951226071596
57,0.988731,1.0,1,1834.3328890850892,0.0,490.75131010290244,9.618725678016887,76.94980542413509,86.56853110215198,1080.6849061720347,0.0,0.0,0.0,1.0,0.0,0.0,13.010023478469394,0.0,83.75361207137497,8782.630493135404,9.618725678016885,9.869138774764972,49.673934606704805,12.144124842165192,2302.786376953125,12.144124842165192,86.22328637937287,86.22328637937287,0.0,0.0,5.208333333333333,0.3660418082569846,426.940605116282,161.99951226071596,297.3695068645957,150.3260653932952,1.0,2.2749860674002154,0.0,1855.239583956697,490.7513101029023,478.35934597824394,3150.4940018146904,15.20213301931988,0.0,482.8488338176922,86.22328637937287,97.15299873732154,41.666666666666664,12.39196412465836,191703662.2496527,95824833.33333333,10.0,1.0,7.853981633974483,20.0,2.5,98.17477042468104,8782.630493135404,9.618725678016885,9.869138774764972,49.673934606704805,12.144124842165192,2302.786376953125,426.940605116282,5.208333333333333,0.3660418082569846,161.99951226071596
58,0.988945,1.0,1,1834.7299103560556,0.0,490.75131010290244,9.618725678016887,76.94980542413509,86.56853110215198,1080.6849061720347,0.0,0.0,0.0,1.0,0.0,0.0,13.010023478469394,0.0,86.01722320843812,8782.630493135404,9.618725678016885,9.869138774764972,49.673934606704805,12.144124842165192,2302.786376953125,12.144124842165192,86.22328637937287,86.22328637937287,0.0,0.0,5.208333333333333,0.3660418082569846,426.940605116282,161.99951226071596,297.3695068645957,150.3260653932952,1.0,2.2749860674002154,0.0,1855.239583956697,490.7513101029023,478.35934597824394,3150.4940018146904,15.20213301931988,0.0,482.8488338176922,86.22328637937287,97.15299873732154,41.666666666666664,12.39196412465836,191703662.2496527,95824833.33333333,10.0,1.0,7.853981633974483,20.0,2.5,98.17477042468104,8782.630493135404,9.618725678016885,9.869138774764972,49.673934606704805,12.144124842165192,2302.786376953125,426.940605116282,5.208333333333333,0.3660418082569846,161.99951226071596
59,0.986665,1.0,1,1830.4999641046345,0.0,490.7513101029023,9.618725678016885,76.94980542413508,86.56853110215197,1080.6849061720343,0.0,0.0,0.0,1.0,0.0,0.0,13.010023478469394,0.0,88.28083434550133,8782.630493135404,9.618725678016885,9.869138774764972,49.673934606704805,12.144124842165192,2302.786376953125,12.144124842165192,86.22328637937287,86.22328637937287,0.0,0.0,5.208333333333333,0.3660418082569846,426.940605116282,161.99951226071596,297.3695068645957,150.3260653932952,1.0,2.2749860674002154,0.0,1855.239583956697,490.7513101029023,478.35934597824394,3150.4940018146904,15.20213301931988,0.0,482.8488338176922,86.22328637937287,97.15299873732154,41.666666666666664,12.39196412465836,191703662.2496527,95824833.33333333,10.0,1.0,7.853981633974483,20.0,2.5,98.17477042468104,8782.630493135404,9.618725678016885,9.869138774764972,49.673934606704805,12.144124842165192,2302.786376953125,426.940605116282,5.208333333333333,0.3660418082569846,161.99951226071596
60,0.982849,1.0,1,1823.4203698522556,0.0,490.75131010290244,9.618725678016887,76.94980542413509,86.56853110215198,1080.6849061720347,0.0,0.0,0.0,1.0,0.0,0.0,13.010023478469394,0.0,90.54444548256456,8782.630493135404,9.618725678016885,9.869138774764972,49.673934606704805,12.144124842165192,2302.786376953125,12.144124842165192,86.22328637937287,86.22328637937287,0.0,0.0,5.208333333333333,0.3660418082569846,426.940605116282,161.99951226071596,297.3695068645957,150.3260653932952,1.0,2.2749860674002154,0.0,1855.239583956697,490.7513101029023,478.35934597824394,3150.4940018146904,15.20213301931988,0.0,482.8488338176922,86.22328637937287,97.15299873732154,41.666666666666664,12.39196412465836,191703662.2496527,95824833.33333333,10.0,1.0,7.853981633974483,20.0,2.5,98.17477042468104,8782.630493135404,9.618725678016885,9.869138774764972,49.673934606704805,12.144124842165192,2302.786376953125,426.940605116282,5.208333333333333,0.3660418082569846,161.99951226071596
61,0.973926,1.0,1,1806.86606704461,0.0,490.7513101029023,9.618725678016885,76.94980542413508,86.56853110215197,1166.9081925514072,0.0,0.0,0.0,1.0,0.0,0.0,13.010023478469394,0.0,92.8080566196132,8782.630493135404,9.618725678016885,9.869138774764972,49.673934606704805,12.144124842165192,2302.786376953125,12.144124842165192,86.22328637937287,0.0,86.22328637937287,86.22328637937287,5.208333333333333,0.3660418082569846,426.940605116282,161.99951226071596,297.3695068645957,150.3260653932952,1.0,2.2749860674002154,0.0,1855.239583956697,490.7513101029023,478.35934597824394,3150.4940018146904,15.20213301931988,0.0,482.8488338176922,86.22328637937287,97.15299873732154,41.666666666666664,12.39196412465836,191703662.2496527,95824833.33333333,10.0,1.0,7.853981633974483,20.0,2.5,98.17477042468104,8782.630493135404,9.618725678016885,9.869138774764972,49.673934606704805,12.144124842165192,2302.786376953125,426.940605116282,5.208333333333333,0.3660418082569846,161.99951226071596
62,0.958467,1.0,1,1778.1859183162235,0.0,490.75131010290244,9.618725678016887,76.94980542413509,86.56853110215198,1080.6849061720347,0.0,0.0,0.0,1.0,0.0,0.0,13.010023478469394,0.0,95.0716677566764,8782.630493135404,9.618725678016885,9.869138774764972,49.673934606704805,12.144124842165192,2302.786376953125,12.144124842165192,86.22328637937287,86.22328637937287,0.0,0.0,5.208333333333333,0.3660418082569846,426.940605116282,161.99951226071596,297.3695068645957,150.3260653932952,1.0,2.2749860674002154,0.0,1855.239583956697,490.7513101029023,478.35934597824394,3150.4940018146904,15.20213301931988,0.0,482.8488338176922,86.22328637937287,97.15299873732154,41.666666666666664,12.39196412465836,191703662.2496527,95824833.33333333,10.0,1.0,7.853981633974483,20.0,2.5,98.17477042468104,8782.630493135404,9.618725678016885,9.869138774764972,49.673934606704805,12.144124842165192,2302.786376953125,426.940605116282,5.208333333333333,0.3660418082569846,161.99951226071596
63,0.936824,1.0,1,1738.0329680006487,0.0,490.75131010290244,9.618725678016887,76.94980542413509,86.56853110215198,1080.6849061720347,0.0,0.0,0.0,1.0,0.0,0.0,13.010023478469394,0.0,97.33527889373173,8782.630493135404,9.618725678016885,9.869138774764972,49.673934606704805,12.144124842165192,2302.786376953125,12.144124842165192,86.22328637937287,86.22328637937287,0.0,0.0,5.208333333333333,0.3660418082569846,426.940605116282,161.99951226071596,297.3695068645957,150.3260653932952,1.0,2.2749860674002154,0.0,1855.239583956697,490.7513101029023,478.35934597824394,3150.4940018146904,15.20213301931988,0.0,482.8488338176922,86.22328637937287,97.15299873732154,41.666666666666664,12.39196412465836,191703662.2496527,95824833.33333333,10.0,1.0,7.853981633974483,20.0,2.5,98.17477042468104,8782.630493135404,9.618725678016885,9.869138774764972,49.673934606704805,12.144124842165192,2302.786376953125,426.940605116282,5.208333333333333,0.3660418082569846,161.99951226071596
64,0.913512,1.0,1,1694.7836228194503,0.0,490.75131010290227,9.618725678016885,76.94980542413508,86.56853110215197,1080.6849061720343,0.0,0.0,0.0,1.0,0.0,0.0,13.010023478469394,0.0,99.59889003079493,8782.630493135404,9.618725678016885,9.869138774764972,49.673934606704805,12.144124842165192,2302.786376953125,12.144124842165192,86.22328637937287,86.22328637937287,0.0,0.0,5.208333333333333,0.3660418082569846,426.940605116282,161.99951226071596,297.3695068645957,150.3260653932952,1.0,2.2749860674002154,0.0,1855.239583956697,490.7513101029023,478.35934597824394,3150.4940018146904,15.20213301931988,0.0,482.8488338176922,86.22328637937287,97.15299873732154,41.666666666666664,12.39196412465836,191703662.2496527,95824833.33333333,10.0,1.0,7.853981633974483,20.0,2.5,98.17477042468104,8782.630493135404,9.618725678016885,9.869138774764972,49.673934606704805,12.144124842165192,2302.786376953125,426.940605116282,5.208333333333333,0.3660418082569846,161.99951226071596
65,0.887602,1.0,1,1646.7143651991323,0.0,490.7513101029023,9.618725678016885,76.94980542413508,86.56853110215197,1646.7143651991323,566.029459027098,0.0,537.727986075743,1.0,0.0,0.0,13.010023478469394,0.0,101.86250116785381,8782.630493135404,9.618725678016885,9.869138774764972,49.673934606704805,12.144124842165192,2302.786376953125,12.144124842165192,86.22328637937287,86.22328637937287,0.0,0.0,5.208333333333333,0.3660418082569846,426.940605116282,161.99951226071596,297.3695068645957,150.3260653932952,1.0,2.2749860674002154,0.0,1855.239583956697,490.7513101029023,478.35934597824394,3150.4940018146904,15.20213301931988,0.0,482.8488338176922,86.22328637937287,97.15299873732154,41.666666666666664,12.39196412465836,191703662.2496527,95824833.33333333,10.0,1.0,7.853981633974483,20.0,2.5,98.17477042468104,8782.630493135404,9.618725678016885,9.869138774764972,49.673934606704805,12.144124842165192,2302.786376953125,426.940605116282,5.208333333333333,0.3660418082569846,161.99951226071596
66,0.862414,1.0,1,1599.984590558431,0.0,490.75131010290244,9.618725678016887,76.94980542413509,86.56853110215198,1166.9081925514076,0.0,510.841586771956,0.0,1.0,0.0,0.0,13.010023478469394,0.0,104.12611230491702,8782.630493135404,9.618725678016885,9.869138774764972,49.673934606704805,12.144124842165192,2302.786376953125,12.144124842165192,86.22328637937287,0.0,86.22328637937287,86.22328637937287,5.208333333333333,0.3660418082569846,426.940605116282,161.99951226071596,297.3695068645957,150.3260653932952,1.0,2.2749860674002154,0.0,1855.239583956697,490.7513101029023,478.35934597824394,3150.4940018146904,15.20213301931988,0.0,482.8488338176922,86.22328637937287,97.15299873732154,41.666666666666664,12.39196412465836,191703662.2496527,95824833.33333333,10.0,1.0,7.853981633974483,20.0,2.5,98.17477042468104,8782.630493135404,9.618725678016885,9.869138774764972,49.673934606704805,12.144124842165192,2302.786376953125,426.940605116282,5.208333333333333,0.3660418082569846,161.99951226071596
67,0.829924,1.0,1,1539.7078564756778,0.0,490.7513101029023,9.618725678016885,76.94980542413508,86.56853110215197,1166.9081925514072,0.0,0.0,0.0,1.0,0.0,0.0,13.010023478469394,0.0,106.38972344198022,8782.630493135404,9.618725678016885,9.869138774764972,49.673934606704805,12.144124842165192,2302.786376953125,12.144124842165192,86.22328637937287,0.0,86.22328637937287,86.22328637937287,5.208333333333333,0.3660418082569846,426.940605116282,161.99951226071596,297.3695068645957,150.3260653932952,1.0,2.2749860674002154,0.0,1855.239583956697,490.7513101029023,478.35934597824394,3150.4940018146904,15.20213301931988,0.0,482.8488338176922,86.22328637937287,97.15299873732154,41.666666666666664,12.39196412465836,191703662.2496527,95824833.33333333,10.0,1.0,7.853981633974483,20.0,2.5,98.17477042468104,8782.630493135404,9.618725678016885,9.869138774764972,49.673934606704805,12.144124842165192,2302.786376953125,426.940605116282,5.208333333333333,0.3660418082569846,161.99951226071596
68,0.825661,1.0,1,1531.7989701292704,0.0,490.75131010290244,9.618725678016887,76.94980542413509,86.56853110215198,1080.684906172033,0.0,0.0,0.0,1.0,0.0,0.0,13.010023478469401,0.0,108.65333457915197,8782.630493135404,9.618725678016878,9.869138774764972,49.673934606704805,12.144124842283391,2302.786376953125,12.144124842283391,86.22328638021207,86.22328637937288,0.0,0.0,5.208333333333333,0.3660418082569846,426.9406051162804,161.99951226071596,297.3695068645957,150.3260653932952,1.0,2.27498606751839,0.0,1855.239583956697,490.7513101029023,478.35934597824394,3150.4940018146904,15.20213301931988,0.0,482.8488338176922,86.22328637937287,97.15299873732154,41.666666666666664,12.39196412465836,191703662.2496527,95824833.33333333,10.0,1.0,7.853981633974483,20.0,2.5,98.17477042468104,8782.630493135404,9.618725678016885,9.869138774764972,49.673934606704805,12.144124842165192,2302.786376953125,426.940605116282,5.208333333333333,0.3660418082569846,161.99951226071596
69,0.836093,1.0,1,1551.1528294691066,0.0,490.75131010290244,9.618725678016887,76.94980542413509,86.56853110215198,1080.6849061720347,0.0,0.0,0.0,1.0,0.0,0.0,13.010023478469401,0.0,110.91694571621518,8782.630493135404,9.618725678016885,9.869138774764972,49.673934606704805,12.144124842165192,2302.786376953125,12.144124842165192,86.22328637937287,86.22328637937287,0.0,0.0,5.208333333333333,0.3660418082569846,426.940605116282,161.99951226071596,297.3695068645957,150.3260653932952,1.0,2.2749860674002154,0.0,1855.239583956697,490.7513101029023,478.35934597824394,3150.4940018146904,15.20213301931988,0.0,482.8488338176922,86.22328637937287,97.15299873732154,41.666666666666664,12.39196412465836,191703662.2496527,95824833.33333333,10.0,1.0,7.853981633974483,20.0,2.5,98.17477042468104,8782.630493135404,9.618725678016885,9.869138774764972,49.673934606704805,12.144124842165192,2302.786376953125,426.940605116282,5.208333333333333,0.3660418082569846,161.99951226071596
70,0.8432540000000001,1.0,1,1564.4382001298206,0.0,490.75131010290244,9.618725678016887,76.94980542413509,86.56853110215198,1166.9081925514058,0.0,0.0,0.0,1.0,0.0,0.0,13.010023478469408,0.0,113.18055685326915,8782.630493135404,9.618725678016878,9.869138774764972,49.673934606704805,12.144124842165182,2302.786376953125,12.144124842165182,86.22328637937278,0.0,86.22328637937278,86.22328637937278,5.208333333333333,0.3660418082569846,426.9406051162804,161.99951226071596,297.3695068645957,150.3260653932952,1.0,2.2749860674001767,0.0,1855.239583956697,490.7513101029023,478.35934597824394,3150.4940018146904,15.20213301931988,0.0,482.8488338176922,86.22328637937287,97.15299873732154,41.666666666666664,12.39196412465836,191703662.2496527,95824833.33333333,10.0,1.0,7.853981633974483,20.0,2.5,98.17477042468104,8782.630493135404,9.618725678016885,9.869138774764972,49.673934606704805,12.144124842165192,2302.786376953125,426.940605116282,5.208333333333333,0.3660418082569846,161.99951226071596
71,0.840831,1.0,1,1559.9429546178935,0.0,490.75131010290244,9.618725678016887,76.94980542413509,86.56853110215198,1166.9081925514076,0.0,0.0,0.0,1.0,0.0,0.0,13.010023478469408,0.0,115.44416799033236,8782.630493135404,9.618725678016885,9.869138774764972,49.673934606704805,12.144124842165192,2302.786376953125,12.144124842165192,86.22328637937287,0.0,86.22328637937287,86.22328637937287,5.208333333333333,0.3660418082569846,426.940605116282,161.99951226071596,297.3695068645957,150.3260653932952,1.0,2.2749860674002154,0.0,1855.239583956697,490.7513101029023,478.35934597824394,3150.4940018146904,15.20213301931988,0.0,482.8488338176922,86.22328637937287,97.15299873732154,41.666666666666664,12.39196412465836,191703662.2496527,95824833.33333333,10.0,1.0,7.853981633974483,20.0,2.5,98.17477042468104,8782.630493135404,9.618725678016885,9.869138774764972,49.673934606704805,12.144124842165192,2302.786376953125,426.940605116282,5.208333333333333,0.3660418082569846,161.99951226071596
72,0.906804,1.0,1,1682.338675690269,0.0,490.75131010290244,9.618725678016887,76.94980542413509,86.56853110215198,1080.6849061720347,0.0,0.0,0.0,1.0,0.0,0.0,13.010023478469408,0.0,117.70777912739557,8782.630493135404,9.618725678016885,9.869138774764972,49.673934606704805,12.144124842165192,2302.786376953125,12.144124842165192,86.22328637937287,86.22328637937287,0.0,0.0,5.208333333333333,0.3660418082569846,426.940605116282,161.99951226071596,297.3695068645957,150.3260653932952,1.0,2.2749860674002154,0.0,1855.239583956697,490.7513101029023,478.35934597824394,3150.4940018146904,15.20213301931988,0.0,482.8488338176922,86.22328637937287,97.15299873732154,41.666666666666664,12.39196412465836,191703662.2496527,95824833.33333333,10.0,1.0,7.853981633974483,20.0,2.5,98.17477042468104,8782.630493135404,9.618725678016885,9.869138774764972,49.673934606704805,12.144124842165192,2302.786376953125,426.940605116282,5.208333333333333,0.3660418082569846,161.99951226071596
73,0.920249,1.0,1,1707.2823718965665,0.0,490.7513101029024,9.618725678016887,76.94980542413509,86.56853110215198,1080.684906172033,0.0,0.0,0.0,1.0,0.0,0.0,13.010023478469408,0.0,119.97139026444951,8782.630493135404,9.618725678016887,9.869138774764972,49.673934606704805,12.144124842165182,2302.786376953125,12.144124842165182,86.22328637937278,86.22328637937278,0.0,0.0,5.208333333333333,0.3660418082569846,426.9406051162804,161.99951226071596,297.3695068645957,150.3260653932952,1.0,2.274986067400181,0.0,1855.239583956697,490.7513101029023,478.35934597824394,3150.4940018146904,15.20213301931988,0.0,482.8488338176922,86.22328637937287,97.15299873732154,41.666666666666664,12.39196412465836,191703662.2496527,95824833.33333333,10.0,1.0,7.853981633974483,20.0,2.5,98.17477042468104,8782.630493135404,9.618725678016885,9.869138774764972,49.673934606704805,12.144124842165192,2302.786376953125,426.940605116282,5.208333333333333,0.3660418082569846,161.99951226071596
74,0.927268,1.0,1,1720.3042985363586,0.0,490.75131010290244,9.618725678016887,76.94980542413509,86.56853110215198,1080.6849061720347,0.0,0.0,0.0,1.0,0.0,0.0,13.010023478469408,0.0,122.23500140151272,8782.630493135404,9.618725678016885,9.869138774764972,49.673934606704805,12.144124842165192,2302.786376953125,12.144124842165192,86.22328637937287,86.22328637937287,0.0,0.0,5.208333333333333,0.3660418082569846,426.940605116282,161.99951226071596,297.3695068645957,150.3260653932952,1.0,2.2749860674002154,0.0,1855.239583956697,490.7513101029023,478.35934597824394,3150.4940018146904,15.20213301931988,0.0,482.8488338176922,86.22328637937287,97.15299873732154,41.666666666666664,12.39196412465836,191703662.2496527,95824833.33333333,10.0,1.0,7.853981633974483,20.0,2.5,98.17477042468104,8782.630493135404,9.618725678016885,9.869138774764972,49.673934606704805,12.144124842165192,2302.786376953125,426.940605116282,5.208333333333333,0.3660418082569846,161.99951226071596
75,0.928963,1.0,1,1723.4489296311651,0.0,490.75131010290244,9.618725678016887,76.94980542413509,86.56853110215198,1080.6849061720347,0.0,0.0,0.0,1.0,0.0,0.0,13.01002347846941,0.0,124.49861253857073,8782.630493135404,9.618725678016885,9.869138774764972,49.673934606704805,12.144124842165192,2302.786376953125,12.144124842165192,86.22328637937287,86.22328637937287,0.0,0.0,5.208333333333333,0.3660418082569846,426.940605116282,161.99951226071596,297.3695068645957,150.3260653932952,1.0,2.2749860674002154,0.0,1855.239583956697,490.7513101029023,478.35934597824394,3150.4940018146904,15.20213301931988,0.0,482.8488338176922,86.22328637937287,97.15299873732154,41.666666666666664,12.39196412465836,191703662.2496527,95824833.33333333,10.0,1.0,7.853981633974483,20.0,2.5,98.17477042468104,8782.630493135404,9.618725678016885,9.869138774764972,49.673934606704805,12.144124842165192,2302.786376953125,426.940605116282,5.208333333333333,0.3660418082569846,161.99951226071596
76,0.925099,1.0,1,1716.2802838787566,0.0,490.75131010290244,9.618725678016887,76.94980542413509,86.56853110215198,1166.9081925514076,0.0,0.0,0.0,1.0,0.0,0.0,13.01002347846941,0.0,126.76222367563393,8782.630493135404,9.618725678016885,9.869138774764972,49.673934606704805,12.144124842165192,2302.786376953125,12.144124842165192,86.22328637937287,0.0,86.22328637937287,86.22328637937287,5.208333333333333,0.3660418082569846,426.940605116282,161.99951226071596,297.3695068645957,150.3260653932952,1.0,2.2749860674002154,0.0,1855.239583956697,490.7513101029023,478.35934597824394,3150.4940018146904,15.20213301931988,0.0,482.8488338176922,86.22328637937287,97.15299873732154,41.666666666666664,12.39196412465836,191703662.2496527,95824833.33333333,10.0,1.0,7.853981633974483,20.0,2.5,98.17477042468104,8782.630493135404,9.618725678016885,9.869138774764972,49.673934606704805,12.144124842165192,2302.786376953125,426.940605116282,5.208333333333333,0.3660418082569846,161.99951226071596
77,0.927672,1.0,1,1721.053815328277,0.0,490.75131010290204,9.61872567801688,76.94980542413504,86.56853110215192,1080.6849061720343,0.0,0.0,0.0,0.0,0.0,0.0,13.01002347846941,0.0,129.02583481269707,8782.630493135404,9.618725678016876,9.869138774764972,49.673934606704805,12.144124842165185,2302.786376953125,12.144124842165185,86.22328637937281,86.22328637937281,0.0,0.0,5.208333333333333,0.3660418082569846,426.940605116282,161.99951226071596,297.3695068645957,150.3260653932952,1.0,2.274986067400135,0.0,1855.239583956697,490.7513101029023,478.35934597824394,3150.4940018146904,15.20213301931988,0.0,482.8488338176922,86.22328637937287,97.15299873732154,41.666666666666664,12.39196412465836,191703662.2496527,95824833.33333333,10.0,1.0,7.853981633974483,20.0,2.5,98.17477042468104,8782.630493135404,9.618725678016885,9.869138774764972,49.673934606704805,12.144124842165192,2302.786376953125,426.940605116282,5.208333333333333,0.3660418082569846,161.99951226071596
78,0.935441,1.0,1,1735.4671716560365,0.0,490.7513101029024,9.618725678016887,76.94980542413509,86.56853110215198,1080.6849061720345,0.0,0.0,0.0,1.0,0.0,0.0,13.01002347846941,0.0,131.2894459497466,8782.630493135404,9.618725678016887,9.869138774764972,49.673934606704805,12.144124842165185,2302.786376953125,12.144124842165185,86.22328637937281,86.22328637937281,0.0,0.0,5.208333333333333,0.3660418082569846,426.940605116282,161.99951226071596,297.3695068645957,150.3260653932952,1.0,2.2749860674001385,0.0,1855.239583956697,490.7513101029023,478.35934597824394,3150.4940018146904,15.20213301931988,0.0,482.8488338176922,86.22328637937287,97.15299873732154,41.666666666666664,12.39196412465836,191703662.2496527,95824833.33333333,10.0,1.0,7.853981633974483,20.0,2.5,98.17477042468104,8782.630493135404,9.618725678016885,9.869138774764972,49.673934606704805,12.144124842165192,2302.786376953125,426.940605116282,5.208333333333333,0.3660418082569846,161.99951226071596
79,0.93953,1.0,1,1743.0532463148356,0.0,490.75131010290244,9.618725678016887,76.94980542413509,86.56853110215198,1166.9081925514076,0.0,0.0,0.0,1.0,0.0,0.0,13.010023478469414,0.0,133.55305708680982,8782.630493135404,9.618725678016885,9.869138774764972,49.673934606704805,12.144124842165192,2302.786376953125,12.144124842165192,86.22328637937287,0.0,86.22328637937287,86.22328637937287,5.208333333333333,0.3660418082569846,426.940605116282,161.99951226071596,297.3695068645957,150.3260653932952,1.0,2.2749860674002154,0.0,1855.239583956697,490.7513101029023,478.35934597824394,3150.4940018146904,15.20213301931988,0.0,482.8488338176922,86.22328637937287,97.15299873732154,41.666666666666664,12.39196412465836,191703662.2496527,95824833.33333333,10.0,1.0,7.853981633974483,20.0,2.5,98.17477042468104,8782.630493135404,9.618725678016885,9.869138774764972,49.673934606704805,12.144124842165192,2302.786376953125,426.940605116282,5.208333333333333,0.3660418082569846,161.99951226071596
80,0.939801,1.0,1,1743.556016242088,0.0,490.75131010290255,9.61872567801689,76.94980542413512,86.56853110215201,1080.6849061720338,0.0,0.0,0.0,0.0,0.0,0.0,13.01002347846943,0.0,135.81666822386416,8782.630493135404,9.61872567801688,9.869138774764972,49.673934606704805,12.144124842165185,2302.786376953125,12.144124842165185,86.22328637937281,86.22328637937281,0.0,0.0,5.208333333333333,0.3660418082569846,426.9406051162813,161.99951226071596,297.3695068645957,150.3260653932952,1.0,2.274986067400135,0.0,1855.239583956697,490.7513101029023,478.35934597824394,3150.4940018146904,15.20213301931988,0.0,482.8488338176922,86.22328637937287,97.15299873732154,41.666666666666664,12.39196412465836,191703662.2496527,95824833.33333333,10.0,1.0,7.853981633974483,20.0,2.5,98.17477042468104,8782.630493135404,9.618725678016885,9.869138774764972,49.673934606704805,12.144124842165192,2302.786376953125,426.940605116282,5.208333333333333,0.3660418082569846,161.99951226071596
81,0.942056,1.0,1,1747.7395815039101,0.0,490.7513101029023,9.618725678016885,76.94980542413508,86.56853110215197,1080.6849061720343,0.0,0.0,0.0,1.0,0.0,0.0,13.01002347846943,0.0,138.08027936092736,8782.630493135404,9.618725678016885,9.869138774764972,49.673934606704805,12.144124842165192,2302.786376953125,12.144124842165192,86.22328637937287,86.22328637937287,0.0,0.0,5.208333333333333,0.3660418082569846,426.940605116282,161.99951226071596,297.3695068645957,150.3260653932952,1.0,2.2749860674002154,0.0,1855.239583956697,490.7513101029023,478.35934597824394,3150.4940018146904,15.20213301931988,0.0,482.8488338176922,86.22328637937287,97.15299873732154,41.666666666666664,12.39196412465836,191703662.2496527,95824833.33333333,10.0,1.0,7.853981633974483,20.0,2.5,98.17477042468104,8782.630493135404,9.618725678016885,9.869138774764972,49.673934606704805,12.144124842165192,2302.786376953125,426.940605116282,5.208333333333333,0.3660418082569846,161.99951226071596
82,0.940245,1.0,1,1744.3797426173646,0.0,490.75131010290244,9.618725678016887,76.94980542413509,86.56853110215198,1080.6849061720347,0.0,0.0,0.0,1.0,0.0,0.0,13.01002347846943,0.0,140.34389049798608,8782.630493135404,9.618725678016885,9.869138774764972,49.673934606704805,12.144124842165192,2302.786376953125,12.144124842165192,86.22328637937287,86.22328637937287,0.0,0.0,5.208333333333333,0.3660418082569846,426.940605116282,161.99951226071596,297.3695068645957,150.3260653932952,1.0,2.2749860674002154,0.0,1855.239583956697,490.7513101029023,478.35934597824394,3150.4940018146904,15.20213301931988,0.0,482.8488338176922,86.22328637937287,97.15299873732154,41.666666666666664,12.39196412465836,191703662.2496527,95824833.33333333,10.0,1.0,7.853981633974483,20.0,2.5,98.17477042468104,8782.630493135404,9.618725678016885,9.869138774764972,49.673934606704805,12.144124842165192,2302.786376953125,426.940605116282,5.208333333333333,0.3660418082569846,161.99951226071596
83,0.939738,1.0,1,1743.4391361482985,0.0,490.75131010290244,9.618725678016887,76.94980542413509,86.56853110215198,1166.9081925514076,0.0,0.0,0.0,1.0,0.0,0.0,13.010023478469433,0.0,142.6075016350493,8782.630493135404,9.618725678016885,9.869138774764972,49.673934606704805,12.144124842165192,2302.786376953125,12.144124842165192,86.22328637937287,0.0,86.22328637937287,86.22328637937287,5.208333333333333,0.3660418082569846,426.940605116282,161.99951226071596,297.3695068645957,150.3260653932952,1.0,2.2749860674002154,0.0,1855.239583956697,490.7513101029023,478.35934597824394,3150.4940018146904,15.20213301931988,0.0,482.8488338176922,86.22328637937287,97.15299873732154,41.666666666666664,12.39196412465836,191703662.2496527,95824833.33333333,10.0,1.0,7.853981633974483,20.0,2.5,98.17477042468104,8782.630493135404,9.618725678016885,9.869138774764972,49.673934606704805,12.144124842165192,2302.786376953125,426.940605116282,5.208333333333333,0.3660418082569846,161.99951226071596
84,0.960398,1.0,1,1781.7683859528438,0.0,490.75131010290244,9.618725678016887,76.94980542413509,86.56853110215198,1485.1381973154082,404.4532911433735,0.0,384.23062658620483,0.0,0.0,0.0,13.010023478469435,0.0,144.8711127721125,8782.630493135404,9.618725678016885,9.869138774764972,49.673934606704805,12.144124842165192,2302.786376953125,12.144124842165192,86.22328637937287,86.22328637937287,0.0,0.0,5.208333333333333,0.3660418082569846,426.940605116282,161.99951226071596,297.3695068645957,150.3260653932952,1.0,2.2749860674002154,0.0,1855.239583956697,490.7513101029023,478.35934597824394,3150.4940018146904,15.20213301931988,0.0,482.8488338176922,86.22328637937287,97.15299873732154,41.666666666666664,12.39196412465836,191703662.2496527,95824833.33333333,10.0,1.0,7.853981633974483,20.0,2.5,98.17477042468104,8782.630493135404,9.618725678016885,9.869138774764972,49.673934606704805,12.144124842165192,2302.786376953125,426.940605116282,5.208333333333333,0.3660418082569846,161.99951226071596
85,0.979013,1.0,1,1816.303670808198,0.0,490.7513101029023,9.618725678016885,76.94980542413508,86.56853110215197,1816.3036708081988,735.6187646361645,0.0,1083.0684529905611,1.0,0.0,0.0,13.010023478469435,0.0,147.1347239091757,8782.630493135404,9.618725678016885,9.869138774764972,49.673934606704805,12.144124842165192,2302.786376953125,12.144124842165192,86.22328637937287,86.22328637937287,0.0,0.0,5.208333333333333,0.3660418082569846,426.940605116282,161.99951226071596,297.3695068645957,150.3260653932952,1.0,2.2749860674002154,0.0,1855.239583956697,490.7513101029023,478.35934597824394,3150.4940018146904,15.20213301931988,0.0,482.8488338176922,86.22328637937287,97.15299873732154,41.666666666666664,12.39196412465836,191703662.2496527,95824833.33333333,10.0,1.0,7.853981633974483,20.0,2.5,98.17477042468104,8782.630493135404,9.618725678016885,9.869138774764972,49.673934606704805,12.144124842165192,2302.786376953125,426.940605116282,5.208333333333333,0.3660418082569846,161.99951226071596
86,0.988997,1.0,1,1834.8263828144215,0.0,490.7513101029023,9.618725678016885,76.94980542413508,86.56853110215197,1080.6849061720343,0.0,0.0,1083.0684529905611,1.0,0.0,0.0,13.010023478469435,0.0,149.39833504623454,8782.630493135404,9.618725678016885,9.869138774764972,49.673934606704805,12.144124842165192,2302.786376953125,12.144124842165192,86.22328637937287,86.22328637937287,0.0,0.0,5.208333333333333,0.3660418082569846,426.940605116282,161.99951226071596,297.3695068645957,150.3260653932952,1.0,2.2749860674002154,0.0,1855.239583956697,490.7513101029023,478.35934597824394,3150.4940018146904,15.20213301931988,0.0,482.8488338176922,86.22328637937287,97.15299873732154,41.666666666666664,12.39196412465836,191703662.2496527,95824833.33333333,10.0,1.0,7.853981633974483,20.0,2.5,98.17477042468104,8782.630493135404,9.618725678016885,9.869138774764972,49.673934606704805,12.144124842165192,2302.786376953125,426.940605116282,5.208333333333333,0.3660418082569846,161.99951226071596
87,0.983234,1.0,1,1824.1346370920792,0.0,490.75131010290244,9.618725678016887,76.94980542413509,86.56853110215198,1080.6849061720347,0.0,0.0,1083.0684529905611,0.0,0.0,0.0,13.010023478469423,0.0,151.66194618329774,8782.630493135404,9.618725678016885,9.869138774764972,49.673934606704805,12.144124842165192,2302.786376953125,12.144124842165192,86.22328637937287,86.22328637937287,0.0,0.0,5.208333333333333,0.3660418082569846,426.940605116282,161.99951226071596,297.3695068645957,150.3260653932952,1.0,2.2749860674002154,0.0,1855.239583956697,490.7513101029023,478.35934597824394,3150.4940018146904,15.20213301931988,0.0,482.8488338176922,86.22328637937287,97.15299873732154,41.666666666666664,12.39196412465836,191703662.2496527,95824833.33333333,10.0,1.0,7.853981633974483,20.0,2.5,98.17477042468104,8782.630493135404,9.618725678016885,9.869138774764972,49.673934606704805,12.144124842165192,2302.786376953125,426.940605116282,5.208333333333333,0.3660418082569846,161.99951226071596
88,0.974896,1.0,1,1808.6656494410481,0.0,490.75131010290244,9.618725678016887,76.94980542413509,86.56853110215198,1080.6849061720347,0.0,0.0,1083.0684529905611,0.0,0.0,0.0,13.010023478469423,0.0,153.92555732036095,8782.630493135404,9.618725678016885,9.869138774764972,49.673934606704805,12.144124842165192,2302.786376953125,12.144124842165192,86.22328637937287,86.22328637937287,0.0,0.0,5.208333333333333,0.3660418082569846,426.940605116282,161.99951226071596,297.3695068645957,150.3260653932952,1.0,2.2749860674002154,0.0,1855.239583956697,490.7513101029023,478.35934597824394,3150.4940018146904,15.20213301931988,0.0,482.8488338176922,86.22328637937287,97.15299873732154,41.666666666666664,12.39196412465836,191703662.2496527,95824833.33333333,10.0,1.0,7.853981633974483,20.0,2.5,98.17477042468104,8782.630493135404,9.618725678016885,9.869138774764972,49.673934606704805,12.144124842165192,2302.786376953125,426.940605116282,5.208333333333333,0.3660418082569846,161.99951226071596
89,0.971291,1.0,1,1801.9775107408843,0.0,490.75131010290244,9.618725678016887,76.94980542413509,86.56853110215198,1801.9775107408846,721.2926045688498,0.0,1768.2964273309683,0.0,0.0,0.0,13.010023478469423,0.0,156.18916845742416,8782.630493135404,9.618725678016885,9.869138774764972,49.673934606704805,12.144124842165192,2302.786376953125,12.144124842165192,86.22328637937287,86.22328637937287,0.0,0.0,5.208333333333333,0.3660418082569846,426.940605116282,161.99951226071596,297.3695068645957,150.3260653932952,1.0,2.2749860674002154,0.0,1855.239583956697,490.7513101029023,478.35934597824394,3150.4940018146904,15.20213301931988,0.0,482.8488338176922,86.22328637937287,97.15299873732154,41.666666666666664,12.39196412465836,191703662.2496527,95824833.33333333,10.0,1.0,7.853981633974483,20.0,2.5,98.17477042468104,8782.630493135404,9.618725678016885,9.869138774764972,49.673934606704805,12.144124842165192,2302.786376953125,426.940605116282,5.208333333333333,0.3660418082569846,161.99951226071596
90,0.969465,1.0,1,1798.5898432605793,0.0,490.75131010290244,9.618725678016887,76.94980542413509,86.56853110215198,1166.9081925514076,0.0,0.0,1768.2964273309683,0.0,0.0,0.0,13.010023478469423,0.0,158.45277959448308,8782.630493135404,9.618725678016885,9.869138774764972,49.673934606704805,12.144124842165192,2302.786376953125,12.144124842165192,86.22328637937287,0.0,86.22328637937287,86.22328637937287,5.208333333333333,0.3660418082569846,426.940605116282,161.99951226071596,297.3695068645957,150.3260653932952,1.0,2.2749860674002154,0.0,1855.239583956697,490.7513101029023,478.35934597824394,3150.4940018146904,15.20213301931988,0.0,482.8488338176922,86.22328637937287,97.15299873732154,41.666666666666664,12.39196412465836,191703662.2496527,95824833.33333333,10.0,1.0,7.853981633974483,20.0,2.5,98.17477042468104,8782.630493135404,9.618725678016885,9.869138774764972,49.673934606704805,12.144124842165192,2302.786376953125,426.940605116282,5.208333333333333,0.3660418082569846,161.99951226071596
91,0.96611,1.0,1,1792.3655144564048,0.0,490.75131010290244,9.618725678016887,76.94980542413509,86.56853110215198,1792.3655144564045,711.6806082843699,0.0,2444.3930052011196,0.0,0.0,0.0,13.010023478469426,0.0,160.71639073154628,8782.630493135404,9.618725678016885,9.869138774764972,49.673934606704805,12.144124842165192,2302.786376953125,12.144124842165192,86.22328637937287,86.22328637937287,0.0,0.0,5.208333333333333,0.3660418082569846,426.940605116282,161.99951226071596,297.3695068645957,150.3260653932952,1.0,2.2749860674002154,0.0,1855.239583956697,490.7513101029023,478.35934597824394,3150.4940018146904,15.20213301931988,0.0,482.8488338176922,86.22328637937287,97.15299873732154,41.666666666666664,12.39196412465836,191703662.2496527,95824833.33333333,10.0,1.0,7.853981633974483,20.0,2.5,98.17477042468104,8782.630493135404,9.618725678016885,9.869138774764972,49.673934606704805,12.144124842165192,2302.786376953125,426.940605116282,5.208333333333333,0.3660418082569846,161.99951226071596
92,0.9591,1.0,1,1779.3602849728682,0.0,490.75131010290244,9.618725678016887,76.94980542413509,86.56853110215198,1166.9081925514076,0.0,646.2214571680917,1764.1598923926022,0.0,0.0,0.0,13.010023478469444,0.0,162.9800018686095,8782.630493135404,9.618725678016885,9.869138774764972,49.673934606704805,12.144124842165192,2302.786376953125,12.144124842165192,86.22328637937287,0.0,86.22328637937287,86.22328637937287,5.208333333333333,0.3660418082569846,426.940605116282,161.99951226071596,297.3695068645957,150.3260653932952,1.0,2.2749860674002154,0.0,1855.239583956697,490.7513101029023,478.35934597824394,3150.4940018146904,15.20213301931988,0.0,482.8488338176922,86.22328637937287,97.15299873732154,41.666666666666664,12.39196412465836,191703662.2496527,95824833.33333333,10.0,1.0,7.853981633974483,20.0,2.5,98.17477042468104,8782.630493135404,9.618725678016885,9.869138774764972,49.673934606704805,12.144124842165192,2302.786376953125,426.940605116282,5.208333333333333,0.3660418082569846,161.99951226071596
93,0.968457,1.0,1,1796.719761759951,0.0,490.7513101029024,9.618725678016887,76.94980542413509,86.56853110215198,1796.7197617599509,716.0348555879164,0.0,2444.393005201123,0.0,0.0,0.0,13.010023478469444,0.0,165.2436130056727,8782.630493135404,9.618725678016885,9.869138774764972,49.673934606704805,12.144124842165192,2302.786376953125,12.144124842165192,86.22328637937287,86.22328637937287,0.0,0.0,5.208333333333333,0.3660418082569846,426.940605116282,161.99951226071596,297.3695068645957,150.3260653932952,1.0,2.2749860674002154,0.0,1855.239583956697,490.7513101029023,478.35934597824394,3150.4940018146904,15.20213301931988,0.0,482.8488338176922,86.22328637937287,97.15299873732154,41.666666666666664,12.39196412465836,191703662.2496527,95824833.33333333,10.0,1.0,7.853981633974483,20.0,2.5,98.17477042468104,8782.630493135404,9.618725678016885,9.869138774764972,49.673934606704805,12.144124842165192,2302.786376953125,426.940605116282,5.208333333333333,0.3660418082569846,161.99951226071596
94,0.973723,1.0,1,1806.489453409067,0.0,490.75131010290244,9.618725678016887,76.94980542413509,86.56853110215198,1080.6849061720347,0.0,0.0,2444.393005201123,0.0,0.0,0.0,13.010023478469444,0.0,167.5072241427318,8782.630493135404,9.618725678016885,9.869138774764972,49.673934606704805,12.144124842165192,2302.786376953125,12.144124842165192,86.22328637937287,86.22328637937287,0.0,0.0,5.208333333333333,0.3660418082569846,426.940605116282,161.99951226071596,297.3695068645957,150.3260653932952,1.0,2.2749860674002154,0.0,1855.239583956697,490.7513101029023,478.35934597824394,3150.4940018146904,15.20213301931988,0.0,482.8488338176922,86.22328637937287,97.15299873732154,41.666666666666664,12.39196412465836,191703662.2496527,95824833.33333333,10.0,1.0,7.853981633974483,20.0,2.5,98.17477042468104,8782.630493135404,9.618725678016885,9.869138774764972,49.673934606704805,12.144124842165192,2302.786376953125,426.940605116282,5.208333333333333,0.3660418082569846,161.99951226071596
95,0.983134,1.0,1,1823.9491131336833,0.0,490.75131010290255,9.61872567801689,76.94980542413512,86.56853110215201,1823.949113133685,743.2642069616501,0.0,3150.4940018146904,0.0,0.0,0.0,13.010023478469444,0.0,169.770835279795,8782.630493135404,9.618725678016885,9.869138774764972,49.673934606704805,12.144124842165192,2302.786376953125,12.144124842165192,86.22328637937287,86.22328637937287,0.0,0.0,5.208333333333333,0.3660418082569846,426.940605116282,161.99951226071596,297.3695068645957,150.3260653932952,1.0,2.2749860674002154,0.0,1855.239583956697,490.7513101029023,478.35934597824394,3150.4940018146904,15.20213301931988,0.0,482.8488338176922,86.22328637937287,97.15299873732154,41.666666666666664,12.39196412465836,191703662.2496527,95824833.33333333,10.0,1.0,7.853981633974483,20.0,2.5,98.17477042468104,8782.630493135404,9.618725678016885,9.869138774764972,49.673934606704805,12.144124842165192,2302.786376953125,426.940605116282,5.208333333333333,0.3660418082569846,161.99951226071596
96,0.506436,1.0,1,939.5601139406938,0.0,490.75131010290244,9.618725678016887,76.94980542413509,86.56853110215198,1080.6849061720347,0.0,141.12479223134068,3001.9415889395946,0.0,0.0,0.0,13.010023478469446,0.0,172.0344464168582,8782.630493135404,9.618725678016885,9.869138774764972,49.673934606704805,12.144124842165192,2302.786376953125,12.144124842165192,86.22328637937287,86.22328637937287,0.0,0.0,5.208333333333333,0.3660418082569846,426.940605116282,161.99951226071596,297.3695068645957,150.3260653932952,1.0,2.2749860674002154,0.0,1855.239583956697,490.7513101029023,478.35934597824394,3150.4940018146904,15.20213301931988,0.0,482.8488338176922,86.22328637937287,97.15299873732154,41.666666666666664,12.39196412465836,191703662.2496527,95824833.33333333,10.0,1.0,7.853981633974483,20.0,2.5,98.17477042468104,8782.630493135404,9.618725678016885,9.869138774764972,49.673934606704805,12.144124842165192,2302.786376953125,426.940605116282,5.208333333333333,0.3660418082569846,161.99951226071596
97,0.5150560000000001,1.0,1,955.5522791544007,0.0,490.75131010290244,9.618725678016887,76.94980542413509,86.56853110215198,1080.6849061720347,0.0,125.13262701762324,2870.223034184202,0.0,0.0,0.0,13.010023478469446,0.0,174.29805755391743,8782.630493135404,9.618725678016885,9.869138774764972,49.673934606704805,12.144124842165192,2302.786376953125,12.144124842165192,86.22328637937287,86.22328637937285,0.0,0.0,5.208333333333333,0.3660418082569846,426.940605116282,161.99951226071596,297.3695068645957,150.3260653932952,1.0,2.2749860674002154,0.0,1855.239583956697,490.7513101029023,478.35934597824394,3150.4940018146904,15.20213301931988,0.0,482.8488338176922,86.22328637937287,97.15299873732154,41.666666666666664,12.39196412465836,191703662.2496527,95824833.33333333,10.0,1.0,7.853981633974483,20.0,2.5,98.17477042468104,8782.630493135404,9.618725678016885,9.869138774764972,49.673934606704805,12.144124842165192,2302.786376953125,426.940605116282,5.208333333333333,0.3660418082569846,161.99951226071596
98,0.526399,1.0,1,976.5962617552212,0.0,386.45825129081754,7.574581725300024,60.59665380240019,68.17123552770022,976.5962617552212,0.0,0.0,2870.223034184202,0.0,0.0,2.044143952716862,10.92416230222775,0.0,176.56166869098064,8782.630493135404,9.618725678016885,9.869138774764972,49.673934606704805,12.144124842165192,2302.786376953125,12.144124842165192,86.22328637937287,86.22328637937287,0.0,0.0,5.208333333333333,0.3660418082569846,426.940605116282,161.99951226071596,297.3695068645957,150.3260653932952,1.0,2.2749860674002154,0.0,1855.239583956697,490.7513101029023,478.35934597824394,3150.4940018146904,15.20213301931988,0.0,482.8488338176922,86.22328637937287,97.15299873732154,41.666666666666664,12.39196412465836,191703662.2496527,95824833.33333333,10.0,1.0,7.853981633974483,20.0,2.5,98.17477042468104,8782.630493135404,9.618725678016885,9.869138774764972,49.673934606704805,12.144124842165192,2302.786376953125,426.940605116282,5.208333333333333,0.3660418082569846,161.99951226071596
99,0.508755,1.0,1,943.8624145358893,0.0,490.7513101029024,9.618725678016887,76.94980542413509,86.56853110215198,1080.6849061720345,0.0,136.82249163613415,2726.1993587777447,0.0,0.0,0.0,10.92416230222775,0.0,178.82527982804376,8782.630493135404,9.618725678016885,9.869138774764972,49.673934606704805,12.144124842165192,2302.786376953125,12.144124842165192,86.22328637937287,86.22328637937287,0.0,0.0,5.208333333333333,0.3660418082569846,426.940605116282,161.99951226071596,297.3695068645957,150.3260653932952,1.0,2.2749860674002154,0.0,1855.239583956697,490.7513101029023,478.35934597824394,3150.4940018146904,15.20213301931988,0.0,482.8488338176922,86.22328637937287,97.15299873732154,41.666666666666664,12.39196412465836,191703662.2496527,95824833.33333333,10.0,1.0,7.853981633974483,20.0,2.5,98.17477042468104,8782.630493135404,9.618725678016885,9.869138774764972,49.673934606704805,12.144124842165192,2302.786376953125,426.940605116282,5.208333333333333,0.3660418082569846,161.99951226071596
100,0.4719379999999999,1.0,1,875.5580587733556,0.0,490.7513101029023,9.618725678016885,76.94980542413508,86.56853110215197,1080.6849061720343,0.0,205.12684739866927,2510.2763615159874,0.0,0.0,0.0,10.92416230222775,0.0,181.08889096510697,8782.630493135404,9.618725678016885,9.869138774764972,49.673934606704805,12.144124842165192,2302.786376953125,12.144124842165192,86.22328637937287,86.22328637937287,0.0,0.0,5.208333333333333,0.3660418082569846,426.940605116282,161.99951226071596,297.3695068645957,150.3260653932952,1.0,2.2749860674002154,0.0,1855.239583956697,490.7513101029023,478.35934597824394,3150.4940018146904,15.20213301931988,0.0,482.8488338176922,86.22328637937287,97.15299873732154,41.666666666666664,12.39196412465836,191703662.2496527,95824833.33333333,10.0,1.0,7.853981633974483,20.0,2.5,98.17477042468104,8782.630493135404,9.618725678016885,9.869138774764972,49.673934606704805,12.144124842165192,2302.786376953125,426.940605116282,5.208333333333333,0.3660418082569846,161.99951226071596
101,0.432259,1.0,1,801.9440073215379,0.0,490.75131010290244,9.618725678016887,76.94980542413509,86.56853110215198,1080.6849061720347,0.0,278.7408988504966,2216.8648890417808,0.0,0.0,0.0,10.924162302227753,0.0,183.35250210216708,8782.630493135404,9.618725678016885,9.869138774764972,49.673934606704805,12.144124842165192,2302.786376953125,12.144124842165192,86.22328637937287,86.22328637937287,0.0,0.0,5.208333333333333,0.3660418082569846,426.940605116282,161.99951226071596,297.3695068645957,150.3260653932952,1.0,2.2749860674002154,0.0,1855.239583956697,490.7513101029023,478.35934597824394,3150.4940018146904,15.20213301931988,0.0,482.8488338176922,86.22328637937287,97.15299873732154,41.666666666666664,12.39196412465836,191703662.2496527,95824833.33333333,10.0,1.0,7.853981633974483,20.0,2.5,98.17477042468104,8782.630493135404,9.618725678016885,9.869138774764972,49.673934606704805,12.144124842165192,2302.786376953125,426.940605116282,5.208333333333333,0.3660418082569846,161.99951226071596
102,0.3873999999999999,1.0,1,718.7198148248243,0.0,315.75606498877823,6.188818873780053,49.510550990240425,55.699369864020476,906.0326517383339,0.0,187.31283691350964,2019.6934817644021,0.0,0.0,3.4299068042368317,7.424257399945272,0.0,185.6161132392303,8782.630493135404,9.618725678016885,9.869138774764972,49.673934606704805,12.144124842165192,2302.786376953125,12.144124842165192,86.22328637937287,86.22328637937287,0.0,0.0,5.208333333333333,0.3660418082569846,426.940605116282,161.99951226071596,297.3695068645957,150.3260653932952,1.0,2.2749860674002154,0.0,1855.239583956697,490.7513101029023,478.35934597824394,3150.4940018146904,15.20213301931988,0.0,482.8488338176922,86.22328637937287,97.15299873732154,41.666666666666664,12.39196412465836,191703662.2496527,95824833.33333333,10.0,1.0,7.853981633974483,20.0,2.5,98.17477042468104,8782.630493135404,9.618725678016885,9.869138774764972,49.673934606704805,12.144124842165192,2302.786376953125,426.940605116282,5.208333333333333,0.3660418082569846,161.99951226071596
103,0.324,1.0,1,601.0976252019699,0.0,490.75131010290266,9.618725678016892,76.94980542413514,86.56853110215202,1080.6849061720347,0.0,479.58728097006485,1514.8647649538075,0.0,0.0,0.0,7.424257399945279,0.0,187.8797243762935,8782.630493135404,9.618725678016885,9.869138774764972,49.673934606704805,12.144124842165192,2302.786376953125,12.144124842165192,86.22328637937287,86.22328637937287,0.0,0.0,5.208333333333333,0.3660418082569846,426.940605116282,161.99951226071596,297.3695068645957,150.3260653932952,1.0,2.2749860674002154,0.0,1855.239583956697,490.7513101029023,478.35934597824394,3150.4940018146904,15.20213301931988,0.0,482.8488338176922,86.22328637937287,97.15299873732154,41.666666666666664,12.39196412465836,191703662.2496527,95824833.33333333,10.0,1.0,7.853981633974483,20.0,2.5,98.17477042468104,8782.630493135404,9.618725678016885,9.869138774764972,49.673934606704805,12.144124842165192,2302.786376953125,426.940605116282,5.208333333333333,0.3660418082569846,161.99951226071596
104,0.218768,1.0,1,405.8670533030387,0.0,490.75131010290255,9.61872567801689,76.94980542413512,86.56853110215201,1080.684906172033,0.0,674.8178528701579,804.5301829852202,0.0,0.0,0.0,7.424257399945294,0.0,190.1433355133987,8782.630493135404,9.618725678016897,9.869138774764972,49.673934606704805,12.144124842220661,2302.786376953125,12.144124842220661,86.22328637976669,86.22328637937288,0.0,0.0,5.208333333333333,0.3660418082569846,426.9406051162804,161.99951226071596,297.3695068645957,150.3260653932952,1.0,2.2749860674556626,0.0,1855.239583956697,490.7513101029023,478.35934597824394,3150.4940018146904,15.20213301931988,0.0,482.8488338176922,86.22328637937287,97.15299873732154,41.666666666666664,12.39196412465836,191703662.2496527,95824833.33333333,10.0,1.0,7.853981633974483,20.0,2.5,98.17477042468104,8782.630493135404,9.618725678016885,9.869138774764972,49.673934606704805,12.144124842165192,2302.786376953125,426.940605116282,5.208333333333333,0.3660418082569846,161.99951226071596
105,0.121616,1.0,1,225.62681724247767,0.0,275.38691892304183,5.39758361089162,43.18066888713296,48.57825249802458,865.7426291988864,0.0,640.115811956397,130.72406513638134,0.0,0.0,4.221142067125267,3.1169695763480827,0.0,192.40694665046192,8782.630493135404,9.618725678016885,9.869138774764972,49.673934606704805,12.144124842165192,2302.786376953125,12.144124842165192,86.22328637937287,86.22328637937287,0.0,0.0,5.208333333333333,0.3660418082569846,426.940605116282,161.99951226071596,297.3695068645957,150.3260653932952,1.0,2.2749860674002154,0.0,1855.239583956697,490.7513101029023,478.35934597824394,3150.4940018146904,15.20213301931988,0.0,482.8488338176922,86.22328637937287,97.15299873732154,41.666666666666664,12.39196412465836,191703662.2496527,95824833.33333333,10.0,1.0,7.853981633974483,20.0,2.5,98.17477042468104,8782.630493135404,9.618725678016885,9.869138774764972,49.673934606704805,12.144124842165192,2302.786376953125,426.940605116282,5.208333333333333,0.3660418082569846,161.99951226071596
106,0.055934,0.0,1,103.77097088903389,0.0,0.0,0.0,0.0,0.0,162.99299095285005,0.0,59.22202006381617,68.38509664815379,0.0,0.0,0.0,3.1169695763480827,0.0,182.4882142135122,0.0,0.0,9.869138774764972,49.673934606704805,0.0,0.0,0.0,0.0,0.0,0.0,0.0,5.208333333333333,0.3660418082569846,0.0,161.99951226071596,9080.0,150.3260653932952,0.0,0.0,9.869138774764972,1855.239583956697,490.7513101029023,478.35934597824394,3150.4940018146904,15.20213301931988,0.0,482.8488338176922,86.22328637937287,97.15299873732154,41.666666666666664,12.39196412465836,191703662.2496527,95824833.33333333,10.0,1.0,7.853981633974483,20.0,2.5,98.17477042468104,8782.630493135404,9.618725678016885,9.869138774764972,49.673934606704805,12.144124842165192,2302.786376953125,426.940605116282,5.208333333333333,0.3660418082569846,161.99951226071596
107,0.052838,0.0,1,98.02714913710396,0.0,0.0,0.0,0.0,0.0,162.99299095285005,0.0,64.9658418157461,0.0,1.0,0.0,0.0,3.1169695763480827,0.0,172.5694817765625,0.0,0.0,9.869138774764972,49.673934606704805,0.0,0.0,0.0,0.0,0.0,0.0,0.0,5.208333333333333,0.3660418082569846,0.0,161.99951226071596,9080.0,150.3260653932952,0.0,0.0,9.869138774764972,1855.239583956697,490.7513101029023,478.35934597824394,3150.4940018146904,15.20213301931988,0.0,482.8488338176922,86.22328637937287,97.15299873732154,41.666666666666664,12.39196412465836,191703662.2496527,95824833.33333333,10.0,1.0,7.853981633974483,20.0,2.5,98.17477042468104,8782.630493135404,9.618725678016885,9.869138774764972,49.673934606704805,12.144124842165192,2302.786376953125,426.940605116282,5.208333333333333,0.3660418082569846,161.99951226071596
108,0.11756,0.0,1,218.1019654899493,0.0,53.03019104801698,1.0393917445411327,8.315133956329062,9.354525700870195,218.1019654899493,0.0,0.0,0.0,1.0,1.0393917445411327,0.0,4.135573485998393,0.0,162.6507493396044,0.0,0.0,9.869138774764972,49.673934606704805,0.0,0.0,0.0,0.0,0.0,0.0,0.0,5.208333333333333,0.3660418082569846,0.0,161.99951226071596,9080.0,150.3260653932952,0.0,0.0,9.869138774764972,1855.239583956697,490.7513101029023,478.35934597824394,3150.4940018146904,15.20213301931988,0.0,482.8488338176922,86.22328637937287,97.15299873732154,41.666666666666664,12.39196412465836,191703662.2496527,95824833.33333333,10.0,1.0,7.853981633974483,20.0,2.5,98.17477042468104,8782.630493135404,9.618725678016885,9.869138774764972,49.673934606704805,12.144124842165192,2302.786376953125,426.940605116282,5.208333333333333,0.3660418082569846,161.99951226071596
109,0.261714,0.0,1,485.54217247564304,0.0,310.38219930984724,6.083491106473006,48.66792885178405,54.75141995825705,485.54217247564327,0.0,0.0,0.0,1.0,6.083491106473005,0.0,10.097394770341937,0.0,152.7320169026547,0.0,0.0,9.869138774764972,49.673934606704805,0.0,0.0,0.0,0.0,0.0,0.0,0.0,5.208333333333333,0.3660418082569846,0.0,161.99951226071596,9080.0,150.3260653932952,0.0,0.0,9.869138774764972,1855.239583956697,490.7513101029023,478.35934597824394,3150.4940018146904,15.20213301931988,0.0,482.8488338176922,86.22328637937287,97.15299873732154,41.666666666666664,12.39196412465836,191703662.2496527,95824833.33333333,10.0,1.0,7.853981633974483,20.0,2.5,98.17477042468104,8782.630493135404,9.618725678016885,9.869138774764972,49.673934606704805,12.144124842165192,2302.786376953125,426.940605116282,5.208333333333333,0.3660418082569846,161.99951226071596
110,0.455983,1.0,1,845.9577112113267,0.0,255.56314634122177,5.009037668287946,40.07230134630357,45.081339014591514,845.9577112113267,0.0,0.0,0.0,0.0,0.0,4.609688009728939,5.393631495130133,0.0,154.9956280397179,8782.630493135404,9.618725678016885,9.869138774764972,49.673934606704805,12.144124842165192,2302.786376953125,12.144124842165192,86.22328637937287,86.22328637937287,0.0,0.0,5.208333333333333,0.3660418082569846,426.940605116282,161.99951226071596,297.3695068645957,150.3260653932952,1.0,2.2749860674002154,0.0,1855.239583956697,490.7513101029023,478.35934597824394,3150.4940018146904,15.20213301931988,0.0,482.8488338176922,86.22328637937287,97.15299873732154,41.666666666666664,12.39196412465836,191703662.2496527,95824833.33333333,10.0,1.0,7.853981633974483,20.0,2.5,98.17477042468104,8782.630493135404,9.618725678016885,9.869138774764972,49.673934606704805,12.144124842165192,2302.786376953125,426.940605116282,5.208333333333333,0.3660418082569846,161.99951226071596
111,0.6050399999999999,1.0,1,1122.4941578771598,0.0,490.75131010290244,9.618725678016887,76.94980542413509,86.56853110215198,1122.49415787716,41.80925170512705,0.0,39.7187891198707,0.0,0.0,0.0,5.3936314951291475,0.0,157.25923917676934,8782.630493135404,9.618725678016878,9.869138774764972,49.673934606704805,12.144124842165182,2302.786376953125,12.144124842165182,86.22328637937278,86.22328637937278,0.0,0.0,5.208333333333333,0.3660418082569846,426.94060511628015,161.99951226071596,297.3695068645957,150.3260653932952,1.0,2.27498606740018,0.0,1855.239583956697,490.7513101029023,478.35934597824394,3150.4940018146904,15.20213301931988,0.0,482.8488338176922,86.22328637937287,97.15299873732154,41.666666666666664,12.39196412465836,191703662.2496527,95824833.33333333,10.0,1.0,7.853981633974483,20.0,2.5,98.17477042468104,8782.630493135404,9.618725678016885,9.869138774764972,49.673934606704805,12.144124842165192,2302.786376953125,426.940605116282,5.208333333333333,0.3660418082569846,161.99951226071596
112,0.6698959999999999,1.0,1,1242.8175763342554,0.0,490.75131010290244,9.618725678016887,76.94980542413509,86.56853110215198,1080.684906172033,0.0,0.0,39.71878911987068,0.0,0.0,0.0,5.3936314951291475,0.0,159.52285031382053,8782.630493135404,9.618725678016883,9.869138774764972,49.673934606704805,12.144124842165182,2302.786376953125,12.144124842165182,86.22328637937278,86.22328637937278,0.0,0.0,5.208333333333333,0.3660418082569846,426.9406051162804,161.99951226071596,297.3695068645957,150.3260653932952,1.0,2.274986067400181,0.0,1855.239583956697,490.7513101029023,478.35934597824394,3150.4940018146904,15.20213301931988,0.0,482.8488338176922,86.22328637937287,97.15299873732154,41.666666666666664,12.39196412465836,191703662.2496527,95824833.33333333,10.0,1.0,7.853981633974483,20.0,2.5,98.17477042468104,8782.630493135404,9.618725678016885,9.869138774764972,49.673934606704805,12.144124842165192,2302.786376953125,426.940605116282,5.208333333333333,0.3660418082569846,161.99951226071596
113,0.689994,1.0,1,1280.1041814926173,0.0,490.7513101029023,9.618725678016885,76.94980542413508,86.56853110215197,1080.6849061720343,0.0,0.0,39.71878911987068,0.0,0.0,0.0,5.3936314951291475,0.0,161.78646145088373,8782.630493135404,9.618725678016885,9.869138774764972,49.673934606704805,12.144124842165192,2302.786376953125,12.144124842165192,86.22328637937287,86.22328637937288,0.0,0.0,5.208333333333333,0.3660418082569846,426.940605116282,161.99951226071596,297.3695068645957,150.3260653932952,1.0,2.2749860674002154,0.0,1855.239583956697,490.7513101029023,478.35934597824394,3150.4940018146904,15.20213301931988,0.0,482.8488338176922,86.22328637937287,97.15299873732154,41.666666666666664,12.39196412465836,191703662.2496527,95824833.33333333,10.0,1.0,7.853981633974483,20.0,2.5,98.17477042468104,8782.630493135404,9.618725678016885,9.869138774764972,49.673934606704805,12.144124842165192,2302.786376953125,426.940605116282,5.208333333333333,0.3660418082569846,161.99951226071596
114,0.70758,1.0,1,1312.7304248160797,0.0,490.7513101029019,9.618725678016878,76.94980542413502,86.5685311021519,1080.6849061720325,0.0,0.0,39.71878911987068,0.0,0.0,0.0,5.3936314951291475,0.0,164.05007258793879,8782.630493135404,9.618725678016878,9.869138774764972,49.673934606704805,12.144124842165182,2302.786376953125,12.144124842165182,86.22328637937278,86.22328637937278,0.0,0.0,5.208333333333333,0.3660418082569846,426.9406051162804,161.99951226071596,297.3695068645957,150.3260653932952,1.0,2.2749860674001794,0.0,1855.239583956697,490.7513101029023,478.35934597824394,3150.4940018146904,15.20213301931988,0.0,482.8488338176922,86.22328637937287,97.15299873732154,41.666666666666664,12.39196412465836,191703662.2496527,95824833.33333333,10.0,1.0,7.853981633974483,20.0,2.5,98.17477042468104,8782.630493135404,9.618725678016885,9.869138774764972,49.673934606704805,12.144124842165192,2302.786376953125,426.940605116282,5.208333333333333,0.3660418082569846,161.99951226071596
115,0.7372609999999999,1.0,1,1367.7957909074983,0.0,490.75131010290244,9.618725678016887,76.94980542413509,86.56853110215198,1367.7957909074985,287.11088473546374,0.0,312.4741296185612,0.0,0.0,0.0,5.393631495129149,0.0,166.313683725002,8782.630493135404,9.618725678016885,9.869138774764972,49.673934606704805,12.144124842165192,2302.786376953125,12.144124842165192,86.22328637937287,86.22328637937285,0.0,0.0,5.208333333333333,0.3660418082569846,426.940605116282,161.99951226071596,297.3695068645957,150.3260653932952,1.0,2.2749860674002154,0.0,1855.239583956697,490.7513101029023,478.35934597824394,3150.4940018146904,15.20213301931988,0.0,482.8488338176922,86.22328637937287,97.15299873732154,41.666666666666664,12.39196412465836,191703662.2496527,95824833.33333333,10.0,1.0,7.853981633974483,20.0,2.5,98.17477042468104,8782.630493135404,9.618725678016885,9.869138774764972,49.673934606704805,12.144124842165192,2302.786376953125,426.940605116282,5.208333333333333,0.3660418082569846,161.99951226071596
116,0.755937,1.0,1,1402.4442453774736,0.0,490.7513101029026,9.61872567801689,76.94980542413512,86.56853110215201,1166.9081925514076,0.0,0.0,312.4741296185612,0.0,0.0,0.0,5.393631495129155,0.0,168.57729486206506,8782.630493135404,9.618725678016885,9.869138774764972,49.673934606704805,12.144124842165192,2302.786376953125,12.144124842165192,86.22328637937287,0.0,86.22328637937287,86.22328637937287,5.208333333333333,0.3660418082569846,426.940605116282,161.99951226071596,297.3695068645957,150.3260653932952,1.0,2.2749860674002154,0.0,1855.239583956697,490.7513101029023,478.35934597824394,3150.4940018146904,15.20213301931988,0.0,482.8488338176922,86.22328637937287,97.15299873732154,41.666666666666664,12.39196412465836,191703662.2496527,95824833.33333333,10.0,1.0,7.853981633974483,20.0,2.5,98.17477042468104,8782.630493135404,9.618725678016885,9.869138774764972,49.673934606704805,12.144124842165192,2302.786376953125,426.940605116282,5.208333333333333,0.3660418082569846,161.99951226071596
117,0.749204,1.0,1,1389.9529172586933,0.0,490.75131010290266,9.618725678016892,76.94980542413514,86.56853110215202,1166.9081925514076,0.0,0.0,312.4741296185612,0.0,0.0,0.0,5.393631495129194,0.0,170.84090599912827,8782.630493135404,9.618725678016885,9.869138774764972,49.673934606704805,12.144124842165192,2302.786376953125,12.144124842165192,86.22328637937287,0.0,86.22328637937287,86.22328637937287,5.208333333333333,0.3660418082569846,426.940605116282,161.99951226071596,297.3695068645957,150.3260653932952,1.0,2.2749860674002154,0.0,1855.239583956697,490.7513101029023,478.35934597824394,3150.4940018146904,15.20213301931988,0.0,482.8488338176922,86.22328637937287,97.15299873732154,41.666666666666664,12.39196412465836,191703662.2496527,95824833.33333333,10.0,1.0,7.853981633974483,20.0,2.5,98.17477042468104,8782.630493135404,9.618725678016885,9.869138774764972,49.673934606704805,12.144124842165192,2302.786376953125,426.940605116282,5.208333333333333,0.3660418082569846,161.99951226071596
118,0.736367,1.0,1,1366.137206719441,0.0,490.75131010290244,9.618725678016887,76.94980542413509,86.56853110215198,1166.9081925514056,0.0,0.0,312.4741296185612,0.0,0.0,0.0,5.393631495129203,0.0,173.10451713619145,8782.630493135404,9.618725678016878,9.869138774764972,49.673934606704805,12.144124842165159,2302.786376953125,12.144124842165159,86.22328637937262,0.0,86.22328637937262,86.22328637937262,5.208333333333333,0.3660418082569846,426.9406051162804,161.99951226071596,297.3695068645957,150.3260653932952,1.0,2.2749860674001794,0.0,1855.239583956697,490.7513101029023,478.35934597824394,3150.4940018146904,15.20213301931988,0.0,482.8488338176922,86.22328637937287,97.15299873732154,41.666666666666664,12.39196412465836,191703662.2496527,95824833.33333333,10.0,1.0,7.853981633974483,20.0,2.5,98.17477042468104,8782.630493135404,9.618725678016885,9.869138774764972,49.673934606704805,12.144124842165192,2302.786376953125,426.940605116282,5.208333333333333,0.3660418082569846,161.99951226071596
119,0.73172,1.0,1,1357.5159083727945,0.0,490.75131010290244,9.618725678016887,76.94980542413509,86.56853110215198,1080.6849061720338,0.0,0.0,312.4741296185612,0.0,0.0,0.0,5.39363149512921,0.0,175.3681282732424,8782.630493135404,9.61872567801688,9.869138774764972,49.673934606704805,12.144124842165196,2302.786376953125,12.144124842165196,86.2232863793729,86.22328637937288,0.0,0.0,5.208333333333333,0.3660418082569846,426.9406051162813,161.99951226071596,297.3695068645957,150.3260653932952,1.0,2.2749860674002154,0.0,1855.239583956697,490.7513101029023,478.35934597824394,3150.4940018146904,15.20213301931988,0.0,482.8488338176922,86.22328637937287,97.15299873732154,41.666666666666664,12.39196412465836,191703662.2496527,95824833.33333333,10.0,1.0,7.853981633974483,20.0,2.5,98.17477042468104,8782.630493135404,9.618725678016885,9.869138774764972,49.673934606704805,12.144124842165192,2302.786376953125,426.940605116282,5.208333333333333,0.3660418082569846,161.99951226071596
120,0.97928,1.0,1,1816.7990197771144,0.0,490.75131010290244,9.618725678016887,76.94980542413509,86.56853110215198,1816.7990197771142,736.1141136050795,0.0,1011.7825375433868,0.0,0.0,0.0,5.3936314951292115,0.0,177.63173941030553,8782.630493135404,9.618725678016885,9.869138774764972,49.673934606704805,12.144124842165192,2302.786376953125,12.144124842165192,86.22328637937287,86.22328637937287,0.0,0.0,5.208333333333333,0.3660418082569846,426.940605116282,161.99951226071596,297.3695068645957,150.3260653932952,1.0,2.2749860674001106,0.0,1855.239583956697,490.7513101029023,478.35934597824394,3150.4940018146904,15.20213301931988,0.0,482.8488338176922,86.22328637937287,97.15299873732154,41.666666666666664,12.39196412465836,191703662.2496527,95824833.33333333,10.0,1.0,7.853981633974483,20.0,2.5,98.17477042468104,8782.630493135404,9.618725678016885,9.869138774764972,49.673934606704805,12.144124842165192,2302.786376953125,426.940605116282,5.208333333333333,0.3660418082569846,161.99951226071596
121,0.969782,1.0,1,1799.1779542086936,0.0,490.75131010290244,9.618725678016887,76.94980542413509,86.56853110215198,1166.9081925514076,0.0,0.0,1011.7825375433868,0.0,0.0,0.0,5.393631495129213,0.0,179.8953505473687,8782.630493135404,9.618725678016885,9.869138774764972,49.673934606704805,12.144124842165192,2302.786376953125,12.144124842165192,86.22328637937287,0.0,86.22328637937287,86.22328637937287,5.208333333333333,0.3660418082569846,426.940605116282,161.99951226071596,297.3695068645957,150.3260653932952,1.0,2.2749860674002154,0.0,1855.239583956697,490.7513101029023,478.35934597824394,3150.4940018146904,15.20213301931988,0.0,482.8488338176922,86.22328637937287,97.15299873732154,41.666666666666664,12.39196412465836,191703662.2496527,95824833.33333333,10.0,1.0,7.853981633974483,20.0,2.5,98.17477042468104,8782.630493135404,9.618725678016885,9.869138774764972,49.673934606704805,12.144124842165192,2302.786376953125,426.940605116282,5.208333333333333,0.3660418082569846,161.99951226071596
122,0.983215,1.0,1,1824.0993875399838,0.0,490.75131010290244,9.618725678016887,76.94980542413509,86.56853110215198,1521.3533291120928,440.66842294005806,0.0,1430.417539336442,0.0,0.0,0.0,5.393631495129213,0.0,182.15896168443192,8782.630493135404,9.618725678016885,9.869138774764972,49.673934606704805,12.144124842165192,2302.786376953125,12.144124842165192,86.22328637937287,86.22328637937287,0.0,0.0,5.208333333333333,0.3660418082569846,426.940605116282,161.99951226071596,297.3695068645957,150.3260653932952,1.0,2.2749860674002207,0.0,1855.239583956697,490.7513101029023,478.35934597824394,3150.4940018146904,15.20213301931988,0.0,482.8488338176922,86.22328637937287,97.15299873732154,41.666666666666664,12.39196412465836,191703662.2496527,95824833.33333333,10.0,1.0,7.853981633974483,20.0,2.5,98.17477042468104,8782.630493135404,9.618725678016885,9.869138774764972,49.673934606704805,12.144124842165192,2302.786376953125,426.940605116282,5.208333333333333,0.3660418082569846,161.99951226071596
123,0.984622,1.0,1,1826.709709634611,0.0,490.75131010290204,9.61872567801688,76.94980542413504,86.56853110215192,1080.6849061720334,0.0,0.0,1430.417539336442,0.0,0.0,0.0,5.393631495129213,0.0,184.42257282145977,8782.630493135404,9.61872567801688,9.869138774764972,49.673934606704805,12.144124842129655,2302.786376953125,12.144124842129655,86.22328637912054,86.22328637912054,0.0,0.0,5.208333333333333,0.3660418082569846,426.9406051162813,161.99951226071596,297.3695068645957,150.3260653932952,1.0,2.2749860673646776,0.0,1855.239583956697,490.7513101029023,478.35934597824394,3150.4940018146904,15.20213301931988,0.0,482.8488338176922,86.22328637937287,97.15299873732154,41.666666666666664,12.39196412465836,191703662.2496527,95824833.33333333,10.0,1.0,7.853981633974483,20.0,2.5,98.17477042468104,8782.630493135404,9.618725678016885,9.869138774764972,49.673934606704805,12.144124842165192,2302.786376953125,426.940605116282,5.208333333333333,0.3660418082569846,161.99951226071596
124,0.974388,1.0,1,1807.7231877323982,0.0,490.75131010290266,9.618725678016892,76.94980542413514,86.56853110215202,1807.7231877323986,727.0382815603639,0.0,2121.1039068187874,0.0,0.0,0.0,5.39363149512924,0.0,186.68618395851513,8782.630493135404,9.618725678016885,9.869138774764972,49.673934606704805,12.144124842165192,2302.786376953125,12.144124842165192,86.22328637937287,86.22328637937288,0.0,0.0,5.208333333333333,0.3660418082569846,426.940605116282,161.99951226071596,297.3695068645957,150.3260653932952,1.0,2.2749860674002154,0.0,1855.239583956697,490.7513101029023,478.35934597824394,3150.4940018146904,15.20213301931988,0.0,482.8488338176922,86.22328637937287,97.15299873732154,41.666666666666664,12.39196412465836,191703662.2496527,95824833.33333333,10.0,1.0,7.853981633974483,20.0,2.5,98.17477042468104,8782.630493135404,9.618725678016885,9.869138774764972,49.673934606704805,12.144124842165192,2302.786376953125,426.940605116282,5.208333333333333,0.3660418082569846,161.99951226071596
125,0.951277,1.0,1,1764.8467457075749,0.0,490.75131010290244,9.618725678016887,76.94980542413509,86.56853110215198,1080.6849061720347,0.0,0.0,2121.1039068187874,0.0,0.0,0.0,5.393631495129242,0.0,188.94979509557834,8782.630493135404,9.618725678016885,9.869138774764972,49.673934606704805,12.144124842165192,2302.786376953125,12.144124842165192,86.22328637937287,86.22328637937287,0.0,0.0,5.208333333333333,0.3660418082569846,426.940605116282,161.99951226071596,297.3695068645957,150.3260653932952,1.0,2.2749860674002154,0.0,1855.239583956697,490.7513101029023,478.35934597824394,3150.4940018146904,15.20213301931988,0.0,482.8488338176922,86.22328637937287,97.15299873732154,41.666666666666664,12.39196412465836,191703662.2496527,95824833.33333333,10.0,1.0,7.853981633974483,20.0,2.5,98.17477042468104,8782.630493135404,9.618725678016885,9.869138774764972,49.673934606704805,12.144124842165192,2302.786376953125,426.940605116282,5.208333333333333,0.3660418082569846,161.99951226071596
126,0.9083,1.0,1,1685.1141141078679,0.0,490.7513101029023,9.618725678016885,76.94980542413508,86.56853110215197,1685.1141141078679,604.4292079358336,0.0,2695.3116543578294,1.0,0.0,0.0,5.393631495129242,0.0,191.21340623263697,8782.630493135404,9.618725678016885,9.869138774764972,49.673934606704805,12.144124842165192,2302.786376953125,12.144124842165192,86.22328637937287,86.22328637937287,0.0,0.0,5.208333333333333,0.3660418082569846,426.940605116282,161.99951226071596,297.3695068645957,150.3260653932952,1.0,2.2749860674002154,0.0,1855.239583956697,490.7513101029023,478.35934597824394,3150.4940018146904,15.20213301931988,0.0,482.8488338176922,86.22328637937287,97.15299873732154,41.666666666666664,12.39196412465836,191703662.2496527,95824833.33333333,10.0,1.0,7.853981633974483,20.0,2.5,98.17477042468104,8782.630493135404,9.618725678016885,9.869138774764972,49.673934606704805,12.144124842165192,2302.786376953125,426.940605116282,5.208333333333333,0.3660418082569846,161.99951226071596
127,0.840767,1.0,1,1559.8242192845205,0.0,490.7513101029023,9.618725678016885,76.94980542413508,86.56853110215197,1559.8242192845205,479.1393131124862,0.0,3150.4940018146913,1.0,0.0,0.0,5.393631495129242,0.0,193.47701736970018,8782.630493135404,9.618725678016885,9.869138774764972,49.673934606704805,12.144124842165192,2302.786376953125,12.144124842165192,86.22328637937287,86.22328637937288,0.0,0.0,5.208333333333333,0.3660418082569846,426.940605116282,161.99951226071596,297.3695068645957,150.3260653932952,1.0,2.2749860674002154,0.0,1855.239583956697,490.7513101029023,478.35934597824394,3150.4940018146904,15.20213301931988,0.0,482.8488338176922,86.22328637937287,97.15299873732154,41.666666666666664,12.39196412465836,191703662.2496527,95824833.33333333,10.0,1.0,7.853981633974483,20.0,2.5,98.17477042468104,8782.630493135404,9.618725678016885,9.869138774764972,49.673934606704805,12.144124842165192,2302.786376953125,426.940605116282,5.208333333333333,0.3660418082569846,161.99951226071596
128,0.7579940000000001,1.0,1,1406.2604732016728,0.0,490.75131010290244,9.618725678016887,76.94980542413509,86.56853110215198,1080.6849061720347,0.0,0.0,3150.4940018146913,0.0,0.0,0.0,5.3936314951292434,0.0,195.7406285067634,8782.630493135404,9.618725678016885,9.869138774764972,49.673934606704805,12.144124842165192,2302.786376953125,12.144124842165192,86.22328637937287,86.22328637937287,0.0,0.0,5.208333333333333,0.3660418082569846,426.940605116282,161.99951226071596,297.3695068645957,150.3260653932952,1.0,2.2749860674002154,0.0,1855.239583956697,490.7513101029023,478.35934597824394,3150.4940018146904,15.20213301931988,0.0,482.8488338176922,86.22328637937287,97.15299873732154,41.666666666666664,12.39196412465836,191703662.2496527,95824833.33333333,10.0,1.0,7.853981633974483,20.0,2.5,98.17477042468104,8782.630493135404,9.618725678016885,9.869138774764972,49.673934606704805,12.144124842165192,2302.786376953125,426.940605116282,5.208333333333333,0.3660418082569846,161.99951226071596
129,0.6512720000000001,1.0,1,1208.2655943226462,0.0,490.75131010290244,9.618725678016887,76.94980542413509,86.56853110215198,1080.6849061720347,0.0,0.0,3150.4940018146913,0.0,0.0,0.0,5.3936314951292434,0.0,198.0042396438218,8782.630493135404,9.618725678016885,9.869138774764972,49.673934606704805,12.144124842165192,2302.786376953125,12.144124842165192,86.22328637937287,86.22328637937287,0.0,0.0,5.208333333333333,0.3660418082569846,426.940605116282,161.99951226071596,297.3695068645957,150.3260653932952,1.0,2.2749860674002154,0.0,1855.239583956697,490.7513101029023,478.35934597824394,3150.4940018146904,15.20213301931988,0.0,482.8488338176922,86.22328637937287,97.15299873732154,41.666666666666664,12.39196412465836,191703662.2496527,95824833.33333333,10.0,1.0,7.853981633974483,20.0,2.5,98.17477042468104,8782.630493135404,9.618725678016885,9.869138774764972,49.673934606704805,12.144124842165192,2302.786376953125,426.940605116282,5.208333333333333,0.3660418082569846,161.99951226071596
130,0.502214,1.0,1,931.7272924172288,0.0,490.75131010290244,9.618725678016887,76.94980542413509,86.56853110215198,1080.6849061720347,0.0,148.95761375481015,2993.6965136517333,0.0,0.0,0.0,5.393631495129245,0.0,200.267850780885,8782.630493135404,9.618725678016885,9.869138774764972,49.673934606704805,12.144124842165192,2302.786376953125,12.144124842165192,86.22328637937287,86.22328637937287,0.0,0.0,5.208333333333333,0.3660418082569846,426.940605116282,161.99951226071596,297.3695068645957,150.3260653932952,1.0,2.2749860674002154,0.0,1855.239583956697,490.7513101029023,478.35934597824394,3150.4940018146904,15.20213301931988,0.0,482.8488338176922,86.22328637937287,97.15299873732154,41.666666666666664,12.39196412465836,191703662.2496527,95824833.33333333,10.0,1.0,7.853981633974483,20.0,2.5,98.17477042468104,8782.630493135404,9.618725678016885,9.869138774764972,49.673934606704805,12.144124842165192,2302.786376953125,426.940605116282,5.208333333333333,0.3660418082569846,161.99951226071596
131,0.367577,1.0,1,681.9434005520508,0.0,490.75131010290255,9.61872567801689,76.94980542413512,86.56853110215201,1080.6849061720347,0.0,398.74150561996976,2573.968612999134,0.0,0.0,0.0,5.393631495129245,0.0,202.53146191794016,8782.630493135404,9.618725678016885,9.869138774764972,49.673934606704805,12.144124842165192,2302.786376953125,12.144124842165192,86.22328637937287,86.22328637937287,0.0,0.0,5.208333333333333,0.3660418082569846,426.940605116282,161.99951226071596,297.3695068645957,150.3260653932952,1.0,2.2749860674002154,0.0,1855.239583956697,490.7513101029023,478.35934597824394,3150.4940018146904,15.20213301931988,0.0,482.8488338176922,86.22328637937287,97.15299873732154,41.666666666666664,12.39196412465836,191703662.2496527,95824833.33333333,10.0,1.0,7.853981633974483,20.0,2.5,98.17477042468104,8782.630493135404,9.618725678016885,9.869138774764972,49.673934606704805,12.144124842165192,2302.786376953125,426.940605116282,5.208333333333333,0.3660418082569846,161.99951226071596
132,0.259524,0.0,1,481.47919778677783,0.0,306.4724854060164,6.006860713957921,48.05488571166337,54.06174642562129,481.4791977867823,0.0,0.0,2573.968612999134,1.0,6.006860713957921,0.0,11.280354994808008,0.0,192.61272948099045,0.0,0.0,9.869138774764972,49.673934606704805,0.0,0.0,0.0,0.0,0.0,0.0,0.0,5.208333333333333,0.3660418082569846,0.0,161.99951226071596,9080.0,150.3260653932952,0.0,0.0,9.869138774764972,1855.239583956697,490.7513101029023,478.35934597824394,3150.4940018146904,15.20213301931988,0.0,482.8488338176922,86.22328637937287,97.15299873732154,41.666666666666664,12.39196412465836,191703662.2496527,95824833.33333333,10.0,1.0,7.853981633974483,20.0,2.5,98.17477042468104,8782.630493135404,9.618725678016885,9.869138774764972,49.673934606704805,12.144124842165192,2302.786376953125,426.940605116282,5.208333333333333,0.3660418082569846,161.99951226071596
133,0.1711359999999999,0.0,1,317.4982814400131,0.0,204.17419952685134,4.001814310726286,32.01451448581029,36.01632879653658,375.17081910115394,0.0,57.67253766114084,2513.260678618986,1.0,4.001814310726286,0.0,15.202133019319767,0.0,182.69399704404074,0.0,0.0,9.869138774764972,49.673934606704805,0.0,0.0,0.0,0.0,0.0,0.0,0.0,5.208333333333333,0.3660418082569846,0.0,161.99951226071596,9080.0,150.3260653932952,0.0,0.0,9.869138774764972,1855.239583956697,490.7513101029023,478.35934597824394,3150.4940018146904,15.20213301931988,0.0,482.8488338176922,86.22328637937287,97.15299873732154,41.666666666666664,12.39196412465836,191703662.2496527,95824833.33333333,10.0,1.0,7.853981633974483,20.0,2.5,98.17477042468104,8782.630493135404,9.618725678016885,9.869138774764972,49.673934606704805,12.144124842165192,2302.786376953125,426.940605116282,5.208333333333333,0.3660418082569846,161.99951226071596
134,0.119634,1.0,1,221.9497323870755,0.0,490.75131010290244,9.618725678016887,76.94980542413509,86.56853110215198,1080.6849061720347,0.0,858.7351737849585,1609.3289167400821,0.0,0.0,0.0,15.20213301931988,0.0,184.95760818110395,8782.630493135404,9.618725678016885,9.869138774764972,49.673934606704805,12.144124842165192,2302.786376953125,12.144124842165192,86.22328637937287,86.22328637937287,0.0,0.0,5.208333333333333,0.3660418082569846,426.940605116282,161.99951226071596,297.3695068645957,150.3260653932952,1.0,2.2749860674002154,0.0,1855.239583956697,490.7513101029023,478.35934597824394,3150.4940018146904,15.20213301931988,0.0,482.8488338176922,86.22328637937287,97.15299873732154,41.666666666666664,12.39196412465836,191703662.2496527,95824833.33333333,10.0,1.0,7.853981633974483,20.0,2.5,98.17477042468104,8782.630493135404,9.618725678016885,9.869138774764972,49.673934606704805,12.144124842165192,2302.786376953125,426.940605116282,5.208333333333333,0.3660418082569846,161.99951226071596
135,0.099837,1.0,1,185.22155434348477,0.0,490.7513101029019,9.618725678016878,76.94980542413502,86.5685311021519,1080.6849061720325,0.0,895.4633518285502,666.7359148152925,0.0,0.0,0.0,15.20213301931988,0.0,187.22121931827246,8782.630493135404,9.618725678016878,9.869138774764972,49.673934606704805,12.144124842250887,2302.786376953125,12.144124842250887,86.2232863799813,86.22328637937288,0.0,0.0,5.208333333333333,0.3660418082569846,426.9406051162804,161.99951226071596,297.3695068645957,150.3260653932952,1.0,2.274986067485941,0.0,1855.239583956697,490.7513101029023,478.35934597824394,3150.4940018146904,15.20213301931988,0.0,482.8488338176922,86.22328637937287,97.15299873732154,41.666666666666664,12.39196412465836,191703662.2496527,95824833.33333333,10.0,1.0,7.853981633974483,20.0,2.5,98.17477042468104,8782.630493135404,9.618725678016885,9.869138774764972,49.673934606704805,12.144124842165192,2302.786376953125,426.940605116282,5.208333333333333,0.3660418082569846,161.99951226071596
136,0.081426,0.0,1,151.06473836325802,0.0,0.0,0.0,0.0,0.0,162.99299095285005,0.0,11.92825258959204,654.1798594577817,1.0,0.0,0.0,15.20213301931988,0.0,177.30248688132275,0.0,0.0,9.869138774764972,49.673934606704805,0.0,0.0,0.0,0.0,0.0,0.0,0.0,5.208333333333333,0.3660418082569846,0.0,161.99951226071596,9080.0,150.3260653932952,0.0,0.0,9.869138774764972,1855.239583956697,490.7513101029023,478.35934597824394,3150.4940018146904,15.20213301931988,0.0,482.8488338176922,86.22328637937287,97.15299873732154,41.666666666666664,12.39196412465836,191703662.2496527,95824833.33333333,10.0,1.0,7.853981633974483,20.0,2.5,98.17477042468104,8782.630493135404,9.618725678016885,9.869138774764972,49.673934606704805,12.144124842165192,2302.786376953125,426.940605116282,5.208333333333333,0.3660418082569846,161.99951226071596
137,0.056156,0.0,1,104.18283407667228,0.0,0.0,0.0,0.0,0.0,162.99299095285005,0.0,58.81015687617037,592.274431167076,0.0,0.0,0.0,15.20213301931988,0.0,167.38375444437304,0.0,0.0,9.869138774764972,49.673934606704805,0.0,0.0,0.0,0.0,0.0,0.0,0.0,5.208333333333333,0.3660418082569846,0.0,161.99951226071596,9080.0,150.3260653932952,0.0,0.0,9.869138774764972,1855.239583956697,490.7513101029023,478.35934597824394,3150.4940018146904,15.20213301931988,0.0,482.8488338176922,86.22328637937287,97.15299873732154,41.666666666666664,12.39196412465836,191703662.2496527,95824833.33333333,10.0,1.0,7.853981633974483,20.0,2.5,98.17477042468104,8782.630493135404,9.618725678016885,9.869138774764972,49.673934606704805,12.144124842165192,2302.786376953125,426.940605116282,5.208333333333333,0.3660418082569846,161.99951226071596
138,0.047165,0.0,1,87.50237497731761,0.0,0.0,0.0,0.0,0.0,162.99299095285005,0.0,75.49061597552463,512.8106248770767,1.0,0.0,0.0,15.20213301931988,0.0,157.46502200742333,0.0,0.0,9.869138774764972,49.673934606704805,0.0,0.0,0.0,0.0,0.0,0.0,0.0,5.208333333333333,0.3660418082569846,0.0,161.99951226071596,9080.0,150.3260653932952,0.0,0.0,9.869138774764972,1855.239583956697,490.7513101029023,478.35934597824394,3150.4940018146904,15.20213301931988,0.0,482.8488338176922,86.22328637937287,97.15299873732154,41.666666666666664,12.39196412465836,191703662.2496527,95824833.33333333,10.0,1.0,7.853981633974483,20.0,2.5,98.17477042468104,8782.630493135404,9.618725678016885,9.869138774764972,49.673934606704805,12.144124842165192,2302.786376953125,426.940605116282,5.208333333333333,0.3660418082569846,161.99951226071596
139,0.03841,0.0,1,71.25975241977673,0.0,0.0,0.0,0.0,0.0,162.99299095285005,0.0,91.73323853306465,416.2493211580613,1.0,0.0,0.0,15.20213301931988,0.0,147.54628957048644,0.0,0.0,9.869138774764972,49.673934606704805,0.0,0.0,0.0,0.0,0.0,0.0,0.0,5.208333333333333,0.3660418082569846,0.0,161.99951226071596,9080.0,150.3260653932952,0.0,0.0,9.869138774764972,1855.239583956697,490.7513101029023,478.35934597824394,3150.4940018146904,15.20213301931988,0.0,482.8488338176922,86.22328637937287,97.15299873732154,41.666666666666664,12.39196412465836,191703662.2496527,95824833.33333333,10.0,1.0,7.853981633974483,20.0,2.5,98.17477042468104,8782.630493135404,9.618725678016885,9.869138774764972,49.673934606704805,12.144124842165192,2302.786376953125,426.940605116282,5.208333333333333,0.3660418082569846,161.99951226071596
140,0.033184,0.0,1,61.56427035401903,0.0,0.0,0.0,0.0,0.0,162.99299095285005,0.0,101.42872059882211,309.48224684353363,1.0,0.0,0.0,15.20213301931988,0.0,137.62755713353673,0.0,0.0,9.869138774764972,49.673934606704805,0.0,0.0,0.0,0.0,0.0,0.0,0.0,5.208333333333333,0.3660418082569846,0.0,161.99951226071596,9080.0,150.3260653932952,0.0,0.0,9.869138774764972,1855.239583956697,490.7513101029023,478.35934597824394,3150.4940018146904,15.20213301931988,0.0,482.8488338176922,86.22328637937287,97.15299873732154,41.666666666666664,12.39196412465836,191703662.2496527,95824833.33333333,10.0,1.0,7.853981633974483,20.0,2.5,98.17477042468104,8782.630493135404,9.618725678016885,9.869138774764972,49.673934606704805,12.144124842165192,2302.786376953125,426.940605116282,5.208333333333333,0.3660418082569846,161.99951226071596
141,0.027909,0.0,1,51.77788154864746,0.0,0.0,0.0,0.0,0.0,162.99299095285005,0.0,111.21510940419466,192.4137106285919,0.0,0.0,0.0,15.20213301931988,0.0,127.70882469658702,0.0,0.0,9.869138774764972,49.673934606704805,0.0,0.0,0.0,0.0,0.0,0.0,0.0,5.208333333333333,0.3660418082569846,0.0,161.99951226071596,9080.0,150.3260653932952,0.0,0.0,9.869138774764972,1855.239583956697,490.7513101029023,478.35934597824394,3150.4940018146904,15.20213301931988,0.0,482.8488338176922,86.22328637937287,97.15299873732154,41.666666666666664,12.39196412465836,191703662.2496527,95824833.33333333,10.0,1.0,7.853981633974483,20.0,2.5,98.17477042468104,8782.630493135404,9.618725678016885,9.869138774764972,49.673934606704805,12.144124842165192,2302.786376953125,426.940605116282,5.208333333333333,0.3660418082569846,161.99951226071596
142,0.028477,0.0,1,52.83165763233486,0.0,0.0,0.0,0.0,0.0,162.99299095285005,0.0,110.16133332051518,76.45441239647066,1.0,0.0,0.0,15.20213301931988,0.0,117.79009225963729,0.0,0.0,9.869138774764972,49.673934606704805,0.0,0.0,0.0,0.0,0.0,0.0,0.0,5.208333333333333,0.3660418082569846,0.0,161.99951226071596,9080.0,150.3260653932952,0.0,0.0,9.869138774764972,1855.239583956697,490.7513101029023,478.35934597824394,3150.4940018146904,15.20213301931988,0.0,482.8488338176922,86.22328637937287,97.15299873732154,41.666666666666664,12.39196412465836,191703662.2496527,95824833.33333333,10.0,1.0,7.853981633974483,20.0,2.5,98.17477042468104,8782.630493135404,9.618725678016885,9.869138774764972,49.673934606704805,12.144124842165192,2302.786376953125,426.940605116282,5.208333333333333,0.3660418082569846,161.99951226071596
143,0.048706,0.0,1,90.36129917619489,0.0,0.0,0.0,0.0,0.0,162.99299095285005,0.0,72.63169177664713,0.0,1.0,0.0,0.0,15.20213301931988,0.0,107.87135982269638,0.0,0.0,9.869138774764972,49.673934606704805,0.0,0.0,0.0,0.0,0.0,0.0,0.0,5.208333333333333,0.3660418082569846,0.0,161.99951226071596,9080.0,150.3260653932952,0.0,0.0,9.869138774764972,1855.239583956697,490.7513101029023,478.35934597824394,3150.4940018146904,15.20213301931988,0.0,482.8488338176922,86.22328637937287,97.15299873732154,41.666666666666664,12.39196412465836,191703662.2496527,95824833.33333333,10.0,1.0,7.853981633974483,20.0,2.5,98.17477042468104,8782.630493135404,9.618725678016885,9.869138774764972,49.673934606704805,12.144124842165192,2302.786376953125,426.940605116282,5.208333333333333,0.3660418082569846,161.99951226071596
144,0.8795890000000001,1.0,1,1631.8483304128874,0.0,490.75131010290244,9.618725678016887,76.94980542413509,86.56853110215198,1166.908192551195,0.0,0.0,0.0,0.0,0.0,0.0,15.20213301931988,0.0,110.13497095973777,8782.630493135404,9.618725678016878,9.869138774764972,49.673934606704805,12.14412484213539,2302.786376953125,12.14412484213539,86.22328637916127,0.0,86.22328637916127,86.22328637916127,5.208333333333333,0.3660418082569846,426.9406051162813,161.99951226071596,297.3695068645957,150.3260653932952,1.0,2.2749860673704134,0.0,1855.239583956697,490.7513101029023,478.35934597824394,3150.4940018146904,15.20213301931988,0.0,482.8488338176922,86.22328637937287,97.15299873732154,41.666666666666664,12.39196412465836,191703662.2496527,95824833.33333333,10.0,1.0,7.853981633974483,20.0,2.5,98.17477042468104,8782.630493135404,9.618725678016885,9.869138774764972,49.673934606704805,12.144124842165192,2302.786376953125,426.940605116282,5.208333333333333,0.3660418082569846,161.99951226071596
145,0.8686929999999999,1.0,1,1611.633639906095,0.0,490.75131010290244,9.618725678016887,76.94980542413509,86.56853110215198,1080.6849061720338,0.0,0.0,0.0,0.0,0.0,0.0,15.20213301931988,0.0,112.3985820968089,8782.630493135404,9.618725678016883,9.869138774764972,49.673934606704805,12.1441248421652,2302.786376953125,12.1441248421652,86.22328637937291,86.22328637937288,0.0,0.0,5.208333333333333,0.3660418082569846,426.94060511628106,161.99951226071596,297.3695068645957,150.3260653932952,1.0,2.2749860674002638,0.0,1855.239583956697,490.7513101029023,478.35934597824394,3150.4940018146904,15.20213301931988,0.0,482.8488338176922,86.22328637937287,97.15299873732154,41.666666666666664,12.39196412465836,191703662.2496527,95824833.33333333,10.0,1.0,7.853981633974483,20.0,2.5,98.17477042468104,8782.630493135404,9.618725678016885,9.869138774764972,49.673934606704805,12.144124842165192,2302.786376953125,426.940605116282,5.208333333333333,0.3660418082569846,161.99951226071596
146,0.842828,1.0,1,1563.647868067055,0.0,490.75131010290244,9.618725678016887,76.94980542413509,86.56853110215198,1563.6478680670984,482.96296189506364,0.0,458.8148138003105,1.0,0.0,0.0,15.202133019319879,0.0,114.6621932338721,8782.630493135404,9.618725678016885,9.869138774764972,49.673934606704805,12.144124842165192,2302.786376953125,12.144124842165192,86.22328637937287,86.22328637937287,0.0,0.0,5.208333333333333,0.3660418082569846,426.940605116282,161.99951226071596,297.3695068645957,150.3260653932952,1.0,2.2749860674002154,0.0,1855.239583956697,490.7513101029023,478.35934597824394,3150.4940018146904,15.20213301931988,0.0,482.8488338176922,86.22328637937287,97.15299873732154,41.666666666666664,12.39196412465836,191703662.2496527,95824833.33333333,10.0,1.0,7.853981633974483,20.0,2.5,98.17477042468104,8782.630493135404,9.618725678016885,9.869138774764972,49.673934606704805,12.144124842165192,2302.786376953125,426.940605116282,5.208333333333333,0.3660418082569846,161.99951226071596
147,0.835546,1.0,1,1550.1380134166825,0.0,490.7513101029023,9.618725678016885,76.94980542413508,86.56853110215197,1550.1380134166825,469.45310724464827,0.0,904.7952656827263,0.0,0.0,0.0,15.202133019319879,0.0,116.92580437093532,8782.630493135404,9.618725678016885,9.869138774764972,49.673934606704805,12.144124842165192,2302.786376953125,12.144124842165192,86.22328637937287,86.22328637937287,0.0,0.0,5.208333333333333,0.3660418082569846,426.940605116282,161.99951226071596,297.3695068645957,150.3260653932952,1.0,2.2749860674002154,0.0,1855.239583956697,490.7513101029023,478.35934597824394,3150.4940018146904,15.20213301931988,0.0,482.8488338176922,86.22328637937287,97.15299873732154,41.666666666666664,12.39196412465836,191703662.2496527,95824833.33333333,10.0,1.0,7.853981633974483,20.0,2.5,98.17477042468104,8782.630493135404,9.618725678016885,9.869138774764972,49.673934606704805,12.144124842165192,2302.786376953125,426.940605116282,5.208333333333333,0.3660418082569846,161.99951226071596
148,0.8474919999999999,1.0,1,1572.3007054866289,0.0,490.75131010290244,9.618725678016887,76.94980542413509,86.56853110215198,1572.3007054866289,491.61579931459585,0.0,1371.830275031627,1.0,0.0,0.0,15.202133019319884,0.0,119.18941550799414,8782.630493135404,9.618725678016878,9.869138774764972,49.673934606704805,12.144124842165182,2302.786376953125,12.144124842165182,86.22328637937278,86.22328637937278,0.0,0.0,5.208333333333333,0.3660418082569846,426.9406051162804,161.99951226071596,297.3695068645957,150.3260653932952,1.0,2.274986067400184,0.0,1855.239583956697,490.7513101029023,478.35934597824394,3150.4940018146904,15.20213301931988,0.0,482.8488338176922,86.22328637937287,97.15299873732154,41.666666666666664,12.39196412465836,191703662.2496527,95824833.33333333,10.0,1.0,7.853981633974483,20.0,2.5,98.17477042468104,8782.630493135404,9.618725678016885,9.869138774764972,49.673934606704805,12.144124842165192,2302.786376953125,426.940605116282,5.208333333333333,0.3660418082569846,161.99951226071596
149,0.86388,1.0,1,1602.7043717885115,0.0,490.7513101029023,9.618725678016885,76.94980542413508,86.56853110215197,1166.9081925514067,0.0,0.0,1371.830275031627,1.0,0.0,0.0,15.202133019319884,0.0,121.45302664505715,8782.630493135404,9.618725678016885,9.869138774764972,49.673934606704805,12.144124842165185,2302.786376953125,12.144124842165185,86.22328637937281,0.0,86.22328637937281,86.22328637937281,5.208333333333333,0.3660418082569846,426.9406051162813,161.99951226071596,297.3695068645957,150.3260653932952,1.0,2.274986067400137,0.0,1855.239583956697,490.7513101029023,478.35934597824394,3150.4940018146904,15.20213301931988,0.0,482.8488338176922,86.22328637937287,97.15299873732154,41.666666666666664,12.39196412465836,191703662.2496527,95824833.33333333,10.0,1.0,7.853981633974483,20.0,2.5,98.17477042468104,8782.630493135404,9.618725678016885,9.869138774764972,49.673934606704805,12.144124842165192,2302.786376953125,426.940605116282,5.208333333333333,0.3660418082569846,161.99951226071596
150,0.872008,1.0,1,1617.7837591269115,0.0,490.75131010290244,9.618725678016887,76.94980542413509,86.56853110215198,1617.7837591269126,537.098852954878,0.0,1882.074185338761,0.0,0.0,0.0,15.202133019319884,0.0,123.71663778212036,8782.630493135404,9.618725678016885,9.869138774764972,49.673934606704805,12.144124842165192,2302.786376953125,12.144124842165192,86.22328637937287,86.22328637937287,0.0,0.0,5.208333333333333,0.3660418082569846,426.940605116282,161.99951226071596,297.3695068645957,150.3260653932952,1.0,2.2749860674002154,0.0,1855.239583956697,490.7513101029023,478.35934597824394,3150.4940018146904,15.20213301931988,0.0,482.8488338176922,86.22328637937287,97.15299873732154,41.666666666666664,12.39196412465836,191703662.2496527,95824833.33333333,10.0,1.0,7.853981633974483,20.0,2.5,98.17477042468104,8782.630493135404,9.618725678016885,9.869138774764972,49.673934606704805,12.144124842165192,2302.786376953125,426.940605116282,5.208333333333333,0.3660418082569846,161.99951226071596
151,0.880144,1.0,1,1632.8779883819832,0.0,490.7513101029023,9.618725678016885,76.94980542413508,86.56853110215197,1632.8779883819832,552.1930822099489,0.0,2406.6576134382126,1.0,0.0,0.0,15.202133019319884,0.0,125.98024891917545,8782.630493135404,9.618725678016885,9.869138774764972,49.673934606704805,12.144124842165192,2302.786376953125,12.144124842165192,86.22328637937287,86.22328637937287,0.0,0.0,5.208333333333333,0.3660418082569846,426.940605116282,161.99951226071596,297.3695068645957,150.3260653932952,1.0,2.2749860674002154,0.0,1855.239583956697,490.7513101029023,478.35934597824394,3150.4940018146904,15.20213301931988,0.0,482.8488338176922,86.22328637937287,97.15299873732154,41.666666666666664,12.39196412465836,191703662.2496527,95824833.33333333,10.0,1.0,7.853981633974483,20.0,2.5,98.17477042468104,8782.630493135404,9.618725678016885,9.869138774764972,49.673934606704805,12.144124842165192,2302.786376953125,426.940605116282,5.208333333333333,0.3660418082569846,161.99951226071596
152,0.890577,1.0,1,1652.2337029614032,0.0,490.75131010290244,9.618725678016887,76.94980542413509,86.56853110215198,1652.2337029614032,571.5487967893686,0.0,2949.628970388113,1.0,0.0,0.0,15.202133019319884,0.0,128.24386005623867,8782.630493135404,9.618725678016885,9.869138774764972,49.673934606704805,12.144124842165192,2302.786376953125,12.144124842165192,86.22328637937287,86.22328637937287,0.0,0.0,5.208333333333333,0.3660418082569846,426.940605116282,161.99951226071596,297.3695068645957,150.3260653932952,1.0,2.2749860674002154,0.0,1855.239583956697,490.7513101029023,478.35934597824394,3150.4940018146904,15.20213301931988,0.0,482.8488338176922,86.22328637937287,97.15299873732154,41.666666666666664,12.39196412465836,191703662.2496527,95824833.33333333,10.0,1.0,7.853981633974483,20.0,2.5,98.17477042468104,8782.630493135404,9.618725678016885,9.869138774764972,49.673934606704805,12.144124842165192,2302.786376953125,426.940605116282,5.208333333333333,0.3660418082569846,161.99951226071596
153,0.897083,1.0,1,1664.3038916946257,0.0,490.75131010290266,9.618725678016892,76.94980542413514,86.56853110215202,1080.6849061720347,0.0,2802.1475218687074,0.0,0.0,0.0,0.0,15.202133019319884,0.0,130.50747119330188,8782.630493135404,9.618725678016885,9.869138774764972,49.673934606704805,12.144124842165192,2302.786376953125,12.144124842165192,86.22328637937287,86.22328637937287,0.0,0.0,5.208333333333333,0.3660418082569846,426.940605116282,161.99951226071596,297.3695068645957,150.3260653932952,1.0,2.2749860674002154,0.0,1855.239583956697,490.7513101029023,478.35934597824394,3150.4940018146904,15.20213301931988,0.0,482.8488338176922,86.22328637937287,97.15299873732154,41.666666666666664,12.39196412465836,191703662.2496527,95824833.33333333,10.0,1.0,7.853981633974483,20.0,2.5,98.17477042468104,8782.630493135404,9.618725678016885,9.869138774764972,49.673934606704805,12.144124842165192,2302.786376953125,426.940605116282,5.208333333333333,0.3660418082569846,161.99951226071596
154,0.896766,1.0,1,1663.7157807465112,0.0,490.7513101029026,9.61872567801689,76.94980542413512,86.56853110215201,1080.6849061720332,0.0,0.0,0.0,1.0,0.0,0.0,15.202133019319884,0.0,132.77108233035125,8782.630493135404,9.61872567801689,9.869138774764972,49.673934606704805,12.144124842159961,2302.786376953125,12.144124842159961,86.22328637933572,86.22328637933572,0.0,0.0,5.208333333333333,0.3660418082569846,426.9406051162804,161.99951226071596,297.3695068645957,150.3260653932952,1.0,2.274986067394963,0.0,1855.239583956697,490.7513101029023,478.35934597824394,3150.4940018146904,15.20213301931988,0.0,482.8488338176922,86.22328637937287,97.15299873732154,41.666666666666664,12.39196412465836,191703662.2496527,95824833.33333333,10.0,1.0,7.853981633974483,20.0,2.5,98.17477042468104,8782.630493135404,9.618725678016885,9.869138774764972,49.673934606704805,12.144124842165192,2302.786376953125,426.940605116282,5.208333333333333,0.3660418082569846,161.99951226071596
155,0.88621,1.0,1,1644.1318716982646,0.0,490.75131010290244,9.618725678016887,76.94980542413509,86.56853110215198,1080.6849061720347,0.0,0.0,0.0,1.0,0.0,0.0,15.202133019319222,0.0,135.03469346741446,8782.630493135404,9.618725678016885,9.869138774764972,49.673934606704805,12.144124842165192,2302.786376953125,12.144124842165192,86.22328637937287,86.22328637937287,0.0,0.0,5.208333333333333,0.3660418082569846,426.940605116282,161.99951226071596,297.3695068645957,150.3260653932952,1.0,2.2749860674002154,0.0,1855.239583956697,490.7513101029023,478.35934597824394,3150.4940018146904,15.20213301931988,0.0,482.8488338176922,86.22328637937287,97.15299873732154,41.666666666666664,12.39196412465836,191703662.2496527,95824833.33333333,10.0,1.0,7.853981633974483,20.0,2.5,98.17477042468104,8782.630493135404,9.618725678016885,9.869138774764972,49.673934606704805,12.144124842165192,2302.786376953125,426.940605116282,5.208333333333333,0.3660418082569846,161.99951226071596
156,0.871316,1.0,1,1616.4999333348135,0.0,490.7513101029019,9.618725678016878,76.94980542413502,86.5685311021519,1166.9081925514054,0.0,0.0,0.0,0.0,0.0,0.0,15.202133019319222,0.0,137.29830460446908,8782.630493135404,9.618725678016878,9.869138774764972,49.673934606704805,12.144124842165182,2302.786376953125,12.144124842165182,86.22328637937278,0.0,86.22328637937278,86.22328637937278,5.208333333333333,0.3660418082569846,426.9406051162804,161.99951226071596,297.3695068645957,150.3260653932952,1.0,2.2749860674001776,0.0,1855.239583956697,490.7513101029023,478.35934597824394,3150.4940018146904,15.20213301931988,0.0,482.8488338176922,86.22328637937287,97.15299873732154,41.666666666666664,12.39196412465836,191703662.2496527,95824833.33333333,10.0,1.0,7.853981633974483,20.0,2.5,98.17477042468104,8782.630493135404,9.618725678016885,9.869138774764972,49.673934606704805,12.144124842165192,2302.786376953125,426.940605116282,5.208333333333333,0.3660418082569846,161.99951226071596
157,0.8611449999999999,1.0,1,1597.6302915263898,0.0,490.7513101029023,9.618725678016885,76.94980542413508,86.56853110215197,1080.6849061720343,0.0,0.0,0.0,0.0,0.0,0.0,15.202133019319222,0.0,139.5619157415323,8782.630493135404,9.618725678016885,9.869138774764972,49.673934606704805,12.144124842165192,2302.786376953125,12.144124842165192,86.22328637937287,86.22328637937287,0.0,0.0,5.208333333333333,0.3660418082569846,426.940605116282,161.99951226071596,297.3695068645957,150.3260653932952,1.0,2.2749860674002154,0.0,1855.239583956697,490.7513101029023,478.35934597824394,3150.4940018146904,15.20213301931988,0.0,482.8488338176922,86.22328637937287,97.15299873732154,41.666666666666664,12.39196412465836,191703662.2496527,95824833.33333333,10.0,1.0,7.853981633974483,20.0,2.5,98.17477042468104,8782.630493135404,9.618725678016885,9.869138774764972,49.673934606704805,12.144124842165192,2302.786376953125,426.940605116282,5.208333333333333,0.3660418082569846,161.99951226071596
158,0.8662380000000001,1.0,1,1607.0790267274815,0.0,490.7513101029023,9.618725678016885,76.94980542413508,86.56853110215197,1080.6849061720343,0.0,0.0,0.0,1.0,0.0,0.0,15.202133019319222,0.0,141.8255268785955,8782.630493135404,9.618725678016885,9.869138774764972,49.673934606704805,12.144124842165192,2302.786376953125,12.144124842165192,86.22328637937287,86.22328637937287,0.0,0.0,5.208333333333333,0.3660418082569846,426.940605116282,161.99951226071596,297.3695068645957,150.3260653932952,1.0,2.2749860674002154,0.0,1855.239583956697,490.7513101029023,478.35934597824394,3150.4940018146904,15.20213301931988,0.0,482.8488338176922,86.22328637937287,97.15299873732154,41.666666666666664,12.39196412465836,191703662.2496527,95824833.33333333,10.0,1.0,7.853981633974483,20.0,2.5,98.17477042468104,8782.630493135404,9.618725678016885,9.869138774764972,49.673934606704805,12.144124842165192,2302.786376953125,426.940605116282,5.208333333333333,0.3660418082569846,161.99951226071596
159,0.881635,1.0,1,1635.6441506016624,0.0,490.7513101029024,9.618725678016887,76.94980542413509,86.56853110215198,1080.6849061720322,0.0,0.0,0.0,1.0,0.0,0.0,15.202133019319222,0.0,144.08913801565433,8782.630493135404,9.618725678016887,9.869138774764972,49.673934606704805,12.144124842165182,2302.786376953125,12.144124842165182,86.22328637937278,86.22328637937278,0.0,0.0,5.208333333333333,0.3660418082569846,426.9406051162797,161.99951226071596,297.3695068645957,150.3260653932952,1.0,2.2749860674002047,0.0,1855.239583956697,490.7513101029023,478.35934597824394,3150.4940018146904,15.20213301931988,0.0,482.8488338176922,86.22328637937287,97.15299873732154,41.666666666666664,12.39196412465836,191703662.2496527,95824833.33333333,10.0,1.0,7.853981633974483,20.0,2.5,98.17477042468104,8782.630493135404,9.618725678016885,9.869138774764972,49.673934606704805,12.144124842165192,2302.786376953125,426.940605116282,5.208333333333333,0.3660418082569846,161.99951226071596
160,0.8971399999999999,1.0,1,1664.409640350911,0.0,490.75131010290244,9.618725678016887,76.94980542413509,86.56853110215198,1080.6849061720347,0.0,0.0,0.0,1.0,0.0,0.0,15.202133019319222,0.0,146.35274915271754,8782.630493135404,9.618725678016885,9.869138774764972,49.673934606704805,12.144124842165192,2302.786376953125,12.144124842165192,86.22328637937287,86.22328637937287,0.0,0.0,5.208333333333333,0.3660418082569846,426.940605116282,161.99951226071596,297.3695068645957,150.3260653932952,1.0,2.2749860674002154,0.0,1855.239583956697,490.7513101029023,478.35934597824394,3150.4940018146904,15.20213301931988,0.0,482.8488338176922,86.22328637937287,97.15299873732154,41.666666666666664,12.39196412465836,191703662.2496527,95824833.33333333,10.0,1.0,7.853981633974483,20.0,2.5,98.17477042468104,8782.630493135404,9.618725678016885,9.869138774764972,49.673934606704805,12.144124842165192,2302.786376953125,426.940605116282,5.208333333333333,0.3660418082569846,161.99951226071596
161,0.914249,1.0,1,1696.1509343928262,0.0,490.75131010290244,9.618725678016887,76.94980542413509,86.56853110215198,1080.6849061720347,0.0,0.0,0.0,1.0,0.0,0.0,15.202133019319229,0.0,148.61636028976164,8782.630493135404,9.61872567801688,9.869138774764972,49.673934606704805,12.14412484216511,2302.786376953125,12.14412484216511,86.22328637937228,86.22328637937228,0.0,0.0,5.208333333333333,0.3660418082569846,426.940605116282,161.99951226071596,297.3695068645957,150.3260653932952,1.0,2.2749860674001354,0.0,1855.239583956697,490.7513101029023,478.35934597824394,3150.4940018146904,15.20213301931988,0.0,482.8488338176922,86.22328637937287,97.15299873732154,41.666666666666664,12.39196412465836,191703662.2496527,95824833.33333333,10.0,1.0,7.853981633974483,20.0,2.5,98.17477042468104,8782.630493135404,9.618725678016885,9.869138774764972,49.673934606704805,12.144124842165192,2302.786376953125,426.940605116282,5.208333333333333,0.3660418082569846,161.99951226071596
162,0.920246,1.0,1,1707.2768061778147,0.0,490.7513101029023,9.618725678016885,76.94980542413508,86.56853110215197,1080.6849061720343,0.0,0.0,0.0,1.0,0.0,0.0,15.202133019319229,0.0,150.87997142682485,8782.630493135404,9.618725678016885,9.869138774764972,49.673934606704805,12.144124842165192,2302.786376953125,12.144124842165192,86.22328637937287,86.22328637937287,0.0,0.0,5.208333333333333,0.3660418082569846,426.940605116282,161.99951226071596,297.3695068645957,150.3260653932952,1.0,2.2749860674002154,0.0,1855.239583956697,490.7513101029023,478.35934597824394,3150.4940018146904,15.20213301931988,0.0,482.8488338176922,86.22328637937287,97.15299873732154,41.666666666666664,12.39196412465836,191703662.2496527,95824833.33333333,10.0,1.0,7.853981633974483,20.0,2.5,98.17477042468104,8782.630493135404,9.618725678016885,9.869138774764972,49.673934606704805,12.144124842165192,2302.786376953125,426.940605116282,5.208333333333333,0.3660418082569846,161.99951226071596
163,0.907744,1.0,1,1684.082600899188,0.0,490.7513101029023,9.618725678016885,76.94980542413508,86.56853110215197,1080.6849061720343,0.0,0.0,0.0,1.0,0.0,0.0,15.202133019319229,0.0,153.14358256388365,8782.630493135404,9.618725678016885,9.869138774764972,49.673934606704805,12.144124842165192,2302.786376953125,12.144124842165192,86.22328637937287,86.22328637937287,0.0,0.0,5.208333333333333,0.3660418082569846,426.940605116282,161.99951226071596,297.3695068645957,150.3260653932952,1.0,2.2749860674002154,0.0,1855.239583956697,490.7513101029023,478.35934597824394,3150.4940018146904,15.20213301931988,0.0,482.8488338176922,86.22328637937287,97.15299873732154,41.666666666666664,12.39196412465836,191703662.2496527,95824833.33333333,10.0,1.0,7.853981633974483,20.0,2.5,98.17477042468104,8782.630493135404,9.618725678016885,9.869138774764972,49.673934606704805,12.144124842165192,2302.786376953125,426.940605116282,5.208333333333333,0.3660418082569846,161.99951226071596
164,0.909564,1.0,1,1687.4591369419893,0.0,490.7513101029028,9.618725678016894,76.94980542413515,86.56853110215204,1080.6849061720347,0.0,0.0,0.0,1.0,0.0,0.0,15.202133019319236,0.0,155.40719370094686,8782.630493135404,9.618725678016885,9.869138774764972,49.673934606704805,12.144124842165192,2302.786376953125,12.144124842165192,86.22328637937287,86.22328637937287,0.0,0.0,5.208333333333333,0.3660418082569846,426.940605116282,161.99951226071596,297.3695068645957,150.3260653932952,1.0,2.2749860674002154,0.0,1855.239583956697,490.7513101029023,478.35934597824394,3150.4940018146904,15.20213301931988,0.0,482.8488338176922,86.22328637937287,97.15299873732154,41.666666666666664,12.39196412465836,191703662.2496527,95824833.33333333,10.0,1.0,7.853981633974483,20.0,2.5,98.17477042468104,8782.630493135404,9.618725678016885,9.869138774764972,49.673934606704805,12.144124842165192,2302.786376953125,426.940605116282,5.208333333333333,0.3660418082569846,161.99951226071596
165,0.921044,1.0,1,1708.757287365812,0.0,490.7513101029023,9.618725678016885,76.94980542413508,86.56853110215197,1080.6849061720343,0.0,0.0,0.0,1.0,0.0,0.0,15.202133019319236,0.0,157.67080483801007,8782.630493135404,9.618725678016885,9.869138774764972,49.673934606704805,12.144124842165192,2302.786376953125,12.144124842165192,86.22328637937287,86.22328637937287,0.0,0.0,5.208333333333333,0.3660418082569846,426.940605116282,161.99951226071596,297.3695068645957,150.3260653932952,1.0,2.2749860674002154,0.0,1855.239583956697,490.7513101029023,478.35934597824394,3150.4940018146904,15.20213301931988,0.0,482.8488338176922,86.22328637937287,97.15299873732154,41.666666666666664,12.39196412465836,191703662.2496527,95824833.33333333,10.0,1.0,7.853981633974483,20.0,2.5,98.17477042468104,8782.630493135404,9.618725678016885,9.869138774764972,49.673934606704805,12.144124842165192,2302.786376953125,426.940605116282,5.208333333333333,0.3660418082569846,161.99951226071596
166,0.935077,1.0,1,1734.7918644474764,0.0,490.7513101029028,9.618725678016894,76.94980542413515,86.56853110215204,1080.6849061720347,0.0,0.0,0.0,1.0,0.0,0.0,15.202133019319247,0.0,159.93441597506893,8782.630493135404,9.618725678016885,9.869138774764972,49.673934606704805,12.144124842165192,2302.786376953125,12.144124842165192,86.22328637937287,86.22328637937287,0.0,0.0,5.208333333333333,0.3660418082569846,426.940605116282,161.99951226071596,297.3695068645957,150.3260653932952,1.0,2.2749860674002154,0.0,1855.239583956697,490.7513101029023,478.35934597824394,3150.4940018146904,15.20213301931988,0.0,482.8488338176922,86.22328637937287,97.15299873732154,41.666666666666664,12.39196412465836,191703662.2496527,95824833.33333333,10.0,1.0,7.853981633974483,20.0,2.5,98.17477042468104,8782.630493135404,9.618725678016885,9.869138774764972,49.673934606704805,12.144124842165192,2302.786376953125,426.940605116282,5.208333333333333,0.3660418082569846,161.99951226071596
167,0.932559,1.0,1,1730.1203711750736,0.0,490.7513101029023,9.618725678016885,76.94980542413508,86.56853110215197,1080.6849061720343,0.0,0.0,0.0,1.0,0.0,0.0,15.202133019319247,0.0,162.19802711213214,8782.630493135404,9.618725678016885,9.869138774764972,49.673934606704805,12.144124842165192,2302.786376953125,12.144124842165192,86.22328637937287,86.22328637937287,0.0,0.0,5.208333333333333,0.3660418082569846,426.940605116282,161.99951226071596,297.3695068645957,150.3260653932952,1.0,2.2749860674002154,0.0,1855.239583956697,490.7513101029023,478.35934597824394,3150.4940018146904,15.20213301931988,0.0,482.8488338176922,86.22328637937287,97.15299873732154,41.666666666666664,12.39196412465836,191703662.2496527,95824833.33333333,10.0,1.0,7.853981633974483,20.0,2.5,98.17477042468104,8782.630493135404,9.618725678016885,9.869138774764972,49.673934606704805,12.144124842165192,2302.786376953125,426.940605116282,5.208333333333333,0.3660418082569846,161.99951226071596
168,0.951723,1.0,1,1765.6741825620195,0.0,490.7513101029026,9.61872567801689,76.94980542413512,86.56853110215201,1080.6849061720332,0.0,0.0,0.0,1.0,0.0,0.0,15.202133019319247,0.0,164.4616382491952,8782.630493135404,9.61872567801689,9.869138774764972,49.673934606704805,12.144124842165182,2302.786376953125,12.144124842165182,86.22328637937278,86.22328637937278,0.0,0.0,5.208333333333333,0.3660418082569846,426.9406051162804,161.99951226071596,297.3695068645957,150.3260653932952,1.0,2.2749860674001847,0.0,1855.239583956697,490.7513101029023,478.35934597824394,3150.4940018146904,15.20213301931988,0.0,482.8488338176922,86.22328637937287,97.15299873732154,41.666666666666664,12.39196412465836,191703662.2496527,95824833.33333333,10.0,1.0,7.853981633974483,20.0,2.5,98.17477042468104,8782.630493135404,9.618725678016885,9.869138774764972,49.673934606704805,12.144124842165192,2302.786376953125,426.940605116282,5.208333333333333,0.3660418082569846,161.99951226071596
169,0.954106,1.0,1,1770.0952184905884,0.0,490.7513101029026,9.61872567801689,76.94980542413512,86.56853110215201,1080.6849061720347,0.0,0.0,0.0,1.0,0.0,0.0,15.20213301931925,0.0,166.7252493862584,8782.630493135404,9.618725678016885,9.869138774764972,49.673934606704805,12.144124842165192,2302.786376953125,12.144124842165192,86.22328637937287,86.22328637937287,0.0,0.0,5.208333333333333,0.3660418082569846,426.940605116282,161.99951226071596,297.3695068645957,150.3260653932952,1.0,2.2749860674002154,0.0,1855.239583956697,490.7513101029023,478.35934597824394,3150.4940018146904,15.20213301931988,0.0,482.8488338176922,86.22328637937287,97.15299873732154,41.666666666666664,12.39196412465836,191703662.2496527,95824833.33333333,10.0,1.0,7.853981633974483,20.0,2.5,98.17477042468104,8782.630493135404,9.618725678016885,9.869138774764972,49.673934606704805,12.144124842165192,2302.786376953125,426.940605116282,5.208333333333333,0.3660418082569846,161.99951226071596
170,0.958999,1.0,1,1779.1729057748887,0.0,490.75131010290244,9.618725678016887,76.94980542413509,86.56853110215198,1080.684906172033,0.0,0.0,0.0,1.0,0.0,0.0,15.202133019319257,0.0,168.98886052332304,8782.630493135404,9.618725678016878,9.869138774764972,49.673934606704805,12.144124842178643,2302.786376953125,12.144124842178643,86.22328637946836,86.22328637937288,0.0,0.0,5.208333333333333,0.3660418082569846,426.9406051162804,161.99951226071596,297.3695068645957,150.3260653932952,1.0,2.274986067413645,0.0,1855.239583956697,490.7513101029023,478.35934597824394,3150.4940018146904,15.20213301931988,0.0,482.8488338176922,86.22328637937287,97.15299873732154,41.666666666666664,12.39196412465836,191703662.2496527,95824833.33333333,10.0,1.0,7.853981633974483,20.0,2.5,98.17477042468104,8782.630493135404,9.618725678016885,9.869138774764972,49.673934606704805,12.144124842165192,2302.786376953125,426.940605116282,5.208333333333333,0.3660418082569846,161.99951226071596
171,0.961229,1.0,1,1783.310090047112,0.0,490.7513101029023,9.618725678016885,76.94980542413508,86.56853110215197,1166.9081925514072,0.0,0.0,0.0,1.0,0.0,0.0,15.202133019319257,0.0,171.25247166038625,8782.630493135404,9.618725678016885,9.869138774764972,49.673934606704805,12.144124842165192,2302.786376953125,12.144124842165192,86.22328637937287,0.0,86.22328637937287,86.22328637937287,5.208333333333333,0.3660418082569846,426.940605116282,161.99951226071596,297.3695068645957,150.3260653932952,1.0,2.2749860674002154,0.0,1855.239583956697,490.7513101029023,478.35934597824394,3150.4940018146904,15.20213301931988,0.0,482.8488338176922,86.22328637937287,97.15299873732154,41.666666666666664,12.39196412465836,191703662.2496527,95824833.33333333,10.0,1.0,7.853981633974483,20.0,2.5,98.17477042468104,8782.630493135404,9.618725678016885,9.869138774764972,49.673934606704805,12.144124842165192,2302.786376953125,426.940605116282,5.208333333333333,0.3660418082569846,161.99951226071596
172,0.95939,1.0,1,1779.8983044522156,0.0,490.75131010290244,9.618725678016887,76.94980542413509,86.56853110215198,1779.8983044522179,699.213398280185,0.0,664.2527283661757,1.0,0.0,0.0,15.202133019319266,0.0,173.51608279744028,8782.630493135404,9.618725678016878,9.869138774764972,49.673934606704805,12.144124842165182,2302.786376953125,12.144124842165182,86.22328637937278,86.22328637937278,0.0,0.0,5.208333333333333,0.3660418082569846,426.94060511628015,161.99951226071596,297.3695068645957,150.3260653932952,1.0,2.2749860674001807,0.0,1855.239583956697,490.7513101029023,478.35934597824394,3150.4940018146904,15.20213301931988,0.0,482.8488338176922,86.22328637937287,97.15299873732154,41.666666666666664,12.39196412465836,191703662.2496527,95824833.33333333,10.0,1.0,7.853981633974483,20.0,2.5,98.17477042468104,8782.630493135404,9.618725678016885,9.869138774764972,49.673934606704805,12.144124842165192,2302.786376953125,426.940605116282,5.208333333333333,0.3660418082569846,161.99951226071596
173,0.955932,1.0,1,1773.4828859708934,0.0,490.751310102904,9.618725678016917,76.94980542413533,86.56853110215225,1773.4828859708944,692.7979797988583,0.0,1322.410809175091,1.0,0.0,0.0,15.202133019319817,0.0,175.77969393450348,8782.630493135404,9.618725678016885,9.869138774764972,49.673934606704805,12.144124842165192,2302.786376953125,12.144124842165192,86.22328637937287,86.22328637937287,0.0,0.0,5.208333333333333,0.3660418082569846,426.940605116282,161.99951226071596,297.3695068645957,150.3260653932952,1.0,2.2749860674002154,0.0,1855.239583956697,490.7513101029023,478.35934597824394,3150.4940018146904,15.20213301931988,0.0,482.8488338176922,86.22328637937287,97.15299873732154,41.666666666666664,12.39196412465836,191703662.2496527,95824833.33333333,10.0,1.0,7.853981633974483,20.0,2.5,98.17477042468104,8782.630493135404,9.618725678016885,9.869138774764972,49.673934606704805,12.144124842165192,2302.786376953125,426.940605116282,5.208333333333333,0.3660418082569846,161.99951226071596
174,0.946303,1.0,1,1755.6187840169744,0.0,490.7513101029023,9.618725678016885,76.94980542413508,86.56853110215197,1755.6187840169753,674.933877844941,0.0,1963.5979931277848,1.0,0.0,0.0,15.202133019319817,0.0,178.0433050715614,8782.630493135404,9.618725678016885,9.869138774764972,49.673934606704805,12.144124842165192,2302.786376953125,12.144124842165192,86.22328637937287,86.22328637937288,0.0,0.0,5.208333333333333,0.3660418082569846,426.940605116282,161.99951226071596,297.3695068645957,150.3260653932952,1.0,2.2749860674002154,0.0,1855.239583956697,490.7513101029023,478.35934597824394,3150.4940018146904,15.20213301931988,0.0,482.8488338176922,86.22328637937287,97.15299873732154,41.666666666666664,12.39196412465836,191703662.2496527,95824833.33333333,10.0,1.0,7.853981633974483,20.0,2.5,98.17477042468104,8782.630493135404,9.618725678016885,9.869138774764972,49.673934606704805,12.144124842165192,2302.786376953125,426.940605116282,5.208333333333333,0.3660418082569846,161.99951226071596
175,0.953203,1.0,1,1768.4199371462755,0.0,490.75131010290266,9.618725678016892,76.94980542413514,86.56853110215202,1166.9081925514076,0.0,0.0,1963.5979931277848,1.0,0.0,0.0,15.202133019319824,0.0,180.3069162086246,8782.630493135404,9.618725678016885,9.869138774764972,49.673934606704805,12.144124842165192,2302.786376953125,12.144124842165192,86.22328637937287,0.0,86.22328637937287,86.22328637937287,5.208333333333333,0.3660418082569846,426.940605116282,161.99951226071596,297.3695068645957,150.3260653932952,1.0,2.2749860674002154,0.0,1855.239583956697,490.7513101029023,478.35934597824394,3150.4940018146904,15.20213301931988,0.0,482.8488338176922,86.22328637937287,97.15299873732154,41.666666666666664,12.39196412465836,191703662.2496527,95824833.33333333,10.0,1.0,7.853981633974483,20.0,2.5,98.17477042468104,8782.630493135404,9.618725678016885,9.869138774764972,49.673934606704805,12.144124842165192,2302.786376953125,426.940605116282,5.208333333333333,0.3660418082569846,161.99951226071596
176,0.959008,1.0,1,1779.189602931144,0.0,490.75131010290283,9.618725678016895,76.94980542413516,86.56853110215206,1080.684906172035,0.0,0.0,1963.5979931277848,1.0,0.0,0.0,15.202133019319835,0.0,182.57052734568254,8782.630493135404,9.618725678016885,9.869138774764972,49.673934606704805,12.144124842165192,2302.786376953125,12.144124842165192,86.22328637937287,86.22328637937287,0.0,0.0,5.208333333333333,0.3660418082569846,426.940605116282,161.99951226071596,297.3695068645957,150.3260653932952,1.0,2.2749860674002154,0.0,1855.239583956697,490.7513101029023,478.35934597824394,3150.4940018146904,15.20213301931988,0.0,482.8488338176922,86.22328637937287,97.15299873732154,41.666666666666664,12.39196412465836,191703662.2496527,95824833.33333333,10.0,1.0,7.853981633974483,20.0,2.5,98.17477042468104,8782.630493135404,9.618725678016885,9.869138774764972,49.673934606704805,12.144124842165192,2302.786376953125,426.940605116282,5.208333333333333,0.3660418082569846,161.99951226071596
177,0.96384,1.0,1,1788.154120600823,0.0,490.7513101029023,9.618725678016885,76.94980542413508,86.56853110215197,1166.9081925514072,0.0,1865.4180934713957,0.0,1.0,0.0,0.0,15.202133019319835,0.0,184.83413848274574,8782.630493135404,9.618725678016885,9.869138774764972,49.673934606704805,12.144124842165192,2302.786376953125,12.144124842165192,86.22328637937287,0.0,86.22328637937287,86.22328637937287,5.208333333333333,0.3660418082569846,426.940605116282,161.99951226071596,297.3695068645957,150.3260653932952,1.0,2.2749860674002154,0.0,1855.239583956697,490.7513101029023,478.35934597824394,3150.4940018146904,15.20213301931988,0.0,482.8488338176922,86.22328637937287,97.15299873732154,41.666666666666664,12.39196412465836,191703662.2496527,95824833.33333333,10.0,1.0,7.853981633974483,20.0,2.5,98.17477042468104,8782.630493135404,9.618725678016885,9.869138774764972,49.673934606704805,12.144124842165192,2302.786376953125,426.940605116282,5.208333333333333,0.3660418082569846,161.99951226071596
178,0.961535,1.0,1,1783.8777933598028,0.0,490.751310102903,9.618725678016899,76.94980542413519,86.5685311021521,1166.908192551408,0.0,0.0,0.0,1.0,0.0,0.0,15.20213301931985,0.0,187.09774961980895,8782.630493135404,9.618725678016885,9.869138774764972,49.673934606704805,12.144124842165192,2302.786376953125,12.144124842165192,86.22328637937287,0.0,86.22328637937287,86.22328637937287,5.208333333333333,0.3660418082569846,426.940605116282,161.99951226071596,297.3695068645957,150.3260653932952,1.0,2.2749860674002154,0.0,1855.239583956697,490.7513101029023,478.35934597824394,3150.4940018146904,15.20213301931988,0.0,482.8488338176922,86.22328637937287,97.15299873732154,41.666666666666664,12.39196412465836,191703662.2496527,95824833.33333333,10.0,1.0,7.853981633974483,20.0,2.5,98.17477042468104,8782.630493135404,9.618725678016885,9.869138774764972,49.673934606704805,12.144124842165192,2302.786376953125,426.940605116282,5.208333333333333,0.3660418082569846,161.99951226071596
179,0.951195,1.0,1,1764.6946160616906,0.0,490.75131010290295,9.618725678016897,76.94980542413518,86.56853110215208,1080.6849061720352,0.0,0.0,0.0,1.0,0.0,0.0,15.202133019319863,0.0,189.36136075686605,8782.630493135404,9.618725678016885,9.869138774764972,49.673934606704805,12.144124842165192,2302.786376953125,12.144124842165192,86.22328637937287,86.22328637937287,0.0,0.0,5.208333333333333,0.3660418082569846,426.940605116282,161.99951226071596,297.3695068645957,150.3260653932952,1.0,2.2749860674002154,0.0,1855.239583956697,490.7513101029023,478.35934597824394,3150.4940018146904,15.20213301931988,0.0,482.8488338176922,86.22328637937287,97.15299873732154,41.666666666666664,12.39196412465836,191703662.2496527,95824833.33333333,10.0,1.0,7.853981633974483,20.0,2.5,98.17477042468104,8782.630493135404,9.618725678016885,9.869138774764972,49.673934606704805,12.144124842165192,2302.786376953125,426.940605116282,5.208333333333333,0.3660418082569846,161.99951226071596
180,0.950148,1.0,1,1762.7521802172878,0.0,490.7513101029023,9.618725678016885,76.94980542413508,86.56853110215197,1166.9081925514072,0.0,0.0,0.0,1.0,0.0,0.0,15.202133019319863,0.0,191.62497189392926,8782.630493135404,9.618725678016885,9.869138774764972,49.673934606704805,12.144124842165192,2302.786376953125,12.144124842165192,86.22328637937287,0.0,86.22328637937287,86.22328637937287,5.208333333333333,0.3660418082569846,426.940605116282,161.99951226071596,297.3695068645957,150.3260653932952,1.0,2.2749860674002154,0.0,1855.239583956697,490.7513101029023,478.35934597824394,3150.4940018146904,15.20213301931988,0.0,482.8488338176922,86.22328637937287,97.15299873732154,41.666666666666664,12.39196412465836,191703662.2496527,95824833.33333333,10.0,1.0,7.853981633974483,20.0,2.5,98.17477042468104,8782.630493135404,9.618725678016885,9.869138774764972,49.673934606704805,12.144124842165192,2302.786376953125,426.940605116282,5.208333333333333,0.3660418082569846,161.99951226071596
181,0.943407,1.0,1,1750.2460101818358,0.0,490.75131010290283,9.618725678016895,76.94980542413516,86.56853110215206,1166.9081925514079,0.0,0.0,0.0,1.0,0.0,0.0,15.202133019319874,0.0,193.88858303099246,8782.630493135404,9.618725678016885,9.869138774764972,49.673934606704805,12.144124842165192,2302.786376953125,12.144124842165192,86.22328637937287,0.0,86.22328637937287,86.22328637937287,5.208333333333333,0.3660418082569846,426.940605116282,161.99951226071596,297.3695068645957,150.3260653932952,1.0,2.2749860674002154,0.0,1855.239583956697,490.7513101029023,478.35934597824394,3150.4940018146904,15.20213301931988,0.0,482.8488338176922,86.22328637937287,97.15299873732154,41.666666666666664,12.39196412465836,191703662.2496527,95824833.33333333,10.0,1.0,7.853981633974483,20.0,2.5,98.17477042468104,8782.630493135404,9.618725678016885,9.869138774764972,49.673934606704805,12.144124842165192,2302.786376953125,426.940605116282,5.208333333333333,0.3660418082569846,161.99951226071596
182,0.921855,1.0,1,1710.2618866684008,0.0,490.7513101029027,9.618725678016894,76.94980542413515,86.56853110215204,1080.6849061720347,0.0,0.0,0.0,1.0,0.0,0.0,15.202133019319877,0.0,196.1521941680491,8782.630493135404,9.618725678016885,9.869138774764972,49.673934606704805,12.144124842165192,2302.786376953125,12.144124842165192,86.22328637937287,86.22328637937288,0.0,0.0,5.208333333333333,0.3660418082569846,426.940605116282,161.99951226071596,297.3695068645957,150.3260653932952,1.0,2.2749860674002154,0.0,1855.239583956697,490.7513101029023,478.35934597824394,3150.4940018146904,15.20213301931988,0.0,482.8488338176922,86.22328637937287,97.15299873732154,41.666666666666664,12.39196412465836,191703662.2496527,95824833.33333333,10.0,1.0,7.853981633974483,20.0,2.5,98.17477042468104,8782.630493135404,9.618725678016885,9.869138774764972,49.673934606704805,12.144124842165192,2302.786376953125,426.940605116282,5.208333333333333,0.3660418082569846,161.99951226071596
183,0.900853,1.0,1,1671.2981449261424,0.0,490.7513101029023,9.618725678016885,76.94980542413508,86.56853110215197,1671.2981449261424,590.6132387541081,0.0,561.0825768164027,0.0,0.0,0.0,15.202133019319877,0.0,198.41580530511231,8782.630493135404,9.618725678016885,9.869138774764972,49.673934606704805,12.144124842165192,2302.786376953125,12.144124842165192,86.22328637937287,86.22328637937287,0.0,0.0,5.208333333333333,0.3660418082569846,426.940605116282,161.99951226071596,297.3695068645957,150.3260653932952,1.0,2.2749860674002154,0.0,1855.239583956697,490.7513101029023,478.35934597824394,3150.4940018146904,15.20213301931988,0.0,482.8488338176922,86.22328637937287,97.15299873732154,41.666666666666664,12.39196412465836,191703662.2496527,95824833.33333333,10.0,1.0,7.853981633974483,20.0,2.5,98.17477042468104,8782.630493135404,9.618725678016885,9.869138774764972,49.673934606704805,12.144124842165192,2302.786376953125,426.940605116282,5.208333333333333,0.3660418082569846,161.99951226071596
184,0.914034,1.0,1,1695.7520578822757,0.0,490.75131010290255,9.61872567801689,76.94980542413512,86.56853110215201,1231.6643256781592,150.97941950612446,0.0,704.513025347221,0.0,0.0,0.0,15.202133019319884,0.0,200.67941644217552,8782.630493135404,9.618725678016885,9.869138774764972,49.673934606704805,12.144124842165192,2302.786376953125,12.144124842165192,86.22328637937287,86.22328637937287,0.0,0.0,5.208333333333333,0.3660418082569846,426.940605116282,161.99951226071596,297.3695068645957,150.3260653932952,1.0,2.2749860674002154,0.0,1855.239583956697,490.7513101029023,478.35934597824394,3150.4940018146904,15.20213301931988,0.0,482.8488338176922,86.22328637937287,97.15299873732154,41.666666666666664,12.39196412465836,191703662.2496527,95824833.33333333,10.0,1.0,7.853981633974483,20.0,2.5,98.17477042468104,8782.630493135404,9.618725678016885,9.869138774764972,49.673934606704805,12.144124842165192,2302.786376953125,426.940605116282,5.208333333333333,0.3660418082569846,161.99951226071596
185,0.919265,1.0,1,1705.456816145953,0.0,490.7513101029023,9.618725678016885,76.94980542413508,86.56853110215197,1705.4568161459529,624.7719099739186,0.0,1298.0463398224435,1.0,0.0,0.0,15.202133019319884,0.0,202.94302757923873,8782.630493135404,9.618725678016885,9.869138774764972,49.673934606704805,12.144124842165192,2302.786376953125,12.144124842165192,86.22328637937287,86.22328637937287,0.0,0.0,5.208333333333333,0.3660418082569846,426.940605116282,161.99951226071596,297.3695068645957,150.3260653932952,1.0,2.2749860674002154,0.0,1855.239583956697,490.7513101029023,478.35934597824394,3150.4940018146904,15.20213301931988,0.0,482.8488338176922,86.22328637937287,97.15299873732154,41.666666666666664,12.39196412465836,191703662.2496527,95824833.33333333,10.0,1.0,7.853981633974483,20.0,2.5,98.17477042468104,8782.630493135404,9.618725678016885,9.869138774764972,49.673934606704805,12.144124842165192,2302.786376953125,426.940605116282,5.208333333333333,0.3660418082569846,161.99951226071596
186,0.893358,1.0,1,1657.3931242443869,0.0,490.7513101029024,9.618725678016887,76.94980542413509,86.56853110215198,1166.9081925514074,0.0,0.0,1298.0463398224435,0.0,0.0,0.0,15.202133019319884,0.0,205.2066387162953,8782.630493135404,9.618725678016885,9.869138774764972,49.673934606704805,12.144124842165192,2302.786376953125,12.144124842165192,86.22328637937287,0.0,86.22328637937287,86.22328637937287,5.208333333333333,0.3660418082569846,426.940605116282,161.99951226071596,297.3695068645957,150.3260653932952,1.0,2.2749860674002154,0.0,1855.239583956697,490.7513101029023,478.35934597824394,3150.4940018146904,15.20213301931988,0.0,482.8488338176922,86.22328637937287,97.15299873732154,41.666666666666664,12.39196412465836,191703662.2496527,95824833.33333333,10.0,1.0,7.853981633974483,20.0,2.5,98.17477042468104,8782.630493135404,9.618725678016885,9.869138774764972,49.673934606704805,12.144124842165192,2302.786376953125,426.940605116282,5.208333333333333,0.3660418082569846,161.99951226071596
187,0.844885,1.0,1,1567.464095891254,0.0,490.75131010290244,9.618725678016887,76.94980542413509,86.56853110215198,1567.4640958912541,486.7791897192193,0.0,1760.486570055702,0.0,0.0,0.0,15.202133019319884,0.0,207.4702498533585,8782.630493135404,9.618725678016885,9.869138774764972,49.673934606704805,12.144124842165192,2302.786376953125,12.144124842165192,86.22328637937287,86.22328637937287,0.0,0.0,5.208333333333333,0.3660418082569846,426.940605116282,161.99951226071596,297.3695068645957,150.3260653932952,1.0,2.2749860674002154,0.0,1855.239583956697,490.7513101029023,478.35934597824394,3150.4940018146904,15.20213301931988,0.0,482.8488338176922,86.22328637937287,97.15299873732154,41.666666666666664,12.39196412465836,191703662.2496527,95824833.33333333,10.0,1.0,7.853981633974483,20.0,2.5,98.17477042468104,8782.630493135404,9.618725678016885,9.869138774764972,49.673934606704805,12.144124842165192,2302.786376953125,426.940605116282,5.208333333333333,0.3660418082569846,161.99951226071596
188,0.837074,1.0,1,1552.9728195009682,0.0,490.75131010290244,9.618725678016887,76.94980542413509,86.56853110215198,1166.9081925514076,0.0,563.8566487514626,1166.9532555804783,0.0,0.0,0.0,15.202133019319884,0.0,209.7338609904217,8782.630493135404,9.618725678016885,9.869138774764972,49.673934606704805,12.144124842165192,2302.786376953125,12.144124842165192,86.22328637937287,0.0,86.22328637937287,86.22328637937287,5.208333333333333,0.3660418082569846,426.940605116282,161.99951226071596,297.3695068645957,150.3260653932952,1.0,2.2749860674002154,0.0,1855.239583956697,490.7513101029023,478.35934597824394,3150.4940018146904,15.20213301931988,0.0,482.8488338176922,86.22328637937287,97.15299873732154,41.666666666666664,12.39196412465836,191703662.2496527,95824833.33333333,10.0,1.0,7.853981633974483,20.0,2.5,98.17477042468104,8782.630493135404,9.618725678016885,9.869138774764972,49.673934606704805,12.144124842165192,2302.786376953125,426.940605116282,5.208333333333333,0.3660418082569846,161.99951226071596
189,0.8635839999999999,1.0,1,1602.15522087166,0.0,490.75131010290244,9.618725678016887,76.94980542413509,86.56853110215198,1602.1550108716597,521.4701046996249,0.0,1662.349855045122,0.0,0.0,0.0,15.202133019319861,0.0,211.9974721274849,8782.630493135404,9.618725678016885,9.869138774764972,49.673934606704805,12.144124842165192,2302.786376953125,12.144124842165192,86.22328637937287,86.22328637937285,0.0,0.0,5.208333333333333,0.3660418082569846,426.940605116282,161.99951226071596,297.3695068645957,150.3260653932952,1.0,2.2749860674002154,0.0,1855.239583956697,490.7513101029023,478.35934597824394,3150.4940018146904,15.20213301931988,0.0,482.8488338176922,86.22328637937287,97.15299873732154,41.666666666666664,12.39196412465836,191703662.2496527,95824833.33333333,10.0,1.0,7.853981633974483,20.0,2.5,98.17477042468104,8782.630493135404,9.618725678016885,9.869138774764972,49.673934606704805,12.144124842165192,2302.786376953125,426.940605116282,5.208333333333333,0.3660418082569846,161.99951226071596
190,0.873189,1.0,1,1619.9747970755643,0.0,490.75131010290244,9.618725678016887,76.94980542413509,86.56853110215198,1166.9081925514076,0.0,451.48388335896084,1187.1036620356895,0.0,0.0,0.0,15.202133019319861,0.0,214.26108326454144,8782.630493135404,9.618725678016885,9.869138774764972,49.673934606704805,12.144124842165192,2302.786376953125,12.144124842165192,86.22328637937287,0.0,86.22328637937287,86.22328637937287,5.208333333333333,0.3660418082569846,426.940605116282,161.99951226071596,297.3695068645957,150.3260653932952,1.0,2.2749860674002154,0.0,1855.239583956697,490.7513101029023,478.35934597824394,3150.4940018146904,15.20213301931988,0.0,482.8488338176922,86.22328637937287,97.15299873732154,41.666666666666664,12.39196412465836,191703662.2496527,95824833.33333333,10.0,1.0,7.853981633974483,20.0,2.5,98.17477042468104,8782.630493135404,9.618725678016885,9.869138774764972,49.673934606704805,12.144124842165192,2302.786376953125,426.940605116282,5.208333333333333,0.3660418082569846,161.99951226071596
191,0.856318,1.0,1,1588.675050054631,0.0,490.75131010290244,9.618725678016887,76.94980542413509,86.56853110215198,1080.6849061720347,0.0,0.0,1187.1036620356895,0.0,0.0,0.0,15.202133019319863,0.0,216.52469440160465,8782.630493135404,9.618725678016885,9.869138774764972,49.673934606704805,12.144124842165192,2302.786376953125,12.144124842165192,86.22328637937287,86.22328637937287,0.0,0.0,5.208333333333333,0.3660418082569846,426.940605116282,161.99951226071596,297.3695068645957,150.3260653932952,1.0,2.2749860674002154,0.0,1855.239583956697,490.7513101029023,478.35934597824394,3150.4940018146904,15.20213301931988,0.0,482.8488338176922,86.22328637937287,97.15299873732154,41.666666666666664,12.39196412465836,191703662.2496527,95824833.33333333,10.0,1.0,7.853981633974483,20.0,2.5,98.17477042468104,8782.630493135404,9.618725678016885,9.869138774764972,49.673934606704805,12.144124842165192,2302.786376953125,426.940605116282,5.208333333333333,0.3660418082569846,161.99951226071596
192,0.310357,1.0,1,575.7865915580486,0.0,490.7513101028923,9.61872567801669,76.94980542413352,86.5685311021502,1080.6849061720243,0.0,504.89831461397534,655.6317519157096,0.0,0.0,0.0,15.202133019319662,0.0,218.78830553866786,8782.630493135404,9.618725678016885,9.869138774764972,49.673934606704805,12.144124842165192,2302.786376953125,12.144124842165192,86.22328637937287,86.22328637937287,0.0,0.0,5.208333333333333,0.3660418082569846,426.940605116282,161.99951226071596,297.3695068645957,150.3260653932952,1.0,2.2749860674002154,0.0,1855.239583956697,490.7513101029023,478.35934597824394,3150.4940018146904,15.20213301931988,0.0,482.8488338176922,86.22328637937287,97.15299873732154,41.666666666666664,12.39196412465836,191703662.2496527,95824833.33333333,10.0,1.0,7.853981633974483,20.0,2.5,98.17477042468104,8782.630493135404,9.618725678016885,9.869138774764972,49.673934606704805,12.144124842165192,2302.786376953125,426.940605116282,5.208333333333333,0.3660418082569846,161.99951226071596
193,0.400821,1.0,1,743.6189852811073,0.0,490.75131010290244,9.618725678016887,76.94980542413509,86.56853110215198,1080.6849061720347,0.0,337.0659208908948,300.82551939897826,0.0,0.0,0.0,15.202133019319662,0.0,221.05191667573106,8782.630493135404,9.618725678016885,9.869138774764972,49.673934606704805,12.144124842165192,2302.786376953125,12.144124842165192,86.22328637937287,86.22328637937287,0.0,0.0,5.208333333333333,0.3660418082569846,426.940605116282,161.99951226071596,297.3695068645957,150.3260653932952,1.0,2.2749860674002154,0.0,1855.239583956697,490.7513101029023,478.35934597824394,3150.4940018146904,15.20213301931988,0.0,482.8488338176922,86.22328637937287,97.15299873732154,41.666666666666664,12.39196412465836,191703662.2496527,95824833.33333333,10.0,1.0,7.853981633974483,20.0,2.5,98.17477042468104,8782.630493135404,9.618725678016885,9.869138774764972,49.673934606704805,12.144124842165192,2302.786376953125,426.940605116282,5.208333333333333,0.3660418082569846,161.99951226071596
194,0.4992919999999999,1.0,1,926.306282352907,0.0,490.75131010290244,9.618725678016887,76.94980542413509,86.56853110215198,1080.684906172033,0.0,154.37862381912583,138.32170485253008,0.0,0.0,0.0,15.20213301931967,0.0,223.31552781278359,8782.630493135404,9.618725678016878,9.869138774764972,49.673934606704805,12.144124842165182,2302.786376953125,12.144124842165182,86.22328637937278,86.22328637937278,0.0,0.0,5.208333333333333,0.3660418082569846,426.9406051162804,161.99951226071596,297.3695068645957,150.3260653932952,1.0,2.274986067400184,0.0,1855.239583956697,490.7513101029023,478.35934597824394,3150.4940018146904,15.20213301931988,0.0,482.8488338176922,86.22328637937287,97.15299873732154,41.666666666666664,12.39196412465836,191703662.2496527,95824833.33333333,10.0,1.0,7.853981633974483,20.0,2.5,98.17477042468104,8782.630493135404,9.618725678016885,9.869138774764972,49.673934606704805,12.144124842165192,2302.786376953125,426.940605116282,5.208333333333333,0.3660418082569846,161.99951226071596
195,0.52896,1.0,1,981.3475303297345,0.0,490.7513101029023,9.618725678016885,76.94980542413508,86.56853110215197,1080.6849061720343,0.0,99.33737584228948,33.756046071172726,1.0,0.0,0.0,15.20213301931967,0.0,225.5791389498468,8782.630493135404,9.618725678016885,9.869138774764972,49.673934606704805,12.144124842165192,2302.786376953125,12.144124842165192,86.22328637937287,86.22328637937288,0.0,0.0,5.208333333333333,0.3660418082569846,426.940605116282,161.99951226071596,297.3695068645957,150.3260653932952,1.0,2.2749860674002154,0.0,1855.239583956697,490.7513101029023,478.35934597824394,3150.4940018146904,15.20213301931988,0.0,482.8488338176922,86.22328637937287,97.15299873732154,41.666666666666664,12.39196412465836,191703662.2496527,95824833.33333333,10.0,1.0,7.853981633974483,20.0,2.5,98.17477042468104,8782.630493135404,9.618725678016885,9.869138774764972,49.673934606704805,12.144124842165192,2302.786376953125,426.940605116282,5.208333333333333,0.3660418082569846,161.99951226071596
196,0.565219,1.0,1,1048.6166624044204,0.0,490.75131010290244,9.618725678016887,76.94980542413509,86.56853110215198,1080.6849061720347,0.0,32.06824376761409,0.0,0.0,0.0,0.0,15.20213301931967,0.0,227.84275008691,8782.630493135404,9.618725678016885,9.869138774764972,49.673934606704805,12.144124842165192,2302.786376953125,12.144124842165192,86.22328637937287,86.22328637937287,0.0,0.0,5.208333333333333,0.3660418082569846,426.940605116282,161.99951226071596,297.3695068645957,150.3260653932952,1.0,2.2749860674002154,0.0,1855.239583956697,490.7513101029023,478.35934597824394,3150.4940018146904,15.20213301931988,0.0,482.8488338176922,86.22328637937287,97.15299873732154,41.666666666666664,12.39196412465836,191703662.2496527,95824833.33333333,10.0,1.0,7.853981633974483,20.0,2.5,98.17477042468104,8782.630493135404,9.618725678016885,9.869138774764972,49.673934606704805,12.144124842165192,2302.786376953125,426.940605116282,5.208333333333333,0.3660418082569846,161.99951226071596
197,0.7753099999999999,1.0,1,1438.3858018374667,0.0,490.75131010290244,9.618725678016887,76.94980542413509,86.56853110215198,1166.9081925514076,0.0,0.0,0.0,0.0,0.0,0.0,15.202133019319673,0.0,230.1063612239665,8782.630493135404,9.618725678016885,9.869138774764972,49.673934606704805,12.144124842165192,2302.786376953125,12.144124842165192,86.22328637937287,0.0,86.22328637937287,86.22328637937287,5.208333333333333,0.3660418082569846,426.940605116282,161.99951226071596,297.3695068645957,150.3260653932952,1.0,2.2749860674002154,0.0,1855.239583956697,490.7513101029023,478.35934597824394,3150.4940018146904,15.20213301931988,0.0,482.8488338176922,86.22328637937287,97.15299873732154,41.666666666666664,12.39196412465836,191703662.2496527,95824833.33333333,10.0,1.0,7.853981633974483,20.0,2.5,98.17477042468104,8782.630493135404,9.618725678016885,9.869138774764972,49.673934606704805,12.144124842165192,2302.786376953125,426.940605116282,5.208333333333333,0.3660418082569846,161.99951226071596
198,0.8166100000000001,1.0,1,1515.0071966548785,0.0,490.75131010290244,9.618725678016887,76.94980542413509,86.56853110215198,1166.9081925514076,0.0,0.0,0.0,0.0,0.0,0.0,15.202133019319676,0.0,232.3699723610297,8782.630493135404,9.618725678016885,9.869138774764972,49.673934606704805,12.144124842165192,2302.786376953125,12.144124842165192,86.22328637937287,0.0,86.22328637937287,86.22328637937287,5.208333333333333,0.3660418082569846,426.940605116282,161.99951226071596,297.3695068645957,150.3260653932952,1.0,2.2749860674002154,0.0,1855.239583956697,490.7513101029023,478.35934597824394,3150.4940018146904,15.20213301931988,0.0,482.8488338176922,86.22328637937287,97.15299873732154,41.666666666666664,12.39196412465836,191703662.2496527,95824833.33333333,10.0,1.0,7.853981633974483,20.0,2.5,98.17477042468104,8782.630493135404,9.618725678016885,9.869138774764972,49.673934606704805,12.144124842165192,2302.786376953125,426.940605116282,5.208333333333333,0.3660418082569846,161.99951226071596
199,0.8467250000000001,1.0,1,1570.8777367257344,0.0,490.7513101029023,9.618725678016885,76.94980542413508,86.56853110215197,1080.6849061720343,0.0,0.0,0.0,1.0,0.0,0.0,15.202133019319676,0.0,234.63358349809292,8782.630493135404,9.618725678016885,9.869138774764972,49.673934606704805,12.144124842165192,2302.786376953125,12.144124842165192,86.22328637937287,86.22328637937287,0.0,0.0,5.208333333333333,0.3660418082569846,426.940605116282,161.99951226071596,297.3695068645957,150.3260653932952,1.0,2.2749860674002154,0.0,1855.239583956697,490.7513101029023,478.35934597824394,3150.4940018146904,15.20213301931988,0.0,482.8488338176922,86.22328637937287,97.15299873732154,41.666666666666664,12.39196412465836,191703662.2496527,95824833.33333333,10.0,1.0,7.853981633974483,20.0,2.5,98.17477042468104,8782.630493135404,9.618725678016885,9.869138774764972,49.673934606704805,12.144124842165192,2302.786376953125,426.940605116282,5.208333333333333,0.3660418082569846,161.99951226071596
200,0.8038500000000001,1.0,1,1491.3343395635911,0.0,490.7513101029023,9.618725678016885,76.94980542413508,86.56853110215197,1080.6849061720343,0.0,0.0,0.0,0.0,0.0,0.0,15.202133019319676,0.0,236.89719463515613,8782.630493135404,9.618725678016885,9.869138774764972,49.673934606704805,12.144124842165192,2302.786376953125,12.144124842165192,86.22328637937287,86.22328637937287,0.0,0.0,5.208333333333333,0.3660418082569846,426.940605116282,161.99951226071596,297.3695068645957,150.3260653932952,1.0,2.2749860674002154,0.0,1855.239583956697,490.7513101029023,478.35934597824394,3150.4940018146904,15.20213301931988,0.0,482.8488338176922,86.22328637937287,97.15299873732154,41.666666666666664,12.39196412465836,191703662.2496527,95824833.33333333,10.0,1.0,7.853981633974483,20.0,2.5,98.17477042468104,8782.630493135404,9.618725678016885,9.869138774764972,49.673934606704805,12.144124842165192,2302.786376953125,426.940605116282,5.208333333333333,0.3660418082569846,161.99951226071596
201,0.816252,1.0,1,1514.3430208838217,0.0,490.7513101029026,9.61872567801689,76.94980542413512,86.56853110215201,1080.6849061720332,0.0,0.0,0.0,1.0,0.0,0.0,15.202133019319676,0.0,239.1608057721987,8782.630493135404,9.61872567801689,9.869138774764972,49.673934606704805,12.144124842161538,2302.786376953125,12.144124842161538,86.22328637934692,86.22328637934692,0.0,0.0,5.208333333333333,0.3660418082569846,426.9406051162804,161.99951226071596,297.3695068645957,150.3260653932952,1.0,2.2749860673965614,0.0,1855.239583956697,490.7513101029023,478.35934597824394,3150.4940018146904,15.20213301931988,0.0,482.8488338176922,86.22328637937287,97.15299873732154,41.666666666666664,12.39196412465836,191703662.2496527,95824833.33333333,10.0,1.0,7.853981633974483,20.0,2.5,98.17477042468104,8782.630493135404,9.618725678016885,9.869138774764972,49.673934606704805,12.144124842165192,2302.786376953125,426.940605116282,5.208333333333333,0.3660418082569846,161.99951226071596
202,0.783158,1.0,1,1452.945722092359,0.0,490.75131010290244,9.618725678016887,76.94980542413509,86.56853110215198,1452.9457220923591,372.26081592032426,0.0,353.64777512430805,0.0,0.0,0.0,15.202133019319676,0.0,241.4244169092619,8782.630493135404,9.618725678016885,9.869138774764972,49.673934606704805,12.144124842165192,2302.786376953125,12.144124842165192,86.22328637937287,86.22328637937287,0.0,0.0,5.208333333333333,0.3660418082569846,426.940605116282,161.99951226071596,297.3695068645957,150.3260653932952,1.0,2.2749860674002154,0.0,1855.239583956697,490.7513101029023,478.35934597824394,3150.4940018146904,15.20213301931988,0.0,482.8488338176922,86.22328637937287,97.15299873732154,41.666666666666664,12.39196412465836,191703662.2496527,95824833.33333333,10.0,1.0,7.853981633974483,20.0,2.5,98.17477042468104,8782.630493135404,9.618725678016885,9.869138774764972,49.673934606704805,12.144124842165192,2302.786376953125,426.940605116282,5.208333333333333,0.3660418082569846,161.99951226071596
203,0.747236,1.0,1,1386.3018057574666,0.0,490.7513101029023,9.618725678016885,76.94980542413508,86.56853110215197,1166.9081925514072,0.0,335.96538636809265,0.0,1.0,0.0,0.0,15.202133019319676,0.0,243.68802804632512,8782.630493135404,9.618725678016885,9.869138774764972,49.673934606704805,12.144124842165192,2302.786376953125,12.144124842165192,86.22328637937287,0.0,86.22328637937287,86.22328637937287,5.208333333333333,0.3660418082569846,426.940605116282,161.99951226071596,297.3695068645957,150.3260653932952,1.0,2.2749860674002154,0.0,1855.239583956697,490.7513101029023,478.35934597824394,3150.4940018146904,15.20213301931988,0.0,482.8488338176922,86.22328637937287,97.15299873732154,41.666666666666664,12.39196412465836,191703662.2496527,95824833.33333333,10.0,1.0,7.853981633974483,20.0,2.5,98.17477042468104,8782.630493135404,9.618725678016885,9.869138774764972,49.673934606704805,12.144124842165192,2302.786376953125,426.940605116282,5.208333333333333,0.3660418082569846,161.99951226071596
204,0.763361,1.0,1,1416.217544048768,0.0,490.75131010290244,9.618725678016887,76.94980542413509,86.56853110215198,1166.9081925514076,0.0,0.0,0.0,0.0,0.0,0.0,15.20213301931968,0.0,245.9516391833818,8782.630493135404,9.618725678016885,9.869138774764972,49.673934606704805,12.144124842165192,2302.786376953125,12.144124842165192,86.22328637937287,0.0,86.22328637937287,86.22328637937287,5.208333333333333,0.3660418082569846,426.940605116282,161.99951226071596,297.3695068645957,150.3260653932952,1.0,2.2749860674002154,0.0,1855.239583956697,490.7513101029023,478.35934597824394,3150.4940018146904,15.20213301931988,0.0,482.8488338176922,86.22328637937287,97.15299873732154,41.666666666666664,12.39196412465836,191703662.2496527,95824833.33333333,10.0,1.0,7.853981633974483,20.0,2.5,98.17477042468104,8782.630493135404,9.618725678016885,9.869138774764972,49.673934606704805,12.144124842165192,2302.786376953125,426.940605116282,5.208333333333333,0.3660418082569846,161.99951226071596
205,0.823013,1.0,1,1526.8862957109532,0.0,490.75131010290244,9.618725678016887,76.94980542413509,86.56853110215198,1080.6849061720347,0.0,0.0,0.0,0.0,0.0,0.0,15.202133019319682,0.0,248.215250320445,8782.630493135404,9.618725678016885,9.869138774764972,49.673934606704805,12.144124842165192,2302.786376953125,12.144124842165192,86.22328637937287,86.22328637937287,0.0,0.0,5.208333333333333,0.3660418082569846,426.940605116282,161.99951226071596,297.3695068645957,150.3260653932952,1.0,2.2749860674002154,0.0,1855.239583956697,490.7513101029023,478.35934597824394,3150.4940018146904,15.20213301931988,0.0,482.8488338176922,86.22328637937287,97.15299873732154,41.666666666666664,12.39196412465836,191703662.2496527,95824833.33333333,10.0,1.0,7.853981633974483,20.0,2.5,98.17477042468104,8782.630493135404,9.618725678016885,9.869138774764972,49.673934606704805,12.144124842165192,2302.786376953125,426.940605116282,5.208333333333333,0.3660418082569846,161.99951226071596
206,0.867903,1.0,1,1610.1680006347692,0.0,490.7513101029023,9.618725678016885,76.94980542413508,86.56853110215197,1080.6849061720343,0.0,0.0,0.0,1.0,0.0,0.0,15.202133019319682,0.0,250.47886145750167,8782.630493135404,9.618725678016885,9.869138774764972,49.673934606704805,12.144124842165192,2302.786376953125,12.144124842165192,86.22328637937287,86.22328637937287,0.0,0.0,5.208333333333333,0.3660418082569846,426.940605116282,161.99951226071596,297.3695068645957,150.3260653932952,1.0,2.2749860674002154,0.0,1855.239583956697,490.7513101029023,478.35934597824394,3150.4940018146904,15.20213301931988,0.0,482.8488338176922,86.22328637937287,97.15299873732154,41.666666666666664,12.39196412465836,191703662.2496527,95824833.33333333,10.0,1.0,7.853981633974483,20.0,2.5,98.17477042468104,8782.630493135404,9.618725678016885,9.869138774764972,49.673934606704805,12.144124842165192,2302.786376953125,426.940605116282,5.208333333333333,0.3660418082569846,161.99951226071596
207,0.8991549999999999,1.0,1,1668.147948112584,0.0,490.7513101029023,9.618725678016885,76.94980542413508,86.56853110215197,1080.6849061720343,0.0,0.0,0.0,1.0,0.0,0.0,15.202133019319682,0.0,252.74247259456487,8782.630493135404,9.618725678016885,9.869138774764972,49.673934606704805,12.144124842165192,2302.786376953125,12.144124842165192,86.22328637937287,86.22328637937287,0.0,0.0,5.208333333333333,0.3660418082569846,426.940605116282,161.99951226071596,297.3695068645957,150.3260653932952,1.0,2.2749860674002154,0.0,1855.239583956697,490.7513101029023,478.35934597824394,3150.4940018146904,15.20213301931988,0.0,482.8488338176922,86.22328637937287,97.15299873732154,41.666666666666664,12.39196412465836,191703662.2496527,95824833.33333333,10.0,1.0,7.853981633974483,20.0,2.5,98.17477042468104,8782.630493135404,9.618725678016885,9.869138774764972,49.673934606704805,12.144124842165192,2302.786376953125,426.940605116282,5.208333333333333,0.3660418082569846,161.99951226071596
208,0.910593,1.0,1,1689.3681784738806,0.0,490.7513101029023,9.618725678016885,76.94980542413508,86.56853110215197,1080.6849061720334,0.0,0.0,0.0,0.0,0.0,0.0,15.20213301931969,0.0,255.00608373161742,8782.630493135404,9.61872567801688,9.869138774764972,49.673934606704805,12.144124842165185,2302.786376953125,12.144124842165185,86.22328637937281,86.22328637937281,0.0,0.0,5.208333333333333,0.3660418082569846,426.94060511628106,161.99951226071596,297.3695068645957,150.3260653932952,1.0,2.274986067400092,0.0,1855.239583956697,490.7513101029023,478.35934597824394,3150.4940018146904,15.20213301931988,0.0,482.8488338176922,86.22328637937287,97.15299873732154,41.666666666666664,12.39196412465836,191703662.2496527,95824833.33333333,10.0,1.0,7.853981633974483,20.0,2.5,98.17477042468104,8782.630493135404,9.618725678016885,9.869138774764972,49.673934606704805,12.144124842165192,2302.786376953125,426.940605116282,5.208333333333333,0.3660418082569846,161.99951226071596
209,0.908386,1.0,1,1685.2736647120882,0.0,490.7513101029023,9.618725678016885,76.94980542413508,86.56853110215197,1080.6849061720343,0.0,0.0,0.0,0.0,0.0,0.0,15.20213301931969,0.0,257.26969486868063,8782.630493135404,9.618725678016885,9.869138774764972,49.673934606704805,12.144124842165192,2302.786376953125,12.144124842165192,86.22328637937287,86.22328637937287,0.0,0.0,5.208333333333333,0.3660418082569846,426.940605116282,161.99951226071596,297.3695068645957,150.3260653932952,1.0,2.2749860674002154,0.0,1855.239583956697,490.7513101029023,478.35934597824394,3150.4940018146904,15.20213301931988,0.0,482.8488338176922,86.22328637937287,97.15299873732154,41.666666666666664,12.39196412465836,191703662.2496527,95824833.33333333,10.0,1.0,7.853981633974483,20.0,2.5,98.17477042468104,8782.630493135404,9.618725678016885,9.869138774764972,49.673934606704805,12.144124842165192,2302.786376953125,426.940605116282,5.208333333333333,0.3660418082569846,161.99951226071596
210,0.902226,1.0,1,1673.845388874915,0.0,490.75131010290244,9.618725678016887,76.94980542413509,86.56853110215198,1673.8453888749154,593.1604827028807,0.0,563.5024585677367,0.0,0.0,0.0,15.20213301931969,0.0,259.53330600573736,8782.630493135404,9.618725678016885,9.869138774764972,49.673934606704805,12.144124842165192,2302.786376953125,12.144124842165192,86.22328637937287,86.22328637937287,0.0,0.0,5.208333333333333,0.3660418082569846,426.940605116282,161.99951226071596,297.3695068645957,150.3260653932952,1.0,2.2749860674002154,0.0,1855.239583956697,490.7513101029023,478.35934597824394,3150.4940018146904,15.20213301931988,0.0,482.8488338176922,86.22328637937287,97.15299873732154,41.666666666666664,12.39196412465836,191703662.2496527,95824833.33333333,10.0,1.0,7.853981633974483,20.0,2.5,98.17477042468104,8782.630493135404,9.618725678016885,9.869138774764972,49.673934606704805,12.144124842165192,2302.786376953125,426.940605116282,5.208333333333333,0.3660418082569846,161.99951226071596
211,0.891285,1.0,1,1653.5472125868448,0.0,490.75131010290244,9.618725678016887,76.94980542413509,86.56853110215198,1636.7288235987764,556.0439174267417,0.0,1091.7441801231412,0.0,0.0,0.0,15.20213301931969,0.0,261.79691714280057,8782.630493135404,9.618725678016885,9.869138774764972,49.673934606704805,12.144124842165192,2302.786376953125,12.144124842165192,86.22328637937287,86.22328637937287,0.0,0.0,5.208333333333333,0.3660418082569846,426.940605116282,161.99951226071596,297.3695068645957,150.3260653932952,1.0,2.2749860674002154,0.0,1855.239583956697,490.7513101029023,478.35934597824394,3150.4940018146904,15.20213301931988,0.0,482.8488338176922,86.22328637937287,97.15299873732154,41.666666666666664,12.39196412465836,191703662.2496527,95824833.33333333,10.0,1.0,7.853981633974483,20.0,2.5,98.17477042468104,8782.630493135404,9.618725678016885,9.869138774764972,49.673934606704805,12.144124842165192,2302.786376953125,426.940605116282,5.208333333333333,0.3660418082569846,161.99951226071596
212,0.86225,1.0,1,1599.680331266662,0.0,490.75131010290244,9.618725678016887,76.94980542413509,86.56853110215198,1599.680331266662,518.995425094629,0.0,1584.7898339630387,0.0,0.0,0.0,15.202133019319698,0.0,264.06052827985053,8782.630493135404,9.618725678016878,9.869138774764972,49.673934606704805,12.144124842165182,2302.786376953125,12.144124842165182,86.22328637937278,86.22328637937278,0.0,0.0,5.208333333333333,0.3660418082569846,426.9406051162804,161.99951226071596,297.3695068645957,150.3260653932952,1.0,2.2749860674001914,0.0,1855.239583956697,490.7513101029023,478.35934597824394,3150.4940018146904,15.20213301931988,0.0,482.8488338176922,86.22328637937287,97.15299873732154,41.666666666666664,12.39196412465836,191703662.2496527,95824833.33333333,10.0,1.0,7.853981633974483,20.0,2.5,98.17477042468104,8782.630493135404,9.618725678016885,9.869138774764972,49.673934606704805,12.144124842165192,2302.786376953125,426.940605116282,5.208333333333333,0.3660418082569846,161.99951226071596
213,0.8041459999999999,1.0,1,1491.8834904804419,0.0,490.75131010290244,9.618725678016887,76.94980542413509,86.56853110215198,1491.883490480442,411.19858430840725,0.0,1975.4284890560257,0.0,0.0,0.0,15.202133019319698,0.0,266.32413941691374,8782.630493135404,9.618725678016885,9.869138774764972,49.673934606704805,12.144124842165192,2302.786376953125,12.144124842165192,86.22328637937287,86.22328637937287,0.0,0.0,5.208333333333333,0.3660418082569846,426.940605116282,161.99951226071596,297.3695068645957,150.3260653932952,1.0,2.2749860674002154,0.0,1855.239583956697,490.7513101029023,478.35934597824394,3150.4940018146904,15.20213301931988,0.0,482.8488338176922,86.22328637937287,97.15299873732154,41.666666666666664,12.39196412465836,191703662.2496527,95824833.33333333,10.0,1.0,7.853981633974483,20.0,2.5,98.17477042468104,8782.630493135404,9.618725678016885,9.869138774764972,49.673934606704805,12.144124842165192,2302.786376953125,426.940605116282,5.208333333333333,0.3660418082569846,161.99951226071596
214,0.7626430000000001,1.0,1,1414.8854820274873,0.0,490.75131010290244,9.618725678016887,76.94980542413509,86.56853110215198,1166.9081925514058,0.0,0.0,1975.4284890560257,0.0,0.0,0.0,15.202133019319705,0.0,268.5877505539766,8782.630493135404,9.618725678016878,9.869138774764972,49.673934606704805,12.144124842165182,2302.786376953125,12.144124842165182,86.22328637937278,0.0,86.22328637937278,86.22328637937278,5.208333333333333,0.3660418082569846,426.9406051162804,161.99951226071596,297.3695068645957,150.3260653932952,1.0,2.2749860674001954,0.0,1855.239583956697,490.7513101029023,478.35934597824394,3150.4940018146904,15.20213301931988,0.0,482.8488338176922,86.22328637937287,97.15299873732154,41.666666666666664,12.39196412465836,191703662.2496527,95824833.33333333,10.0,1.0,7.853981633974483,20.0,2.5,98.17477042468104,8782.630493135404,9.618725678016885,9.869138774764972,49.673934606704805,12.144124842165192,2302.786376953125,426.940605116282,5.208333333333333,0.3660418082569846,161.99951226071596
215,0.724076,1.0,1,1343.3344569930296,0.0,490.7513101029023,9.618725678016885,76.94980542413508,86.56853110215197,1080.6849061720343,0.0,0.0,1975.4284890560257,1.0,0.0,0.0,15.202133019319705,0.0,270.8513616910398,8782.630493135404,9.618725678016885,9.869138774764972,49.673934606704805,12.144124842165192,2302.786376953125,12.144124842165192,86.22328637937287,86.22328637937287,0.0,0.0,5.208333333333333,0.3660418082569846,426.940605116282,161.99951226071596,297.3695068645957,150.3260653932952,1.0,2.2749860674002154,0.0,1855.239583956697,490.7513101029023,478.35934597824394,3150.4940018146904,15.20213301931988,0.0,482.8488338176922,86.22328637937287,97.15299873732154,41.666666666666664,12.39196412465836,191703662.2496527,95824833.33333333,10.0,1.0,7.853981633974483,20.0,2.5,98.17477042468104,8782.630493135404,9.618725678016885,9.869138774764972,49.673934606704805,12.144124842165192,2302.786376953125,426.940605116282,5.208333333333333,0.3660418082569846,161.99951226071596
216,0.8951720000000001,1.0,1,1660.7585288496846,0.0,490.7513101029023,9.618725678016885,76.94980542413508,86.56853110215197,1080.6849061720343,0.0,0.0,1975.4284890560257,0.0,0.0,0.0,15.202133019319705,0.0,273.114972828103,8782.630493135404,9.618725678016885,9.869138774764972,49.673934606704805,12.144124842165192,2302.786376953125,12.144124842165192,86.22328637937287,86.22328637937287,0.0,0.0,5.208333333333333,0.3660418082569846,426.940605116282,161.99951226071596,297.3695068645957,150.3260653932952,1.0,2.2749860674002154,0.0,1855.239583956697,490.7513101029023,478.35934597824394,3150.4940018146904,15.20213301931988,0.0,482.8488338176922,86.22328637937287,97.15299873732154,41.666666666666664,12.39196412465836,191703662.2496527,95824833.33333333,10.0,1.0,7.853981633974483,20.0,2.5,98.17477042468104,8782.630493135404,9.618725678016885,9.869138774764972,49.673934606704805,12.144124842165192,2302.786376953125,426.940605116282,5.208333333333333,0.3660418082569846,161.99951226071596
217,0.883633,1.0,1,1639.350919290408,0.0,490.75131010290244,9.618725678016887,76.94980542413509,86.56853110215198,1639.350919290408,558.6660131183734,0.0,2506.16120151848,0.0,0.0,0.0,15.202133019319705,0.0,275.37858396516623,8782.630493135404,9.618725678016885,9.869138774764972,49.673934606704805,12.144124842165192,2302.786376953125,12.144124842165192,86.22328637937287,86.22328637937285,0.0,0.0,5.208333333333333,0.3660418082569846,426.940605116282,161.99951226071596,297.3695068645957,150.3260653932952,1.0,2.2749860674002154,0.0,1855.239583956697,490.7513101029023,478.35934597824394,3150.4940018146904,15.20213301931988,0.0,482.8488338176922,86.22328637937287,97.15299873732154,41.666666666666664,12.39196412465836,191703662.2496527,95824833.33333333,10.0,1.0,7.853981633974483,20.0,2.5,98.17477042468104,8782.630493135404,9.618725678016885,9.869138774764972,49.673934606704805,12.144124842165192,2302.786376953125,426.940605116282,5.208333333333333,0.3660418082569846,161.99951226071596
218,0.8221459999999999,1.0,1,1525.2778029916626,0.0,490.75131010290244,9.618725678016887,76.94980542413509,86.56853110215198,1525.277802991663,444.5928968196282,0.0,2928.524453497127,0.0,0.0,0.0,15.202133019319708,0.0,277.6421951022258,8782.630493135404,9.618725678016885,9.869138774764972,49.673934606704805,12.144124842165192,2302.786376953125,12.144124842165192,86.22328637937287,86.22328637937287,0.0,0.0,5.208333333333333,0.3660418082569846,426.940605116282,161.99951226071596,297.3695068645957,150.3260653932952,1.0,2.2749860674002154,0.0,1855.239583956697,490.7513101029023,478.35934597824394,3150.4940018146904,15.20213301931988,0.0,482.8488338176922,86.22328637937287,97.15299873732154,41.666666666666664,12.39196412465836,191703662.2496527,95824833.33333333,10.0,1.0,7.853981633974483,20.0,2.5,98.17477042468104,8782.630493135404,9.618725678016885,9.869138774764972,49.673934606704805,12.144124842165192,2302.786376953125,426.940605116282,5.208333333333333,0.3660418082569846,161.99951226071596
219,0.708446,1.0,1,1314.3370622957862,0.0,490.75131010290244,9.618725678016887,76.94980542413509,86.56853110215198,1314.3370622957864,233.65215612375164,0.0,3150.4940018146913,0.0,0.0,0.0,15.20213301931971,0.0,279.905806239289,8782.630493135404,9.618725678016885,9.869138774764972,49.673934606704805,12.144124842165192,2302.786376953125,12.144124842165192,86.22328637937287,86.22328637937287,0.0,0.0,5.208333333333333,0.3660418082569846,426.940605116282,161.99951226071596,297.3695068645957,150.3260653932952,1.0,2.2749860674002154,0.0,1855.239583956697,490.7513101029023,478.35934597824394,3150.4940018146904,15.20213301931988,0.0,482.8488338176922,86.22328637937287,97.15299873732154,41.666666666666664,12.39196412465836,191703662.2496527,95824833.33333333,10.0,1.0,7.853981633974483,20.0,2.5,98.17477042468104,8782.630493135404,9.618725678016885,9.869138774764972,49.673934606704805,12.144124842165192,2302.786376953125,426.940605116282,5.208333333333333,0.3660418082569846,161.99951226071596
220,0.503998,1.0,1,935.0370398350072,0.0,344.81741332819684,6.758421301232658,54.06737040986126,60.82579171109392,935.0370398350072,0.0,0.0,3150.4940018146913,0.0,0.0,2.860304376784228,12.2834550838256,0.0,282.1694173763522,8782.630493135404,9.618725678016885,9.869138774764972,49.673934606704805,12.144124842165192,2302.786376953125,12.144124842165192,86.22328637937287,86.22328637937287,0.0,0.0,5.208333333333333,0.3660418082569846,426.940605116282,161.99951226071596,297.3695068645957,150.3260653932952,1.0,2.2749860674002154,0.0,1855.239583956697,490.7513101029023,478.35934597824394,3150.4940018146904,15.20213301931988,0.0,482.8488338176922,86.22328637937287,97.15299873732154,41.666666666666664,12.39196412465836,191703662.2496527,95824833.33333333,10.0,1.0,7.853981633974483,20.0,2.5,98.17477042468104,8782.630493135404,9.618725678016885,9.869138774764972,49.673934606704805,12.144124842165192,2302.786376953125,426.940605116282,5.208333333333333,0.3660418082569846,161.99951226071596
221,0.345109,1.0,1,640.2598775797118,0.0,49.46135319504032,0.9694425226227902,7.7555401809823215,8.72498270360511,640.2598775797118,0.0,0.0,3150.4940018146913,0.0,0.0,8.649283155394095,3.4576559456683604,0.0,284.43302851340627,8782.630493135404,9.618725678016885,9.869138774764972,49.673934606704805,12.144124842165192,2302.786376953125,12.144124842165192,86.22328637937287,86.22328637937287,0.0,0.0,5.208333333333333,0.3660418082569846,426.940605116282,161.99951226071596,297.3695068645957,150.3260653932952,1.0,2.2749860674002154,0.0,1855.239583956697,490.7513101029023,478.35934597824394,3150.4940018146904,15.20213301931988,0.0,482.8488338176922,86.22328637937287,97.15299873732154,41.666666666666664,12.39196412465836,191703662.2496527,95824833.33333333,10.0,1.0,7.853981633974483,20.0,2.5,98.17477042468104,8782.630493135404,9.618725678016885,9.869138774764972,49.673934606704805,12.144124842165192,2302.786376953125,426.940605116282,5.208333333333333,0.3660418082569846,161.99951226071596
222,0.29934,0.0,1,555.3474170615976,0.0,377.5542976412121,7.400064233767757,59.20051387014205,66.60057810390981,555.3474170615976,0.0,0.0,3150.4940018146913,1.0,7.400064233767757,0.0,10.70971889476076,0.0,274.51429607645656,0.0,0.0,9.869138774764972,49.673934606704805,0.0,0.0,0.0,0.0,0.0,0.0,0.0,5.208333333333333,0.3660418082569846,0.0,161.99951226071596,9080.0,150.3260653932952,0.0,0.0,9.869138774764972,1855.239583956697,490.7513101029023,478.35934597824394,3150.4940018146904,15.20213301931988,0.0,482.8488338176922,86.22328637937287,97.15299873732154,41.666666666666664,12.39196412465836,191703662.2496527,95824833.33333333,10.0,1.0,7.853981633974483,20.0,2.5,98.17477042468104,8782.630493135404,9.618725678016885,9.869138774764972,49.673934606704805,12.144124842165192,2302.786376953125,426.940605116282,5.208333333333333,0.3660418082569846,161.99951226071596
223,0.371245,1.0,1,688.748419346004,0.0,334.4909368481784,6.556022362224297,52.44817889779438,59.004201260018675,924.7308032488888,0.0,235.98238390288478,2902.0914924432336,0.0,0.0,3.0627033157925836,7.584511429666287,0.0,276.77790721351977,8782.630493135404,9.61872567801688,9.869138774764972,49.673934606704805,12.144124842165192,2302.786376953125,12.144124842165192,86.22328637937287,86.22328637937287,0.0,0.0,5.208333333333333,0.3660418082569846,426.94060511628106,161.99951226071596,297.3695068645957,150.3260653932952,1.0,2.2749860674002136,0.0,1855.239583956697,490.7513101029023,478.35934597824394,3150.4940018146904,15.20213301931988,0.0,482.8488338176922,86.22328637937287,97.15299873732154,41.666666666666664,12.39196412465836,191703662.2496527,95824833.33333333,10.0,1.0,7.853981633974483,20.0,2.5,98.17477042468104,8782.630493135404,9.618725678016885,9.869138774764972,49.673934606704805,12.144124842165192,2302.786376953125,426.940605116282,5.208333333333333,0.3660418082569846,161.99951226071596
224,0.450335,1.0,1,835.4793180411391,0.0,490.75131010290244,9.618725678016887,76.94980542413509,86.56853110215198,1080.6849061720325,0.0,245.20558813087905,2643.980347042325,0.0,0.0,0.0,7.584511429666296,0.0,279.04151835056996,8782.630493135404,9.61872567801688,9.869138774764972,49.673934606704805,12.144124842165185,2302.786376953125,12.144124842165185,86.22328637937281,86.22328637937281,0.0,0.0,5.208333333333333,0.3660418082569846,426.9406051162797,161.99951226071596,297.3695068645957,150.3260653932952,1.0,2.2749860674002065,0.0,1855.239583956697,490.7513101029023,478.35934597824394,3150.4940018146904,15.20213301931988,0.0,482.8488338176922,86.22328637937287,97.15299873732154,41.666666666666664,12.39196412465836,191703662.2496527,95824833.33333333,10.0,1.0,7.853981633974483,20.0,2.5,98.17477042468104,8782.630493135404,9.618725678016885,9.869138774764972,49.673934606704805,12.144124842165192,2302.786376953125,426.940605116282,5.208333333333333,0.3660418082569846,161.99951226071596
225,0.465283,1.0,1,863.2114393421239,0.0,490.75131010290244,9.618725678016887,76.94980542413509,86.56853110215198,1080.6849061720347,0.0,217.47346682991048,2415.060908273998,0.0,0.0,0.0,7.584511429666298,0.0,281.30512948763317,8782.630493135404,9.618725678016885,9.869138774764972,49.673934606704805,12.144124842165192,2302.786376953125,12.144124842165192,86.22328637937287,86.22328637937287,0.0,0.0,5.208333333333333,0.3660418082569846,426.940605116282,161.99951226071596,297.3695068645957,150.3260653932952,1.0,2.2749860674002154,0.0,1855.239583956697,490.7513101029023,478.35934597824394,3150.4940018146904,15.20213301931988,0.0,482.8488338176922,86.22328637937287,97.15299873732154,41.666666666666664,12.39196412465836,191703662.2496527,95824833.33333333,10.0,1.0,7.853981633974483,20.0,2.5,98.17477042468104,8782.630493135404,9.618725678016885,9.869138774764972,49.673934606704805,12.144124842165192,2302.786376953125,426.940605116282,5.208333333333333,0.3660418082569846,161.99951226071596
226,0.4408519999999999,1.0,1,817.8860810664777,0.0,490.7513101029023,9.618725678016885,76.94980542413508,86.56853110215197,1080.6849061720343,0.0,262.7988251055565,2138.4305660576224,0.0,0.0,0.0,7.584511429666298,0.0,283.5687406246964,8782.630493135404,9.618725678016885,9.869138774764972,49.673934606704805,12.144124842165192,2302.786376953125,12.144124842165192,86.22328637937287,86.22328637937287,0.0,0.0,5.208333333333333,0.3660418082569846,426.940605116282,161.99951226071596,297.3695068645957,150.3260653932952,1.0,2.2749860674002154,0.0,1855.239583956697,490.7513101029023,478.35934597824394,3150.4940018146904,15.20213301931988,0.0,482.8488338176922,86.22328637937287,97.15299873732154,41.666666666666664,12.39196412465836,191703662.2496527,95824833.33333333,10.0,1.0,7.853981633974483,20.0,2.5,98.17477042468104,8782.630493135404,9.618725678016885,9.869138774764972,49.673934606704805,12.144124842165192,2302.786376953125,426.940605116282,5.208333333333333,0.3660418082569846,161.99951226071596
227,0.404657,1.0,1,750.7356843251652,0.0,490.75131010290244,9.618725678016887,76.94980542413509,86.56853110215198,1080.6849061720347,0.0,329.94922184686936,1791.1155956924968,0.0,0.0,0.0,7.584511429666302,0.0,285.8323517617596,8782.630493135404,9.618725678016885,9.869138774764972,49.673934606704805,12.144124842165192,2302.786376953125,12.144124842165192,86.22328637937287,86.22328637937287,0.0,0.0,5.208333333333333,0.3660418082569846,426.940605116282,161.99951226071596,297.3695068645957,150.3260653932952,1.0,2.2749860674002154,0.0,1855.239583956697,490.7513101029023,478.35934597824394,3150.4940018146904,15.20213301931988,0.0,482.8488338176922,86.22328637937287,97.15299873732154,41.666666666666664,12.39196412465836,191703662.2496527,95824833.33333333,10.0,1.0,7.853981633974483,20.0,2.5,98.17477042468104,8782.630493135404,9.618725678016885,9.869138774764972,49.673934606704805,12.144124842165192,2302.786376953125,426.940605116282,5.208333333333333,0.3660418082569846,161.99951226071596
228,0.378497,1.0,1,702.2026168088579,0.0,490.75131010290244,9.618725678016887,76.94980542413509,86.56853110215198,1080.6849061720347,0.0,378.4822893631766,1392.7131858365215,0.0,0.0,0.0,7.584511429666305,0.0,288.0959628988177,8782.630493135404,9.618725678016885,9.869138774764972,49.673934606704805,12.144124842165192,2302.786376953125,12.144124842165192,86.22328637937287,86.22328637937287,0.0,0.0,5.208333333333333,0.3660418082569846,426.940605116282,161.99951226071596,297.3695068645957,150.3260653932952,1.0,2.2749860674002154,0.0,1855.239583956697,490.7513101029023,478.35934597824394,3150.4940018146904,15.20213301931988,0.0,482.8488338176922,86.22328637937287,97.15299873732154,41.666666666666664,12.39196412465836,191703662.2496527,95824833.33333333,10.0,1.0,7.853981633974483,20.0,2.5,98.17477042468104,8782.630493135404,9.618725678016885,9.869138774764972,49.673934606704805,12.144124842165192,2302.786376953125,426.940605116282,5.208333333333333,0.3660418082569846,161.99951226071596
229,0.3458179999999999,1.0,1,641.5752424447369,0.0,111.52573861958706,2.1859044769439064,17.48723581555125,19.67314029249516,702.2026168088264,0.0,60.6273743640895,1328.8948970322167,0.0,0.0,7.432821201072978,0.0,0.0,290.3595740358809,8782.630493135404,9.618725678016885,9.869138774764972,49.673934606704805,12.144124842165192,2302.786376953125,12.144124842165192,86.22328637937287,86.22328637937287,0.0,0.0,5.208333333333333,0.3660418082569846,426.940605116282,161.99951226071596,297.3695068645957,150.3260653932952,1.0,2.2749860674002154,0.0,1855.239583956697,490.7513101029023,478.35934597824394,3150.4940018146904,15.20213301931988,0.0,482.8488338176922,86.22328637937287,97.15299873732154,41.666666666666664,12.39196412465836,191703662.2496527,95824833.33333333,10.0,1.0,7.853981633974483,20.0,2.5,98.17477042468104,8782.630493135404,9.618725678016885,9.869138774764972,49.673934606704805,12.144124842165192,2302.786376953125,426.940605116282,5.208333333333333,0.3660418082569846,161.99951226071596
230,0.317511,1.0,1,589.0589755416748,0.0,490.75131010290244,9.618725678016887,76.94980542413509,86.56853110215198,1080.6849061720347,0.0,491.6259306303491,811.3939174213231,0.0,0.0,0.0,0.0,0.0,292.62318517286246,8782.630493135404,9.618725678016892,9.869138774764972,49.673934606704805,12.144124842165203,2302.786376953125,12.144124842165203,86.22328637937294,86.22328637937288,0.0,0.0,5.208333333333333,0.3660418082569846,426.9406051162823,161.99951226071596,297.3695068645957,150.3260653932952,1.0,2.274986067331943,0.0,1855.239583956697,490.7513101029023,478.35934597824394,3150.4940018146904,15.20213301931988,0.0,482.8488338176922,86.22328637937287,97.15299873732154,41.666666666666664,12.39196412465836,191703662.2496527,95824833.33333333,10.0,1.0,7.853981633974483,20.0,2.5,98.17477042468104,8782.630493135404,9.618725678016885,9.869138774764972,49.673934606704805,12.144124842165192,2302.786376953125,426.940605116282,5.208333333333333,0.3660418082569846,161.99951226071596
231,0.289489,0.0,1,537.0714519200403,0.0,359.96772610391673,7.055367431636768,56.44293945309414,63.49830688473091,537.0714519200404,0.0,0.0,811.3939174213231,1.0,7.055367431636768,0.0,6.914260083004032,0.0,282.70445273591275,0.0,0.0,9.869138774764972,49.673934606704805,0.0,0.0,0.0,0.0,0.0,0.0,0.0,5.208333333333333,0.3660418082569846,0.0,161.99951226071596,9080.0,150.3260653932952,0.0,0.0,9.869138774764972,1855.239583956697,490.7513101029023,478.35934597824394,3150.4940018146904,15.20213301931988,0.0,482.8488338176922,86.22328637937287,97.15299873732154,41.666666666666664,12.39196412465836,191703662.2496527,95824833.33333333,10.0,1.0,7.853981633974483,20.0,2.5,98.17477042468104,8782.630493135404,9.618725678016885,9.869138774764972,49.673934606704805,12.144124842165192,2302.786376953125,426.940605116282,5.208333333333333,0.3660418082569846,161.99951226071596
232,0.252867,1.0,1,469.12886787637814,0.0,220.00194894586048,4.312038199338865,34.49630559471092,38.80834379404978,810.4662137628603,0.0,341.3373458864821,452.0914480671313,0.0,0.0,5.30668747867802,1.4992728598631961,0.0,284.9680638729288,8782.630493135404,9.618725678016885,9.869138774764972,49.673934606704805,12.144124842165192,2302.786376953125,12.144124842165192,86.22328637937287,86.22328637937287,0.0,0.0,5.208333333333333,0.3660418082569846,426.940605116282,161.99951226071596,297.3695068645957,150.3260653932952,1.0,2.2749860673695523,0.0,1855.239583956697,490.7513101029023,478.35934597824394,3150.4940018146904,15.20213301931988,0.0,482.8488338176922,86.22328637937287,97.15299873732154,41.666666666666664,12.39196412465836,191703662.2496527,95824833.33333333,10.0,1.0,7.853981633974483,20.0,2.5,98.17477042468104,8782.630493135404,9.618725678016885,9.869138774764972,49.673934606704805,12.144124842165192,2302.786376953125,426.940605116282,5.208333333333333,0.3660418082569846,161.99951226071596
233,0.226348,0.0,1,419.92976934943044,0.0,247.24478290664035,4.845997744970151,38.76798195976121,43.613979704731356,419.9297693494307,0.0,0.0,452.09144806713107,1.0,4.845997744970151,0.0,6.248350649933944,0.0,275.04933143597907,0.0,0.0,9.869138774764972,49.673934606704805,0.0,0.0,0.0,0.0,0.0,0.0,0.0,5.208333333333333,0.3660418082569846,0.0,161.99951226071596,9080.0,150.3260653932952,0.0,0.0,9.869138774764972,1855.239583956697,490.7513101029023,478.35934597824394,3150.4940018146904,15.20213301931988,0.0,482.8488338176922,86.22328637937287,97.15299873732154,41.666666666666664,12.39196412465836,191703662.2496527,95824833.33333333,10.0,1.0,7.853981633974483,20.0,2.5,98.17477042468104,8782.630493135404,9.618725678016885,9.869138774764972,49.673934606704805,12.144124842165192,2302.786376953125,426.940605116282,5.208333333333333,0.3660418082569846,161.99951226071596
234,0.222327,0.0,1,412.4698509823406,0.0,240.06626253800073,4.705298745744814,37.642389965958515,42.34768871170333,412.4698509823404,0.0,0.0,452.09144806713107,1.0,4.705298745744814,0.0,10.859543420763863,0.0,265.13059899902936,0.0,0.0,9.869138774764972,49.673934606704805,0.0,0.0,0.0,0.0,0.0,0.0,0.0,5.208333333333333,0.3660418082569846,0.0,161.99951226071596,9080.0,150.3260653932952,0.0,0.0,9.869138774764972,1855.239583956697,490.7513101029023,478.35934597824394,3150.4940018146904,15.20213301931988,0.0,482.8488338176922,86.22328637937287,97.15299873732154,41.666666666666664,12.39196412465836,191703662.2496527,95824833.33333333,10.0,1.0,7.853981633974483,20.0,2.5,98.17477042468104,8782.630493135404,9.618725678016885,9.869138774764972,49.673934606704805,12.144124842165192,2302.786376953125,426.940605116282,5.208333333333333,0.3660418082569846,161.99951226071596
235,0.214494,0.0,1,397.93775932120775,0.0,226.08234061620257,4.43121387607757,35.44971100862056,39.88092488469813,397.9377593212078,0.0,0.0,452.09144806713107,1.0,4.43121387607757,0.0,15.20213301931988,0.0,255.21186656207965,0.0,0.0,9.869138774764972,49.673934606704805,0.0,0.0,0.0,0.0,0.0,0.0,0.0,5.208333333333333,0.3660418082569846,0.0,161.99951226071596,9080.0,150.3260653932952,0.0,0.0,9.869138774764972,1855.239583956697,490.7513101029023,478.35934597824394,3150.4940018146904,15.20213301931988,0.0,482.8488338176922,86.22328637937287,97.15299873732154,41.666666666666664,12.39196412465836,191703662.2496527,95824833.33333333,10.0,1.0,7.853981633974483,20.0,2.5,98.17477042468104,8782.630493135404,9.618725678016885,9.869138774764972,49.673934606704805,12.144124842165192,2302.786376953125,426.940605116282,5.208333333333333,0.3660418082569846,161.99951226071596
236,0.202372,1.0,1,375.4485450844847,0.0,0.0,0.0,0.0,0.0,590.8954686369337,0.0,215.44692355244842,225.30521274876432,0.0,0.0,9.618725678016885,5.387106817261834,0.0,257.47547769914286,8782.630493135404,9.618725678016885,9.869138774764972,49.673934606704805,12.144124842165192,2302.786376953125,12.144124842165192,86.22328637937287,86.22328637937287,0.0,0.0,5.208333333333333,0.3660418082569846,426.940605116282,161.99951226071596,297.3695068645957,150.3260653932952,1.0,2.2749860674002154,0.0,1855.239583956697,490.7513101029023,478.35934597824394,3150.4940018146904,15.20213301931988,0.0,482.8488338176922,86.22328637937287,97.15299873732154,41.666666666666664,12.39196412465836,191703662.2496527,95824833.33333333,10.0,1.0,7.853981633974483,20.0,2.5,98.17477042468104,8782.630493135404,9.618725678016885,9.869138774764972,49.673934606704805,12.144124842165192,2302.786376953125,426.940605116282,5.208333333333333,0.3660418082569846,161.99951226071596
237,0.200547,0.0,1,372.06273284376374,0.0,201.18335439849275,3.943193746210458,31.545549969683663,35.48874371589412,372.0627328437637,0.0,0.0,225.30521274876432,1.0,3.943193746210458,0.0,9.251436688548083,0.0,247.55674526219312,0.0,-0.0,9.869138774764972,49.673934606704805,-0.0,0.0,0.0,0.0,0.0,0.0,0.0,5.208333333333333,0.3660418082569846,-0.0,161.99951226071596,9080.0,150.3260653932952,0.0,0.0,9.869138774764972,1855.239583956697,490.7513101029023,478.35934597824394,3150.4940018146904,15.20213301931988,0.0,482.8488338176922,86.22328637937287,97.15299873732154,41.666666666666664,12.39196412465836,191703662.2496527,95824833.33333333,10.0,1.0,7.853981633974483,20.0,2.5,98.17477042468104,8782.630493135404,9.618725678016885,9.869138774764972,49.673934606704805,12.144124842165192,2302.786376953125,426.940605116282,5.208333333333333,0.3660418082569846,161.99951226071596
238,0.223768,0.0,1,415.1432512228222,0.0,242.63881858157444,4.7557208441988585,38.04576675359087,42.80148759778973,415.14325122282224,0.0,0.0,225.30521274876432,1.0,4.7557208441988585,0.0,13.912043115862964,0.0,237.6380128252434,0.0,0.0,9.869138774764972,49.673934606704805,0.0,0.0,0.0,0.0,0.0,0.0,0.0,5.208333333333333,0.3660418082569846,0.0,161.99951226071596,9080.0,150.3260653932952,0.0,0.0,9.869138774764972,1855.239583956697,490.7513101029023,478.35934597824394,3150.4940018146904,15.20213301931988,0.0,482.8488338176922,86.22328637937287,97.15299873732154,41.666666666666664,12.39196412465836,191703662.2496527,95824833.33333333,10.0,1.0,7.853981633974483,20.0,2.5,98.17477042468104,8782.630493135404,9.618725678016885,9.869138774764972,49.673934606704805,12.144124842165192,2302.786376953125,426.940605116282,5.208333333333333,0.3660418082569846,161.99951226071596
239,0.274439,1.0,1,509.15009618149196,0.0,132.5543862529401,2.598065970557626,20.784527764461007,23.382593735018634,723.1900482928181,0.0,214.03995211132613,0.0,0.0,0.0,7.020659707459259,6.74810463886372,0.0,239.90162396230662,8782.630493135404,9.618725678016885,9.869138774764972,49.673934606704805,12.144124842165192,2302.786376953125,12.144124842165192,86.22328637937287,86.22328637937287,0.0,0.0,5.208333333333333,0.3660418082569846,426.940605116282,161.99951226071596,297.3695068645957,150.3260653932952,1.0,2.2749860674002154,0.0,1855.239583956697,490.7513101029023,478.35934597824394,3150.4940018146904,15.20213301931988,0.0,482.8488338176922,86.22328637937287,97.15299873732154,41.666666666666664,12.39196412465836,191703662.2496527,95824833.33333333,10.0,1.0,7.853981633974483,20.0,2.5,98.17477042468104,8782.630493135404,9.618725678016885,9.869138774764972,49.673934606704805,12.144124842165192,2302.786376953125,426.940605116282,5.208333333333333,0.3660418082569846,161.99951226071596
240,0.85988,1.0,1,1595.2834134526847,0.0,490.75131010290244,9.618725678016887,76.94980542413509,86.56853110215198,1595.2834134526852,514.5985072806503,0.0,488.86858191661776,0.0,0.0,0.0,6.748104638863722,0.0,242.16523509936982,8782.630493135404,9.618725678016885,9.869138774764972,49.673934606704805,12.144124842165192,2302.786376953125,12.144124842165192,86.22328637937287,86.22328637937287,0.0,0.0,5.208333333333333,0.3660418082569846,426.940605116282,161.99951226071596,297.3695068645957,150.3260653932952,1.0,2.2749860674002154,0.0,1855.239583956697,490.7513101029023,478.35934597824394,3150.4940018146904,15.20213301931988,0.0,482.8488338176922,86.22328637937287,97.15299873732154,41.666666666666664,12.39196412465836,191703662.2496527,95824833.33333333,10.0,1.0,7.853981633974483,20.0,2.5,98.17477042468104,8782.630493135404,9.618725678016885,9.869138774764972,49.673934606704805,12.144124842165192,2302.786376953125,426.940605116282,5.208333333333333,0.3660418082569846,161.99951226071596
241,0.896046,1.0,1,1662.3800082460625,0.0,490.75131010290244,9.618725678016887,76.94980542413509,86.56853110215198,1166.9081925514072,0.0,464.4251528207869,0.0,0.0,0.0,0.0,6.7481046388637305,0.0,244.42884623643306,8782.630493135404,9.61872567801688,9.869138774764972,49.673934606704805,12.144124842165185,2302.786376953125,12.144124842165185,86.22328637937281,0.0,86.22328637937281,86.22328637937281,5.208333333333333,0.3660418082569846,426.94060511628186,161.99951226071596,297.3695068645957,150.3260653932952,1.0,2.2749860674002065,0.0,1855.239583956697,490.7513101029023,478.35934597824394,3150.4940018146904,15.20213301931988,0.0,482.8488338176922,86.22328637937287,97.15299873732154,41.666666666666664,12.39196412465836,191703662.2496527,95824833.33333333,10.0,1.0,7.853981633974483,20.0,2.5,98.17477042468104,8782.630493135404,9.618725678016885,9.869138774764972,49.673934606704805,12.144124842165192,2302.786376953125,426.940605116282,5.208333333333333,0.3660418082569846,161.99951226071596
242,0.929645,1.0,1,1724.7142030274238,0.0,490.75131010290244,9.618725678016887,76.94980542413509,86.56853110215198,1080.6849061720347,0.0,0.0,0.0,0.0,0.0,0.0,6.748104638862978,0.0,246.69245737349627,8782.630493135404,9.618725678016892,9.869138774764972,49.673934606704805,12.144124842165203,2302.786376953125,12.144124842165203,86.22328637937294,86.22328637937288,0.0,0.0,5.208333333333333,0.3660418082569846,426.9406051162823,161.99951226071596,297.3695068645957,150.3260653932952,1.0,2.2749860674002207,0.0,1855.239583956697,490.7513101029023,478.35934597824394,3150.4940018146904,15.20213301931988,0.0,482.8488338176922,86.22328637937287,97.15299873732154,41.666666666666664,12.39196412465836,191703662.2496527,95824833.33333333,10.0,1.0,7.853981633974483,20.0,2.5,98.17477042468104,8782.630493135404,9.618725678016885,9.869138774764972,49.673934606704805,12.144124842165192,2302.786376953125,426.940605116282,5.208333333333333,0.3660418082569846,161.99951226071596
243,0.962762,1.0,1,1786.1541723293176,0.0,490.7513101029023,9.618725678016885,76.94980542413508,86.56853110215197,1080.6849061720343,0.0,0.0,0.0,0.0,0.0,0.0,6.748104638862978,0.0,248.95606851055948,8782.630493135404,9.618725678016885,9.869138774764972,49.673934606704805,12.144124842165192,2302.786376953125,12.144124842165192,86.22328637937287,86.22328637937287,0.0,0.0,5.208333333333333,0.3660418082569846,426.940605116282,161.99951226071596,297.3695068645957,150.3260653932952,1.0,2.2749860674002154,0.0,1855.239583956697,490.7513101029023,478.35934597824394,3150.4940018146904,15.20213301931988,0.0,482.8488338176922,86.22328637937287,97.15299873732154,41.666666666666664,12.39196412465836,191703662.2496527,95824833.33333333,10.0,1.0,7.853981633974483,20.0,2.5,98.17477042468104,8782.630493135404,9.618725678016885,9.869138774764972,49.673934606704805,12.144124842165192,2302.786376953125,426.940605116282,5.208333333333333,0.3660418082569846,161.99951226071596
244,0.984271,1.0,1,1826.0585205406421,0.0,490.75131010290244,9.618725678016887,76.94980542413509,86.56853110215198,1166.9081925514072,0.0,0.0,0.0,0.0,0.0,0.0,6.748104638862978,0.0,251.2196796480128,8782.630493135404,9.618725678016885,9.869138774764972,49.673934606704805,12.144124842165192,2302.786376953125,12.144124842165192,86.22328637937287,0.0,86.22328637937287,86.22328637937287,5.208333333333333,0.3660418082569846,426.94060511628186,161.99951226071596,297.3695068645957,150.3260653932952,1.0,2.274986067792287,0.0,1855.239583956697,490.7513101029023,478.35934597824394,3150.4940018146904,15.20213301931988,0.0,482.8488338176922,86.22328637937287,97.15299873732154,41.666666666666664,12.39196412465836,191703662.2496527,95824833.33333333,10.0,1.0,7.853981633974483,20.0,2.5,98.17477042468104,8782.630493135404,9.618725678016885,9.869138774764972,49.673934606704805,12.144124842165192,2302.786376953125,426.940605116282,5.208333333333333,0.3660418082569846,161.99951226071596
245,0.989076,1.0,1,1834.972946741554,0.0,490.75131010290244,9.618725678016887,76.94980542413509,86.56853110215198,1166.9081925514076,0.0,0.0,0.0,0.0,0.0,0.0,6.748104638862978,0.0,253.483290785076,8782.630493135404,9.618725678016885,9.869138774764972,49.673934606704805,12.144124842165192,2302.786376953125,12.144124842165192,86.22328637937287,0.0,86.22328637937287,86.22328637937287,5.208333333333333,0.3660418082569846,426.940605116282,161.99951226071596,297.3695068645957,150.3260653932952,1.0,2.2749860674002154,0.0,1855.239583956697,490.7513101029023,478.35934597824394,3150.4940018146904,15.20213301931988,0.0,482.8488338176922,86.22328637937287,97.15299873732154,41.666666666666664,12.39196412465836,191703662.2496527,95824833.33333333,10.0,1.0,7.853981633974483,20.0,2.5,98.17477042468104,8782.630493135404,9.618725678016885,9.869138774764972,49.673934606704805,12.144124842165192,2302.786376953125,426.940605116282,5.208333333333333,0.3660418082569846,161.99951226071596
246,0.986599,1.0,1,1830.3775182920933,0.0,490.75131010290244,9.618725678016887,76.94980542413509,86.56853110215198,1166.9081925514076,0.0,0.0,0.0,0.0,0.0,0.0,6.748104638862738,0.0,255.74690192213922,8782.630493135404,9.618725678016885,9.869138774764972,49.673934606704805,12.144124842165192,2302.786376953125,12.144124842165192,86.22328637937287,0.0,86.22328637937287,86.22328637937287,5.208333333333333,0.3660418082569846,426.940605116282,161.99951226071596,297.3695068645957,150.3260653932952,1.0,2.2749860674002154,0.0,1855.239583956697,490.7513101029023,478.35934597824394,3150.4940018146904,15.20213301931988,0.0,482.8488338176922,86.22328637937287,97.15299873732154,41.666666666666664,12.39196412465836,191703662.2496527,95824833.33333333,10.0,1.0,7.853981633974483,20.0,2.5,98.17477042468104,8782.630493135404,9.618725678016885,9.869138774764972,49.673934606704805,12.144124842165192,2302.786376953125,426.940605116282,5.208333333333333,0.3660418082569846,161.99951226071596
247,0.986981,1.0,1,1831.086219813165,0.0,490.75131010290244,9.618725678016887,76.94980542413509,86.56853110215198,1166.9081925514054,0.0,0.0,0.0,0.0,0.0,0.0,6.7481046388627455,0.0,258.01051305920214,8782.630493135404,9.61872567801688,9.869138774764972,49.673934606704805,12.144124842165185,2302.786376953125,12.144124842165185,86.22328637937281,0.0,86.22328637937278,86.22328637937278,5.208333333333333,0.3660418082569846,426.9406051162797,161.99951226071596,297.3695068645957,150.3260653932952,1.0,2.2749860674002065,0.0,1855.239583956697,490.7513101029023,478.35934597824394,3150.4940018146904,15.20213301931988,0.0,482.8488338176922,86.22328637937287,97.15299873732154,41.666666666666664,12.39196412465836,191703662.2496527,95824833.33333333,10.0,1.0,7.853981633974483,20.0,2.5,98.17477042468104,8782.630493135404,9.618725678016885,9.869138774764972,49.673934606704805,12.144124842165192,2302.786376953125,426.940605116282,5.208333333333333,0.3660418082569846,161.99951226071596
248,0.989092,1.0,1,1835.0026305748975,0.0,490.75131010290244,9.618725678016887,76.94980542413509,86.56853110215198,1835.0026305748981,754.3177244028634,0.0,716.6018381827193,1.0,0.0,0.0,6.748104638863007,0.0,260.27412419626535,8782.630493135404,9.618725678016885,9.869138774764972,49.673934606704805,12.144124842165192,2302.786376953125,12.144124842165192,86.22328637937287,86.22328637937287,0.0,0.0,5.208333333333333,0.3660418082569846,426.940605116282,161.99951226071596,297.3695068645957,150.3260653932952,1.0,2.2749860674002154,0.0,1855.239583956697,490.7513101029023,478.35934597824394,3150.4940018146904,15.20213301931988,0.0,482.8488338176922,86.22328637937287,97.15299873732154,41.666666666666664,12.39196412465836,191703662.2496527,95824833.33333333,10.0,1.0,7.853981633974483,20.0,2.5,98.17477042468104,8782.630493135404,9.618725678016885,9.869138774764972,49.673934606704805,12.144124842165192,2302.786376953125,426.940605116282,5.208333333333333,0.3660418082569846,161.99951226071596
249,0.985266,1.0,1,1827.904483926679,0.0,490.7513101029023,9.618725678016885,76.94980542413508,86.56853110215197,1166.9081925514072,0.0,0.0,716.6018381827193,1.0,0.0,0.0,6.748104638863007,0.0,262.53773533332065,8782.630493135404,9.618725678016885,9.869138774764972,49.673934606704805,12.144124842165192,2302.786376953125,12.144124842165192,86.22328637937287,0.0,86.22328637937287,86.22328637937287,5.208333333333333,0.3660418082569846,426.940605116282,161.99951226071596,297.3695068645957,150.3260653932952,1.0,2.2749860674002154,0.0,1855.239583956697,490.7513101029023,478.35934597824394,3150.4940018146904,15.20213301931988,0.0,482.8488338176922,86.22328637937287,97.15299873732154,41.666666666666664,12.39196412465836,191703662.2496527,95824833.33333333,10.0,1.0,7.853981633974483,20.0,2.5,98.17477042468104,8782.630493135404,9.618725678016885,9.869138774764972,49.673934606704805,12.144124842165192,2302.786376953125,426.940605116282,5.208333333333333,0.3660418082569846,161.99951226071596
250,0.974093,1.0,1,1807.1758920551308,0.0,490.7513101029023,9.618725678016885,76.94980542413508,86.56853110215197,1807.1758920551306,726.4909858830963,0.0,1406.7682747716608,0.0,0.0,0.0,6.748104638863007,0.0,264.80134647038386,8782.630493135404,9.618725678016885,9.869138774764972,49.673934606704805,12.144124842165192,2302.786376953125,12.144124842165192,86.22328637937287,86.22328637937287,0.0,0.0,5.208333333333333,0.3660418082569846,426.940605116282,161.99951226071596,297.3695068645957,150.3260653932952,1.0,2.2749860674002154,0.0,1855.239583956697,490.7513101029023,478.35934597824394,3150.4940018146904,15.20213301931988,0.0,482.8488338176922,86.22328637937287,97.15299873732154,41.666666666666664,12.39196412465836,191703662.2496527,95824833.33333333,10.0,1.0,7.853981633974483,20.0,2.5,98.17477042468104,8782.630493135404,9.618725678016885,9.869138774764972,49.673934606704805,12.144124842165192,2302.786376953125,426.940605116282,5.208333333333333,0.3660418082569846,161.99951226071596
251,0.969485,1.0,1,1798.6269480522585,0.0,490.75131010290244,9.618725678016887,76.94980542413509,86.56853110215198,1080.6849061720325,0.0,1336.429861033078,0.0,0.0,0.0,0.0,6.748104638863005,0.0,267.06495760743843,8782.630493135404,9.618725678016883,9.869138774764972,49.673934606704805,12.1441248421652,2302.786376953125,12.1441248421652,86.22328637937291,86.22328637937288,0.0,0.0,5.208333333333333,0.3660418082569846,426.9406051162797,161.99951226071596,297.3695068645957,150.3260653932952,1.0,2.2749860674002207,0.0,1855.239583956697,490.7513101029023,478.35934597824394,3150.4940018146904,15.20213301931988,0.0,482.8488338176922,86.22328637937287,97.15299873732154,41.666666666666664,12.39196412465836,191703662.2496527,95824833.33333333,10.0,1.0,7.853981633974483,20.0,2.5,98.17477042468104,8782.630493135404,9.618725678016885,9.869138774764972,49.673934606704805,12.144124842165192,2302.786376953125,426.940605116282,5.208333333333333,0.3660418082569846,161.99951226071596
252,0.969799,1.0,1,1799.2094932816208,0.0,490.75131010290266,9.618725678016892,76.94980542413514,86.56853110215202,1080.6849061720343,0.0,0.0,0.0,1.0,0.0,0.0,6.748104638863005,0.0,269.3285687444923,8782.630493135404,9.618725678016892,9.869138774764972,49.673934606704805,12.144124842165182,2302.786376953125,12.144124842165182,86.22328637937278,86.22328637937278,0.0,0.0,5.208333333333333,0.3660418082569846,426.9406051162813,161.99951226071596,297.3695068645957,150.3260653932952,1.0,2.2749860674002047,0.0,1855.239583956697,490.7513101029023,478.35934597824394,3150.4940018146904,15.20213301931988,0.0,482.8488338176922,86.22328637937287,97.15299873732154,41.666666666666664,12.39196412465836,191703662.2496527,95824833.33333333,10.0,1.0,7.853981633974483,20.0,2.5,98.17477042468104,8782.630493135404,9.618725678016885,9.869138774764972,49.673934606704805,12.144124842165192,2302.786376953125,426.940605116282,5.208333333333333,0.3660418082569846,161.99951226071596
253,0.976973,1.0,1,1812.5189820569262,0.0,490.7513101029023,9.618725678016885,76.94980542413508,86.56853110215197,1080.6849061720343,0.0,0.0,0.0,1.0,0.0,0.0,6.748104638863005,0.0,271.5921798815555,8782.630493135404,9.618725678016885,9.869138774764972,49.673934606704805,12.144124842165192,2302.786376953125,12.144124842165192,86.22328637937287,86.22328637937287,0.0,0.0,5.208333333333333,0.3660418082569846,426.940605116282,161.99951226071596,297.3695068645957,150.3260653932952,1.0,2.2749860674002154,0.0,1855.239583956697,490.7513101029023,478.35934597824394,3150.4940018146904,15.20213301931988,0.0,482.8488338176922,86.22328637937287,97.15299873732154,41.666666666666664,12.39196412465836,191703662.2496527,95824833.33333333,10.0,1.0,7.853981633974483,20.0,2.5,98.17477042468104,8782.630493135404,9.618725678016885,9.869138774764972,49.673934606704805,12.144124842165192,2302.786376953125,426.940605116282,5.208333333333333,0.3660418082569846,161.99951226071596
254,0.978774,1.0,1,1815.8602685476324,0.0,490.7513101029023,9.618725678016885,76.94980542413508,86.56853110215197,1080.6849061720343,0.0,0.0,0.0,1.0,0.0,0.0,6.748104638863005,0.0,273.85579101860884,8782.630493135404,9.618725678016885,9.869138774764972,49.673934606704805,12.144124842165192,2302.786376953125,12.144124842165192,86.22328637937287,86.22328637937287,0.0,0.0,5.208333333333333,0.3660418082569846,426.940605116282,161.99951226071596,297.3695068645957,150.3260653932952,1.0,2.2749860674002154,0.0,1855.239583956697,490.7513101029023,478.35934597824394,3150.4940018146904,15.20213301931988,0.0,482.8488338176922,86.22328637937287,97.15299873732154,41.666666666666664,12.39196412465836,191703662.2496527,95824833.33333333,10.0,1.0,7.853981633974483,20.0,2.5,98.17477042468104,8782.630493135404,9.618725678016885,9.869138774764972,49.673934606704805,12.144124842165192,2302.786376953125,426.940605116282,5.208333333333333,0.3660418082569846,161.99951226071596
255,0.975325,1.0,1,1809.4615472225655,0.0,490.7513101028983,9.618725678016807,76.94980542413445,86.56853110215125,1080.6849061720304,0.0,0.0,0.0,0.0,0.0,0.0,6.748104638862923,0.0,276.11940215567205,8782.630493135404,9.618725678016885,9.869138774764972,49.673934606704805,12.144124842165192,2302.786376953125,12.144124842165192,86.22328637937287,86.22328637937287,0.0,0.0,5.208333333333333,0.3660418082569846,426.940605116282,161.99951226071596,297.3695068645957,150.3260653932952,1.0,2.2749860674002154,0.0,1855.239583956697,490.7513101029023,478.35934597824394,3150.4940018146904,15.20213301931988,0.0,482.8488338176922,86.22328637937287,97.15299873732154,41.666666666666664,12.39196412465836,191703662.2496527,95824833.33333333,10.0,1.0,7.853981633974483,20.0,2.5,98.17477042468104,8782.630493135404,9.618725678016885,9.869138774764972,49.673934606704805,12.144124842165192,2302.786376953125,426.940605116282,5.208333333333333,0.3660418082569846,161.99951226071596
256,0.979739,1.0,1,1817.6505747461504,0.0,490.7513101029026,9.61872567801689,76.94980542413512,86.56853110215201,1080.684906172034,0.0,0.0,0.0,1.0,0.0,0.0,6.748104638862923,0.0,278.3830132927252,8782.630493135404,9.61872567801689,9.869138774764972,49.673934606704805,12.144124842165185,2302.786376953125,12.144124842165185,86.22328637937281,86.22328637937281,0.0,0.0,5.208333333333333,0.3660418082569846,426.9406051162813,161.99951226071596,297.3695068645957,150.3260653932952,1.0,2.2749860674002065,0.0,1855.239583956697,490.7513101029023,478.35934597824394,3150.4940018146904,15.20213301931988,0.0,482.8488338176922,86.22328637937287,97.15299873732154,41.666666666666664,12.39196412465836,191703662.2496527,95824833.33333333,10.0,1.0,7.853981633974483,20.0,2.5,98.17477042468104,8782.630493135404,9.618725678016885,9.869138774764972,49.673934606704805,12.144124842165192,2302.786376953125,426.940605116282,5.208333333333333,0.3660418082569846,161.99951226071596
257,0.987145,1.0,1,1831.3904791049338,0.0,490.7513101029024,9.618725678016887,76.94980542413509,86.56853110215198,1080.6849061720345,0.0,0.0,0.0,1.0,0.0,0.0,6.748104638862923,0.0,280.6466244297884,8782.630493135404,9.618725678016885,9.869138774764972,49.673934606704805,12.144124842165192,2302.786376953125,12.144124842165192,86.22328637937287,86.22328637937287,0.0,0.0,5.208333333333333,0.3660418082569846,426.940605116282,161.99951226071596,297.3695068645957,150.3260653932952,1.0,2.2749860674002154,0.0,1855.239583956697,490.7513101029023,478.35934597824394,3150.4940018146904,15.20213301931988,0.0,482.8488338176922,86.22328637937287,97.15299873732154,41.666666666666664,12.39196412465836,191703662.2496527,95824833.33333333,10.0,1.0,7.853981633974483,20.0,2.5,98.17477042468104,8782.630493135404,9.618725678016885,9.869138774764972,49.673934606704805,12.144124842165192,2302.786376953125,426.940605116282,5.208333333333333,0.3660418082569846,161.99951226071596
258,0.988559,1.0,1,1834.0137878766484,0.0,490.7513101029023,9.618725678016885,76.94980542413508,86.56853110215197,1166.9081925514072,0.0,0.0,0.0,0.0,0.0,0.0,6.74810463886292,0.0,282.9102355668516,8782.630493135404,9.618725678016885,9.869138774764972,49.673934606704805,12.144124842165192,2302.786376953125,12.144124842165192,86.22328637937287,0.0,86.22328637937287,86.22328637937287,5.208333333333333,0.3660418082569846,426.94060511628186,161.99951226071596,297.3695068645957,150.3260653932952,1.0,2.2749860674002207,0.0,1855.239583956697,490.7513101029023,478.35934597824394,3150.4940018146904,15.20213301931988,0.0,482.8488338176922,86.22328637937287,97.15299873732154,41.666666666666664,12.39196412465836,191703662.2496527,95824833.33333333,10.0,1.0,7.853981633974483,20.0,2.5,98.17477042468104,8782.630493135404,9.618725678016885,9.869138774764972,49.673934606704805,12.144124842165192,2302.786376953125,426.940605116282,5.208333333333333,0.3660418082569846,161.99951226071596
259,0.986661,1.0,1,1830.4925431462987,0.0,490.75131010289886,9.618725678016817,76.94980542413454,86.56853110215135,1166.908192551404,0.0,0.0,0.0,0.0,0.0,0.0,6.74810463886285,0.0,285.1738467039148,8782.630493135404,9.618725678016885,9.869138774764972,49.673934606704805,12.144124842165192,2302.786376953125,12.144124842165192,86.22328637937287,0.0,86.22328637937287,86.22328637937287,5.208333333333333,0.3660418082569846,426.940605116282,161.99951226071596,297.3695068645957,150.3260653932952,1.0,2.2749860674002154,0.0,1855.239583956697,490.7513101029023,478.35934597824394,3150.4940018146904,15.20213301931988,0.0,482.8488338176922,86.22328637937287,97.15299873732154,41.666666666666664,12.39196412465836,191703662.2496527,95824833.33333333,10.0,1.0,7.853981633974483,20.0,2.5,98.17477042468104,8782.630493135404,9.618725678016885,9.869138774764972,49.673934606704805,12.144124842165192,2302.786376953125,426.940605116282,5.208333333333333,0.3660418082569846,161.99951226071596
260,0.982194,1.0,1,1822.2051879247642,0.0,490.75131010290266,9.618725678016892,76.94980542413514,86.56853110215202,1080.6849061720347,0.0,0.0,0.0,1.0,0.0,0.0,6.748104638862857,0.0,287.437457840978,8782.630493135404,9.618725678016885,9.869138774764972,49.673934606704805,12.144124842165192,2302.786376953125,12.144124842165192,86.22328637937287,86.22328637937288,0.0,0.0,5.208333333333333,0.3660418082569846,426.940605116282,161.99951226071596,297.3695068645957,150.3260653932952,1.0,2.2749860674002154,0.0,1855.239583956697,490.7513101029023,478.35934597824394,3150.4940018146904,15.20213301931988,0.0,482.8488338176922,86.22328637937287,97.15299873732154,41.666666666666664,12.39196412465836,191703662.2496527,95824833.33333333,10.0,1.0,7.853981633974483,20.0,2.5,98.17477042468104,8782.630493135404,9.618725678016885,9.869138774764972,49.673934606704805,12.144124842165192,2302.786376953125,426.940605116282,5.208333333333333,0.3660418082569846,161.99951226071596
261,0.975078,1.0,1,1809.0033030453283,0.0,490.75131010290244,9.618725678016887,76.94980542413509,86.56853110215198,1166.9081925514054,0.0,0.0,0.0,1.0,0.0,0.0,6.748104638862863,0.0,289.70106897804123,8782.630493135404,9.61872567801688,9.869138774764972,49.673934606704805,12.144124842165185,2302.786376953125,12.144124842165185,86.22328637937281,0.0,86.22328637937281,86.22328637937281,5.208333333333333,0.3660418082569846,426.9406051162797,161.99951226071596,297.3695068645957,150.3260653932952,1.0,2.2749860674002065,0.0,1855.239583956697,490.7513101029023,478.35934597824394,3150.4940018146904,15.20213301931988,0.0,482.8488338176922,86.22328637937287,97.15299873732154,41.666666666666664,12.39196412465836,191703662.2496527,95824833.33333333,10.0,1.0,7.853981633974483,20.0,2.5,98.17477042468104,8782.630493135404,9.618725678016885,9.869138774764972,49.673934606704805,12.144124842165192,2302.786376953125,426.940605116282,5.208333333333333,0.3660418082569846,161.99951226071596
262,0.974311,1.0,1,1807.5803342844335,0.0,490.75131010290244,9.618725678016887,76.94980542413509,86.56853110215198,1807.5803342844338,726.8954281123991,0.0,690.5506567067791,1.0,0.0,0.0,6.7481046388628645,0.0,291.96468011510444,8782.630493135404,9.618725678016885,9.869138774764972,49.673934606704805,12.144124842165192,2302.786376953125,12.144124842165192,86.22328637937287,86.22328637937287,0.0,0.0,5.208333333333333,0.3660418082569846,426.940605116282,161.99951226071596,297.3695068645957,150.3260653932952,1.0,2.2749860674002154,0.0,1855.239583956697,490.7513101029023,478.35934597824394,3150.4940018146904,15.20213301931988,0.0,482.8488338176922,86.22328637937287,97.15299873732154,41.666666666666664,12.39196412465836,191703662.2496527,95824833.33333333,10.0,1.0,7.853981633974483,20.0,2.5,98.17477042468104,8782.630493135404,9.618725678016885,9.869138774764972,49.673934606704805,12.144124842165192,2302.786376953125,426.940605116282,5.208333333333333,0.3660418082569846,161.99951226071596
263,0.97831,1.0,1,1814.9994373806762,0.0,490.75131010290244,9.618725678016887,76.94980542413509,86.56853110215198,1814.999437380677,734.3145312086422,0.0,1388.1494613549894,0.0,0.0,0.0,6.7481046388628645,0.0,294.22829125216765,8782.630493135404,9.618725678016885,9.869138774764972,49.673934606704805,12.144124842165192,2302.786376953125,12.144124842165192,86.22328637937287,86.22328637937285,0.0,0.0,5.208333333333333,0.3660418082569846,426.940605116282,161.99951226071596,297.3695068645957,150.3260653932952,1.0,2.2749860674002154,0.0,1855.239583956697,490.7513101029023,478.35934597824394,3150.4940018146904,15.20213301931988,0.0,482.8488338176922,86.22328637937287,97.15299873732154,41.666666666666664,12.39196412465836,191703662.2496527,95824833.33333333,10.0,1.0,7.853981633974483,20.0,2.5,98.17477042468104,8782.630493135404,9.618725678016885,9.869138774764972,49.673934606704805,12.144124842165192,2302.786376953125,426.940605116282,5.208333333333333,0.3660418082569846,161.99951226071596
264,0.913442,1.0,1,1694.6537560485733,0.0,490.7513101029023,9.618725678016885,76.94980542413508,86.56853110215197,1166.9081925514072,0.0,0.0,1388.1494613549894,0.0,0.0,0.0,6.7481046388628645,0.0,296.49190238907516,8782.630493135404,9.618725678016885,9.869138774764972,49.673934606704805,12.144124842165192,2302.786376953125,12.144124842165192,86.22328637937287,0.0,86.22328637937287,86.22328637937287,5.208333333333333,0.3660418082569846,426.94060511628186,161.99951226071596,297.3695068645957,150.3260653932952,1.0,2.274986067243726,0.0,1855.239583956697,490.7513101029023,478.35934597824394,3150.4940018146904,15.20213301931988,0.0,482.8488338176922,86.22328637937287,97.15299873732154,41.666666666666664,12.39196412465836,191703662.2496527,95824833.33333333,10.0,1.0,7.853981633974483,20.0,2.5,98.17477042468104,8782.630493135404,9.618725678016885,9.869138774764972,49.673934606704805,12.144124842165192,2302.786376953125,426.940605116282,5.208333333333333,0.3660418082569846,161.99951226071596
265,0.916818,1.0,1,1700.9170448840111,0.0,490.75131010290244,9.618725678016887,76.94980542413509,86.56853110215198,1700.917044884011,620.2321387119763,0.0,1977.3699931313668,1.0,0.0,0.0,6.7481046388628645,0.0,298.7555135261384,8782.630493135404,9.618725678016885,9.869138774764972,49.673934606704805,12.144124842165192,2302.786376953125,12.144124842165192,86.22328637937287,86.22328637937287,0.0,0.0,5.208333333333333,0.3660418082569846,426.940605116282,161.99951226071596,297.3695068645957,150.3260653932952,1.0,2.2749860674002154,0.0,1855.239583956697,490.7513101029023,478.35934597824394,3150.4940018146904,15.20213301931988,0.0,482.8488338176922,86.22328637937287,97.15299873732154,41.666666666666664,12.39196412465836,191703662.2496527,95824833.33333333,10.0,1.0,7.853981633974483,20.0,2.5,98.17477042468104,8782.630493135404,9.618725678016885,9.869138774764972,49.673934606704805,12.144124842165192,2302.786376953125,426.940605116282,5.208333333333333,0.3660418082569846,161.99951226071596
266,0.917991,1.0,1,1703.0932409159923,0.0,490.75131010290244,9.618725678016887,76.94980542413509,86.56853110215198,1133.8438714922909,53.158965320256144,0.0,2027.87101018561,1.0,0.0,0.0,6.748104638862857,0.0,301.01912466320164,8782.630493135404,9.618725678016892,9.869138774764972,49.673934606704805,12.144124842165203,2302.786376953125,12.144124842165203,86.22328637937294,86.22328637937288,0.0,0.0,5.208333333333333,0.3660418082569846,426.9406051162823,161.99951226071596,297.3695068645957,150.3260653932952,1.0,2.2749860674002207,0.0,1855.239583956697,490.7513101029023,478.35934597824394,3150.4940018146904,15.20213301931988,0.0,482.8488338176922,86.22328637937287,97.15299873732154,41.666666666666664,12.39196412465836,191703662.2496527,95824833.33333333,10.0,1.0,7.853981633974483,20.0,2.5,98.17477042468104,8782.630493135404,9.618725678016885,9.869138774764972,49.673934606704805,12.144124842165192,2302.786376953125,426.940605116282,5.208333333333333,0.3660418082569846,161.99951226071596
267,0.916513,1.0,1,1700.3511968109044,0.0,490.75131010290244,9.618725678016887,76.94980542413509,86.56853110215198,1660.9009547385665,580.2160485665318,0.0,2579.0762563238154,1.0,0.0,0.0,6.748104638862857,0.0,303.28273580026485,8782.630493135404,9.618725678016885,9.869138774764972,49.673934606704805,12.144124842165192,2302.786376953125,12.144124842165192,86.22328637937287,86.22328637937287,0.0,0.0,5.208333333333333,0.3660418082569846,426.940605116282,161.99951226071596,297.3695068645957,150.3260653932952,1.0,2.2749860674002154,0.0,1855.239583956697,490.7513101029023,478.35934597824394,3150.4940018146904,15.20213301931988,0.0,482.8488338176922,86.22328637937287,97.15299873732154,41.666666666666664,12.39196412465836,191703662.2496527,95824833.33333333,10.0,1.0,7.853981633974483,20.0,2.5,98.17477042468104,8782.630493135404,9.618725678016885,9.869138774764972,49.673934606704805,12.144124842165192,2302.786376953125,426.940605116282,5.208333333333333,0.3660418082569846,161.99951226071596
268,0.906717,1.0,1,1682.1772698464645,0.0,490.75131010290244,9.618725678016887,76.94980542413509,86.56853110215198,1682.1772698464679,601.4923636744332,0.0,3150.494001814527,1.0,0.0,0.0,6.748104638862857,0.0,305.54634693732805,8782.630493135404,9.618725678016885,9.869138774764972,49.673934606704805,12.144124842165192,2302.786376953125,12.144124842165192,86.22328637937287,86.22328637937287,0.0,0.0,5.208333333333333,0.3660418082569846,426.940605116282,161.99951226071596,297.3695068645957,150.3260653932952,1.0,2.2749860674002154,0.0,1855.239583956697,490.7513101029023,478.35934597824394,3150.4940018146904,15.20213301931988,0.0,482.8488338176922,86.22328637937287,97.15299873732154,41.666666666666664,12.39196412465836,191703662.2496527,95824833.33333333,10.0,1.0,7.853981633974483,20.0,2.5,98.17477042468104,8782.630493135404,9.618725678016885,9.869138774764972,49.673934606704805,12.144124842165192,2302.786376953125,426.940605116282,5.208333333333333,0.3660418082569846,161.99951226071596
269,0.886069,1.0,1,1643.8702829169265,0.0,490.75131010290244,9.618725678016887,76.94980542413509,86.56853110215198,1080.6849061720347,0.0,0.0,3150.494001814527,1.0,0.0,0.0,6.748104638862857,0.0,307.80995807439126,8782.630493135404,9.618725678016885,9.869138774764972,49.673934606704805,12.144124842165192,2302.786376953125,12.144124842165192,86.22328637937287,86.22328637937287,0.0,0.0,5.208333333333333,0.3660418082569846,426.940605116282,161.99951226071596,297.3695068645957,150.3260653932952,1.0,2.2749860674002154,0.0,1855.239583956697,490.7513101029023,478.35934597824394,3150.4940018146904,15.20213301931988,0.0,482.8488338176922,86.22328637937287,97.15299873732154,41.666666666666664,12.39196412465836,191703662.2496527,95824833.33333333,10.0,1.0,7.853981633974483,20.0,2.5,98.17477042468104,8782.630493135404,9.618725678016885,9.869138774764972,49.673934606704805,12.144124842165192,2302.786376953125,426.940605116282,5.208333333333333,0.3660418082569846,161.99951226071596
270,0.854226,1.0,1,1584.7938888449935,0.0,490.7513101029024,9.618725678016887,76.94980542413509,86.56853110215198,1166.9081925514074,0.0,0.0,3150.494001814527,1.0,0.0,0.0,6.748104638862857,0.0,310.07356921145447,8782.630493135404,9.618725678016885,9.869138774764972,49.673934606704805,12.144124842165192,2302.786376953125,12.144124842165192,86.22328637937287,0.0,86.22328637937287,86.22328637937287,5.208333333333333,0.3660418082569846,426.940605116282,161.99951226071596,297.3695068645957,150.3260653932952,1.0,2.2749860674002154,0.0,1855.239583956697,490.7513101029023,478.35934597824394,3150.4940018146904,15.20213301931988,0.0,482.8488338176922,86.22328637937287,97.15299873732154,41.666666666666664,12.39196412465836,191703662.2496527,95824833.33333333,10.0,1.0,7.853981633974483,20.0,2.5,98.17477042468104,8782.630493135404,9.618725678016885,9.869138774764972,49.673934606704805,12.144124842165192,2302.786376953125,426.940605116282,5.208333333333333,0.3660418082569846,161.99951226071596
271,0.8108719999999999,1.0,1,1504.3618319221348,0.0,490.7513101029023,9.618725678016885,76.94980542413508,86.56853110215197,1080.6849061720343,0.0,0.0,3150.494001814527,0.0,0.0,0.0,6.748104638862857,0.0,312.3371803485177,8782.630493135404,9.618725678016885,9.869138774764972,49.673934606704805,12.144124842165192,2302.786376953125,12.144124842165192,86.22328637937287,86.22328637937287,0.0,0.0,5.208333333333333,0.3660418082569846,426.94060511628186,161.99951226071596,297.3695068645957,150.3260653932952,1.0,2.2749860674002207,0.0,1855.239583956697,490.7513101029023,478.35934597824394,3150.4940018146904,15.20213301931988,0.0,482.8488338176922,86.22328637937287,97.15299873732154,41.666666666666664,12.39196412465836,191703662.2496527,95824833.33333333,10.0,1.0,7.853981633974483,20.0,2.5,98.17477042468104,8782.630493135404,9.618725678016885,9.869138774764972,49.673934606704805,12.144124842165192,2302.786376953125,426.940605116282,5.208333333333333,0.3660418082569846,161.99951226071596
272,0.755324,1.0,1,1401.3069835125082,0.0,490.75131010290244,9.618725678016887,76.94980542413509,86.56853110215198,1080.6849061720347,0.0,0.0,3150.494001814527,0.0,0.0,0.0,6.748104638862859,0.0,314.6007914855809,8782.630493135404,9.618725678016885,9.869138774764972,49.673934606704805,12.144124842165192,2302.786376953125,12.144124842165192,86.22328637937287,86.22328637937287,0.0,0.0,5.208333333333333,0.3660418082569846,426.940605116282,161.99951226071596,297.3695068645957,150.3260653932952,1.0,2.2749860674002154,0.0,1855.239583956697,490.7513101029023,478.35934597824394,3150.4940018146904,15.20213301931988,0.0,482.8488338176922,86.22328637937287,97.15299873732154,41.666666666666664,12.39196412465836,191703662.2496527,95824833.33333333,10.0,1.0,7.853981633974483,20.0,2.5,98.17477042468104,8782.630493135404,9.618725678016885,9.869138774764972,49.673934606704805,12.144124842165192,2302.786376953125,426.940605116282,5.208333333333333,0.3660418082569846,161.99951226071596
273,0.689951,1.0,1,1280.024406190507,0.0,490.75131010290244,9.618725678016887,76.94980542413509,86.56853110215198,1080.6849061720347,0.0,0.0,3150.494001814527,0.0,0.0,0.0,6.748104638862857,0.0,316.8644026226441,8782.630493135404,9.618725678016885,9.869138774764972,49.673934606704805,12.144124842165192,2302.786376953125,12.144124842165192,86.22328637937287,86.22328637937287,0.0,0.0,5.208333333333333,0.3660418082569846,426.940605116282,161.99951226071596,297.3695068645957,150.3260653932952,1.0,2.2749860674002154,0.0,1855.239583956697,490.7513101029023,478.35934597824394,3150.4940018146904,15.20213301931988,0.0,482.8488338176922,86.22328637937287,97.15299873732154,41.666666666666664,12.39196412465836,191703662.2496527,95824833.33333333,10.0,1.0,7.853981633974483,20.0,2.5,98.17477042468104,8782.630493135404,9.618725678016885,9.869138774764972,49.673934606704805,12.144124842165192,2302.786376953125,426.940605116282,5.208333333333333,0.3660418082569846,161.99951226071596
274,0.623527,1.0,1,1156.7919720657676,0.0,490.75131010290244,9.618725678016887,76.94980542413509,86.56853110215198,1080.6849061720347,0.0,0.0,3150.494001814527,0.0,0.0,0.0,6.748104638862857,0.0,319.1280137597073,8782.630493135404,9.618725678016885,9.869138774764972,49.673934606704805,12.144124842165192,2302.786376953125,12.144124842165192,86.22328637937287,86.22328637937287,0.0,0.0,5.208333333333333,0.3660418082569846,426.940605116282,161.99951226071596,297.3695068645957,150.3260653932952,1.0,2.2749860674002154,0.0,1855.239583956697,490.7513101029023,478.35934597824394,3150.4940018146904,15.20213301931988,0.0,482.8488338176922,86.22328637937287,97.15299873732154,41.666666666666664,12.39196412465836,191703662.2496527,95824833.33333333,10.0,1.0,7.853981633974483,20.0,2.5,98.17477042468104,8782.630493135404,9.618725678016885,9.869138774764972,49.673934606704805,12.144124842165192,2302.786376953125,426.940605116282,5.208333333333333,0.3660418082569846,161.99951226071596
275,0.572665,1.0,1,1062.430776346562,0.0,490.75131010290244,9.618725678016887,76.94980542413509,86.56853110215198,1080.6849061720347,0.0,18.25412982547249,3131.2791283140295,0.0,0.0,0.0,6.748104638862859,0.0,321.3916248967705,8782.630493135404,9.618725678016885,9.869138774764972,49.673934606704805,12.144124842165192,2302.786376953125,12.144124842165192,86.22328637937287,86.22328637937287,0.0,0.0,5.208333333333333,0.3660418082569846,426.940605116282,161.99951226071596,297.3695068645957,150.3260653932952,1.0,2.2749860674002154,0.0,1855.239583956697,490.7513101029023,478.35934597824394,3150.4940018146904,15.20213301931988,0.0,482.8488338176922,86.22328637937287,97.15299873732154,41.666666666666664,12.39196412465836,191703662.2496527,95824833.33333333,10.0,1.0,7.853981633974483,20.0,2.5,98.17477042468104,8782.630493135404,9.618725678016885,9.869138774764972,49.673934606704805,12.144124842165192,2302.786376953125,426.940605116282,5.208333333333333,0.3660418082569846,161.99951226071596
276,0.542372,1.0,1,1006.2300036297617,0.0,427.4745512914512,8.378501205312443,67.02800964249954,75.40651084781199,1017.5321698078536,0.0,11.302166178092023,3119.382111284459,0.0,0.0,1.2402244727044422,5.482569462633838,0.0,323.6552360338337,8782.630493135404,9.618725678016885,9.869138774764972,49.673934606704805,12.144124842165192,2302.786376953125,12.144124842165192,86.22328637937287,86.22328637937287,0.0,0.0,5.208333333333333,0.3660418082569846,426.940605116282,161.99951226071596,297.3695068645957,150.3260653932952,1.0,2.2749860674002154,0.0,1855.239583956697,490.7513101029023,478.35934597824394,3150.4940018146904,15.20213301931988,0.0,482.8488338176922,86.22328637937287,97.15299873732154,41.666666666666664,12.39196412465836,191703662.2496527,95824833.33333333,10.0,1.0,7.853981633974483,20.0,2.5,98.17477042468104,8782.630493135404,9.618725678016885,9.869138774764972,49.673934606704805,12.144124842165192,2302.786376953125,426.940605116282,5.208333333333333,0.3660418082569846,161.99951226071596
277,0.520986,1.0,1,966.5538498872637,0.0,376.3961176409062,7.3773639057617615,59.01891124609409,66.39627515185586,966.5538498872638,0.0,0.0,3119.382111284459,0.0,0.0,2.2413617722551233,3.1954656133939157,0.0,325.918847170897,8782.630493135404,9.618725678016885,9.869138774764972,49.673934606704805,12.144124842165192,2302.786376953125,12.144124842165192,86.22328637937287,86.22328637937287,0.0,0.0,5.208333333333333,0.3660418082569846,426.940605116282,161.99951226071596,297.3695068645957,150.3260653932952,1.0,2.2749860674002154,0.0,1855.239583956697,490.7513101029023,478.35934597824394,3150.4940018146904,15.20213301931988,0.0,482.8488338176922,86.22328637937287,97.15299873732154,41.666666666666664,12.39196412465836,191703662.2496527,95824833.33333333,10.0,1.0,7.853981633974483,20.0,2.5,98.17477042468104,8782.630493135404,9.618725678016885,9.869138774764972,49.673934606704805,12.144124842165192,2302.786376953125,426.940605116282,5.208333333333333,0.3660418082569846,161.99951226071596
278,0.496553,1.0,1,921.2247811324498,0.0,330.9780294332059,6.487169376890836,51.897355015126685,58.38452439201752,921.22478113245,0.0,0.0,3119.382111284459,0.0,0.0,3.131556301126042,0.0,0.0,328.1824583079602,8782.630493135404,9.618725678016878,9.869138774764972,49.673934606704805,12.144124842165185,2302.786376953125,12.144124842165185,86.22328637937281,86.22328637937281,0.0,0.0,5.208333333333333,0.3660418082569846,426.9406051162813,161.99951226071596,297.3695068645957,150.3260653932952,1.0,2.2749860674002065,0.0,1855.239583956697,490.7513101029023,478.35934597824394,3150.4940018146904,15.20213301931988,0.0,482.8488338176922,86.22328637937287,97.15299873732154,41.666666666666664,12.39196412465836,191703662.2496527,95824833.33333333,10.0,1.0,7.853981633974483,20.0,2.5,98.17477042468104,8782.630493135404,9.618725678016885,9.869138774764972,49.673934606704805,12.144124842165192,2302.786376953125,426.940605116282,5.208333333333333,0.3660418082569846,161.99951226071596
279,0.45986,1.0,1,853.1504750783267,0.0,490.75131010290244,9.618725678016887,76.94980542413509,86.56853110215198,1080.6849061720347,0.0,227.53443109370755,2879.8721838173983,0.0,0.0,0.0,0.0,0.0,330.4460694450234,8782.630493135404,9.618725678016885,9.869138774764972,49.673934606704805,12.144124842165192,2302.786376953125,12.144124842165192,86.22328637937287,86.22328637937287,0.0,0.0,5.208333333333333,0.3660418082569846,426.940605116282,161.99951226071596,297.3695068645957,150.3260653932952,1.0,2.2749860674002154,0.0,1855.239583956697,490.7513101029023,478.35934597824394,3150.4940018146904,15.20213301931988,0.0,482.8488338176922,86.22328637937287,97.15299873732154,41.666666666666664,12.39196412465836,191703662.2496527,95824833.33333333,10.0,1.0,7.853981633974483,20.0,2.5,98.17477042468104,8782.630493135404,9.618725678016885,9.869138774764972,49.673934606704805,12.144124842165192,2302.786376953125,426.940605116282,5.208333333333333,0.3660418082569846,161.99951226071596
280,0.419245,1.0,1,777.7999193759255,0.0,490.7513101029023,9.618725678016885,76.94980542413508,86.56853110215197,1080.6849061720343,0.0,302.8849867961089,2561.0458819267574,0.0,0.0,0.0,0.0,0.0,332.7096805820866,8782.630493135404,9.618725678016885,9.869138774764972,49.673934606704805,12.144124842165192,2302.786376953125,12.144124842165192,86.22328637937287,86.22328637937287,0.0,0.0,5.208333333333333,0.3660418082569846,426.940605116282,161.99951226071596,297.3695068645957,150.3260653932952,1.0,2.2749860674002154,0.0,1855.239583956697,490.7513101029023,478.35934597824394,3150.4940018146904,15.20213301931988,0.0,482.8488338176922,86.22328637937287,97.15299873732154,41.666666666666664,12.39196412465836,191703662.2496527,95824833.33333333,10.0,1.0,7.853981633974483,20.0,2.5,98.17477042468104,8782.630493135404,9.618725678016885,9.869138774764972,49.673934606704805,12.144124842165192,2302.786376953125,426.940605116282,5.208333333333333,0.3660418082569846,161.99951226071596
281,0.38481,1.0,1,713.9147443023766,0.0,490.7513101029024,9.618725678016887,76.94980542413509,86.56853110215198,1080.6849061720345,0.0,366.7701618696578,2174.9720273271178,0.0,0.0,0.0,0.0,0.0,334.9732917191498,8782.630493135404,9.618725678016885,9.869138774764972,49.673934606704805,12.144124842165192,2302.786376953125,12.144124842165192,86.22328637937287,86.22328637937287,0.0,0.0,5.208333333333333,0.3660418082569846,426.940605116282,161.99951226071596,297.3695068645957,150.3260653932952,1.0,2.2749860674002154,0.0,1855.239583956697,490.7513101029023,478.35934597824394,3150.4940018146904,15.20213301931988,0.0,482.8488338176922,86.22328637937287,97.15299873732154,41.666666666666664,12.39196412465836,191703662.2496527,95824833.33333333,10.0,1.0,7.853981633974483,20.0,2.5,98.17477042468104,8782.630493135404,9.618725678016885,9.869138774764972,49.673934606704805,12.144124842165192,2302.786376953125,426.940605116282,5.208333333333333,0.3660418082569846,161.99951226071596
282,0.371358,1.0,1,688.9580614189912,0.0,490.75131010290244,9.618725678016887,76.94980542413509,86.56853110215198,1080.6849061720347,0.0,391.72684475304334,1762.627980218651,0.0,0.0,0.0,0.0,0.0,337.236902856213,8782.630493135404,9.618725678016885,9.869138774764972,49.673934606704805,12.144124842165192,2302.786376953125,12.144124842165192,86.22328637937287,86.22328637937287,0.0,0.0,5.208333333333333,0.3660418082569846,426.940605116282,161.99951226071596,297.3695068645957,150.3260653932952,1.0,2.2749860674002154,0.0,1855.239583956697,490.7513101029023,478.35934597824394,3150.4940018146904,15.20213301931988,0.0,482.8488338176922,86.22328637937287,97.15299873732154,41.666666666666664,12.39196412465836,191703662.2496527,95824833.33333333,10.0,1.0,7.853981633974483,20.0,2.5,98.17477042468104,8782.630493135404,9.618725678016885,9.869138774764972,49.673934606704805,12.144124842165192,2302.786376953125,426.940605116282,5.208333333333333,0.3660418082569846,161.99951226071596
283,0.366851,0.0,1,680.5964966140982,0.0,490.75131010290244,9.618725678016887,76.94980542413509,86.56853110215198,680.5964966140987,7.6147442023123535,0.0,1769.8619872108477,1.0,9.618725678016887,0.0,9.42635116445655,0.0,327.3181704192633,0.0,0.0,9.869138774764972,49.673934606704805,0.0,0.0,0.0,0.0,0.0,0.0,0.0,5.208333333333333,0.3660418082569846,0.0,161.99951226071596,9080.0,150.3260653932952,0.0,0.0,9.869138774764972,1855.239583956697,490.7513101029023,478.35934597824394,3150.4940018146904,15.20213301931988,0.0,482.8488338176922,86.22328637937287,97.15299873732154,41.666666666666664,12.39196412465836,191703662.2496527,95824833.33333333,10.0,1.0,7.853981633974483,20.0,2.5,98.17477042468104,8782.630493135404,9.618725678016885,9.869138774764972,49.673934606704805,12.144124842165192,2302.786376953125,426.940605116282,5.208333333333333,0.3660418082569846,161.99951226071596
284,0.3455149999999999,1.0,1,641.013104850798,0.0,50.216059690858344,0.9842347699408235,7.873878159526588,8.858112929467412,641.0131048507981,0.0,0.0,1769.8619872108477,0.0,0.0,8.634490908076062,0.6156461562156696,0.0,329.5817815563265,8782.630493135404,9.618725678016885,9.869138774764972,49.673934606704805,12.144124842165192,2302.786376953125,12.144124842165192,86.22328637937287,86.22328637937287,0.0,0.0,5.208333333333333,0.3660418082569846,426.940605116282,161.99951226071596,297.3695068645957,150.3260653932952,1.0,2.2749860674002154,0.0,1855.239583956697,490.7513101029023,478.35934597824394,3150.4940018146904,15.20213301931988,0.0,482.8488338176922,86.22328637937287,97.15299873732154,41.666666666666664,12.39196412465836,191703662.2496527,95824833.33333333,10.0,1.0,7.853981633974483,20.0,2.5,98.17477042468104,8782.630493135404,9.618725678016885,9.869138774764972,49.673934606704805,12.144124842165192,2302.786376953125,426.940605116282,5.208333333333333,0.3660418082569846,161.99951226071596
285,0.2994,0.0,1,555.458731436635,0.0,377.66141309076085,7.402163696578913,59.2173095726313,66.61947326921022,555.4587314367687,0.0,0.0,1769.8619872108477,1.0,7.402163696578913,0.0,7.869766578863004,0.0,319.6630491193768,0.0,0.0,9.869138774764972,49.673934606704805,0.0,0.0,0.0,0.0,0.0,0.0,0.0,5.208333333333333,0.3660418082569846,0.0,161.99951226071596,9080.0,150.3260653932952,0.0,0.0,9.869138774764972,1855.239583956697,490.7513101029023,478.35934597824394,3150.4940018146904,15.20213301931988,0.0,482.8488338176922,86.22328637937287,97.15299873732154,41.666666666666664,12.39196412465836,191703662.2496527,95824833.33333333,10.0,1.0,7.853981633974483,20.0,2.5,98.17477042468104,8782.630493135404,9.618725678016885,9.869138774764972,49.673934606704805,12.144124842165192,2302.786376953125,426.940605116282,5.208333333333333,0.3660418082569846,161.99951226071596
286,0.24473,1.0,1,454.0327833817225,0.0,424.1990947630233,8.314302257355257,66.51441805884205,74.8287203161973,1014.2631331742215,0.0,560.2303497924859,1180.1458295345587,0.0,0.0,1.30442342066163,6.538722272065423,0.0,321.92666025644,8782.630493135404,9.618725678016885,9.869138774764972,49.673934606704805,12.144124842165192,2302.786376953125,12.144124842165192,86.22328637937287,86.22328637937288,0.0,0.0,5.208333333333333,0.3660418082569846,426.940605116282,161.99951226071596,297.3695068645957,150.3260653932952,1.0,2.2749860674002154,0.0,1855.239583956697,490.7513101029023,478.35934597824394,3150.4940018146904,15.20213301931988,0.0,482.8488338176922,86.22328637937287,97.15299873732154,41.666666666666664,12.39196412465836,191703662.2496527,95824833.33333333,10.0,1.0,7.853981633974483,20.0,2.5,98.17477042468104,8782.630493135404,9.618725678016885,9.869138774764972,49.673934606704805,12.144124842165192,2302.786376953125,426.940605116282,5.208333333333333,0.3660418082569846,161.99951226071596
287,0.183399,0.0,1,340.2490844580743,0.0,170.56975895422676,3.3431672755028443,26.745338204022755,30.088505479525598,340.2490844580825,0.0,0.0,1180.14582953455,1.0,3.3431672755028443,0.0,9.81502620205821,0.0,312.0079278194903,0.0,0.0,9.869138774764972,49.673934606704805,0.0,0.0,0.0,0.0,0.0,0.0,0.0,5.208333333333333,0.3660418082569846,0.0,161.99951226071596,9080.0,150.3260653932952,0.0,0.0,9.869138774764972,1855.239583956697,490.7513101029023,478.35934597824394,3150.4940018146904,15.20213301931988,0.0,482.8488338176922,86.22328637937287,97.15299873732154,41.666666666666664,12.39196412465836,191703662.2496527,95824833.33333333,10.0,1.0,7.853981633974483,20.0,2.5,98.17477042468104,8782.630493135404,9.618725678016885,9.869138774764972,49.673934606704805,12.144124842165192,2302.786376953125,426.940605116282,5.208333333333333,0.3660418082569846,161.99951226071596
288,0.694955,1.0,1,1289.3080250686264,0.0,490.75131010290306,9.618725678016899,76.94980542413519,86.5685311021521,1289.308025068627,208.6231188965919,0.0,1378.3377924863123,0.0,0.0,0.0,9.815026202058226,0.0,314.2715389565535,8782.630493135404,9.618725678016885,9.869138774764972,49.673934606704805,12.144124842165192,2302.786376953125,12.144124842165192,86.22328637937287,86.22328637937287,0.0,0.0,5.208333333333333,0.3660418082569846,426.940605116282,161.99951226071596,297.3695068645957,150.3260653932952,1.0,2.2749860674002154,0.0,1855.239583956697,490.7513101029023,478.35934597824394,3150.4940018146904,15.20213301931988,0.0,482.8488338176922,86.22328637937287,97.15299873732154,41.666666666666664,12.39196412465836,191703662.2496527,95824833.33333333,10.0,1.0,7.853981633974483,20.0,2.5,98.17477042468104,8782.630493135404,9.618725678016885,9.869138774764972,49.673934606704805,12.144124842165192,2302.786376953125,426.940605116282,5.208333333333333,0.3660418082569846,161.99951226071596
289,0.668439,1.0,1,1240.1144922604306,0.0,490.75131010290244,9.618725678016887,76.94980542413509,86.56853110215198,1240.1144922604428,159.42958608840817,0.0,1529.7958992703002,0.0,0.0,0.0,9.815026202058226,0.0,316.53515009360865,8782.630493135404,9.618725678016885,9.869138774764972,49.673934606704805,12.144124842165192,2302.786376953125,12.144124842165192,86.22328637937287,86.22328637937287,0.0,0.0,5.208333333333333,0.3660418082569846,426.940605116282,161.99951226071596,297.3695068645957,150.3260653932952,1.0,2.2749860674002154,0.0,1855.239583956697,490.7513101029023,478.35934597824394,3150.4940018146904,15.20213301931988,0.0,482.8488338176922,86.22328637937287,97.15299873732154,41.666666666666664,12.39196412465836,191703662.2496527,95824833.33333333,10.0,1.0,7.853981633974483,20.0,2.5,98.17477042468104,8782.630493135404,9.618725678016885,9.869138774764972,49.673934606704805,12.144124842165192,2302.786376953125,426.940605116282,5.208333333333333,0.3660418082569846,161.99951226071596
290,0.613669,1.0,1,1138.5030202471223,0.0,490.75131010290244,9.618725678016887,76.94980542413509,86.56853110215198,1138.5030202471225,57.818114075087855,0.0,1584.7231076416335,0.0,0.0,0.0,9.815026202058226,0.0,318.79876123067186,8782.630493135404,9.618725678016885,9.869138774764972,49.673934606704805,12.144124842165192,2302.786376953125,12.144124842165192,86.22328637937287,86.22328637937287,0.0,0.0,5.208333333333333,0.3660418082569846,426.940605116282,161.99951226071596,297.3695068645957,150.3260653932952,1.0,2.2749860674002154,0.0,1855.239583956697,490.7513101029023,478.35934597824394,3150.4940018146904,15.20213301931988,0.0,482.8488338176922,86.22328637937287,97.15299873732154,41.666666666666664,12.39196412465836,191703662.2496527,95824833.33333333,10.0,1.0,7.853981633974483,20.0,2.5,98.17477042468104,8782.630493135404,9.618725678016885,9.869138774764972,49.673934606704805,12.144124842165192,2302.786376953125,426.940605116282,5.208333333333333,0.3660418082569846,161.99951226071596
291,0.596526,1.0,1,1106.6986480593528,0.0,490.75131010290244,9.618725678016887,76.94980542413509,86.56853110215198,1106.698648059353,26.013741887318297,0.0,1609.4361624345859,0.0,0.0,0.0,9.815026202058228,0.0,321.06237236773507,8782.630493135404,9.618725678016885,9.869138774764972,49.673934606704805,12.144124842165192,2302.786376953125,12.144124842165192,86.22328637937287,86.22328637937287,0.0,0.0,5.208333333333333,0.3660418082569846,426.940605116282,161.99951226071596,297.3695068645957,150.3260653932952,1.0,2.2749860674002154,0.0,1855.239583956697,490.7513101029023,478.35934597824394,3150.4940018146904,15.20213301931988,0.0,482.8488338176922,86.22328637937287,97.15299873732154,41.666666666666664,12.39196412465836,191703662.2496527,95824833.33333333,10.0,1.0,7.853981633974483,20.0,2.5,98.17477042468104,8782.630493135404,9.618725678016885,9.869138774764972,49.673934606704805,12.144124842165192,2302.786376953125,426.940605116282,5.208333333333333,0.3660418082569846,161.99951226071596
292,0.583219,1.0,1,1082.0109749156409,0.0,490.75131010290244,9.618725678016887,76.94980542413509,86.56853110215198,1082.010974915641,1.3260687436064131,0.0,1610.695927741012,0.0,0.0,0.0,9.815026202058231,0.0,323.32598350479316,8782.630493135404,9.618725678016885,9.869138774764972,49.673934606704805,12.144124842165192,2302.786376953125,12.144124842165192,86.22328637937287,86.22328637937287,0.0,0.0,5.208333333333333,0.3660418082569846,426.940605116282,161.99951226071596,297.3695068645957,150.3260653932952,1.0,2.2749860674002154,0.0,1855.239583956697,490.7513101029023,478.35934597824394,3150.4940018146904,15.20213301931988,0.0,482.8488338176922,86.22328637937287,97.15299873732154,41.666666666666664,12.39196412465836,191703662.2496527,95824833.33333333,10.0,1.0,7.853981633974483,20.0,2.5,98.17477042468104,8782.630493135404,9.618725678016885,9.869138774764972,49.673934606704805,12.144124842165192,2302.786376953125,426.940605116282,5.208333333333333,0.3660418082569846,161.99951226071596
293,0.462563,1.0,1,858.1651876737617,0.0,267.7945964458619,5.248774090338893,41.99019272271114,47.238966813050034,858.1651876737617,0.0,0.0,1610.695927741012,0.0,0.0,4.369951587677992,5.355891928917422,0.0,325.58959464185637,8782.630493135404,9.618725678016885,9.869138774764972,49.673934606704805,12.144124842165192,2302.786376953125,12.144124842165192,86.22328637937287,86.22328637937287,0.0,0.0,5.208333333333333,0.3660418082569846,426.940605116282,161.99951226071596,297.3695068645957,150.3260653932952,1.0,2.2749860674002154,0.0,1855.239583956697,490.7513101029023,478.35934597824394,3150.4940018146904,15.20213301931988,0.0,482.8488338176922,86.22328637937287,97.15299873732154,41.666666666666664,12.39196412465836,191703662.2496527,95824833.33333333,10.0,1.0,7.853981633974483,20.0,2.5,98.17477042468104,8782.630493135404,9.618725678016885,9.869138774764972,49.673934606704805,12.144124842165192,2302.786376953125,426.940605116282,5.208333333333333,0.3660418082569846,161.99951226071596
294,0.266927,1.0,1,495.2135364268093,0.0,222.95671365703123,4.369951587677812,34.95961270142249,39.329564289100304,813.4151871351971,0.0,318.20165070838783,1275.7468217321828,0.0,0.0,5.248774090339073,0.0,0.0,327.85320577891093,8782.630493135404,9.618725678016885,9.869138774764972,49.673934606704805,12.144124842165192,2302.786376953125,12.144124842165192,86.22328637937287,86.22328637937287,0.0,0.0,5.208333333333333,0.3660418082569846,426.940605116282,161.99951226071596,297.3695068645957,150.3260653932952,1.0,2.2749860674002154,0.0,1855.239583956697,490.7513101029023,478.35934597824394,3150.4940018146904,15.20213301931988,0.0,482.8488338176922,86.22328637937287,97.15299873732154,41.666666666666664,12.39196412465836,191703662.2496527,95824833.33333333,10.0,1.0,7.853981633974483,20.0,2.5,98.17477042468104,8782.630493135404,9.618725678016885,9.869138774764972,49.673934606704805,12.144124842165192,2302.786376953125,426.940605116282,5.208333333333333,0.3660418082569846,161.99951226071596
295,0.128809,0.0,1,238.9715555698782,0.0,490.7513101029024,9.618725678016887,76.94980542413509,86.56853110215198,672.9817524117863,0.0,434.010196841908,818.8939829512378,1.0,9.618725678016887,0.0,9.426351164456548,0.0,317.9344733419612,0.0,0.0,9.869138774764972,49.673934606704805,0.0,0.0,0.0,0.0,0.0,0.0,0.0,5.208333333333333,0.3660418082569846,0.0,161.99951226071596,9080.0,150.3260653932952,0.0,0.0,9.869138774764972,1855.239583956697,490.7513101029023,478.35934597824394,3150.4940018146904,15.20213301931988,0.0,482.8488338176922,86.22328637937287,97.15299873732154,41.666666666666664,12.39196412465836,191703662.2496527,95824833.33333333,10.0,1.0,7.853981633974483,20.0,2.5,98.17477042468104,8782.630493135404,9.618725678016885,9.869138774764972,49.673934606704805,12.144124842165192,2302.786376953125,426.940605116282,5.208333333333333,0.3660418082569846,161.99951226071596
296,0.109901,0.0,1,203.89268551642496,0.0,61.59838662422145,1.2073283778347403,9.658627022677923,10.865955400512663,227.006034332741,0.0,23.113348816308243,794.564142091966,1.0,1.2073283778347403,0.0,10.609532974734595,0.0,308.0157409050115,0.0,0.0,9.869138774764972,49.673934606704805,0.0,0.0,0.0,0.0,0.0,0.0,0.0,5.208333333333333,0.3660418082569846,0.0,161.99951226071596,9080.0,150.3260653932952,0.0,0.0,9.869138774764972,1855.239583956697,490.7513101029023,478.35934597824394,3150.4940018146904,15.20213301931988,0.0,482.8488338176922,86.22328637937287,97.15299873732154,41.666666666666664,12.39196412465836,191703662.2496527,95824833.33333333,10.0,1.0,7.853981633974483,20.0,2.5,98.17477042468104,8782.630493135404,9.618725678016885,9.869138774764972,49.673934606704805,12.144124842165192,2302.786376953125,426.940605116282,5.208333333333333,0.3660418082569846,161.99951226071596
297,0.164786,0.0,1,305.71751008188824,0.0,184.99769602326316,3.625954842055958,29.007638736447664,32.63359357850362,355.24259666022516,0.0,49.52508657833688,742.4324720095061,1.0,3.6259548420559575,0.0,14.162968719949433,0.0,298.0970084680618,0.0,0.0,9.869138774764972,49.673934606704805,0.0,0.0,0.0,0.0,0.0,0.0,0.0,5.208333333333333,0.3660418082569846,0.0,161.99951226071596,9080.0,150.3260653932952,0.0,0.0,9.869138774764972,1855.239583956697,490.7513101029023,478.35934597824394,3150.4940018146904,15.20213301931988,0.0,482.8488338176922,86.22328637937287,97.15299873732154,41.666666666666664,12.39196412465836,191703662.2496527,95824833.33333333,10.0,1.0,7.853981633974483,20.0,2.5,98.17477042468104,8782.630493135404,9.618725678016885,9.869138774764972,49.673934606704805,12.144124842165192,2302.786376953125,426.940605116282,5.208333333333333,0.3660418082569846,161.99951226071596
298,0.2640559999999999,1.0,1,489.8871435812694,0.0,71.39196684860607,1.3992825502326791,11.194260401861433,12.593542952094111,662.1475072305166,0.0,172.2603636492471,561.1057734313513,0.0,0.0,8.219443127784206,5.775781854863508,0.0,300.3606196051166,8782.630493135404,9.618725678016885,9.869138774764972,49.673934606704805,12.144124842165192,2302.786376953125,12.144124842165192,86.22328637937287,86.22328637937288,0.0,0.0,5.208333333333333,0.3660418082569846,426.940605116282,161.99951226071596,297.3695068645957,150.3260653932952,1.0,2.2749860674002154,0.0,1855.239583956697,490.7513101029023,478.35934597824394,3150.4940018146904,15.20213301931988,0.0,482.8488338176922,86.22328637937287,97.15299873732154,41.666666666666664,12.39196412465836,191703662.2496527,95824833.33333333,10.0,1.0,7.853981633974483,20.0,2.5,98.17477042468104,8782.630493135404,9.618725678016885,9.869138774764972,49.673934606704805,12.144124842165192,2302.786376953125,426.940605116282,5.208333333333333,0.3660418082569846,161.99951226071596
299,0.365043,0.0,1,677.2422234463046,0.0,490.7513101029024,9.618725678016887,76.94980542413509,86.56853110215198,677.2422234463047,4.260471034518389,0.0,565.1532209141437,1.0,9.618725678016887,0.0,15.202133019320057,0.0,290.4418871681669,0.0,0.0,9.869138774764972,49.673934606704805,0.0,0.0,0.0,0.0,0.0,0.0,0.0,5.208333333333333,0.3660418082569846,0.0,161.99951226071596,9080.0,150.3260653932952,0.0,0.0,9.869138774764972,1855.239583956697,490.7513101029023,478.35934597824394,3150.4940018146904,15.20213301931988,0.0,482.8488338176922,86.22328637937287,97.15299873732154,41.666666666666664,12.39196412465836,191703662.2496527,95824833.33333333,10.0,1.0,7.853981633974483,20.0,2.5,98.17477042468104,8782.630493135404,9.618725678016885,9.869138774764972,49.673934606704805,12.144124842165192,2302.786376953125,426.940605116282,5.208333333333333,0.3660418082569846,161.99951226071596
300,0.430251,1.0,1,798.2186862369529,0.0,207.7303691235012,4.071515234820623,32.572121878564985,36.64363711338561,798.2186862369529,0.0,0.0,565.1532209141437,0.0,0.0,5.547210443196262,9.541714199732034,0.0,292.7054983052301,8782.630493135404,9.618725678016885,9.869138774764972,49.673934606704805,12.144124842165192,2302.786376953125,12.144124842165192,86.22328637937287,86.22328637937287,0.0,0.0,5.208333333333333,0.3660418082569846,426.940605116282,161.99951226071596,297.3695068645957,150.3260653932952,1.0,2.2749860674002154,0.0,1855.239583956697,490.7513101029023,478.35934597824394,3150.4940018146904,15.20213301931988,0.0,482.8488338176922,86.22328637937287,97.15299873732154,41.666666666666664,12.39196412465836,191703662.2496527,95824833.33333333,10.0,1.0,7.853981633974483,20.0,2.5,98.17477042468104,8782.630493135404,9.618725678016885,9.869138774764972,49.673934606704805,12.144124842165192,2302.786376953125,426.940605116282,5.208333333333333,0.3660418082569846,161.99951226071596
301,0.450354,1.0,1,835.5145675932343,0.0,245.09949396447098,4.803950081703631,38.43160065362905,43.23555073533268,835.5145675932343,0.0,0.0,565.1532209141437,0.0,0.0,4.814775596313254,4.628677876963407,0.0,294.9691094422881,8782.630493135404,9.618725678016885,9.869138774764972,49.673934606704805,12.144124842165192,2302.786376953125,12.144124842165192,86.22328637937287,86.22328637937287,0.0,0.0,5.208333333333333,0.3660418082569846,426.940605116282,161.99951226071596,297.3695068645957,150.3260653932952,1.0,2.2749860674002154,0.0,1855.239583956697,490.7513101029023,478.35934597824394,3150.4940018146904,15.20213301931988,0.0,482.8488338176922,86.22328637937287,97.15299873732154,41.666666666666664,12.39196412465836,191703662.2496527,95824833.33333333,10.0,1.0,7.853981633974483,20.0,2.5,98.17477042468104,8782.630493135404,9.618725678016885,9.869138774764972,49.673934606704805,12.144124842165192,2302.786376953125,426.940605116282,5.208333333333333,0.3660418082569846,161.99951226071596
302,0.453067,1.0,1,840.5478325845089,0.0,450.78253804716365,8.835337745724408,70.68270196579526,79.51803971151966,1040.794472909525,0.0,200.24664032501576,354.3672837299166,0.0,0.0,0.7833879322924826,3.8293024358486294,0.0,297.2327205793513,8782.630493135404,9.618725678016885,9.869138774764972,49.673934606704805,12.144124842165192,2302.786376953125,12.144124842165192,86.22328637937287,86.22328637937288,0.0,0.0,5.208333333333333,0.3660418082569846,426.940605116282,161.99951226071596,297.3695068645957,150.3260653932952,1.0,2.2749860674002154,0.0,1855.239583956697,490.7513101029023,478.35934597824394,3150.4940018146904,15.20213301931988,0.0,482.8488338176922,86.22328637937287,97.15299873732154,41.666666666666664,12.39196412465836,191703662.2496527,95824833.33333333,10.0,1.0,7.853981633974483,20.0,2.5,98.17477042468104,8782.630493135404,9.618725678016885,9.869138774764972,49.673934606704805,12.144124842165192,2302.786376953125,426.940605116282,5.208333333333333,0.3660418082569846,161.99951226071596
303,0.4652869999999999,1.0,1,863.2188603004595,0.0,490.75131010290255,9.61872567801689,76.94980542413512,86.56853110215201,1080.6849061720347,0.0,217.46604587156264,125.45565649669288,0.0,0.0,0.0,3.8293024358486294,0.0,299.4963317164145,8782.630493135404,9.618725678016885,9.869138774764972,49.673934606704805,12.144124842165192,2302.786376953125,12.144124842165192,86.22328637937287,86.22328637937287,0.0,0.0,5.208333333333333,0.3660418082569846,426.940605116282,161.99951226071596,297.3695068645957,150.3260653932952,1.0,2.2749860674002154,0.0,1855.239583956697,490.7513101029023,478.35934597824394,3150.4940018146904,15.20213301931988,0.0,482.8488338176922,86.22328637937287,97.15299873732154,41.666666666666664,12.39196412465836,191703662.2496527,95824833.33333333,10.0,1.0,7.853981633974483,20.0,2.5,98.17477042468104,8782.630493135404,9.618725678016885,9.869138774764972,49.673934606704805,12.144124842165192,2302.786376953125,426.940605116282,5.208333333333333,0.3660418082569846,161.99951226071596
304,0.518263,1.0,1,961.5020325001498,0.0,490.7513101028934,9.61872567801671,76.94980542413369,86.5685311021504,1080.6849061720256,0.0,119.1828736718752,0.0,0.0,0.0,0.0,3.829302435848467,0.0,301.7599428534777,8782.630493135404,9.618725678016885,9.869138774764972,49.673934606704805,12.144124842165192,2302.786376953125,12.144124842165192,86.22328637937287,86.22328637937287,0.0,0.0,5.208333333333333,0.3660418082569846,426.940605116282,161.99951226071596,297.3695068645957,150.3260653932952,1.0,2.2749860674002154,0.0,1855.239583956697,490.7513101029023,478.35934597824394,3150.4940018146904,15.20213301931988,0.0,482.8488338176922,86.22328637937287,97.15299873732154,41.666666666666664,12.39196412465836,191703662.2496527,95824833.33333333,10.0,1.0,7.853981633974483,20.0,2.5,98.17477042468104,8782.630493135404,9.618725678016885,9.869138774764972,49.673934606704805,12.144124842165192,2302.786376953125,426.940605116282,5.208333333333333,0.3660418082569846,161.99951226071596
305,0.61585,1.0,1,1142.549297779732,0.0,490.75131010290244,9.618725678016887,76.94980542413509,86.56853110215198,1142.5492977797321,61.86439160769919,0.0,58.77117202731423,0.0,0.0,0.0,3.8293024358484757,0.0,304.0235539905085,8782.630493135404,9.618725678016878,9.869138774764972,49.673934606704805,12.144124842141963,2302.786376953125,12.144124842141963,86.22328637920793,86.22328637920793,0.0,0.0,5.208333333333333,0.3660418082569846,426.94060511628015,161.99951226071596,297.3695068645957,150.3260653932952,1.0,2.2749860673769646,0.0,1855.239583956697,490.7513101029023,478.35934597824394,3150.4940018146904,15.20213301931988,0.0,482.8488338176922,86.22328637937287,97.15299873732154,41.666666666666664,12.39196412465836,191703662.2496527,95824833.33333333,10.0,1.0,7.853981633974483,20.0,2.5,98.17477042468104,8782.630493135404,9.618725678016885,9.869138774764972,49.673934606704805,12.144124842165192,2302.786376953125,426.940605116282,5.208333333333333,0.3660418082569846,161.99951226071596
306,0.708998,1.0,1,1315.3611545461304,0.0,490.7513101029023,9.618725678016885,76.94980542413508,86.56853110215197,1315.361154546131,234.6762483740967,0.0,281.71360798268825,1.0,0.0,0.0,3.8293024358484757,0.0,306.2871651275717,8782.630493135404,9.618725678016885,9.869138774764972,49.673934606704805,12.144124842165192,2302.786376953125,12.144124842165192,86.22328637937287,86.22328637937287,0.0,0.0,5.208333333333333,0.3660418082569846,426.940605116282,161.99951226071596,297.3695068645957,150.3260653932952,1.0,2.2749860674002154,0.0,1855.239583956697,490.7513101029023,478.35934597824394,3150.4940018146904,15.20213301931988,0.0,482.8488338176922,86.22328637937287,97.15299873732154,41.666666666666664,12.39196412465836,191703662.2496527,95824833.33333333,10.0,1.0,7.853981633974483,20.0,2.5,98.17477042468104,8782.630493135404,9.618725678016885,9.869138774764972,49.673934606704805,12.144124842165192,2302.786376953125,426.940605116282,5.208333333333333,0.3660418082569846,161.99951226071596
307,0.772784,1.0,1,1433.6994666483922,0.0,490.7513101029023,9.618725678016885,76.94980542413508,86.56853110215197,1433.699466648393,353.0145604763586,0.0,617.0774404352289,1.0,0.0,0.0,3.8293024358484757,0.0,308.5507762646349,8782.630493135404,9.618725678016885,9.869138774764972,49.673934606704805,12.144124842165192,2302.786376953125,12.144124842165192,86.22328637937287,86.22328637937287,0.0,0.0,5.208333333333333,0.3660418082569846,426.940605116282,161.99951226071596,297.3695068645957,150.3260653932952,1.0,2.2749860674002154,0.0,1855.239583956697,490.7513101029023,478.35934597824394,3150.4940018146904,15.20213301931988,0.0,482.8488338176922,86.22328637937287,97.15299873732154,41.666666666666664,12.39196412465836,191703662.2496527,95824833.33333333,10.0,1.0,7.853981633974483,20.0,2.5,98.17477042468104,8782.630493135404,9.618725678016885,9.869138774764972,49.673934606704805,12.144124842165192,2302.786376953125,426.940605116282,5.208333333333333,0.3660418082569846,161.99951226071596
308,0.8134880000000001,1.0,1,1509.2151386737658,0.0,490.75131010290244,9.618725678016887,76.94980542413509,86.56853110215198,1509.215138673766,428.53023250173294,0.0,1024.181161311875,0.0,0.0,0.0,3.8293024358484846,0.0,310.81438740168966,8782.630493135404,9.618725678016878,9.869138774764972,49.673934606704805,12.144124842165182,2302.786376953125,12.144124842165182,86.22328637937278,86.22328637937278,0.0,0.0,5.208333333333333,0.3660418082569846,426.9406051162804,161.99951226071596,297.3695068645957,150.3260653932952,1.0,2.2749860674001803,0.0,1855.239583956697,490.7513101029023,478.35934597824394,3150.4940018146904,15.20213301931988,0.0,482.8488338176922,86.22328637937287,97.15299873732154,41.666666666666664,12.39196412465836,191703662.2496527,95824833.33333333,10.0,1.0,7.853981633974483,20.0,2.5,98.17477042468104,8782.630493135404,9.618725678016885,9.869138774764972,49.673934606704805,12.144124842165192,2302.786376953125,426.940605116282,5.208333333333333,0.3660418082569846,161.99951226071596
309,0.835563,1.0,1,1550.1695524896095,0.0,490.75131010290244,9.618725678016887,76.94980542413509,86.56853110215198,1080.6849061720347,0.0,0.0,1024.181161311875,0.0,0.0,0.0,3.8293024358484864,0.0,313.07799853875287,8782.630493135404,9.618725678016885,9.869138774764972,49.673934606704805,12.144124842165192,2302.786376953125,12.144124842165192,86.22328637937287,86.22328637937287,0.0,0.0,5.208333333333333,0.3660418082569846,426.940605116282,161.99951226071596,297.3695068645957,150.3260653932952,1.0,2.2749860674002154,0.0,1855.239583956697,490.7513101029023,478.35934597824394,3150.4940018146904,15.20213301931988,0.0,482.8488338176922,86.22328637937287,97.15299873732154,41.666666666666664,12.39196412465836,191703662.2496527,95824833.33333333,10.0,1.0,7.853981633974483,20.0,2.5,98.17477042468104,8782.630493135404,9.618725678016885,9.869138774764972,49.673934606704805,12.144124842165192,2302.786376953125,426.940605116282,5.208333333333333,0.3660418082569846,161.99951226071596
310,0.84622,1.0,1,1569.9408407358362,0.0,490.75131010290244,9.618725678016887,76.94980542413509,86.56853110215198,1187.6149225136146,106.9300163415813,0.0,1125.7646768363772,0.0,0.0,0.0,3.8293024358484935,0.0,315.34160967581585,8782.630493135404,9.61872567801688,9.869138774764972,49.673934606704805,12.144124842165185,2302.786376953125,12.144124842165185,86.22328637937281,86.22328637937281,0.0,0.0,5.208333333333333,0.3660418082569846,426.94060511628084,161.99951226071596,297.3695068645957,150.3260653932952,1.0,2.2749860674002083,0.0,1855.239583956697,490.7513101029023,478.35934597824394,3150.4940018146904,15.20213301931988,0.0,482.8488338176922,86.22328637937287,97.15299873732154,41.666666666666664,12.39196412465836,191703662.2496527,95824833.33333333,10.0,1.0,7.853981633974483,20.0,2.5,98.17477042468104,8782.630493135404,9.618725678016885,9.869138774764972,49.673934606704805,12.144124842165192,2302.786376953125,426.940605116282,5.208333333333333,0.3660418082569846,161.99951226071596
311,0.847698,1.0,1,1572.682884840924,0.0,490.7513101029023,9.618725678016885,76.94980542413508,86.56853110215197,1572.6828848409243,491.99797866889,0.0,1593.1627565718227,1.0,0.0,0.0,3.8293024358484935,0.0,317.60522081287905,8782.630493135404,9.618725678016885,9.869138774764972,49.673934606704805,12.144124842165192,2302.786376953125,12.144124842165192,86.22328637937287,86.22328637937287,0.0,0.0,5.208333333333333,0.3660418082569846,426.940605116282,161.99951226071596,297.3695068645957,150.3260653932952,1.0,2.2749860674002154,0.0,1855.239583956697,490.7513101029023,478.35934597824394,3150.4940018146904,15.20213301931988,0.0,482.8488338176922,86.22328637937287,97.15299873732154,41.666666666666664,12.39196412465836,191703662.2496527,95824833.33333333,10.0,1.0,7.853981633974483,20.0,2.5,98.17477042468104,8782.630493135404,9.618725678016885,9.869138774764972,49.673934606704805,12.144124842165192,2302.786376953125,426.940605116282,5.208333333333333,0.3660418082569846,161.99951226071596
312,0.577163,1.0,1,1070.775643995199,0.0,490.75131010290295,9.618725678016897,76.94980542413518,86.56853110215208,1080.6849061720352,0.0,9.909262176826815,1582.731954280426,0.0,0.0,0.0,3.8293024358484935,0.0,319.86883194994226,8782.630493135404,9.618725678016885,9.869138774764972,49.673934606704805,12.144124842165192,2302.786376953125,12.144124842165192,86.22328637937287,86.22328637937287,0.0,0.0,5.208333333333333,0.3660418082569846,426.940605116282,161.99951226071596,297.3695068645957,150.3260653932952,1.0,2.2749860674002154,0.0,1855.239583956697,490.7513101029023,478.35934597824394,3150.4940018146904,15.20213301931988,0.0,482.8488338176922,86.22328637937287,97.15299873732154,41.666666666666664,12.39196412465836,191703662.2496527,95824833.33333333,10.0,1.0,7.853981633974483,20.0,2.5,98.17477042468104,8782.630493135404,9.618725678016885,9.869138774764972,49.673934606704805,12.144124842165192,2302.786376953125,426.940605116282,5.208333333333333,0.3660418082569846,161.99951226071596
313,0.596117,1.0,1,1105.9398550695144,0.0,490.7513101029023,9.618725678016885,76.94980542413508,86.56853110215197,1080.6849061720343,0.0,0.0,1582.731954280426,1.0,0.0,0.0,3.8293024358484935,0.0,322.13244308700547,8782.630493135404,9.618725678016885,9.869138774764972,49.673934606704805,12.144124842165192,2302.786376953125,12.144124842165192,86.22328637937287,86.22328637937287,0.0,0.0,5.208333333333333,0.3660418082569846,426.940605116282,161.99951226071596,297.3695068645957,150.3260653932952,1.0,2.2749860674002154,0.0,1855.239583956697,490.7513101029023,478.35934597824394,3150.4940018146904,15.20213301931988,0.0,482.8488338176922,86.22328637937287,97.15299873732154,41.666666666666664,12.39196412465836,191703662.2496527,95824833.33333333,10.0,1.0,7.853981633974483,20.0,2.5,98.17477042468104,8782.630493135404,9.618725678016885,9.869138774764972,49.673934606704805,12.144124842165192,2302.786376953125,426.940605116282,5.208333333333333,0.3660418082569846,161.99951226071596
314,0.607581,1.0,1,1127.208321659994,0.0,490.7513101029019,9.618725678016878,76.94980542413502,86.5685311021519,1127.2083216599945,46.523415487962325,0.0,1626.9291989940002,0.0,0.0,0.0,3.8293024358484935,0.0,324.3960542240599,8782.630493135404,9.618725678016878,9.869138774764972,49.673934606704805,12.144124842180055,2302.786376953125,12.144124842180055,86.22328637947838,86.22328637937288,0.0,0.0,5.208333333333333,0.3660418082569846,426.94060511628015,161.99951226071596,297.3695068645957,150.3260653932952,1.0,2.2749860674150755,0.0,1855.239583956697,490.7513101029023,478.35934597824394,3150.4940018146904,15.20213301931988,0.0,482.8488338176922,86.22328637937287,97.15299873732154,41.666666666666664,12.39196412465836,191703662.2496527,95824833.33333333,10.0,1.0,7.853981633974483,20.0,2.5,98.17477042468104,8782.630493135404,9.618725678016885,9.869138774764972,49.673934606704805,12.144124842165192,2302.786376953125,426.940605116282,5.208333333333333,0.3660418082569846,161.99951226071596
315,0.605928,1.0,1,1124.1416106277136,0.0,490.7513101029023,9.618725678016885,76.94980542413508,86.56853110215197,1124.141610627714,43.456704455679755,0.0,1668.2130682269117,1.0,0.0,0.0,3.8293024358484935,0.0,326.65966536112313,8782.630493135404,9.618725678016885,9.869138774764972,49.673934606704805,12.144124842165192,2302.786376953125,12.144124842165192,86.22328637937287,86.22328637937288,0.0,0.0,5.208333333333333,0.3660418082569846,426.940605116282,161.99951226071596,297.3695068645957,150.3260653932952,1.0,2.2749860674002154,0.0,1855.239583956697,490.7513101029023,478.35934597824394,3150.4940018146904,15.20213301931988,0.0,482.8488338176922,86.22328637937287,97.15299873732154,41.666666666666664,12.39196412465836,191703662.2496527,95824833.33333333,10.0,1.0,7.853981633974483,20.0,2.5,98.17477042468104,8782.630493135404,9.618725678016885,9.869138774764972,49.673934606704805,12.144124842165192,2302.786376953125,426.940605116282,5.208333333333333,0.3660418082569846,161.99951226071596
316,0.615582,1.0,1,1142.0520935712314,0.0,490.75131010290244,9.618725678016887,76.94980542413509,86.56853110215198,1142.0520935712316,61.36718739919684,0.0,1726.5118962561487,0.0,0.0,0.0,3.8293024358484953,0.0,328.923276498182,8782.630493135404,9.618725678016885,9.869138774764972,49.673934606704805,12.144124842165192,2302.786376953125,12.144124842165192,86.22328637937287,86.22328637937287,0.0,0.0,5.208333333333333,0.3660418082569846,426.940605116282,161.99951226071596,297.3695068645957,150.3260653932952,1.0,2.2749860674002154,0.0,1855.239583956697,490.7513101029023,478.35934597824394,3150.4940018146904,15.20213301931988,0.0,482.8488338176922,86.22328637937287,97.15299873732154,41.666666666666664,12.39196412465836,191703662.2496527,95824833.33333333,10.0,1.0,7.853981633974483,20.0,2.5,98.17477042468104,8782.630493135404,9.618725678016885,9.869138774764972,49.673934606704805,12.144124842165192,2302.786376953125,426.940605116282,5.208333333333333,0.3660418082569846,161.99951226071596
317,0.6446280000000001,1.0,1,1195.9393825268378,0.0,490.7513101029023,9.618725678016885,76.94980542413508,86.56853110215197,1095.0277633148914,14.342857142857143,0.0,1740.1376106185073,0.0,0.0,0.0,3.8293024358484953,0.0,331.1868876352452,8782.630493135404,9.618725678016885,9.869138774764972,49.673934606704805,12.144124842165192,2302.786376953125,12.144124842165192,86.22328637937287,86.22328637937287,0.0,0.0,5.208333333333333,0.3660418082569846,426.940605116282,161.99951226071596,297.3695068645957,150.3260653932952,1.0,2.2749860674002154,0.0,1855.239583956697,490.7513101029023,478.35934597824394,3150.4940018146904,15.20213301931988,0.0,482.8488338176922,86.22328637937287,97.15299873732154,41.666666666666664,12.39196412465836,191703662.2496527,95824833.33333333,10.0,1.0,7.853981633974483,20.0,2.5,98.17477042468104,8782.630493135404,9.618725678016885,9.869138774764972,49.673934606704805,12.144124842165192,2302.786376953125,426.940605116282,5.208333333333333,0.3660418082569846,161.99951226071596
318,0.6789769999999999,1.0,1,1259.665006996166,0.0,490.75131010290244,9.618725678016887,76.94980542413509,86.56853110215198,1259.6650069961663,178.98010082413157,0.0,1910.1687064014322,0.0,0.0,0.0,3.829302435848497,0.0,333.45049877230844,8782.630493135404,9.618725678016885,9.869138774764972,49.673934606704805,12.144124842165192,2302.786376953125,12.144124842165192,86.22328637937287,86.22328637937287,0.0,0.0,5.208333333333333,0.3660418082569846,426.940605116282,161.99951226071596,297.3695068645957,150.3260653932952,1.0,2.2749860674002154,0.0,1855.239583956697,490.7513101029023,478.35934597824394,3150.4940018146904,15.20213301931988,0.0,482.8488338176922,86.22328637937287,97.15299873732154,41.666666666666664,12.39196412465836,191703662.2496527,95824833.33333333,10.0,1.0,7.853981633974483,20.0,2.5,98.17477042468104,8782.630493135404,9.618725678016885,9.869138774764972,49.673934606704805,12.144124842165192,2302.786376953125,426.940605116282,5.208333333333333,0.3660418082569846,161.99951226071596
319,0.6915359999999999,1.0,1,1282.9649609310784,0.0,490.75131010290244,9.618725678016887,76.94980542413509,86.56853110215198,1282.96496093108,202.2800547590453,0.0,2102.3347584225253,0.0,0.0,0.0,3.829302435848499,0.0,335.71410990937164,8782.630493135404,9.618725678016885,9.869138774764972,49.673934606704805,12.144124842165192,2302.786376953125,12.144124842165192,86.22328637937287,86.22328637937287,0.0,0.0,5.208333333333333,0.3660418082569846,426.940605116282,161.99951226071596,297.3695068645957,150.3260653932952,1.0,2.2749860674002154,0.0,1855.239583956697,490.7513101029023,478.35934597824394,3150.4940018146904,15.20213301931988,0.0,482.8488338176922,86.22328637937287,97.15299873732154,41.666666666666664,12.39196412465836,191703662.2496527,95824833.33333333,10.0,1.0,7.853981633974483,20.0,2.5,98.17477042468104,8782.630493135404,9.618725678016885,9.869138774764972,49.673934606704805,12.144124842165192,2302.786376953125,426.940605116282,5.208333333333333,0.3660418082569846,161.99951226071596
320,0.679821,1.0,1,1261.2308292050257,0.0,490.75131010290244,9.618725678016887,76.94980542413509,86.56853110215198,1261.2308292050259,180.54592303299114,0.0,2273.853385303867,0.0,0.0,0.0,3.8293024358485006,0.0,337.97772104643457,8782.630493135404,9.618725678016885,9.869138774764972,49.673934606704805,12.144124842165192,2302.786376953125,12.144124842165192,86.22328637937287,86.22328637937287,0.0,0.0,5.208333333333333,0.3660418082569846,426.940605116282,161.99951226071596,297.3695068645957,150.3260653932952,1.0,2.2749860674002154,0.0,1855.239583956697,490.7513101029023,478.35934597824394,3150.4940018146904,15.20213301931988,0.0,482.8488338176922,86.22328637937287,97.15299873732154,41.666666666666664,12.39196412465836,191703662.2496527,95824833.33333333,10.0,1.0,7.853981633974483,20.0,2.5,98.17477042468104,8782.630493135404,9.618725678016885,9.869138774764972,49.673934606704805,12.144124842165192,2302.786376953125,426.940605116282,5.208333333333333,0.3660418082569846,161.99951226071596
321,0.636897,1.0,1,1181.5965253032687,0.0,490.7513101029021,9.618725678016881,76.94980542413505,86.56853110215194,1181.5965253032693,100.91161913123514,0.0,2369.7194234785406,1.0,0.0,0.0,3.8293024358485006,0.0,340.2413321834978,8782.630493135404,9.618725678016885,9.869138774764972,49.673934606704805,12.144124842165192,2302.786376953125,12.144124842165192,86.22328637937287,86.22328637937287,0.0,0.0,5.208333333333333,0.3660418082569846,426.940605116282,161.99951226071596,297.3695068645957,150.3260653932952,1.0,2.2749860674002154,0.0,1855.239583956697,490.7513101029023,478.35934597824394,3150.4940018146904,15.20213301931988,0.0,482.8488338176922,86.22328637937287,97.15299873732154,41.666666666666664,12.39196412465836,191703662.2496527,95824833.33333333,10.0,1.0,7.853981633974483,20.0,2.5,98.17477042468104,8782.630493135404,9.618725678016885,9.869138774764972,49.673934606704805,12.144124842165192,2302.786376953125,426.940605116282,5.208333333333333,0.3660418082569846,161.99951226071596
322,0.5760510000000001,1.0,1,1068.7126175778394,0.0,490.7513101029023,9.618725678016885,76.94980542413508,86.56853110215197,1080.6849061720343,0.0,11.972288594184647,2357.1170144320304,0.0,0.0,0.0,3.8293024358485006,0.0,342.504943320561,8782.630493135404,9.618725678016885,9.869138774764972,49.673934606704805,12.144124842165192,2302.786376953125,12.144124842165192,86.22328637937287,86.22328637937287,0.0,0.0,5.208333333333333,0.3660418082569846,426.940605116282,161.99951226071596,297.3695068645957,150.3260653932952,1.0,2.2749860674002154,0.0,1855.239583956697,490.7513101029023,478.35934597824394,3150.4940018146904,15.20213301931988,0.0,482.8488338176922,86.22328637937287,97.15299873732154,41.666666666666664,12.39196412465836,191703662.2496527,95824833.33333333,10.0,1.0,7.853981633974483,20.0,2.5,98.17477042468104,8782.630493135404,9.618725678016885,9.869138774764972,49.673934606704805,12.144124842165192,2302.786376953125,426.940605116282,5.208333333333333,0.3660418082569846,161.99951226071596
323,0.56789,1.0,1,1053.5720073331688,0.0,490.75131010290244,9.618725678016887,76.94980542413509,86.56853110215198,1080.6849061720347,0.0,27.112898838865647,2328.577120917435,0.0,0.0,0.0,3.8293024358485024,0.0,344.7685544576242,8782.630493135404,9.618725678016885,9.869138774764972,49.673934606704805,12.144124842165192,2302.786376953125,12.144124842165192,86.22328637937287,86.22328637937287,0.0,0.0,5.208333333333333,0.3660418082569846,426.940605116282,161.99951226071596,297.3695068645957,150.3260653932952,1.0,2.2749860674002154,0.0,1855.239583956697,490.7513101029023,478.35934597824394,3150.4940018146904,15.20213301931988,0.0,482.8488338176922,86.22328637937287,97.15299873732154,41.666666666666664,12.39196412465836,191703662.2496527,95824833.33333333,10.0,1.0,7.853981633974483,20.0,2.5,98.17477042468104,8782.630493135404,9.618725678016885,9.869138774764972,49.673934606704805,12.144124842165192,2302.786376953125,426.940605116282,5.208333333333333,0.3660418082569846,161.99951226071596
324,0.591,1.0,1,1096.4465941184078,0.0,490.75131010290244,9.618725678016887,76.94980542413509,86.56853110215198,1080.6849061720347,0.0,0.0,2328.577120917435,0.0,0.0,0.0,3.829302435848504,0.0,347.03216559467916,8782.630493135404,9.618725678016885,9.869138774764972,49.673934606704805,12.144124842165192,2302.786376953125,12.144124842165192,86.22328637937287,86.22328637937287,0.0,0.0,5.208333333333333,0.3660418082569846,426.940605116282,161.99951226071596,297.3695068645957,150.3260653932952,1.0,2.2749860674002154,0.0,1855.239583956697,490.7513101029023,478.35934597824394,3150.4940018146904,15.20213301931988,0.0,482.8488338176922,86.22328637937287,97.15299873732154,41.666666666666664,12.39196412465836,191703662.2496527,95824833.33333333,10.0,1.0,7.853981633974483,20.0,2.5,98.17477042468104,8782.630493135404,9.618725678016885,9.869138774764972,49.673934606704805,12.144124842165192,2302.786376953125,426.940605116282,5.208333333333333,0.3660418082569846,161.99951226071596
325,0.616409,1.0,1,1143.5863767071637,0.0,490.7513101029023,9.618725678016885,76.94980542413508,86.56853110215197,1143.5863767071637,62.90147053512953,0.0,2388.333517925808,1.0,0.0,0.0,3.829302435848504,0.0,349.29577673174236,8782.630493135404,9.618725678016885,9.869138774764972,49.673934606704805,12.144124842165192,2302.786376953125,12.144124842165192,86.22328637937287,86.22328637937287,0.0,0.0,5.208333333333333,0.3660418082569846,426.940605116282,161.99951226071596,297.3695068645957,150.3260653932952,1.0,2.2749860674002154,0.0,1855.239583956697,490.7513101029023,478.35934597824394,3150.4940018146904,15.20213301931988,0.0,482.8488338176922,86.22328637937287,97.15299873732154,41.666666666666664,12.39196412465836,191703662.2496527,95824833.33333333,10.0,1.0,7.853981633974483,20.0,2.5,98.17477042468104,8782.630493135404,9.618725678016885,9.869138774764972,49.673934606704805,12.144124842165192,2302.786376953125,426.940605116282,5.208333333333333,0.3660418082569846,161.99951226071596
326,0.626809,1.0,1,1162.8808683803131,0.0,490.75131010290215,9.618725678016881,76.94980542413505,86.56853110215194,1162.8808683802986,82.19596220826497,0.0,2466.4196820236593,1.0,0.0,0.0,3.829302435848506,0.0,351.55938786879636,8782.630493135404,9.61872567801688,9.869138774764972,49.673934606704805,12.144124842165203,2302.786376953125,12.144124842165203,86.22328637937294,86.22328637937294,0.0,0.0,5.208333333333333,0.3660418082569846,426.9406051162813,161.99951226071596,297.3695068645957,150.3260653932952,1.0,2.2749860674002207,0.0,1855.239583956697,490.7513101029023,478.35934597824394,3150.4940018146904,15.20213301931988,0.0,482.8488338176922,86.22328637937287,97.15299873732154,41.666666666666664,12.39196412465836,191703662.2496527,95824833.33333333,10.0,1.0,7.853981633974483,20.0,2.5,98.17477042468104,8782.630493135404,9.618725678016885,9.869138774764972,49.673934606704805,12.144124842165192,2302.786376953125,426.940605116282,5.208333333333333,0.3660418082569846,161.99951226071596
327,0.627578,1.0,1,1164.307547620376,0.0,490.75131010290244,9.618725678016887,76.94980542413509,86.56853110215198,1164.3075476203774,83.62264144834262,0.0,2545.8611913995846,1.0,0.0,0.0,3.829302435848507,0.0,353.8229990058596,8782.630493135404,9.618725678016885,9.869138774764972,49.673934606704805,12.144124842165192,2302.786376953125,12.144124842165192,86.22328637937287,86.22328637937287,0.0,0.0,5.208333333333333,0.3660418082569846,426.940605116282,161.99951226071596,297.3695068645957,150.3260653932952,1.0,2.2749860674002154,0.0,1855.239583956697,490.7513101029023,478.35934597824394,3150.4940018146904,15.20213301931988,0.0,482.8488338176922,86.22328637937287,97.15299873732154,41.666666666666664,12.39196412465836,191703662.2496527,95824833.33333333,10.0,1.0,7.853981633974483,20.0,2.5,98.17477042468104,8782.630493135404,9.618725678016885,9.869138774764972,49.673934606704805,12.144124842165192,2302.786376953125,426.940605116282,5.208333333333333,0.3660418082569846,161.99951226071596
328,0.6163540000000001,1.0,1,1143.4843385300462,0.0,490.75131010290244,9.618725678016887,76.94980542413509,86.56853110215198,1080.6849061720347,0.0,0.0,2545.8611913995846,0.0,0.0,0.0,3.8293024358485006,0.0,356.0866101429228,8782.630493135404,9.618725678016885,9.869138774764972,49.673934606704805,12.144124842165192,2302.786376953125,12.144124842165192,86.22328637937287,86.22328637937287,0.0,0.0,5.208333333333333,0.3660418082569846,426.940605116282,161.99951226071596,297.3695068645957,150.3260653932952,1.0,2.2749860674002154,0.0,1855.239583956697,490.7513101029023,478.35934597824394,3150.4940018146904,15.20213301931988,0.0,482.8488338176922,86.22328637937287,97.15299873732154,41.666666666666664,12.39196412465836,191703662.2496527,95824833.33333333,10.0,1.0,7.853981633974483,20.0,2.5,98.17477042468104,8782.630493135404,9.618725678016885,9.869138774764972,49.673934606704805,12.144124842165192,2302.786376953125,426.940605116282,5.208333333333333,0.3660418082569846,161.99951226071596
329,0.586364,1.0,1,1087.8457034071846,0.0,490.75131010290255,9.61872567801689,76.94980542413512,86.56853110215201,1080.6849061720347,0.0,0.0,2545.8611913995846,0.0,0.0,0.0,3.8293024358485006,0.0,358.350221279986,8782.630493135404,9.618725678016885,9.869138774764972,49.673934606704805,12.144124842165192,2302.786376953125,12.144124842165192,86.22328637937287,86.22328637937287,0.0,0.0,5.208333333333333,0.3660418082569846,426.940605116282,161.99951226071596,297.3695068645957,150.3260653932952,1.0,2.2749860674002154,0.0,1855.239583956697,490.7513101029023,478.35934597824394,3150.4940018146904,15.20213301931988,0.0,482.8488338176922,86.22328637937287,97.15299873732154,41.666666666666664,12.39196412465836,191703662.2496527,95824833.33333333,10.0,1.0,7.853981633974483,20.0,2.5,98.17477042468104,8782.630493135404,9.618725678016885,9.869138774764972,49.673934606704805,12.144124842165192,2302.786376953125,426.940605116282,5.208333333333333,0.3660418082569846,161.99951226071596
330,0.5455019999999999,1.0,1,1012.0369035275461,0.0,490.7513101029019,9.618725678016878,76.94980542413502,86.5685311021519,1080.6849061720318,0.0,68.64800264447695,2473.600135984346,0.0,0.0,0.0,3.8293024358485006,0.0,360.6138324172517,8782.630493135404,9.618725678016874,9.869138774764972,49.673934606704805,12.144124842378526,2302.786376953125,12.144124842378526,86.22328638088753,86.22328637937288,0.0,0.0,5.208333333333333,0.3660418082569846,426.9406051162797,161.99951226071596,297.3695068645957,150.3260653932952,1.0,2.2749860676135163,0.0,1855.239583956697,490.7513101029023,478.35934597824394,3150.4940018146904,15.20213301931988,0.0,482.8488338176922,86.22328637937287,97.15299873732154,41.666666666666664,12.39196412465836,191703662.2496527,95824833.33333333,10.0,1.0,7.853981633974483,20.0,2.5,98.17477042468104,8782.630493135404,9.618725678016885,9.869138774764972,49.673934606704805,12.144124842165192,2302.786376953125,426.940605116282,5.208333333333333,0.3660418082569846,161.99951226071596
331,0.507926,1.0,1,942.3244209207893,0.0,490.7513101029026,9.61872567801689,76.94980542413512,86.56853110215201,1080.6849061720347,0.0,138.36048525124215,2327.9575199304068,1.0,0.0,0.0,3.829302435848506,0.0,362.8774435543149,8782.630493135404,9.618725678016885,9.869138774764972,49.673934606704805,12.144124842165192,2302.786376953125,12.144124842165192,86.22328637937287,86.22328637937287,0.0,0.0,5.208333333333333,0.3660418082569846,426.940605116282,161.99951226071596,297.3695068645957,150.3260653932952,1.0,2.2749860674002154,0.0,1855.239583956697,490.7513101029023,478.35934597824394,3150.4940018146904,15.20213301931988,0.0,482.8488338176922,86.22328637937287,97.15299873732154,41.666666666666664,12.39196412465836,191703662.2496527,95824833.33333333,10.0,1.0,7.853981633974483,20.0,2.5,98.17477042468104,8782.630493135404,9.618725678016885,9.869138774764972,49.673934606704805,12.144124842165192,2302.786376953125,426.940605116282,5.208333333333333,0.3660418082569846,161.99951226071596
332,0.480259,1.0,1,890.9955073514593,0.0,490.7513101029026,9.61872567801689,76.94980542413512,86.56853110215201,1080.6849061720347,0.0,189.68939882057532,2128.2844685403275,1.0,0.0,0.0,3.8293024358485113,0.0,365.1410546913723,8782.630493135404,9.618725678016885,9.869138774764972,49.673934606704805,12.144124842165192,2302.786376953125,12.144124842165192,86.22328637937287,86.22328637937287,0.0,0.0,5.208333333333333,0.3660418082569846,426.940605116282,161.99951226071596,297.3695068645957,150.3260653932952,1.0,2.2749860674002154,0.0,1855.239583956697,490.7513101029023,478.35934597824394,3150.4940018146904,15.20213301931988,0.0,482.8488338176922,86.22328637937287,97.15299873732154,41.666666666666664,12.39196412465836,191703662.2496527,95824833.33333333,10.0,1.0,7.853981633974483,20.0,2.5,98.17477042468104,8782.630493135404,9.618725678016885,9.869138774764972,49.673934606704805,12.144124842165192,2302.786376953125,426.940605116282,5.208333333333333,0.3660418082569846,161.99951226071596
333,0.455491,1.0,1,845.0449333360199,0.0,490.75131010290266,9.618725678016892,76.94980542413514,86.56853110215202,1080.6849061720347,0.0,235.63997283602862,1880.2423918708237,1.0,0.0,0.0,3.8293024358485184,0.0,367.4046658284355,8782.630493135404,9.618725678016885,9.869138774764972,49.673934606704805,12.144124842165192,2302.786376953125,12.144124842165192,86.22328637937287,86.22328637937287,0.0,0.0,5.208333333333333,0.3660418082569846,426.940605116282,161.99951226071596,297.3695068645957,150.3260653932952,1.0,2.2749860674002154,0.0,1855.239583956697,490.7513101029023,478.35934597824394,3150.4940018146904,15.20213301931988,0.0,482.8488338176922,86.22328637937287,97.15299873732154,41.666666666666664,12.39196412465836,191703662.2496527,95824833.33333333,10.0,1.0,7.853981633974483,20.0,2.5,98.17477042468104,8782.630493135404,9.618725678016885,9.869138774764972,49.673934606704805,12.144124842165192,2302.786376953125,426.940605116282,5.208333333333333,0.3660418082569846,161.99951226071596
334,0.436751,1.0,1,810.2777435326714,0.0,490.75131010290266,9.618725678016892,76.94980542413514,86.56853110215202,1080.6849061720347,0.0,270.40716263936383,1595.6032733030722,1.0,0.0,0.0,3.8293024358485095,0.0,369.6682769654987,8782.630493135404,9.618725678016885,9.869138774764972,49.673934606704805,12.144124842165192,2302.786376953125,12.144124842165192,86.22328637937287,86.22328637937287,0.0,0.0,5.208333333333333,0.3660418082569846,426.940605116282,161.99951226071596,297.3695068645957,150.3260653932952,1.0,2.2749860674002154,0.0,1855.239583956697,490.7513101029023,478.35934597824394,3150.4940018146904,15.20213301931988,0.0,482.8488338176922,86.22328637937287,97.15299873732154,41.666666666666664,12.39196412465836,191703662.2496527,95824833.33333333,10.0,1.0,7.853981633974483,20.0,2.5,98.17477042468104,8782.630493135404,9.618725678016885,9.869138774764972,49.673934606704805,12.144124842165192,2302.786376953125,426.940605116282,5.208333333333333,0.3660418082569846,161.99951226071596
335,0.425984,1.0,1,790.3023789322095,0.0,490.75131010290266,9.618725678016892,76.94980542413514,86.56853110215202,1080.6849061720347,0.0,290.3825272398252,1289.9374551558878,1.0,0.0,0.0,3.8293024358485166,0.0,371.9318881025619,8782.630493135404,9.618725678016885,9.869138774764972,49.673934606704805,12.144124842165192,2302.786376953125,12.144124842165192,86.22328637937287,86.22328637937287,0.0,0.0,5.208333333333333,0.3660418082569846,426.940605116282,161.99951226071596,297.3695068645957,150.3260653932952,1.0,2.2749860674002154,0.0,1855.239583956697,490.7513101029023,478.35934597824394,3150.4940018146904,15.20213301931988,0.0,482.8488338176922,86.22328637937287,97.15299873732154,41.666666666666664,12.39196412465836,191703662.2496527,95824833.33333333,10.0,1.0,7.853981633974483,20.0,2.5,98.17477042468104,8782.630493135404,9.618725678016885,9.869138774764972,49.673934606704805,12.144124842165192,2302.786376953125,426.940605116282,5.208333333333333,0.3660418082569846,161.99951226071596
336,0.489574,1.0,1,908.277064076016,0.0,490.7513101029024,9.618725678016887,76.94980542413509,86.56853110215198,1080.6849061720345,0.0,172.4078420960068,1108.4555161074761,0.0,0.0,0.0,3.8293024358485166,0.0,374.1954992396194,8782.630493135404,9.618725678016885,9.869138774764972,49.673934606704805,12.144124842165192,2302.786376953125,12.144124842165192,86.22328637937287,86.22328637937287,0.0,0.0,5.208333333333333,0.3660418082569846,426.940605116282,161.99951226071596,297.3695068645957,150.3260653932952,1.0,2.2749860674002154,0.0,1855.239583956697,490.7513101029023,478.35934597824394,3150.4940018146904,15.20213301931988,0.0,482.8488338176922,86.22328637937287,97.15299873732154,41.666666666666664,12.39196412465836,191703662.2496527,95824833.33333333,10.0,1.0,7.853981633974483,20.0,2.5,98.17477042468104,8782.630493135404,9.618725678016885,9.869138774764972,49.673934606704805,12.144124842165192,2302.786376953125,426.940605116282,5.208333333333333,0.3660418082569846,161.99951226071596
337,0.514301,1.0,1,954.1515732685133,0.0,490.7513101029024,9.618725678016887,76.94980542413509,86.56853110215198,1080.6849061720345,0.0,126.53333333333333,975.2625341037857,0.0,0.0,0.0,3.8293024358485166,0.0,376.4591103766826,8782.630493135404,9.618725678016885,9.869138774764972,49.673934606704805,12.144124842165192,2302.786376953125,12.144124842165192,86.22328637937287,86.22328637937287,0.0,0.0,5.208333333333333,0.3660418082569846,426.940605116282,161.99951226071596,297.3695068645957,150.3260653932952,1.0,2.2749860674002154,0.0,1855.239583956697,490.7513101029023,478.35934597824394,3150.4940018146904,15.20213301931988,0.0,482.8488338176922,86.22328637937287,97.15299873732154,41.666666666666664,12.39196412465836,191703662.2496527,95824833.33333333,10.0,1.0,7.853981633974483,20.0,2.5,98.17477042468104,8782.630493135404,9.618725678016885,9.869138774764972,49.673934606704805,12.144124842165192,2302.786376953125,426.940605116282,5.208333333333333,0.3660418082569846,161.99951226071596
338,0.535366,1.0,1,993.2321951045611,0.0,490.7513101029024,9.618725678016887,76.94980542413509,86.56853110215198,1080.6849061720345,0.0,87.45271106746077,883.2070487696164,0.0,0.0,0.0,3.8293024358485166,0.0,378.72272151373926,8782.630493135404,9.618725678016885,9.869138774764972,49.673934606704805,12.144124842165192,2302.786376953125,12.144124842165192,86.22328637937287,86.22328637937287,0.0,0.0,5.208333333333333,0.3660418082569846,426.940605116282,161.99951226071596,297.3695068645957,150.3260653932952,1.0,2.2749860674002154,0.0,1855.239583956697,490.7513101029023,478.35934597824394,3150.4940018146904,15.20213301931988,0.0,482.8488338176922,86.22328637937287,97.15299873732154,41.666666666666664,12.39196412465836,191703662.2496527,95824833.33333333,10.0,1.0,7.853981633974483,20.0,2.5,98.17477042468104,8782.630493135404,9.618725678016885,9.869138774764972,49.673934606704805,12.144124842165192,2302.786376953125,426.940605116282,5.208333333333333,0.3660418082569846,161.99951226071596
339,0.521639,1.0,1,967.7653213355875,0.0,490.7513101029026,9.61872567801689,76.94980542413512,86.56853110215201,1080.6849061720347,0.0,112.9197948364473,764.344106836514,0.0,0.0,0.0,3.829302435848522,0.0,380.98633265080247,8782.630493135404,9.618725678016885,9.869138774764972,49.673934606704805,12.144124842165192,2302.786376953125,12.144124842165192,86.22328637937287,86.22328637937287,0.0,0.0,5.208333333333333,0.3660418082569846,426.940605116282,161.99951226071596,297.3695068645957,150.3260653932952,1.0,2.2749860674002154,0.0,1855.239583956697,490.7513101029023,478.35934597824394,3150.4940018146904,15.20213301931988,0.0,482.8488338176922,86.22328637937287,97.15299873732154,41.666666666666664,12.39196412465836,191703662.2496527,95824833.33333333,10.0,1.0,7.853981633974483,20.0,2.5,98.17477042468104,8782.630493135404,9.618725678016885,9.869138774764972,49.673934606704805,12.144124842165192,2302.786376953125,426.940605116282,5.208333333333333,0.3660418082569846,161.99951226071596
340,0.5045299999999999,1.0,1,936.0240272936722,0.0,490.7513101029026,9.61872567801689,76.94980542413512,86.56853110215201,1080.6849061720347,0.0,144.66108887836253,612.0692764382377,0.0,0.0,0.0,3.8293024358485273,0.0,383.2499437878657,8782.630493135404,9.618725678016885,9.869138774764972,49.673934606704805,12.144124842165192,2302.786376953125,12.144124842165192,86.22328637937287,86.22328637937287,0.0,0.0,5.208333333333333,0.3660418082569846,426.940605116282,161.99951226071596,297.3695068645957,150.3260653932952,1.0,2.2749860674002154,0.0,1855.239583956697,490.7513101029023,478.35934597824394,3150.4940018146904,15.20213301931988,0.0,482.8488338176922,86.22328637937287,97.15299873732154,41.666666666666664,12.39196412465836,191703662.2496527,95824833.33333333,10.0,1.0,7.853981633974483,20.0,2.5,98.17477042468104,8782.630493135404,9.618725678016885,9.869138774764972,49.673934606704805,12.144124842165192,2302.786376953125,426.940605116282,5.208333333333333,0.3660418082569846,161.99951226071596
341,0.511459,1.0,1,948.8789823709083,0.0,490.7513101029023,9.618725678016885,76.94980542413508,86.56853110215197,1080.6849061720343,0.0,131.80592380112608,473.32619875284183,0.0,0.0,0.0,3.8293024358485273,0.0,385.5135549249289,8782.630493135404,9.618725678016885,9.869138774764972,49.673934606704805,12.144124842165192,2302.786376953125,12.144124842165192,86.22328637937287,86.22328637937287,0.0,0.0,5.208333333333333,0.3660418082569846,426.940605116282,161.99951226071596,297.3695068645957,150.3260653932952,1.0,2.2749860674002154,0.0,1855.239583956697,490.7513101029023,478.35934597824394,3150.4940018146904,15.20213301931988,0.0,482.8488338176922,86.22328637937287,97.15299873732154,41.666666666666664,12.39196412465836,191703662.2496527,95824833.33333333,10.0,1.0,7.853981633974483,20.0,2.5,98.17477042468104,8782.630493135404,9.618725678016885,9.869138774764972,49.673934606704805,12.144124842165192,2302.786376953125,426.940605116282,5.208333333333333,0.3660418082569846,161.99951226071596
342,0.551224,1.0,1,1022.6525844269464,0.0,490.75131010290244,9.618725678016887,76.94980542413509,86.56853110215198,1080.684906172033,0.0,126.53434980447815,340.13214632707536,0.0,0.0,0.0,3.8293024358485273,0.0,387.77716606198123,8782.630493135404,9.618725678016883,9.869138774764972,49.673934606704805,12.144124842165182,2302.786376953125,12.144124842165182,86.22328637937278,86.22328637937278,0.0,0.0,5.208333333333333,0.3660418082569846,426.9406051162804,161.99951226071596,297.3695068645957,150.3260653932952,1.0,2.2749860674001807,0.0,1855.239583956697,490.7513101029023,478.35934597824394,3150.4940018146904,15.20213301931988,0.0,482.8488338176922,86.22328637937287,97.15299873732154,41.666666666666664,12.39196412465836,191703662.2496527,95824833.33333333,10.0,1.0,7.853981633974483,20.0,2.5,98.17477042468104,8782.630493135404,9.618725678016885,9.869138774764972,49.673934606704805,12.144124842165192,2302.786376953125,426.940605116282,5.208333333333333,0.3660418082569846,161.99951226071596
343,0.623417,1.0,1,1156.5878957115322,0.0,490.7513101029023,9.618725678016885,76.94980542413508,86.56853110215197,1156.5878957115322,75.90298953949781,0.0,412.23998638959824,1.0,0.0,0.0,3.8293024358485273,0.0,390.04077719904444,8782.630493135404,9.618725678016885,9.869138774764972,49.673934606704805,12.144124842165192,2302.786376953125,12.144124842165192,86.22328637937287,86.22328637937287,0.0,0.0,5.208333333333333,0.3660418082569846,426.940605116282,161.99951226071596,297.3695068645957,150.3260653932952,1.0,2.2749860674002154,0.0,1855.239583956697,490.7513101029023,478.35934597824394,3150.4940018146904,15.20213301931988,0.0,482.8488338176922,86.22328637937287,97.15299873732154,41.666666666666664,12.39196412465836,191703662.2496527,95824833.33333333,10.0,1.0,7.853981633974483,20.0,2.5,98.17477042468104,8782.630493135404,9.618725678016885,9.869138774764972,49.673934606704805,12.144124842165192,2302.786376953125,426.940605116282,5.208333333333333,0.3660418082569846,161.99951226071596
344,0.675791,1.0,1,1253.7542136816803,0.0,490.7513101029025,9.618725678016888,76.9498054241351,86.568531102152,1253.7542136816805,173.0693075096458,0.0,576.6558285237618,0.0,0.0,0.0,3.829302435848531,0.0,392.30438833610765,8782.630493135404,9.618725678016885,9.869138774764972,49.673934606704805,12.144124842165192,2302.786376953125,12.144124842165192,86.22328637937287,86.22328637937287,0.0,0.0,5.208333333333333,0.3660418082569846,426.940605116282,161.99951226071596,297.3695068645957,150.3260653932952,1.0,2.2749860674002154,0.0,1855.239583956697,490.7513101029023,478.35934597824394,3150.4940018146904,15.20213301931988,0.0,482.8488338176922,86.22328637937287,97.15299873732154,41.666666666666664,12.39196412465836,191703662.2496527,95824833.33333333,10.0,1.0,7.853981633974483,20.0,2.5,98.17477042468104,8782.630493135404,9.618725678016885,9.869138774764972,49.673934606704805,12.144124842165192,2302.786376953125,426.940605116282,5.208333333333333,0.3660418082569846,161.99951226071596
345,0.7012229999999999,1.0,1,1300.9366667808667,0.0,490.75131010290244,9.618725678016887,76.94980542413509,86.56853110215198,1166.9081925514076,0.0,391.6279870701119,164.41584213416363,0.0,0.0,0.0,3.829302435848538,0.0,394.56799947316136,8782.630493135404,9.61872567801688,9.869138774764972,49.673934606704805,12.144124842165185,2302.786376953125,12.144124842165185,86.22328637937281,0.0,86.22328637937281,86.22328637937281,5.208333333333333,0.3660418082569846,426.9406051162823,161.99951226071596,297.3695068645957,150.3260653932952,1.0,2.274986067400109,0.0,1855.239583956697,490.7513101029023,478.35934597824394,3150.4940018146904,15.20213301931988,0.0,482.8488338176922,86.22328637937287,97.15299873732154,41.666666666666664,12.39196412465836,191703662.2496527,95824833.33333333,10.0,1.0,7.853981633974483,20.0,2.5,98.17477042468104,8782.630493135404,9.618725678016885,9.869138774764972,49.673934606704805,12.144124842165192,2302.786376953125,426.940605116282,5.208333333333333,0.3660418082569846,161.99951226071596
346,0.676667,1.0,1,1255.3794035572264,0.0,490.7513101029023,9.618725678016885,76.94980542413508,86.56853110215197,1196.8497321699301,116.16482599789585,0.0,274.7724268321647,0.0,0.0,0.0,3.829302435848538,0.0,396.8316106102246,8782.630493135404,9.618725678016885,9.869138774764972,49.673934606704805,12.144124842165192,2302.786376953125,12.144124842165192,86.22328637937287,86.22328637937287,0.0,0.0,5.208333333333333,0.3660418082569846,426.940605116282,161.99951226071596,297.3695068645957,150.3260653932952,1.0,2.2749860674002154,0.0,1855.239583956697,490.7513101029023,478.35934597824394,3150.4940018146904,15.20213301931988,0.0,482.8488338176922,86.22328637937287,97.15299873732154,41.666666666666664,12.39196412465836,191703662.2496527,95824833.33333333,10.0,1.0,7.853981633974483,20.0,2.5,98.17477042468104,8782.630493135404,9.618725678016885,9.869138774764972,49.673934606704805,12.144124842165192,2302.786376953125,426.940605116282,5.208333333333333,0.3660418082569846,161.99951226071596
347,0.64408,1.0,1,1194.9227112348294,0.0,490.7513101029023,9.618725678016885,76.94980542413508,86.56853110215197,1194.9227112348294,114.23780506279508,0.0,383.29834164182,0.0,0.0,0.0,3.829302435848538,0.0,399.0952217472878,8782.630493135404,9.618725678016885,9.869138774764972,49.673934606704805,12.144124842165192,2302.786376953125,12.144124842165192,86.22328637937287,86.22328637937287,0.0,0.0,5.208333333333333,0.3660418082569846,426.940605116282,161.99951226071596,297.3695068645957,150.3260653932952,1.0,2.2749860674002154,0.0,1855.239583956697,490.7513101029023,478.35934597824394,3150.4940018146904,15.20213301931988,0.0,482.8488338176922,86.22328637937287,97.15299873732154,41.666666666666664,12.39196412465836,191703662.2496527,95824833.33333333,10.0,1.0,7.853981633974483,20.0,2.5,98.17477042468104,8782.630493135404,9.618725678016885,9.869138774764972,49.673934606704805,12.144124842165192,2302.786376953125,426.940605116282,5.208333333333333,0.3660418082569846,161.99951226071596
348,0.639816,1.0,1,1187.0119696488382,0.0,490.7513101029023,9.618725678016885,76.94980542413508,86.56853110215197,1187.0119696488382,106.32706347680386,0.0,484.3090519447837,0.0,0.0,0.0,3.829302435848538,0.0,401.358832884346,8782.630493135404,9.618725678016885,9.869138774764972,49.673934606704805,12.144124842165192,2302.786376953125,12.144124842165192,86.22328637937287,86.22328637937288,0.0,0.0,5.208333333333333,0.3660418082569846,426.940605116282,161.99951226071596,297.3695068645957,150.3260653932952,1.0,2.2749860674002154,0.0,1855.239583956697,490.7513101029023,478.35934597824394,3150.4940018146904,15.20213301931988,0.0,482.8488338176922,86.22328637937287,97.15299873732154,41.666666666666664,12.39196412465836,191703662.2496527,95824833.33333333,10.0,1.0,7.853981633974483,20.0,2.5,98.17477042468104,8782.630493135404,9.618725678016885,9.869138774764972,49.673934606704805,12.144124842165192,2302.786376953125,426.940605116282,5.208333333333333,0.3660418082569846,161.99951226071596
349,0.687842,1.0,1,1276.1117059079422,0.0,490.75131010290244,9.618725678016887,76.94980542413509,86.56853110215198,1276.1117059079425,195.4267997359077,0.0,669.9645116938959,0.0,0.0,0.0,3.829302435848673,0.0,403.6224440214092,8782.630493135404,9.618725678016885,9.869138774764972,49.673934606704805,12.144124842165192,2302.786376953125,12.144124842165192,86.22328637937287,86.22328637937287,0.0,0.0,5.208333333333333,0.3660418082569846,426.940605116282,161.99951226071596,297.3695068645957,150.3260653932952,1.0,2.2749860674002154,0.0,1855.239583956697,490.7513101029023,478.35934597824394,3150.4940018146904,15.20213301931988,0.0,482.8488338176922,86.22328637937287,97.15299873732154,41.666666666666664,12.39196412465836,191703662.2496527,95824833.33333333,10.0,1.0,7.853981633974483,20.0,2.5,98.17477042468104,8782.630493135404,9.618725678016885,9.869138774764972,49.673934606704805,12.144124842165192,2302.786376953125,426.940605116282,5.208333333333333,0.3660418082569846,161.99951226071596
350,0.731135,1.0,1,1356.4305932161797,0.0,490.7513101029023,9.618725678016885,76.94980542413508,86.56853110215197,1356.4305932161797,275.7456870441453,0.0,931.922914385834,0.0,0.0,0.0,3.829302435848673,0.0,405.8860551584724,8782.630493135404,9.618725678016885,9.869138774764972,49.673934606704805,12.144124842165192,2302.786376953125,12.144124842165192,86.22328637937287,86.22328637937287,0.0,0.0,5.208333333333333,0.3660418082569846,426.940605116282,161.99951226071596,297.3695068645957,150.3260653932952,1.0,2.2749860674002154,0.0,1855.239583956697,490.7513101029023,478.35934597824394,3150.4940018146904,15.20213301931988,0.0,482.8488338176922,86.22328637937287,97.15299873732154,41.666666666666664,12.39196412465836,191703662.2496527,95824833.33333333,10.0,1.0,7.853981633974483,20.0,2.5,98.17477042468104,8782.630493135404,9.618725678016885,9.869138774764972,49.673934606704805,12.144124842165192,2302.786376953125,426.940605116282,5.208333333333333,0.3660418082569846,161.99951226071596
351,0.750484,1.0,1,1392.327623926158,0.0,490.75131010290244,9.618725678016887,76.94980542413509,86.56853110215198,1392.3276239261593,311.64271775412544,0.0,1227.9834962522532,0.0,0.0,0.0,3.829302435848673,0.0,408.14966629553504,8782.630493135404,9.618725678016878,9.869138774764972,49.673934606704805,12.144124842165192,2302.786376953125,12.144124842165192,86.22328637937287,86.22328637937287,0.0,0.0,5.208333333333333,0.3660418082569846,426.9406051162811,161.99951226071596,297.3695068645957,150.3260653932952,1.0,2.2749860674002154,0.0,1855.239583956697,490.7513101029023,478.35934597824394,3150.4940018146904,15.20213301931988,0.0,482.8488338176922,86.22328637937287,97.15299873732154,41.666666666666664,12.39196412465836,191703662.2496527,95824833.33333333,10.0,1.0,7.853981633974483,20.0,2.5,98.17477042468104,8782.630493135404,9.618725678016885,9.869138774764972,49.673934606704805,12.144124842165192,2302.786376953125,426.940605116282,5.208333333333333,0.3660418082569846,161.99951226071596
352,0.716519,1.0,1,1329.3144114570687,0.0,490.75131010290244,9.618725678016887,76.94980542413509,86.56853110215198,1329.3144114570687,248.62950528503382,0.0,1464.1815262730354,0.0,0.0,0.0,3.82930243584868,0.0,410.4132774326086,8782.630493135404,9.61872567801688,9.869138774764972,49.673934606704805,12.144124842165201,2302.786376953125,12.144124842165201,86.22328637937292,86.22328637937288,0.0,0.0,5.208333333333333,0.3660418082569846,426.9406051162823,161.99951226071596,297.3695068645957,150.3260653932952,1.0,2.2749860674002207,0.0,1855.239583956697,490.7513101029023,478.35934597824394,3150.4940018146904,15.20213301931988,0.0,482.8488338176922,86.22328637937287,97.15299873732154,41.666666666666664,12.39196412465836,191703662.2496527,95824833.33333333,10.0,1.0,7.853981633974483,20.0,2.5,98.17477042468104,8782.630493135404,9.618725678016885,9.869138774764972,49.673934606704805,12.144124842165192,2302.786376953125,426.940605116282,5.208333333333333,0.3660418082569846,161.99951226071596
353,0.676689,1.0,1,1255.4202188280733,0.0,490.75131010290244,9.618725678016887,76.94980542413509,86.56853110215198,1255.4202188280735,174.7353126560388,0.0,1630.180073296272,0.0,0.0,0.0,3.829302435848682,0.0,412.6768885696718,8782.630493135404,9.618725678016885,9.869138774764972,49.673934606704805,12.144124842165192,2302.786376953125,12.144124842165192,86.22328637937287,86.22328637937287,0.0,0.0,5.208333333333333,0.3660418082569846,426.940605116282,161.99951226071596,297.3695068645957,150.3260653932952,1.0,2.2749860674002154,0.0,1855.239583956697,490.7513101029023,478.35934597824394,3150.4940018146904,15.20213301931988,0.0,482.8488338176922,86.22328637937287,97.15299873732154,41.666666666666664,12.39196412465836,191703662.2496527,95824833.33333333,10.0,1.0,7.853981633974483,20.0,2.5,98.17477042468104,8782.630493135404,9.618725678016885,9.869138774764972,49.673934606704805,12.144124842165192,2302.786376953125,426.940605116282,5.208333333333333,0.3660418082569846,161.99951226071596
354,0.632562,1.0,1,1173.5540617068161,0.0,490.7513101029024,9.618725678016887,76.94980542413509,86.56853110215198,1173.5540617068168,92.86915553478221,0.0,1718.405771054305,0.0,0.0,0.0,3.8293024358486836,0.0,414.94049970672677,8782.630493135404,9.618725678016885,9.869138774764972,49.673934606704805,12.144124842165192,2302.786376953125,12.144124842165192,86.22328637937287,86.22328637937287,0.0,0.0,5.208333333333333,0.3660418082569846,426.940605116282,161.99951226071596,297.3695068645957,150.3260653932952,1.0,2.2749860674002154,0.0,1855.239583956697,490.7513101029023,478.35934597824394,3150.4940018146904,15.20213301931988,0.0,482.8488338176922,86.22328637937287,97.15299873732154,41.666666666666664,12.39196412465836,191703662.2496527,95824833.33333333,10.0,1.0,7.853981633974483,20.0,2.5,98.17477042468104,8782.630493135404,9.618725678016885,9.869138774764972,49.673934606704805,12.144124842165192,2302.786376953125,426.940605116282,5.208333333333333,0.3660418082569846,161.99951226071596
355,0.586743,1.0,1,1088.5488392095044,0.0,490.7513101029023,9.618725678016885,76.94980542413508,86.56853110215197,1080.6849061720343,0.0,0.0,1718.4057710543013,0.0,0.0,0.0,3.8293024358486836,0.0,417.20411084379,8782.630493135404,9.618725678016885,9.869138774764972,49.673934606704805,12.144124842165192,2302.786376953125,12.144124842165192,86.22328637937287,86.22328637937285,0.0,0.0,5.208333333333333,0.3660418082569846,426.940605116282,161.99951226071596,297.3695068645957,150.3260653932952,1.0,2.2749860674002154,0.0,1855.239583956697,490.7513101029023,478.35934597824394,3150.4940018146904,15.20213301931988,0.0,482.8488338176922,86.22328637937287,97.15299873732154,41.666666666666664,12.39196412465836,191703662.2496527,95824833.33333333,10.0,1.0,7.853981633974483,20.0,2.5,98.17477042468104,8782.630493135404,9.618725678016885,9.869138774764972,49.673934606704805,12.144124842165192,2302.786376953125,426.940605116282,5.208333333333333,0.3660418082569846,161.99951226071596
356,0.55836,1.0,1,1035.8915740980613,0.0,490.75131010290244,9.618725678016887,76.94980542413509,86.56853110215198,1080.6849061720347,0.0,44.7935420739733,1671.2546741343294,0.0,0.0,0.0,3.8293024358486853,0.0,419.4677219808532,8782.630493135404,9.618725678016885,9.869138774764972,49.673934606704805,12.144124842165192,2302.786376953125,12.144124842165192,86.22328637937287,86.22328637937287,0.0,0.0,5.208333333333333,0.3660418082569846,426.940605116282,161.99951226071596,297.3695068645957,150.3260653932952,1.0,2.2749860674002154,0.0,1855.239583956697,490.7513101029023,478.35934597824394,3150.4940018146904,15.20213301931988,0.0,482.8488338176922,86.22328637937287,97.15299873732154,41.666666666666664,12.39196412465836,191703662.2496527,95824833.33333333,10.0,1.0,7.853981633974483,20.0,2.5,98.17477042468104,8782.630493135404,9.618725678016885,9.869138774764972,49.673934606704805,12.144124842165192,2302.786376953125,426.940605116282,5.208333333333333,0.3660418082569846,161.99951226071596
357,0.566232,1.0,1,1050.4960201029685,0.0,490.75131010290244,9.618725678016887,76.94980542413509,86.56853110215198,1080.6849061720347,0.0,30.189096069066068,1639.4766782721547,0.0,0.0,0.0,3.829302435848687,0.0,421.73133311790747,8782.630493135404,9.618725678016885,9.869138774764972,49.673934606704805,12.144124842165192,2302.786376953125,12.144124842165192,86.22328637937287,86.22328637937287,0.0,0.0,5.208333333333333,0.3660418082569846,426.940605116282,161.99951226071596,297.3695068645957,150.3260653932952,1.0,2.2749860674002154,0.0,1855.239583956697,490.7513101029023,478.35934597824394,3150.4940018146904,15.20213301931988,0.0,482.8488338176922,86.22328637937287,97.15299873732154,41.666666666666664,12.39196412465836,191703662.2496527,95824833.33333333,10.0,1.0,7.853981633974483,20.0,2.5,98.17477042468104,8782.630493135404,9.618725678016885,9.869138774764972,49.673934606704805,12.144124842165192,2302.786376953125,426.940605116282,5.208333333333333,0.3660418082569846,161.99951226071596
358,0.5871069999999999,1.0,1,1089.2241464180645,0.0,490.75131010290244,9.618725678016887,76.94980542413509,86.56853110215198,1080.6849061720347,0.0,457.6298195347713,1157.7610787618692,0.0,0.0,0.0,3.829302435848689,0.0,423.9949442549707,8782.630493135404,9.618725678016885,9.869138774764972,49.673934606704805,12.144124842165192,2302.786376953125,12.144124842165192,86.22328637937287,86.22328637937287,0.0,0.0,5.208333333333333,0.3660418082569846,426.940605116282,161.99951226071596,297.3695068645957,150.3260653932952,1.0,2.2749860674002154,0.0,1855.239583956697,490.7513101029023,478.35934597824394,3150.4940018146904,15.20213301931988,0.0,482.8488338176922,86.22328637937287,97.15299873732154,41.666666666666664,12.39196412465836,191703662.2496527,95824833.33333333,10.0,1.0,7.853981633974483,20.0,2.5,98.17477042468104,8782.630493135404,9.618725678016885,9.869138774764972,49.673934606704805,12.144124842165192,2302.786376953125,426.940605116282,5.208333333333333,0.3660418082569846,161.99951226071596
359,0.613563,1.0,1,1138.306364851223,0.0,490.75131010290244,9.618725678016887,76.94980542413509,86.56853110215198,1138.3063648512232,57.621458679188436,0.0,1212.5014645070983,0.0,0.0,0.0,3.8293024358486907,0.0,426.2585553920339,8782.630493135404,9.618725678016885,9.869138774764972,49.673934606704805,12.144124842165192,2302.786376953125,12.144124842165192,86.22328637937287,86.22328637937287,0.0,0.0,5.208333333333333,0.3660418082569846,426.940605116282,161.99951226071596,297.3695068645957,150.3260653932952,1.0,2.2749860674002154,0.0,1855.239583956697,490.7513101029023,478.35934597824394,3150.4940018146904,15.20213301931988,0.0,482.8488338176922,86.22328637937287,97.15299873732154,41.666666666666664,12.39196412465836,191703662.2496527,95824833.33333333,10.0,1.0,7.853981633974483,20.0,2.5,98.17477042468104,8782.630493135404,9.618725678016885,9.869138774764972,49.673934606704805,12.144124842165192,2302.786376953125,426.940605116282,5.208333333333333,0.3660418082569846,161.99951226071596
360,0.590773,1.0,1,1096.0254547328498,0.0,490.75131010290244,9.618725678016887,76.94980542413509,86.56853110215198,1096.02545473285,15.340548560815307,0.0,1227.0749856398727,0.0,0.0,0.0,3.8293024358486925,0.0,428.5221665290971,8782.630493135404,9.618725678016885,9.869138774764972,49.673934606704805,12.144124842165192,2302.786376953125,12.144124842165192,86.22328637937287,86.22328637937287,0.0,0.0,5.208333333333333,0.3660418082569846,426.940605116282,161.99951226071596,297.3695068645957,150.3260653932952,1.0,2.2749860674002154,0.0,1855.239583956697,490.7513101029023,478.35934597824394,3150.4940018146904,15.20213301931988,0.0,482.8488338176922,86.22328637937287,97.15299873732154,41.666666666666664,12.39196412465836,191703662.2496527,95824833.33333333,10.0,1.0,7.853981633974483,20.0,2.5,98.17477042468104,8782.630493135404,9.618725678016885,9.869138774764972,49.673934606704805,12.144124842165192,2302.786376953125,426.940605116282,5.208333333333333,0.3660418082569846,161.99951226071596
361,0.551622,1.0,1,1023.390969781361,0.0,490.75131010290244,9.618725678016887,76.94980542413509,86.56853110215198,1080.6849061720347,0.0,57.29393639067342,1166.765578912848,0.0,0.0,0.0,3.8293024358486942,0.0,430.7857776661547,8782.630493135404,9.618725678016885,9.869138774764972,49.673934606704805,12.144124842165192,2302.786376953125,12.144124842165192,86.22328637937287,86.22328637937287,0.0,0.0,5.208333333333333,0.3660418082569846,426.940605116282,161.99951226071596,297.3695068645957,150.3260653932952,1.0,2.2749860674002154,0.0,1855.239583956697,490.7513101029023,478.35934597824394,3150.4940018146904,15.20213301931988,0.0,482.8488338176922,86.22328637937287,97.15299873732154,41.666666666666664,12.39196412465836,191703662.2496527,95824833.33333333,10.0,1.0,7.853981633974483,20.0,2.5,98.17477042468104,8782.630493135404,9.618725678016885,9.869138774764972,49.673934606704805,12.144124842165192,2302.786376953125,426.940605116282,5.208333333333333,0.3660418082569846,161.99951226071596
362,0.518664,1.0,1,962.2459835733164,0.0,490.75131010290244,9.618725678016887,76.94980542413509,86.56853110215198,1080.6849061720347,0.0,118.43892259871808,1042.0930288089342,0.0,0.0,0.0,3.829302435848696,0.0,433.0493888032179,8782.630493135404,9.618725678016885,9.869138774764972,49.673934606704805,12.144124842165192,2302.786376953125,12.144124842165192,86.22328637937287,86.22328637937287,0.0,0.0,5.208333333333333,0.3660418082569846,426.940605116282,161.99951226071596,297.3695068645957,150.3260653932952,1.0,2.2749860674002154,0.0,1855.239583956697,490.7513101029023,478.35934597824394,3150.4940018146904,15.20213301931988,0.0,482.8488338176922,86.22328637937287,97.15299873732154,41.666666666666664,12.39196412465836,191703662.2496527,95824833.33333333,10.0,1.0,7.853981633974483,20.0,2.5,98.17477042468104,8782.630493135404,9.618725678016885,9.869138774764972,49.673934606704805,12.144124842165192,2302.786376953125,426.940605116282,5.208333333333333,0.3660418082569846,161.99951226071596
363,0.477519,1.0,1,885.912150891418,0.0,490.75131010290244,9.618725678016887,76.94980542413509,86.56853110215198,1080.6849061720347,0.0,194.77275528061665,837.0690758819693,0.0,0.0,0.0,3.829302435848698,0.0,435.3129999402811,8782.630493135404,9.618725678016885,9.869138774764972,49.673934606704805,12.144124842165192,2302.786376953125,12.144124842165192,86.22328637937287,86.22328637937287,0.0,0.0,5.208333333333333,0.3660418082569846,426.940605116282,161.99951226071596,297.3695068645957,150.3260653932952,1.0,2.2749860674002154,0.0,1855.239583956697,490.7513101029023,478.35934597824394,3150.4940018146904,15.20213301931988,0.0,482.8488338176922,86.22328637937287,97.15299873732154,41.666666666666664,12.39196412465836,191703662.2496527,95824833.33333333,10.0,1.0,7.853981633974483,20.0,2.5,98.17477042468104,8782.630493135404,9.618725678016885,9.869138774764972,49.673934606704805,12.144124842165192,2302.786376953125,426.940605116282,5.208333333333333,0.3660418082569846,161.99951226071596
364,0.451924,1.0,1,838.4272937400464,0.0,490.75131010290244,9.618725678016887,76.94980542413509,86.56853110215198,1080.6849061720338,0.0,242.25761243198744,582.0610627956668,0.0,0.0,0.0,3.8293024358486925,0.0,437.5766110773272,8782.630493135404,9.618725678016892,9.869138774764972,49.673934606704805,12.144124842165203,2302.786376953125,12.144124842165203,86.22328637937294,86.22328637937294,0.0,0.0,5.208333333333333,0.3660418082569846,426.9406051162813,161.99951226071596,297.3695068645957,150.3260653932952,1.0,2.274986067400226,0.0,1855.239583956697,490.7513101029023,478.35934597824394,3150.4940018146904,15.20213301931988,0.0,482.8488338176922,86.22328637937287,97.15299873732154,41.666666666666664,12.39196412465836,191703662.2496527,95824833.33333333,10.0,1.0,7.853981633974483,20.0,2.5,98.17477042468104,8782.630493135404,9.618725678016885,9.869138774764972,49.673934606704805,12.144124842165192,2302.786376953125,426.940605116282,5.208333333333333,0.3660418082569846,161.99951226071596
365,0.472961,1.0,1,877.4559688677434,0.0,490.75131010290244,9.618725678016887,76.94980542413509,86.56853110215198,1080.6849061720347,0.0,203.22893730429104,368.13586563325515,0.0,0.0,0.0,3.8293024358486942,0.0,439.8402222143904,8782.630493135404,9.618725678016885,9.869138774764972,49.673934606704805,12.144124842165192,2302.786376953125,12.144124842165192,86.22328637937287,86.22328637937287,0.0,0.0,5.208333333333333,0.3660418082569846,426.940605116282,161.99951226071596,297.3695068645957,150.3260653932952,1.0,2.2749860674002154,0.0,1855.239583956697,490.7513101029023,478.35934597824394,3150.4940018146904,15.20213301931988,0.0,482.8488338176922,86.22328637937287,97.15299873732154,41.666666666666664,12.39196412465836,191703662.2496527,95824833.33333333,10.0,1.0,7.853981633974483,20.0,2.5,98.17477042468104,8782.630493135404,9.618725678016885,9.869138774764972,49.673934606704805,12.144124842165192,2302.786376953125,426.940605116282,5.208333333333333,0.3660418082569846,161.99951226071596
366,0.550591,1.0,1,1021.4782177703019,0.0,490.75131010290244,9.618725678016887,76.94980542413509,86.56853110215198,1080.6849061720347,0.0,59.206688401732606,305.81303573669453,0.0,0.0,0.0,3.829302435848696,0.0,442.1038333514536,8782.630493135404,9.618725678016885,9.869138774764972,49.673934606704805,12.144124842165192,2302.786376953125,12.144124842165192,86.22328637937287,86.22328637937287,0.0,0.0,5.208333333333333,0.3660418082569846,426.940605116282,161.99951226071596,297.3695068645957,150.3260653932952,1.0,2.2749860674002154,0.0,1855.239583956697,490.7513101029023,478.35934597824394,3150.4940018146904,15.20213301931988,0.0,482.8488338176922,86.22328637937287,97.15299873732154,41.666666666666664,12.39196412465836,191703662.2496527,95824833.33333333,10.0,1.0,7.853981633974483,20.0,2.5,98.17477042468104,8782.630493135404,9.618725678016885,9.869138774764972,49.673934606704805,12.144124842165192,2302.786376953125,426.940605116282,5.208333333333333,0.3660418082569846,161.99951226071596
367,0.650632,1.0,1,1207.0782409889136,0.0,490.75131010290244,9.618725678016887,76.94980542413509,86.56853110215198,1080.6849061720347,0.0,0.0,305.81303573669453,0.0,0.0,0.0,3.829302435848698,0.0,444.36744448850993,8782.630493135404,9.618725678016885,9.869138774764972,49.673934606704805,12.144124842165192,2302.786376953125,12.144124842165192,86.22328637937287,86.22328637937287,0.0,0.0,5.208333333333333,0.3660418082569846,426.940605116282,161.99951226071596,297.3695068645957,150.3260653932952,1.0,2.2749860674002154,0.0,1855.239583956697,490.7513101029023,478.35934597824394,3150.4940018146904,15.20213301931988,0.0,482.8488338176922,86.22328637937287,97.15299873732154,41.666666666666664,12.39196412465836,191703662.2496527,95824833.33333333,10.0,1.0,7.853981633974483,20.0,2.5,98.17477042468104,8782.630493135404,9.618725678016885,9.869138774764972,49.673934606704805,12.144124842165192,2302.786376953125,426.940605116282,5.208333333333333,0.3660418082569846,161.99951226071596
368,0.752424,1.0,1,1395.9267887190338,0.0,490.7513101029023,9.618725678016885,76.94980542413508,86.56853110215197,1395.9267887190476,315.24188254701323,0.0,605.292824156357,1.0,0.0,0.0,3.829302435848698,0.0,446.63105562557314,8782.630493135404,9.618725678016885,9.869138774764972,49.673934606704805,12.144124842165192,2302.786376953125,12.144124842165192,86.22328637937287,86.22328637937288,0.0,0.0,5.208333333333333,0.3660418082569846,426.940605116282,161.99951226071596,297.3695068645957,150.3260653932952,1.0,2.2749860674002154,0.0,1855.239583956697,490.7513101029023,478.35934597824394,3150.4940018146904,15.20213301931988,0.0,482.8488338176922,86.22328637937287,97.15299873732154,41.666666666666664,12.39196412465836,191703662.2496527,95824833.33333333,10.0,1.0,7.853981633974483,20.0,2.5,98.17477042468104,8782.630493135404,9.618725678016885,9.869138774764972,49.673934606704805,12.144124842165192,2302.786376953125,426.940605116282,5.208333333333333,0.3660418082569846,161.99951226071596
369,0.825673,1.0,1,1531.821233004278,0.0,490.7513101029023,9.618725678016885,76.94980542413508,86.56853110215197,1166.9081925514072,0.0,0.0,605.292824156357,1.0,0.0,0.0,3.829302435848698,0.0,448.8946667626276,8782.630493135404,9.618725678016885,9.869138774764972,49.673934606704805,12.144124842165192,2302.786376953125,12.144124842165192,86.22328637937287,0.0,86.22328637937287,86.22328637937287,5.208333333333333,0.3660418082569846,426.940605116282,161.99951226071596,297.3695068645957,150.3260653932952,1.0,2.2749860674002154,0.0,1855.239583956697,490.7513101029023,478.35934597824394,3150.4940018146904,15.20213301931988,0.0,482.8488338176922,86.22328637937287,97.15299873732154,41.666666666666664,12.39196412465836,191703662.2496527,95824833.33333333,10.0,1.0,7.853981633974483,20.0,2.5,98.17477042468104,8782.630493135404,9.618725678016885,9.869138774764972,49.673934606704805,12.144124842165192,2302.786376953125,426.940605116282,5.208333333333333,0.3660418082569846,161.99951226071596
370,0.8532519999999999,1.0,1,1582.9868854902195,0.0,490.75131010290244,9.618725678016887,76.94980542413509,86.56853110215198,1582.9868854902197,502.30197931818486,0.0,1082.4797045086325,0.0,0.0,0.0,3.8293024358486996,0.0,451.1582778996908,8782.630493135404,9.618725678016885,9.869138774764972,49.673934606704805,12.144124842165192,2302.786376953125,12.144124842165192,86.22328637937287,86.22328637937287,0.0,0.0,5.208333333333333,0.3660418082569846,426.940605116282,161.99951226071596,297.3695068645957,150.3260653932952,1.0,2.2749860674002154,0.0,1855.239583956697,490.7513101029023,478.35934597824394,3150.4940018146904,15.20213301931988,0.0,482.8488338176922,86.22328637937287,97.15299873732154,41.666666666666664,12.39196412465836,191703662.2496527,95824833.33333333,10.0,1.0,7.853981633974483,20.0,2.5,98.17477042468104,8782.630493135404,9.618725678016885,9.869138774764972,49.673934606704805,12.144124842165192,2302.786376953125,426.940605116282,5.208333333333333,0.3660418082569846,161.99951226071596
371,0.8661530000000001,1.0,1,1606.9213313628452,0.0,490.75131010290244,9.618725678016887,76.94980542413509,86.56853110215198,1285.01287269264,204.3279665206052,0.0,1276.5912727032076,0.0,0.0,0.0,3.8293024358487013,0.0,453.421889036754,8782.630493135404,9.618725678016885,9.869138774764972,49.673934606704805,12.144124842165192,2302.786376953125,12.144124842165192,86.22328637937287,86.22328637937287,0.0,0.0,5.208333333333333,0.3660418082569846,426.940605116282,161.99951226071596,297.3695068645957,150.3260653932952,1.0,2.2749860674002154,0.0,1855.239583956697,490.7513101029023,478.35934597824394,3150.4940018146904,15.20213301931988,0.0,482.8488338176922,86.22328637937287,97.15299873732154,41.666666666666664,12.39196412465836,191703662.2496527,95824833.33333333,10.0,1.0,7.853981633974483,20.0,2.5,98.17477042468104,8782.630493135404,9.618725678016885,9.869138774764972,49.673934606704805,12.144124842165192,2302.786376953125,426.940605116282,5.208333333333333,0.3660418082569846,161.99951226071596
372,0.881709,1.0,1,1635.7814383308753,0.0,490.75131010290244,9.618725678016887,76.94980542413509,86.56853110215198,1080.6849061720347,0.0,474.928373734734,776.6666687719252,0.0,0.0,0.0,3.829302435848703,0.0,455.6855001738172,8782.630493135404,9.618725678016885,9.869138774764972,49.673934606704805,12.144124842165192,2302.786376953125,12.144124842165192,86.22328637937287,86.22328637937287,0.0,0.0,5.208333333333333,0.3660418082569846,426.940605116282,161.99951226071596,297.3695068645957,150.3260653932952,1.0,2.2749860674002154,0.0,1855.239583956697,490.7513101029023,478.35934597824394,3150.4940018146904,15.20213301931988,0.0,482.8488338176922,86.22328637937287,97.15299873732154,41.666666666666664,12.39196412465836,191703662.2496527,95824833.33333333,10.0,1.0,7.853981633974483,20.0,2.5,98.17477042468104,8782.630493135404,9.618725678016885,9.869138774764972,49.673934606704805,12.144124842165192,2302.786376953125,426.940605116282,5.208333333333333,0.3660418082569846,161.99951226071596
373,0.8917780000000001,1.0,1,1654.4618457017355,0.0,490.75131010290244,9.618725678016887,76.94980542413509,86.56853110215198,1080.6849061720347,0.0,0.0,776.6666687719252,0.0,0.0,0.0,3.829302435848705,0.0,457.949111310871,8782.630493135404,9.618725678016885,9.869138774764972,49.673934606704805,12.144124842165192,2302.786376953125,12.144124842165192,86.22328637937287,86.22328637937287,0.0,0.0,5.208333333333333,0.3660418082569846,426.940605116282,161.99951226071596,297.3695068645957,150.3260653932952,1.0,2.2749860674002154,0.0,1855.239583956697,490.7513101029023,478.35934597824394,3150.4940018146904,15.20213301931988,0.0,482.8488338176922,86.22328637937287,97.15299873732154,41.666666666666664,12.39196412465836,191703662.2496527,95824833.33333333,10.0,1.0,7.853981633974483,20.0,2.5,98.17477042468104,8782.630493135404,9.618725678016885,9.869138774764972,49.673934606704805,12.144124842165192,2302.786376953125,426.940605116282,5.208333333333333,0.3660418082569846,161.99951226071596
374,0.896995,1.0,1,1664.1406306112374,0.0,490.75131010290244,9.618725678016887,76.94980542413509,86.56853110215198,1080.6849061720347,0.0,0.0,776.6666687719252,0.0,0.0,0.0,3.8293024358487067,0.0,460.2127224479342,8782.630493135404,9.618725678016885,9.869138774764972,49.673934606704805,12.144124842165192,2302.786376953125,12.144124842165192,86.22328637937287,86.22328637937287,0.0,0.0,5.208333333333333,0.3660418082569846,426.940605116282,161.99951226071596,297.3695068645957,150.3260653932952,1.0,2.2749860674002154,0.0,1855.239583956697,490.7513101029023,478.35934597824394,3150.4940018146904,15.20213301931988,0.0,482.8488338176922,86.22328637937287,97.15299873732154,41.666666666666664,12.39196412465836,191703662.2496527,95824833.33333333,10.0,1.0,7.853981633974483,20.0,2.5,98.17477042468104,8782.630493135404,9.618725678016885,9.869138774764972,49.673934606704805,12.144124842165192,2302.786376953125,426.940605116282,5.208333333333333,0.3660418082569846,161.99951226071596
375,0.906201,1.0,1,1681.2199662211428,0.0,490.75131010290244,9.618725678016887,76.94980542413509,86.56853110215198,1681.219966221144,600.5350600491092,0.0,1347.1749758185788,0.0,0.0,0.0,3.8293024358487067,0.0,462.4763335849974,8782.630493135404,9.618725678016885,9.869138774764972,49.673934606704805,12.144124842165192,2302.786376953125,12.144124842165192,86.22328637937287,86.22328637937287,0.0,0.0,5.208333333333333,0.3660418082569846,426.940605116282,161.99951226071596,297.3695068645957,150.3260653932952,1.0,2.2749860674002154,0.0,1855.239583956697,490.7513101029023,478.35934597824394,3150.4940018146904,15.20213301931988,0.0,482.8488338176922,86.22328637937287,97.15299873732154,41.666666666666664,12.39196412465836,191703662.2496527,95824833.33333333,10.0,1.0,7.853981633974483,20.0,2.5,98.17477042468104,8782.630493135404,9.618725678016885,9.869138774764972,49.673934606704805,12.144124842165192,2302.786376953125,426.940605116282,5.208333333333333,0.3660418082569846,161.99951226071596
376,0.927121,1.0,1,1720.031578317517,0.0,490.75131010290244,9.618725678016887,76.94980542413509,86.56853110215198,1080.6849061720347,0.0,0.0,1347.1749758185788,0.0,0.0,0.0,3.8293024358487084,0.0,464.7399447220606,8782.630493135404,9.618725678016885,9.869138774764972,49.673934606704805,12.144124842165192,2302.786376953125,12.144124842165192,86.22328637937287,86.22328637937287,0.0,0.0,5.208333333333333,0.3660418082569846,426.940605116282,161.99951226071596,297.3695068645957,150.3260653932952,1.0,2.2749860674002154,0.0,1855.239583956697,490.7513101029023,478.35934597824394,3150.4940018146904,15.20213301931988,0.0,482.8488338176922,86.22328637937287,97.15299873732154,41.666666666666664,12.39196412465836,191703662.2496527,95824833.33333333,10.0,1.0,7.853981633974483,20.0,2.5,98.17477042468104,8782.630493135404,9.618725678016885,9.869138774764972,49.673934606704805,12.144124842165192,2302.786376953125,426.940605116282,5.208333333333333,0.3660418082569846,161.99951226071596
377,0.955092,1.0,1,1771.9244847203697,0.0,490.7513101029024,9.618725678016887,76.94980542413509,86.56853110215198,1505.6037727249623,424.9188665529274,0.0,1750.8478990438598,1.0,0.0,0.0,3.8293024358487084,0.0,467.0035558582639,8782.630493135404,9.618725678016887,9.869138774764972,49.673934606704805,12.144124842165203,2302.786376953125,12.144124842165203,86.22328637937294,86.22328637937288,0.0,0.0,5.208333333333333,0.3660418082569846,426.9406051162823,161.99951226071596,297.3695068645957,150.3260653932952,1.0,2.2749860674002207,0.0,1855.239583956697,490.7513101029023,478.35934597824394,3150.4940018146904,15.20213301931988,0.0,482.8488338176922,86.22328637937287,97.15299873732154,41.666666666666664,12.39196412465836,191703662.2496527,95824833.33333333,10.0,1.0,7.853981633974483,20.0,2.5,98.17477042468104,8782.630493135404,9.618725678016885,9.869138774764972,49.673934606704805,12.144124842165192,2302.786376953125,426.940605116282,5.208333333333333,0.3660418082569846,161.99951226071596
378,0.971877,1.0,1,1803.0646811370827,0.0,490.75131010290244,9.618725678016887,76.94980542413509,86.56853110215198,1080.6849061720347,0.0,0.0,1750.8478990438598,0.0,0.0,0.0,3.82930243584871,0.0,469.2671669953271,8782.630493135404,9.618725678016885,9.869138774764972,49.673934606704805,12.144124842165192,2302.786376953125,12.144124842165192,86.22328637937287,86.22328637937287,0.0,0.0,5.208333333333333,0.3660418082569846,426.940605116282,161.99951226071596,297.3695068645957,150.3260653932952,1.0,2.2749860674002154,0.0,1855.239583956697,490.7513101029023,478.35934597824394,3150.4940018146904,15.20213301931988,0.0,482.8488338176922,86.22328637937287,97.15299873732154,41.666666666666664,12.39196412465836,191703662.2496527,95824833.33333333,10.0,1.0,7.853981633974483,20.0,2.5,98.17477042468104,8782.630493135404,9.618725678016885,9.869138774764972,49.673934606704805,12.144124842165192,2302.786376953125,426.940605116282,5.208333333333333,0.3660418082569846,161.99951226071596
379,0.976692,1.0,1,1811.9976597338343,0.0,490.7513101029023,9.618725678016885,76.94980542413508,86.56853110215197,1080.6849061720343,0.0,0.0,1750.8478990438598,1.0,0.0,0.0,3.82930243584871,0.0,471.5307781323903,8782.630493135404,9.618725678016885,9.869138774764972,49.673934606704805,12.144124842165192,2302.786376953125,12.144124842165192,86.22328637937287,86.22328637937287,0.0,0.0,5.208333333333333,0.3660418082569846,426.940605116282,161.99951226071596,297.3695068645957,150.3260653932952,1.0,2.2749860674002154,0.0,1855.239583956697,490.7513101029023,478.35934597824394,3150.4940018146904,15.20213301931988,0.0,482.8488338176922,86.22328637937287,97.15299873732154,41.666666666666664,12.39196412465836,191703662.2496527,95824833.33333333,10.0,1.0,7.853981633974483,20.0,2.5,98.17477042468104,8782.630493135404,9.618725678016885,9.869138774764972,49.673934606704805,12.144124842165192,2302.786376953125,426.940605116282,5.208333333333333,0.3660418082569846,161.99951226071596
380,0.978645,1.0,1,1815.6209426413018,0.0,490.75131010290244,9.618725678016887,76.94980542413509,86.56853110215198,1166.9081925514076,0.0,0.0,1750.8478990438598,0.0,0.0,0.0,3.829302435848712,0.0,473.7943892694535,8782.630493135404,9.618725678016885,9.869138774764972,49.673934606704805,12.144124842165192,2302.786376953125,12.144124842165192,86.22328637937287,0.0,86.22328637937287,86.22328637937287,5.208333333333333,0.3660418082569846,426.940605116282,161.99951226071596,297.3695068645957,150.3260653932952,1.0,2.2749860674002154,0.0,1855.239583956697,490.7513101029023,478.35934597824394,3150.4940018146904,15.20213301931988,0.0,482.8488338176922,86.22328637937287,97.15299873732154,41.666666666666664,12.39196412465836,191703662.2496527,95824833.33333333,10.0,1.0,7.853981633974483,20.0,2.5,98.17477042468104,8782.630493135404,9.618725678016885,9.869138774764972,49.673934606704805,12.144124842165192,2302.786376953125,426.940605116282,5.208333333333333,0.3660418082569846,161.99951226071596
381,0.979344,1.0,1,1816.9177551104874,0.0,490.75131010290244,9.618725678016887,76.94980542413509,86.56853110215198,1816.9177551104872,736.2328489384525,0.0,2450.26910553539,0.0,0.0,0.0,3.8293024358487138,0.0,476.0580004065117,8782.630493135404,9.618725678016885,9.869138774764972,49.673934606704805,12.144124842165192,2302.786376953125,12.144124842165192,86.22328637937287,86.22328637937287,0.0,0.0,5.208333333333333,0.3660418082569846,426.940605116282,161.99951226071596,297.3695068645957,150.3260653932952,1.0,2.2749860674002154,0.0,1855.239583956697,490.7513101029023,478.35934597824394,3150.4940018146904,15.20213301931988,0.0,482.8488338176922,86.22328637937287,97.15299873732154,41.666666666666664,12.39196412465836,191703662.2496527,95824833.33333333,10.0,1.0,7.853981633974483,20.0,2.5,98.17477042468104,8782.630493135404,9.618725678016885,9.869138774764972,49.673934606704805,12.144124842165192,2302.786376953125,426.940605116282,5.208333333333333,0.3660418082569846,161.99951226071596
382,0.9798,1.0,1,1817.7637443607719,0.0,490.7513101029024,9.618725678016887,76.94980542413509,86.56853110215198,1817.7637443607728,737.0788381887382,0.0,3150.4940018146913,1.0,0.0,0.0,3.8293024358487138,0.0,478.32161154357493,8782.630493135404,9.618725678016885,9.869138774764972,49.673934606704805,12.144124842165192,2302.786376953125,12.144124842165192,86.22328637937287,86.22328637937287,0.0,0.0,5.208333333333333,0.3660418082569846,426.940605116282,161.99951226071596,297.3695068645957,150.3260653932952,1.0,2.2749860674002154,0.0,1855.239583956697,490.7513101029023,478.35934597824394,3150.4940018146904,15.20213301931988,0.0,482.8488338176922,86.22328637937287,97.15299873732154,41.666666666666664,12.39196412465836,191703662.2496527,95824833.33333333,10.0,1.0,7.853981633974483,20.0,2.5,98.17477042468104,8782.630493135404,9.618725678016885,9.869138774764972,49.673934606704805,12.144124842165192,2302.786376953125,426.940605116282,5.208333333333333,0.3660418082569846,161.99951226071596
383,0.982643,1.0,1,1823.0381904979608,0.0,490.75131010290244,9.618725678016887,76.94980542413509,86.56853110215198,1080.6849061720347,0.0,0.0,3150.4940018146913,0.0,0.0,0.0,3.8293024358487155,0.0,480.58522268063814,8782.630493135404,9.618725678016885,9.869138774764972,49.673934606704805,12.144124842165192,2302.786376953125,12.144124842165192,86.22328637937287,86.22328637937287,0.0,0.0,5.208333333333333,0.3660418082569846,426.940605116282,161.99951226071596,297.3695068645957,150.3260653932952,1.0,2.2749860674002154,0.0,1855.239583956697,490.7513101029023,478.35934597824394,3150.4940018146904,15.20213301931988,0.0,482.8488338176922,86.22328637937287,97.15299873732154,41.666666666666664,12.39196412465836,191703662.2496527,95824833.33333333,10.0,1.0,7.853981633974483,20.0,2.5,98.17477042468104,8782.630493135404,9.618725678016885,9.869138774764972,49.673934606704805,12.144124842165192,2302.786376953125,426.940605116282,5.208333333333333,0.3660418082569846,161.99951226071596
384,0.405264,1.0,1,751.8618147526269,0.0,299.2861883104665,5.866009290885144,46.92807432708115,52.794083617966294,889.5950560183118,0.0,137.73324126568468,3005.511642587655,0.0,0.0,3.7527163871317413,0.0,0.0,482.8488338176924,8782.630493135404,9.618725678016885,9.869138774764972,49.673934606704805,12.144124842165192,2302.786376953125,12.144124842165192,86.22328637937287,86.22328637937287,0.0,0.0,5.208333333333333,0.3660418082569846,426.940605116282,161.99951226071596,297.3695068645957,150.3260653932952,1.0,2.2749860674002154,0.0,1855.239583956697,490.7513101029023,478.35934597824394,3150.4940018146904,15.20213301931988,0.0,482.8488338176922,86.22328637937287,97.15299873732154,41.666666666666664,12.39196412465836,191703662.2496527,95824833.33333333,10.0,1.0,7.853981633974483,20.0,2.5,98.17477042468104,8782.630493135404,9.618725678016885,9.869138774764972,49.673934606704805,12.144124842165192,2302.786376953125,426.940605116282,5.208333333333333,0.3660418082569846,161.99951226071596
385,0.334375,0.0,1,620.3457358855205,0.0,440.1007938151179,8.625975558776311,69.00780447021049,77.63378002898679,620.3457358855206,0.0,0.0,3005.511642587655,1.0,8.625975558776311,0.0,8.453456047600785,0.0,472.9301013807427,0.0,0.0,9.869138774764972,49.673934606704805,0.0,0.0,0.0,0.0,0.0,0.0,0.0,5.208333333333333,0.3660418082569846,0.0,161.99951226071596,9080.0,150.3260653932952,0.0,0.0,9.869138774764972,1855.239583956697,490.7513101029023,478.35934597824394,3150.4940018146904,15.20213301931988,0.0,482.8488338176922,86.22328637937287,97.15299873732154,41.666666666666664,12.39196412465836,191703662.2496527,95824833.33333333,10.0,1.0,7.853981633974483,20.0,2.5,98.17477042468104,8782.630493135404,9.618725678016885,9.869138774764972,49.673934606704805,12.144124842165192,2302.786376953125,426.940605116282,5.208333333333333,0.3660418082569846,161.99951226071596
386,0.277051,1.0,1,513.9959819747869,0.0,68.0785077228698,1.334338751368248,10.674710010945985,12.009048762314233,658.8405424846658,0.0,144.84456050987865,2853.0436841562037,0.0,0.0,8.284386926648631,0.0,0.0,475.1937125178216,8782.630493135404,9.61872567801688,9.869138774764972,49.673934606704805,12.144124842165185,2302.786376953125,12.144124842165185,86.22328637937281,86.22328637937281,0.0,0.0,5.208333333333333,0.3660418082569846,426.94060511628106,161.99951226071596,297.3695068645957,150.3260653932952,1.0,2.2749860674002065,0.0,1855.239583956697,490.7513101029023,478.35934597824394,3150.4940018146904,15.20213301931988,0.0,482.8488338176922,86.22328637937287,97.15299873732154,41.666666666666664,12.39196412465836,191703662.2496527,95824833.33333333,10.0,1.0,7.853981633974483,20.0,2.5,98.17477042468104,8782.630493135404,9.618725678016885,9.869138774764972,49.673934606704805,12.144124842165192,2302.786376953125,426.940605116282,5.208333333333333,0.3660418082569846,161.99951226071596
387,0.236241,0.0,1,438.28365455351405,0.0,264.9063352585299,5.192164171067186,41.53731336853749,46.72947753960467,438.28365455351434,0.0,0.0,2853.0436841562037,1.0,5.192164171067186,0.0,5.088320887645843,0.0,465.2749800808719,0.0,0.0,9.869138774764972,49.673934606704805,0.0,0.0,0.0,0.0,0.0,0.0,0.0,5.208333333333333,0.3660418082569846,0.0,161.99951226071596,9080.0,150.3260653932952,0.0,0.0,9.869138774764972,1855.239583956697,490.7513101029023,478.35934597824394,3150.4940018146904,15.20213301931988,0.0,482.8488338176922,86.22328637937287,97.15299873732154,41.666666666666664,12.39196412465836,191703662.2496527,95824833.33333333,10.0,1.0,7.853981633974483,20.0,2.5,98.17477042468104,8782.630493135404,9.618725678016885,9.869138774764972,49.673934606704805,12.144124842165192,2302.786376953125,426.940605116282,5.208333333333333,0.3660418082569846,161.99951226071596
388,0.226041,0.0,1,419.36021079715573,0.0,246.69670885710707,4.835255493599298,38.68204394879439,43.517299442393686,419.36021079715573,0.0,0.0,2853.0436841562037,1.0,4.8352554935992975,0.0,9.826871271373058,0.0,455.3562476439222,0.0,0.0,9.869138774764972,49.673934606704805,0.0,0.0,0.0,0.0,0.0,0.0,0.0,5.208333333333333,0.3660418082569846,0.0,161.99951226071596,9080.0,150.3260653932952,0.0,0.0,9.869138774764972,1855.239583956697,490.7513101029023,478.35934597824394,3150.4940018146904,15.20213301931988,0.0,482.8488338176922,86.22328637937287,97.15299873732154,41.666666666666664,12.39196412465836,191703662.2496527,95824833.33333333,10.0,1.0,7.853981633974483,20.0,2.5,98.17477042468104,8782.630493135404,9.618725678016885,9.869138774764972,49.673934606704805,12.144124842165192,2302.786376953125,426.940605116282,5.208333333333333,0.3660418082569846,161.99951226071596
389,0.225972,0.0,1,419.23219926586273,0.0,115.91648886385015,2.2719631817314627,18.1757054538517,20.447668635583163,419.23219926586273,135.77879308569962,0.0,2982.0335375876184,1.0,2.2719631817314627,0.0,12.053395189469892,0.0,445.4375152069725,0.0,0.0,9.869138774764972,49.673934606704805,0.0,0.0,0.0,0.0,0.0,0.0,0.0,5.208333333333333,0.3660418082569846,0.0,161.99951226071596,9080.0,150.3260653932952,0.0,0.0,9.869138774764972,1855.239583956697,490.7513101029023,478.35934597824394,3150.4940018146904,15.20213301931988,0.0,482.8488338176922,86.22328637937287,97.15299873732154,41.666666666666664,12.39196412465836,191703662.2496527,95824833.33333333,10.0,1.0,7.853981633974483,20.0,2.5,98.17477042468104,8782.630493135404,9.618725678016885,9.869138774764972,49.673934606704805,12.144124842165192,2302.786376953125,426.940605116282,5.208333333333333,0.3660418082569846,161.99951226071596
390,0.237785,1.0,1,441.1481444711432,0.0,0.0,0.0,0.0,0.0,590.8954686369336,0.0,149.74732416579042,2824.404775307839,0.0,0.0,9.618725678016885,2.238368987411845,0.0,447.7011263449594,8782.630493135404,9.618725678016885,9.869138774764972,49.673934606704805,12.144124842165192,2302.786376953125,12.144124842165192,86.22328637937287,86.22328637937287,0.0,0.0,5.208333333333333,0.3660418082569846,426.94060511628186,161.99951226071596,297.3695068645957,150.3260653932952,1.0,2.2749860674002207,0.0,1855.239583956697,490.7513101029023,478.35934597824394,3150.4940018146904,15.20213301931988,0.0,482.8488338176922,86.22328637937287,97.15299873732154,41.666666666666664,12.39196412465836,191703662.2496527,95824833.33333333,10.0,1.0,7.853981633974483,20.0,2.5,98.17477042468104,8782.630493135404,9.618725678016885,9.869138774764972,49.673934606704805,12.144124842165192,2302.786376953125,426.940605116282,5.208333333333333,0.3660418082569846,161.99951226071596
391,0.2567919999999999,0.0,1,476.41068324340796,0.0,301.59516194241525,5.911265174071339,47.29012139257071,53.20138656664205,476.41068324340796,0.0,0.0,2824.404775307839,1.0,5.911265174071338,0.0,8.031408858001758,0.0,437.7823939080097,0.0,0.0,9.869138774764972,49.673934606704805,0.0,0.0,0.0,0.0,0.0,0.0,0.0,5.208333333333333,0.3660418082569846,0.0,161.99951226071596,9080.0,150.3260653932952,0.0,0.0,9.869138774764972,1855.239583956697,490.7513101029023,478.35934597824394,3150.4940018146904,15.20213301931988,0.0,482.8488338176922,86.22328637937287,97.15299873732154,41.666666666666664,12.39196412465836,191703662.2496527,95824833.33333333,10.0,1.0,7.853981633974483,20.0,2.5,98.17477042468104,8782.630493135404,9.618725678016885,9.869138774764972,49.673934606704805,12.144124842165192,2302.786376953125,426.940605116282,5.208333333333333,0.3660418082569846,161.99951226071596
392,0.296968,0.0,1,550.9467887684524,0.0,373.3196668741361,7.317065470733067,58.53652376586454,65.8535892365976,550.9467887684522,0.0,0.0,2824.404775307839,1.0,7.317065470733067,0.0,15.202133019320165,0.0,427.86366147105997,0.0,0.0,9.869138774764972,49.673934606704805,0.0,0.0,0.0,0.0,0.0,0.0,0.0,5.208333333333333,0.3660418082569846,0.0,161.99951226071596,9080.0,150.3260653932952,0.0,0.0,9.86913877476497,1855.239583956697,490.7513101029023,478.35934597824394,3150.4940018146904,15.20213301931988,0.0,482.8488338176922,86.22328637937287,97.15299873732154,41.666666666666664,12.39196412465836,191703662.2496527,95824833.33333333,10.0,1.0,7.853981633974483,20.0,2.5,98.17477042468104,8782.630493135404,9.618725678016885,9.869138774764972,49.673934606704805,12.144124842165192,2302.786376953125,426.940605116282,5.208333333333333,0.3660418082569846,161.99951226071596
393,0.369357,1.0,1,685.2457270114937,0.0,94.53554804873568,1.8528967417552191,14.823173934041753,16.67607067579697,685.2457270114937,0.0,0.0,2824.404775307839,0.0,0.0,7.7658289362616655,7.277817778236832,0.0,430.1272726081232,8782.630493135404,9.618725678016885,9.869138774764972,49.673934606704805,12.144124842165192,2302.786376953125,12.144124842165192,86.22328637937287,86.22328637937287,0.0,0.0,5.208333333333333,0.3660418082569846,426.94060511628186,161.99951226071596,297.3695068645957,150.3260653932952,1.0,2.2749860674002207,0.0,1855.239583956697,490.7513101029023,478.35934597824394,3150.4940018146904,15.20213301931988,0.0,482.8488338176922,86.22328637937287,97.15299873732154,41.666666666666664,12.39196412465836,191703662.2496527,95824833.33333333,10.0,1.0,7.853981633974483,20.0,2.5,98.17477042468104,8782.630493135404,9.618725678016885,9.869138774764972,49.673934606704805,12.144124842165192,2302.786376953125,426.940605116282,5.208333333333333,0.3660418082569846,161.99951226071596
394,0.438321,1.0,1,813.1904696794835,0.0,417.36894287281586,8.180431280307191,65.44345024245753,73.62388152276472,1007.4463683817189,0.0,194.2558987022354,2619.924881937065,0.0,0.0,1.4382943977096936,5.810170433635105,0.0,432.3908837451864,8782.630493135404,9.618725678016885,9.869138774764972,49.673934606704805,12.144124842165192,2302.786376953125,12.144124842165192,86.22328637937287,86.22328637937287,0.0,0.0,5.208333333333333,0.3660418082569846,426.940605116282,161.99951226071596,297.3695068645957,150.3260653932952,1.0,2.2749860674002154,0.0,1855.239583956697,490.7513101029023,478.35934597824394,3150.4940018146904,15.20213301931988,0.0,482.8488338176922,86.22328637937287,97.15299873732154,41.666666666666664,12.39196412465836,191703662.2496527,95824833.33333333,10.0,1.0,7.853981633974483,20.0,2.5,98.17477042468104,8782.630493135404,9.618725678016885,9.869138774764972,49.673934606704805,12.144124842165192,2302.786376953125,426.940605116282,5.208333333333333,0.3660418082569846,161.99951226071596
395,0.466644,1.0,1,865.7364204158889,0.0,490.7513101029024,9.618725678016887,76.94980542413509,86.56853110215198,1080.6849061720345,0.0,214.94848575613605,2393.663317983238,0.0,0.0,0.0,5.810170433635105,0.0,434.6544948822496,8782.630493135404,9.618725678016885,9.869138774764972,49.673934606704805,12.144124842165192,2302.786376953125,12.144124842165192,86.22328637937287,86.22328637937287,0.0,0.0,5.208333333333333,0.3660418082569846,426.940605116282,161.99951226071596,297.3695068645957,150.3260653932952,1.0,2.2749860674002154,0.0,1855.239583956697,490.7513101029023,478.35934597824394,3150.4940018146904,15.20213301931988,0.0,482.8488338176922,86.22328637937287,97.15299873732154,41.666666666666664,12.39196412465836,191703662.2496527,95824833.33333333,10.0,1.0,7.853981633974483,20.0,2.5,98.17477042468104,8782.630493135404,9.618725678016885,9.869138774764972,49.673934606704805,12.144124842165192,2302.786376953125,426.940605116282,5.208333333333333,0.3660418082569846,161.99951226071596
396,0.426223,1.0,1,790.7457811927753,0.0,200.24278842114705,3.9247586530544822,31.398069224435858,35.32282787749034,790.7457811927753,0.0,0.0,2393.663317983238,0.0,0.0,5.693967024962403,0.0,0.0,436.9181060193128,8782.630493135404,9.618725678016885,9.869138774764972,49.673934606704805,12.144124842165192,2302.786376953125,12.144124842165192,86.22328637937287,86.22328637937287,0.0,0.0,5.208333333333333,0.3660418082569846,426.940605116282,161.99951226071596,297.3695068645957,150.3260653932952,1.0,2.2749860674002154,0.0,1855.239583956697,490.7513101029023,478.35934597824394,3150.4940018146904,15.20213301931988,0.0,482.8488338176922,86.22328637937287,97.15299873732154,41.666666666666664,12.39196412465836,191703662.2496527,95824833.33333333,10.0,1.0,7.853981633974483,20.0,2.5,98.17477042468104,8782.630493135404,9.618725678016885,9.869138774764972,49.673934606704805,12.144124842165192,2302.786376953125,426.940605116282,5.208333333333333,0.3660418082569846,161.99951226071596
397,0.328194,1.0,1,608.8785000170842,0.0,490.75131010290244,9.618725678016887,76.94980542413509,86.56853110215198,1080.6849061720347,0.0,471.8064061549503,1897.0249957148694,0.0,0.0,0.0,0.0,0.0,439.181717156376,8782.630493135404,9.618725678016885,9.869138774764972,49.673934606704805,12.144124842165192,2302.786376953125,12.144124842165192,86.22328637937287,86.22328637937287,0.0,0.0,5.208333333333333,0.3660418082569846,426.940605116282,161.99951226071596,297.3695068645957,150.3260653932952,1.0,2.2749860674002154,0.0,1855.239583956697,490.7513101029023,478.35934597824394,3150.4940018146904,15.20213301931988,0.0,482.8488338176922,86.22328637937287,97.15299873732154,41.666666666666664,12.39196412465836,191703662.2496527,95824833.33333333,10.0,1.0,7.853981633974483,20.0,2.5,98.17477042468104,8782.630493135404,9.618725678016885,9.869138774764972,49.673934606704805,12.144124842165192,2302.786376953125,426.940605116282,5.208333333333333,0.3660418082569846,161.99951226071596
398,0.251623,0.0,1,466.82094983393597,0.0,258.1933444680797,5.060589551574362,40.4847164125949,45.54530596416926,466.82094983393597,35.513435309857485,0.0,1930.762759259234,1.0,5.060589551574362,0.0,4.959377760542875,0.0,429.2629847194263,0.0,0.0,9.869138774764972,49.673934606704805,0.0,0.0,0.0,0.0,0.0,0.0,0.0,5.208333333333333,0.3660418082569846,0.0,161.99951226071596,9080.0,150.3260653932952,0.0,0.0,9.869138774764972,1855.239583956697,490.7513101029023,478.35934597824394,3150.4940018146904,15.20213301931988,0.0,482.8488338176922,86.22328637937287,97.15299873732154,41.666666666666664,12.39196412465836,191703662.2496527,95824833.33333333,10.0,1.0,7.853981633974483,20.0,2.5,98.17477042468104,8782.630493135404,9.618725678016885,9.869138774764972,49.673934606704805,12.144124842165192,2302.786376953125,426.940605116282,5.208333333333333,0.3660418082569846,161.99951226071596
399,0.227648,0.0,1,422.3415808085742,0.0,249.56561764405313,4.891486105823441,39.13188884658753,44.02337495241097,422.3415808085501,0.0,0.0,1930.762759259234,1.0,4.891486105823441,0.0,9.753034144249847,0.0,419.3442522824766,0.0,0.0,9.869138774764972,49.673934606704805,0.0,0.0,0.0,0.0,0.0,0.0,0.0,5.208333333333333,0.3660418082569846,0.0,161.99951226071596,9080.0,150.3260653932952,0.0,0.0,9.869138774764979,1855.239583956697,490.7513101029023,478.35934597824394,3150.4940018146904,15.20213301931988,0.0,482.8488338176922,86.22328637937287,97.15299873732154,41.666666666666664,12.39196412465836,191703662.2496527,95824833.33333333,10.0,1.0,7.853981633974483,20.0,2.5,98.17477042468104,8782.630493135404,9.618725678016885,9.869138774764972,49.673934606704805,12.144124842165192,2302.786376953125,426.940605116282,5.208333333333333,0.3660418082569846,161.99951226071596
400,0.246762,0.0,1,457.8026302163225,0.0,283.68902931434997,5.560304974561259,44.48243979649007,50.04274477105133,457.80263021632254,0.0,0.0,1930.762759259234,1.0,5.560304974561259,0.0,15.202133019319898,0.0,409.4255198455269,0.0,0.0,9.869138774764972,49.673934606704805,0.0,0.0,0.0,0.0,0.0,0.0,0.0,5.208333333333333,0.3660418082569846,0.0,161.99951226071596,9080.0,150.3260653932952,0.0,0.0,9.869138774764972,1855.239583956697,490.7513101029023,478.35934597824394,3150.4940018146904,15.20213301931988,0.0,482.8488338176922,86.22328637937287,97.15299873732154,41.666666666666664,12.39196412465836,191703662.2496527,95824833.33333333,10.0,1.0,7.853981633974483,20.0,2.5,98.17477042468104,8782.630493135404,9.618725678016885,9.869138774764972,49.673934606704805,12.144124842165192,2302.786376953125,426.940605116282,5.208333333333333,0.3660418082569846,161.99951226071596
401,0.323968,1.0,1,601.0382575352832,0.0,10.162707805648552,0.1991890729907116,1.5935125839256927,1.7927016569164043,601.0382575352832,0.0,0.0,1930.762759259234,0.0,0.0,9.41953660502618,5.590360973374818,0.0,411.6891309825901,8782.630493135404,9.618725678016885,9.869138774764972,49.673934606704805,12.144124842165192,2302.786376953125,12.144124842165192,86.22328637937287,86.22328637937287,0.0,0.0,5.208333333333333,0.3660418082569846,426.940605116282,161.99951226071596,297.3695068645957,150.3260653932952,1.0,2.2749860674002154,0.0,1855.239583956697,490.7513101029023,478.35934597824394,3150.4940018146904,15.20213301931988,0.0,482.8488338176922,86.22328637937287,97.15299873732154,41.666666666666664,12.39196412465836,191703662.2496527,95824833.33333333,10.0,1.0,7.853981633974483,20.0,2.5,98.17477042468104,8782.630493135404,9.618725678016885,9.869138774764972,49.673934606704805,12.144124842165192,2302.786376953125,426.940605116282,5.208333333333333,0.3660418082569846,161.99951226071596
402,0.4843369999999999,1.0,1,898.5611743748346,0.0,308.2699147708518,6.042090329508695,48.33672263606956,54.378812965578256,898.5611743748348,0.0,0.0,1930.762759259234,0.0,0.0,3.57663534850819,1.9407330667338072,0.0,413.9527421196533,8782.630493135404,9.618725678016885,9.869138774764972,49.673934606704805,12.144124842165192,2302.786376953125,12.144124842165192,86.22328637937287,86.22328637937287,0.0,0.0,5.208333333333333,0.3660418082569846,426.940605116282,161.99951226071596,297.3695068645957,150.3260653932952,1.0,2.2749860674002154,0.0,1855.239583956697,490.7513101029023,478.35934597824394,3150.4940018146904,15.20213301931988,0.0,482.8488338176922,86.22328637937287,97.15299873732154,41.666666666666664,12.39196412465836,191703662.2496527,95824833.33333333,10.0,1.0,7.853981633974483,20.0,2.5,98.17477042468104,8782.630493135404,9.618725678016885,9.869138774764972,49.673934606704805,12.144124842165192,2302.786376953125,426.940605116282,5.208333333333333,0.3660418082569846,161.99951226071596
403,0.561174,1.0,1,1041.1122182873155,0.0,451.1009074289425,8.841577785607273,70.73262228485818,79.57420007046545,1041.1122182873155,0.0,0.0,1930.762759259234,0.0,0.0,0.7771478924096122,1.147725013254611,0.0,416.2163532567165,8782.630493135404,9.618725678016885,9.869138774764972,49.673934606704805,12.144124842165192,2302.786376953125,12.144124842165192,86.22328637937287,86.22328637937287,0.0,0.0,5.208333333333333,0.3660418082569846,426.940605116282,161.99951226071596,297.3695068645957,150.3260653932952,1.0,2.2749860674002154,0.0,1855.239583956697,490.7513101029023,478.35934597824394,3150.4940018146904,15.20213301931988,0.0,482.8488338176922,86.22328637937287,97.15299873732154,41.666666666666664,12.39196412465836,191703662.2496527,95824833.33333333,10.0,1.0,7.853981633974483,20.0,2.5,98.17477042468104,8782.630493135404,9.618725678016885,9.869138774764972,49.673934606704805,12.144124842165192,2302.786376953125,426.940605116282,5.208333333333333,0.3660418082569846,161.99951226071596
404,0.596375,1.0,1,1106.4185068821753,0.0,490.7513101029026,9.61872567801689,76.94980542413512,86.56853110215201,1106.4185068821744,25.73360071013974,0.0,1955.2096799338665,0.0,0.0,0.0,1.1477250132546164,0.0,418.4799643937797,8782.630493135404,9.618725678016885,9.869138774764972,49.673934606704805,12.144124842165192,2302.786376953125,12.144124842165192,86.22328637937287,86.22328637937287,0.0,0.0,5.208333333333333,0.3660418082569846,426.940605116282,161.99951226071596,297.3695068645957,150.3260653932952,1.0,2.2749860674002154,0.0,1855.239583956697,490.7513101029023,478.35934597824394,3150.4940018146904,15.20213301931988,0.0,482.8488338176922,86.22328637937287,97.15299873732154,41.666666666666664,12.39196412465836,191703662.2496527,95824833.33333333,10.0,1.0,7.853981633974483,20.0,2.5,98.17477042468104,8782.630493135404,9.618725678016885,9.869138774764972,49.673934606704805,12.144124842165192,2302.786376953125,426.940605116282,5.208333333333333,0.3660418082569846,161.99951226071596
405,0.637447,1.0,1,1182.6169070744447,0.0,490.7513101029023,9.618725678016885,76.94980542413508,86.56853110215197,1182.6169070744447,101.93200090241038,0.0,2052.045080791156,0.0,0.0,0.0,1.1477250132546164,0.0,420.7435755308429,8782.630493135404,9.618725678016885,9.869138774764972,49.673934606704805,12.144124842165192,2302.786376953125,12.144124842165192,86.22328637937287,86.22328637937287,0.0,0.0,5.208333333333333,0.3660418082569846,426.940605116282,161.99951226071596,297.3695068645957,150.3260653932952,1.0,2.2749860674002154,0.0,1855.239583956697,490.7513101029023,478.35934597824394,3150.4940018146904,15.20213301931988,0.0,482.8488338176922,86.22328637937287,97.15299873732154,41.666666666666664,12.39196412465836,191703662.2496527,95824833.33333333,10.0,1.0,7.853981633974483,20.0,2.5,98.17477042468104,8782.630493135404,9.618725678016885,9.869138774764972,49.673934606704805,12.144124842165192,2302.786376953125,426.940605116282,5.208333333333333,0.3660418082569846,161.99951226071596
406,0.645316,1.0,1,1197.2157873606,0.0,490.7513101029023,9.618725678016885,76.94980542413508,86.56853110215197,1197.2157873606,116.53088118856567,0.0,2162.7494179202936,0.0,0.0,0.0,1.1477250132546164,0.0,423.0071866679061,8782.630493135404,9.618725678016885,9.869138774764972,49.673934606704805,12.144124842165192,2302.786376953125,12.144124842165192,86.22328637937287,86.22328637937287,0.0,0.0,5.208333333333333,0.3660418082569846,426.94060511628186,161.99951226071596,297.3695068645957,150.3260653932952,1.0,2.2749860674002207,0.0,1855.239583956697,490.7513101029023,478.35934597824394,3150.4940018146904,15.20213301931988,0.0,482.8488338176922,86.22328637937287,97.15299873732154,41.666666666666664,12.39196412465836,191703662.2496527,95824833.33333333,10.0,1.0,7.853981633974483,20.0,2.5,98.17477042468104,8782.630493135404,9.618725678016885,9.869138774764972,49.673934606704805,12.144124842165192,2302.786376953125,426.940605116282,5.208333333333333,0.3660418082569846,161.99951226071596
407,0.662672,1.0,1,1229.4153255797523,0.0,490.7513101029019,9.618725678016878,76.94980542413502,86.5685311021519,1229.4153255797646,148.73041940772066,0.0,2304.043316357628,0.0,0.0,0.0,1.1477250132546164,0.0,425.2707978049694,8782.630493135404,9.618725678016878,9.869138774764972,49.673934606704805,12.144124842165244,2302.786376953125,12.144124842165244,86.22328637937322,86.22328637937288,0.0,0.0,5.208333333333333,0.3660418082569846,426.94060511629175,161.99951226071596,297.3695068645957,150.3260653932952,1.0,2.2749860674002615,0.0,1855.239583956697,490.7513101029023,478.35934597824394,3150.4940018146904,15.20213301931988,0.0,482.8488338176922,86.22328637937287,97.15299873732154,41.666666666666664,12.39196412465836,191703662.2496527,95824833.33333333,10.0,1.0,7.853981633974483,20.0,2.5,98.17477042468104,8782.630493135404,9.618725678016885,9.869138774764972,49.673934606704805,12.144124842165192,2302.786376953125,426.940605116282,5.208333333333333,0.3660418082569846,161.99951226071596
408,0.344838,1.0,1,639.7571076524595,0.0,433.36505987226406,8.493955173496376,67.95164138797101,76.44559656146738,1023.4111329918481,0.0,383.654024908143,1900.1969743490567,0.0,0.0,1.1247705045205088,0.0,0.0,427.53440894205283,8782.630493135404,9.618725678016885,9.869138774764972,49.673934606704805,12.144124842165192,2302.786376953125,12.144124842165192,86.22328637937287,86.22328637937287,0.0,0.0,5.208333333333333,0.3660418082569846,426.940605116282,161.99951226071596,297.3695068645957,150.3260653932952,1.0,2.2749860674002154,0.0,1855.239583956697,490.7513101029023,478.35934597824394,3150.4940018146904,15.20213301931988,0.0,482.8488338176922,86.22328637937287,97.15299873732154,41.666666666666664,12.39196412465836,191703662.2496527,95824833.33333333,10.0,1.0,7.853981633974483,20.0,2.5,98.17477042468104,8782.630493135404,9.618725678016885,9.869138774764972,49.673934606704805,12.144124842165192,2302.786376953125,426.940605116282,5.208333333333333,0.3660418082569846,161.99951226071596
409,0.279202,0.0,1,517.9866023198778,0.0,341.602782300835,6.695414533096366,53.563316264770926,60.258730797867294,517.9866023198778,0.0,0.0,1900.1969743490567,1.0,6.695414533096366,0.0,6.561506242434438,0.0,417.6156765051031,0.0,0.0,9.869138774764972,49.673934606704805,0.0,0.0,0.0,0.0,0.0,0.0,0.0,5.208333333333333,0.3660418082569846,0.0,161.99951226071596,9080.0,150.3260653932952,0.0,0.0,9.869138774764972,1855.239583956697,490.7513101029023,478.35934597824394,3150.4940018146904,15.20213301931988,0.0,482.8488338176922,86.22328637937287,97.15299873732154,41.666666666666664,12.39196412465836,191703662.2496527,95824833.33333333,10.0,1.0,7.853981633974483,20.0,2.5,98.17477042468104,8782.630493135404,9.618725678016885,9.869138774764972,49.673934606704805,12.144124842165192,2302.786376953125,426.940605116282,5.208333333333333,0.3660418082569846,161.99951226071596
410,0.231932,0.0,1,430.28942718624467,0.0,64.02962252155928,1.2549806014225617,10.039844811380494,11.294825412803055,430.28942718624467,200.75685250899022,0.0,2090.9159842325976,1.0,1.2549806014225617,0.0,7.791387240470399,0.0,407.6969440681534,0.0,0.0,9.869138774764972,49.673934606704805,0.0,0.0,0.0,0.0,0.0,0.0,0.0,5.208333333333333,0.3660418082569846,0.0,161.99951226071596,9080.0,150.3260653932952,0.0,0.0,9.869138774764972,1855.239583956697,490.7513101029023,478.35934597824394,3150.4940018146904,15.20213301931988,0.0,482.8488338176922,86.22328637937287,97.15299873732154,41.666666666666664,12.39196412465836,191703662.2496527,95824833.33333333,10.0,1.0,7.853981633974483,20.0,2.5,98.17477042468104,8782.630493135404,9.618725678016885,9.869138774764972,49.673934606704805,12.144124842165192,2302.786376953125,426.940605116282,5.208333333333333,0.3660418082569846,161.99951226071596
411,0.203669,0.0,1,377.8547908248765,0.0,206.75692828332046,4.052435794353081,32.41948635482465,36.47192214917773,377.85479082487666,0.0,0.0,2090.9159842325976,1.0,4.052435794353081,0.0,11.762774318936419,0.0,397.7782116312037,0.0,0.0,9.869138774764972,49.673934606704805,0.0,0.0,0.0,0.0,0.0,0.0,0.0,5.208333333333333,0.3660418082569846,0.0,161.99951226071596,9080.0,150.3260653932952,0.0,0.0,9.869138774764972,1855.239583956697,490.7513101029023,478.35934597824394,3150.4940018146904,15.20213301931988,0.0,482.8488338176922,86.22328637937287,97.15299873732154,41.666666666666664,12.39196412465836,191703662.2496527,95824833.33333333,10.0,1.0,7.853981633974483,20.0,2.5,98.17477042468104,8782.630493135404,9.618725678016885,9.869138774764972,49.673934606704805,12.144124842165192,2302.786376953125,426.940605116282,5.208333333333333,0.3660418082569846,161.99951226071596
412,0.188154,0.0,1,349.0707486797884,0.0,179.05865370591314,3.5095496126358974,28.07639690108718,31.585946513723076,349.0707486797884,4.795753397957014e-06,0.0,2090.9159887885635,1.0,3.5095496126358974,0.0,15.202132939319599,0.0,387.859479194254,0.0,0.0,9.869138774764972,49.673934606704805,0.0,0.0,0.0,0.0,0.0,0.0,0.0,5.208333333333333,0.3660418082569846,0.0,161.99951226071596,9080.0,150.3260653932952,0.0,0.0,9.869138774764972,1855.239583956697,490.7513101029023,478.35934597824394,3150.4940018146904,15.20213301931988,0.0,482.8488338176922,86.22328637937287,97.15299873732154,41.666666666666664,12.39196412465836,191703662.2496527,95824833.33333333,10.0,1.0,7.853981633974483,20.0,2.5,98.17477042468104,8782.630493135404,9.618725678016885,9.869138774764972,49.673934606704805,12.144124842165192,2302.786376953125,426.940605116282,5.208333333333333,0.3660418082569846,161.99951226071596
413,0.180157,1.0,1,334.2343977268867,0.0,0.0,0.0,0.0,0.0,590.8954686369322,0.0,256.66107091003187,1820.7464404622142,0.0,0.0,9.618725678016878,5.387106737261561,0.0,390.12309033133636,8782.630493135404,9.618725678016872,9.869138774764972,49.673934606704805,12.144124842165171,2302.786376953125,12.144124842165171,86.22328637937271,86.22328637937271,0.0,0.0,5.208333333333333,0.3660418082569846,426.9406051162804,161.99951226071596,297.3695068645957,150.3260653932952,1.0,2.2749860674001923,0.0,1855.239583956697,490.7513101029023,478.35934597824394,3150.4940018146904,15.20213301931988,0.0,482.8488338176922,86.22328637937287,97.15299873732154,41.666666666666664,12.39196412465836,191703662.2496527,95824833.33333333,10.0,1.0,7.853981633974483,20.0,2.5,98.17477042468104,8782.630493135404,9.618725678016885,9.869138774764972,49.673934606704805,12.144124842165192,2302.786376953125,426.940605116282,5.208333333333333,0.3660418082569846,161.99951226071596
414,0.17149,1.0,1,318.15503625273396,0.0,316.6042851752868,6.205443989435621,49.64355191548497,55.84899590492059,906.879209413277,0.0,588.7241731605429,1201.0367845037479,0.0,0.0,3.4132816885812645,1.9041662387092504,0.0,392.38670146839956,8782.630493135404,9.618725678016885,9.869138774764972,49.673934606704805,12.144124842165192,2302.786376953125,12.144124842165192,86.22328637937287,86.22328637937288,0.0,0.0,5.208333333333333,0.3660418082569846,426.940605116282,161.99951226071596,297.3695068645957,150.3260653932952,1.0,2.2749860674002154,0.0,1855.239583956697,490.7513101029023,478.35934597824394,3150.4940018146904,15.20213301931988,0.0,482.8488338176922,86.22328637937287,97.15299873732154,41.666666666666664,12.39196412465836,191703662.2496527,95824833.33333333,10.0,1.0,7.853981633974483,20.0,2.5,98.17477042468104,8782.630493135404,9.618725678016885,9.869138774764972,49.673934606704805,12.144124842165192,2302.786376953125,426.940605116282,5.208333333333333,0.3660418082569846,161.99951226071596
415,0.1608899999999999,0.0,1,298.4894966627928,0.0,130.38540226920378,2.555553884476394,20.444431075811153,22.99998496028755,298.4895009910066,0.0,4.328213805138148e-06,1201.0367799477333,1.0,2.555553884476394,0.0,4.408609045496116,0.0,382.46796903144985,0.0,0.0,9.869138774764972,49.673934606704805,0.0,0.0,0.0,0.0,0.0,0.0,0.0,5.208333333333333,0.3660418082569846,0.0,161.99951226071596,9080.0,150.3260653932952,0.0,0.0,9.869138774764972,1855.239583956697,490.7513101029023,478.35934597824394,3150.4940018146904,15.20213301931988,0.0,482.8488338176922,86.22328637937287,97.15299873732154,41.666666666666664,12.39196412465836,191703662.2496527,95824833.33333333,10.0,1.0,7.853981633974483,20.0,2.5,98.17477042468104,8782.630493135404,9.618725678016885,9.869138774764972,49.673934606704805,12.144124842165192,2302.786376953125,426.940605116282,5.208333333333333,0.3660418082569846,161.99951226071596
416,0.1585569999999999,0.0,1,294.1612227134218,0.0,126.22039237930318,2.473919690634342,19.791357525074737,22.26527721570908,294.1612227134219,0.0,0.0,1201.0367799477333,1.0,2.473919690634342,0.0,6.8330503423177715,0.0,372.5492365945123,0.0,0.0,9.869138774764972,49.673934606704805,0.0,0.0,0.0,0.0,0.0,0.0,0.0,5.208333333333333,0.3660418082569846,0.0,161.99951226071596,9080.0,150.3260653932952,0.0,0.0,9.869138774764961,1855.239583956697,490.7513101029023,478.35934597824394,3150.4940018146904,15.20213301931988,0.0,482.8488338176922,86.22328637937287,97.15299873732154,41.666666666666664,12.39196412465836,191703662.2496527,95824833.33333333,10.0,1.0,7.853981633974483,20.0,2.5,98.17477042468104,8782.630493135404,9.618725678016885,9.869138774764972,49.673934606704805,12.144124842165192,2302.786376953125,426.940605116282,5.208333333333333,0.3660418082569846,161.99951226071596
417,0.181521,0.0,1,336.76494451940357,0.0,167.21704538736867,3.277454089592426,26.219632716739408,29.497086806331833,336.76494451940357,0.0,0.0,1201.0367799477333,1.0,3.2774540895924256,0.0,10.044955350118348,0.0,362.6305041575626,0.0,0.0,9.869138774764972,49.673934606704805,0.0,0.0,0.0,0.0,0.0,0.0,0.0,5.208333333333333,0.3660418082569846,0.0,161.99951226071596,9080.0,150.3260653932952,0.0,0.0,9.869138774764961,1855.239583956697,490.7513101029023,478.35934597824394,3150.4940018146904,15.20213301931988,0.0,482.8488338176922,86.22328637937287,97.15299873732154,41.666666666666664,12.39196412465836,191703662.2496527,95824833.33333333,10.0,1.0,7.853981633974483,20.0,2.5,98.17477042468104,8782.630493135404,9.618725678016885,9.869138774764972,49.673934606704805,12.144124842165192,2302.786376953125,426.940605116282,5.208333333333333,0.3660418082569846,161.99951226071596
418,0.238249,0.0,1,442.0089756380991,0.0,268.4911322991235,5.2624261930628204,42.099409544502564,47.361835737565386,442.0089756380991,0.0,0.0,1201.0367799477333,1.0,5.262426193062791,0.0,15.202133019319884,0.0,352.71177172059885,0.0,0.0,9.869138774764972,49.673934606704805,0.0,0.0,0.0,0.0,0.0,0.0,0.0,5.208333333333333,0.3660418082569846,0.0,161.99951226071596,9080.0,150.3260653932952,0.0,0.0,9.869138774778873,1855.239583956697,490.7513101029023,478.35934597824394,3150.4940018146904,15.20213301931988,0.0,482.8488338176922,86.22328637937287,97.15299873732154,41.666666666666664,12.39196412465836,191703662.2496527,95824833.33333333,10.0,1.0,7.853981633974483,20.0,2.5,98.17477042468104,8782.630493135404,9.618725678016885,9.869138774764972,49.673934606704805,12.144124842165192,2302.786376953125,426.940605116282,5.208333333333333,0.3660418082569846,161.99951226071596
419,0.318364,1.0,1,590.6414949067898,0.0,490.75131010290244,9.618725678016887,76.94980542413509,86.56853110215198,1080.6849061720347,0.0,490.0434112652447,685.2016101948442,0.0,0.0,0.0,15.202133019319884,0.0,354.97538285766205,8782.630493135404,9.618725678016885,9.869138774764972,49.673934606704805,12.144124842165192,2302.786376953125,12.144124842165192,86.22328637937287,86.22328637937287,0.0,0.0,5.208333333333333,0.3660418082569846,426.940605116282,161.99951226071596,297.3695068645957,150.3260653932952,1.0,2.2749860674002154,0.0,1855.239583956697,490.7513101029023,478.35934597824394,3150.4940018146904,15.20213301931988,0.0,482.8488338176922,86.22328637937287,97.15299873732154,41.666666666666664,12.39196412465836,191703662.2496527,95824833.33333333,10.0,1.0,7.853981633974483,20.0,2.5,98.17477042468104,8782.630493135404,9.618725678016885,9.869138774764972,49.673934606704805,12.144124842165192,2302.786376953125,426.940605116282,5.208333333333333,0.3660418082569846,161.99951226071596
420,0.398761,1.0,1,739.7971917381565,0.0,149.1941436227233,2.9242052150053763,23.39364172004301,26.317846935048387,739.7971917381565,0.0,0.0,685.201610194844,0.0,0.0,6.694520463011509,8.370989689716305,0.0,357.2389939947208,8782.630493135404,9.618725678016885,9.869138774764972,49.673934606704805,12.144124842165192,2302.786376953125,12.144124842165192,86.22328637937287,86.22328637937287,0.0,0.0,5.208333333333333,0.3660418082569846,426.940605116282,161.99951226071596,297.3695068645957,150.3260653932952,1.0,2.2749860674002154,0.0,1855.239583956697,490.7513101029023,478.35934597824394,3150.4940018146904,15.20213301931988,0.0,482.8488338176922,86.22328637937287,97.15299873732154,41.666666666666664,12.39196412465836,191703662.2496527,95824833.33333333,10.0,1.0,7.853981633974483,20.0,2.5,98.17477042468104,8782.630493135404,9.618725678016885,9.869138774764972,49.673934606704805,12.144124842165192,2302.786376953125,426.940605116282,5.208333333333333,0.3660418082569846,161.99951226071596
421,0.465291,1.0,1,863.2262812587956,0.0,272.86562925520207,5.34816633340196,42.78533066721568,48.133497000617645,863.2262812587956,0.0,0.0,685.201610194844,0.0,0.0,4.270559344614925,4.013276072762302,0.0,359.502605131784,8782.630493135404,9.618725678016885,9.869138774764972,49.673934606704805,12.144124842165192,2302.786376953125,12.144124842165192,86.22328637937287,86.22328637937287,0.0,0.0,5.208333333333333,0.3660418082569846,426.940605116282,161.99951226071596,297.3695068645957,150.3260653932952,1.0,2.2749860674002154,0.0,1855.239583956697,490.7513101029023,478.35934597824394,3150.4940018146904,15.20213301931988,0.0,482.8488338176922,86.22328637937287,97.15299873732154,41.666666666666664,12.39196412465836,191703662.2496527,95824833.33333333,10.0,1.0,7.853981633974483,20.0,2.5,98.17477042468104,8782.630493135404,9.618725678016885,9.869138774764972,49.673934606704805,12.144124842165192,2302.786376953125,426.940605116282,5.208333333333333,0.3660418082569846,161.99951226071596
422,0.508156,1.0,1,942.7511260250994,0.0,421.2381860448053,8.256268446478183,66.05014757182546,74.30641601830365,1011.3080278370911,0.0,68.55690181199175,613.0364503927474,0.0,0.0,1.3624572315387016,2.623013591600362,0.0,361.7662162688472,8782.630493135404,9.618725678016885,9.869138774764972,49.673934606704805,12.144124842165192,2302.786376953125,12.144124842165192,86.22328637937287,86.22328637937287,0.0,0.0,5.208333333333333,0.3660418082569846,426.940605116282,161.99951226071596,297.3695068645957,150.3260653932952,1.0,2.2749860674002154,0.0,1855.239583956697,490.7513101029023,478.35934597824394,3150.4940018146904,15.20213301931988,0.0,482.8488338176922,86.22328637937287,97.15299873732154,41.666666666666664,12.39196412465836,191703662.2496527,95824833.33333333,10.0,1.0,7.853981633974483,20.0,2.5,98.17477042468104,8782.630493135404,9.618725678016885,9.869138774764972,49.673934606704805,12.144124842165192,2302.786376953125,426.940605116282,5.208333333333333,0.3660418082569846,161.99951226071596
423,0.518204,1.0,1,961.3925733646962,0.0,490.75131010290244,9.618725678016887,76.94980542413509,86.56853110215198,1080.6849061720347,0.0,119.29233280733825,487.465573753444,0.0,0.0,0.0,2.6230135916003636,0.0,364.0298274059104,8782.630493135404,9.618725678016885,9.869138774764972,49.673934606704805,12.144124842165192,2302.786376953125,12.144124842165192,86.22328637937287,86.22328637937287,0.0,0.0,5.208333333333333,0.3660418082569846,426.940605116282,161.99951226071596,297.3695068645957,150.3260653932952,1.0,2.2749860674002154,0.0,1855.239583956697,490.7513101029023,478.35934597824394,3150.4940018146904,15.20213301931988,0.0,482.8488338176922,86.22328637937287,97.15299873732154,41.666666666666664,12.39196412465836,191703662.2496527,95824833.33333333,10.0,1.0,7.853981633974483,20.0,2.5,98.17477042468104,8782.630493135404,9.618725678016885,9.869138774764972,49.673934606704805,12.144124842165192,2302.786376953125,426.940605116282,5.208333333333333,0.3660418082569846,161.99951226071596
424,0.501976,1.0,1,931.285745396247,0.0,359.60063052286046,7.048172358248065,56.38537886598452,63.43355122423259,949.7912819239693,0.0,18.505536527712138,467.9860616190102,0.0,0.0,2.5705533197688286,0.0,0.0,366.2934385429736,8782.630493135404,9.618725678016885,9.869138774764972,49.673934606704805,12.144124842165192,2302.786376953125,12.144124842165192,86.22328637937287,86.22328637937287,0.0,0.0,5.208333333333333,0.3660418082569846,426.940605116282,161.99951226071596,297.3695068645957,150.3260653932952,1.0,2.2749860674002154,0.0,1855.239583956697,490.7513101029023,478.35934597824394,3150.4940018146904,15.20213301931988,0.0,482.8488338176922,86.22328637937287,97.15299873732154,41.666666666666664,12.39196412465836,191703662.2496527,95824833.33333333,10.0,1.0,7.853981633974483,20.0,2.5,98.17477042468104,8782.630493135404,9.618725678016885,9.869138774764972,49.673934606704805,12.144124842165192,2302.786376953125,426.940605116282,5.208333333333333,0.3660418082569846,161.99951226071596
425,0.47556,1.0,1,882.2777365464468,0.0,490.75131010290244,9.618725678016887,76.94980542413509,86.56853110215198,1080.6849061720338,0.0,198.40716962558716,259.13640938155004,1.0,0.0,0.0,0.0,0.0,368.5570496802942,8782.630493135404,9.618725678016892,9.869138774764972,49.673934606704805,12.144124842438186,2302.786376953125,12.144124842438186,86.22328638131113,86.22328637937288,0.0,0.0,5.208333333333333,0.3660418082569846,426.94060511628106,161.99951226071596,297.3695068645957,150.3260653932952,1.0,2.2749860676731624,0.0,1855.239583956697,490.7513101029023,478.35934597824394,3150.4940018146904,15.20213301931988,0.0,482.8488338176922,86.22328637937287,97.15299873732154,41.666666666666664,12.39196412465836,191703662.2496527,95824833.33333333,10.0,1.0,7.853981633974483,20.0,2.5,98.17477042468104,8782.630493135404,9.618725678016885,9.869138774764972,49.673934606704805,12.144124842165192,2302.786376953125,426.940605116282,5.208333333333333,0.3660418082569846,161.99951226071596
426,0.44981,1.0,1,834.5053172595619,0.0,490.7513101029023,9.618725678016885,76.94980542413508,86.56853110215197,1080.6849061720343,0.0,246.17958891247252,0.0,0.0,0.0,0.0,0.0,0.0,370.8206608173574,8782.630493135404,9.618725678016885,9.869138774764972,49.673934606704805,12.144124842165192,2302.786376953125,12.144124842165192,86.22328637937287,86.22328637937287,0.0,0.0,5.208333333333333,0.3660418082569846,426.940605116282,161.99951226071596,297.3695068645957,150.3260653932952,1.0,2.2749860674002154,0.0,1855.239583956697,490.7513101029023,478.35934597824394,3150.4940018146904,15.20213301931988,0.0,482.8488338176922,86.22328637937287,97.15299873732154,41.666666666666664,12.39196412465836,191703662.2496527,95824833.33333333,10.0,1.0,7.853981633974483,20.0,2.5,98.17477042468104,8782.630493135404,9.618725678016885,9.869138774764972,49.673934606704805,12.144124842165192,2302.786376953125,426.940605116282,5.208333333333333,0.3660418082569846,161.99951226071596
427,0.423644,0.0,1,785.961118305751,0.0,490.7513101029024,9.618725678016887,76.94980542413509,86.56853110215198,785.961118305751,112.97936589396475,0.0,107.33039759926652,1.0,9.618725678016887,0.0,9.426351164456548,0.0,360.9019283804077,0.0,0.0,9.869138774764972,49.673934606704805,0.0,0.0,0.0,0.0,0.0,0.0,0.0,5.208333333333333,0.3660418082569846,0.0,161.99951226071596,9080.0,150.3260653932952,0.0,0.0,9.869138774764972,1855.239583956697,490.7513101029023,478.35934597824394,3150.4940018146904,15.20213301931988,0.0,482.8488338176922,86.22328637937287,97.15299873732154,41.666666666666664,12.39196412465836,191703662.2496527,95824833.33333333,10.0,1.0,7.853981633974483,20.0,2.5,98.17477042468104,8782.630493135404,9.618725678016885,9.869138774764972,49.673934606704805,12.144124842165192,2302.786376953125,426.940605116282,5.208333333333333,0.3660418082569846,161.99951226071596
428,0.404171,1.0,1,749.8340378873622,0.0,159.25070062365347,3.1213137322236078,24.970509857788862,28.09182359001247,749.8340378873631,0.0,0.0,107.33039759926652,0.0,0.0,6.49741194579327,2.7963389748715786,0.0,363.16553951744595,8782.630493135404,9.618725678016878,9.869138774764972,49.673934606704805,12.144124842165175,2302.786376953125,12.144124842165175,86.22328637937274,86.22328637937274,0.0,0.0,5.208333333333333,0.3660418082569846,426.9406051162804,161.99951226071596,297.3695068645957,150.3260653932952,1.0,2.2749860674001976,0.0,1855.239583956697,490.7513101029023,478.35934597824394,3150.4940018146904,15.20213301931988,0.0,482.8488338176922,86.22328637937287,97.15299873732154,41.666666666666664,12.39196412465836,191703662.2496527,95824833.33333333,10.0,1.0,7.853981633974483,20.0,2.5,98.17477042468104,8782.630493135404,9.618725678016885,9.869138774764972,49.673934606704805,12.144124842165192,2302.786376953125,426.940605116282,5.208333333333333,0.3660418082569846,161.99951226071596
429,0.395136,0.0,1,733.0719482463135,0.0,490.7513101029025,9.618725678016888,76.9498054241351,86.568531102152,733.0719482463137,60.09019583452737,0.0,164.41608364206752,1.0,9.618725678016888,0.0,12.22269013932813,0.0,353.24680708049624,0.0,0.0,9.869138774764972,49.673934606704805,0.0,0.0,0.0,0.0,0.0,0.0,0.0,5.208333333333333,0.3660418082569846,0.0,161.99951226071596,9080.0,150.3260653932952,0.0,0.0,9.869138774764972,1855.239583956697,490.7513101029023,478.35934597824394,3150.4940018146904,15.20213301931988,0.0,482.8488338176922,86.22328637937287,97.15299873732154,41.666666666666664,12.39196412465836,191703662.2496527,95824833.33333333,10.0,1.0,7.853981633974483,20.0,2.5,98.17477042468104,8782.630493135404,9.618725678016885,9.869138774764972,49.673934606704805,12.144124842165192,2302.786376953125,426.940605116282,5.208333333333333,0.3660418082569846,161.99951226071596
430,0.408767,1.0,1,758.3607190152271,0.0,168.405895879662,3.3007555592413755,26.406044473931004,29.706800033172378,758.97128896067,0.0,0.6105699454454623,163.77337843633546,0.0,0.0,6.317970118775502,5.7757818548633315,0.0,355.51041821753006,8782.630493135404,9.618725678016878,9.869138774764972,49.673934606704805,12.144124842165173,2302.786376953125,12.144124842165173,86.22328637937272,86.22328637937272,0.0,0.0,5.208333333333333,0.3660418082569846,426.9406051162804,161.99951226071596,297.3695068645957,150.3260653932952,1.0,2.2749860674001945,0.0,1855.239583956697,490.7513101029023,478.35934597824394,3150.4940018146904,15.20213301931988,0.0,482.8488338176922,86.22328637937287,97.15299873732154,41.666666666666664,12.39196412465836,191703662.2496527,95824833.33333333,10.0,1.0,7.853981633974483,20.0,2.5,98.17477042468104,8782.630493135404,9.618725678016885,9.869138774764972,49.673934606704805,12.144124842165192,2302.786376953125,426.940605116282,5.208333333333333,0.3660418082569846,161.99951226071596
431,0.431535,0.0,1,800.6008138627533,0.0,490.7513101029024,9.618725678016887,76.94980542413509,86.56853110215198,800.6008138627533,127.61906145096708,0.0,285.01148681475416,1.0,9.618725678016887,0.0,15.20213301931988,0.0,345.59168578058035,0.0,0.0,9.869138774764972,49.673934606704805,0.0,0.0,0.0,0.0,0.0,0.0,0.0,5.208333333333333,0.3660418082569846,0.0,161.99951226071596,9080.0,150.3260653932952,0.0,0.0,9.869138774764972,1855.239583956697,490.7513101029023,478.35934597824394,3150.4940018146904,15.20213301931988,0.0,482.8488338176922,86.22328637937287,97.15299873732154,41.666666666666664,12.39196412465836,191703662.2496527,95824833.33333333,10.0,1.0,7.853981633974483,20.0,2.5,98.17477042468104,8782.630493135404,9.618725678016885,9.869138774764972,49.673934606704805,12.144124842165192,2302.786376953125,426.940605116282,5.208333333333333,0.3660418082569846,161.99951226071596
432,0.557046,1.0,1,1033.4537892847422,0.0,479.0856113016403,9.39007798151215,75.1206238520972,84.51070183360935,1069.0420721404214,0.0,35.5882828556783,247.55013644035597,0.0,0.0,0.22864769650472816,14.968819043294648,0.0,347.85529691764356,8782.630493135404,9.618725678016878,9.869138774764972,49.673934606704805,12.144124842165182,2302.786376953125,12.144124842165182,86.22328637937278,86.22328637937278,0.0,0.0,5.208333333333333,0.3660418082569846,426.9406051162804,161.99951226071596,297.3695068645957,150.3260653932952,1.0,2.2749860674001807,0.0,1855.239583956697,490.7513101029023,478.35934597824394,3150.4940018146904,15.20213301931988,0.0,482.8488338176922,86.22328637937287,97.15299873732154,41.666666666666664,12.39196412465836,191703662.2496527,95824833.33333333,10.0,1.0,7.853981633974483,20.0,2.5,98.17477042468104,8782.630493135404,9.618725678016885,9.869138774764972,49.673934606704805,12.144124842165192,2302.786376953125,426.940605116282,5.208333333333333,0.3660418082569846,161.99951226071596
433,0.526137,1.0,1,976.1101889842247,0.0,385.9712239462279,7.565035989346066,60.52028791476853,68.0853239041146,976.1101889842264,0.0,0.0,247.55013644035597,0.0,0.0,2.0536896886708114,12.873217320160972,0.0,350.118908054692,8782.630493135404,9.618725678016878,9.869138774764972,49.673934606704805,12.144124842165185,2302.786376953125,12.144124842165185,86.22328637937281,86.22328637937281,0.0,0.0,5.208333333333333,0.3660418082569846,426.9406051162813,161.99951226071596,297.3695068645957,150.3260653932952,1.0,2.2749860674001514,0.0,1855.239583956697,490.7513101029023,478.35934597824394,3150.4940018146904,15.20213301931988,0.0,482.8488338176922,86.22328637937287,97.15299873732154,41.666666666666664,12.39196412465836,191703662.2496527,95824833.33333333,10.0,1.0,7.853981633974483,20.0,2.5,98.17477042468104,8782.630493135404,9.618725678016885,9.869138774764972,49.673934606704805,12.144124842165192,2302.786376953125,426.940605116282,5.208333333333333,0.3660418082569846,161.99951226071596
434,0.501978,1.0,1,931.2894558754149,0.0,341.0624696790521,6.6848244057094215,53.47859524567537,60.16341965138479,931.2894558754149,0.0,0.0,247.55013644035597,0.0,0.0,2.9339012723074633,9.879440511683969,0.0,352.3825191917552,8782.630493135404,9.618725678016885,9.869138774764972,49.673934606704805,12.144124842165192,2302.786376953125,12.144124842165192,86.22328637937287,86.22328637937285,0.0,0.0,5.208333333333333,0.3660418082569846,426.940605116282,161.99951226071596,297.3695068645957,150.3260653932952,1.0,2.2749860674002154,0.0,1855.239583956697,490.7513101029023,478.35934597824394,3150.4940018146904,15.20213301931988,0.0,482.8488338176922,86.22328637937287,97.15299873732154,41.666666666666664,12.39196412465836,191703662.2496527,95824833.33333333,10.0,1.0,7.853981633974483,20.0,2.5,98.17477042468104,8782.630493135404,9.618725678016885,9.869138774764972,49.673934606704805,12.144124842165192,2302.786376953125,426.940605116282,5.208333333333333,0.3660418082569846,161.99951226071596
435,0.579125,1.0,1,1074.4156240589223,0.0,484.4697160654778,9.495606434883365,75.96485147906692,85.4604579139503,1074.4156240589227,0.0,0.0,247.55013644035597,0.0,0.0,0.12311924313351952,9.75380863093548,0.0,354.64613032880044,8782.630493135404,9.618725678016885,9.869138774764972,49.673934606704805,12.144124842165192,2302.786376953125,12.144124842165192,86.22328637937287,86.22328637937287,0.0,0.0,5.208333333333333,0.3660418082569846,426.9406051162813,161.99951226071596,297.3695068645957,150.3260653932952,1.0,2.2749860674002154,0.0,1855.239583956697,490.7513101029023,478.35934597824394,3150.4940018146904,15.20213301931988,0.0,482.8488338176922,86.22328637937287,97.15299873732154,41.666666666666664,12.39196412465836,191703662.2496527,95824833.33333333,10.0,1.0,7.853981633974483,20.0,2.5,98.17477042468104,8782.630493135404,9.618725678016885,9.869138774764972,49.673934606704805,12.144124842165192,2302.786376953125,426.940605116282,5.208333333333333,0.3660418082569846,161.99951226071596
436,0.659949,1.0,1,1224.3635081926384,0.0,490.75131010290244,9.618725678016887,76.94980542413509,86.56853110215198,1224.363508192639,143.67860202060615,0.0,384.04480835993184,0.0,0.0,0.0,9.753808630935488,0.0,356.90974146586365,8782.630493135404,9.618725678016878,9.869138774764972,49.673934606704805,12.144124842165182,2302.786376953125,12.144124842165182,86.22328637937278,86.22328637937278,0.0,0.0,5.208333333333333,0.3660418082569846,426.9406051162804,161.99951226071596,297.3695068645957,150.3260653932952,1.0,2.274986067400185,0.0,1855.239583956697,490.7513101029023,478.35934597824394,3150.4940018146904,15.20213301931988,0.0,482.8488338176922,86.22328637937287,97.15299873732154,41.666666666666664,12.39196412465836,191703662.2496527,95824833.33333333,10.0,1.0,7.853981633974483,20.0,2.5,98.17477042468104,8782.630493135404,9.618725678016885,9.869138774764972,49.673934606704805,12.144124842165192,2302.786376953125,426.940605116282,5.208333333333333,0.3660418082569846,161.99951226071596
437,0.565748,1.0,1,1049.5980841443336,0.0,459.603438246363,9.008227389628715,72.06581911702972,81.07404650665843,1049.598084144334,0.0,0.0,384.04480835993184,0.0,0.0,0.6104982883881753,9.130851193804697,0.0,359.17335260292685,8782.630493135404,9.618725678016885,9.869138774764972,49.673934606704805,12.144124842165192,2302.786376953125,12.144124842165192,86.22328637937287,86.22328637937287,0.0,0.0,5.208333333333333,0.3660418082569846,426.940605116282,161.99951226071596,297.3695068645957,150.3260653932952,1.0,2.2749860674002154,0.0,1855.239583956697,490.7513101029023,478.35934597824394,3150.4940018146904,15.20213301931988,0.0,482.8488338176922,86.22328637937287,97.15299873732154,41.666666666666664,12.39196412465836,191703662.2496527,95824833.33333333,10.0,1.0,7.853981633974483,20.0,2.5,98.17477042468104,8782.630493135404,9.618725678016885,9.869138774764972,49.673934606704805,12.144124842165192,2302.786376953125,426.940605116282,5.208333333333333,0.3660418082569846,161.99951226071596
438,0.4540559999999999,1.0,1,842.3826645330419,0.0,399.7678141194596,7.835449156741408,62.683593253931264,70.51904241067267,989.8797378407191,0.0,147.49707330767734,228.78473119395568,0.0,0.0,1.7832765212754769,7.311181274135842,0.0,361.43696373999006,8782.630493135404,9.618725678016885,9.869138774764972,49.673934606704805,12.144124842165192,2302.786376953125,12.144124842165192,86.22328637937287,86.22328637937287,0.0,0.0,5.208333333333333,0.3660418082569846,426.940605116282,161.99951226071596,297.3695068645957,150.3260653932952,1.0,2.2749860674002154,0.0,1855.239583956697,490.7513101029023,478.35934597824394,3150.4940018146904,15.20213301931988,0.0,482.8488338176922,86.22328637937287,97.15299873732154,41.666666666666664,12.39196412465836,191703662.2496527,95824833.33333333,10.0,1.0,7.853981633974483,20.0,2.5,98.17477042468104,8782.630493135404,9.618725678016885,9.869138774764972,49.673934606704805,12.144124842165192,2302.786376953125,426.940605116282,5.208333333333333,0.3660418082569846,161.99951226071596
439,0.385849,1.0,1,715.8423382301075,0.0,125.19224639611019,2.4537680293637596,19.630144234910077,22.083912264273835,715.8423382301074,0.0,0.0,228.78473119395568,0.0,0.0,7.164957648653125,0.0,0.0,363.7005748770425,8782.630493135404,9.618725678016885,9.869138774764972,49.673934606704805,12.144124842165192,2302.786376953125,12.144124842165192,86.22328637937287,86.22328637937287,0.0,0.0,5.208333333333333,0.3660418082569846,426.940605116282,161.99951226071596,297.3695068645957,150.3260653932952,1.0,2.2749860674002154,0.0,1855.239583956697,490.7513101029023,478.35934597824394,3150.4940018146904,15.20213301931988,0.0,482.8488338176922,86.22328637937287,97.15299873732154,41.666666666666664,12.39196412465836,191703662.2496527,95824833.33333333,10.0,1.0,7.853981633974483,20.0,2.5,98.17477042468104,8782.630493135404,9.618725678016885,9.869138774764972,49.673934606704805,12.144124842165192,2302.786376953125,426.940605116282,5.208333333333333,0.3660418082569846,161.99951226071596
440,0.3652149999999999,0.0,1,677.5613246547449,0.0,490.7513101029024,9.618725678016887,76.94980542413509,86.56853110215198,677.561324654745,4.5795722429587045,0.0,233.13532482476646,1.0,9.618725678016887,0.0,9.426351164456548,0.0,353.7818424400928,0.0,0.0,9.869138774764972,49.673934606704805,0.0,0.0,0.0,0.0,0.0,0.0,0.0,5.208333333333333,0.3660418082569846,0.0,161.99951226071596,9080.0,150.3260653932952,0.0,0.0,9.869138774764972,1855.239583956697,490.7513101029023,478.35934597824394,3150.4940018146904,15.20213301931988,0.0,482.8488338176922,86.22328637937287,97.15299873732154,41.666666666666664,12.39196412465836,191703662.2496527,95824833.33333333,10.0,1.0,7.853981633974483,20.0,2.5,98.17477042468104,8782.630493135404,9.618725678016885,9.869138774764972,49.673934606704805,12.144124842165192,2302.786376953125,426.940605116282,5.208333333333333,0.3660418082569846,161.99951226071596
441,0.453366,1.0,1,841.1025492201119,0.0,472.61195860557353,9.263194388669241,74.10555510935393,83.36874949802316,1062.5811078036402,0.0,221.47855858352816,0.0,0.0,0.0,0.355531289347649,9.063564134509967,0.0,356.045453577156,8782.630493135404,9.618725678016885,9.869138774764972,49.673934606704805,12.144124842165192,2302.786376953125,12.144124842165192,86.22328637937287,86.22328637937288,0.0,0.0,5.208333333333333,0.3660418082569846,426.940605116282,161.99951226071596,297.3695068645957,150.3260653932952,1.0,2.2749860674002154,0.0,1855.239583956697,490.7513101029023,478.35934597824394,3150.4940018146904,15.20213301931988,0.0,482.8488338176922,86.22328637937287,97.15299873732154,41.666666666666664,12.39196412465836,191703662.2496527,95824833.33333333,10.0,1.0,7.853981633974483,20.0,2.5,98.17477042468104,8782.630493135404,9.618725678016885,9.869138774764972,49.673934606704805,12.144124842165192,2302.786376953125,426.940605116282,5.208333333333333,0.3660418082569846,161.99951226071596
442,0.603997,1.0,1,1120.5591429910933,0.0,490.75131010290244,9.618725678016887,76.94980542413509,86.56853110215198,1120.5591429910935,39.87423681905876,0.0,37.880524978105825,0.0,0.0,0.0,9.063564134509967,0.0,358.3090647142053,8782.630493135404,9.61872567801688,9.869138774764972,49.673934606704805,12.144124842165192,2302.786376953125,12.144124842165192,86.22328637937287,86.22328637937287,0.0,0.0,5.208333333333333,0.3660418082569846,426.940605116282,161.99951226071596,297.3695068645957,150.3260653932952,1.0,2.2749860674002154,0.0,1855.239583956697,490.7513101029023,478.35934597824394,3150.4940018146904,15.20213301931988,0.0,482.8488338176922,86.22328637937287,97.15299873732154,41.666666666666664,12.39196412465836,191703662.2496527,95824833.33333333,10.0,1.0,7.853981633974483,20.0,2.5,98.17477042468104,8782.630493135404,9.618725678016885,9.869138774764972,49.673934606704805,12.144124842165192,2302.786376953125,426.940605116282,5.208333333333333,0.3660418082569846,161.99951226071596
443,0.6847770000000001,1.0,1,1270.4253965831153,0.0,490.7513101029023,9.618725678016885,76.94980542413508,86.56853110215197,1166.9081925514072,0.0,0.0,37.880524978105825,0.0,0.0,0.0,9.063564134509967,0.0,360.5726758512685,8782.630493135404,9.618725678016885,9.869138774764972,49.673934606704805,12.144124842165192,2302.786376953125,12.144124842165192,86.22328637937287,0.0,86.22328637937285,86.22328637937285,5.208333333333333,0.3660418082569846,426.940605116282,161.99951226071596,297.3695068645957,150.3260653932952,1.0,2.2749860674002154,0.0,1855.239583956697,490.7513101029023,478.35934597824394,3150.4940018146904,15.20213301931988,0.0,482.8488338176922,86.22328637937287,97.15299873732154,41.666666666666664,12.39196412465836,191703662.2496527,95824833.33333333,10.0,1.0,7.853981633974483,20.0,2.5,98.17477042468104,8782.630493135404,9.618725678016885,9.869138774764972,49.673934606704805,12.144124842165192,2302.786376953125,426.940605116282,5.208333333333333,0.3660418082569846,161.99951226071596
444,0.69231,1.0,1,1284.400916369061,0.0,490.7513101029023,9.618725678016885,76.94980542413508,86.56853110215197,1284.400916369061,203.7160101970266,0.0,231.4107346652811,0.0,0.0,0.0,9.063564134509967,0.0,362.8362869883317,8782.630493135404,9.618725678016885,9.869138774764972,49.673934606704805,12.144124842165192,2302.786376953125,12.144124842165192,86.22328637937287,86.22328637937287,0.0,0.0,5.208333333333333,0.3660418082569846,426.940605116282,161.99951226071596,297.3695068645957,150.3260653932952,1.0,2.2749860674002154,0.0,1855.239583956697,490.7513101029023,478.35934597824394,3150.4940018146904,15.20213301931988,0.0,482.8488338176922,86.22328637937287,97.15299873732154,41.666666666666664,12.39196412465836,191703662.2496527,95824833.33333333,10.0,1.0,7.853981633974483,20.0,2.5,98.17477042468104,8782.630493135404,9.618725678016885,9.869138774764972,49.673934606704805,12.144124842165192,2302.786376953125,426.940605116282,5.208333333333333,0.3660418082569846,161.99951226071596
445,0.6571180000000001,1.0,1,1219.111324930457,0.0,490.7513101029023,9.618725678016885,76.94980542413508,86.56853110215197,1219.1113249304549,138.42641875842253,0.0,362.91583248578263,0.0,0.0,0.0,9.063564134509974,0.0,365.0998981253845,8782.630493135404,9.618725678016878,9.869138774764972,49.673934606704805,12.144124842165182,2302.786376953125,12.144124842165182,86.22328637937278,86.22328637937278,0.0,0.0,5.208333333333333,0.3660418082569846,426.94060511628015,161.99951226071596,297.3695068645957,150.3260653932952,1.0,2.2749860674001834,0.0,1855.239583956697,490.7513101029023,478.35934597824394,3150.4940018146904,15.20213301931988,0.0,482.8488338176922,86.22328637937287,97.15299873732154,41.666666666666664,12.39196412465836,191703662.2496527,95824833.33333333,10.0,1.0,7.853981633974483,20.0,2.5,98.17477042468104,8782.630493135404,9.618725678016885,9.869138774764972,49.673934606704805,12.144124842165192,2302.786376953125,426.940605116282,5.208333333333333,0.3660418082569846,161.99951226071596
446,0.6177440000000001,1.0,1,1146.063121551746,0.0,490.75131010290266,9.618725678016892,76.94980542413514,86.56853110215202,1080.6849061720347,0.0,0.0,362.91583248578263,0.0,0.0,0.0,9.063564134509983,0.0,367.36350926244774,8782.630493135404,9.618725678016885,9.869138774764972,49.673934606704805,12.144124842165192,2302.786376953125,12.144124842165192,86.22328637937287,86.22328637937287,0.0,0.0,5.208333333333333,0.3660418082569846,426.940605116282,161.99951226071596,297.3695068645957,150.3260653932952,1.0,2.2749860674002154,0.0,1855.239583956697,490.7513101029023,478.35934597824394,3150.4940018146904,15.20213301931988,0.0,482.8488338176922,86.22328637937287,97.15299873732154,41.666666666666664,12.39196412465836,191703662.2496527,95824833.33333333,10.0,1.0,7.853981633974483,20.0,2.5,98.17477042468104,8782.630493135404,9.618725678016885,9.869138774764972,49.673934606704805,12.144124842165192,2302.786376953125,426.940605116282,5.208333333333333,0.3660418082569846,161.99951226071596
447,0.616429,1.0,1,1143.623481498843,0.0,490.7513101029023,9.618725678016885,76.94980542413508,86.56853110215197,1143.623481498843,62.938575326808575,0.0,422.7074790462508,0.0,0.0,0.0,9.063564134509983,0.0,369.62712039951094,8782.630493135404,9.618725678016885,9.869138774764972,49.673934606704805,12.144124842165192,2302.786376953125,12.144124842165192,86.22328637937287,86.22328637937287,0.0,0.0,5.208333333333333,0.3660418082569846,426.940605116282,161.99951226071596,297.3695068645957,150.3260653932952,1.0,2.2749860674002154,0.0,1855.239583956697,490.7513101029023,478.35934597824394,3150.4940018146904,15.20213301931988,0.0,482.8488338176922,86.22328637937287,97.15299873732154,41.666666666666664,12.39196412465836,191703662.2496527,95824833.33333333,10.0,1.0,7.853981633974483,20.0,2.5,98.17477042468104,8782.630493135404,9.618725678016885,9.869138774764972,49.673934606704805,12.144124842165192,2302.786376953125,426.940605116282,5.208333333333333,0.3660418082569846,161.99951226071596
448,0.621932,1.0,1,1153.8328649293567,0.0,490.7513101029023,9.618725678016885,76.94980542413508,86.56853110215197,1153.8328649293567,73.14795875732233,0.0,492.198039865707,0.0,0.0,0.0,9.063564134509983,0.0,371.8907315365636,8782.630493135404,9.618725678016885,9.869138774764972,49.673934606704805,12.144124842165192,2302.786376953125,12.144124842165192,86.22328637937287,86.22328637937287,0.0,0.0,5.208333333333333,0.3660418082569846,426.940605116282,161.99951226071596,297.3695068645957,150.3260653932952,1.0,2.2749860674002154,0.0,1855.239583956697,490.7513101029023,478.35934597824394,3150.4940018146904,15.20213301931988,0.0,482.8488338176922,86.22328637937287,97.15299873732154,41.666666666666664,12.39196412465836,191703662.2496527,95824833.33333333,10.0,1.0,7.853981633974483,20.0,2.5,98.17477042468104,8782.630493135404,9.618725678016885,9.869138774764972,49.673934606704805,12.144124842165192,2302.786376953125,426.940605116282,5.208333333333333,0.3660418082569846,161.99951226071596
449,0.6213139999999999,1.0,1,1152.686326866471,0.0,490.75131010290244,9.618725678016887,76.94980542413509,86.56853110215198,1080.6849061720347,0.0,0.0,492.19803986570696,0.0,0.0,0.0,9.063564134509983,0.0,374.1543426736268,8782.630493135404,9.618725678016885,9.869138774764972,49.673934606704805,12.144124842165192,2302.786376953125,12.144124842165192,86.22328637937287,86.22328637937287,0.0,0.0,5.208333333333333,0.3660418082569846,426.940605116282,161.99951226071596,297.3695068645957,150.3260653932952,1.0,2.2749860674002154,0.0,1855.239583956697,490.7513101029023,478.35934597824394,3150.4940018146904,15.20213301931988,0.0,482.8488338176922,86.22328637937287,97.15299873732154,41.666666666666664,12.39196412465836,191703662.2496527,95824833.33333333,10.0,1.0,7.853981633974483,20.0,2.5,98.17477042468104,8782.630493135404,9.618725678016885,9.869138774764972,49.673934606704805,12.144124842165192,2302.786376953125,426.940605116282,5.208333333333333,0.3660418082569846,161.99951226071596
450,0.632576,1.0,1,1173.5800350609916,0.0,490.7513101029024,9.618725678016887,76.94980542413509,86.56853110215198,1173.5800350609918,92.89512888895729,0.0,580.4484126984127,0.0,0.0,0.0,9.063564134509983,0.0,376.41795381069,8782.630493135404,9.618725678016885,9.869138774764972,49.673934606704805,12.144124842165192,2302.786376953125,12.144124842165192,86.22328637937287,86.22328637937287,0.0,0.0,5.208333333333333,0.3660418082569846,426.940605116282,161.99951226071596,297.3695068645957,150.3260653932952,1.0,2.2749860674002154,0.0,1855.239583956697,490.7513101029023,478.35934597824394,3150.4940018146904,15.20213301931988,0.0,482.8488338176922,86.22328637937287,97.15299873732154,41.666666666666664,12.39196412465836,191703662.2496527,95824833.33333333,10.0,1.0,7.853981633974483,20.0,2.5,98.17477042468104,8782.630493135404,9.618725678016885,9.869138774764972,49.673934606704805,12.144124842165192,2302.786376953125,426.940605116282,5.208333333333333,0.3660418082569846,161.99951226071596
451,0.655744,1.0,1,1216.5622257421003,0.0,490.7513101029024,9.618725678016887,76.94980542413509,86.56853110215198,1216.5622257421003,135.87731957006577,0.0,709.5318662899751,0.0,0.0,0.0,9.063564134509985,0.0,378.6815649477532,8782.630493135404,9.618725678016885,9.869138774764972,49.673934606704805,12.144124842165192,2302.786376953125,12.144124842165192,86.22328637937287,86.22328637937287,0.0,0.0,5.208333333333333,0.3660418082569846,426.940605116282,161.99951226071596,297.3695068645957,150.3260653932952,1.0,2.2749860674002154,0.0,1855.239583956697,490.7513101029023,478.35934597824394,3150.4940018146904,15.20213301931988,0.0,482.8488338176922,86.22328637937287,97.15299873732154,41.666666666666664,12.39196412465836,191703662.2496527,95824833.33333333,10.0,1.0,7.853981633974483,20.0,2.5,98.17477042468104,8782.630493135404,9.618725678016885,9.869138774764972,49.673934606704805,12.144124842165192,2302.786376953125,426.940605116282,5.208333333333333,0.3660418082569846,161.99951226071596
452,0.730598,1.0,1,1355.434329559595,0.0,490.7513101029024,9.618725678016887,76.94980542413509,86.56853110215198,1355.434329559595,274.74942338756057,0.0,970.5438185081575,0.0,0.0,0.0,9.063564134509985,0.0,380.945176084806,8782.630493135404,9.618725678016885,9.869138774764972,49.673934606704805,12.144124842165192,2302.786376953125,12.144124842165192,86.22328637937287,86.22328637937285,0.0,0.0,5.208333333333333,0.3660418082569846,426.940605116282,161.99951226071596,297.3695068645957,150.3260653932952,1.0,2.2749860674002154,0.0,1855.239583956697,490.7513101029023,478.35934597824394,3150.4940018146904,15.20213301931988,0.0,482.8488338176922,86.22328637937287,97.15299873732154,41.666666666666664,12.39196412465836,191703662.2496527,95824833.33333333,10.0,1.0,7.853981633974483,20.0,2.5,98.17477042468104,8782.630493135404,9.618725678016885,9.869138774764972,49.673934606704805,12.144124842165192,2302.786376953125,426.940605116282,5.208333333333333,0.3660418082569846,161.99951226071596
453,0.8277519999999999,1.0,1,1535.6782760993237,0.0,490.75131010290244,9.618725678016887,76.94980542413509,86.56853110215198,1166.9081925514076,0.0,3.687864591483958e-07,970.5438181199612,0.0,0.0,0.0,9.063564134509987,0.0,383.2087872218692,8782.630493135404,9.618725678016885,9.869138774764972,49.673934606704805,12.144124842165192,2302.786376953125,12.144124842165192,86.22328637937287,0.0,86.22328637937287,86.22328637937287,5.208333333333333,0.3660418082569846,426.940605116282,161.99951226071596,297.3695068645957,150.3260653932952,1.0,2.2749860674002154,0.0,1855.239583956697,490.7513101029023,478.35934597824394,3150.4940018146904,15.20213301931988,0.0,482.8488338176922,86.22328637937287,97.15299873732154,41.666666666666664,12.39196412465836,191703662.2496527,95824833.33333333,10.0,1.0,7.853981633974483,20.0,2.5,98.17477042468104,8782.630493135404,9.618725678016885,9.869138774764972,49.673934606704805,12.144124842165192,2302.786376953125,426.940605116282,5.208333333333333,0.3660418082569846,161.99951226071596
454,0.899251,1.0,1,1668.3260511126439,0.0,490.75131010290244,9.618725678016887,76.94980542413509,86.56853110215198,1668.3260511126437,587.6411449406088,0.0,1528.8029058135394,1.0,0.0,0.0,9.063564134509988,0.0,385.4723983589324,8782.630493135404,9.618725678016885,9.869138774764972,49.673934606704805,12.144124842165192,2302.786376953125,12.144124842165192,86.22328637937287,86.22328637937287,0.0,0.0,5.208333333333333,0.3660418082569846,426.940605116282,161.99951226071596,297.3695068645957,150.3260653932952,1.0,2.2749860674002154,0.0,1855.239583956697,490.7513101029023,478.35934597824394,3150.4940018146904,15.20213301931988,0.0,482.8488338176922,86.22328637937287,97.15299873732154,41.666666666666664,12.39196412465836,191703662.2496527,95824833.33333333,10.0,1.0,7.853981633974483,20.0,2.5,98.17477042468104,8782.630493135404,9.618725678016885,9.869138774764972,49.673934606704805,12.144124842165192,2302.786376953125,426.940605116282,5.208333333333333,0.3660418082569846,161.99951226071596
455,0.95687,1.0,1,1775.2231007006446,0.0,490.7513101029021,9.618725678016881,76.94980542413505,86.56853110215194,1775.2231007006437,694.5381945286113,0.0,2188.61419061572,1.0,0.0,0.0,9.06356413450999,0.0,387.73600949598347,8782.630493135404,9.618725678016878,9.869138774764972,49.673934606704805,12.144124842165185,2302.786376953125,12.144124842165185,86.22328637937281,86.22328637937281,0.0,0.0,5.208333333333333,0.3660418082569846,426.9406051162804,161.99951226071596,297.3695068645957,150.3260653932952,1.0,2.2749860674002083,0.0,1855.239583956697,490.7513101029023,478.35934597824394,3150.4940018146904,15.20213301931988,0.0,482.8488338176922,86.22328637937287,97.15299873732154,41.666666666666664,12.39196412465836,191703662.2496527,95824833.33333333,10.0,1.0,7.853981633974483,20.0,2.5,98.17477042468104,8782.630493135404,9.618725678016885,9.869138774764972,49.673934606704805,12.144124842165192,2302.786376953125,426.940605116282,5.208333333333333,0.3660418082569846,161.99951226071596
456,0.469555,1.0,1,871.1370228447869,0.0,490.75131010290244,9.618725678016887,76.94980542413509,86.56853110215198,1080.6849061720347,0.0,2036.3108208958342,45.12911598852622,1.0,0.0,0.0,9.063564134509992,0.0,389.9996206330467,8782.630493135404,9.618725678016885,9.869138774764972,49.673934606704805,12.144124842165192,2302.786376953125,12.144124842165192,86.22328637937287,86.22328637937287,0.0,0.0,5.208333333333333,0.3660418082569846,426.940605116282,161.99951226071596,297.3695068645957,150.3260653932952,1.0,2.2749860674002154,0.0,1855.239583956697,490.7513101029023,478.35934597824394,3150.4940018146904,15.20213301931988,0.0,482.8488338176922,86.22328637937287,97.15299873732154,41.666666666666664,12.39196412465836,191703662.2496527,95824833.33333333,10.0,1.0,7.853981633974483,20.0,2.5,98.17477042468104,8782.630493135404,9.618725678016885,9.869138774764972,49.673934606704805,12.144124842165192,2302.786376953125,426.940605116282,5.208333333333333,0.3660418082569846,161.99951226071596
457,0.598558,1.0,1,1110.4684948939528,0.0,490.7513101029023,9.618725678016885,76.94980542413508,86.56853110215197,1080.6849061720343,0.0,0.0,45.12911598852622,1.0,0.0,0.0,9.063564134509992,0.0,392.26323177010175,8782.630493135404,9.618725678016885,9.869138774764972,49.673934606704805,12.144124842165192,2302.786376953125,12.144124842165192,86.22328637937287,86.22328637937287,0.0,0.0,5.208333333333333,0.3660418082569846,426.940605116282,161.99951226071596,297.3695068645957,150.3260653932952,1.0,2.2749860674002154,0.0,1855.239583956697,490.7513101029023,478.35934597824394,3150.4940018146904,15.20213301931988,0.0,482.8488338176922,86.22328637937287,97.15299873732154,41.666666666666664,12.39196412465836,191703662.2496527,95824833.33333333,10.0,1.0,7.853981633974483,20.0,2.5,98.17477042468104,8782.630493135404,9.618725678016885,9.869138774764972,49.673934606704805,12.144124842165192,2302.786376953125,426.940605116282,5.208333333333333,0.3660418082569846,161.99951226071596
458,0.6700839999999999,1.0,1,1243.1663613760393,0.0,490.75131010290266,9.618725678016892,76.94980542413514,86.56853110215202,1243.1663613759813,162.48145520394655,0.0,199.48649843227545,1.0,0.0,0.0,9.063564134509761,0.0,394.52684290716496,8782.630493135404,9.618725678016885,9.869138774764972,49.673934606704805,12.144124842165192,2302.786376953125,12.144124842165192,86.22328637937287,86.22328637937287,0.0,0.0,5.208333333333333,0.3660418082569846,426.940605116282,161.99951226071596,297.3695068645957,150.3260653932952,1.0,2.2749860674002154,0.0,1855.239583956697,490.7513101029023,478.35934597824394,3150.4940018146904,15.20213301931988,0.0,482.8488338176922,86.22328637937287,97.15299873732154,41.666666666666664,12.39196412465836,191703662.2496527,95824833.33333333,10.0,1.0,7.853981633974483,20.0,2.5,98.17477042468104,8782.630493135404,9.618725678016885,9.869138774764972,49.673934606704805,12.144124842165192,2302.786376953125,426.940605116282,5.208333333333333,0.3660418082569846,161.99951226071596
459,0.710708,1.0,1,1318.5336142346962,0.0,490.75131010290255,9.61872567801689,76.94980542413512,86.56853110215201,1318.5336142346973,237.84870806266247,0.0,425.44277109180473,0.0,0.0,0.0,9.06356413450953,0.0,396.79045404422817,8782.630493135404,9.618725678016885,9.869138774764972,49.673934606704805,12.144124842165192,2302.786376953125,12.144124842165192,86.22328637937287,86.22328637937287,0.0,0.0,5.208333333333333,0.3660418082569846,426.940605116282,161.99951226071596,297.3695068645957,150.3260653932952,1.0,2.2749860674002154,0.0,1855.239583956697,490.7513101029023,478.35934597824394,3150.4940018146904,15.20213301931988,0.0,482.8488338176922,86.22328637937287,97.15299873732154,41.666666666666664,12.39196412465836,191703662.2496527,95824833.33333333,10.0,1.0,7.853981633974483,20.0,2.5,98.17477042468104,8782.630493135404,9.618725678016885,9.869138774764972,49.673934606704805,12.144124842165192,2302.786376953125,426.940605116282,5.208333333333333,0.3660418082569846,161.99951226071596
460,0.7386269999999999,1.0,1,1370.3300481791832,0.0,490.7513101029023,9.618725678016885,76.94980542413508,86.56853110215197,1080.6849061720343,0.0,0.0,425.4427710918049,0.0,0.0,0.0,9.063564134509294,0.0,399.0540651812914,8782.630493135404,9.618725678016885,9.869138774764972,49.673934606704805,12.144124842165192,2302.786376953125,12.144124842165192,86.22328637937287,86.22328637937285,0.0,0.0,5.208333333333333,0.3660418082569846,426.940605116282,161.99951226071596,297.3695068645957,150.3260653932952,1.0,2.2749860674002154,0.0,1855.239583956697,490.7513101029023,478.35934597824394,3150.4940018146904,15.20213301931988,0.0,482.8488338176922,86.22328637937287,97.15299873732154,41.666666666666664,12.39196412465836,191703662.2496527,95824833.33333333,10.0,1.0,7.853981633974483,20.0,2.5,98.17477042468104,8782.630493135404,9.618725678016885,9.869138774764972,49.673934606704805,12.144124842165192,2302.786376953125,426.940605116282,5.208333333333333,0.3660418082569846,161.99951226071596
461,0.750934,1.0,1,1393.1624817389384,0.0,490.75131010290244,9.618725678016887,76.94980542413509,86.56853110215198,1393.1624817389588,312.4775755669241,0.0,722.2964678803828,1.0,0.0,0.0,9.063564134509296,0.0,401.3176763183546,8782.630493135404,9.618725678016885,9.869138774764972,49.673934606704805,12.144124842165192,2302.786376953125,12.144124842165192,86.22328637937287,86.22328637937287,0.0,0.0,5.208333333333333,0.3660418082569846,426.940605116282,161.99951226071596,297.3695068645957,150.3260653932952,1.0,2.2749860674002154,0.0,1855.239583956697,490.7513101029023,478.35934597824394,3150.4940018146904,15.20213301931988,0.0,482.8488338176922,86.22328637937287,97.15299873732154,41.666666666666664,12.39196412465836,191703662.2496527,95824833.33333333,10.0,1.0,7.853981633974483,20.0,2.5,98.17477042468104,8782.630493135404,9.618725678016885,9.869138774764972,49.673934606704805,12.144124842165192,2302.786376953125,426.940605116282,5.208333333333333,0.3660418082569846,161.99951226071596
462,0.7764719999999999,1.0,1,1440.5415902340244,0.0,490.75131010290244,9.618725678016887,76.94980542413509,86.56853110215198,1440.5415902340446,359.8566840620108,0.0,1064.160317739293,1.0,0.0,0.0,9.063564134509297,0.0,403.58128745541705,8782.630493135404,9.618725678016878,9.869138774764972,49.673934606704805,12.144124842165185,2302.786376953125,12.144124842165185,86.22328637937281,86.22328637937281,0.0,0.0,5.208333333333333,0.3660418082569846,426.9406051162813,161.99951226071596,297.3695068645957,150.3260653932952,1.0,2.2749860674000995,0.0,1855.239583956697,490.7513101029023,478.35934597824394,3150.4940018146904,15.20213301931988,0.0,482.8488338176922,86.22328637937287,97.15299873732154,41.666666666666664,12.39196412465836,191703662.2496527,95824833.33333333,10.0,1.0,7.853981633974483,20.0,2.5,98.17477042468104,8782.630493135404,9.618725678016885,9.869138774764972,49.673934606704805,12.144124842165192,2302.786376953125,426.940605116282,5.208333333333333,0.3660418082569846,161.99951226071596
463,0.764365,1.0,1,1418.0802045910607,0.0,490.7513101029023,9.618725678016885,76.94980542413508,86.56853110215197,1418.080204591062,337.3952984190278,0.0,1384.6858512373697,0.0,0.0,0.0,9.063564134509297,0.0,405.84489859248026,8782.630493135404,9.618725678016885,9.869138774764972,49.673934606704805,12.144124842165192,2302.786376953125,12.144124842165192,86.22328637937287,86.22328637937287,0.0,0.0,5.208333333333333,0.3660418082569846,426.940605116282,161.99951226071596,297.3695068645957,150.3260653932952,1.0,2.2749860674002154,0.0,1855.239583956697,490.7513101029023,478.35934597824394,3150.4940018146904,15.20213301931988,0.0,482.8488338176922,86.22328637937287,97.15299873732154,41.666666666666664,12.39196412465836,191703662.2496527,95824833.33333333,10.0,1.0,7.853981633974483,20.0,2.5,98.17477042468104,8782.630493135404,9.618725678016885,9.869138774764972,49.673934606704805,12.144124842165192,2302.786376953125,426.940605116282,5.208333333333333,0.3660418082569846,161.99951226071596
464,0.748305,1.0,1,1388.2850568727163,0.0,490.7513101029024,9.618725678016887,76.94980542413509,86.56853110215198,1388.2850568727163,307.60015070068187,0.0,1676.9059944030173,0.0,0.0,0.0,9.063564134509297,0.0,408.10850972954347,8782.630493135404,9.618725678016885,9.869138774764972,49.673934606704805,12.144124842165192,2302.786376953125,12.144124842165192,86.22328637937287,86.22328637937288,0.0,0.0,5.208333333333333,0.3660418082569846,426.940605116282,161.99951226071596,297.3695068645957,150.3260653932952,1.0,2.2749860674002154,0.0,1855.239583956697,490.7513101029023,478.35934597824394,3150.4940018146904,15.20213301931988,0.0,482.8488338176922,86.22328637937287,97.15299873732154,41.666666666666664,12.39196412465836,191703662.2496527,95824833.33333333,10.0,1.0,7.853981633974483,20.0,2.5,98.17477042468104,8782.630493135404,9.618725678016885,9.869138774764972,49.673934606704805,12.144124842165192,2302.786376953125,426.940605116282,5.208333333333333,0.3660418082569846,161.99951226071596
465,0.718537,1.0,1,1333.0582849374932,0.0,490.75131010290244,9.618725678016887,76.94980542413509,86.56853110215198,1333.0582849375137,252.37337876547895,0.0,1916.6607042302223,1.0,0.0,0.0,9.0635641345093,0.0,410.3721208665993,8782.630493135404,9.618725678016885,9.869138774764972,49.673934606704805,12.144124842165192,2302.786376953125,12.144124842165192,86.22328637937287,86.22328637937287,0.0,0.0,5.208333333333333,0.3660418082569846,426.940605116282,161.99951226071596,297.3695068645957,150.3260653932952,1.0,2.2749860674002154,0.0,1855.239583956697,490.7513101029023,478.35934597824394,3150.4940018146904,15.20213301931988,0.0,482.8488338176922,86.22328637937287,97.15299873732154,41.666666666666664,12.39196412465836,191703662.2496527,95824833.33333333,10.0,1.0,7.853981633974483,20.0,2.5,98.17477042468104,8782.630493135404,9.618725678016885,9.869138774764972,49.673934606704805,12.144124842165192,2302.786376953125,426.940605116282,5.208333333333333,0.3660418082569846,161.99951226071596
466,0.688305,1.0,1,1276.9706818353143,0.0,490.75131010290244,9.618725678016887,76.94980542413509,86.56853110215198,1276.9706818353143,196.28577566327948,0.0,2103.1321911103378,1.0,0.0,0.0,9.063564134508953,0.0,412.6357320036625,8782.630493135404,9.618725678016885,9.869138774764972,49.673934606704805,12.144124842165192,2302.786376953125,12.144124842165192,86.22328637937287,86.22328637937287,0.0,0.0,5.208333333333333,0.3660418082569846,426.940605116282,161.99951226071596,297.3695068645957,150.3260653932952,1.0,2.2749860674002154,0.0,1855.239583956697,490.7513101029023,478.35934597824394,3150.4940018146904,15.20213301931988,0.0,482.8488338176922,86.22328637937287,97.15299873732154,41.666666666666664,12.39196412465836,191703662.2496527,95824833.33333333,10.0,1.0,7.853981633974483,20.0,2.5,98.17477042468104,8782.630493135404,9.618725678016885,9.869138774764972,49.673934606704805,12.144124842165192,2302.786376953125,426.940605116282,5.208333333333333,0.3660418082569846,161.99951226071596
467,0.666963,1.0,1,1237.3761586345106,0.0,490.75131010290204,9.61872567801688,76.94980542413504,86.56853110215192,1237.3761586345095,156.6912524624762,0.0,2251.98888094969,0.0,0.0,0.0,9.063564134508953,0.0,414.89934314071695,8782.630493135404,9.61872567801688,9.869138774764972,49.673934606704805,12.144124842165182,2302.786376953125,12.144124842165182,86.22328637937278,86.22328637937278,0.0,0.0,5.208333333333333,0.3660418082569846,426.9406051162813,161.99951226071596,297.3695068645957,150.3260653932952,1.0,2.2749860674002047,0.0,1855.239583956697,490.7513101029023,478.35934597824394,3150.4940018146904,15.20213301931988,0.0,482.8488338176922,86.22328637937287,97.15299873732154,41.666666666666664,12.39196412465836,191703662.2496527,95824833.33333333,10.0,1.0,7.853981633974483,20.0,2.5,98.17477042468104,8782.630493135404,9.618725678016885,9.869138774764972,49.673934606704805,12.144124842165192,2302.786376953125,426.940605116282,5.208333333333333,0.3660418082569846,161.99951226071596
468,0.680819,1.0,1,1263.0823583098145,0.0,490.7513101029023,9.618725678016885,76.94980542413508,86.56853110215197,1263.0823583098145,182.39745213778014,0.0,2425.2664604805814,0.0,0.0,0.0,9.063564134508953,0.0,417.16295427778016,8782.630493135404,9.618725678016885,9.869138774764972,49.673934606704805,12.144124842165192,2302.786376953125,12.144124842165192,86.22328637937287,86.22328637937287,0.0,0.0,5.208333333333333,0.3660418082569846,426.940605116282,161.99951226071596,297.3695068645957,150.3260653932952,1.0,2.2749860674002154,0.0,1855.239583956697,490.7513101029023,478.35934597824394,3150.4940018146904,15.20213301931988,0.0,482.8488338176922,86.22328637937287,97.15299873732154,41.666666666666664,12.39196412465836,191703662.2496527,95824833.33333333,10.0,1.0,7.853981633974483,20.0,2.5,98.17477042468104,8782.630493135404,9.618725678016885,9.869138774764972,49.673934606704805,12.144124842165192,2302.786376953125,426.940605116282,5.208333333333333,0.3660418082569846,161.99951226071596
469,0.694727,1.0,1,1288.8850304434843,0.0,490.75131010290244,9.618725678016887,76.94980542413509,86.56853110215198,1166.9081925514076,0.0,0.0,2425.2664604805823,0.0,0.0,0.0,9.063564134508955,0.0,419.42656541484337,8782.630493135404,9.618725678016885,9.869138774764972,49.673934606704805,12.144124842165192,2302.786376953125,12.144124842165192,86.22328637937287,0.0,86.22328637937287,86.22328637937287,5.208333333333333,0.3660418082569846,426.940605116282,161.99951226071596,297.3695068645957,150.3260653932952,1.0,2.2749860674002154,0.0,1855.239583956697,490.7513101029023,478.35934597824394,3150.4940018146904,15.20213301931988,0.0,482.8488338176922,86.22328637937287,97.15299873732154,41.666666666666664,12.39196412465836,191703662.2496527,95824833.33333333,10.0,1.0,7.853981633974483,20.0,2.5,98.17477042468104,8782.630493135404,9.618725678016885,9.869138774764972,49.673934606704805,12.144124842165192,2302.786376953125,426.940605116282,5.208333333333333,0.3660418082569846,161.99951226071596
470,0.706059,1.0,1,1309.9086054088816,0.0,490.75131010290244,9.618725678016887,76.94980542413509,86.56853110215198,1309.9086054088818,229.2236992368471,0.0,2643.028974755587,1.0,0.0,0.0,9.063564134508955,0.0,421.69017655189975,8782.630493135404,9.618725678016885,9.869138774764972,49.673934606704805,12.144124842165192,2302.786376953125,12.144124842165192,86.22328637937287,86.22328637937287,0.0,0.0,5.208333333333333,0.3660418082569846,426.940605116282,161.99951226071596,297.3695068645957,150.3260653932952,1.0,2.2749860674002154,0.0,1855.239583956697,490.7513101029023,478.35934597824394,3150.4940018146904,15.20213301931988,0.0,482.8488338176922,86.22328637937287,97.15299873732154,41.666666666666664,12.39196412465836,191703662.2496527,95824833.33333333,10.0,1.0,7.853981633974483,20.0,2.5,98.17477042468104,8782.630493135404,9.618725678016885,9.869138774764972,49.673934606704805,12.144124842165192,2302.786376953125,426.940605116282,5.208333333333333,0.3660418082569846,161.99951226071596
471,0.700866,1.0,1,1300.2743462493945,0.0,490.7513101029023,9.618725678016885,76.94980542413508,86.56853110215197,1155.2770964435206,74.59219027148625,0.0,2713.891555513499,1.0,0.0,0.0,9.063564134508955,0.0,423.95378768896296,8782.630493135404,9.618725678016885,9.869138774764972,49.673934606704805,12.144124842165192,2302.786376953125,12.144124842165192,86.22328637937287,86.22328637937287,0.0,0.0,5.208333333333333,0.3660418082569846,426.940605116282,161.99951226071596,297.3695068645957,150.3260653932952,1.0,2.2749860674002154,0.0,1855.239583956697,490.7513101029023,478.35934597824394,3150.4940018146904,15.20213301931988,0.0,482.8488338176922,86.22328637937287,97.15299873732154,41.666666666666664,12.39196412465836,191703662.2496527,95824833.33333333,10.0,1.0,7.853981633974483,20.0,2.5,98.17477042468104,8782.630493135404,9.618725678016885,9.869138774764972,49.673934606704805,12.144124842165192,2302.786376953125,426.940605116282,5.208333333333333,0.3660418082569846,161.99951226071596
472,0.681649,1.0,1,1264.6222071644986,0.0,490.75131010290244,9.618725678016887,76.94980542413509,86.56853110215198,1264.6222077593363,183.9373015873016,0.0,2888.6319920214355,0.0,0.0,0.0,9.063564134508955,0.0,426.21739882602617,8782.630493135404,9.618725678016885,9.869138774764972,49.673934606704805,12.144124842165192,2302.786376953125,12.144124842165192,86.22328637937287,86.22328637937287,0.0,0.0,5.208333333333333,0.3660418082569846,426.940605116282,161.99951226071596,297.3695068645957,150.3260653932952,1.0,2.2749860674002154,0.0,1855.239583956697,490.7513101029023,478.35934597824394,3150.4940018146904,15.20213301931988,0.0,482.8488338176922,86.22328637937287,97.15299873732154,41.666666666666664,12.39196412465836,191703662.2496527,95824833.33333333,10.0,1.0,7.853981633974483,20.0,2.5,98.17477042468104,8782.630493135404,9.618725678016885,9.869138774764972,49.673934606704805,12.144124842165192,2302.786376953125,426.940605116282,5.208333333333333,0.3660418082569846,161.99951226071596
473,0.657984,1.0,1,1220.7179624101634,0.0,490.75131010290244,9.618725678016887,76.94980542413509,86.56853110215198,1220.7179624101636,140.0330562381289,0.0,3021.663395447658,0.0,0.0,0.0,9.063564134508958,0.0,428.48100996308233,8782.630493135404,9.618725678016885,9.869138774764972,49.673934606704805,12.144124842165192,2302.786376953125,12.144124842165192,86.22328637937287,86.22328637937287,0.0,0.0,5.208333333333333,0.3660418082569846,426.940605116282,161.99951226071596,297.3695068645957,150.3260653932952,1.0,2.2749860674002154,0.0,1855.239583956697,490.7513101029023,478.35934597824394,3150.4940018146904,15.20213301931988,0.0,482.8488338176922,86.22328637937287,97.15299873732154,41.666666666666664,12.39196412465836,191703662.2496527,95824833.33333333,10.0,1.0,7.853981633974483,20.0,2.5,98.17477042468104,8782.630493135404,9.618725678016885,9.869138774764972,49.673934606704805,12.144124842165192,2302.786376953125,426.940605116282,5.208333333333333,0.3660418082569846,161.99951226071596
474,0.627841,1.0,1,1164.7954756309566,0.0,490.7513101029023,9.618725678016885,76.94980542413508,86.56853110215197,1164.7954756309566,84.11056945892227,0.0,3101.568436433634,0.0,0.0,0.0,9.063564134508958,0.0,430.74462110014554,8782.630493135404,9.618725678016885,9.869138774764972,49.673934606704805,12.144124842165192,2302.786376953125,12.144124842165192,86.22328637937287,86.22328637937287,0.0,0.0,5.208333333333333,0.3660418082569846,426.940605116282,161.99951226071596,297.3695068645957,150.3260653932952,1.0,2.2749860674002154,0.0,1855.239583956697,490.7513101029023,478.35934597824394,3150.4940018146904,15.20213301931988,0.0,482.8488338176922,86.22328637937287,97.15299873732154,41.666666666666664,12.39196412465836,191703662.2496527,95824833.33333333,10.0,1.0,7.853981633974483,20.0,2.5,98.17477042468104,8782.630493135404,9.618725678016885,9.869138774764972,49.673934606704805,12.144124842165192,2302.786376953125,426.940605116282,5.208333333333333,0.3660418082569846,161.99951226071596
475,0.607588,1.0,1,1127.2213083370816,0.0,490.7513101029024,9.618725678016887,76.94980542413509,86.56853110215198,1127.2213083370816,46.53640216504709,0.0,3145.7780184904286,0.0,0.0,0.0,9.06356413450896,0.0,433.0082322372016,8782.630493135404,9.618725678016885,9.869138774764972,49.673934606704805,12.144124842165192,2302.786376953125,12.144124842165192,86.22328637937287,86.22328637937287,0.0,0.0,5.208333333333333,0.3660418082569846,426.940605116282,161.99951226071596,297.3695068645957,150.3260653932952,1.0,2.2749860674002154,0.0,1855.239583956697,490.7513101029023,478.35934597824394,3150.4940018146904,15.20213301931988,0.0,482.8488338176922,86.22328637937287,97.15299873732154,41.666666666666664,12.39196412465836,191703662.2496527,95824833.33333333,10.0,1.0,7.853981633974483,20.0,2.5,98.17477042468104,8782.630493135404,9.618725678016885,9.869138774764972,49.673934606704805,12.144124842165192,2302.786376953125,426.940605116282,5.208333333333333,0.3660418082569846,161.99951226071596
476,0.5851799999999999,1.0,1,1085.6490997397798,0.0,490.7513101029024,9.618725678016887,76.94980542413509,86.56853110215198,1085.64909973978,4.96419356774544,0.0,3150.4940018146913,0.0,0.0,0.0,9.06356413450896,0.0,435.2718433742648,8782.630493135404,9.618725678016885,9.869138774764972,49.673934606704805,12.144124842165192,2302.786376953125,12.144124842165192,86.22328637937287,86.22328637937287,0.0,0.0,5.208333333333333,0.3660418082569846,426.940605116282,161.99951226071596,297.3695068645957,150.3260653932952,1.0,2.2749860674002154,0.0,1855.239583956697,490.7513101029023,478.35934597824394,3150.4940018146904,15.20213301931988,0.0,482.8488338176922,86.22328637937287,97.15299873732154,41.666666666666664,12.39196412465836,191703662.2496527,95824833.33333333,10.0,1.0,7.853981633974483,20.0,2.5,98.17477042468104,8782.630493135404,9.618725678016885,9.869138774764972,49.673934606704805,12.144124842165192,2302.786376953125,426.940605116282,5.208333333333333,0.3660418082569846,161.99951226071596
477,0.556065,1.0,1,1031.6337992528809,0.0,490.75131010290244,9.618725678016887,76.94980542413509,86.56853110215198,1080.684906172033,0.0,49.05110691915343,3098.8612576892665,0.0,0.0,0.0,9.063564134508969,0.0,437.53545451111387,8782.630493135404,9.618725678016878,9.869138774764972,49.673934606704805,12.144124841949981,2302.786376953125,12.144124841949981,86.22328637784486,86.22328637784486,0.0,0.0,5.208333333333333,0.3660418082569846,426.94060511628015,161.99951226071596,297.3695068645957,150.3260653932952,1.0,2.274986067184997,0.0,1855.239583956697,490.7513101029023,478.35934597824394,3150.4940018146904,15.20213301931988,0.0,482.8488338176922,86.22328637937287,97.15299873732154,41.666666666666664,12.39196412465836,191703662.2496527,95824833.33333333,10.0,1.0,7.853981633974483,20.0,2.5,98.17477042468104,8782.630493135404,9.618725678016885,9.869138774764972,49.673934606704805,12.144124842165192,2302.786376953125,426.940605116282,5.208333333333333,0.3660418082569846,161.99951226071596
478,0.520718,1.0,1,966.0566456787634,0.0,375.8979369983463,7.367599565167588,58.9407965213407,66.30839608650828,966.0566456787633,0.0,0.0,3098.8612576892665,0.0,0.0,2.251126112849297,6.766496672417853,0.0,439.7990656481652,8782.630493135404,9.618725678016885,9.869138774764972,49.673934606704805,12.144124842165192,2302.786376953125,12.144124842165192,86.22328637937287,86.22328637937287,0.0,0.0,5.208333333333333,0.3660418082569846,426.940605116282,161.99951226071596,297.3695068645957,150.3260653932952,1.0,2.2749860674002154,0.0,1855.239583956697,490.7513101029023,478.35934597824394,3150.4940018146904,15.20213301931988,0.0,482.8488338176922,86.22328637937287,97.15299873732154,41.666666666666664,12.39196412465836,191703662.2496527,95824833.33333333,10.0,1.0,7.853981633974483,20.0,2.5,98.17477042468104,8782.630493135404,9.618725678016885,9.869138774764972,49.673934606704805,12.144124842165192,2302.786376953125,426.940605116282,5.208333333333333,0.3660418082569846,161.99951226071596
479,0.477541,1.0,1,885.952966162265,0.0,477.38346253357673,9.356715865658103,74.85372692526482,84.21044279092293,1067.3432595839447,0.0,181.39029342167942,2907.924106719078,0.0,0.0,0.26200981235878196,6.499139721031341,0.0,442.0626767852284,8782.630493135404,9.618725678016885,9.869138774764972,49.673934606704805,12.144124842165192,2302.786376953125,12.144124842165192,86.22328637937287,86.22328637937287,0.0,0.0,5.208333333333333,0.3660418082569846,426.940605116282,161.99951226071596,297.3695068645957,150.3260653932952,1.0,2.2749860674002154,0.0,1855.239583956697,490.7513101029023,478.35934597824394,3150.4940018146904,15.20213301931988,0.0,482.8488338176922,86.22328637937287,97.15299873732154,41.666666666666664,12.39196412465836,191703662.2496527,95824833.33333333,10.0,1.0,7.853981633974483,20.0,2.5,98.17477042468104,8782.630493135404,9.618725678016885,9.869138774764972,49.673934606704805,12.144124842165192,2302.786376953125,426.940605116282,5.208333333333333,0.3660418082569846,161.99951226071596
480,0.341652,0.0,1,633.8463143379735,0.0,453.0921125722897,8.880605406416878,71.04484325133502,79.9254486577519,633.8463143379735,0.0,0.0,2907.924106719078,1.0,8.880605406416878,0.0,15.20213301931988,0.0,432.1439443482787,0.0,0.0,9.869138774764972,49.673934606704805,0.0,0.0,0.0,0.0,0.0,0.0,0.0,5.208333333333333,0.3660418082569846,0.0,161.99951226071596,9080.0,150.3260653932952,0.0,0.0,9.869138774764972,1855.239583956697,490.7513101029023,478.35934597824394,3150.4940018146904,15.20213301931988,0.0,482.8488338176922,86.22328637937287,97.15299873732154,41.666666666666664,12.39196412465836,191703662.2496527,95824833.33333333,10.0,1.0,7.853981633974483,20.0,2.5,98.17477042468104,8782.630493135404,9.618725678016885,9.869138774764972,49.673934606704805,12.144124842165192,2302.786376953125,426.940605116282,5.208333333333333,0.3660418082569846,161.99951226071596
481,0.346511,1.0,1,642.8609234764191,0.0,52.06750715350387,1.0205231402086758,8.164185121669407,9.184708261878082,642.8609234764151,0.0,0.0,2907.924106719078,0.0,0.0,8.598202537808177,6.428456960331946,0.0,434.4075554853267,8782.630493135404,9.618725678016878,9.869138774764972,49.673934606704805,12.144124842165182,2302.786376953125,12.144124842165182,86.22328637937278,86.22328637937278,0.0,0.0,5.208333333333333,0.3660418082569846,426.9406051162804,161.99951226071596,297.3695068645957,150.3260653932952,1.0,2.274986067400194,0.0,1855.239583956697,490.7513101029023,478.35934597824394,3150.4940018146904,15.20213301931988,0.0,482.8488338176922,86.22328637937287,97.15299873732154,41.666666666666664,12.39196412465836,191703662.2496527,95824833.33333333,10.0,1.0,7.853981633974483,20.0,2.5,98.17477042468104,8782.630493135404,9.618725678016885,9.869138774764972,49.673934606704805,12.144124842165192,2302.786376953125,426.940605116282,5.208333333333333,0.3660418082569846,161.99951226071596
482,0.332787,1.0,1,617.3996154261973,0.0,169.3284620863051,3.31883785689158,26.55070285513264,29.86954071202422,759.8920469375496,0.0,142.49243151134033,2757.932073549261,0.0,0.0,6.299887821125307,0.0,0.0,436.67116662238993,8782.630493135404,9.618725678016885,9.869138774764972,49.673934606704805,12.144124842165192,2302.786376953125,12.144124842165192,86.22328637937287,86.22328637937287,0.0,0.0,5.208333333333333,0.3660418082569846,426.940605116282,161.99951226071596,297.3695068645957,150.3260653932952,1.0,2.2749860674002154,0.0,1855.239583956697,490.7513101029023,478.35934597824394,3150.4940018146904,15.20213301931988,0.0,482.8488338176922,86.22328637937287,97.15299873732154,41.666666666666664,12.39196412465836,191703662.2496527,95824833.33333333,10.0,1.0,7.853981633974483,20.0,2.5,98.17477042468104,8782.630493135404,9.618725678016885,9.869138774764972,49.673934606704805,12.144124842165192,2302.786376953125,426.940605116282,5.208333333333333,0.3660418082569846,161.99951226071596
483,0.29213,1.0,1,541.97113966127,0.0,490.75131010290244,9.618725678016887,76.94980542413509,86.56853110215198,1080.6849061720347,0.0,538.7137665107646,2190.864950906351,1.0,0.0,0.0,0.0,0.0,438.9347777594416,8782.630493135404,9.618725678016885,9.869138774764972,49.673934606704805,12.144124842165192,2302.786376953125,12.144124842165192,86.22328637937287,86.22328637937287,0.0,0.0,5.208333333333333,0.3660418082569846,426.940605116282,161.99951226071596,297.3695068645957,150.3260653932952,1.0,2.2749860674002154,0.0,1855.239583956697,490.7513101029023,478.35934597824394,3150.4940018146904,15.20213301931988,0.0,482.8488338176922,86.22328637937287,97.15299873732154,41.666666666666664,12.39196412465836,191703662.2496527,95824833.33333333,10.0,1.0,7.853981633974483,20.0,2.5,98.17477042468104,8782.630493135404,9.618725678016885,9.869138774764972,49.673934606704805,12.144124842165192,2302.786376953125,426.940605116282,5.208333333333333,0.3660418082569846,161.99951226071596
484,0.235487,0.0,1,436.8848039072107,0.0,263.56025111081664,5.165780921772006,41.32624737417605,46.49202829594805,436.8848039072107,0.0,0.0,2190.864950906351,1.0,5.165780921772006,0.0,5.062465303336566,0.0,429.0160453224919,0.0,0.0,9.869138774764972,49.673934606704805,0.0,0.0,0.0,0.0,0.0,0.0,0.0,5.208333333333333,0.3660418082569846,0.0,161.99951226071596,9080.0,150.3260653932952,0.0,0.0,9.869138774764972,1855.239583956697,490.7513101029023,478.35934597824394,3150.4940018146904,15.20213301931988,0.0,482.8488338176922,86.22328637937287,97.15299873732154,41.666666666666664,12.39196412465836,191703662.2496527,95824833.33333333,10.0,1.0,7.853981633974483,20.0,2.5,98.17477042468104,8782.630493135404,9.618725678016885,9.869138774764972,49.673934606704805,12.144124842165192,2302.786376953125,426.940605116282,5.208333333333333,0.3660418082569846,161.99951226071596
485,0.185337,0.0,1,343.84453877178237,0.0,174.02958797048913,3.410979924221587,27.287839393772696,30.698819317994282,343.84453877178237,0.0,0.0,2190.864950906351,1.0,3.410979924221587,0.0,8.40522562907372,0.0,419.09731288552456,0.0,0.0,9.869138774764972,49.673934606704805,0.0,0.0,0.0,0.0,0.0,0.0,0.0,5.208333333333333,0.3660418082569846,0.0,161.99951226071596,9080.0,150.3260653932952,0.0,0.0,9.869138774764982,1855.239583956697,490.7513101029023,478.35934597824394,3150.4940018146904,15.20213301931988,0.0,482.8488338176922,86.22328637937287,97.15299873732154,41.666666666666664,12.39196412465836,191703662.2496527,95824833.33333333,10.0,1.0,7.853981633974483,20.0,2.5,98.17477042468104,8782.630493135404,9.618725678016885,9.869138774764972,49.673934606704805,12.144124842165192,2302.786376953125,426.940605116282,5.208333333333333,0.3660418082569846,161.99951226071596
486,0.151251,0.0,1,280.6068423130344,0.0,113.17730115491182,2.2182751026362717,17.746200821090174,19.964475923726447,280.6068423130344,0.0,0.0,2190.864950906351,1.0,2.2182751026362717,0.0,10.579135229657266,0.0,409.17858044857485,0.0,0.0,9.869138774764972,49.673934606704805,0.0,0.0,0.0,0.0,0.0,0.0,0.0,5.208333333333333,0.3660418082569846,0.0,161.99951226071596,9080.0,150.3260653932952,0.0,0.0,9.869138774764972,1855.239583956697,490.7513101029023,478.35934597824394,3150.4940018146904,15.20213301931988,0.0,482.8488338176922,86.22328637937287,97.15299873732154,41.666666666666664,12.39196412465836,191703662.2496527,95824833.33333333,10.0,1.0,7.853981633974483,20.0,2.5,98.17477042468104,8782.630493135404,9.618725678016885,9.869138774764972,49.673934606704805,12.144124842165192,2302.786376953125,426.940605116282,5.208333333333333,0.3660418082569846,161.99951226071596
487,0.135045,0.0,1,250.54082961543216,0.0,84.24541826653397,1.6512101980240659,13.209681584192527,14.860891782216592,250.54082961543216,0.0,0.0,2190.864950906351,1.0,1.6512101980240659,0.0,12.197321223720852,0.0,399.25984801162514,0.0,0.0,9.869138774764972,49.673934606704805,0.0,0.0,0.0,0.0,0.0,0.0,0.0,5.208333333333333,0.3660418082569846,0.0,161.99951226071596,9080.0,150.3260653932952,0.0,0.0,9.869138774764972,1855.239583956697,490.7513101029023,478.35934597824394,3150.4940018146904,15.20213301931988,0.0,482.8488338176922,86.22328637937287,97.15299873732154,41.666666666666664,12.39196412465836,191703662.2496527,95824833.33333333,10.0,1.0,7.853981633974483,20.0,2.5,98.17477042468104,8782.630493135404,9.618725678016885,9.869138774764972,49.673934606704805,12.144124842165192,2302.786376953125,426.940605116282,5.208333333333333,0.3660418082569846,161.99951226071596
488,0.1175639999999999,1.0,1,218.10938644828497,0.0,422.890262949071,8.28864915380179,66.30919323041432,74.59784238421611,1012.9568666706244,0.0,794.8474802223395,1354.1833927775729,0.0,0.0,1.3300765242150945,10.840100280644224,0.0,401.52345914868835,8782.630493135404,9.618725678016885,9.869138774764972,49.673934606704805,12.144124842165192,2302.786376953125,12.144124842165192,86.22328637937287,86.22328637937287,0.0,0.0,5.208333333333333,0.3660418082569846,426.940605116282,161.99951226071596,297.3695068645957,150.3260653932952,1.0,2.2749860674002154,0.0,1855.239583956697,490.7513101029023,478.35934597824394,3150.4940018146904,15.20213301931988,0.0,482.8488338176922,86.22328637937287,97.15299873732154,41.666666666666664,12.39196412465836,191703662.2496527,95824833.33333333,10.0,1.0,7.853981633974483,20.0,2.5,98.17477042468104,8782.630493135404,9.618725678016885,9.869138774764972,49.673934606704805,12.144124842165192,2302.786376953125,426.940605116282,5.208333333333333,0.3660418082569846,161.99951226071596
489,0.108231,0.0,1,200.79443541121728,0.0,36.3755239206767,0.7129602688452633,5.7036821507621065,6.41664241960737,200.79443541121728,0.0,0.0,1354.1833927775729,1.0,0.7129602688452633,0.0,11.538801344112581,0.0,391.60472671173864,0.0,0.0,9.869138774764972,49.673934606704805,0.0,0.0,0.0,0.0,0.0,0.0,0.0,5.208333333333333,0.3660418082569846,0.0,161.99951226071596,9080.0,150.3260653932952,0.0,0.0,9.869138774764972,1855.239583956697,490.7513101029023,478.35934597824394,3150.4940018146904,15.20213301931988,0.0,482.8488338176922,86.22328637937287,97.15299873732154,41.666666666666664,12.39196412465836,191703662.2496527,95824833.33333333,10.0,1.0,7.853981633974483,20.0,2.5,98.17477042468104,8782.630493135404,9.618725678016885,9.869138774764972,49.673934606704805,12.144124842165192,2302.786376953125,426.940605116282,5.208333333333333,0.3660418082569846,161.99951226071596
490,0.093497,0.0,1,173.4593353811993,0.0,10.0715400580728,0.19740218513822688,1.579217481105815,1.7766196662440419,173.4593353811993,0.0,0.0,1354.1833927775729,1.0,0.19740218513822688,0.0,11.732255485548043,0.0,381.6859942748206,0.0,0.0,9.869138774764972,49.673934606704805,0.0,0.0,0.0,0.0,0.0,0.0,0.0,5.208333333333333,0.3660418082569846,0.0,161.99951226071596,9080.0,150.3260653932952,0.0,0.0,9.869138774764957,1855.239583956697,490.7513101029023,478.35934597824394,3150.4940018146904,15.20213301931988,0.0,482.8488338176922,86.22328637937287,97.15299873732154,41.666666666666664,12.39196412465836,191703662.2496527,95824833.33333333,10.0,1.0,7.853981633974483,20.0,2.5,98.17477042468104,8782.630493135404,9.618725678016885,9.869138774764972,49.673934606704805,12.144124842165192,2302.786376953125,426.940605116282,5.208333333333333,0.3660418082569846,161.99951226071596
491,0.081773,1.0,1,151.70850649889098,0.0,0.0,0.0,0.0,0.0,590.8954686369337,0.0,439.1869621380427,891.881327369107,0.0,0.0,9.618725678016885,1.9172292834899962,0.0,383.9496054118838,8782.630493135404,9.618725678016885,9.869138774764972,49.673934606704805,12.144124842165192,2302.786376953125,12.144124842165192,86.22328637937287,86.22328637937287,0.0,0.0,5.208333333333333,0.3660418082569846,426.940605116282,161.99951226071596,297.3695068645957,150.3260653932952,1.0,2.2749860674002154,0.0,1855.239583956697,490.7513101029023,478.35934597824394,3150.4940018146904,15.20213301931988,0.0,482.8488338176922,86.22328637937287,97.15299873732154,41.666666666666664,12.39196412465836,191703662.2496527,95824833.33333333,10.0,1.0,7.853981633974483,20.0,2.5,98.17477042468104,8782.630493135404,9.618725678016885,9.869138774764972,49.673934606704805,12.144124842165192,2302.786376953125,426.940605116282,5.208333333333333,0.3660418082569846,161.99951226071596
492,0.074226,0.0,1,137.70701335876979,0.0,0.0,0.0,0.0,0.0,162.99299095285005,0.0,25.285977594080272,865.2645088490225,1.0,0.0,0.0,1.9172292834899962,0.0,374.0308729749341,0.0,0.0,9.869138774764972,49.673934606704805,0.0,0.0,0.0,0.0,0.0,0.0,0.0,5.208333333333333,0.3660418082569846,0.0,161.99951226071596,9080.0,150.3260653932952,0.0,0.0,9.869138774764972,1855.239583956697,490.7513101029023,478.35934597824394,3150.4940018146904,15.20213301931988,0.0,482.8488338176922,86.22328637937287,97.15299873732154,41.666666666666664,12.39196412465836,191703662.2496527,95824833.33333333,10.0,1.0,7.853981633974483,20.0,2.5,98.17477042468104,8782.630493135404,9.618725678016885,9.869138774764972,49.673934606704805,12.144124842165192,2302.786376953125,426.940605116282,5.208333333333333,0.3660418082569846,161.99951226071596
493,0.061459,0.0,1,114.02116959039465,0.0,0.0,0.0,0.0,0.0,162.99299095285005,0.0,48.97182136245541,813.7152232043327,1.0,0.0,0.0,1.9172292834899962,0.0,364.1121405379844,0.0,0.0,9.869138774764972,49.673934606704805,0.0,0.0,0.0,0.0,0.0,0.0,0.0,5.208333333333333,0.3660418082569846,0.0,161.99951226071596,9080.0,150.3260653932952,0.0,0.0,9.869138774764972,1855.239583956697,490.7513101029023,478.35934597824394,3150.4940018146904,15.20213301931988,0.0,482.8488338176922,86.22328637937287,97.15299873732154,41.666666666666664,12.39196412465836,191703662.2496527,95824833.33333333,10.0,1.0,7.853981633974483,20.0,2.5,98.17477042468104,8782.630493135404,9.618725678016885,9.869138774764972,49.673934606704805,12.144124842165192,2302.786376953125,426.940605116282,5.208333333333333,0.3660418082569846,161.99951226071596
494,0.038691,0.0,1,71.78107474286857,0.0,0.0,0.0,0.0,0.0,162.99299095285005,0.0,91.21191620997524,717.7026798254113,0.0,0.0,0.0,1.9172292834899962,0.0,354.19340810103466,0.0,0.0,9.869138774764972,49.673934606704805,0.0,0.0,0.0,0.0,0.0,0.0,0.0,5.208333333333333,0.3660418082569846,0.0,161.99951226071596,9080.0,150.3260653932952,0.0,0.0,9.869138774764972,1855.239583956697,490.7513101029023,478.35934597824394,3150.4940018146904,15.20213301931988,0.0,482.8488338176922,86.22328637937287,97.15299873732154,41.666666666666664,12.39196412465836,191703662.2496527,95824833.33333333,10.0,1.0,7.853981633974483,20.0,2.5,98.17477042468104,8782.630493135404,9.618725678016885,9.869138774764972,49.673934606704805,12.144124842165192,2302.786376953125,426.940605116282,5.208333333333333,0.3660418082569846,161.99951226071596
495,0.031327,0.0,1,58.11909044661145,0.0,0.0,0.0,0.0,0.0,162.99299095285005,0.0,104.8739005062386,607.3091003451602,1.0,0.0,0.0,1.9172292834899962,0.0,344.2746756640981,0.0,0.0,9.869138774764972,49.673934606704805,0.0,0.0,0.0,0.0,0.0,0.0,0.0,5.208333333333333,0.3660418082569846,0.0,161.99951226071596,9080.0,150.3260653932952,0.0,0.0,9.869138774764972,1855.239583956697,490.7513101029023,478.35934597824394,3150.4940018146904,15.20213301931988,0.0,482.8488338176922,86.22328637937287,97.15299873732154,41.666666666666664,12.39196412465836,191703662.2496527,95824833.33333333,10.0,1.0,7.853981633974483,20.0,2.5,98.17477042468104,8782.630493135404,9.618725678016885,9.869138774764972,49.673934606704805,12.144124842165192,2302.786376953125,426.940605116282,5.208333333333333,0.3660418082569846,161.99951226071596
496,0.058551,0.0,1,108.62613288024856,0.0,0.0,0.0,0.0,0.0,162.99299095285005,0.0,54.366858072601495,550.0808286897902,1.0,0.0,0.0,1.9172292834899962,0.0,334.3559432271484,0.0,0.0,9.869138774764972,49.673934606704805,0.0,0.0,0.0,0.0,0.0,0.0,0.0,5.208333333333333,0.3660418082569846,0.0,161.99951226071596,9080.0,150.3260653932952,0.0,0.0,9.869138774764972,1855.239583956697,490.7513101029023,478.35934597824394,3150.4940018146904,15.20213301931988,0.0,482.8488338176922,86.22328637937287,97.15299873732154,41.666666666666664,12.39196412465836,191703662.2496527,95824833.33333333,10.0,1.0,7.853981633974483,20.0,2.5,98.17477042468104,8782.630493135404,9.618725678016885,9.869138774764972,49.673934606704805,12.144124842165192,2302.786376953125,426.940605116282,5.208333333333333,0.3660418082569846,161.99951226071596
497,0.111973,0.0,1,207.73674193438325,0.0,43.05595744951231,0.8438967660104413,6.75117412808353,7.595070894093972,207.73674193438325,0.0,0.0,550.0808286897902,1.0,0.8438967660104413,0.0,2.7442481141802286,0.0,324.43721079019866,0.0,0.0,9.869138774764972,49.673934606704805,0.0,0.0,0.0,0.0,0.0,0.0,0.0,5.208333333333333,0.3660418082569846,0.0,161.99951226071596,9080.0,150.3260653932952,0.0,0.0,9.869138774764972,1855.239583956697,490.7513101029023,478.35934597824394,3150.4940018146904,15.20213301931988,0.0,482.8488338176922,86.22328637937287,97.15299873732154,41.666666666666664,12.39196412465836,191703662.2496527,95824833.33333333,10.0,1.0,7.853981633974483,20.0,2.5,98.17477042468104,8782.630493135404,9.618725678016885,9.869138774764972,49.673934606704805,12.144124842165192,2302.786376953125,426.940605116282,5.208333333333333,0.3660418082569846,161.99951226071596
498,0.183368,0.0,1,340.19157203097166,0.0,170.5144159720185,3.3420825530515623,26.7366604244125,30.07874297746406,340.19157203097166,0.0,0.0,550.0808286897902,1.0,3.3420825530515623,0.0,6.019489016170761,0.0,314.51847835324895,0.0,0.0,9.869138774764972,49.673934606704805,0.0,0.0,0.0,0.0,0.0,0.0,0.0,5.208333333333333,0.3660418082569846,0.0,161.99951226071596,9080.0,150.3260653932952,0.0,0.0,9.869138774764972,1855.239583956697,490.7513101029023,478.35934597824394,3150.4940018146904,15.20213301931988,0.0,482.8488338176922,86.22328637937287,97.15299873732154,41.666666666666664,12.39196412465836,191703662.2496527,95824833.33333333,10.0,1.0,7.853981633974483,20.0,2.5,98.17477042468104,8782.630493135404,9.618725678016885,9.869138774764972,49.673934606704805,12.144124842165192,2302.786376953125,426.940605116282,5.208333333333333,0.3660418082569846,161.99951226071596
499,0.254135,0.0,1,471.4813116688352,0.0,296.8517327905939,5.818293962695641,46.54635170156513,52.36464566426077,471.48131166883525,0.0,0.0,550.0808286897902,1.0,5.818293962695641,0.0,11.721417099612271,0.0,304.59974591629924,0.0,0.0,9.869138774764972,49.673934606704805,0.0,0.0,0.0,0.0,0.0,0.0,0.0,5.208333333333333,0.3660418082569846,0.0,161.99951226071596,9080.0,150.3260653932952,0.0,0.0,9.869138774764972,1855.239583956697,490.7513101029023,478.35934597824394,3150.4940018146904,15.20213301931988,0.0,482.8488338176922,86.22328637937287,97.15299873732154,41.666666666666664,12.39196412465836,191703662.2496527,95824833.33333333,10.0,1.0,7.853981633974483,20.0,2.5,98.17477042468104,8782.630493135404,9.618725678016885,9.869138774764972,49.673934606704805,12.144124842165192,2302.786376953125,426.940605116282,5.208333333333333,0.3660418082569846,161.99951226071596
500,0.3772749999999999,1.0,1,699.9355140372627,0.0,109.25418360018514,2.1413819985636287,17.13105598850903,19.272437987072657,699.9355140372625,0.0,0.0,550.0808286897902,0.0,0.0,7.477343679453256,4.0914745695579295,0.0,306.86335705336245,8782.630493135404,9.618725678016885,9.869138774764972,49.673934606704805,12.144124842165192,2302.786376953125,12.144124842165192,86.22328637937287,86.22328637937287,0.0,0.0,5.208333333333333,0.3660418082569846,426.940605116282,161.99951226071596,297.3695068645957,150.3260653932952,1.0,2.2749860674002154,0.0,1855.239583956697,490.7513101029023,478.35934597824394,3150.4940018146904,15.20213301931988,0.0,482.8488338176922,86.22328637937287,97.15299873732154,41.666666666666664,12.39196412465836,191703662.2496527,95824833.33333333,10.0,1.0,7.853981633974483,20.0,2.5,98.17477042468104,8782.630493135404,9.618725678016885,9.869138774764972,49.673934606704805,12.144124842165192,2302.786376953125,426.940605116282,5.208333333333333,0.3660418082569846,161.99951226071596
501,0.448954,1.0,1,832.9172321756951,0.0,490.7513101029023,9.618725678016885,76.94980542413508,86.56853110215197,1080.6849061720343,0.0,247.76767399633903,289.27275079890705,0.0,0.0,0.0,4.0914745695579295,0.0,309.12696819044277,8782.630493135404,9.618725678016885,9.869138774764972,49.673934606704805,12.144124842165192,2302.786376953125,12.144124842165192,86.22328637937287,86.22328637937287,0.0,0.0,5.208333333333333,0.3660418082569846,426.940605116282,161.99951226071596,297.3695068645957,150.3260653932952,1.0,2.2749860674002154,0.0,1855.239583956697,490.7513101029023,478.35934597824394,3150.4940018146904,15.20213301931988,0.0,482.8488338176922,86.22328637937287,97.15299873732154,41.666666666666664,12.39196412465836,191703662.2496527,95824833.33333333,10.0,1.0,7.853981633974483,20.0,2.5,98.17477042468104,8782.630493135404,9.618725678016885,9.869138774764972,49.673934606704805,12.144124842165192,2302.786376953125,426.940605116282,5.208333333333333,0.3660418082569846,161.99951226071596
502,0.453067,0.0,1,840.5478325845089,0.0,490.75131010290244,9.618725678016887,76.94980542413509,86.56853110215198,840.5478325845088,167.5660801727226,0.0,448.4605269629935,1.0,9.618725678016887,0.0,13.51782573401448,0.0,299.20823575349306,0.0,0.0,9.869138774764972,49.673934606704805,0.0,0.0,0.0,0.0,0.0,0.0,0.0,5.208333333333333,0.3660418082569846,0.0,161.99951226071596,9080.0,150.3260653932952,0.0,0.0,9.869138774764972,1855.239583956697,490.7513101029023,478.35934597824394,3150.4940018146904,15.20213301931988,0.0,482.8488338176922,86.22328637937287,97.15299873732154,41.666666666666664,12.39196412465836,191703662.2496527,95824833.33333333,10.0,1.0,7.853981633974483,20.0,2.5,98.17477042468104,8782.630493135404,9.618725678016885,9.869138774764972,49.673934606704805,12.144124842165192,2302.786376953125,426.940605116282,5.208333333333333,0.3660418082569846,161.99951226071596
503,0.455445,1.0,1,844.9595923151579,0.0,490.75131010290244,9.618725678016887,76.94980542413509,86.56853110215198,1080.6849061720347,0.0,235.72531385696487,200.3286176398726,0.0,0.0,0.0,13.51782573401448,0.0,301.47184689055626,8782.630493135404,9.618725678016883,9.869138774764972,49.673934606704805,12.1441248421652,2302.786376953125,12.1441248421652,86.22328637937291,86.22328637937288,0.0,0.0,5.208333333333333,0.3660418082569846,426.9406051162823,161.99951226071596,297.3695068645957,150.3260653932952,1.0,2.274986067400217,0.0,1855.239583956697,490.7513101029023,478.35934597824394,3150.4940018146904,15.20213301931988,0.0,482.8488338176922,86.22328637937287,97.15299873732154,41.666666666666664,12.39196412465836,191703662.2496527,95824833.33333333,10.0,1.0,7.853981633974483,20.0,2.5,98.17477042468104,8782.630493135404,9.618725678016885,9.869138774764972,49.673934606704805,12.144124842165192,2302.786376953125,426.940605116282,5.208333333333333,0.3660418082569846,161.99951226071596
504,0.566232,1.0,1,1050.4960201029685,0.0,490.75131010290244,9.618725678016887,76.94980542413509,86.56853110215198,1080.684906172033,0.0,30.188886069044656,168.55084283041086,0.0,0.0,0.0,13.517825734014489,0.0,303.73545802763476,8782.630493135404,9.618725678016878,9.869138774764972,49.673934606704805,12.1441248421652,2302.786376953125,12.1441248421652,86.22328637937291,86.22328637937288,0.0,0.0,5.208333333333333,0.3660418082569846,426.9406051162804,161.99951226071596,297.3695068645957,150.3260653932952,1.0,2.2749860674002207,0.0,1855.239583956697,490.7513101029023,478.35934597824394,3150.4940018146904,15.20213301931988,0.0,482.8488338176922,86.22328637937287,97.15299873732154,41.666666666666664,12.39196412465836,191703662.2496527,95824833.33333333,10.0,1.0,7.853981633974483,20.0,2.5,98.17477042468104,8782.630493135404,9.618725678016885,9.869138774764972,49.673934606704805,12.144124842165192,2302.786376953125,426.940605116282,5.208333333333333,0.3660418082569846,161.99951226071596
505,0.573564,1.0,1,1064.098636732539,0.0,490.7513101029023,9.618725678016885,76.94980542413508,86.56853110215197,1080.6849061720343,0.0,16.586269439483658,151.0916118414807,0.0,0.0,0.0,13.517825734014489,0.0,305.99906916469797,8782.630493135404,9.618725678016885,9.869138774764972,49.673934606704805,12.144124842165192,2302.786376953125,12.144124842165192,86.22328637937287,86.22328637937287,0.0,0.0,5.208333333333333,0.3660418082569846,426.940605116282,161.99951226071596,297.3695068645957,150.3260653932952,1.0,2.2749860674002154,0.0,1855.239583956697,490.7513101029023,478.35934597824394,3150.4940018146904,15.20213301931988,0.0,482.8488338176922,86.22328637937287,97.15299873732154,41.666666666666664,12.39196412465836,191703662.2496527,95824833.33333333,10.0,1.0,7.853981633974483,20.0,2.5,98.17477042468104,8782.630493135404,9.618725678016885,9.869138774764972,49.673934606704805,12.144124842165192,2302.786376953125,426.940605116282,5.208333333333333,0.3660418082569846,161.99951226071596
506,0.575935,1.0,1,1068.4974097861002,0.0,478.5398793126189,9.37938163452733,75.03505307621865,84.41443471074598,1068.4974097860998,0.0,0.0,151.0916118414807,0.0,0.0,0.23934404348955418,13.273597118257419,0.0,308.262680301761,8782.630493135404,9.618725678016885,9.869138774764972,49.673934606704805,12.144124842165192,2302.786376953125,12.144124842165192,86.22328637937287,86.22328637937287,0.0,0.0,5.208333333333333,0.3660418082569846,426.940605116282,161.99951226071596,297.3695068645957,150.3260653932952,1.0,2.2749860674002154,0.0,1855.239583956697,490.7513101029023,478.35934597824394,3150.4940018146904,15.20213301931988,0.0,482.8488338176922,86.22328637937287,97.15299873732154,41.666666666666664,12.39196412465836,191703662.2496527,95824833.33333333,10.0,1.0,7.853981633974483,20.0,2.5,98.17477042468104,8782.630493135404,9.618725678016885,9.869138774764972,49.673934606704805,12.144124842165192,2302.786376953125,426.940605116282,5.208333333333333,0.3660418082569846,161.99951226071596
507,0.56556,1.0,1,1049.2492991025495,0.0,459.25396825396825,9.001377777777778,72.01102222222222,81.0124,1049.249299113145,0.0,0.0,151.09161206680773,0.0,0.0,0.6173479004467635,12.643650281066844,0.0,310.5262914388242,8782.630493135404,9.618725678016885,9.869138774764972,49.673934606704805,12.144124842165192,2302.786376953125,12.144124842165192,86.22328637937287,86.22328637937287,0.0,0.0,5.208333333333333,0.3660418082569846,426.940605116282,161.99951226071596,297.3695068645957,150.3260653932952,1.0,2.2749860674002154,0.0,1855.239583956697,490.7513101029023,478.35934597824394,3150.4940018146904,15.20213301931988,0.0,482.8488338176922,86.22328637937287,97.15299873732154,41.666666666666664,12.39196412465836,191703662.2496527,95824833.33333333,10.0,1.0,7.853981633974483,20.0,2.5,98.17477042468104,8782.630493135404,9.618725678016885,9.869138774764972,49.673934606704805,12.144124842165192,2302.786376953125,426.940605116282,5.208333333333333,0.3660418082569846,161.99951226071596
508,0.548085,1.0,1,1016.8289873729063,0.0,426.7699879122815,8.364691763080717,66.91753410464574,75.28222586772645,1016.8289873729071,0.0,0.0,151.09161206680773,0.0,0.0,1.2540339149361674,11.364023837254427,0.0,312.78990257587606,8782.630493135404,9.618725678016885,9.869138774764972,49.673934606704805,12.144124842165192,2302.786376953125,12.144124842165192,86.22328637937287,86.22328637937287,0.0,0.0,5.208333333333333,0.3660418082569846,426.940605116282,161.99951226071596,297.3695068645957,150.3260653932952,1.0,2.2749860674002154,0.0,1855.239583956697,490.7513101029023,478.35934597824394,3150.4940018146904,15.20213301931988,0.0,482.8488338176922,86.22328637937287,97.15299873732154,41.666666666666664,12.39196412465836,191703662.2496527,95824833.33333333,10.0,1.0,7.853981633974483,20.0,2.5,98.17477042468104,8782.630493135404,9.618725678016885,9.869138774764972,49.673934606704805,12.144124842165192,2302.786376953125,426.940605116282,5.208333333333333,0.3660418082569846,161.99951226071596
509,0.540987,1.0,1,1003.6604968059817,0.0,413.57563641642366,8.106082473761903,64.84865979009523,72.95474226385713,1003.6604968059812,0.0,0.0,151.0916120668076,0.0,0.0,1.512643204254982,9.820510363524853,0.0,315.05351371293926,8782.630493135404,9.618725678016885,9.869138774764972,49.673934606704805,12.144124842165192,2302.786376953125,12.144124842165192,86.22328637937287,86.22328637937287,0.0,0.0,5.208333333333333,0.3660418082569846,426.940605116282,161.99951226071596,297.3695068645957,150.3260653932952,1.0,2.2749860674002154,0.0,1855.239583956697,490.7513101029023,478.35934597824394,3150.4940018146904,15.20213301931988,0.0,482.8488338176922,86.22328637937287,97.15299873732154,41.666666666666664,12.39196412465836,191703662.2496527,95824833.33333333,10.0,1.0,7.853981633974483,20.0,2.5,98.17477042468104,8782.630493135404,9.618725678016885,9.869138774764972,49.673934606704805,12.144124842165192,2302.786376953125,426.940605116282,5.208333333333333,0.3660418082569846,161.99951226071596
510,0.54076,1.0,1,1003.2393574204235,0.0,490.7513103125473,9.618725682125927,76.94980545700741,86.56853113913334,1080.6849063816794,0.0,77.44554896567135,69.56998157662727,0.0,0.0,0.0,9.820510367766067,0.0,317.3171248500025,8782.630493135404,9.618725678016885,9.869138774764972,49.673934606704805,12.144124842165192,2302.786376953125,12.144124842165192,86.22328637937287,86.22328637937287,0.0,0.0,5.208333333333333,0.3660418082569846,426.940605116282,161.99951226071596,297.3695068645957,150.3260653932952,1.0,2.2749860674002154,0.0,1855.239583956697,490.7513101029023,478.35934597824394,3150.4940018146904,15.20213301931988,0.0,482.8488338176922,86.22328637937287,97.15299873732154,41.666666666666664,12.39196412465836,191703662.2496527,95824833.33333333,10.0,1.0,7.853981633974483,20.0,2.5,98.17477042468104,8782.630493135404,9.618725678016885,9.869138774764972,49.673934606704805,12.144124842165192,2302.786376953125,426.940605116282,5.208333333333333,0.3660418082569846,161.99951226071596
511,0.54688,1.0,1,1014.5934236742386,0.0,490.75131010288555,9.618725678016556,76.94980542413245,86.56853110214901,1080.6849061720177,0.0,66.091482497779,0.0,0.0,0.0,0.0,9.820510367765735,0.0,319.5807359870657,8782.630493135404,9.618725678016885,9.869138774764972,49.673934606704805,12.144124842165192,2302.786376953125,12.144124842165192,86.22328637937287,86.22328637937287,0.0,0.0,5.208333333333333,0.3660418082569846,426.940605116282,161.99951226071596,297.3695068645957,150.3260653932952,1.0,2.2749860674002154,0.0,1855.239583956697,490.7513101029023,478.35934597824394,3150.4940018146904,15.20213301931988,0.0,482.8488338176922,86.22328637937287,97.15299873732154,41.666666666666664,12.39196412465836,191703662.2496527,95824833.33333333,10.0,1.0,7.853981633974483,20.0,2.5,98.17477042468104,8782.630493135404,9.618725678016885,9.869138774764972,49.673934606704805,12.144124842165192,2302.786376953125,426.940605116282,5.208333333333333,0.3660418082569846,161.99951226071596
512,0.563597,1.0,1,1045.6074637992426,0.0,455.6049809249225,8.92985762612848,71.43886100902785,80.36871863515633,1045.6074637992417,0.0,0.0,0.0,0.0,0.0,0.6888680518883972,9.117583784206145,0.0,321.84434712428185,8782.630493135404,9.618725678016878,9.869138774764972,49.673934606704805,12.144124842327923,2302.786376953125,12.144124842327923,86.22328638052825,86.22328637937288,0.0,0.0,5.208333333333333,0.3660418082569846,426.9406051162804,161.99951226071596,297.3695068645957,150.3260653932952,1.0,2.2749860675629243,0.0,1855.239583956697,490.7513101029023,478.35934597824394,3150.4940018146904,15.20213301931988,0.0,482.8488338176922,86.22328637937287,97.15299873732154,41.666666666666664,12.39196412465836,191703662.2496527,95824833.33333333,10.0,1.0,7.853981633974483,20.0,2.5,98.17477042468104,8782.630493135404,9.618725678016885,9.869138774764972,49.673934606704805,12.144124842165192,2302.786376953125,426.940605116282,5.208333333333333,0.3660418082569846,161.99951226071596
513,0.59017,1.0,1,1094.906745263724,0.0,490.75131010290244,9.618725678016887,76.94980542413509,86.56853110215198,1094.9067452637228,14.221839091688878,0.0,13.510747137104435,0.0,0.0,0.0,9.117583784206145,0.0,324.1079582613325,8782.630493135404,9.618725678016892,9.869138774764972,49.673934606704805,12.144124842165185,2302.786376953125,12.144124842165185,86.22328637937281,86.22328637937281,0.0,0.0,5.208333333333333,0.3660418082569846,426.9406051162813,161.99951226071596,297.3695068645957,150.3260653932952,1.0,2.274986067400185,0.0,1855.239583956697,490.7513101029023,478.35934597824394,3150.4940018146904,15.20213301931988,0.0,482.8488338176922,86.22328637937287,97.15299873732154,41.666666666666664,12.39196412465836,191703662.2496527,95824833.33333333,10.0,1.0,7.853981633974483,20.0,2.5,98.17477042468104,8782.630493135404,9.618725678016885,9.869138774764972,49.673934606704805,12.144124842165192,2302.786376953125,426.940605116282,5.208333333333333,0.3660418082569846,161.99951226071596
514,0.6130030000000001,1.0,1,1137.2674306842073,0.0,490.75131010290244,9.618725678016887,76.94980542413509,86.56853110215198,1137.2674306842075,56.58252451217277,0.0,67.26414542366857,0.0,0.0,0.0,9.117583784206147,0.0,326.3715693983957,8782.630493135404,9.618725678016885,9.869138774764972,49.673934606704805,12.144124842165192,2302.786376953125,12.144124842165192,86.22328637937287,86.22328637937287,0.0,0.0,5.208333333333333,0.3660418082569846,426.940605116282,161.99951226071596,297.3695068645957,150.3260653932952,1.0,2.2749860674002154,0.0,1855.239583956697,490.7513101029023,478.35934597824394,3150.4940018146904,15.20213301931988,0.0,482.8488338176922,86.22328637937287,97.15299873732154,41.666666666666664,12.39196412465836,191703662.2496527,95824833.33333333,10.0,1.0,7.853981633974483,20.0,2.5,98.17477042468104,8782.630493135404,9.618725678016885,9.869138774764972,49.673934606704805,12.144124842165192,2302.786376953125,426.940605116282,5.208333333333333,0.3660418082569846,161.99951226071596
515,0.619269,1.0,1,1148.8923619172797,0.0,490.7513101029024,9.618725678016887,76.94980542413509,86.56853110215198,1148.89236191728,68.20745574524534,0.0,132.06122838165163,1.0,0.0,0.0,9.117583784206149,0.0,328.6351805354589,8782.630493135404,9.618725678016885,9.869138774764972,49.673934606704805,12.144124842165192,2302.786376953125,12.144124842165192,86.22328637937287,86.22328637937288,0.0,0.0,5.208333333333333,0.3660418082569846,426.940605116282,161.99951226071596,297.3695068645957,150.3260653932952,1.0,2.2749860674002154,0.0,1855.239583956697,490.7513101029023,478.35934597824394,3150.4940018146904,15.20213301931988,0.0,482.8488338176922,86.22328637937287,97.15299873732154,41.666666666666664,12.39196412465836,191703662.2496527,95824833.33333333,10.0,1.0,7.853981633974483,20.0,2.5,98.17477042468104,8782.630493135404,9.618725678016885,9.869138774764972,49.673934606704805,12.144124842165192,2302.786376953125,426.940605116282,5.208333333333333,0.3660418082569846,161.99951226071596
516,0.624578,1.0,1,1158.7418288685058,0.0,490.75131010290244,9.618725678016887,76.94980542413509,86.56853110215198,1144.5199897768166,63.83508360478273,0.0,192.70455780619523,1.0,0.0,0.0,9.117583784206149,0.0,330.8987916725132,8782.630493135404,9.61872567801688,9.869138774764972,49.673934606704805,12.144124842165203,2302.786376953125,12.144124842165203,86.22328637937294,86.22328637937294,0.0,0.0,5.208333333333333,0.3660418082569846,426.9406051162813,161.99951226071596,297.3695068645957,150.3260653932952,1.0,2.274986067400226,0.0,1855.239583956697,490.7513101029023,478.35934597824394,3150.4940018146904,15.20213301931988,0.0,482.8488338176922,86.22328637937287,97.15299873732154,41.666666666666664,12.39196412465836,191703662.2496527,95824833.33333333,10.0,1.0,7.853981633974483,20.0,2.5,98.17477042468104,8782.630493135404,9.618725678016885,9.869138774764972,49.673934606704805,12.144124842165192,2302.786376953125,426.940605116282,5.208333333333333,0.3660418082569846,161.99951226071596
517,0.642295,1.0,1,1191.6111085774667,0.0,490.7513101028944,9.61872567801673,76.94980542413384,86.56853110215057,1191.6111085774667,110.92620240544016,0.0,298.08445009136335,1.0,0.0,0.0,9.11758378420599,0.0,333.1624028095764,8782.630493135404,9.618725678016885,9.869138774764972,49.673934606704805,12.144124842165192,2302.786376953125,12.144124842165192,86.22328637937287,86.22328637937287,0.0,0.0,5.208333333333333,0.3660418082569846,426.940605116282,161.99951226071596,297.3695068645957,150.3260653932952,1.0,2.2749860674002154,0.0,1855.239583956697,490.7513101029023,478.35934597824394,3150.4940018146904,15.20213301931988,0.0,482.8488338176922,86.22328637937287,97.15299873732154,41.666666666666664,12.39196412465836,191703662.2496527,95824833.33333333,10.0,1.0,7.853981633974483,20.0,2.5,98.17477042468104,8782.630493135404,9.618725678016885,9.869138774764972,49.673934606704805,12.144124842165192,2302.786376953125,426.940605116282,5.208333333333333,0.3660418082569846,161.99951226071596
518,0.678976,1.0,1,1259.6631517565825,0.0,490.7513101029015,9.618725678016869,76.94980542413495,86.56853110215182,1259.6631517565816,178.97824558454784,0.0,468.11378339667635,0.0,0.0,0.0,9.117583784205978,0.0,335.4260139466396,8782.630493135404,9.618725678016885,9.869138774764972,49.673934606704805,12.144124842165192,2302.786376953125,12.144124842165192,86.22328637937287,86.22328637937288,0.0,0.0,5.208333333333333,0.3660418082569846,426.940605116282,161.99951226071596,297.3695068645957,150.3260653932952,1.0,2.2749860674002154,0.0,1855.239583956697,490.7513101029023,478.35934597824394,3150.4940018146904,15.20213301931988,0.0,482.8488338176922,86.22328637937287,97.15299873732154,41.666666666666664,12.39196412465836,191703662.2496527,95824833.33333333,10.0,1.0,7.853981633974483,20.0,2.5,98.17477042468104,8782.630493135404,9.618725678016885,9.869138774764972,49.673934606704805,12.144124842165192,2302.786376953125,426.940605116282,5.208333333333333,0.3660418082569846,161.99951226071596
519,0.7309869999999999,1.0,1,1356.156017757754,0.0,490.7513101029023,9.618725678016885,76.94980542413508,86.56853110215197,1356.156017757754,275.4711115857196,0.0,729.81133940311,0.0,0.0,0.0,9.117583784205978,0.0,337.68962508369805,8782.630493135404,9.618725678016885,9.869138774764972,49.673934606704805,12.144124842165192,2302.786376953125,12.144124842165192,86.22328637937287,86.22328637937287,0.0,0.0,5.208333333333333,0.3660418082569846,426.940605116282,161.99951226071596,297.3695068645957,150.3260653932952,1.0,2.2749860674002154,0.0,1855.239583956697,490.7513101029023,478.35934597824394,3150.4940018146904,15.20213301931988,0.0,482.8488338176922,86.22328637937287,97.15299873732154,41.666666666666664,12.39196412465836,191703662.2496527,95824833.33333333,10.0,1.0,7.853981633974483,20.0,2.5,98.17477042468104,8782.630493135404,9.618725678016885,9.869138774764972,49.673934606704805,12.144124842165192,2302.786376953125,426.940605116282,5.208333333333333,0.3660418082569846,161.99951226071596
520,0.780848,1.0,1,1448.660118653419,0.0,490.75131010290244,9.618725678016887,76.94980542413509,86.56853110215198,1448.6601186534192,367.97521248138446,0.0,1079.3877912604253,1.0,0.0,0.0,9.117583784205978,0.0,339.95323622076126,8782.630493135404,9.618725678016885,9.869138774764972,49.673934606704805,12.144124842165192,2302.786376953125,12.144124842165192,86.22328637937287,86.22328637937287,0.0,0.0,5.208333333333333,0.3660418082569846,426.940605116282,161.99951226071596,297.3695068645957,150.3260653932952,1.0,2.2749860674002154,0.0,1855.239583956697,490.7513101029023,478.35934597824394,3150.4940018146904,15.20213301931988,0.0,482.8488338176922,86.22328637937287,97.15299873732154,41.666666666666664,12.39196412465836,191703662.2496527,95824833.33333333,10.0,1.0,7.853981633974483,20.0,2.5,98.17477042468104,8782.630493135404,9.618725678016885,9.869138774764972,49.673934606704805,12.144124842165192,2302.786376953125,426.940605116282,5.208333333333333,0.3660418082569846,161.99951226071596
521,0.809339,1.0,1,1501.5177496399292,0.0,490.75131010290244,9.618725678016887,76.94980542413509,86.56853110215198,1501.5177496399292,420.83284346789617,0.0,1479.1789925549265,1.0,0.0,0.0,9.117583784205989,0.0,342.21684735782407,8782.630493135404,9.618725678016878,9.869138774764972,49.673934606704805,12.144124842165182,2302.786376953125,12.144124842165182,86.22328637937278,86.22328637937278,0.0,0.0,5.208333333333333,0.3660418082569846,426.9406051162804,161.99951226071596,297.3695068645957,150.3260653932952,1.0,2.274986067400179,0.0,1855.239583956697,490.7513101029023,478.35934597824394,3150.4940018146904,15.20213301931988,0.0,482.8488338176922,86.22328637937287,97.15299873732154,41.666666666666664,12.39196412465836,191703662.2496527,95824833.33333333,10.0,1.0,7.853981633974483,20.0,2.5,98.17477042468104,8782.630493135404,9.618725678016885,9.869138774764972,49.673934606704805,12.144124842165192,2302.786376953125,426.940605116282,5.208333333333333,0.3660418082569846,161.99951226071596
522,0.816788,1.0,1,1515.3374293008226,0.0,490.7513101029019,9.618725678016878,76.94980542413502,86.5685311021519,1080.6849061720325,0.0,0.0,1479.1789925549265,0.0,0.0,0.0,9.117583784205989,0.0,344.4804584948873,8782.630493135404,9.618725678016878,9.869138774764972,49.673934606704805,12.1441248421652,2302.786376953125,12.1441248421652,86.22328637937291,86.22328637937288,0.0,0.0,5.208333333333333,0.3660418082569846,426.9406051162804,161.99951226071596,297.3695068645957,150.3260653932952,1.0,2.2749860674002207,0.0,1855.239583956697,490.7513101029023,478.35934597824394,3150.4940018146904,15.20213301931988,0.0,482.8488338176922,86.22328637937287,97.15299873732154,41.666666666666664,12.39196412465836,191703662.2496527,95824833.33333333,10.0,1.0,7.853981633974483,20.0,2.5,98.17477042468104,8782.630493135404,9.618725678016885,9.869138774764972,49.673934606704805,12.144124842165192,2302.786376953125,426.940605116282,5.208333333333333,0.3660418082569846,161.99951226071596
523,0.8218869999999999,1.0,1,1524.7972959394178,0.0,490.75131010290244,9.618725678016887,76.94980542413509,86.56853110215198,1470.4885079937783,389.803601821744,0.0,1849.4924142855837,1.0,0.0,0.0,9.11758378420599,0.0,346.7440696319504,8782.630493135404,9.618725678016885,9.869138774764972,49.673934606704805,12.144124842165192,2302.786376953125,12.144124842165192,86.22328637937287,86.22328637937287,0.0,0.0,5.208333333333333,0.3660418082569846,426.94060511628186,161.99951226071596,297.3695068645957,150.3260653932952,1.0,2.2749860674002207,0.0,1855.239583956697,490.7513101029023,478.35934597824394,3150.4940018146904,15.20213301931988,0.0,482.8488338176922,86.22328637937287,97.15299873732154,41.666666666666664,12.39196412465836,191703662.2496527,95824833.33333333,10.0,1.0,7.853981633974483,20.0,2.5,98.17477042468104,8782.630493135404,9.618725678016885,9.869138774764972,49.673934606704805,12.144124842165192,2302.786376953125,426.940605116282,5.208333333333333,0.3660418082569846,161.99951226071596
524,0.83225,1.0,1,1544.0231437479613,0.0,490.7513101029023,9.618725678016885,76.94980542413508,86.56853110215197,1506.6734604437488,425.9885542717144,0.0,2254.1815408437124,0.0,0.0,0.0,9.11758378420599,0.0,349.00768076901363,8782.630493135404,9.618725678016885,9.869138774764972,49.673934606704805,12.144124842165192,2302.786376953125,12.144124842165192,86.22328637937287,86.22328637937287,0.0,0.0,5.208333333333333,0.3660418082569846,426.940605116282,161.99951226071596,297.3695068645957,150.3260653932952,1.0,2.2749860674002154,0.0,1855.239583956697,490.7513101029023,478.35934597824394,3150.4940018146904,15.20213301931988,0.0,482.8488338176922,86.22328637937287,97.15299873732154,41.666666666666664,12.39196412465836,191703662.2496527,95824833.33333333,10.0,1.0,7.853981633974483,20.0,2.5,98.17477042468104,8782.630493135404,9.618725678016885,9.869138774764972,49.673934606704805,12.144124842165192,2302.786376953125,426.940605116282,5.208333333333333,0.3660418082569846,161.99951226071596
525,0.836641,1.0,1,1552.169500761115,0.0,490.75131010290244,9.618725678016887,76.94980542413509,86.56853110215198,1552.1695007611152,471.4845945890803,0.0,2702.0919057033384,1.0,0.0,0.0,9.117583784205994,0.0,351.27129190607684,8782.630493135404,9.618725678016885,9.869138774764972,49.673934606704805,12.144124842165192,2302.786376953125,12.144124842165192,86.22328637937287,86.22328637937287,0.0,0.0,5.208333333333333,0.3660418082569846,426.940605116282,161.99951226071596,297.3695068645957,150.3260653932952,1.0,2.2749860674002154,0.0,1855.239583956697,490.7513101029023,478.35934597824394,3150.4940018146904,15.20213301931988,0.0,482.8488338176922,86.22328637937287,97.15299873732154,41.666666666666664,12.39196412465836,191703662.2496527,95824833.33333333,10.0,1.0,7.853981633974483,20.0,2.5,98.17477042468104,8782.630493135404,9.618725678016885,9.869138774764972,49.673934606704805,12.144124842165192,2302.786376953125,426.940605116282,5.208333333333333,0.3660418082569846,161.99951226071596
526,0.841474,1.0,1,1561.1358736703778,0.0,490.75131010290244,9.618725678016887,76.94980542413509,86.56853110215198,1080.6849061720347,0.0,0.0,2702.0919057033384,1.0,0.0,0.0,9.117583784205996,0.0,353.5349030431401,8782.630493135404,9.618725678016885,9.869138774764972,49.673934606704805,12.144124842165192,2302.786376953125,12.144124842165192,86.22328637937287,86.22328637937287,0.0,0.0,5.208333333333333,0.3660418082569846,426.940605116282,161.99951226071596,297.3695068645957,150.3260653932952,1.0,2.2749860674002154,0.0,1855.239583956697,490.7513101029023,478.35934597824394,3150.4940018146904,15.20213301931988,0.0,482.8488338176922,86.22328637937287,97.15299873732154,41.666666666666664,12.39196412465836,191703662.2496527,95824833.33333333,10.0,1.0,7.853981633974483,20.0,2.5,98.17477042468104,8782.630493135404,9.618725678016885,9.869138774764972,49.673934606704805,12.144124842165192,2302.786376953125,426.940605116282,5.208333333333333,0.3660418082569846,161.99951226071596
527,0.83692,1.0,1,1552.687112605039,0.0,490.75131010290266,9.618725678016892,76.94980542413514,86.56853110215202,1552.687112605039,472.0022064330042,0.0,3150.494001814692,1.0,0.0,0.0,9.117583784206003,0.0,355.7985141802033,8782.630493135404,9.618725678016885,9.869138774764972,49.673934606704805,12.144124842165192,2302.786376953125,12.144124842165192,86.22328637937287,86.22328637937287,0.0,0.0,5.208333333333333,0.3660418082569846,426.940605116282,161.99951226071596,297.3695068645957,150.3260653932952,1.0,2.2749860674002154,0.0,1855.239583956697,490.7513101029023,478.35934597824394,3150.4940018146904,15.20213301931988,0.0,482.8488338176922,86.22328637937287,97.15299873732154,41.666666666666664,12.39196412465836,191703662.2496527,95824833.33333333,10.0,1.0,7.853981633974483,20.0,2.5,98.17477042468104,8782.630493135404,9.618725678016885,9.869138774764972,49.673934606704805,12.144124842165192,2302.786376953125,426.940605116282,5.208333333333333,0.3660418082569846,161.99951226071596
528,0.5371549999999999,1.0,1,996.5512187202595,0.0,447.9019080317463,8.778877397422228,70.23101917937782,79.00989657680006,1037.9194889289379,0.0,41.368270208672456,3106.948454226616,0.0,0.0,0.8398482805946585,8.260595742782883,0.0,358.0621253172665,8782.630493135404,9.618725678016885,9.869138774764972,49.673934606704805,12.144124842165192,2302.786376953125,12.144124842165192,86.22328637937287,86.22328637937287,0.0,0.0,5.208333333333333,0.3660418082569846,426.940605116282,161.99951226071596,297.3695068645957,150.3260653932952,1.0,2.2749860674002154,0.0,1855.239583956697,490.7513101029023,478.35934597824394,3150.4940018146904,15.20213301931988,0.0,482.8488338176922,86.22328637937287,97.15299873732154,41.666666666666664,12.39196412465836,191703662.2496527,95824833.33333333,10.0,1.0,7.853981633974483,20.0,2.5,98.17477042468104,8782.630493135404,9.618725678016885,9.869138774764972,49.673934606704805,12.144124842165192,2302.786376953125,426.940605116282,5.208333333333333,0.3660418082569846,161.99951226071596
529,0.501984,1.0,1,931.3005873129185,0.0,341.0736229770198,6.685043010349588,53.480344082796705,60.16538709314629,931.3005873129185,0.0,0.0,3106.948454226615,0.0,0.0,2.9336826676672976,5.267042000265232,0.0,360.32573645432973,8782.630493135404,9.618725678016885,9.869138774764972,49.673934606704805,12.144124842165192,2302.786376953125,12.144124842165192,86.22328637937287,86.22328637937287,0.0,0.0,5.208333333333333,0.3660418082569846,426.940605116282,161.99951226071596,297.3695068645957,150.3260653932952,1.0,2.2749860674002154,0.0,1855.239583956697,490.7513101029023,478.35934597824394,3150.4940018146904,15.20213301931988,0.0,482.8488338176922,86.22328637937287,97.15299873732154,41.666666666666664,12.39196412465836,191703662.2496527,95824833.33333333,10.0,1.0,7.853981633974483,20.0,2.5,98.17477042468104,8782.630493135404,9.618725678016885,9.869138774764972,49.673934606704805,12.144124842165192,2302.786376953125,426.940605116282,5.208333333333333,0.3660418082569846,161.99951226071596
530,0.440832,1.0,1,817.8489762747987,0.0,227.3992100896407,4.457024517756957,35.656196142055656,40.11322065981261,817.8489762747987,0.0,0.0,3106.948454226615,0.0,0.0,5.161701160259928,0.0,0.0,362.58934759139294,8782.630493135404,9.618725678016885,9.869138774764972,49.673934606704805,12.144124842165192,2302.786376953125,12.144124842165192,86.22328637937287,86.22328637937287,0.0,0.0,5.208333333333333,0.3660418082569846,426.940605116282,161.99951226071596,297.3695068645957,150.3260653932952,1.0,2.2749860674002154,0.0,1855.239583956697,490.7513101029023,478.35934597824394,3150.4940018146904,15.20213301931988,0.0,482.8488338176922,86.22328637937287,97.15299873732154,41.666666666666664,12.39196412465836,191703662.2496527,95824833.33333333,10.0,1.0,7.853981633974483,20.0,2.5,98.17477042468104,8782.630493135404,9.618725678016885,9.869138774764972,49.673934606704805,12.144124842165192,2302.786376953125,426.940605116282,5.208333333333333,0.3660418082569846,161.99951226071596
531,0.3416329999999999,0.0,1,633.8110647858781,0.0,453.05819267997344,8.87994057652748,71.03952461221984,79.91946518874731,633.8110647858784,0.0,0.0,3106.948454226615,1.0,8.87994057652748,0.0,8.70234176499693,0.0,352.6706151544432,0.0,0.0,9.869138774764972,49.673934606704805,0.0,0.0,0.0,0.0,0.0,0.0,0.0,5.208333333333333,0.3660418082569846,0.0,161.99951226071596,9080.0,150.3260653932952,0.0,0.0,9.869138774764972,1855.239583956697,490.7513101029023,478.35934597824394,3150.4940018146904,15.20213301931988,0.0,482.8488338176922,86.22328637937287,97.15299873732154,41.666666666666664,12.39196412465836,191703662.2496527,95824833.33333333,10.0,1.0,7.853981633974483,20.0,2.5,98.17477042468104,8782.630493135404,9.618725678016885,9.869138774764972,49.673934606704805,12.144124842165192,2302.786376953125,426.940605116282,5.208333333333333,0.3660418082569846,161.99951226071596
532,0.188027,0.0,1,348.8351332526259,0.0,178.83193061949123,3.505105840142028,28.040846721136223,31.545952561278252,348.8351332526253,0.0,0.0,3106.948454226615,1.0,3.505105840142028,0.0,12.137345488336118,0.0,342.7518827174935,0.0,0.0,9.869138774764972,49.673934606704805,0.0,0.0,0.0,0.0,0.0,0.0,0.0,5.208333333333333,0.3660418082569846,0.0,161.99951226071596,9080.0,150.3260653932952,0.0,0.0,9.869138774764972,1855.239583956697,490.7513101029023,478.35934597824394,3150.4940018146904,15.20213301931988,0.0,482.8488338176922,86.22328637937287,97.15299873732154,41.666666666666664,12.39196412465836,191703662.2496527,95824833.33333333,10.0,1.0,7.853981633974483,20.0,2.5,98.17477042468104,8782.630493135404,9.618725678016885,9.869138774764972,49.673934606704805,12.144124842165192,2302.786376953125,426.940605116282,5.208333333333333,0.3660418082569846,161.99951226071596
533,0.0738149999999999,0.0,1,136.9445098897634,0.0,0.0,0.0,0.0,0.0,162.99299095285005,0.0,26.048481063086662,3079.5290004759972,1.0,0.0,0.0,12.137345488336116,0.0,332.83315028054375,0.0,0.0,9.869138774764972,49.673934606704805,0.0,0.0,0.0,0.0,0.0,0.0,0.0,5.208333333333333,0.3660418082569846,0.0,161.99951226071596,9080.0,150.3260653932952,0.0,0.0,9.869138774764972,1855.239583956697,490.7513101029023,478.35934597824394,3150.4940018146904,15.20213301931988,0.0,482.8488338176922,86.22328637937287,97.15299873732154,41.666666666666664,12.39196412465836,191703662.2496527,95824833.33333333,10.0,1.0,7.853981633974483,20.0,2.5,98.17477042468104,8782.630493135404,9.618725678016885,9.869138774764972,49.673934606704805,12.144124842165192,2302.786376953125,426.940605116282,5.208333333333333,0.3660418082569846,161.99951226071596
534,0.027187,0.0,1,50.438398569030724,0.0,0.0,0.0,0.0,0.0,162.99299095285005,0.0,112.5545923838188,2961.0504821772406,1.0,0.0,0.0,12.137345488336116,0.0,322.91441784359404,0.0,0.0,9.869138774764972,49.673934606704805,0.0,0.0,0.0,0.0,0.0,0.0,0.0,5.208333333333333,0.3660418082569846,0.0,161.99951226071596,9080.0,150.3260653932952,0.0,0.0,9.869138774764972,1855.239583956697,490.7513101029023,478.35934597824394,3150.4940018146904,15.20213301931988,0.0,482.8488338176922,86.22328637937287,97.15299873732154,41.666666666666664,12.39196412465836,191703662.2496527,95824833.33333333,10.0,1.0,7.853981633974483,20.0,2.5,98.17477042468104,8782.630493135404,9.618725678016885,9.869138774764972,49.673934606704805,12.144124842165192,2302.786376953125,426.940605116282,5.208333333333333,0.3660418082569846,161.99951226071596
535,0.022632,0.0,1,41.98778226410796,0.0,0.0,0.0,0.0,0.0,162.99299095285005,0.0,121.00520868873537,2833.676578294361,1.0,0.0,0.0,12.137345488336116,0.0,312.9956854066443,0.0,0.0,9.869138774764972,49.673934606704805,0.0,0.0,0.0,0.0,0.0,0.0,0.0,5.208333333333333,0.3660418082569846,0.0,161.99951226071596,9080.0,150.3260653932952,0.0,0.0,9.869138774764972,1855.239583956697,490.7513101029023,478.35934597824394,3150.4940018146904,15.20213301931988,0.0,482.8488338176922,86.22328637937287,97.15299873732154,41.666666666666664,12.39196412465836,191703662.2496527,95824833.33333333,10.0,1.0,7.853981633974483,20.0,2.5,98.17477042468104,8782.630493135404,9.618725678016885,9.869138774764972,49.673934606704805,12.144124842165192,2302.786376953125,426.940605116282,5.208333333333333,0.3660418082569846,161.99951226071596
536,0.032351,0.0,1,60.0188557805831,0.0,0.0,0.0,0.0,0.0,162.99299095285005,0.0,102.97413517226695,2725.2827517972382,1.0,0.0,0.0,12.137345488336116,0.0,303.0769529696946,0.0,0.0,9.869138774764972,49.673934606704805,0.0,0.0,0.0,0.0,0.0,0.0,0.0,5.208333333333333,0.3660418082569846,0.0,161.99951226071596,9080.0,150.3260653932952,0.0,0.0,9.869138774764961,1855.239583956697,490.7513101029023,478.35934597824394,3150.4940018146904,15.20213301931988,0.0,482.8488338176922,86.22328637937287,97.15299873732154,41.666666666666664,12.39196412465836,191703662.2496527,95824833.33333333,10.0,1.0,7.853981633974483,20.0,2.5,98.17477042468104,8782.630493135404,9.618725678016885,9.869138774764972,49.673934606704805,12.144124842165192,2302.786376953125,426.940605116282,5.208333333333333,0.3660418082569846,161.99951226071596
537,0.047083,0.0,1,87.35024533143317,0.0,0.0,0.0,0.0,0.0,162.99299095285005,0.0,75.64274562143851,2645.658809037829,1.0,0.0,0.0,12.137345488336118,0.0,293.1582205327449,0.0,0.0,9.869138774764972,49.673934606704805,0.0,0.0,0.0,0.0,0.0,0.0,0.0,5.208333333333333,0.3660418082569846,0.0,161.99951226071596,9080.0,150.3260653932952,0.0,0.0,9.869138774764972,1855.239583956697,490.7513101029023,478.35934597824394,3150.4940018146904,15.20213301931988,0.0,482.8488338176922,86.22328637937287,97.15299873732154,41.666666666666664,12.39196412465836,191703662.2496527,95824833.33333333,10.0,1.0,7.853981633974483,20.0,2.5,98.17477042468104,8782.630493135404,9.618725678016885,9.869138774764972,49.673934606704805,12.144124842165192,2302.786376953125,426.940605116282,5.208333333333333,0.3660418082569846,161.99951226071596
538,0.056977,0.0,1,105.70598577510073,0.0,0.0,0.0,0.0,0.0,162.99299095285005,0.0,57.28700517774933,2585.3566983244086,1.0,0.0,0.0,12.137345488336118,0.0,283.2394880957952,0.0,0.0,9.869138774764972,49.673934606704805,0.0,0.0,0.0,0.0,0.0,0.0,0.0,5.208333333333333,0.3660418082569846,0.0,161.99951226071596,9080.0,150.3260653932952,0.0,0.0,9.869138774764972,1855.239583956697,490.7513101029023,478.35934597824394,3150.4940018146904,15.20213301931988,0.0,482.8488338176922,86.22328637937287,97.15299873732154,41.666666666666664,12.39196412465836,191703662.2496527,95824833.33333333,10.0,1.0,7.853981633974483,20.0,2.5,98.17477042468104,8782.630493135404,9.618725678016885,9.869138774764972,49.673934606704805,12.144124842165192,2302.786376953125,426.940605116282,5.208333333333333,0.3660418082569846,161.99951226071596
539,0.060792,1.0,1,112.78372478789552,0.0,0.0,0.0,0.0,0.0,590.8954686369337,0.0,478.1117438490382,2082.081178483316,0.0,0.0,9.618725678016885,2.3223192862780717,0.0,285.5030992328584,8782.630493135404,9.618725678016885,9.869138774764972,49.673934606704805,12.144124842165192,2302.786376953125,12.144124842165192,86.22328637937287,86.22328637937287,0.0,0.0,5.208333333333333,0.3660418082569846,426.940605116282,161.99951226071596,297.3695068645957,150.3260653932952,1.0,2.2749860674002154,0.0,1855.239583956697,490.7513101029023,478.35934597824394,3150.4940018146904,15.20213301931988,0.0,482.8488338176922,86.22328637937287,97.15299873732154,41.666666666666664,12.39196412465836,191703662.2496527,95824833.33333333,10.0,1.0,7.853981633974483,20.0,2.5,98.17477042468104,8782.630493135404,9.618725678016885,9.869138774764972,49.673934606704805,12.144124842165192,2302.786376953125,426.940605116282,5.208333333333333,0.3660418082569846,161.99951226071596
540,0.069004,0.0,1,128.0189522513479,0.0,0.0,0.0,0.0,0.0,162.99299095285005,0.0,34.974038701502145,2045.2664009027874,1.0,0.0,0.0,2.3223192862780717,0.0,275.5843667959087,0.0,0.0,9.869138774764972,49.673934606704805,0.0,0.0,0.0,0.0,0.0,0.0,0.0,5.208333333333333,0.3660418082569846,0.0,161.99951226071596,9080.0,150.3260653932952,0.0,0.0,9.869138774764972,1855.239583956697,490.7513101029023,478.35934597824394,3150.4940018146904,15.20213301931988,0.0,482.8488338176922,86.22328637937287,97.15299873732154,41.666666666666664,12.39196412465836,191703662.2496527,95824833.33333333,10.0,1.0,7.853981633974483,20.0,2.5,98.17477042468104,8782.630493135404,9.618725678016885,9.869138774764972,49.673934606704805,12.144124842165192,2302.786376953125,426.940605116282,5.208333333333333,0.3660418082569846,161.99951226071596
541,0.113623,0.0,1,210.7978872479118,0.0,46.00163230856595,0.9016319932478927,7.213055945983141,8.114687939231034,210.79788724791177,0.0,0.0,2045.2664009027874,1.0,0.9016319932478916,0.0,3.205918639661005,0.0,265.6656343589683,0.0,0.0,9.869138774764972,49.673934606704805,0.0,0.0,0.0,0.0,0.0,0.0,0.0,5.208333333333333,0.3660418082569846,0.0,161.99951226071596,9080.0,150.3260653932952,0.0,0.0,9.869138774764972,1855.239583956697,490.7513101029023,478.35934597824394,3150.4940018146904,15.20213301931988,0.0,482.8488338176922,86.22328637937287,97.15299873732154,41.666666666666664,12.39196412465836,191703662.2496527,95824833.33333333,10.0,1.0,7.853981633974483,20.0,2.5,98.17477042468104,8782.630493135404,9.618725678016885,9.869138774764972,49.673934606704805,12.144124842165192,2302.786376953125,426.940605116282,5.208333333333333,0.3660418082569846,161.99951226071596
542,0.183742,0.0,1,340.8854316353714,0.0,171.1821022733941,3.355169204558524,26.84135363646819,30.196522841026717,340.8854316353612,0.0,0.0,2045.2664009027874,1.0,3.355169204558524,0.0,6.493984460128359,0.0,255.7469019220186,0.0,0.0,9.869138774764972,49.673934606704805,0.0,0.0,0.0,0.0,0.0,0.0,0.0,5.208333333333333,0.3660418082569846,0.0,161.99951226071596,9080.0,150.3260653932952,0.0,0.0,9.869138774764972,1855.239583956697,490.7513101029023,478.35934597824394,3150.4940018146904,15.20213301931988,0.0,482.8488338176922,86.22328637937287,97.15299873732154,41.666666666666664,12.39196412465836,191703662.2496527,95824833.33333333,10.0,1.0,7.853981633974483,20.0,2.5,98.17477042468104,8782.630493135404,9.618725678016885,9.869138774764972,49.673934606704805,12.144124842165192,2302.786376953125,426.940605116282,5.208333333333333,0.3660418082569846,161.99951226071596
543,0.238287,1.0,1,442.07947474228945,0.0,207.0860652952263,4.058886879786435,32.47109503829148,36.529981918077915,797.5756452441807,0.0,355.4961705018766,1671.0599056376543,0.0,0.0,5.5598387982304285,0.8206795639748601,0.0,258.01051305907373,8782.630493135404,9.61872567801688,9.869138774764972,49.673934606704805,12.144124842165185,2302.786376953125,12.144124842165185,86.22328637937281,86.22328637937281,0.0,0.0,5.208333333333333,0.3660418082569846,426.9406051162813,161.99951226071596,297.3695068645957,150.3260653932952,1.0,2.2749860674002065,0.0,1855.239583956697,490.7513101029023,478.35934597824394,3150.4940018146904,15.20213301931988,0.0,482.8488338176922,86.22328637937287,97.15299873732154,41.666666666666664,12.39196412465836,191703662.2496527,95824833.33333333,10.0,1.0,7.853981633974483,20.0,2.5,98.17477042468104,8782.630493135404,9.618725678016885,9.869138774764972,49.673934606704805,12.144124842165192,2302.786376953125,426.940605116282,5.208333333333333,0.3660418082569846,161.99951226071596
544,0.25694,1.0,1,476.68525870183373,0.0,490.75131010290255,9.61872567801689,76.94980542413512,86.56853110215201,1080.6849061720347,0.0,603.9996474701893,1035.2708030374552,0.0,0.0,0.0,0.8206795639748599,0.0,260.27412419613694,8782.630493135404,9.618725678016885,9.869138774764972,49.673934606704805,12.144124842165192,2302.786376953125,12.144124842165192,86.22328637937287,86.22328637937287,0.0,0.0,5.208333333333333,0.3660418082569846,426.940605116282,161.99951226071596,297.3695068645957,150.3260653932952,1.0,2.2749860674002154,0.0,1855.239583956697,490.7513101029023,478.35934597824394,3150.4940018146904,15.20213301931988,0.0,482.8488338176922,86.22328637937287,97.15299873732154,41.666666666666664,12.39196412465836,191703662.2496527,95824833.33333333,10.0,1.0,7.853981633974483,20.0,2.5,98.17477042468104,8782.630493135404,9.618725678016885,9.869138774764972,49.673934606704805,12.144124842165192,2302.786376953125,426.940605116282,5.208333333333333,0.3660418082569846,161.99951226071596
545,0.259056,1.0,1,480.61094566148614,0.0,490.7513101029023,9.618725678016885,76.94980542413508,86.56853110215197,1080.6849061720343,0.0,600.0739605105373,403.61400250004743,1.0,0.0,0.0,0.8206795639748599,0.0,262.53773533320015,8782.630493135404,9.618725678016885,9.869138774764972,49.673934606704805,12.144124842165192,2302.786376953125,12.144124842165192,86.22328637937287,86.22328637937287,0.0,0.0,5.208333333333333,0.3660418082569846,426.940605116282,161.99951226071596,297.3695068645957,150.3260653932952,1.0,2.2749860674002154,0.0,1855.239583956697,490.7513101029023,478.35934597824394,3150.4940018146904,15.20213301931988,0.0,482.8488338176922,86.22328637937287,97.15299873732154,41.666666666666664,12.39196412465836,191703662.2496527,95824833.33333333,10.0,1.0,7.853981633974483,20.0,2.5,98.17477042468104,8782.630493135404,9.618725678016885,9.869138774764972,49.673934606704805,12.144124842165192,2302.786376953125,426.940605116282,5.208333333333333,0.3660418082569846,161.99951226071596
546,0.24877,0.0,1,461.5279513009075,0.0,287.2738263549645,5.630566996557304,45.04453597245843,50.67510296901574,461.52795130092915,0.0,0.0,403.61400250002464,1.0,5.630566996557304,0.0,6.3386352206010175,0.0,252.61900289625044,0.0,0.0,9.869138774764972,49.673934606704805,0.0,0.0,0.0,0.0,0.0,0.0,0.0,5.208333333333333,0.3660418082569846,0.0,161.99951226071596,9080.0,150.3260653932952,0.0,0.0,9.869138774764972,1855.239583956697,490.7513101029023,478.35934597824394,3150.4940018146904,15.20213301931988,0.0,482.8488338176922,86.22328637937287,97.15299873732154,41.666666666666664,12.39196412465836,191703662.2496527,95824833.33333333,10.0,1.0,7.853981633974483,20.0,2.5,98.17477042468104,8782.630493135404,9.618725678016885,9.869138774764972,49.673934606704805,12.144124842165192,2302.786376953125,426.940605116282,5.208333333333333,0.3660418082569846,161.99951226071596
547,0.1993019999999999,0.0,1,369.75295956173744,0.0,198.96070902901937,3.8996298969687797,31.197039175750238,35.09666907271902,369.75295977580697,0.0,2.1406953294444976e-07,403.6140022746883,1.0,3.8996298969687797,0.0,10.160272519630421,0.0,242.7002704593007,0.0,0.0,9.869138774764972,49.673934606704805,0.0,0.0,0.0,0.0,0.0,0.0,0.0,5.208333333333333,0.3660418082569846,0.0,161.99951226071596,9080.0,150.3260653932952,0.0,0.0,9.869138774764972,1855.239583956697,490.7513101029023,478.35934597824394,3150.4940018146904,15.20213301931988,0.0,482.8488338176922,86.22328637937287,97.15299873732154,41.666666666666664,12.39196412465836,191703662.2496527,95824833.33333333,10.0,1.0,7.853981633974483,20.0,2.5,98.17477042468104,8782.630493135404,9.618725678016885,9.869138774764972,49.673934606704805,12.144124842165192,2302.786376953125,426.940605116282,5.208333333333333,0.3660418082569846,161.99951226071596
548,0.127597,0.0,1,236.72300519412266,0.0,70.94882047851483,1.3905968813788907,11.124775051031126,12.515371932410016,236.7230051941227,0.0,0.0,403.61400227468835,1.0,1.3905968813788907,0.0,11.523057463381734,0.0,232.78153802235101,0.0,0.0,9.869138774764972,49.673934606704805,0.0,0.0,0.0,0.0,0.0,0.0,0.0,5.208333333333333,0.3660418082569846,0.0,161.99951226071596,9080.0,150.3260653932952,0.0,0.0,9.869138774764972,1855.239583956697,490.7513101029023,478.35934597824394,3150.4940018146904,15.20213301931988,0.0,482.8488338176922,86.22328637937287,97.15299873732154,41.666666666666664,12.39196412465836,191703662.2496527,95824833.33333333,10.0,1.0,7.853981633974483,20.0,2.5,98.17477042468104,8782.630493135404,9.618725678016885,9.869138774764972,49.673934606704805,12.144124842165192,2302.786376953125,426.940605116282,5.208333333333333,0.3660418082569846,161.99951226071596
549,0.089842,0.0,1,166.67843470183757,0.0,3.54642393089638,0.06950990904556904,0.5560792723645523,0.6255891814101214,166.67843470183755,0.0,0.0,403.61400227468835,1.0,0.06950990904556904,0.0,11.591177174246392,0.0,222.86280558540128,0.0,0.0,9.869138774764972,49.673934606704805,0.0,0.0,0.0,0.0,0.0,0.0,0.0,5.208333333333333,0.3660418082569846,0.0,161.99951226071596,9080.0,150.3260653932952,0.0,0.0,9.869138774764979,1855.239583956697,490.7513101029023,478.35934597824394,3150.4940018146904,15.20213301931988,0.0,482.8488338176922,86.22328637937287,97.15299873732154,41.666666666666664,12.39196412465836,191703662.2496527,95824833.33333333,10.0,1.0,7.853981633974483,20.0,2.5,98.17477042468104,8782.630493135404,9.618725678016885,9.869138774764972,49.673934606704805,12.144124842165192,2302.786376953125,426.940605116282,5.208333333333333,0.3660418082569846,161.99951226071596
550,0.111825,1.0,1,207.46216647595764,0.0,0.0,0.0,0.0,0.0,590.8954686369232,0.0,383.43330216095393,0.0,0.0,0.0,9.618725677911701,1.7761509722956768,0.0,225.12641672246448,8782.630493135404,9.618725678016885,9.869138774764972,49.673934606704805,12.144124842165192,2302.786376953125,12.144124842165192,86.22328637937287,86.22328637937287,0.0,0.0,5.208333333333333,0.3660418082569846,426.940605116282,161.99951226071596,297.3695068645957,150.3260653932952,1.0,2.2749860674002154,0.0,1855.239583956697,490.7513101029023,478.35934597824394,3150.4940018146904,15.20213301931988,0.0,482.8488338176922,86.22328637937287,97.15299873732154,41.666666666666664,12.39196412465836,191703662.2496527,95824833.33333333,10.0,1.0,7.853981633974483,20.0,2.5,98.17477042468104,8782.630493135404,9.618725678016885,9.869138774764972,49.673934606704805,12.144124842165192,2302.786376953125,426.940605116282,5.208333333333333,0.3660418082569846,161.99951226071596
551,0.145572,0.0,1,270.0709367157443,0.0,103.03882386729626,2.0195609477990066,16.156487582392053,18.17604853019106,270.0709367157443,0.0,0.0,0.0,1.0,2.0195609477990066,0.0,3.7553207011387038,0.0,215.20768428551477,0.0,0.0,9.869138774764972,49.673934606704805,0.0,0.0,0.0,0.0,0.0,0.0,0.0,5.208333333333333,0.3660418082569846,0.0,161.99951226071596,9080.0,150.3260653932952,0.0,0.0,9.869138774764972,1855.239583956697,490.7513101029023,478.35934597824394,3150.4940018146904,15.20213301931988,0.0,482.8488338176922,86.22328637937287,97.15299873732154,41.666666666666664,12.39196412465836,191703662.2496527,95824833.33333333,10.0,1.0,7.853981633974483,20.0,2.5,98.17477042468104,8782.630493135404,9.618725678016885,9.869138774764972,49.673934606704805,12.144124842165192,2302.786376953125,426.940605116282,5.208333333333333,0.3660418082569846,161.99951226071596
552,0.558695,1.0,1,1036.513079358687,0.0,446.49273648526446,8.751257635111184,70.01006108088947,78.76131871600066,1036.5130793586873,0.0,0.0,0.0,0.0,0.0,0.8674680429057025,2.8701492287859462,0.0,217.47129542257798,8782.630493135404,9.618725678016885,9.869138774764972,49.673934606704805,12.144124842165192,2302.786376953125,12.144124842165192,86.22328637937287,86.22328637937287,0.0,0.0,5.208333333333333,0.3660418082569846,426.940605116282,161.99951226071596,297.3695068645957,150.3260653932952,1.0,2.2749860674002154,0.0,1855.239583956697,490.7513101029023,478.35934597824394,3150.4940018146904,15.20213301931988,0.0,482.8488338176922,86.22328637937287,97.15299873732154,41.666666666666664,12.39196412465836,191703662.2496527,95824833.33333333,10.0,1.0,7.853981633974483,20.0,2.5,98.17477042468104,8782.630493135404,9.618725678016885,9.869138774764972,49.673934606704805,12.144124842165192,2302.786376953125,426.940605116282,5.208333333333333,0.3660418082569846,161.99951226071596
553,0.585349,1.0,1,1085.9626352294688,0.0,490.75131010290244,9.618725678016887,76.94980542413509,86.56853110215198,1085.962635229469,5.277729057434328,0.0,5.013842604562612,0.0,0.0,0.0,2.870149228785947,0.0,219.73490655964122,8782.630493135404,9.618725678016885,9.869138774764972,49.673934606704805,12.144124842165192,2302.786376953125,12.144124842165192,86.22328637937287,86.22328637937287,0.0,0.0,5.208333333333333,0.3660418082569846,426.940605116282,161.99951226071596,297.3695068645957,150.3260653932952,1.0,2.2749860674002154,0.0,1855.239583956697,490.7513101029023,478.35934597824394,3150.4940018146904,15.20213301931988,0.0,482.8488338176922,86.22328637937287,97.15299873732154,41.666666666666664,12.39196412465836,191703662.2496527,95824833.33333333,10.0,1.0,7.853981633974483,20.0,2.5,98.17477042468104,8782.630493135404,9.618725678016885,9.869138774764972,49.673934606704805,12.144124842165192,2302.786376953125,426.940605116282,5.208333333333333,0.3660418082569846,161.99951226071596
554,0.5908640000000001,1.0,1,1096.19428153499,0.0,490.75131010290244,9.618725678016887,76.94980542413509,86.56853110215198,1080.6849061720347,0.0,0.0,5.013842604562612,0.0,0.0,0.0,2.870149228785949,0.0,221.99851769670443,8782.630493135404,9.618725678016885,9.869138774764972,49.673934606704805,12.144124842165192,2302.786376953125,12.144124842165192,86.22328637937287,86.22328637937287,0.0,0.0,5.208333333333333,0.3660418082569846,426.940605116282,161.99951226071596,297.3695068645957,150.3260653932952,1.0,2.2749860674002154,0.0,1855.239583956697,490.7513101029023,478.35934597824394,3150.4940018146904,15.20213301931988,0.0,482.8488338176922,86.22328637937287,97.15299873732154,41.666666666666664,12.39196412465836,191703662.2496527,95824833.33333333,10.0,1.0,7.853981633974483,20.0,2.5,98.17477042468104,8782.630493135404,9.618725678016885,9.869138774764972,49.673934606704805,12.144124842165192,2302.786376953125,426.940605116282,5.208333333333333,0.3660418082569846,161.99951226071596
555,0.604102,1.0,1,1120.7539431474086,0.0,490.75131010290244,9.618725678016887,76.94980542413509,86.56853110215198,1080.6849061720347,0.0,0.0,5.013842604562612,0.0,0.0,0.0,2.8701492287859436,0.0,224.26212883376763,8782.630493135404,9.618725678016892,9.869138774764972,49.673934606704805,12.144124842165203,2302.786376953125,12.144124842165203,86.22328637937294,86.22328637937288,0.0,0.0,5.208333333333333,0.3660418082569846,426.9406051162823,161.99951226071596,297.3695068645957,150.3260653932952,1.0,2.2749860674002207,0.0,1855.239583956697,490.7513101029023,478.35934597824394,3150.4940018146904,15.20213301931988,0.0,482.8488338176922,86.22328637937287,97.15299873732154,41.666666666666664,12.39196412465836,191703662.2496527,95824833.33333333,10.0,1.0,7.853981633974483,20.0,2.5,98.17477042468104,8782.630493135404,9.618725678016885,9.869138774764972,49.673934606704805,12.144124842165192,2302.786376953125,426.940605116282,5.208333333333333,0.3660418082569846,161.99951226071596
556,0.643365,1.0,1,1193.5962149323004,0.0,490.75131010290244,9.618725678016887,76.94980542413509,86.56853110215198,1108.0243571984897,27.339451026455016,0.0,30.986321079694875,0.0,0.0,0.0,2.87014922472094,0.0,226.52573997083084,8782.630493135404,9.618725678016885,9.869138774764972,49.673934606704805,12.144124842165192,2302.786376953125,12.144124842165192,86.22328637937287,86.22328637937287,0.0,0.0,5.208333333333333,0.3660418082569846,426.940605116282,161.99951226071596,297.3695068645957,150.3260653932952,1.0,2.2749860674002154,0.0,1855.239583956697,490.7513101029023,478.35934597824394,3150.4940018146904,15.20213301931988,0.0,482.8488338176922,86.22328637937287,97.15299873732154,41.666666666666664,12.39196412465836,191703662.2496527,95824833.33333333,10.0,1.0,7.853981633974483,20.0,2.5,98.17477042468104,8782.630493135404,9.618725678016885,9.869138774764972,49.673934606704805,12.144124842165192,2302.786376953125,426.940605116282,5.208333333333333,0.3660418082569846,161.99951226071596
557,0.69888,1.0,1,1296.5898404356562,0.0,490.7513101029023,9.618725678016885,76.94980542413508,86.56853110215197,1296.5898404356562,215.9049342636219,0.0,236.09600863013566,0.0,0.0,0.0,2.87014922472094,0.0,228.78935110789405,8782.630493135404,9.618725678016885,9.869138774764972,49.673934606704805,12.144124842165192,2302.786376953125,12.144124842165192,86.22328637937287,86.22328637937287,0.0,0.0,5.208333333333333,0.3660418082569846,426.940605116282,161.99951226071596,297.3695068645957,150.3260653932952,1.0,2.2749860674002154,0.0,1855.239583956697,490.7513101029023,478.35934597824394,3150.4940018146904,15.20213301931988,0.0,482.8488338176922,86.22328637937287,97.15299873732154,41.666666666666664,12.39196412465836,191703662.2496527,95824833.33333333,10.0,1.0,7.853981633974483,20.0,2.5,98.17477042468104,8782.630493135404,9.618725678016885,9.869138774764972,49.673934606704805,12.144124842165192,2302.786376953125,426.940605116282,5.208333333333333,0.3660418082569846,161.99951226071596
558,0.754415,1.0,1,1399.6205707306915,0.0,490.75131010290244,9.618725678016887,76.94980542413509,86.56853110215198,1080.6849061720338,0.0,0.0,236.09600863013566,0.0,0.0,0.0,2.87014922472094,0.0,231.05296224495729,8782.630493135404,9.618725678016892,9.869138774764972,49.673934606704805,12.144124842165192,2302.786376953125,12.144124842165192,86.22328637937287,86.22328637937287,0.0,0.0,5.208333333333333,0.3660418082569846,426.9406051162813,161.99951226071596,297.3695068645957,150.3260653932952,1.0,2.2749860674002154,0.0,1855.239583956697,490.7513101029023,478.35934597824394,3150.4940018146904,15.20213301931988,0.0,482.8488338176922,86.22328637937287,97.15299873732154,41.666666666666664,12.39196412465836,191703662.2496527,95824833.33333333,10.0,1.0,7.853981633974483,20.0,2.5,98.17477042468104,8782.630493135404,9.618725678016885,9.869138774764972,49.673934606704805,12.144124842165192,2302.786376953125,426.940605116282,5.208333333333333,0.3660418082569846,161.99951226071596
559,0.794708,1.0,1,1474.3737392870587,0.0,490.75131010290255,9.61872567801689,76.94980542413512,86.56853110215201,1474.3737392870587,393.68883311502395,0.0,610.1004000894084,0.0,0.0,0.0,2.87014922472094,0.0,233.3165733820205,8782.630493135404,9.618725678016885,9.869138774764972,49.673934606704805,12.144124842165192,2302.786376953125,12.144124842165192,86.22328637937287,86.22328637937287,0.0,0.0,5.208333333333333,0.3660418082569846,426.940605116282,161.99951226071596,297.3695068645957,150.3260653932952,1.0,2.2749860674002154,0.0,1855.239583956697,490.7513101029023,478.35934597824394,3150.4940018146904,15.20213301931988,0.0,482.8488338176922,86.22328637937287,97.15299873732154,41.666666666666664,12.39196412465836,191703662.2496527,95824833.33333333,10.0,1.0,7.853981633974483,20.0,2.5,98.17477042468104,8782.630493135404,9.618725678016885,9.869138774764972,49.673934606704805,12.144124842165192,2302.786376953125,426.940605116282,5.208333333333333,0.3660418082569846,161.99951226071596
560,0.81003,1.0,1,1502.7997201924434,0.0,490.75131010290244,9.618725678016887,76.94980542413509,86.56853110215198,1502.7997201924436,422.11481402040874,0.0,1011.1094734087967,0.0,0.0,0.0,2.870149224720942,0.0,235.5801845190837,8782.630493135404,9.618725678016885,9.869138774764972,49.673934606704805,12.144124842165192,2302.786376953125,12.144124842165192,86.22328637937287,86.22328637937287,0.0,0.0,5.208333333333333,0.3660418082569846,426.940605116282,161.99951226071596,297.3695068645957,150.3260653932952,1.0,2.2749860674002154,0.0,1855.239583956697,490.7513101029023,478.35934597824394,3150.4940018146904,15.20213301931988,0.0,482.8488338176922,86.22328637937287,97.15299873732154,41.666666666666664,12.39196412465836,191703662.2496527,95824833.33333333,10.0,1.0,7.853981633974483,20.0,2.5,98.17477042468104,8782.630493135404,9.618725678016885,9.869138774764972,49.673934606704805,12.144124842165192,2302.786376953125,426.940605116282,5.208333333333333,0.3660418082569846,161.99951226071596
561,0.8028609999999999,1.0,1,1489.4995076150576,0.0,490.75131010290244,9.618725678016887,76.94980542413509,86.56853110215198,1489.4995076150587,408.814601443024,0.0,1399.4833447796696,0.0,0.0,0.0,2.8701492247214233,0.0,237.8437956561469,8782.630493135404,9.618725678016885,9.869138774764972,49.673934606704805,12.144124842165192,2302.786376953125,12.144124842165192,86.22328637937287,86.22328637937287,0.0,0.0,5.208333333333333,0.3660418082569846,426.940605116282,161.99951226071596,297.3695068645957,150.3260653932952,1.0,2.2749860674002154,0.0,1855.239583956697,490.7513101029023,478.35934597824394,3150.4940018146904,15.20213301931988,0.0,482.8488338176922,86.22328637937287,97.15299873732154,41.666666666666664,12.39196412465836,191703662.2496527,95824833.33333333,10.0,1.0,7.853981633974483,20.0,2.5,98.17477042468104,8782.630493135404,9.618725678016885,9.869138774764972,49.673934606704805,12.144124842165192,2302.786376953125,426.940605116282,5.208333333333333,0.3660418082569846,161.99951226071596
562,0.790888,1.0,1,1467.2867240763444,0.0,490.7513101029024,9.618725678016887,76.94980542413509,86.56853110215198,1080.6849061720345,0.0,0.0,1399.4833447796696,0.0,0.0,0.0,2.8701492247214233,0.0,240.10740679321015,8782.630493135404,9.618725678016885,9.869138774764972,49.673934606704805,12.144124842165192,2302.786376953125,12.144124842165192,86.22328637937287,86.22328637937287,0.0,0.0,5.208333333333333,0.3660418082569846,426.940605116282,161.99951226071596,297.3695068645957,150.3260653932952,1.0,2.2749860674002154,0.0,1855.239583956697,490.7513101029023,478.35934597824394,3150.4940018146904,15.20213301931988,0.0,482.8488338176922,86.22328637937287,97.15299873732154,41.666666666666664,12.39196412465836,191703662.2496527,95824833.33333333,10.0,1.0,7.853981633974483,20.0,2.5,98.17477042468104,8782.630493135404,9.618725678016885,9.869138774764972,49.673934606704805,12.144124842165192,2302.786376953125,426.940605116282,5.208333333333333,0.3660418082569846,161.99951226071596
563,0.790203,1.0,1,1466.0158849613338,0.0,490.75131010290244,9.618725678016887,76.94980542413509,86.56853110215198,1080.6849061720347,0.0,0.0,1399.4833447796696,0.0,0.0,0.0,2.870149224721432,0.0,242.37101793027335,8782.630493135404,9.618725678016885,9.869138774764972,49.673934606704805,12.144124842165192,2302.786376953125,12.144124842165192,86.22328637937287,86.22328637937287,0.0,0.0,5.208333333333333,0.3660418082569846,426.940605116282,161.99951226071596,297.3695068645957,150.3260653932952,1.0,2.2749860674002154,0.0,1855.239583956697,490.7513101029023,478.35934597824394,3150.4940018146904,15.20213301931988,0.0,482.8488338176922,86.22328637937287,97.15299873732154,41.666666666666664,12.39196412465836,191703662.2496527,95824833.33333333,10.0,1.0,7.853981633974483,20.0,2.5,98.17477042468104,8782.630493135404,9.618725678016885,9.869138774764972,49.673934606704805,12.144124842165192,2302.786376953125,426.940605116282,5.208333333333333,0.3660418082569846,161.99951226071596
564,0.8005800000000001,1.0,1,1485.2677061240527,0.0,490.7513101029023,9.618725678016885,76.94980542413508,86.56853110215197,1080.6849061720343,0.0,0.0,1399.4833447796696,0.0,0.0,0.0,2.870149224721432,0.0,244.63462906733656,8782.630493135404,9.618725678016885,9.869138774764972,49.673934606704805,12.144124842165192,2302.786376953125,12.144124842165192,86.22328637937287,86.22328637937287,0.0,0.0,5.208333333333333,0.3660418082569846,426.940605116282,161.99951226071596,297.3695068645957,150.3260653932952,1.0,2.2749860674002154,0.0,1855.239583956697,490.7513101029023,478.35934597824394,3150.4940018146904,15.20213301931988,0.0,482.8488338176922,86.22328637937287,97.15299873732154,41.666666666666664,12.39196412465836,191703662.2496527,95824833.33333333,10.0,1.0,7.853981633974483,20.0,2.5,98.17477042468104,8782.630493135404,9.618725678016885,9.869138774764972,49.673934606704805,12.144124842165192,2302.786376953125,426.940605116282,5.208333333333333,0.3660418082569846,161.99951226071596
565,0.813492,1.0,1,1509.2225596321014,0.0,490.75131010290244,9.618725678016887,76.94980542413509,86.56853110215198,1080.6849061720347,0.0,0.0,1399.4833447796696,0.0,0.0,0.0,2.870149224721434,0.0,246.89824020439977,8782.630493135404,9.618725678016885,9.869138774764972,49.673934606704805,12.144124842165192,2302.786376953125,12.144124842165192,86.22328637937287,86.22328637937287,0.0,0.0,5.208333333333333,0.3660418082569846,426.940605116282,161.99951226071596,297.3695068645957,150.3260653932952,1.0,2.2749860674002154,0.0,1855.239583956697,490.7513101029023,478.35934597824394,3150.4940018146904,15.20213301931988,0.0,482.8488338176922,86.22328637937287,97.15299873732154,41.666666666666664,12.39196412465836,191703662.2496527,95824833.33333333,10.0,1.0,7.853981633974483,20.0,2.5,98.17477042468104,8782.630493135404,9.618725678016885,9.869138774764972,49.673934606704805,12.144124842165192,2302.786376953125,426.940605116282,5.208333333333333,0.3660418082569846,161.99951226071596
566,0.8218880000000001,1.0,1,1524.799151179002,0.0,490.75131010290244,9.618725678016887,76.94980542413509,86.56853110215198,1080.6849061720347,0.0,0.0,1399.4833447796696,0.0,0.0,0.0,2.8701492247214357,0.0,249.16185134146298,8782.630493135404,9.618725678016885,9.869138774764972,49.673934606704805,12.144124842165192,2302.786376953125,12.144124842165192,86.22328637937287,86.22328637937287,0.0,0.0,5.208333333333333,0.3660418082569846,426.940605116282,161.99951226071596,297.3695068645957,150.3260653932952,1.0,2.2749860674002154,0.0,1855.239583956697,490.7513101029023,478.35934597824394,3150.4940018146904,15.20213301931988,0.0,482.8488338176922,86.22328637937287,97.15299873732154,41.666666666666664,12.39196412465836,191703662.2496527,95824833.33333333,10.0,1.0,7.853981633974483,20.0,2.5,98.17477042468104,8782.630493135404,9.618725678016885,9.869138774764972,49.673934606704805,12.144124842165192,2302.786376953125,426.940605116282,5.208333333333333,0.3660418082569846,161.99951226071596
567,0.835076,1.0,1,1549.2660508122228,0.0,490.75131010290244,9.618725678016887,76.94980542413509,86.56853110215198,1080.6849061720347,0.0,0.0,1399.4833447796696,0.0,0.0,0.0,2.8701492247214375,0.0,251.42546247852619,8782.630493135404,9.618725678016885,9.869138774764972,49.673934606704805,12.144124842165192,2302.786376953125,12.144124842165192,86.22328637937287,86.22328637937287,0.0,0.0,5.208333333333333,0.3660418082569846,426.940605116282,161.99951226071596,297.3695068645957,150.3260653932952,1.0,2.2749860674002154,0.0,1855.239583956697,490.7513101029023,478.35934597824394,3150.4940018146904,15.20213301931988,0.0,482.8488338176922,86.22328637937287,97.15299873732154,41.666666666666664,12.39196412465836,191703662.2496527,95824833.33333333,10.0,1.0,7.853981633974483,20.0,2.5,98.17477042468104,8782.630493135404,9.618725678016885,9.869138774764972,49.673934606704805,12.144124842165192,2302.786376953125,426.940605116282,5.208333333333333,0.3660418082569846,161.99951226071596
568,0.8409589999999999,1.0,1,1560.1804252846398,0.0,490.7513101029023,9.618725678016885,76.94980542413508,86.56853110215197,1080.6849061720343,0.0,0.0,1399.4833447796696,0.0,0.0,0.0,2.8701492247214375,0.0,253.6890736155894,8782.630493135404,9.618725678016885,9.869138774764972,49.673934606704805,12.144124842165192,2302.786376953125,12.144124842165192,86.22328637937287,86.22328637937287,0.0,0.0,5.208333333333333,0.3660418082569846,426.940605116282,161.99951226071596,297.3695068645957,150.3260653932952,1.0,2.2749860674002154,0.0,1855.239583956697,490.7513101029023,478.35934597824394,3150.4940018146904,15.20213301931988,0.0,482.8488338176922,86.22328637937287,97.15299873732154,41.666666666666664,12.39196412465836,191703662.2496527,95824833.33333333,10.0,1.0,7.853981633974483,20.0,2.5,98.17477042468104,8782.630493135404,9.618725678016885,9.869138774764972,49.673934606704805,12.144124842165192,2302.786376953125,426.940605116282,5.208333333333333,0.3660418082569846,161.99951226071596
569,0.8337089999999999,1.0,1,1546.7299383009538,0.0,490.7513101029023,9.618725678016885,76.94980542413508,86.56853110215197,1546.7299383009542,466.04503212891996,0.0,1842.2261253021436,1.0,0.0,0.0,2.8701492247214375,0.0,255.95268475265266,8782.630493135404,9.618725678016885,9.869138774764972,49.673934606704805,12.144124842165192,2302.786376953125,12.144124842165192,86.22328637937287,86.22328637937287,0.0,0.0,5.208333333333333,0.3660418082569846,426.940605116282,161.99951226071596,297.3695068645957,150.3260653932952,1.0,2.2749860674002154,0.0,1855.239583956697,490.7513101029023,478.35934597824394,3150.4940018146904,15.20213301931988,0.0,482.8488338176922,86.22328637937287,97.15299873732154,41.666666666666664,12.39196412465836,191703662.2496527,95824833.33333333,10.0,1.0,7.853981633974483,20.0,2.5,98.17477042468104,8782.630493135404,9.618725678016885,9.869138774764972,49.673934606704805,12.144124842165192,2302.786376953125,426.940605116282,5.208333333333333,0.3660418082569846,161.99951226071596
570,0.828643,1.0,1,1537.3312945686293,0.0,490.75131010290244,9.618725678016887,76.94980542413509,86.56853110215198,1080.6849061720347,0.0,0.0,1842.2261253021436,0.0,0.0,0.0,2.8701492247214393,0.0,258.21629588971587,8782.630493135404,9.618725678016885,9.869138774764972,49.673934606704805,12.144124842165192,2302.786376953125,12.144124842165192,86.22328637937287,86.22328637937287,0.0,0.0,5.208333333333333,0.3660418082569846,426.940605116282,161.99951226071596,297.3695068645957,150.3260653932952,1.0,2.2749860674002154,0.0,1855.239583956697,490.7513101029023,478.35934597824394,3150.4940018146904,15.20213301931988,0.0,482.8488338176922,86.22328637937287,97.15299873732154,41.666666666666664,12.39196412465836,191703662.2496527,95824833.33333333,10.0,1.0,7.853981633974483,20.0,2.5,98.17477042468104,8782.630493135404,9.618725678016885,9.869138774764972,49.673934606704805,12.144124842165192,2302.786376953125,426.940605116282,5.208333333333333,0.3660418082569846,161.99951226071596
571,0.820492,1.0,1,1522.2092367197984,0.0,490.7513101029023,9.618725678016885,76.94980542413508,86.56853110215197,1522.2092367197995,441.5243305477652,0.0,2261.6742393225204,1.0,0.0,0.0,2.8701492247214393,0.0,260.4799070267791,8782.630493135404,9.618725678016885,9.869138774764972,49.673934606704805,12.144124842165192,2302.786376953125,12.144124842165192,86.22328637937287,86.22328637937287,0.0,0.0,5.208333333333333,0.3660418082569846,426.940605116282,161.99951226071596,297.3695068645957,150.3260653932952,1.0,2.2749860674002154,0.0,1855.239583956697,490.7513101029023,478.35934597824394,3150.4940018146904,15.20213301931988,0.0,482.8488338176922,86.22328637937287,97.15299873732154,41.666666666666664,12.39196412465836,191703662.2496527,95824833.33333333,10.0,1.0,7.853981633974483,20.0,2.5,98.17477042468104,8782.630493135404,9.618725678016885,9.869138774764972,49.673934606704805,12.144124842165192,2302.786376953125,426.940605116282,5.208333333333333,0.3660418082569846,161.99951226071596
572,0.796411,1.0,1,1477.5332122985371,0.0,490.7513101029023,9.618725678016885,76.94980542413508,86.56853110215197,1477.533212298537,396.8483061265027,0.0,2638.680130142698,0.0,0.0,0.0,2.8701492247214393,0.0,262.7435181638423,8782.630493135404,9.618725678016885,9.869138774764972,49.673934606704805,12.144124842165192,2302.786376953125,12.144124842165192,86.22328637937287,86.22328637937287,0.0,0.0,5.208333333333333,0.3660418082569846,426.940605116282,161.99951226071596,297.3695068645957,150.3260653932952,1.0,2.2749860674002154,0.0,1855.239583956697,490.7513101029023,478.35934597824394,3150.4940018146904,15.20213301931988,0.0,482.8488338176922,86.22328637937287,97.15299873732154,41.666666666666664,12.39196412465836,191703662.2496527,95824833.33333333,10.0,1.0,7.853981633974483,20.0,2.5,98.17477042468104,8782.630493135404,9.618725678016885,9.869138774764972,49.673934606704805,12.144124842165192,2302.786376953125,426.940605116282,5.208333333333333,0.3660418082569846,161.99951226071596
573,0.761084,1.0,1,1411.9931635160988,0.0,490.75131010290255,9.61872567801689,76.94980542413512,86.56853110215201,1411.9931635161001,331.3082573440654,0.0,2953.42297461956,0.0,0.0,0.0,2.8701492247214393,0.0,265.0071293009055,8782.630493135404,9.618725678016885,9.869138774764972,49.673934606704805,12.144124842165192,2302.786376953125,12.144124842165192,86.22328637937287,86.22328637937287,0.0,0.0,5.208333333333333,0.3660418082569846,426.940605116282,161.99951226071596,297.3695068645957,150.3260653932952,1.0,2.2749860674002154,0.0,1855.239583956697,490.7513101029023,478.35934597824394,3150.4940018146904,15.20213301931988,0.0,482.8488338176922,86.22328637937287,97.15299873732154,41.666666666666664,12.39196412465836,191703662.2496527,95824833.33333333,10.0,1.0,7.853981633974483,20.0,2.5,98.17477042468104,8782.630493135404,9.618725678016885,9.869138774764972,49.673934606704805,12.144124842165192,2302.786376953125,426.940605116282,5.208333333333333,0.3660418082569846,161.99951226071596
574,0.727606,1.0,1,1349.8834527243964,0.0,490.75131010290244,9.618725678016887,76.94980542413509,86.56853110215198,1166.9081925514076,0.0,0.0,2953.422974619557,0.0,0.0,0.0,2.870149224721441,0.0,267.2707404379687,8782.630493135404,9.618725678016885,9.869138774764972,49.673934606704805,12.144124842165192,2302.786376953125,12.144124842165192,86.22328637937287,0.0,86.22328637937287,86.22328637937287,5.208333333333333,0.3660418082569846,426.940605116282,161.99951226071596,297.3695068645957,150.3260653932952,1.0,2.2749860674002154,0.0,1855.239583956697,490.7513101029023,478.35934597824394,3150.4940018146904,15.20213301931988,0.0,482.8488338176922,86.22328637937287,97.15299873732154,41.666666666666664,12.39196412465836,191703662.2496527,95824833.33333333,10.0,1.0,7.853981633974483,20.0,2.5,98.17477042468104,8782.630493135404,9.618725678016885,9.869138774764972,49.673934606704805,12.144124842165192,2302.786376953125,426.940605116282,5.208333333333333,0.3660418082569846,161.99951226071596
575,0.6943189999999999,1.0,1,1288.1280926932297,0.0,490.75131010290244,9.618725678016887,76.94980542413509,86.56853110215198,1288.12809269323,207.44318652119534,0.0,3150.4940018146926,0.0,0.0,0.0,2.870149224721441,0.0,269.5343515750319,8782.630493135404,9.618725678016892,9.869138774764972,49.673934606704805,12.144124842165203,2302.786376953125,12.144124842165203,86.22328637937294,86.22328637937288,0.0,0.0,5.208333333333333,0.3660418082569846,426.9406051162823,161.99951226071596,297.3695068645957,150.3260653932952,1.0,2.2749860674002207,0.0,1855.239583956697,490.7513101029023,478.35934597824394,3150.4940018146904,15.20213301931988,0.0,482.8488338176922,86.22328637937287,97.15299873732154,41.666666666666664,12.39196412465836,191703662.2496527,95824833.33333333,10.0,1.0,7.853981633974483,20.0,2.5,98.17477042468104,8782.630493135404,9.618725678016885,9.869138774764972,49.673934606704805,12.144124842165192,2302.786376953125,426.940605116282,5.208333333333333,0.3660418082569846,161.99951226071596
576,0.1980209999999999,0.0,1,367.3763976546889,0.0,196.67379397846517,3.8548063619779174,30.83845089582334,34.69325725780126,367.37639765527103,0.0,0.0,3150.4940018140833,1.0,3.8548063619779174,0.0,6.6478594594598,0.0,259.6156191380822,0.0,0.0,9.869138774764972,49.673934606704805,0.0,0.0,0.0,0.0,0.0,0.0,0.0,5.208333333333333,0.3660418082569846,0.0,161.99951226071596,9080.0,150.3260653932952,0.0,0.0,9.869138774764972,1855.239583956697,490.7513101029023,478.35934597824394,3150.4940018146904,15.20213301931988,0.0,482.8488338176922,86.22328637937287,97.15299873732154,41.666666666666664,12.39196412465836,191703662.2496527,95824833.33333333,10.0,1.0,7.853981633974483,20.0,2.5,98.17477042468104,8782.630493135404,9.618725678016885,9.869138774764972,49.673934606704805,12.144124842165192,2302.786376953125,426.940605116282,5.208333333333333,0.3660418082569846,161.99951226071596
577,0.215353,1.0,1,399.53141012382656,0.0,490.75131010290244,9.618725678016887,76.94980542413509,86.56853110215198,1080.6849061720347,0.0,681.1534960482079,2433.490321763338,0.0,0.0,0.0,6.647859459459802,0.0,261.8792302751454,8782.630493135404,9.618725678016885,9.869138774764972,49.673934606704805,12.144124842165192,2302.786376953125,12.144124842165192,86.22328637937287,86.22328637937287,0.0,0.0,5.208333333333333,0.3660418082569846,426.940605116282,161.99951226071596,297.3695068645957,150.3260653932952,1.0,2.2749860674002154,0.0,1855.239583956697,490.7513101029023,478.35934597824394,3150.4940018146904,15.20213301931988,0.0,482.8488338176922,86.22328637937287,97.15299873732154,41.666666666666664,12.39196412465836,191703662.2496527,95824833.33333333,10.0,1.0,7.853981633974483,20.0,2.5,98.17477042468104,8782.630493135404,9.618725678016885,9.869138774764972,49.673934606704805,12.144124842165192,2302.786376953125,426.940605116282,5.208333333333333,0.3660418082569846,161.99951226071596
578,0.241635,0.0,1,448.2908168693765,0.0,274.5360141613996,5.380905877563432,43.047247020507456,48.42815289807089,448.2908168693765,0.0,0.0,2433.490321763338,1.0,5.380905877563432,0.0,11.921147219471965,0.0,251.9604978381957,0.0,0.0,9.869138774764972,49.673934606704805,0.0,0.0,0.0,0.0,0.0,0.0,0.0,5.208333333333333,0.3660418082569846,0.0,161.99951226071596,9080.0,150.3260653932952,0.0,0.0,9.869138774764972,1855.239583956697,490.7513101029023,478.35934597824394,3150.4940018146904,15.20213301931988,0.0,482.8488338176922,86.22328637937287,97.15299873732154,41.666666666666664,12.39196412465836,191703662.2496527,95824833.33333333,10.0,1.0,7.853981633974483,20.0,2.5,98.17477042468104,8782.630493135404,9.618725678016885,9.869138774764972,49.673934606704805,12.144124842165192,2302.786376953125,426.940605116282,5.208333333333333,0.3660418082569846,161.99951226071596
579,0.264963,1.0,1,491.56984588391833,0.0,490.75131010290244,9.618725678016887,76.94980542413509,86.56853110215198,1080.6849061720347,0.0,589.1150602881162,1813.3692056705843,0.0,0.0,0.0,11.921147219471967,0.0,254.2241089752589,8782.630493135404,9.618725678016885,9.869138774764972,49.673934606704805,12.144124842165192,2302.786376953125,12.144124842165192,86.22328637937287,86.22328637937287,0.0,0.0,5.208333333333333,0.3660418082569846,426.940605116282,161.99951226071596,297.3695068645957,150.3260653932952,1.0,2.2749860674002154,0.0,1855.239583956697,490.7513101029023,478.35934597824394,3150.4940018146904,15.20213301931988,0.0,482.8488338176922,86.22328637937287,97.15299873732154,41.666666666666664,12.39196412465836,191703662.2496527,95824833.33333333,10.0,1.0,7.853981633974483,20.0,2.5,98.17477042468104,8782.630493135404,9.618725678016885,9.869138774764972,49.673934606704805,12.144124842165192,2302.786376953125,426.940605116282,5.208333333333333,0.3660418082569846,161.99951226071596
580,0.296946,1.0,1,550.9059734976054,0.0,490.75131010290244,9.618725678016887,76.94980542413509,86.56853110215198,1080.6849061720347,0.0,529.7789326744294,1255.7071712764482,0.0,0.0,0.0,11.921147219471969,0.0,256.4877201123221,8782.630493135404,9.618725678016885,9.869138774764972,49.673934606704805,12.144124842165192,2302.786376953125,12.144124842165192,86.22328637937287,86.22328637937287,0.0,0.0,5.208333333333333,0.3660418082569846,426.940605116282,161.99951226071596,297.3695068645957,150.3260653932952,1.0,2.2749860674002154,0.0,1855.239583956697,490.7513101029023,478.35934597824394,3150.4940018146904,15.20213301931988,0.0,482.8488338176922,86.22328637937287,97.15299873732154,41.666666666666664,12.39196412465836,191703662.2496527,95824833.33333333,10.0,1.0,7.853981633974483,20.0,2.5,98.17477042468104,8782.630493135404,9.618725678016885,9.869138774764972,49.673934606704805,12.144124842165192,2302.786376953125,426.940605116282,5.208333333333333,0.3660418082569846,161.99951226071596
581,0.3373589999999999,1.0,1,625.8817708040472,0.0,490.7513101029023,9.618725678016885,76.94980542413508,86.56853110215197,1080.6849061720343,0.0,454.8031353679872,776.9670287838301,0.0,0.0,0.0,11.921147219471969,0.0,258.7513312493853,8782.630493135404,9.618725678016885,9.869138774764972,49.673934606704805,12.144124842165192,2302.786376953125,12.144124842165192,86.22328637937287,86.22328637937287,0.0,0.0,5.208333333333333,0.3660418082569846,426.940605116282,161.99951226071596,297.3695068645957,150.3260653932952,1.0,2.2749860674002154,0.0,1855.239583956697,490.7513101029023,478.35934597824394,3150.4940018146904,15.20213301931988,0.0,482.8488338176922,86.22328637937287,97.15299873732154,41.666666666666664,12.39196412465836,191703662.2496527,95824833.33333333,10.0,1.0,7.853981633974483,20.0,2.5,98.17477042468104,8782.630493135404,9.618725678016885,9.869138774764972,49.673934606704805,12.144124842165192,2302.786376953125,426.940605116282,5.208333333333333,0.3660418082569846,161.99951226071596
582,0.386063,1.0,1,716.2393595010743,0.0,406.95491884581867,7.976316409378046,63.81053127502437,71.78684768440242,997.0527558418146,0.0,280.81339634074027,481.3739800041035,0.0,0.0,1.6424092686388398,10.245219394330295,0.0,261.0149423864485,8782.630493135404,9.618725678016885,9.869138774764972,49.673934606704805,12.144124842165192,2302.786376953125,12.144124842165192,86.22328637937287,86.22328637937287,0.0,0.0,5.208333333333333,0.3660418082569846,426.940605116282,161.99951226071596,297.3695068645957,150.3260653932952,1.0,2.2749860674002154,0.0,1855.239583956697,490.7513101029023,478.35934597824394,3150.4940018146904,15.20213301931988,0.0,482.8488338176922,86.22328637937287,97.15299873732154,41.666666666666664,12.39196412465836,191703662.2496527,95824833.33333333,10.0,1.0,7.853981633974483,20.0,2.5,98.17477042468104,8782.630493135404,9.618725678016885,9.869138774764972,49.673934606704805,12.144124842165192,2302.786376953125,426.940605116282,5.208333333333333,0.3660418082569846,161.99951226071596
583,0.446252,1.0,1,827.904374819844,0.0,490.75131010290244,9.618725678016887,76.94980542413509,86.56853110215198,1080.6849061720347,0.0,252.7805313521808,215.2892101597031,0.0,0.0,0.0,10.245219394330777,0.0,263.2785535235118,8782.630493135404,9.618725678016885,9.869138774764972,49.673934606704805,12.144124842165192,2302.786376953125,12.144124842165192,86.22328637937287,86.22328637937287,0.0,0.0,5.208333333333333,0.3660418082569846,426.940605116282,161.99951226071596,297.3695068645957,150.3260653932952,1.0,2.2749860674002154,0.0,1855.239583956697,490.7513101029023,478.35934597824394,3150.4940018146904,15.20213301931988,0.0,482.8488338176922,86.22328637937287,97.15299873732154,41.666666666666664,12.39196412465836,191703662.2496527,95824833.33333333,10.0,1.0,7.853981633974483,20.0,2.5,98.17477042468104,8782.630493135404,9.618725678016885,9.869138774764972,49.673934606704805,12.144124842165192,2302.786376953125,426.940605116282,5.208333333333333,0.3660418082569846,161.99951226071596
584,0.508868,1.0,1,944.0720566088766,0.0,490.75131010290244,9.618725678016887,76.94980542413509,86.56853110215198,1080.6849061720347,0.0,136.6128495631579,71.48621061953689,0.0,0.0,0.0,10.245219394330778,0.0,265.542164660575,8782.630493135404,9.618725678016885,9.869138774764972,49.673934606704805,12.144124842165192,2302.786376953125,12.144124842165192,86.22328637937287,86.22328637937287,0.0,0.0,5.208333333333333,0.3660418082569846,426.940605116282,161.99951226071596,297.3695068645957,150.3260653932952,1.0,2.2749860674002154,0.0,1855.239583956697,490.7513101029023,478.35934597824394,3150.4940018146904,15.20213301931988,0.0,482.8488338176922,86.22328637937287,97.15299873732154,41.666666666666664,12.39196412465836,191703662.2496527,95824833.33333333,10.0,1.0,7.853981633974483,20.0,2.5,98.17477042468104,8782.630493135404,9.618725678016885,9.869138774764972,49.673934606704805,12.144124842165192,2302.786376953125,426.940605116282,5.208333333333333,0.3660418082569846,161.99951226071596
585,0.5477029999999999,1.0,1,1016.1202858518348,0.0,490.75131010290255,9.61872567801689,76.94980542413512,86.56853110215201,1080.6849061720347,0.0,64.5646203201868,3.523452387761306,0.0,0.0,0.0,10.245219394330778,0.0,267.8057757976382,8782.630493135404,9.618725678016885,9.869138774764972,49.673934606704805,12.144124842165192,2302.786376953125,12.144124842165192,86.22328637937287,86.22328637937287,0.0,0.0,5.208333333333333,0.3660418082569846,426.940605116282,161.99951226071596,297.3695068645957,150.3260653932952,1.0,2.2749860674002154,0.0,1855.239583956697,490.7513101029023,478.35934597824394,3150.4940018146904,15.20213301931988,0.0,482.8488338176922,86.22328637937287,97.15299873732154,41.666666666666664,12.39196412465836,191703662.2496527,95824833.33333333,10.0,1.0,7.853981633974483,20.0,2.5,98.17477042468104,8782.630493135404,9.618725678016885,9.869138774764972,49.673934606704805,12.144124842165192,2302.786376953125,426.940605116282,5.208333333333333,0.3660418082569846,161.99951226071596
586,0.557797,1.0,1,1034.8470742122938,0.0,448.1773128769722,8.784275332388654,70.27420265910924,79.0584779914979,1038.1943539806673,0.0,3.347279768373241,0.0,0.0,0.0,0.8344503456282302,9.393739449812177,0.0,270.0693869347014,8782.630493135404,9.618725678016885,9.869138774764972,49.673934606704805,12.144124842165192,2302.786376953125,12.144124842165192,86.22328637937287,86.22328637937287,0.0,0.0,5.208333333333333,0.3660418082569846,426.940605116282,161.99951226071596,297.3695068645957,150.3260653932952,1.0,2.2749860674002154,0.0,1855.239583956697,490.7513101029023,478.35934597824394,3150.4940018146904,15.20213301931988,0.0,482.8488338176922,86.22328637937287,97.15299873732154,41.666666666666664,12.39196412465836,191703662.2496527,95824833.33333333,10.0,1.0,7.853981633974483,20.0,2.5,98.17477042468104,8782.630493135404,9.618725678016885,9.869138774764972,49.673934606704805,12.144124842165192,2302.786376953125,426.940605116282,5.208333333333333,0.3660418082569846,161.99951226071596
587,0.5807,1.0,1,1077.337626403654,0.0,487.397456782013,9.552990152927455,76.42392122341964,85.97691137634709,1077.3376264036542,0.0,0.0,0.0,0.0,0.0,0.06573552508943035,9.32666238339439,0.0,272.3329980717646,8782.630493135404,9.618725678016885,9.869138774764972,49.673934606704805,12.144124842165192,2302.786376953125,12.144124842165192,86.22328637937287,86.22328637937287,0.0,0.0,5.208333333333333,0.3660418082569846,426.940605116282,161.99951226071596,297.3695068645957,150.3260653932952,1.0,2.2749860674002154,0.0,1855.239583956697,490.7513101029023,478.35934597824394,3150.4940018146904,15.20213301931988,0.0,482.8488338176922,86.22328637937287,97.15299873732154,41.666666666666664,12.39196412465836,191703662.2496527,95824833.33333333,10.0,1.0,7.853981633974483,20.0,2.5,98.17477042468104,8782.630493135404,9.618725678016885,9.869138774764972,49.673934606704805,12.144124842165192,2302.786376953125,426.940605116282,5.208333333333333,0.3660418082569846,161.99951226071596
588,0.620884,1.0,1,1151.8885738453698,0.0,490.7513101029023,9.618725678016885,76.94980542413508,86.56853110215197,1151.8885738453698,71.20366767333559,0.0,67.6434842896688,0.0,0.0,0.0,9.32666238339439,0.0,274.59660920875325,8782.630493135404,9.618725678016885,9.869138774764972,49.673934606704805,12.144124842165192,2302.786376953125,12.144124842165192,86.22328637937287,86.22328637937287,0.0,0.0,5.208333333333333,0.3660418082569846,426.94060511628186,161.99951226071596,297.3695068645957,150.3260653932952,1.0,2.2749860674002207,0.0,1855.239583956697,490.7513101029023,478.35934597824394,3150.4940018146904,15.20213301931988,0.0,482.8488338176922,86.22328637937287,97.15299873732154,41.666666666666664,12.39196412465836,191703662.2496527,95824833.33333333,10.0,1.0,7.853981633974483,20.0,2.5,98.17477042468104,8782.630493135404,9.618725678016885,9.869138774764972,49.673934606704805,12.144124842165192,2302.786376953125,426.940605116282,5.208333333333333,0.3660418082569846,161.99951226071596
589,0.6634800000000001,1.0,1,1230.9143591635896,0.0,490.75131010290244,9.618725678016887,76.94980542413509,86.56853110215198,1230.9143591635898,150.22945299155504,0.0,210.36146463164607,0.0,0.0,0.0,9.326662383394392,0.0,276.86022034581646,8782.630493135404,9.618725678016885,9.869138774764972,49.673934606704805,12.144124842165192,2302.786376953125,12.144124842165192,86.22328637937287,86.22328637937287,0.0,0.0,5.208333333333333,0.3660418082569846,426.940605116282,161.99951226071596,297.3695068645957,150.3260653932952,1.0,2.2749860674002154,0.0,1855.239583956697,490.7513101029023,478.35934597824394,3150.4940018146904,15.20213301931988,0.0,482.8488338176922,86.22328637937287,97.15299873732154,41.666666666666664,12.39196412465836,191703662.2496527,95824833.33333333,10.0,1.0,7.853981633974483,20.0,2.5,98.17477042468104,8782.630493135404,9.618725678016885,9.869138774764972,49.673934606704805,12.144124842165192,2302.786376953125,426.940605116282,5.208333333333333,0.3660418082569846,161.99951226071596
590,0.6941369999999999,1.0,1,1287.7904390889496,0.0,490.7513101029023,9.618725678016885,76.94980542413508,86.56853110215197,1287.7904390889496,207.10553291691525,0.0,407.11172090271555,0.0,0.0,0.0,9.326662383394392,0.0,279.12383148287967,8782.630493135404,9.618725678016885,9.869138774764972,49.673934606704805,12.144124842165192,2302.786376953125,12.144124842165192,86.22328637937287,86.22328637937287,0.0,0.0,5.208333333333333,0.3660418082569846,426.940605116282,161.99951226071596,297.3695068645957,150.3260653932952,1.0,2.2749860674002154,0.0,1855.239583956697,490.7513101029023,478.35934597824394,3150.4940018146904,15.20213301931988,0.0,482.8488338176922,86.22328637937287,97.15299873732154,41.666666666666664,12.39196412465836,191703662.2496527,95824833.33333333,10.0,1.0,7.853981633974483,20.0,2.5,98.17477042468104,8782.630493135404,9.618725678016885,9.869138774764972,49.673934606704805,12.144124842165192,2302.786376953125,426.940605116282,5.208333333333333,0.3660418082569846,161.99951226071596
591,0.714386,1.0,1,1325.357185424489,0.0,490.7513101029017,9.618725678016872,76.94980542413498,86.56853110215185,1325.3571854244883,244.6722792524546,0.0,639.5503861925474,0.0,0.0,0.0,9.32666238339438,0.0,281.38744261996106,8782.630493135404,9.618725678016885,9.869138774764972,49.673934606704805,12.144124842165192,2302.786376953125,12.144124842165192,86.22328637937287,86.22328637937288,0.0,0.0,5.208333333333333,0.3660418082569846,426.940605116282,161.99951226071596,297.3695068645957,150.3260653932952,1.0,2.2749860674002154,0.0,1855.239583956697,490.7513101029023,478.35934597824394,3150.4940018146904,15.20213301931988,0.0,482.8488338176922,86.22328637937287,97.15299873732154,41.666666666666664,12.39196412465836,191703662.2496527,95824833.33333333,10.0,1.0,7.853981633974483,20.0,2.5,98.17477042468104,8782.630493135404,9.618725678016885,9.869138774764972,49.673934606704805,12.144124842165192,2302.786376953125,426.940605116282,5.208333333333333,0.3660418082569846,161.99951226071596
592,0.731038,1.0,1,1356.2506349765358,0.0,490.75131010290244,9.618725678016887,76.94980542413509,86.56853110215198,1356.250634976536,275.5657288045013,0.0,901.3378285568236,0.0,0.0,0.0,9.326662383394382,0.0,283.6510537570243,8782.630493135404,9.618725678016885,9.869138774764972,49.673934606704805,12.144124842165192,2302.786376953125,12.144124842165192,86.22328637937287,86.22328637937287,0.0,0.0,5.208333333333333,0.3660418082569846,426.940605116282,161.99951226071596,297.3695068645957,150.3260653932952,1.0,2.2749860674002154,0.0,1855.239583956697,490.7513101029023,478.35934597824394,3150.4940018146904,15.20213301931988,0.0,482.8488338176922,86.22328637937287,97.15299873732154,41.666666666666664,12.39196412465836,191703662.2496527,95824833.33333333,10.0,1.0,7.853981633974483,20.0,2.5,98.17477042468104,8782.630493135404,9.618725678016885,9.869138774764972,49.673934606704805,12.144124842165192,2302.786376953125,426.940605116282,5.208333333333333,0.3660418082569846,161.99951226071596
593,0.767432,1.0,1,1423.770224395056,0.0,490.75131010290244,9.618725678016887,76.94980542413509,86.56853110215198,1423.7702243950566,343.0853182230218,0.0,1227.2688808686944,0.0,0.0,0.0,9.326662383394382,0.0,285.9146648941007,8782.630493135404,9.618725678016883,9.869138774764972,49.673934606704805,12.1441248421652,2302.786376953125,12.1441248421652,86.22328637937291,86.22328637937288,0.0,0.0,5.208333333333333,0.3660418082569846,426.940605116282,161.99951226071596,297.3695068645957,150.3260653932952,1.0,2.274986067400217,0.0,1855.239583956697,490.7513101029023,478.35934597824394,3150.4940018146904,15.20213301931988,0.0,482.8488338176922,86.22328637937287,97.15299873732154,41.666666666666664,12.39196412465836,191703662.2496527,95824833.33333333,10.0,1.0,7.853981633974483,20.0,2.5,98.17477042468104,8782.630493135404,9.618725678016885,9.869138774764972,49.673934606704805,12.144124842165192,2302.786376953125,426.940605116282,5.208333333333333,0.3660418082569846,161.99951226071596
594,0.8071649999999999,1.0,1,1497.4844587844073,0.0,490.75131010290244,9.618725678016887,76.94980542413509,86.56853110215198,1497.4844587844077,416.79955261237296,0.0,1623.2284558504484,0.0,0.0,0.0,9.326662383394382,0.0,288.17827603116393,8782.630493135404,9.618725678016885,9.869138774764972,49.673934606704805,12.144124842165192,2302.786376953125,12.144124842165192,86.22328637937287,86.22328637937288,0.0,0.0,5.208333333333333,0.3660418082569846,426.940605116282,161.99951226071596,297.3695068645957,150.3260653932952,1.0,2.2749860674002154,0.0,1855.239583956697,490.7513101029023,478.35934597824394,3150.4940018146904,15.20213301931988,0.0,482.8488338176922,86.22328637937287,97.15299873732154,41.666666666666664,12.39196412465836,191703662.2496527,95824833.33333333,10.0,1.0,7.853981633974483,20.0,2.5,98.17477042468104,8782.630493135404,9.618725678016885,9.869138774764972,49.673934606704805,12.144124842165192,2302.786376953125,426.940605116282,5.208333333333333,0.3660418082569846,161.99951226071596
595,0.830515,1.0,1,1540.8043030697963,0.0,490.75131010290244,9.618725678016887,76.94980542413509,86.56853110215198,1166.9081925514076,0.0,0.0,1623.2284558504484,0.0,0.0,0.0,9.326662383394384,0.0,290.44188716824993,8782.630493135404,9.618725678016885,9.869138774764972,49.673934606704805,12.144124842165192,2302.786376953125,12.144124842165192,86.22328637937287,0.0,86.22328637937287,86.22328637937287,5.208333333333333,0.3660418082569846,426.940605116282,161.99951226071596,297.3695068645957,150.3260653932952,1.0,2.2749860674002154,0.0,1855.239583956697,490.7513101029023,478.35934597824394,3150.4940018146904,15.20213301931988,0.0,482.8488338176922,86.22328637937287,97.15299873732154,41.666666666666664,12.39196412465836,191703662.2496527,95824833.33333333,10.0,1.0,7.853981633974483,20.0,2.5,98.17477042468104,8782.630493135404,9.618725678016885,9.869138774764972,49.673934606704805,12.144124842165192,2302.786376953125,426.940605116282,5.208333333333333,0.3660418082569846,161.99951226071596
596,0.844784,1.0,1,1567.2767166932742,0.0,490.75131010290244,9.618725678016887,76.94980542413509,86.56853110215198,1567.2767166932745,486.5918105212396,0.0,2085.490675845626,0.0,0.0,0.0,9.326662383394387,0.0,292.70549830531314,8782.630493135404,9.618725678016885,9.869138774764972,49.673934606704805,12.144124842165192,2302.786376953125,12.144124842165192,86.22328637937287,86.22328637937287,0.0,0.0,5.208333333333333,0.3660418082569846,426.940605116282,161.99951226071596,297.3695068645957,150.3260653932952,1.0,2.2749860674002154,0.0,1855.239583956697,490.7513101029023,478.35934597824394,3150.4940018146904,15.20213301931988,0.0,482.8488338176922,86.22328637937287,97.15299873732154,41.666666666666664,12.39196412465836,191703662.2496527,95824833.33333333,10.0,1.0,7.853981633974483,20.0,2.5,98.17477042468104,8782.630493135404,9.618725678016885,9.869138774764972,49.673934606704805,12.144124842165192,2302.786376953125,426.940605116282,5.208333333333333,0.3660418082569846,161.99951226071596
597,0.862206,1.0,1,1599.598700724968,0.0,490.75131010290244,9.618725678016887,76.94980542413509,86.56853110215198,1599.5987007249682,518.9137945529334,0.0,2578.4587806709123,0.0,0.0,0.0,9.326662383394387,0.0,294.96910944237635,8782.630493135404,9.618725678016885,9.869138774764972,49.673934606704805,12.144124842165192,2302.786376953125,12.144124842165192,86.22328637937287,86.22328637937285,0.0,0.0,5.208333333333333,0.3660418082569846,426.940605116282,161.99951226071596,297.3695068645957,150.3260653932952,1.0,2.2749860674002154,0.0,1855.239583956697,490.7513101029023,478.35934597824394,3150.4940018146904,15.20213301931988,0.0,482.8488338176922,86.22328637937287,97.15299873732154,41.666666666666664,12.39196412465836,191703662.2496527,95824833.33333333,10.0,1.0,7.853981633974483,20.0,2.5,98.17477042468104,8782.630493135404,9.618725678016885,9.869138774764972,49.673934606704805,12.144124842165192,2302.786376953125,426.940605116282,5.208333333333333,0.3660418082569846,161.99951226071596
598,0.8760739999999999,1.0,1,1625.3271632752792,0.0,490.7513101029023,9.618725678016885,76.94980542413508,86.56853110215197,1135.3167867180796,54.63188054604536,0.0,2630.359067189656,0.0,0.0,0.0,9.326662383394387,0.0,297.23272057943956,8782.630493135404,9.618725678016885,9.869138774764972,49.673934606704805,12.144124842165192,2302.786376953125,12.144124842165192,86.22328637937287,86.22328637937287,0.0,0.0,5.208333333333333,0.3660418082569846,426.940605116282,161.99951226071596,297.3695068645957,150.3260653932952,1.0,2.2749860674002154,0.0,1855.239583956697,490.7513101029023,478.35934597824394,3150.4940018146904,15.20213301931988,0.0,482.8488338176922,86.22328637937287,97.15299873732154,41.666666666666664,12.39196412465836,191703662.2496527,95824833.33333333,10.0,1.0,7.853981633974483,20.0,2.5,98.17477042468104,8782.630493135404,9.618725678016885,9.869138774764972,49.673934606704805,12.144124842165192,2302.786376953125,426.940605116282,5.208333333333333,0.3660418082569846,161.99951226071596
599,0.87762,1.0,1,1628.1953636720764,0.0,490.75131010290244,9.618725678016887,76.94980542413509,86.56853110215198,1628.1953636720766,547.5104575000419,0.0,3150.4940018146913,0.0,0.0,0.0,9.326662383394387,0.0,299.49633171650277,8782.630493135404,9.618725678016885,9.869138774764972,49.673934606704805,12.144124842165192,2302.786376953125,12.144124842165192,86.22328637937287,86.22328637937287,0.0,0.0,5.208333333333333,0.3660418082569846,426.940605116282,161.99951226071596,297.3695068645957,150.3260653932952,1.0,2.2749860674002154,0.0,1855.239583956697,490.7513101029023,478.35934597824394,3150.4940018146904,15.20213301931988,0.0,482.8488338176922,86.22328637937287,97.15299873732154,41.666666666666664,12.39196412465836,191703662.2496527,95824833.33333333,10.0,1.0,7.853981633974483,20.0,2.5,98.17477042468104,8782.630493135404,9.618725678016885,9.869138774764972,49.673934606704805,12.144124842165192,2302.786376953125,426.940605116282,5.208333333333333,0.3660418082569846,161.99951226071596
600,0.458152,1.0,1,849.9817258689287,0.0,259.5950635565659,5.088063245708692,40.70450596566953,45.79256921137822,849.9817258689287,0.0,0.0,3150.494001814696,0.0,0.0,4.530662432308185,4.703537452467668,0.0,301.759942853566,8782.630493135404,9.618725678016885,9.869138774764972,49.673934606704805,12.144124842165192,2302.786376953125,12.144124842165192,86.22328637937287,86.22328637937287,0.0,0.0,5.208333333333333,0.3660418082569846,426.940605116282,161.99951226071596,297.3695068645957,150.3260653932952,1.0,2.2749860674002154,0.0,1855.239583956697,490.7513101029023,478.35934597824394,3150.4940018146904,15.20213301931988,0.0,482.8488338176922,86.22328637937287,97.15299873732154,41.666666666666664,12.39196412465836,191703662.2496527,95824833.33333333,10.0,1.0,7.853981633974483,20.0,2.5,98.17477042468104,8782.630493135404,9.618725678016885,9.869138774764972,49.673934606704805,12.144124842165192,2302.786376953125,426.940605116282,5.208333333333333,0.3660418082569846,161.99951226071596
601,0.4451569999999999,1.0,1,825.8728874754113,0.0,490.75131010290244,9.618725678016887,76.94980542413509,86.56853110215198,1080.6849061720338,0.0,254.81201869662252,2882.2708242393037,0.0,0.0,0.0,4.703537452467678,0.0,304.0235539906505,8782.630493135404,9.61872567801688,9.869138774764972,49.673934606704805,12.144124842165185,2302.786376953125,12.144124842165185,86.22328637937281,86.22328637937281,0.0,0.0,5.208333333333333,0.3660418082569846,426.9406051162813,161.99951226071596,297.3695068645957,150.3260653932952,1.0,2.2749860674002065,0.0,1855.239583956697,490.7513101029023,478.35934597824394,3150.4940018146904,15.20213301931988,0.0,482.8488338176922,86.22328637937287,97.15299873732154,41.666666666666664,12.39196412465836,191703662.2496527,95824833.33333333,10.0,1.0,7.853981633974483,20.0,2.5,98.17477042468104,8782.630493135404,9.618725678016885,9.869138774764972,49.673934606704805,12.144124842165192,2302.786376953125,426.940605116282,5.208333333333333,0.3660418082569846,161.99951226071596
602,0.423132,0.0,1,785.0112356387651,0.0,490.75131010290244,9.618725678016887,76.94980542413509,86.56853110215198,785.0112356387658,112.0294832269795,0.0,2988.6988333049344,1.0,9.618725678016904,0.0,14.129888616924244,0.0,294.10482155370886,0.0,0.0,9.869138774764972,49.673934606704805,0.0,0.0,0.0,0.0,0.0,0.0,0.0,5.208333333333333,0.3660418082569846,0.0,161.99951226071596,9080.0,150.3260653932952,0.0,0.0,9.869138774764957,1855.239583956697,490.7513101029023,478.35934597824394,3150.4940018146904,15.20213301931988,0.0,482.8488338176922,86.22328637937287,97.15299873732154,41.666666666666664,12.39196412465836,191703662.2496527,95824833.33333333,10.0,1.0,7.853981633974483,20.0,2.5,98.17477042468104,8782.630493135404,9.618725678016885,9.869138774764972,49.673934606704805,12.144124842165192,2302.786376953125,426.940605116282,5.208333333333333,0.3660418082569846,161.99951226071596
603,0.420783,1.0,1,780.6532778560509,0.0,490.7513101028971,9.618725678016784,76.94980542413427,86.56853110215106,1080.6849061720293,0.0,300.03162831597746,2672.8760666565363,0.0,0.0,0.0,14.12988861692414,0.0,296.36843269077207,8782.630493135404,9.618725678016885,9.869138774764972,49.673934606704805,12.144124842165192,2302.786376953125,12.144124842165192,86.22328637937287,86.22328637937287,0.0,0.0,5.208333333333333,0.3660418082569846,426.940605116282,161.99951226071596,297.3695068645957,150.3260653932952,1.0,2.2749860674002154,0.0,1855.239583956697,490.7513101029023,478.35934597824394,3150.4940018146904,15.20213301931988,0.0,482.8488338176922,86.22328637937287,97.15299873732154,41.666666666666664,12.39196412465836,191703662.2496527,95824833.33333333,10.0,1.0,7.853981633974483,20.0,2.5,98.17477042468104,8782.630493135404,9.618725678016885,9.869138774764972,49.673934606704805,12.144124842165192,2302.786376953125,426.940605116282,5.208333333333333,0.3660418082569846,161.99951226071596
604,0.412532,1.0,1,765.3456960488242,0.0,490.75131010290244,9.618725678016887,76.94980542413509,86.56853110215198,1080.6849061720347,0.0,315.33921012321036,2340.9400560005256,0.0,0.0,0.0,14.129888616924141,0.0,298.6320438278353,8782.630493135404,9.618725678016885,9.869138774764972,49.673934606704805,12.144124842165192,2302.786376953125,12.144124842165192,86.22328637937287,86.22328637937287,0.0,0.0,5.208333333333333,0.3660418082569846,426.940605116282,161.99951226071596,297.3695068645957,150.3260653932952,1.0,2.2749860674002154,0.0,1855.239583956697,490.7513101029023,478.35934597824394,3150.4940018146904,15.20213301931988,0.0,482.8488338176922,86.22328637937287,97.15299873732154,41.666666666666664,12.39196412465836,191703662.2496527,95824833.33333333,10.0,1.0,7.853981633974483,20.0,2.5,98.17477042468104,8782.630493135404,9.618725678016885,9.869138774764972,49.673934606704805,12.144124842165192,2302.786376953125,426.940605116282,5.208333333333333,0.3660418082569846,161.99951226071596
605,0.4381569999999999,1.0,1,812.8862103877143,0.0,438.31065845787634,8.590888905774376,68.72711124619501,77.31800015196939,1028.3470382042328,0.0,215.46082781651828,2114.139184614717,0.0,0.0,1.0278367722425095,13.08107558402362,0.0,300.8956549648942,8782.630493135404,9.618725678016885,9.869138774764972,49.673934606704805,12.144124842165192,2302.786376953125,12.144124842165192,86.22328637937287,86.22328637937287,0.0,0.0,5.208333333333333,0.3660418082569846,426.940605116282,161.99951226071596,297.3695068645957,150.3260653932952,1.0,2.2749860674002154,0.0,1855.239583956697,490.7513101029023,478.35934597824394,3150.4940018146904,15.20213301931988,0.0,482.8488338176922,86.22328637937287,97.15299873732154,41.666666666666664,12.39196412465836,191703662.2496527,95824833.33333333,10.0,1.0,7.853981633974483,20.0,2.5,98.17477042468104,8782.630493135404,9.618725678016885,9.869138774764972,49.673934606704805,12.144124842165192,2302.786376953125,426.940605116282,5.208333333333333,0.3660418082569846,161.99951226071596
606,0.459843,1.0,1,853.1189360053994,0.0,490.75131010290266,9.618725678016892,76.94980542413514,86.56853110215202,1080.6849061720347,0.0,227.56597016663528,1874.596058123522,0.0,0.0,0.0,13.08107558402363,0.0,303.1592661019574,8782.630493135404,9.618725678016885,9.869138774764972,49.673934606704805,12.144124842165192,2302.786376953125,12.144124842165192,86.22328637937287,86.22328637937287,0.0,0.0,5.208333333333333,0.3660418082569846,426.940605116282,161.99951226071596,297.3695068645957,150.3260653932952,1.0,2.2749860674002154,0.0,1855.239583956697,490.7513101029023,478.35934597824394,3150.4940018146904,15.20213301931988,0.0,482.8488338176922,86.22328637937287,97.15299873732154,41.666666666666664,12.39196412465836,191703662.2496527,95824833.33333333,10.0,1.0,7.853981633974483,20.0,2.5,98.17477042468104,8782.630493135404,9.618725678016885,9.869138774764972,49.673934606704805,12.144124842165192,2302.786376953125,426.940605116282,5.208333333333333,0.3660418082569846,161.99951226071596
607,0.471479,1.0,1,874.7065038043196,0.0,284.36839722594874,5.573620585628595,44.58896468502876,50.16258527065736,874.7065038043196,0.0,0.0,1874.596058123522,0.0,0.0,4.04510509238829,8.953417326484558,0.0,305.42287723902064,8782.630493135404,9.618725678016885,9.869138774764972,49.673934606704805,12.144124842165192,2302.786376953125,12.144124842165192,86.22328637937287,86.22328637937287,0.0,0.0,5.208333333333333,0.3660418082569846,426.940605116282,161.99951226071596,297.3695068645957,150.3260653932952,1.0,2.2749860674002154,0.0,1855.239583956697,490.7513101029023,478.35934597824394,3150.4940018146904,15.20213301931988,0.0,482.8488338176922,86.22328637937287,97.15299873732154,41.666666666666664,12.39196412465836,191703662.2496527,95824833.33333333,10.0,1.0,7.853981633974483,20.0,2.5,98.17477042468104,8782.630493135404,9.618725678016885,9.869138774764972,49.673934606704805,12.144124842165192,2302.786376953125,426.940605116282,5.208333333333333,0.3660418082569846,161.99951226071596
608,0.465289,1.0,1,863.2225707796276,0.0,272.86191148921284,5.348093465188572,42.78474772150857,48.13284118669714,863.2225707796277,0.0,0.0,1874.596058123522,0.0,0.0,4.270632212828314,4.595629354210768,0.0,307.6864883760835,8782.630493135404,9.618725678016885,9.869138774764972,49.673934606704805,12.144124842165192,2302.786376953125,12.144124842165192,86.22328637937287,86.22328637937287,0.0,0.0,5.208333333333333,0.3660418082569846,426.940605116282,161.99951226071596,297.3695068645957,150.3260653932952,1.0,2.2749860674002154,0.0,1855.239583956697,490.7513101029023,478.35934597824394,3150.4940018146904,15.20213301931988,0.0,482.8488338176922,86.22328637937287,97.15299873732154,41.666666666666664,12.39196412465836,191703662.2496527,95824833.33333333,10.0,1.0,7.853981633974483,20.0,2.5,98.17477042468104,8782.630493135404,9.618725678016885,9.869138774764972,49.673934606704805,12.144124842165192,2302.786376953125,426.940605116282,5.208333333333333,0.3660418082569846,161.99951226071596
609,0.437722,0.0,1,812.0791811686934,0.0,490.7513101029024,9.618725678016887,76.94980542413509,86.56853110215198,812.0791811686926,139.0974287569063,0.0,2006.7386154425838,1.0,9.618725678016887,0.0,14.021980518667316,0.0,297.7677559391338,0.0,0.0,9.869138774764972,49.673934606704805,0.0,0.0,0.0,0.0,0.0,0.0,0.0,5.208333333333333,0.3660418082569846,0.0,161.99951226071596,9080.0,150.3260653932952,0.0,0.0,9.869138774764972,1855.239583956697,490.7513101029023,478.35934597824394,3150.4940018146904,15.20213301931988,0.0,482.8488338176922,86.22328637937287,97.15299873732154,41.666666666666664,12.39196412465836,191703662.2496527,95824833.33333333,10.0,1.0,7.853981633974483,20.0,2.5,98.17477042468104,8782.630493135404,9.618725678016885,9.869138774764972,49.673934606704805,12.144124842165192,2302.786376953125,426.940605116282,5.208333333333333,0.3660418082569846,161.99951226071596
610,0.412516,1.0,1,765.3160122154808,0.0,174.76307921380612,3.4253563525905997,27.402850820724797,30.8282071733154,765.3160122154808,0.0,0.0,2006.7386154425838,0.0,0.0,6.193369325426286,7.702215900885391,0.0,300.031367076197,8782.630493135404,9.618725678016885,9.869138774764972,49.673934606704805,12.144124842165192,2302.786376953125,12.144124842165192,86.22328637937287,86.22328637937287,0.0,0.0,5.208333333333333,0.3660418082569846,426.940605116282,161.99951226071596,297.3695068645957,150.3260653932952,1.0,2.2749860674002154,0.0,1855.239583956697,490.7513101029023,478.35934597824394,3150.4940018146904,15.20213301931988,0.0,482.8488338176922,86.22328637937287,97.15299873732154,41.666666666666664,12.39196412465836,191703662.2496527,95824833.33333333,10.0,1.0,7.853981633974483,20.0,2.5,98.17477042468104,8782.630493135404,9.618725678016885,9.869138774764972,49.673934606704805,12.144124842165192,2302.786376953125,426.940605116282,5.208333333333333,0.3660418082569846,161.99951226071596
611,0.375331,1.0,1,696.3289282860511,0.0,105.64051505863232,2.0705540951491934,16.564432761193547,18.634986856342742,696.3289282860511,0.0,0.0,2006.7386154425838,0.0,0.0,7.548171582867692,0.0,0.0,302.2949782132489,8782.630493135404,9.618725678016885,9.869138774764972,49.673934606704805,12.144124842165192,2302.786376953125,12.144124842165192,86.22328637937287,86.22328637937287,0.0,0.0,5.208333333333333,0.3660418082569846,426.940605116282,161.99951226071596,297.3695068645957,150.3260653932952,1.0,2.2749860674002154,0.0,1855.239583956697,490.7513101029023,478.35934597824394,3150.4940018146904,15.20213301931988,0.0,482.8488338176922,86.22328637937287,97.15299873732154,41.666666666666664,12.39196412465836,191703662.2496527,95824833.33333333,10.0,1.0,7.853981633974483,20.0,2.5,98.17477042468104,8782.630493135404,9.618725678016885,9.869138774764972,49.673934606704805,12.144124842165192,2302.786376953125,426.940605116282,5.208333333333333,0.3660418082569846,161.99951226071596
612,0.345174,1.0,1,640.3804681526689,0.0,490.7513101029027,9.618725678016894,76.94980542413515,86.56853110215204,1080.6849061720347,0.0,440.3044380193654,1543.2602596327254,0.0,0.0,0.0,0.0,0.0,304.5585893503121,8782.630493135404,9.618725678016885,9.869138774764972,49.673934606704805,12.144124842165192,2302.786376953125,12.144124842165192,86.22328637937287,86.22328637937288,0.0,0.0,5.208333333333333,0.3660418082569846,426.940605116282,161.99951226071596,297.3695068645957,150.3260653932952,1.0,2.2749860674002154,0.0,1855.239583956697,490.7513101029023,478.35934597824394,3150.4940018146904,15.20213301931988,0.0,482.8488338176922,86.22328637937287,97.15299873732154,41.666666666666664,12.39196412465836,191703662.2496527,95824833.33333333,10.0,1.0,7.853981633974483,20.0,2.5,98.17477042468104,8782.630493135404,9.618725678016885,9.869138774764972,49.673934606704805,12.144124842165192,2302.786376953125,426.940605116282,5.208333333333333,0.3660418082569846,161.99951226071596
613,0.339128,0.0,1,629.1636896280668,0.0,448.5861226666586,8.792288004266508,70.33830403413207,79.13059203839858,629.1636896280415,0.0,0.0,1543.2602596327254,1.0,8.792288004266508,0.0,8.616442244181178,0.0,294.6398569133624,0.0,0.0,9.869138774764972,49.673934606704805,0.0,0.0,0.0,0.0,0.0,0.0,0.0,5.208333333333333,0.3660418082569846,0.0,161.99951226071596,9080.0,150.3260653932952,0.0,0.0,9.869138774764979,1855.239583956697,490.7513101029023,478.35934597824394,3150.4940018146904,15.20213301931988,0.0,482.8488338176922,86.22328637937287,97.15299873732154,41.666666666666664,12.39196412465836,191703662.2496527,95824833.33333333,10.0,1.0,7.853981633974483,20.0,2.5,98.17477042468104,8782.630493135404,9.618725678016885,9.869138774764972,49.673934606704805,12.144124842165192,2302.786376953125,426.940605116282,5.208333333333333,0.3660418082569846,161.99951226071596
614,0.3239789999999999,1.0,1,601.0586651707066,0.0,59.92919789384348,1.1746122787193323,9.396898229754658,10.57151050847399,650.7072053029052,0.0,49.64854013219701,1490.998638440939,0.0,0.0,8.444113399297553,0.0,0.0,296.90346805040525,8782.630493135404,9.618725678016885,9.869138774764972,49.673934606704805,12.144124842165192,2302.786376953125,12.144124842165192,86.22328637937287,86.22328637937287,0.0,0.0,5.208333333333333,0.3660418082569846,426.940605116282,161.99951226071596,297.3695068645957,150.3260653932952,1.0,2.2749860674002154,0.0,1855.239583956697,490.7513101029023,478.35934597824394,3150.4940018146904,15.20213301931988,0.0,482.8488338176922,86.22328637937287,97.15299873732154,41.666666666666664,12.39196412465836,191703662.2496527,95824833.33333333,10.0,1.0,7.853981633974483,20.0,2.5,98.17477042468104,8782.630493135404,9.618725678016885,9.869138774764972,49.673934606704805,12.144124842165192,2302.786376953125,426.940605116282,5.208333333333333,0.3660418082569846,161.99951226071596
615,0.311837,0.0,1,578.5323461423045,0.0,399.8646604979354,7.837347345759533,62.698778766076266,70.5361261118358,578.5323461423046,0.0,0.0,1490.998638440939,1.0,7.837347345759533,0.0,7.6806003988443425,0.0,286.98473561345554,0.0,0.0,9.869138774764972,49.673934606704805,0.0,0.0,0.0,0.0,0.0,0.0,0.0,5.208333333333333,0.3660418082569846,0.0,161.99951226071596,9080.0,150.3260653932952,0.0,0.0,9.869138774764972,1855.239583956697,490.7513101029023,478.35934597824394,3150.4940018146904,15.20213301931988,0.0,482.8488338176922,86.22328637937287,97.15299873732154,41.666666666666664,12.39196412465836,191703662.2496527,95824833.33333333,10.0,1.0,7.853981633974483,20.0,2.5,98.17477042468104,8782.630493135404,9.618725678016885,9.869138774764972,49.673934606704805,12.144124842165192,2302.786376953125,426.940605116282,5.208333333333333,0.3660418082569846,161.99951226071596
616,0.311235,1.0,1,577.4154919127626,0.0,300.00949136660176,5.880186030785395,47.04148824628316,52.921674277068554,890.3169414004569,0.0,312.9014494876944,1161.628691611787,0.0,0.0,3.73853964723149,3.8657640241183326,0.0,289.24834675051875,8782.630493135404,9.618725678016885,9.869138774764972,49.673934606704805,12.144124842165192,2302.786376953125,12.144124842165192,86.22328637937287,86.22328637937287,0.0,0.0,5.208333333333333,0.3660418082569846,426.940605116282,161.99951226071596,297.3695068645957,150.3260653932952,1.0,2.2749860674002154,0.0,1855.239583956697,490.7513101029023,478.35934597824394,3150.4940018146904,15.20213301931988,0.0,482.8488338176922,86.22328637937287,97.15299873732154,41.666666666666664,12.39196412465836,191703662.2496527,95824833.33333333,10.0,1.0,7.853981633974483,20.0,2.5,98.17477042468104,8782.630493135404,9.618725678016885,9.869138774764972,49.673934606704805,12.144124842165192,2302.786376953125,426.940605116282,5.208333333333333,0.3660418082569846,161.99951226071596
617,0.312865,1.0,1,580.439532434612,0.0,490.75131010290244,9.618725678016887,76.94980542413509,86.56853110215198,1080.6849061720347,0.0,500.2453737374225,635.0546139934476,0.0,0.0,0.0,3.8657640241183344,0.0,291.51195788758196,8782.630493135404,9.618725678016885,9.869138774764972,49.673934606704805,12.144124842165192,2302.786376953125,12.144124842165192,86.22328637937287,86.22328637937287,0.0,0.0,5.208333333333333,0.3660418082569846,426.940605116282,161.99951226071596,297.3695068645957,150.3260653932952,1.0,2.2749860674002154,0.0,1855.239583956697,490.7513101029023,478.35934597824394,3150.4940018146904,15.20213301931988,0.0,482.8488338176922,86.22328637937287,97.15299873732154,41.666666666666664,12.39196412465836,191703662.2496527,95824833.33333333,10.0,1.0,7.853981633974483,20.0,2.5,98.17477042468104,8782.630493135404,9.618725678016885,9.869138774764972,49.673934606704805,12.144124842165192,2302.786376953125,426.940605116282,5.208333333333333,0.3660418082569846,161.99951226071596
618,0.310377,0.0,1,575.8236963497278,0.0,397.25818456204274,7.786260417416037,62.2900833393283,70.07634375674434,575.8236963497249,0.0,0.0,635.0546139934476,1.0,7.786260417416037,0.0,11.49629923318605,0.0,281.5932254506124,0.0,0.0,9.869138774764972,49.673934606704805,0.0,0.0,0.0,0.0,0.0,0.0,0.0,5.208333333333333,0.3660418082569846,0.0,161.99951226071596,9080.0,150.3260653932952,0.0,0.0,9.86913877476498,1855.239583956697,490.7513101029023,478.35934597824394,3150.4940018146904,15.20213301931988,0.0,482.8488338176922,86.22328637937287,97.15299873732154,41.666666666666664,12.39196412465836,191703662.2496527,95824833.33333333,10.0,1.0,7.853981633974483,20.0,2.5,98.17477042468104,8782.630493135404,9.618725678016885,9.869138774764972,49.673934606704805,12.144124842165192,2302.786376953125,426.940605116282,5.208333333333333,0.3660418082569846,161.99951226071596
619,0.297276,1.0,1,551.518202560311,0.0,0.0,0.0,0.0,0.0,590.8954686369337,0.0,39.37726607662271,593.6048602285815,0.0,0.0,9.618725678016885,1.6812730311280042,0.0,283.8568365876756,8782.630493135404,9.618725678016885,9.869138774764972,49.673934606704805,12.144124842165192,2302.786376953125,12.144124842165192,86.22328637937287,86.22328637937287,0.0,0.0,5.208333333333333,0.3660418082569846,426.940605116282,161.99951226071596,297.3695068645957,150.3260653932952,1.0,2.2749860674002154,0.0,1855.239583956697,490.7513101029023,478.35934597824394,3150.4940018146904,15.20213301931988,0.0,482.8488338176922,86.22328637937287,97.15299873732154,41.666666666666664,12.39196412465836,191703662.2496527,95824833.33333333,10.0,1.0,7.853981633974483,20.0,2.5,98.17477042468104,8782.630493135404,9.618725678016885,9.869138774764972,49.673934606704805,12.144124842165192,2302.786376953125,426.940605116282,5.208333333333333,0.3660418082569846,161.99951226071596
620,0.278541,1.0,1,516.7602889548823,0.0,490.7513101029032,9.618725678016903,76.94980542413522,86.56853110215212,1080.6849061720352,0.0,563.9246172171524,0.0,0.0,0.0,0.0,1.681273031128022,0.0,286.1204477247388,8782.630493135404,9.618725678016885,9.869138774764972,49.673934606704805,12.144124842165192,2302.786376953125,12.144124842165192,86.22328637937287,86.22328637937287,0.0,0.0,5.208333333333333,0.3660418082569846,426.940605116282,161.99951226071596,297.3695068645957,150.3260653932952,1.0,2.2749860674002154,0.0,1855.239583956697,490.7513101029023,478.35934597824394,3150.4940018146904,15.20213301931988,0.0,482.8488338176922,86.22328637937287,97.15299873732154,41.666666666666664,12.39196412465836,191703662.2496527,95824833.33333333,10.0,1.0,7.853981633974483,20.0,2.5,98.17477042468104,8782.630493135404,9.618725678016885,9.869138774764972,49.673934606704805,12.144124842165192,2302.786376953125,426.940605116282,5.208333333333333,0.3660418082569846,161.99951226071596
621,0.250588,0.0,1,464.9007768645408,0.0,290.5194244723724,5.694180719658499,45.553445757267994,51.24762647692649,464.90077686453947,0.0,0.0,0.0,1.0,5.694180719658499,0.0,7.261570136393351,0.0,276.20171528777973,0.0,0.0,9.869138774764972,49.673934606704805,0.0,0.0,0.0,0.0,0.0,0.0,0.0,5.208333333333333,0.3660418082569846,0.0,161.99951226071596,9080.0,150.3260653932952,0.0,0.0,9.869138774764979,1855.239583956697,490.7513101029023,478.35934597824394,3150.4940018146904,15.20213301931988,0.0,482.8488338176922,86.22328637937287,97.15299873732154,41.666666666666664,12.39196412465836,191703662.2496527,95824833.33333333,10.0,1.0,7.853981633974483,20.0,2.5,98.17477042468104,8782.630493135404,9.618725678016885,9.869138774764972,49.673934606704805,12.144124842165192,2302.786376953125,426.940605116282,5.208333333333333,0.3660418082569846,161.99951226071596
622,0.205864,0.0,1,381.92704171166145,0.0,210.6755684746068,4.129241142102293,33.033929136818344,37.16317027892064,381.92704171166145,0.0,0.0,0.0,1.0,4.129241142102293,0.0,11.308226455653598,0.0,266.2829828504842,0.0,0.0,9.869138774764972,49.673934606704805,0.0,0.0,0.0,0.0,0.0,0.0,0.0,5.208333333333333,0.3660418082569846,0.0,161.99951226071596,9080.0,150.3260653932952,0.0,0.0,9.86913877510908,1855.239583956697,490.7513101029023,478.35934597824394,3150.4940018146904,15.20213301931988,0.0,482.8488338176922,86.22328637937287,97.15299873732154,41.666666666666664,12.39196412465836,191703662.2496527,95824833.33333333,10.0,1.0,7.853981633974483,20.0,2.5,98.17477042468104,8782.630493135404,9.618725678016885,9.869138774764972,49.673934606704805,12.144124842165192,2302.786376953125,426.940605116282,5.208333333333333,0.3660418082569846,161.99951226071596
623,0.159025,0.0,1,295.0294748387137,0.0,127.05589288478029,2.4902955005416936,19.92236400433355,22.412659504875243,295.0294748387137,0.0,0.0,0.0,1.0,2.4902955005416936,0.0,13.748716046184457,0.0,256.3642504135345,0.0,0.0,9.869138774764972,49.673934606704805,0.0,0.0,0.0,0.0,0.0,0.0,0.0,5.208333333333333,0.3660418082569846,0.0,161.99951226071596,9080.0,150.3260653932952,0.0,0.0,9.869138774764979,1855.239583956697,490.7513101029023,478.35934597824394,3150.4940018146904,15.20213301931988,0.0,482.8488338176922,86.22328637937287,97.15299873732154,41.666666666666664,12.39196412465836,191703662.2496527,95824833.33333333,10.0,1.0,7.853981633974483,20.0,2.5,98.17477042468104,8782.630493135404,9.618725678016885,9.869138774764972,49.673934606704805,12.144124842165192,2302.786376953125,426.940605116282,5.208333333333333,0.3660418082569846,161.99951226071596
624,0.611789,1.0,1,1135.0151698292839,0.0,490.75131010290244,9.618725678016887,76.94980542413509,86.56853110215198,1135.015169829284,54.33026365724936,0.0,51.61375047438689,0.0,0.0,0.0,13.748716046184464,0.0,258.6278615505977,8782.630493135404,9.618725678016885,9.869138774764972,49.673934606704805,12.144124842165192,2302.786376953125,12.144124842165192,86.22328637937287,86.22328637937287,0.0,0.0,5.208333333333333,0.3660418082569846,426.940605116282,161.99951226071596,297.3695068645957,150.3260653932952,1.0,2.2749860674002154,0.0,1855.239583956697,490.7513101029023,478.35934597824394,3150.4940018146904,15.20213301931988,0.0,482.8488338176922,86.22328637937287,97.15299873732154,41.666666666666664,12.39196412465836,191703662.2496527,95824833.33333333,10.0,1.0,7.853981633974483,20.0,2.5,98.17477042468104,8782.630493135404,9.618725678016885,9.869138774764972,49.673934606704805,12.144124842165192,2302.786376953125,426.940605116282,5.208333333333333,0.3660418082569846,161.99951226071596
625,0.621332,1.0,1,1152.7197211789826,0.0,490.7513101029019,9.618725678016878,76.94980542413502,86.5685311021519,1080.6849061720334,0.0,0.0,51.61375047438689,0.0,0.0,0.0,13.748716046184464,0.0,260.8914726876609,8782.630493135404,9.618725678016878,9.869138774764972,49.673934606704805,12.144124842165185,2302.786376953125,12.144124842165185,86.22328637937281,86.22328637937281,0.0,0.0,5.208333333333333,0.3660418082569846,426.9406051162813,161.99951226071596,297.3695068645957,150.3260653932952,1.0,2.2749860674002065,0.0,1855.239583956697,490.7513101029023,478.35934597824394,3150.4940018146904,15.20213301931988,0.0,482.8488338176922,86.22328637937287,97.15299873732154,41.666666666666664,12.39196412465836,191703662.2496527,95824833.33333333,10.0,1.0,7.853981633974483,20.0,2.5,98.17477042468104,8782.630493135404,9.618725678016885,9.869138774764972,49.673934606704805,12.144124842165192,2302.786376953125,426.940605116282,5.208333333333333,0.3660418082569846,161.99951226071596
626,0.6138709999999999,1.0,1,1138.8777786430815,0.0,490.75131010290244,9.618725678016887,76.94980542413509,86.56853110215198,1138.8777786430817,58.19287247104694,0.0,106.89697932188147,0.0,0.0,0.0,13.748716046184464,0.0,263.1550838247241,8782.630493135404,9.618725678016885,9.869138774764972,49.673934606704805,12.144124842165192,2302.786376953125,12.144124842165192,86.22328637937287,86.22328637937287,0.0,0.0,5.208333333333333,0.3660418082569846,426.940605116282,161.99951226071596,297.3695068645957,150.3260653932952,1.0,2.2749860674002154,0.0,1855.239583956697,490.7513101029023,478.35934597824394,3150.4940018146904,15.20213301931988,0.0,482.8488338176922,86.22328637937287,97.15299873732154,41.666666666666664,12.39196412465836,191703662.2496527,95824833.33333333,10.0,1.0,7.853981633974483,20.0,2.5,98.17477042468104,8782.630493135404,9.618725678016885,9.869138774764972,49.673934606704805,12.144124842165192,2302.786376953125,426.940605116282,5.208333333333333,0.3660418082569846,161.99951226071596
627,0.588434,1.0,1,1091.686049345975,0.0,490.75131010290244,9.618725678016887,76.94980542413509,86.56853110215198,1091.6860493459753,11.001143173940648,0.0,117.34806533712509,0.0,0.0,0.0,13.748716046184468,0.0,265.4186949617873,8782.630493135404,9.618725678016885,9.869138774764972,49.673934606704805,12.144124842165192,2302.786376953125,12.144124842165192,86.22328637937287,86.22328637937287,0.0,0.0,5.208333333333333,0.3660418082569846,426.940605116282,161.99951226071596,297.3695068645957,150.3260653932952,1.0,2.2749860674002154,0.0,1855.239583956697,490.7513101029023,478.35934597824394,3150.4940018146904,15.20213301931988,0.0,482.8488338176922,86.22328637937287,97.15299873732154,41.666666666666664,12.39196412465836,191703662.2496527,95824833.33333333,10.0,1.0,7.853981633974483,20.0,2.5,98.17477042468104,8782.630493135404,9.618725678016885,9.869138774764972,49.673934606704805,12.144124842165192,2302.786376953125,426.940605116282,5.208333333333333,0.3660418082569846,161.99951226071596
628,0.569667,1.0,1,1056.8687680738599,0.0,490.7513101029023,9.618725678016885,76.94980542413508,86.56853110215197,1080.6849061720343,0.0,23.816138098163805,92.27844628642634,1.0,0.0,0.0,13.748716046184468,0.0,267.6823060988505,8782.630493135404,9.618725678016885,9.869138774764972,49.673934606704805,12.144124842165192,2302.786376953125,12.144124842165192,86.22328637937287,86.22328637937287,0.0,0.0,5.208333333333333,0.3660418082569846,426.940605116282,161.99951226071596,297.3695068645957,150.3260653932952,1.0,2.2749860674002154,0.0,1855.239583956697,490.7513101029023,478.35934597824394,3150.4940018146904,15.20213301931988,0.0,482.8488338176922,86.22328637937287,97.15299873732154,41.666666666666664,12.39196412465836,191703662.2496527,95824833.33333333,10.0,1.0,7.853981633974483,20.0,2.5,98.17477042468104,8782.630493135404,9.618725678016885,9.869138774764972,49.673934606704805,12.144124842165192,2302.786376953125,426.940605116282,5.208333333333333,0.3660418082569846,161.99951226071596
629,0.572788,1.0,1,1062.6589708153886,0.0,490.75131010290244,9.618725678016887,76.94980542413509,86.56853110215198,1080.6849061720347,0.0,18.025935356645913,73.30377748995697,0.0,0.0,0.0,13.74871604618447,0.0,269.9459172359137,8782.630493135404,9.618725678016885,9.869138774764972,49.673934606704805,12.144124842165192,2302.786376953125,12.144124842165192,86.22328637937287,86.22328637937287,0.0,0.0,5.208333333333333,0.3660418082569846,426.940605116282,161.99951226071596,297.3695068645957,150.3260653932952,1.0,2.2749860674002154,0.0,1855.239583956697,490.7513101029023,478.35934597824394,3150.4940018146904,15.20213301931988,0.0,482.8488338176922,86.22328637937287,97.15299873732154,41.666666666666664,12.39196412465836,191703662.2496527,95824833.33333333,10.0,1.0,7.853981633974483,20.0,2.5,98.17477042468104,8782.630493135404,9.618725678016885,9.869138774764972,49.673934606704805,12.144124842165192,2302.786376953125,426.940605116282,5.208333333333333,0.3660418082569846,161.99951226071596
630,0.627623,1.0,1,1164.391033401654,0.0,490.75131010290244,9.618725678016887,76.94980542413509,86.56853110215198,1080.6849061720347,0.0,0.0,73.30377748995697,0.0,0.0,0.0,13.748716046184471,0.0,272.20952837297693,8782.630493135404,9.618725678016885,9.869138774764972,49.673934606704805,12.144124842165192,2302.786376953125,12.144124842165192,86.22328637937287,86.22328637937287,0.0,0.0,5.208333333333333,0.3660418082569846,426.940605116282,161.99951226071596,297.3695068645957,150.3260653932952,1.0,2.2749860674002154,0.0,1855.239583956697,490.7513101029023,478.35934597824394,3150.4940018146904,15.20213301931988,0.0,482.8488338176922,86.22328637937287,97.15299873732154,41.666666666666664,12.39196412465836,191703662.2496527,95824833.33333333,10.0,1.0,7.853981633974483,20.0,2.5,98.17477042468104,8782.630493135404,9.618725678016885,9.869138774764972,49.673934606704805,12.144124842165192,2302.786376953125,426.940605116282,5.208333333333333,0.3660418082569846,161.99951226071596
631,0.689155,1.0,1,1278.5476354816774,0.0,490.7513101028868,9.618725678016581,76.94980542413265,86.56853110214922,1080.6849061720188,0.0,0.0,73.30377748995697,0.0,0.0,0.0,13.74871604618416,0.0,274.47313951004014,8782.630493135404,9.618725678016885,9.869138774764972,49.673934606704805,12.144124842165192,2302.786376953125,12.144124842165192,86.22328637937287,86.22328637937287,0.0,0.0,5.208333333333333,0.3660418082569846,426.940605116282,161.99951226071596,297.3695068645957,150.3260653932952,1.0,2.2749860674002154,0.0,1855.239583956697,490.7513101029023,478.35934597824394,3150.4940018146904,15.20213301931988,0.0,482.8488338176922,86.22328637937287,97.15299873732154,41.666666666666664,12.39196412465836,191703662.2496527,95824833.33333333,10.0,1.0,7.853981633974483,20.0,2.5,98.17477042468104,8782.630493135404,9.618725678016885,9.869138774764972,49.673934606704805,12.144124842165192,2302.786376953125,426.940605116282,5.208333333333333,0.3660418082569846,161.99951226071596
632,0.723642,1.0,1,1342.5292830135922,0.0,490.7513101028861,9.618725678016567,76.94980542413253,86.56853110214911,1342.5292830136098,261.8443768415916,0.0,322.055935489469,1.0,0.0,0.0,13.748716046184168,0.0,276.73675064710335,8782.630493135404,9.618725678016885,9.869138774764972,49.673934606704805,12.144124842165192,2302.786376953125,12.144124842165192,86.22328637937287,86.22328637937287,0.0,0.0,5.208333333333333,0.3660418082569846,426.94060511628186,161.99951226071596,297.3695068645957,150.3260653932952,1.0,2.2749860674002207,0.0,1855.239583956697,490.7513101029023,478.35934597824394,3150.4940018146904,15.20213301931988,0.0,482.8488338176922,86.22328637937287,97.15299873732154,41.666666666666664,12.39196412465836,191703662.2496527,95824833.33333333,10.0,1.0,7.853981633974483,20.0,2.5,98.17477042468104,8782.630493135404,9.618725678016885,9.869138774764972,49.673934606704805,12.144124842165192,2302.786376953125,426.940605116282,5.208333333333333,0.3660418082569846,161.99951226071596
633,0.72492,1.0,1,1344.900279201889,0.0,490.7513101028985,9.61872567801681,76.94980542413448,86.5685311021513,1344.900279201893,264.21537302986235,0.0,573.0605398678382,0.0,0.0,0.0,13.748716046184091,0.0,279.00036178416656,8782.630493135404,9.618725678016885,9.869138774764972,49.673934606704805,12.144124842165192,2302.786376953125,12.144124842165192,86.22328637937287,86.22328637937287,0.0,0.0,5.208333333333333,0.3660418082569846,426.940605116282,161.99951226071596,297.3695068645957,150.3260653932952,1.0,2.2749860674002154,0.0,1855.239583956697,490.7513101029023,478.35934597824394,3150.4940018146904,15.20213301931988,0.0,482.8488338176922,86.22328637937287,97.15299873732154,41.666666666666664,12.39196412465836,191703662.2496527,95824833.33333333,10.0,1.0,7.853981633974483,20.0,2.5,98.17477042468104,8782.630493135404,9.618725678016885,9.869138774764972,49.673934606704805,12.144124842165192,2302.786376953125,426.940605116282,5.208333333333333,0.3660418082569846,161.99951226071596
634,0.7188490000000001,1.0,1,1333.6371196876878,0.0,490.7513101029023,9.618725678016885,76.94980542413508,86.56853110215197,1333.6371196876883,252.95221351565397,0.0,813.3651427077094,1.0,0.0,0.0,13.748716046184091,0.0,281.26397292125677,8782.630493135404,9.618725678016885,9.869138774764972,49.673934606704805,12.144124842165192,2302.786376953125,12.144124842165192,86.22328637937287,86.22328637937287,0.0,0.0,5.208333333333333,0.3660418082569846,426.940605116282,161.99951226071596,297.3695068645957,150.3260653932952,1.0,2.2749860674002154,0.0,1855.239583956697,490.7513101029023,478.35934597824394,3150.4940018146904,15.20213301931988,0.0,482.8488338176922,86.22328637937287,97.15299873732154,41.666666666666664,12.39196412465836,191703662.2496527,95824833.33333333,10.0,1.0,7.853981633974483,20.0,2.5,98.17477042468104,8782.630493135404,9.618725678016885,9.869138774764972,49.673934606704805,12.144124842165192,2302.786376953125,426.940605116282,5.208333333333333,0.3660418082569846,161.99951226071596
635,0.717778,1.0,1,1331.6501580932702,0.0,490.7513101028985,9.61872567801681,76.94980542413448,86.5685311021513,1331.6501580932704,250.96525192123977,0.0,1051.7821320328871,0.0,0.0,0.0,13.748716046184851,0.0,283.52758405832,8782.630493135404,9.618725678016885,9.869138774764972,49.673934606704805,12.144124842165192,2302.786376953125,12.144124842165192,86.22328637937287,86.22328637937287,0.0,0.0,5.208333333333333,0.3660418082569846,426.940605116282,161.99951226071596,297.3695068645957,150.3260653932952,1.0,2.2749860674002154,0.0,1855.239583956697,490.7513101029023,478.35934597824394,3150.4940018146904,15.20213301931988,0.0,482.8488338176922,86.22328637937287,97.15299873732154,41.666666666666664,12.39196412465836,191703662.2496527,95824833.33333333,10.0,1.0,7.853981633974483,20.0,2.5,98.17477042468104,8782.630493135404,9.618725678016885,9.869138774764972,49.673934606704805,12.144124842165192,2302.786376953125,426.940605116282,5.208333333333333,0.3660418082569846,161.99951226071596
636,0.695982,1.0,1,1291.21335612135,0.0,490.7513101028985,9.61872567801681,76.94980542413448,86.5685311021513,1196.047263206528,115.36235703449735,0.0,1161.3763712156597,0.0,0.0,0.0,13.748716046184775,0.0,285.7911951953832,8782.630493135404,9.618725678016885,9.869138774764972,49.673934606704805,12.144124842165192,2302.786376953125,12.144124842165192,86.22328637937287,86.22328637937287,0.0,0.0,5.208333333333333,0.3660418082569846,426.940605116282,161.99951226071596,297.3695068645957,150.3260653932952,1.0,2.2749860674002154,0.0,1855.239583956697,490.7513101029023,478.35934597824394,3150.4940018146904,15.20213301931988,0.0,482.8488338176922,86.22328637937287,97.15299873732154,41.666666666666664,12.39196412465836,191703662.2496527,95824833.33333333,10.0,1.0,7.853981633974483,20.0,2.5,98.17477042468104,8782.630493135404,9.618725678016885,9.869138774764972,49.673934606704805,12.144124842165192,2302.786376953125,426.940605116282,5.208333333333333,0.3660418082569846,161.99951226071596
637,0.6342949999999999,1.0,1,1176.7691919058132,0.0,490.75131010290244,9.618725678016887,76.94980542413509,86.56853110215198,1176.7691919058134,96.0842857337787,0.0,1252.6564426627494,0.0,0.0,0.0,13.748716046184777,0.0,288.0548063324464,8782.630493135404,9.618725678016885,9.869138774764972,49.673934606704805,12.144124842165192,2302.786376953125,12.144124842165192,86.22328637937287,86.22328637937287,0.0,0.0,5.208333333333333,0.3660418082569846,426.940605116282,161.99951226071596,297.3695068645957,150.3260653932952,1.0,2.2749860674002154,0.0,1855.239583956697,490.7513101029023,478.35934597824394,3150.4940018146904,15.20213301931988,0.0,482.8488338176922,86.22328637937287,97.15299873732154,41.666666666666664,12.39196412465836,191703662.2496527,95824833.33333333,10.0,1.0,7.853981633974483,20.0,2.5,98.17477042468104,8782.630493135404,9.618725678016885,9.869138774764972,49.673934606704805,12.144124842165192,2302.786376953125,426.940605116282,5.208333333333333,0.3660418082569846,161.99951226071596
638,0.57137,1.0,1,1060.028241085338,0.0,490.75131010290244,9.618725678016887,76.94980542413509,86.56853110215198,1080.6849061720347,0.0,72.52872379343438,1176.3104176170289,0.0,0.0,0.0,13.748716046184777,0.0,290.31841746953205,8782.630493135404,9.618725678016885,9.869138774764972,49.673934606704805,12.144124842165192,2302.786376953125,12.144124842165192,86.22328637937287,86.22328637937287,0.0,0.0,5.208333333333333,0.3660418082569846,426.940605116282,161.99951226071596,297.3695068645957,150.3260653932952,1.0,2.2749860674002154,0.0,1855.239583956697,490.7513101029023,478.35934597824394,3150.4940018146904,15.20213301931988,0.0,482.8488338176922,86.22328637937287,97.15299873732154,41.666666666666664,12.39196412465836,191703662.2496527,95824833.33333333,10.0,1.0,7.853981633974483,20.0,2.5,98.17477042468104,8782.630493135404,9.618725678016885,9.869138774764972,49.673934606704805,12.144124842165192,2302.786376953125,426.940605116282,5.208333333333333,0.3660418082569846,161.99951226071596
639,0.4662559999999999,1.0,1,865.0165874573136,0.0,490.75131010290244,9.618725678016887,76.94980542413509,86.56853110215198,1080.6849061720347,0.0,215.6689487147222,949.2904716015319,0.0,0.0,0.0,13.748716046184777,0.0,292.58202860659526,8782.630493135404,9.618725678016885,9.869138774764972,49.673934606704805,12.144124842165192,2302.786376953125,12.144124842165192,86.22328637937287,86.22328637937287,0.0,0.0,5.208333333333333,0.3660418082569846,426.940605116282,161.99951226071596,297.3695068645957,150.3260653932952,1.0,2.2749860674002154,0.0,1855.239583956697,490.7513101029023,478.35934597824394,3150.4940018146904,15.20213301931988,0.0,482.8488338176922,86.22328637937287,97.15299873732154,41.666666666666664,12.39196412465836,191703662.2496527,95824833.33333333,10.0,1.0,7.853981633974483,20.0,2.5,98.17477042468104,8782.630493135404,9.618725678016885,9.869138774764972,49.673934606704805,12.144124842165192,2302.786376953125,426.940605116282,5.208333333333333,0.3660418082569846,161.99951226071596
640,0.38763,1.0,1,719.1465199291345,0.0,490.75131010290244,9.618725678016887,76.94980542413509,86.56853110215198,1080.6849061720347,0.0,361.53838624290006,568.7237492405844,0.0,0.0,0.0,13.748716046184777,0.0,294.84563974365847,8782.630493135404,9.618725678016885,9.869138774764972,49.673934606704805,12.144124842165192,2302.786376953125,12.144124842165192,86.22328637937287,86.22328637937287,0.0,0.0,5.208333333333333,0.3660418082569846,426.940605116282,161.99951226071596,297.3695068645957,150.3260653932952,1.0,2.2749860674002154,0.0,1855.239583956697,490.7513101029023,478.35934597824394,3150.4940018146904,15.20213301931988,0.0,482.8488338176922,86.22328637937287,97.15299873732154,41.666666666666664,12.39196412465836,191703662.2496527,95824833.33333333,10.0,1.0,7.853981633974483,20.0,2.5,98.17477042468104,8782.630493135404,9.618725678016885,9.869138774764972,49.673934606704805,12.144124842165192,2302.786376953125,426.940605116282,5.208333333333333,0.3660418082569846,161.99951226071596
641,0.399028,1.0,1,740.2925407070729,0.0,490.75131010290244,9.618725678016887,76.94980542413509,86.56853110215198,1080.6849061720347,0.0,340.3923654649616,210.4159961195722,0.0,0.0,0.0,13.748716046184777,0.0,297.10925088071616,8782.630493135404,9.618725678016885,9.869138774764972,49.673934606704805,12.144124842165192,2302.786376953125,12.144124842165192,86.22328637937287,86.22328637937287,0.0,0.0,5.208333333333333,0.3660418082569846,426.940605116282,161.99951226071596,297.3695068645957,150.3260653932952,1.0,2.2749860674002154,0.0,1855.239583956697,490.7513101029023,478.35934597824394,3150.4940018146904,15.20213301931988,0.0,482.8488338176922,86.22328637937287,97.15299873732154,41.666666666666664,12.39196412465836,191703662.2496527,95824833.33333333,10.0,1.0,7.853981633974483,20.0,2.5,98.17477042468104,8782.630493135404,9.618725678016885,9.869138774764972,49.673934606704805,12.144124842165192,2302.786376953125,426.940605116282,5.208333333333333,0.3660418082569846,161.99951226071596
642,0.493539,1.0,1,915.6330890264044,0.0,490.75131010290244,9.618725678016887,76.94980542413509,86.56853110215198,1080.6849061720347,0.0,165.05181714563008,36.67724122943528,0.0,0.0,0.0,13.748716046184777,0.0,299.37286201777937,8782.630493135404,9.618725678016885,9.869138774764972,49.673934606704805,12.144124842165192,2302.786376953125,12.144124842165192,86.22328637937287,86.22328637937285,0.0,0.0,5.208333333333333,0.3660418082569846,426.940605116282,161.99951226071596,297.3695068645957,150.3260653932952,1.0,2.2749860674002154,0.0,1855.239583956697,490.7513101029023,478.35934597824394,3150.4940018146904,15.20213301931988,0.0,482.8488338176922,86.22328637937287,97.15299873732154,41.666666666666664,12.39196412465836,191703662.2496527,95824833.33333333,10.0,1.0,7.853981633974483,20.0,2.5,98.17477042468104,8782.630493135404,9.618725678016885,9.869138774764972,49.673934606704805,12.144124842165192,2302.786376953125,426.940605116282,5.208333333333333,0.3660418082569846,161.99951226071596
643,0.607595,1.0,1,1127.2342950141694,0.0,490.75131010290244,9.618725678016887,76.94980542413509,86.56853110215198,1127.2342950141697,46.54938884213493,0.0,80.89916062946347,0.0,0.0,0.0,13.74871604618478,0.0,301.6364731548426,8782.630493135404,9.618725678016885,9.869138774764972,49.673934606704805,12.144124842165192,2302.786376953125,12.144124842165192,86.22328637937287,86.22328637937287,0.0,0.0,5.208333333333333,0.3660418082569846,426.940605116282,161.99951226071596,297.3695068645957,150.3260653932952,1.0,2.2749860674002154,0.0,1855.239583956697,490.7513101029023,478.35934597824394,3150.4940018146904,15.20213301931988,0.0,482.8488338176922,86.22328637937287,97.15299873732154,41.666666666666664,12.39196412465836,191703662.2496527,95824833.33333333,10.0,1.0,7.853981633974483,20.0,2.5,98.17477042468104,8782.630493135404,9.618725678016885,9.869138774764972,49.673934606704805,12.144124842165192,2302.786376953125,426.940605116282,5.208333333333333,0.3660418082569846,161.99951226071596
644,0.6603289999999999,1.0,1,1225.0684992345416,0.0,490.7513101029024,9.618725678016887,76.94980542413509,86.56853110215198,1080.6849061720345,0.0,0.0,80.89916062946347,0.0,0.0,0.0,13.74871604618478,0.0,303.9000842919058,8782.630493135404,9.618725678016885,9.869138774764972,49.673934606704805,12.144124842165192,2302.786376953125,12.144124842165192,86.22328637937287,86.22328637937287,0.0,0.0,5.208333333333333,0.3660418082569846,426.940605116282,161.99951226071596,297.3695068645957,150.3260653932952,1.0,2.2749860674002154,0.0,1855.239583956697,490.7513101029023,478.35934597824394,3150.4940018146904,15.20213301931988,0.0,482.8488338176922,86.22328637937287,97.15299873732154,41.666666666666664,12.39196412465836,191703662.2496527,95824833.33333333,10.0,1.0,7.853981633974483,20.0,2.5,98.17477042468104,8782.630493135404,9.618725678016885,9.869138774764972,49.673934606704805,12.144124842165192,2302.786376953125,426.940605116282,5.208333333333333,0.3660418082569846,161.99951226071596
645,0.694013,1.0,1,1287.5603893805392,0.0,490.75131010290244,9.618725678016887,76.94980542413509,86.56853110215198,1287.5603893805394,206.87548320850465,0.0,277.4308696775429,0.0,0.0,0.0,13.748716046184784,0.0,306.163695428969,8782.630493135404,9.618725678016885,9.869138774764972,49.673934606704805,12.144124842165192,2302.786376953125,12.144124842165192,86.22328637937287,86.22328637937287,0.0,0.0,5.208333333333333,0.3660418082569846,426.940605116282,161.99951226071596,297.3695068645957,150.3260653932952,1.0,2.2749860674002154,0.0,1855.239583956697,490.7513101029023,478.35934597824394,3150.4940018146904,15.20213301931988,0.0,482.8488338176922,86.22328637937287,97.15299873732154,41.666666666666664,12.39196412465836,191703662.2496527,95824833.33333333,10.0,1.0,7.853981633974483,20.0,2.5,98.17477042468104,8782.630493135404,9.618725678016885,9.869138774764972,49.673934606704805,12.144124842165192,2302.786376953125,426.940605116282,5.208333333333333,0.3660418082569846,161.99951226071596
646,0.686929,1.0,1,1274.41787216779,0.0,490.7513101029023,9.618725678016885,76.94980542413508,86.56853110215197,1080.6849061720343,0.0,0.0,277.4308696775429,0.0,0.0,0.0,13.748716046184784,0.0,308.42730656605727,8782.630493135404,9.618725678016885,9.869138774764972,49.673934606704805,12.144124842165192,2302.786376953125,12.144124842165192,86.22328637937287,86.22328637937287,0.0,0.0,5.208333333333333,0.3660418082569846,426.940605116282,161.99951226071596,297.3695068645957,150.3260653932952,1.0,2.2749860674002154,0.0,1855.239583956697,490.7513101029023,478.35934597824394,3150.4940018146904,15.20213301931988,0.0,482.8488338176922,86.22328637937287,97.15299873732154,41.666666666666664,12.39196412465836,191703662.2496527,95824833.33333333,10.0,1.0,7.853981633974483,20.0,2.5,98.17477042468104,8782.630493135404,9.618725678016885,9.869138774764972,49.673934606704805,12.144124842165192,2302.786376953125,426.940605116282,5.208333333333333,0.3660418082569846,161.99951226071596
647,0.659163,1.0,1,1222.9052898796483,0.0,490.75131010290244,9.618725678016887,76.94980542413509,86.56853110215198,1222.905289879648,142.22038370761345,0.0,412.5402341997757,0.0,0.0,0.0,13.748716046184777,0.0,310.69091770322746,8782.630493135404,9.618725678016892,9.869138774764972,49.673934606704805,12.144124842165203,2302.786376953125,12.144124842165203,86.22328637937294,86.22328637937288,0.0,0.0,5.208333333333333,0.3660418082569846,426.9406051162823,161.99951226071596,297.3695068645957,150.3260653932952,1.0,2.2749860675077387,0.0,1855.239583956697,490.7513101029023,478.35934597824394,3150.4940018146904,15.20213301931988,0.0,482.8488338176922,86.22328637937287,97.15299873732154,41.666666666666664,12.39196412465836,191703662.2496527,95824833.33333333,10.0,1.0,7.853981633974483,20.0,2.5,98.17477042468104,8782.630493135404,9.618725678016885,9.869138774764972,49.673934606704805,12.144124842165192,2302.786376953125,426.940605116282,5.208333333333333,0.3660418082569846,161.99951226071596
648,0.8204,1.0,1,1522.0385546780742,0.0,490.75131010290244,9.618725678016887,76.94980542413509,86.56853110215198,1522.0385546780753,441.3536485060407,0.0,831.8262002805144,0.0,0.0,0.0,13.748716046184777,0.0,312.95452884029066,8782.630493135404,9.618725678016885,9.869138774764972,49.673934606704805,12.144124842165192,2302.786376953125,12.144124842165192,86.22328637937287,86.22328637937287,0.0,0.0,5.208333333333333,0.3660418082569846,426.940605116282,161.99951226071596,297.3695068645957,150.3260653932952,1.0,2.2749860674002154,0.0,1855.239583956697,490.7513101029023,478.35934597824394,3150.4940018146904,15.20213301931988,0.0,482.8488338176922,86.22328637937287,97.15299873732154,41.666666666666664,12.39196412465836,191703662.2496527,95824833.33333333,10.0,1.0,7.853981633974483,20.0,2.5,98.17477042468104,8782.630493135404,9.618725678016885,9.869138774764972,49.673934606704805,12.144124842165192,2302.786376953125,426.940605116282,5.208333333333333,0.3660418082569846,161.99951226071596
649,0.818855,1.0,1,1519.172209520861,0.0,490.75131010290244,9.618725678016887,76.94980542413509,86.56853110215198,1080.6849061720347,0.0,0.0,831.8262002805143,0.0,0.0,0.0,13.748716046184777,0.0,315.2181399773492,8782.630493135404,9.618725678016885,9.869138774764972,49.673934606704805,12.144124842165192,2302.786376953125,12.144124842165192,86.22328637937287,86.22328637937287,0.0,0.0,5.208333333333333,0.3660418082569846,426.940605116282,161.99951226071596,297.3695068645957,150.3260653932952,1.0,2.2749860674002154,0.0,1855.239583956697,490.7513101029023,478.35934597824394,3150.4940018146904,15.20213301931988,0.0,482.8488338176922,86.22328637937287,97.15299873732154,41.666666666666664,12.39196412465836,191703662.2496527,95824833.33333333,10.0,1.0,7.853981633974483,20.0,2.5,98.17477042468104,8782.630493135404,9.618725678016885,9.869138774764972,49.673934606704805,12.144124842165192,2302.786376953125,426.940605116282,5.208333333333333,0.3660418082569846,161.99951226071596
650,0.7974600000000001,1.0,1,1479.4793586221078,0.0,490.75131010290244,9.618725678016887,76.94980542413509,86.56853110215198,1080.6849061720347,0.0,0.0,831.8262002805143,0.0,0.0,0.0,13.748716046184779,0.0,317.4817511144124,8782.630493135404,9.618725678016885,9.869138774764972,49.673934606704805,12.144124842165192,2302.786376953125,12.144124842165192,86.22328637937287,86.22328637937288,0.0,0.0,5.208333333333333,0.3660418082569846,426.940605116282,161.99951226071596,297.3695068645957,150.3260653932952,1.0,2.2749860674002154,0.0,1855.239583956697,490.7513101029023,478.35934597824394,3150.4940018146904,15.20213301931988,0.0,482.8488338176922,86.22328637937287,97.15299873732154,41.666666666666664,12.39196412465836,191703662.2496527,95824833.33333333,10.0,1.0,7.853981633974483,20.0,2.5,98.17477042468104,8782.630493135404,9.618725678016885,9.869138774764972,49.673934606704805,12.144124842165192,2302.786376953125,426.940605116282,5.208333333333333,0.3660418082569846,161.99951226071596
651,0.762506,1.0,1,1414.6313142044853,0.0,490.75131010290244,9.618725678016887,76.94980542413509,86.56853110215198,1166.9081925514076,0.0,790.2348902664886,0.0,0.0,0.0,0.0,13.74871604618478,0.0,319.7453622514756,8782.630493135404,9.618725678016885,9.869138774764972,49.673934606704805,12.144124842165192,2302.786376953125,12.144124842165192,86.22328637937287,0.0,86.22328637937287,86.22328637937287,5.208333333333333,0.3660418082569846,426.940605116282,161.99951226071596,297.3695068645957,150.3260653932952,1.0,2.2749860674002154,0.0,1855.239583956697,490.7513101029023,478.35934597824394,3150.4940018146904,15.20213301931988,0.0,482.8488338176922,86.22328637937287,97.15299873732154,41.666666666666664,12.39196412465836,191703662.2496527,95824833.33333333,10.0,1.0,7.853981633974483,20.0,2.5,98.17477042468104,8782.630493135404,9.618725678016885,9.869138774764972,49.673934606704805,12.144124842165192,2302.786376953125,426.940605116282,5.208333333333333,0.3660418082569846,161.99951226071596
652,0.750122,1.0,1,1391.6560271967655,0.0,490.7513101029023,9.618725678016885,76.94980542413508,86.56853110215197,1166.9081925514072,0.0,0.0,0.0,0.0,0.0,0.0,13.74871604618478,0.0,322.0089733885345,8782.630493135404,9.618725678016885,9.869138774764972,49.673934606704805,12.144124842165192,2302.786376953125,12.144124842165192,86.22328637937287,0.0,86.22328637937287,86.22328637937287,5.208333333333333,0.3660418082569846,426.940605116282,161.99951226071596,297.3695068645957,150.3260653932952,1.0,2.2749860674002154,0.0,1855.239583956697,490.7513101029023,478.35934597824394,3150.4940018146904,15.20213301931988,0.0,482.8488338176922,86.22328637937287,97.15299873732154,41.666666666666664,12.39196412465836,191703662.2496527,95824833.33333333,10.0,1.0,7.853981633974483,20.0,2.5,98.17477042468104,8782.630493135404,9.618725678016885,9.869138774764972,49.673934606704805,12.144124842165192,2302.786376953125,426.940605116282,5.208333333333333,0.3660418082569846,161.99951226071596
653,0.781062,1.0,1,1449.0571399243859,0.0,490.75131010290244,9.618725678016887,76.94980542413509,86.56853110215198,1080.6849061720347,0.0,0.0,0.0,0.0,0.0,0.0,13.748716046184782,0.0,324.2725845255977,8782.630493135404,9.618725678016885,9.869138774764972,49.673934606704805,12.144124842165192,2302.786376953125,12.144124842165192,86.22328637937287,86.22328637937287,0.0,0.0,5.208333333333333,0.3660418082569846,426.940605116282,161.99951226071596,297.3695068645957,150.3260653932952,1.0,2.2749860674002154,0.0,1855.239583956697,490.7513101029023,478.35934597824394,3150.4940018146904,15.20213301931988,0.0,482.8488338176922,86.22328637937287,97.15299873732154,41.666666666666664,12.39196412465836,191703662.2496527,95824833.33333333,10.0,1.0,7.853981633974483,20.0,2.5,98.17477042468104,8782.630493135404,9.618725678016885,9.869138774764972,49.673934606704805,12.144124842165192,2302.786376953125,426.940605116282,5.208333333333333,0.3660418082569846,161.99951226071596
654,0.810437,1.0,1,1503.5548027031136,0.0,490.75131010290244,9.618725678016887,76.94980542413509,86.56853110215198,1503.5545927031137,422.86968653107897,0.0,401.726202204525,0.0,0.0,0.0,13.748716046184784,0.0,326.53619566266093,8782.630493135404,9.618725678016885,9.869138774764972,49.673934606704805,12.144124842165192,2302.786376953125,12.144124842165192,86.22328637937287,86.22328637937287,0.0,0.0,5.208333333333333,0.3660418082569846,426.940605116282,161.99951226071596,297.3695068645957,150.3260653932952,1.0,2.2749860674002154,0.0,1855.239583956697,490.7513101029023,478.35934597824394,3150.4940018146904,15.20213301931988,0.0,482.8488338176922,86.22328637937287,97.15299873732154,41.666666666666664,12.39196412465836,191703662.2496527,95824833.33333333,10.0,1.0,7.853981633974483,20.0,2.5,98.17477042468104,8782.630493135404,9.618725678016885,9.869138774764972,49.673934606704805,12.144124842165192,2302.786376953125,426.940605116282,5.208333333333333,0.3660418082569846,161.99951226071596
655,0.8366509999999999,1.0,1,1552.1880531569543,0.0,490.75131010290244,9.618725678016887,76.94980542413509,86.56853110215198,1166.9081925514076,0.0,381.6398920942988,0.0,0.0,0.0,0.0,13.748716046184784,0.0,328.7998067997239,8782.630493135404,9.618725678016885,9.869138774764972,49.673934606704805,12.144124842165192,2302.786376953125,12.144124842165192,86.22328637937287,0.0,86.22328637937287,86.22328637937287,5.208333333333333,0.3660418082569846,426.940605116282,161.99951226071596,297.3695068645957,150.3260653932952,1.0,2.2749860674002154,0.0,1855.239583956697,490.7513101029023,478.35934597824394,3150.4940018146904,15.20213301931988,0.0,482.8488338176922,86.22328637937287,97.15299873732154,41.666666666666664,12.39196412465836,191703662.2496527,95824833.33333333,10.0,1.0,7.853981633974483,20.0,2.5,98.17477042468104,8782.630493135404,9.618725678016885,9.869138774764972,49.673934606704805,12.144124842165192,2302.786376953125,426.940605116282,5.208333333333333,0.3660418082569846,161.99951226071596
656,0.872026,1.0,1,1617.8171534394226,0.0,490.7513101029023,9.618725678016885,76.94980542413508,86.56853110215197,1080.6849061720343,0.0,0.0,0.0,0.0,0.0,0.0,13.748716046184784,0.0,331.0634179367871,8782.630493135404,9.618725678016885,9.869138774764972,49.673934606704805,12.144124842165192,2302.786376953125,12.144124842165192,86.22328637937287,86.22328637937287,0.0,0.0,5.208333333333333,0.3660418082569846,426.940605116282,161.99951226071596,297.3695068645957,150.3260653932952,1.0,2.2749860674002154,0.0,1855.239583956697,490.7513101029023,478.35934597824394,3150.4940018146904,15.20213301931988,0.0,482.8488338176922,86.22328637937287,97.15299873732154,41.666666666666664,12.39196412465836,191703662.2496527,95824833.33333333,10.0,1.0,7.853981633974483,20.0,2.5,98.17477042468104,8782.630493135404,9.618725678016885,9.869138774764972,49.673934606704805,12.144124842165192,2302.786376953125,426.940605116282,5.208333333333333,0.3660418082569846,161.99951226071596
657,0.905453,1.0,1,1679.832247012343,0.0,490.75131010290255,9.61872567801689,76.94980542413512,86.56853110215201,1080.6849061720347,0.0,0.0,0.0,0.0,0.0,0.0,13.748716046184784,0.0,333.3270290738503,8782.630493135404,9.618725678016885,9.869138774764972,49.673934606704805,12.144124842165192,2302.786376953125,12.144124842165192,86.22328637937287,86.22328637937287,0.0,0.0,5.208333333333333,0.3660418082569846,426.940605116282,161.99951226071596,297.3695068645957,150.3260653932952,1.0,2.2749860674002154,0.0,1855.239583956697,490.7513101029023,478.35934597824394,3150.4940018146904,15.20213301931988,0.0,482.8488338176922,86.22328637937287,97.15299873732154,41.666666666666664,12.39196412465836,191703662.2496527,95824833.33333333,10.0,1.0,7.853981633974483,20.0,2.5,98.17477042468104,8782.630493135404,9.618725678016885,9.869138774764972,49.673934606704805,12.144124842165192,2302.786376953125,426.940605116282,5.208333333333333,0.3660418082569846,161.99951226071596
658,0.930656,1.0,1,1726.589850246804,0.0,490.7513101028985,9.61872567801681,76.94980542413448,86.5685311021513,1080.684906172031,0.0,0.0,0.0,0.0,0.0,0.0,13.748716046184713,0.0,335.59064021090455,8782.630493135404,9.61872567801688,9.869138774764972,49.673934606704805,12.144124842165203,2302.786376953125,12.144124842165203,86.22328637937294,86.22328637937288,0.0,0.0,5.208333333333333,0.3660418082569846,426.9406051162823,161.99951226071596,297.3695068645957,150.3260653932952,1.0,2.274986067400226,0.0,1855.239583956697,490.7513101029023,478.35934597824394,3150.4940018146904,15.20213301931988,0.0,482.8488338176922,86.22328637937287,97.15299873732154,41.666666666666664,12.39196412465836,191703662.2496527,95824833.33333333,10.0,1.0,7.853981633974483,20.0,2.5,98.17477042468104,8782.630493135404,9.618725678016885,9.869138774764972,49.673934606704805,12.144124842165192,2302.786376953125,426.940605116282,5.208333333333333,0.3660418082569846,161.99951226071596
659,0.951421,1.0,1,1765.1139002076645,0.0,490.7513101028985,9.61872567801681,76.94980542413448,86.5685311021513,1080.6849061720307,0.0,0.0,0.0,0.0,0.0,0.0,13.748716046184636,0.0,337.85425134796776,8782.630493135404,9.618725678016885,9.869138774764972,49.673934606704805,12.144124842165192,2302.786376953125,12.144124842165192,86.22328637937287,86.22328637937287,0.0,0.0,5.208333333333333,0.3660418082569846,426.940605116282,161.99951226071596,297.3695068645957,150.3260653932952,1.0,2.2749860674002154,0.0,1855.239583956697,490.7513101029023,478.35934597824394,3150.4940018146904,15.20213301931988,0.0,482.8488338176922,86.22328637937287,97.15299873732154,41.666666666666664,12.39196412465836,191703662.2496527,95824833.33333333,10.0,1.0,7.853981633974483,20.0,2.5,98.17477042468104,8782.630493135404,9.618725678016885,9.869138774764972,49.673934606704805,12.144124842165192,2302.786376953125,426.940605116282,5.208333333333333,0.3660418082569846,161.99951226071596
660,0.957626,1.0,1,1776.625661826116,0.0,490.75131010290227,9.618725678016885,76.94980542413508,86.56853110215197,1262.5849395007165,181.9000333286822,0.0,172.8050316622481,0.0,0.0,0.0,13.748716046184564,0.0,340.11786248502574,8782.630493135404,9.618725678016885,9.869138774764972,49.673934606704805,12.144124842165192,2302.786376953125,12.144124842165192,86.22328637937287,86.22328637937287,0.0,0.0,5.208333333333333,0.3660418082569846,426.940605116282,161.99951226071596,297.3695068645957,150.3260653932952,1.0,2.2749860674002154,0.0,1855.239583956697,490.7513101029023,478.35934597824394,3150.4940018146904,15.20213301931988,0.0,482.8488338176922,86.22328637937287,97.15299873732154,41.666666666666664,12.39196412465836,191703662.2496527,95824833.33333333,10.0,1.0,7.853981633974483,20.0,2.5,98.17477042468104,8782.630493135404,9.618725678016885,9.869138774764972,49.673934606704805,12.144124842165192,2302.786376953125,426.940605116282,5.208333333333333,0.3660418082569846,161.99951226071596
661,0.955107,1.0,1,1771.9523133141292,0.0,490.7513101029023,9.618725678016885,76.94980542413508,86.56853110215197,1080.6849061720343,0.0,0.0,172.8050316622481,0.0,0.0,0.0,13.748716046184564,0.0,342.38147362208895,8782.630493135404,9.618725678016885,9.869138774764972,49.673934606704805,12.144124842165192,2302.786376953125,12.144124842165192,86.22328637937287,86.22328637937287,0.0,0.0,5.208333333333333,0.3660418082569846,426.940605116282,161.99951226071596,297.3695068645957,150.3260653932952,1.0,2.2749860674002154,0.0,1855.239583956697,490.7513101029023,478.35934597824394,3150.4940018146904,15.20213301931988,0.0,482.8488338176922,86.22328637937287,97.15299873732154,41.666666666666664,12.39196412465836,191703662.2496527,95824833.33333333,10.0,1.0,7.853981633974483,20.0,2.5,98.17477042468104,8782.630493135404,9.618725678016885,9.869138774764972,49.673934606704805,12.144124842165192,2302.786376953125,426.940605116282,5.208333333333333,0.3660418082569846,161.99951226071596
662,0.948215,1.0,1,1759.1660021014995,0.0,490.7513101029026,9.61872567801689,76.94980542413512,86.56853110215201,1166.9081925514076,0.0,0.0,172.8050316622481,0.0,0.0,0.0,13.748716046184567,0.0,344.64508475915216,8782.630493135404,9.618725678016885,9.869138774764972,49.673934606704805,12.144124842165192,2302.786376953125,12.144124842165192,86.22328637937287,0.0,86.22328637937287,86.22328637937287,5.208333333333333,0.3660418082569846,426.940605116282,161.99951226071596,297.3695068645957,150.3260653932952,1.0,2.2749860674002154,0.0,1855.239583956697,490.7513101029023,478.35934597824394,3150.4940018146904,15.20213301931988,0.0,482.8488338176922,86.22328637937287,97.15299873732154,41.666666666666664,12.39196412465836,191703662.2496527,95824833.33333333,10.0,1.0,7.853981633974483,20.0,2.5,98.17477042468104,8782.630493135404,9.618725678016885,9.869138774764972,49.673934606704805,12.144124842165192,2302.786376953125,426.940605116282,5.208333333333333,0.3660418082569846,161.99951226071596
663,0.942221,1.0,1,1748.045696035263,0.0,490.7513101029019,9.618725678016878,76.94980542413502,86.5685311021519,1080.6849061720325,0.0,0.0,172.8050316622481,0.0,0.0,0.0,13.748716046184567,0.0,346.90869589639874,8782.630493135404,9.618725678016878,9.869138774764972,49.673934606704805,12.144124842358798,2302.786376953125,12.144124842358798,86.22328638074745,86.22328637937288,0.0,0.0,5.208333333333333,0.3660418082569846,426.9406051162804,161.99951226071596,297.3695068645957,150.3260653932952,1.0,2.2749860675937943,0.0,1855.239583956697,490.7513101029023,478.35934597824394,3150.4940018146904,15.20213301931988,0.0,482.8488338176922,86.22328637937287,97.15299873732154,41.666666666666664,12.39196412465836,191703662.2496527,95824833.33333333,10.0,1.0,7.853981633974483,20.0,2.5,98.17477042468104,8782.630493135404,9.618725678016885,9.869138774764972,49.673934606704805,12.144124842165192,2302.786376953125,426.940605116282,5.208333333333333,0.3660418082569846,161.99951226071596
664,0.930419,1.0,1,1726.150158465406,0.0,490.75131010289863,9.618725678016812,76.9498054241345,86.56853110215131,1726.1501584654118,645.4652522933811,0.0,785.9970213409601,0.0,0.0,0.0,13.748716046184496,0.0,349.17230703346195,8782.630493135404,9.618725678016885,9.869138774764972,49.673934606704805,12.144124842165192,2302.786376953125,12.144124842165192,86.22328637937287,86.22328637937287,0.0,0.0,5.208333333333333,0.3660418082569846,426.940605116282,161.99951226071596,297.3695068645957,150.3260653932952,1.0,2.2749860674002154,0.0,1855.239583956697,490.7513101029023,478.35934597824394,3150.4940018146904,15.20213301931988,0.0,482.8488338176922,86.22328637937287,97.15299873732154,41.666666666666664,12.39196412465836,191703662.2496527,95824833.33333333,10.0,1.0,7.853981633974483,20.0,2.5,98.17477042468104,8782.630493135404,9.618725678016885,9.869138774764972,49.673934606704805,12.144124842165192,2302.786376953125,426.940605116282,5.208333333333333,0.3660418082569846,161.99951226071596
665,0.909191,1.0,1,1686.7671325771732,0.0,490.75131010289863,9.618725678016812,76.9498054241345,86.56853110215131,1686.7671325771769,606.0822264051462,0.0,1361.775136425849,0.0,0.0,0.0,13.748716046184422,0.0,351.4359181705198,8782.630493135404,9.618725678016885,9.869138774764972,49.673934606704805,12.144124842165192,2302.786376953125,12.144124842165192,86.22328637937287,86.22328637937287,0.0,0.0,5.208333333333333,0.3660418082569846,426.940605116282,161.99951226071596,297.3695068645957,150.3260653932952,1.0,2.2749860674002154,0.0,1855.239583956697,490.7513101029023,478.35934597824394,3150.4940018146904,15.20213301931988,0.0,482.8488338176922,86.22328637937287,97.15299873732154,41.666666666666664,12.39196412465836,191703662.2496527,95824833.33333333,10.0,1.0,7.853981633974483,20.0,2.5,98.17477042468104,8782.630493135404,9.618725678016885,9.869138774764972,49.673934606704805,12.144124842165192,2302.786376953125,426.940605116282,5.208333333333333,0.3660418082569846,161.99951226071596
666,0.880024,1.0,1,1632.6553596319084,0.0,490.75131010290244,9.618725678016887,76.94980542413509,86.56853110215198,1632.6553596319093,551.9704534598745,0.0,1886.1470672127298,0.0,0.0,0.0,13.748716046184418,0.0,353.699529307583,8782.630493135404,9.618725678016885,9.869138774764972,49.673934606704805,12.144124842165192,2302.786376953125,12.144124842165192,86.22328637937287,86.22328637937287,0.0,0.0,5.208333333333333,0.3660418082569846,426.940605116282,161.99951226071596,297.3695068645957,150.3260653932952,1.0,2.2749860674002154,0.0,1855.239583956697,490.7513101029023,478.35934597824394,3150.4940018146904,15.20213301931988,0.0,482.8488338176922,86.22328637937287,97.15299873732154,41.666666666666664,12.39196412465836,191703662.2496527,95824833.33333333,10.0,1.0,7.853981633974483,20.0,2.5,98.17477042468104,8782.630493135404,9.618725678016885,9.869138774764972,49.673934606704805,12.144124842165192,2302.786376953125,426.940605116282,5.208333333333333,0.3660418082569846,161.99951226071596
667,0.844843,1.0,1,1567.3861758287278,0.0,490.7513101029024,9.618725678016887,76.94980542413509,86.56853110215198,1567.3861758287285,486.70126965669397,0.0,2348.513273386589,0.0,0.0,0.0,13.748716046184422,0.0,355.9631404446462,8782.630493135404,9.618725678016885,9.869138774764972,49.673934606704805,12.144124842165192,2302.786376953125,12.144124842165192,86.22328637937287,86.22328637937287,0.0,0.0,5.208333333333333,0.3660418082569846,426.940605116282,161.99951226071596,297.3695068645957,150.3260653932952,1.0,2.2749860674002154,0.0,1855.239583956697,490.7513101029023,478.35934597824394,3150.4940018146904,15.20213301931988,0.0,482.8488338176922,86.22328637937287,97.15299873732154,41.666666666666664,12.39196412465836,191703662.2496527,95824833.33333333,10.0,1.0,7.853981633974483,20.0,2.5,98.17477042468104,8782.630493135404,9.618725678016885,9.869138774764972,49.673934606704805,12.144124842165192,2302.786376953125,426.940605116282,5.208333333333333,0.3660418082569846,161.99951226071596
668,0.795948,1.0,1,1476.674236371165,0.0,490.7513101029023,9.618725678016885,76.94980542413508,86.56853110215197,1476.6742363711655,395.98933019913136,0.0,2724.7031370757636,1.0,0.0,0.0,13.748716046184422,0.0,358.22675158170944,8782.630493135404,9.618725678016885,9.869138774764972,49.673934606704805,12.144124842165192,2302.786376953125,12.144124842165192,86.22328637937287,86.22328637937287,0.0,0.0,5.208333333333333,0.3660418082569846,426.940605116282,161.99951226071596,297.3695068645957,150.3260653932952,1.0,2.2749860674002154,0.0,1855.239583956697,490.7513101029023,478.35934597824394,3150.4940018146904,15.20213301931988,0.0,482.8488338176922,86.22328637937287,97.15299873732154,41.666666666666664,12.39196412465836,191703662.2496527,95824833.33333333,10.0,1.0,7.853981633974483,20.0,2.5,98.17477042468104,8782.630493135404,9.618725678016885,9.869138774764972,49.673934606704805,12.144124842165192,2302.786376953125,426.940605116282,5.208333333333333,0.3660418082569846,161.99951226071596
669,0.7332029999999999,1.0,1,1360.267228675802,0.0,490.7513101029024,9.618725678016887,76.94980542413509,86.56853110215198,1360.2672286758027,279.5823225037682,0.0,2990.3063434543433,0.0,0.0,0.0,13.748716046184422,0.0,360.4903627187673,8782.630493135404,9.618725678016885,9.869138774764972,49.673934606704805,12.144124842165192,2302.786376953125,12.144124842165192,86.22328637937287,86.22328637937287,0.0,0.0,5.208333333333333,0.3660418082569846,426.940605116282,161.99951226071596,297.3695068645957,150.3260653932952,1.0,2.2749860674002154,0.0,1855.239583956697,490.7513101029023,478.35934597824394,3150.4940018146904,15.20213301931988,0.0,482.8488338176922,86.22328637937287,97.15299873732154,41.666666666666664,12.39196412465836,191703662.2496527,95824833.33333333,10.0,1.0,7.853981633974483,20.0,2.5,98.17477042468104,8782.630493135404,9.618725678016885,9.869138774764972,49.673934606704805,12.144124842165192,2302.786376953125,426.940605116282,5.208333333333333,0.3660418082569846,161.99951226071596
670,0.6733920000000001,1.0,1,1249.3034939197682,0.0,490.75131010290244,9.618725678016887,76.94980542413509,86.56853110215198,1249.3034939197685,168.61858774773373,0.0,3150.4940018146904,0.0,0.0,0.0,13.748716046184423,0.0,362.7539738558305,8782.630493135404,9.618725678016885,9.869138774764972,49.673934606704805,12.144124842165192,2302.786376953125,12.144124842165192,86.22328637937287,86.22328637937287,0.0,0.0,5.208333333333333,0.3660418082569846,426.940605116282,161.99951226071596,297.3695068645957,150.3260653932952,1.0,2.2749860674002154,0.0,1855.239583956697,490.7513101029023,478.35934597824394,3150.4940018146904,15.20213301931988,0.0,482.8488338176922,86.22328637937287,97.15299873732154,41.666666666666664,12.39196412465836,191703662.2496527,95824833.33333333,10.0,1.0,7.853981633974483,20.0,2.5,98.17477042468104,8782.630493135404,9.618725678016885,9.869138774764972,49.673934606704805,12.144124842165192,2302.786376953125,426.940605116282,5.208333333333333,0.3660418082569846,161.99951226071596
671,0.589112,1.0,1,1092.9439017838977,0.0,490.75131010290244,9.618725678016887,76.94980542413509,86.56853110215198,1080.6849061720347,0.0,0.0,3150.4940018146904,0.0,0.0,0.0,13.748716046184429,0.0,365.0175849928937,8782.630493135404,9.618725678016885,9.869138774764972,49.673934606704805,12.144124842165192,2302.786376953125,12.144124842165192,86.22328637937287,86.22328637937287,0.0,0.0,5.208333333333333,0.3660418082569846,426.940605116282,161.99951226071596,297.3695068645957,150.3260653932952,1.0,2.2749860674002154,0.0,1855.239583956697,490.7513101029023,478.35934597824394,3150.4940018146904,15.20213301931988,0.0,482.8488338176922,86.22328637937287,97.15299873732154,41.666666666666664,12.39196412465836,191703662.2496527,95824833.33333333,10.0,1.0,7.853981633974483,20.0,2.5,98.17477042468104,8782.630493135404,9.618725678016885,9.869138774764972,49.673934606704805,12.144124842165192,2302.786376953125,426.940605116282,5.208333333333333,0.3660418082569846,161.99951226071596
672,0.381944,1.0,1,708.5976276547567,0.0,276.93250749068534,5.4278771468174325,43.42301717453946,48.85089432135689,867.2851884129357,0.0,158.68756075817902,2983.454464174502,0.0,0.0,4.190848531199445,9.472339993940096,0.0,367.2811961299436,8782.630493135404,9.618725678016878,9.869138774764972,49.673934606704805,12.144124842165182,2302.786376953125,12.144124842165182,86.22328637937278,86.22328637937278,0.0,0.0,5.208333333333333,0.3660418082569846,426.9406051162804,161.99951226071596,297.3695068645957,150.3260653932952,1.0,2.2749860674001816,0.0,1855.239583956697,490.7513101029023,478.35934597824394,3150.4940018146904,15.20213301931988,0.0,482.8488338176922,86.22328637937287,97.15299873732154,41.666666666666664,12.39196412465836,191703662.2496527,95824833.33333333,10.0,1.0,7.853981633974483,20.0,2.5,98.17477042468104,8782.630493135404,9.618725678016885,9.869138774764972,49.673934606704805,12.144124842165192,2302.786376953125,426.940605116282,5.208333333333333,0.3660418082569846,161.99951226071596
673,0.344283,1.0,1,638.7274496833635,0.0,490.75131010290266,9.618725678016892,76.94980542413514,86.56853110215202,1080.6849061720347,0.0,441.95745648867126,2518.236088923269,0.0,0.0,0.0,9.472339993940103,0.0,369.54480726700683,8782.630493135404,9.618725678016885,9.869138774764972,49.673934606704805,12.144124842165192,2302.786376953125,12.144124842165192,86.22328637937287,86.22328637937287,0.0,0.0,5.208333333333333,0.3660418082569846,426.940605116282,161.99951226071596,297.3695068645957,150.3260653932952,1.0,2.2749860674002154,0.0,1855.239583956697,490.7513101029023,478.35934597824394,3150.4940018146904,15.20213301931988,0.0,482.8488338176922,86.22328637937287,97.15299873732154,41.666666666666664,12.39196412465836,191703662.2496527,95824833.33333333,10.0,1.0,7.853981633974483,20.0,2.5,98.17477042468104,8782.630493135404,9.618725678016885,9.869138774764972,49.673934606704805,12.144124842165192,2302.786376953125,426.940605116282,5.208333333333333,0.3660418082569846,161.99951226071596
674,0.347228,1.0,1,644.191130258116,0.0,490.75131010290244,9.618725678016887,76.94980542413509,86.56853110215198,1080.684906172033,0.0,436.4937759139034,2058.7689563823183,0.0,0.0,0.0,9.472339993940103,0.0,371.8084184040616,8782.630493135404,9.618725678016892,9.869138774764972,49.673934606704805,12.144124842165182,2302.786376953125,12.144124842165182,86.22328637937278,86.22328637937278,0.0,0.0,5.208333333333333,0.3660418082569846,426.9406051162804,161.99951226071596,297.3695068645957,150.3260653932952,1.0,2.2749860674001847,0.0,1855.239583956697,490.7513101029023,478.35934597824394,3150.4940018146904,15.20213301931988,0.0,482.8488338176922,86.22328637937287,97.15299873732154,41.666666666666664,12.39196412465836,191703662.2496527,95824833.33333333,10.0,1.0,7.853981633974483,20.0,2.5,98.17477042468104,8782.630493135404,9.618725678016885,9.869138774764972,49.673934606704805,12.144124842165192,2302.786376953125,426.940605116282,5.208333333333333,0.3660418082569846,161.99951226071596
675,0.354648,1.0,1,657.9570079710747,0.0,490.7513101029023,9.618725678016885,76.94980542413508,86.56853110215197,1080.6849061720343,0.0,422.7278982009484,1613.7922214339517,0.0,0.0,0.0,9.472339993940103,0.0,374.07202954112483,8782.630493135404,9.618725678016885,9.869138774764972,49.673934606704805,12.144124842165192,2302.786376953125,12.144124842165192,86.22328637937287,86.22328637937287,0.0,0.0,5.208333333333333,0.3660418082569846,426.940605116282,161.99951226071596,297.3695068645957,150.3260653932952,1.0,2.2749860674002154,0.0,1855.239583956697,490.7513101029023,478.35934597824394,3150.4940018146904,15.20213301931988,0.0,482.8488338176922,86.22328637937287,97.15299873732154,41.666666666666664,12.39196412465836,191703662.2496527,95824833.33333333,10.0,1.0,7.853981633974483,20.0,2.5,98.17477042468104,8782.630493135404,9.618725678016885,9.869138774764972,49.673934606704805,12.144124842165192,2302.786376953125,426.940605116282,5.208333333333333,0.3660418082569846,161.99951226071596
676,0.3393609999999999,1.0,1,629.5959604511285,0.0,38.776493741928924,0.7600192773418069,6.080154218734455,6.840173496076262,629.5959604511285,0.0,0.0,1613.7922214339517,0.0,0.0,8.858706400675079,0.43284366672063435,0.0,376.33564067818804,8782.630493135404,9.618725678016885,9.869138774764972,49.673934606704805,12.144124842165192,2302.786376953125,12.144124842165192,86.22328637937287,86.22328637937285,0.0,0.0,5.208333333333333,0.3660418082569846,426.940605116282,161.99951226071596,297.3695068645957,150.3260653932952,1.0,2.2749860674002154,0.0,1855.239583956697,490.7513101029023,478.35934597824394,3150.4940018146904,15.20213301931988,0.0,482.8488338176922,86.22328637937287,97.15299873732154,41.666666666666664,12.39196412465836,191703662.2496527,95824833.33333333,10.0,1.0,7.853981633974483,20.0,2.5,98.17477042468104,8782.630493135404,9.618725678016885,9.869138774764972,49.673934606704805,12.144124842165192,2302.786376953125,426.940605116282,5.208333333333333,0.3660418082569846,161.99951226071596
677,0.285567,1.0,1,529.7952022717622,0.0,490.75131010290266,9.618725678016892,76.94980542413514,86.56853110215202,1080.6849061720347,0.0,550.8897039002726,1033.9083225915595,0.0,0.0,0.0,0.4328436667206388,0.0,378.59925181525097,8782.630493135404,9.618725678016885,9.869138774764972,49.673934606704805,12.144124842165192,2302.786376953125,12.144124842165192,86.22328637937287,86.22328637937287,0.0,0.0,5.208333333333333,0.3660418082569846,426.940605116282,161.99951226071596,297.3695068645957,150.3260653932952,1.0,2.2749860674002154,0.0,1855.239583956697,490.7513101029023,478.35934597824394,3150.4940018146904,15.20213301931988,0.0,482.8488338176922,86.22328637937287,97.15299873732154,41.666666666666664,12.39196412465836,191703662.2496527,95824833.33333333,10.0,1.0,7.853981633974483,20.0,2.5,98.17477042468104,8782.630493135404,9.618725678016885,9.869138774764972,49.673934606704805,12.144124842165192,2302.786376953125,426.940605116282,5.208333333333333,0.3660418082569846,161.99951226071596
678,0.195183,0.0,1,362.11122771542,0.0,191.60723322033292,3.7555017711185252,30.044014168948202,33.799515940066726,362.11122771542,0.0,0.0,1033.9083225915595,1.0,3.755501771118525,0.0,4.113235402416793,0.0,368.68051937830126,0.0,0.0,9.869138774764972,49.673934606704805,0.0,0.0,0.0,0.0,0.0,0.0,0.0,5.208333333333333,0.3660418082569846,0.0,161.99951226071596,9080.0,150.3260653932952,0.0,0.0,9.869138774764972,1855.239583956697,490.7513101029023,478.35934597824394,3150.4940018146904,15.20213301931988,0.0,482.8488338176922,86.22328637937287,97.15299873732154,41.666666666666664,12.39196412465836,191703662.2496527,95824833.33333333,10.0,1.0,7.853981633974483,20.0,2.5,98.17477042468104,8782.630493135404,9.618725678016885,9.869138774764972,49.673934606704805,12.144124842165192,2302.786376953125,426.940605116282,5.208333333333333,0.3660418082569846,161.99951226071596
679,0.088613,0.0,1,164.3983452531548,0.0,1.3523424752740183,0.02650591251537076,0.21204730012296608,0.23855321263833684,164.39834525315482,0.0,0.0,1033.9083225915595,1.0,0.026505912515370756,0.0,4.139211196681856,0.0,358.76178694135155,0.0,0.0,9.869138774764972,49.673934606704805,0.0,0.0,0.0,0.0,0.0,0.0,0.0,5.208333333333333,0.3660418082569846,0.0,161.99951226071596,9080.0,150.3260653932952,0.0,0.0,9.869138774764972,1855.239583956697,490.7513101029023,478.35934597824394,3150.4940018146904,15.20213301931988,0.0,482.8488338176922,86.22328637937287,97.15299873732154,41.666666666666664,12.39196412465836,191703662.2496527,95824833.33333333,10.0,1.0,7.853981633974483,20.0,2.5,98.17477042468104,8782.630493135404,9.618725678016885,9.869138774764972,49.673934606704805,12.144124842165192,2302.786376953125,426.940605116282,5.208333333333333,0.3660418082569846,161.99951226071596
680,0.052369,0.0,1,97.15704177222827,0.0,0.0,0.0,0.0,0.0,162.99299095285005,0.0,65.83594918062178,964.6073234540628,1.0,0.0,0.0,4.139211196681856,0.0,348.84305450440183,0.0,0.0,9.869138774764972,49.673934606704805,0.0,0.0,0.0,0.0,0.0,0.0,0.0,5.208333333333333,0.3660418082569846,0.0,161.99951226071596,9080.0,150.3260653932952,0.0,0.0,9.869138774764972,1855.239583956697,490.7513101029023,478.35934597824394,3150.4940018146904,15.20213301931988,0.0,482.8488338176922,86.22328637937287,97.15299873732154,41.666666666666664,12.39196412465836,191703662.2496527,95824833.33333333,10.0,1.0,7.853981633974483,20.0,2.5,98.17477042468104,8782.630493135404,9.618725678016885,9.869138774764972,49.673934606704805,12.144124842165192,2302.786376953125,426.940605116282,5.208333333333333,0.3660418082569846,161.99951226071596
681,0.084993,0.0,1,157.68237795923156,0.0,0.0,0.0,0.0,0.0,162.99299095285005,0.0,5.31061299361852,959.0172045134118,1.0,0.0,0.0,4.139211196681856,0.0,338.9243220674641,0.0,0.0,9.869138774764972,49.673934606704805,0.0,0.0,0.0,0.0,0.0,0.0,0.0,5.208333333333333,0.3660418082569846,0.0,161.99951226071596,9080.0,150.3260653932952,0.0,0.0,9.869138774752944,1855.239583956697,490.7513101029023,478.35934597824394,3150.4940018146904,15.20213301931988,0.0,482.8488338176922,86.22328637937287,97.15299873732154,41.666666666666664,12.39196412465836,191703662.2496527,95824833.33333333,10.0,1.0,7.853981633974483,20.0,2.5,98.17477042468104,8782.630493135404,9.618725678016885,9.869138774764972,49.673934606704805,12.144124842165192,2302.786376953125,426.940605116282,5.208333333333333,0.3660418082569846,161.99951226071596
682,0.151608,0.0,1,281.2691628445069,0.0,113.81463807897073,2.230766906347826,17.84613525078261,20.076902157130434,281.2691628445165,0.0,0.0,959.0172045133816,1.0,2.230766906347826,0.0,6.325362764902726,0.0,329.0055896305144,0.0,0.0,9.869138774764972,49.673934606704805,0.0,0.0,0.0,0.0,0.0,0.0,0.0,5.208333333333333,0.3660418082569846,0.0,161.99951226071596,9080.0,150.3260653932952,0.0,0.0,9.869138774764972,1855.239583956697,490.7513101029023,478.35934597824394,3150.4940018146904,15.20213301931988,0.0,482.8488338176922,86.22328637937287,97.15299873732154,41.666666666666664,12.39196412465836,191703662.2496527,95824833.33333333,10.0,1.0,7.853981633974483,20.0,2.5,98.17477042468104,8782.630493135404,9.618725678016885,9.869138774764972,49.673934606704805,12.144124842165192,2302.786376953125,426.940605116282,5.208333333333333,0.3660418082569846,161.99951226071596
683,0.26679,1.0,1,494.95936860380726,0.0,490.7513101029023,9.618725678016885,76.94980542413508,86.56853110215197,1080.6849061720343,0.0,585.7255375682271,342.4640070731426,0.0,0.0,0.0,6.325362764902726,0.0,331.2692007675776,8782.630493135404,9.618725678016885,9.869138774764972,49.673934606704805,12.144124842165192,2302.786376953125,12.144124842165192,86.22328637937287,86.22328637937287,0.0,0.0,5.208333333333333,0.3660418082569846,426.940605116282,161.99951226071596,297.3695068645957,150.3260653932952,1.0,2.2749860674002154,0.0,1855.239583956697,490.7513101029023,478.35934597824394,3150.4940018146904,15.20213301931988,0.0,482.8488338176922,86.22328637937287,97.15299873732154,41.666666666666664,12.39196412465836,191703662.2496527,95824833.33333333,10.0,1.0,7.853981633974483,20.0,2.5,98.17477042468104,8782.630493135404,9.618725678016885,9.869138774764972,49.673934606704805,12.144124842165192,2302.786376953125,426.940605116282,5.208333333333333,0.3660418082569846,161.99951226071596
684,0.407141,1.0,1,755.3440994517135,0.0,468.7751669410114,9.187993272043823,73.50394617635058,82.69193944839441,1058.7518362507408,0.0,303.407736799027,23.087442021535253,0.0,0.0,0.43073240597306217,5.885839901664907,0.0,333.5328119046408,8782.630493135404,9.618725678016885,9.869138774764972,49.673934606704805,12.144124842165192,2302.786376953125,12.144124842165192,86.22328637937287,86.22328637937287,0.0,0.0,5.208333333333333,0.3660418082569846,426.940605116282,161.99951226071596,297.3695068645957,150.3260653932952,1.0,2.2749860674002154,0.0,1855.239583956697,490.7513101029023,478.35934597824394,3150.4940018146904,15.20213301931988,0.0,482.8488338176922,86.22328637937287,97.15299873732154,41.666666666666664,12.39196412465836,191703662.2496527,95824833.33333333,10.0,1.0,7.853981633974483,20.0,2.5,98.17477042468104,8782.630493135404,9.618725678016885,9.869138774764972,49.673934606704805,12.144124842165192,2302.786376953125,426.940605116282,5.208333333333333,0.3660418082569846,161.99951226071596
685,0.570682,1.0,1,1058.751836251576,0.0,490.75131010290244,9.618725678016887,76.94980542413509,86.56853110215198,1080.6849061720347,0.0,21.933069920458493,0.0,0.0,0.0,0.0,5.885839901664907,0.0,335.79642304168914,8782.630493135404,9.618725678016885,9.869138774764972,49.673934606704805,12.144124842165192,2302.786376953125,12.144124842165192,86.22328637937287,86.22328637937287,0.0,0.0,5.208333333333333,0.3660418082569846,426.940605116282,161.99951226071596,297.3695068645957,150.3260653932952,1.0,2.2749860674002154,0.0,1855.239583956697,490.7513101029023,478.35934597824394,3150.4940018146904,15.20213301931988,0.0,482.8488338176922,86.22328637937287,97.15299873732154,41.666666666666664,12.39196412465836,191703662.2496527,95824833.33333333,10.0,1.0,7.853981633974483,20.0,2.5,98.17477042468104,8782.630493135404,9.618725678016885,9.869138774764972,49.673934606704805,12.144124842165192,2302.786376953125,426.940605116282,5.208333333333333,0.3660418082569846,161.99951226071596
686,0.7319690000000001,1.0,1,1357.9778630291999,0.0,490.7513101029023,9.618725678016885,76.94980542413508,86.56853110215197,1357.977863029199,277.29295685716465,0.0,263.42830901430693,0.0,0.0,0.0,5.885839901664907,0.0,338.06003417875235,8782.630493135404,9.618725678016885,9.869138774764972,49.673934606704805,12.144124842165192,2302.786376953125,12.144124842165192,86.22328637937287,86.22328637937287,0.0,0.0,5.208333333333333,0.3660418082569846,426.940605116282,161.99951226071596,297.3695068645957,150.3260653932952,1.0,2.2749860674002154,0.0,1855.239583956697,490.7513101029023,478.35934597824394,3150.4940018146904,15.20213301931988,0.0,482.8488338176922,86.22328637937287,97.15299873732154,41.666666666666664,12.39196412465836,191703662.2496527,95824833.33333333,10.0,1.0,7.853981633974483,20.0,2.5,98.17477042468104,8782.630493135404,9.618725678016885,9.869138774764972,49.673934606704805,12.144124842165192,2302.786376953125,426.940605116282,5.208333333333333,0.3660418082569846,161.99951226071596
687,0.844847,1.0,1,1567.3935967870636,0.0,490.75131010290244,9.618725678016887,76.94980542413509,86.56853110215198,1567.3935967870639,486.708690615029,0.0,725.8015650985844,0.0,0.0,0.0,5.885839901664907,0.0,340.32364531581095,8782.630493135404,9.618725678016885,9.869138774764972,49.673934606704805,12.144124842165192,2302.786376953125,12.144124842165192,86.22328637937287,86.22328637937287,0.0,0.0,5.208333333333333,0.3660418082569846,426.940605116282,161.99951226071596,297.3695068645957,150.3260653932952,1.0,2.2749860674002154,0.0,1855.239583956697,490.7513101029023,478.35934597824394,3150.4940018146904,15.20213301931988,0.0,482.8488338176922,86.22328637937287,97.15299873732154,41.666666666666664,12.39196412465836,191703662.2496527,95824833.33333333,10.0,1.0,7.853981633974483,20.0,2.5,98.17477042468104,8782.630493135404,9.618725678016885,9.869138774764972,49.673934606704805,12.144124842165192,2302.786376953125,426.940605116282,5.208333333333333,0.3660418082569846,161.99951226071596
688,0.913952,1.0,1,1695.5999282363912,0.0,490.75131010290244,9.618725678016887,76.94980542413509,86.56853110215198,1695.5999282363914,614.9150220643567,0.0,1309.9708360597233,0.0,0.0,0.0,5.885839901664907,0.0,342.58725645287416,8782.630493135404,9.618725678016885,9.869138774764972,49.673934606704805,12.144124842165192,2302.786376953125,12.144124842165192,86.22328637937287,86.22328637937287,0.0,0.0,5.208333333333333,0.3660418082569846,426.940605116282,161.99951226071596,297.3695068645957,150.3260653932952,1.0,2.2749860674002154,0.0,1855.239583956697,490.7513101029023,478.35934597824394,3150.4940018146904,15.20213301931988,0.0,482.8488338176922,86.22328637937287,97.15299873732154,41.666666666666664,12.39196412465836,191703662.2496527,95824833.33333333,10.0,1.0,7.853981633974483,20.0,2.5,98.17477042468104,8782.630493135404,9.618725678016885,9.869138774764972,49.673934606704805,12.144124842165192,2302.786376953125,426.940605116282,5.208333333333333,0.3660418082569846,161.99951226071596
689,0.962609,1.0,1,1785.8703206729722,0.0,490.75131010290244,9.618725678016887,76.94980542413509,86.56853110215198,1166.9081925514076,0.0,0.0,1309.9708360597233,0.0,0.0,0.0,5.885839901664909,0.0,344.85086758993737,8782.630493135404,9.618725678016885,9.869138774764972,49.673934606704805,12.144124842165192,2302.786376953125,12.144124842165192,86.22328637937287,0.0,86.22328637937287,86.22328637937287,5.208333333333333,0.3660418082569846,426.940605116282,161.99951226071596,297.3695068645957,150.3260653932952,1.0,2.2749860674002154,0.0,1855.239583956697,490.7513101029023,478.35934597824394,3150.4940018146904,15.20213301931988,0.0,482.8488338176922,86.22328637937287,97.15299873732154,41.666666666666664,12.39196412465836,191703662.2496527,95824833.33333333,10.0,1.0,7.853981633974483,20.0,2.5,98.17477042468104,8782.630493135404,9.618725678016885,9.869138774764972,49.673934606704805,12.144124842165192,2302.786376953125,426.940605116282,5.208333333333333,0.3660418082569846,161.99951226071596
690,0.986144,1.0,1,1829.5333842813932,0.0,490.75131010290244,9.618725678016887,76.94980542413509,86.56853110215198,1080.6849061720347,0.0,0.0,1309.9708360597233,0.0,0.0,0.0,5.885839901664911,0.0,347.1144787270006,8782.630493135404,9.618725678016885,9.869138774764972,49.673934606704805,12.144124842165192,2302.786376953125,12.144124842165192,86.22328637937287,86.22328637937287,0.0,0.0,5.208333333333333,0.3660418082569846,426.940605116282,161.99951226071596,297.3695068645957,150.3260653932952,1.0,2.2749860674002154,0.0,1855.239583956697,490.7513101029023,478.35934597824394,3150.4940018146904,15.20213301931988,0.0,482.8488338176922,86.22328637937287,97.15299873732154,41.666666666666664,12.39196412465836,191703662.2496527,95824833.33333333,10.0,1.0,7.853981633974483,20.0,2.5,98.17477042468104,8782.630493135404,9.618725678016885,9.869138774764972,49.673934606704805,12.144124842165192,2302.786376953125,426.940605116282,5.208333333333333,0.3660418082569846,161.99951226071596
691,0.989045,1.0,1,1834.9154343144514,0.0,490.75131010290244,9.618725678016887,76.94980542413509,86.56853110215198,1080.6849061720347,0.0,0.0,1309.9708360597233,0.0,0.0,0.0,5.885839901664914,0.0,349.3780898640638,8782.630493135404,9.618725678016885,9.869138774764972,49.673934606704805,12.144124842165192,2302.786376953125,12.144124842165192,86.22328637937287,86.22328637937287,0.0,0.0,5.208333333333333,0.3660418082569846,426.940605116282,161.99951226071596,297.3695068645957,150.3260653932952,1.0,2.2749860674002154,0.0,1855.239583956697,490.7513101029023,478.35934597824394,3150.4940018146904,15.20213301931988,0.0,482.8488338176922,86.22328637937287,97.15299873732154,41.666666666666664,12.39196412465836,191703662.2496527,95824833.33333333,10.0,1.0,7.853981633974483,20.0,2.5,98.17477042468104,8782.630493135404,9.618725678016885,9.869138774764972,49.673934606704805,12.144124842165192,2302.786376953125,426.940605116282,5.208333333333333,0.3660418082569846,161.99951226071596
692,0.988415,1.0,1,1833.7466333765587,0.0,490.7513101029019,9.618725678016878,76.94980542413502,86.5685311021519,1080.6849061720325,0.0,0.0,1309.9708360597233,0.0,0.0,0.0,5.885839901664914,0.0,351.6417010013399,8782.630493135404,9.618725678016878,9.869138774764972,49.673934606704805,12.144124842389251,2302.786376953125,12.144124842389251,86.22328638096369,86.22328637937288,0.0,0.0,5.208333333333333,0.3660418082569846,426.9406051162804,161.99951226071596,297.3695068645957,150.3260653932952,1.0,2.274986067624249,0.0,1855.239583956697,490.7513101029023,478.35934597824394,3150.4940018146904,15.20213301931988,0.0,482.8488338176922,86.22328637937287,97.15299873732154,41.666666666666664,12.39196412465836,191703662.2496527,95824833.33333333,10.0,1.0,7.853981633974483,20.0,2.5,98.17477042468104,8782.630493135404,9.618725678016885,9.869138774764972,49.673934606704805,12.144124842165192,2302.786376953125,426.940605116282,5.208333333333333,0.3660418082569846,161.99951226071596
693,0.988231,1.0,1,1833.4052692931107,0.0,490.75131010290244,9.618725678016887,76.94980542413509,86.56853110215198,1166.9081925514076,0.0,0.0,1309.9708360597233,0.0,0.0,0.0,5.885839901664916,0.0,353.90531213840313,8782.630493135404,9.618725678016885,9.869138774764972,49.673934606704805,12.144124842165192,2302.786376953125,12.144124842165192,86.22328637937287,0.0,86.22328637937287,86.22328637937287,5.208333333333333,0.3660418082569846,426.940605116282,161.99951226071596,297.3695068645957,150.3260653932952,1.0,2.2749860674002154,0.0,1855.239583956697,490.7513101029023,478.35934597824394,3150.4940018146904,15.20213301931988,0.0,482.8488338176922,86.22328637937287,97.15299873732154,41.666666666666664,12.39196412465836,191703662.2496527,95824833.33333333,10.0,1.0,7.853981633974483,20.0,2.5,98.17477042468104,8782.630493135404,9.618725678016885,9.869138774764972,49.673934606704805,12.144124842165192,2302.786376953125,426.940605116282,5.208333333333333,0.3660418082569846,161.99951226071596
694,0.987714,1.0,1,1832.446110428205,0.0,490.7513101029023,9.618725678016885,76.94980542413508,86.56853110215197,1832.4461104282057,751.7612042561714,0.0,2024.143980103086,1.0,0.0,0.0,5.885839901664916,0.0,356.16892327546634,8782.630493135404,9.618725678016885,9.869138774764972,49.673934606704805,12.144124842165192,2302.786376953125,12.144124842165192,86.22328637937287,86.22328637937287,0.0,0.0,5.208333333333333,0.3660418082569846,426.940605116282,161.99951226071596,297.3695068645957,150.3260653932952,1.0,2.2749860674002154,0.0,1855.239583956697,490.7513101029023,478.35934597824394,3150.4940018146904,15.20213301931988,0.0,482.8488338176922,86.22328637937287,97.15299873732154,41.666666666666664,12.39196412465836,191703662.2496527,95824833.33333333,10.0,1.0,7.853981633974483,20.0,2.5,98.17477042468104,8782.630493135404,9.618725678016885,9.869138774764972,49.673934606704805,12.144124842165192,2302.786376953125,426.940605116282,5.208333333333333,0.3660418082569846,161.99951226071596
695,0.987215,1.0,1,1831.5203458758106,0.0,490.75131010290244,9.618725678016887,76.94980542413509,86.56853110215198,1605.5335022289391,524.8485960569054,0.0,2522.750146357146,0.0,0.0,0.0,5.885839901664923,0.0,358.4325344125129,8782.630493135404,9.61872567801688,9.869138774764972,49.673934606704805,12.144124842165185,2302.786376953125,12.144124842165185,86.22328637937281,86.22328637937281,0.0,0.0,5.208333333333333,0.3660418082569846,426.9406051162813,161.99951226071596,297.3695068645957,150.3260653932952,1.0,2.2749860674002083,0.0,1855.239583956697,490.7513101029023,478.35934597824394,3150.4940018146904,15.20213301931988,0.0,482.8488338176922,86.22328637937287,97.15299873732154,41.666666666666664,12.39196412465836,191703662.2496527,95824833.33333333,10.0,1.0,7.853981633974483,20.0,2.5,98.17477042468104,8782.630493135404,9.618725678016885,9.869138774764972,49.673934606704805,12.144124842165192,2302.786376953125,426.940605116282,5.208333333333333,0.3660418082569846,161.99951226071596
696,0.527632,1.0,1,978.88377216224,0.0,490.75131010290244,9.618725678016887,76.94980542413509,86.56853110215198,1080.6849061720347,0.0,101.80113400979445,2415.5910579257834,0.0,0.0,0.0,5.885839901664925,0.0,360.6961455495761,8782.630493135404,9.618725678016885,9.869138774764972,49.673934606704805,12.144124842165192,2302.786376953125,12.144124842165192,86.22328637937287,86.22328637937287,0.0,0.0,5.208333333333333,0.3660418082569846,426.940605116282,161.99951226071596,297.3695068645957,150.3260653932952,1.0,2.2749860674002154,0.0,1855.239583956697,490.7513101029023,478.35934597824394,3150.4940018146904,15.20213301931988,0.0,482.8488338176922,86.22328637937287,97.15299873732154,41.666666666666664,12.39196412465836,191703662.2496527,95824833.33333333,10.0,1.0,7.853981633974483,20.0,2.5,98.17477042468104,8782.630493135404,9.618725678016885,9.869138774764972,49.673934606704805,12.144124842165192,2302.786376953125,426.940605116282,5.208333333333333,0.3660418082569846,161.99951226071596
697,0.564523,1.0,1,1047.3254156539865,0.0,490.75131010290244,9.618725678016887,76.94980542413509,86.56853110215198,1080.6849061720338,0.0,33.35949051804727,2380.4758047488917,0.0,0.0,0.0,5.885839901664919,0.0,362.9597566866337,8782.630493135404,9.618725678016892,9.869138774764972,49.673934606704805,12.144124842165185,2302.786376953125,12.144124842165185,86.22328637937281,86.22328637937281,0.0,0.0,5.208333333333333,0.3660418082569846,426.9406051162813,161.99951226071596,297.3695068645957,150.3260653932952,1.0,2.274986067400184,0.0,1855.239583956697,490.7513101029023,478.35934597824394,3150.4940018146904,15.20213301931988,0.0,482.8488338176922,86.22328637937287,97.15299873732154,41.666666666666664,12.39196412465836,191703662.2496527,95824833.33333333,10.0,1.0,7.853981633974483,20.0,2.5,98.17477042468104,8782.630493135404,9.618725678016885,9.869138774764972,49.673934606704805,12.144124842165192,2302.786376953125,426.940605116282,5.208333333333333,0.3660418082569846,161.99951226071596
698,0.611274,1.0,1,1134.059721443546,0.0,490.75131010290244,9.618725678016887,76.94980542413509,86.56853110215198,1080.6849061720347,0.0,0.0,2380.4758047488917,0.0,0.0,0.0,5.885839901664919,0.0,365.2233678236969,8782.630493135404,9.618725678016885,9.869138774764972,49.673934606704805,12.144124842165192,2302.786376953125,12.144124842165192,86.22328637937287,86.22328637937287,0.0,0.0,5.208333333333333,0.3660418082569846,426.940605116282,161.99951226071596,297.3695068645957,150.3260653932952,1.0,2.2749860674002154,0.0,1855.239583956697,490.7513101029023,478.35934597824394,3150.4940018146904,15.20213301931988,0.0,482.8488338176922,86.22328637937287,97.15299873732154,41.666666666666664,12.39196412465836,191703662.2496527,95824833.33333333,10.0,1.0,7.853981633974483,20.0,2.5,98.17477042468104,8782.630493135404,9.618725678016885,9.869138774764972,49.673934606704805,12.144124842165192,2302.786376953125,426.940605116282,5.208333333333333,0.3660418082569846,161.99951226071596
699,0.6513909999999999,1.0,1,1208.4863678331367,0.0,490.75131010290244,9.618725678016887,76.94980542413509,86.56853110215198,1080.6849061720347,0.0,0.0,2380.4758047488917,0.0,0.0,0.0,5.885839901664921,0.0,367.4869789607544,8782.630493135404,9.618725678016885,9.869138774764972,49.673934606704805,12.144124842165192,2302.786376953125,12.144124842165192,86.22328637937287,86.22328637937287,0.0,0.0,5.208333333333333,0.3660418082569846,426.940605116282,161.99951226071596,297.3695068645957,150.3260653932952,1.0,2.2749860674002154,0.0,1855.239583956697,490.7513101029023,478.35934597824394,3150.4940018146904,15.20213301931988,0.0,482.8488338176922,86.22328637937287,97.15299873732154,41.666666666666664,12.39196412465836,191703662.2496527,95824833.33333333,10.0,1.0,7.853981633974483,20.0,2.5,98.17477042468104,8782.630493135404,9.618725678016885,9.869138774764972,49.673934606704805,12.144124842165192,2302.786376953125,426.940605116282,5.208333333333333,0.3660418082569846,161.99951226071596
700,0.6892,1.0,1,1278.6311212629557,0.0,490.75131010290244,9.618725678016887,76.94980542413509,86.56853110215198,1080.6849061720347,0.0,0.0,2380.4758047488917,0.0,0.0,0.0,5.885839901664923,0.0,369.7505900978176,8782.630493135404,9.618725678016885,9.869138774764972,49.673934606704805,12.144124842165192,2302.786376953125,12.144124842165192,86.22328637937287,86.22328637937288,0.0,0.0,5.208333333333333,0.3660418082569846,426.940605116282,161.99951226071596,297.3695068645957,150.3260653932952,1.0,2.2749860674002154,0.0,1855.239583956697,490.7513101029023,478.35934597824394,3150.4940018146904,15.20213301931988,0.0,482.8488338176922,86.22328637937287,97.15299873732154,41.666666666666664,12.39196412465836,191703662.2496527,95824833.33333333,10.0,1.0,7.853981633974483,20.0,2.5,98.17477042468104,8782.630493135404,9.618725678016885,9.869138774764972,49.673934606704805,12.144124842165192,2302.786376953125,426.940605116282,5.208333333333333,0.3660418082569846,161.99951226071596
701,0.7184579999999999,1.0,1,1332.9117210103605,0.0,490.75131010290244,9.618725678016887,76.94980542413509,86.56853110215198,1080.6849061720347,0.0,0.0,2380.4758047488917,0.0,0.0,0.0,5.885839901664925,0.0,372.01420123488083,8782.630493135404,9.618725678016885,9.869138774764972,49.673934606704805,12.144124842165192,2302.786376953125,12.144124842165192,86.22328637937287,86.22328637937287,0.0,0.0,5.208333333333333,0.3660418082569846,426.940605116282,161.99951226071596,297.3695068645957,150.3260653932952,1.0,2.2749860674002154,0.0,1855.239583956697,490.7513101029023,478.35934597824394,3150.4940018146904,15.20213301931988,0.0,482.8488338176922,86.22328637937287,97.15299873732154,41.666666666666664,12.39196412465836,191703662.2496527,95824833.33333333,10.0,1.0,7.853981633974483,20.0,2.5,98.17477042468104,8782.630493135404,9.618725678016885,9.869138774764972,49.673934606704805,12.144124842165192,2302.786376953125,426.940605116282,5.208333333333333,0.3660418082569846,161.99951226071596
702,0.769473,1.0,1,1427.5567683859115,0.0,490.75131010290244,9.618725678016887,76.94980542413509,86.56853110215198,1080.6849061720347,0.0,0.0,2380.4758047488917,0.0,0.0,0.0,5.885839901664932,0.0,374.2778123719337,8782.630493135404,9.61872567801688,9.869138774764972,49.673934606704805,12.144124842165185,2302.786376953125,12.144124842165185,86.22328637937281,86.22328637937281,0.0,0.0,5.208333333333333,0.3660418082569846,426.940605116282,161.99951226071596,297.3695068645957,150.3260653932952,1.0,2.27498606740012,0.0,1855.239583956697,490.7513101029023,478.35934597824394,3150.4940018146904,15.20213301931988,0.0,482.8488338176922,86.22328637937287,97.15299873732154,41.666666666666664,12.39196412465836,191703662.2496527,95824833.33333333,10.0,1.0,7.853981633974483,20.0,2.5,98.17477042468104,8782.630493135404,9.618725678016885,9.869138774764972,49.673934606704805,12.144124842165192,2302.786376953125,426.940605116282,5.208333333333333,0.3660418082569846,161.99951226071596
703,0.785328,1.0,1,1456.971591989545,0.0,490.7513101029023,9.618725678016885,76.94980542413508,86.56853110215197,1080.6849061720343,0.0,0.0,2380.4758047488917,1.0,0.0,0.0,5.885839901664932,0.0,376.5414235089969,8782.630493135404,9.618725678016885,9.869138774764972,49.673934606704805,12.144124842165192,2302.786376953125,12.144124842165192,86.22328637937287,86.22328637937287,0.0,0.0,5.208333333333333,0.3660418082569846,426.940605116282,161.99951226071596,297.3695068645957,150.3260653932952,1.0,2.2749860674002154,0.0,1855.239583956697,490.7513101029023,478.35934597824394,3150.4940018146904,15.20213301931988,0.0,482.8488338176922,86.22328637937287,97.15299873732154,41.666666666666664,12.39196412465836,191703662.2496527,95824833.33333333,10.0,1.0,7.853981633974483,20.0,2.5,98.17477042468104,8782.630493135404,9.618725678016885,9.869138774764972,49.673934606704805,12.144124842165192,2302.786376953125,426.940605116282,5.208333333333333,0.3660418082569846,161.99951226071596
704,0.7791079999999999,1.0,1,1445.432001777334,0.0,490.7513101029024,9.618725678016887,76.94980542413509,86.56853110215198,1445.4320017773348,364.7470956053003,0.0,2726.985545573927,0.0,0.0,0.0,5.885839901664934,0.0,378.8050346460601,8782.630493135404,9.618725678016885,9.869138774764972,49.673934606704805,12.144124842165192,2302.786376953125,12.144124842165192,86.22328637937287,86.22328637937287,0.0,0.0,5.208333333333333,0.3660418082569846,426.940605116282,161.99951226071596,297.3695068645957,150.3260653932952,1.0,2.2749860674002154,0.0,1855.239583956697,490.7513101029023,478.35934597824394,3150.4940018146904,15.20213301931988,0.0,482.8488338176922,86.22328637937287,97.15299873732154,41.666666666666664,12.39196412465836,191703662.2496527,95824833.33333333,10.0,1.0,7.853981633974483,20.0,2.5,98.17477042468104,8782.630493135404,9.618725678016885,9.869138774764972,49.673934606704805,12.144124842165192,2302.786376953125,426.940605116282,5.208333333333333,0.3660418082569846,161.99951226071596
705,0.750294,1.0,1,1391.975128405206,0.0,490.75131010290244,9.618725678016887,76.94980542413509,86.56853110215198,1391.9751284052063,311.29022223317156,0.0,3022.71125669544,0.0,0.0,0.0,5.885839901664941,0.0,381.0686457831132,8782.630493135404,9.61872567801688,9.869138774764972,49.673934606704805,12.144124842165185,2302.786376953125,12.144124842165185,86.22328637937281,86.22328637937281,0.0,0.0,5.208333333333333,0.3660418082569846,426.940605116282,161.99951226071596,297.3695068645957,150.3260653932952,1.0,2.2749860674001137,0.0,1855.239583956697,490.7513101029023,478.35934597824394,3150.4940018146904,15.20213301931988,0.0,482.8488338176922,86.22328637937287,97.15299873732154,41.666666666666664,12.39196412465836,191703662.2496527,95824833.33333333,10.0,1.0,7.853981633974483,20.0,2.5,98.17477042468104,8782.630493135404,9.618725678016885,9.869138774764972,49.673934606704805,12.144124842165192,2302.786376953125,426.940605116282,5.208333333333333,0.3660418082569846,161.99951226071596
706,0.708678,1.0,1,1314.767477879264,0.0,490.7513101029023,9.618725678016885,76.94980542413508,86.56853110215197,1166.9081925514072,0.0,0.0,3022.71125669544,1.0,0.0,0.0,5.885839901664941,0.0,383.3322569201764,8782.630493135404,9.618725678016885,9.869138774764972,49.673934606704805,12.144124842165192,2302.786376953125,12.144124842165192,86.22328637937287,0.0,86.22328637937288,86.22328637937288,5.208333333333333,0.3660418082569846,426.940605116282,161.99951226071596,297.3695068645957,150.3260653932952,1.0,2.2749860674002154,0.0,1855.239583956697,490.7513101029023,478.35934597824394,3150.4940018146904,15.20213301931988,0.0,482.8488338176922,86.22328637937287,97.15299873732154,41.666666666666664,12.39196412465836,191703662.2496527,95824833.33333333,10.0,1.0,7.853981633974483,20.0,2.5,98.17477042468104,8782.630493135404,9.618725678016885,9.869138774764972,49.673934606704805,12.144124842165192,2302.786376953125,426.940605116282,5.208333333333333,0.3660418082569846,161.99951226071596
707,0.655006,1.0,1,1215.1930589291403,0.0,490.75131010290244,9.618725678016887,76.94980542413509,86.56853110215198,1215.1930589291405,134.5081527571058,0.0,3150.494001814691,0.0,0.0,0.0,5.8858399016649425,0.0,385.5958680572396,8782.630493135404,9.618725678016885,9.869138774764972,49.673934606704805,12.144124842165192,2302.786376953125,12.144124842165192,86.22328637937287,86.22328637937287,0.0,0.0,5.208333333333333,0.3660418082569846,426.940605116282,161.99951226071596,297.3695068645957,150.3260653932952,1.0,2.2749860674002154,0.0,1855.239583956697,490.7513101029023,478.35934597824394,3150.4940018146904,15.20213301931988,0.0,482.8488338176922,86.22328637937287,97.15299873732154,41.666666666666664,12.39196412465836,191703662.2496527,95824833.33333333,10.0,1.0,7.853981633974483,20.0,2.5,98.17477042468104,8782.630493135404,9.618725678016885,9.869138774764972,49.673934606704805,12.144124842165192,2302.786376953125,426.940605116282,5.208333333333333,0.3660418082569846,161.99951226071596
708,0.579012,1.0,1,1074.205981985935,0.0,484.2596622870847,9.49148938082686,75.93191504661488,85.42340442744174,1074.2059819859353,0.0,0.0,3150.494001814691,0.0,0.0,0.12723629719002005,5.756006945348598,0.0,387.8594791942929,8782.630493135404,9.61872567801688,9.869138774764972,49.673934606704805,12.144124842165185,2302.786376953125,12.144124842165185,86.22328637937281,86.22328637937281,0.0,0.0,5.208333333333333,0.3660418082569846,426.9406051162813,161.99951226071596,297.3695068645957,150.3260653932952,1.0,2.2749860674002083,0.0,1855.239583956697,490.7513101029023,478.35934597824394,3150.4940018146904,15.20213301931988,0.0,482.8488338176922,86.22328637937287,97.15299873732154,41.666666666666664,12.39196412465836,191703662.2496527,95824833.33333333,10.0,1.0,7.853981633974483,20.0,2.5,98.17477042468104,8782.630493135404,9.618725678016885,9.869138774764972,49.673934606704805,12.144124842165192,2302.786376953125,426.940605116282,5.208333333333333,0.3660418082569846,161.99951226071596
709,0.475761,1.0,1,882.6506397028221,0.0,490.7513101029023,9.618725678016885,76.94980542413508,86.56853110215197,1080.6849061720343,0.0,198.03426646921224,2942.03687921552,0.0,0.0,0.0,5.756006945348598,0.0,390.1230903313561,8782.630493135404,9.618725678016885,9.869138774764972,49.673934606704805,12.144124842165192,2302.786376953125,12.144124842165192,86.22328637937287,86.22328637937287,0.0,0.0,5.208333333333333,0.3660418082569846,426.940605116282,161.99951226071596,297.3695068645957,150.3260653932952,1.0,2.2749860674002154,0.0,1855.239583956697,490.7513101029023,478.35934597824394,3150.4940018146904,15.20213301931988,0.0,482.8488338176922,86.22328637937287,97.15299873732154,41.666666666666664,12.39196412465836,191703662.2496527,95824833.33333333,10.0,1.0,7.853981633974483,20.0,2.5,98.17477042468104,8782.630493135404,9.618725678016885,9.869138774764972,49.673934606704805,12.144124842165192,2302.786376953125,426.940605116282,5.208333333333333,0.3660418082569846,161.99951226071596
710,0.388671,1.0,1,721.0778243360334,0.0,202.9509628354561,3.9778388715749395,31.822710972599516,35.800549844174455,793.4486475852308,0.0,72.37082324918265,2865.857065269012,0.0,0.0,5.640886806441964,0.0,0.0,392.3867014684075,8782.630493135404,9.618725678016878,9.869138774764972,49.673934606704805,12.144124842165182,2302.786376953125,12.144124842165182,86.22328637937278,86.22328637937288,0.0,0.0,5.208333333333333,0.3660418082569846,426.9406051162804,161.99951226071596,297.3695068645957,150.3260653932952,1.0,2.274986067400192,0.0,1855.239583956697,490.7513101029023,478.35934597824394,3150.4940018146904,15.20213301931988,0.0,482.8488338176922,86.22328637937287,97.15299873732154,41.666666666666664,12.39196412465836,191703662.2496527,95824833.33333333,10.0,1.0,7.853981633974483,20.0,2.5,98.17477042468104,8782.630493135404,9.618725678016885,9.869138774764972,49.673934606704805,12.144124842165192,2302.786376953125,426.940605116282,5.208333333333333,0.3660418082569846,161.99951226071596
711,0.330241,0.0,1,612.6761754454436,0.0,432.7205393500708,8.481322571261387,67.8505805700911,76.33190314135248,612.6761754454436,0.0,0.0,2865.857065269012,1.0,8.481322571261387,0.0,8.31169611983616,0.0,382.4679690314578,0.0,0.0,9.869138774764972,49.673934606704805,0.0,0.0,0.0,0.0,0.0,0.0,0.0,5.208333333333333,0.3660418082569846,0.0,161.99951226071596,9080.0,150.3260653932952,0.0,0.0,9.869138774764972,1855.239583956697,490.7513101029023,478.35934597824394,3150.4940018146904,15.20213301931988,0.0,482.8488338176922,86.22328637937287,97.15299873732154,41.666666666666664,12.39196412465836,191703662.2496527,95824833.33333333,10.0,1.0,7.853981633974483,20.0,2.5,98.17477042468104,8782.630493135404,9.618725678016885,9.869138774764972,49.673934606704805,12.144124842165192,2302.786376953125,426.940605116282,5.208333333333333,0.3660418082569846,161.99951226071596
712,0.27793,0.0,1,515.6267375690849,0.0,339.33193477312824,6.6509059215533135,53.20724737242651,59.858153293979825,515.6267375690849,0.0,0.0,2865.857065269012,1.0,6.650905921553313,0.0,14.829583922958061,0.0,372.5492365945081,0.0,0.0,9.869138774764972,49.673934606704805,0.0,0.0,0.0,0.0,0.0,0.0,0.0,5.208333333333333,0.3660418082569846,0.0,161.99951226071596,9080.0,150.3260653932952,0.0,0.0,9.869138774764972,1855.239583956697,490.7513101029023,478.35934597824394,3150.4940018146904,15.20213301931988,0.0,482.8488338176922,86.22328637937287,97.15299873732154,41.666666666666664,12.39196412465836,191703662.2496527,95824833.33333333,10.0,1.0,7.853981633974483,20.0,2.5,98.17477042468104,8782.630493135404,9.618725678016885,9.869138774764972,49.673934606704805,12.144124842165192,2302.786376953125,426.940605116282,5.208333333333333,0.3660418082569846,161.99951226071596
713,0.219208,1.0,1,406.68335871997965,0.0,189.72792160249242,3.718667263408851,29.74933810727081,33.46800537067966,780.2515235130852,0.0,373.56816479310555,2472.6274181183744,0.0,0.0,5.900058414608034,8.809116152949864,0.0,374.8128477315713,8782.630493135404,9.618725678016885,9.869138774764972,49.673934606704805,12.144124842165192,2302.786376953125,12.144124842165192,86.22328637937287,86.22328637937287,0.0,0.0,5.208333333333333,0.3660418082569846,426.940605116282,161.99951226071596,297.3695068645957,150.3260653932952,1.0,2.2749860674002154,0.0,1855.239583956697,490.7513101029023,478.35934597824394,3150.4940018146904,15.20213301931988,0.0,482.8488338176922,86.22328637937287,97.15299873732154,41.666666666666664,12.39196412465836,191703662.2496527,95824833.33333333,10.0,1.0,7.853981633974483,20.0,2.5,98.17477042468104,8782.630493135404,9.618725678016885,9.869138774764972,49.673934606704805,12.144124842165192,2302.786376953125,426.940605116282,5.208333333333333,0.3660418082569846,161.99951226071596
714,0.173352,0.0,1,321.60949235806135,0.0,152.63327694881764,2.991612228196826,23.932897825574607,26.92451005377143,321.60949235806135,0.0,0.0,2472.6274181183744,1.0,2.991612228196826,0.0,11.740896126856335,0.0,364.89411529462126,0.0,0.0,9.869138774764972,49.673934606704805,0.0,0.0,0.0,0.0,0.0,0.0,0.0,5.208333333333333,0.3660418082569846,0.0,161.99951226071596,9080.0,150.3260653932952,0.0,0.0,9.86913877476497,1855.239583956697,490.7513101029023,478.35934597824394,3150.4940018146904,15.20213301931988,0.0,482.8488338176922,86.22328637937287,97.15299873732154,41.666666666666664,12.39196412465836,191703662.2496527,95824833.33333333,10.0,1.0,7.853981633974483,20.0,2.5,98.17477042468104,8782.630493135404,9.618725678016885,9.869138774764972,49.673934606704805,12.144124842165192,2302.786376953125,426.940605116282,5.208333333333333,0.3660418082569846,161.99951226071596
715,0.150115,0.0,1,278.4992901456596,0.0,111.14924864589047,2.178525273459453,17.428202187675623,19.606727461135076,278.4992901456594,0.0,0.0,2472.6274181183744,1.0,2.178525273459453,0.0,13.875850894846598,0.0,354.97538285767155,0.0,0.0,9.869138774764972,49.673934606704805,0.0,0.0,0.0,0.0,0.0,0.0,0.0,5.208333333333333,0.3660418082569846,0.0,161.99951226071596,9080.0,150.3260653932952,0.0,0.0,9.869138774764972,1855.239583956697,490.7513101029023,478.35934597824394,3150.4940018146904,15.20213301931988,0.0,482.8488338176922,86.22328637937287,97.15299873732154,41.666666666666664,12.39196412465836,191703662.2496527,95824833.33333333,10.0,1.0,7.853981633974483,20.0,2.5,98.17477042468104,8782.630493135404,9.618725678016885,9.869138774764972,49.673934606704805,12.144124842165192,2302.786376953125,426.940605116282,5.208333333333333,0.3660418082569846,161.99951226071596
716,0.120644,0.0,1,223.82352436687177,0.0,58.53592514821181,1.1473041329049514,9.178433063239611,10.325737196144562,223.82352436687177,0.0,0.0,2472.6274181183744,1.0,1.1473041329049514,0.0,15.000208945093451,0.0,345.05665042072184,0.0,0.0,9.869138774764972,49.673934606704805,0.0,0.0,0.0,0.0,0.0,0.0,0.0,5.208333333333333,0.3660418082569846,0.0,161.99951226071596,9080.0,150.3260653932952,0.0,0.0,9.869138774764972,1855.239583956697,490.7513101029023,478.35934597824394,3150.4940018146904,15.20213301931988,0.0,482.8488338176922,86.22328637937287,97.15299873732154,41.666666666666664,12.39196412465836,191703662.2496527,95824833.33333333,10.0,1.0,7.853981633974483,20.0,2.5,98.17477042468104,8782.630493135404,9.618725678016885,9.869138774764972,49.673934606704805,12.144124842165192,2302.786376953125,426.940605116282,5.208333333333333,0.3660418082569846,161.99951226071596
717,0.087505,0.0,1,162.34273979413078,0.0,0.0,0.0,0.0,0.0,162.99299095285005,0.0,0.6502511587192774,2471.9429432144593,0.0,0.0,0.0,15.000208945093451,0.0,335.1379179837721,0.0,0.0,9.869138774764972,49.673934606704805,0.0,0.0,0.0,0.0,0.0,0.0,0.0,5.208333333333333,0.3660418082569846,0.0,161.99951226071596,9080.0,150.3260653932952,0.0,0.0,9.869138774764972,1855.239583956697,490.7513101029023,478.35934597824394,3150.4940018146904,15.20213301931988,0.0,482.8488338176922,86.22328637937287,97.15299873732154,41.666666666666664,12.39196412465836,191703662.2496527,95824833.33333333,10.0,1.0,7.853981633974483,20.0,2.5,98.17477042468104,8782.630493135404,9.618725678016885,9.869138774764972,49.673934606704805,12.144124842165192,2302.786376953125,426.940605116282,5.208333333333333,0.3660418082569846,161.99951226071596
718,0.0766299999999999,0.0,1,142.16700931860152,0.0,0.0,0.0,0.0,0.0,162.99299095285005,0.0,20.82598111040021,2450.0208578375905,1.0,0.0,0.0,15.000208945093451,0.0,325.21918554678444,0.0,0.0,9.869138774764972,49.673934606704805,0.0,0.0,0.0,0.0,0.0,0.0,0.0,5.208333333333333,0.3660418082569846,0.0,161.99951226071596,9080.0,150.3260653932952,0.0,0.0,9.869138774764972,1855.239583956697,490.7513101029023,478.35934597824394,3150.4940018146904,15.20213301931988,0.0,482.8488338176922,86.22328637937287,97.15299873732154,41.666666666666664,12.39196412465836,191703662.2496527,95824833.33333333,10.0,1.0,7.853981633974483,20.0,2.5,98.17477042468104,8782.630493135404,9.618725678016885,9.869138774764972,49.673934606704805,12.144124842165192,2302.786376953125,426.940605116282,5.208333333333333,0.3660418082569846,161.99951226071596
719,0.093744,0.0,1,173.91757955843659,0.0,10.512498658185658,0.2060449737004389,1.6483597896035111,1.85440476330395,173.91757955843659,0.0,0.0,2450.0208578375905,1.0,0.2060449737004389,0.0,15.20213301931988,0.0,315.30045310983473,0.0,0.0,9.869138774764972,49.673934606704805,0.0,0.0,0.0,0.0,0.0,0.0,0.0,5.208333333333333,0.3660418082569846,0.0,161.99951226071596,9080.0,150.3260653932952,0.0,0.0,9.869138774764972,1855.239583956697,490.7513101029023,478.35934597824394,3150.4940018146904,15.20213301931988,0.0,482.8488338176922,86.22328637937287,97.15299873732154,41.666666666666664,12.39196412465836,191703662.2496527,95824833.33333333,10.0,1.0,7.853981633974483,20.0,2.5,98.17477042468104,8782.630493135404,9.618725678016885,9.869138774764972,49.673934606704805,12.144124842165192,2302.786376953125,426.940605116282,5.208333333333333,0.3660418082569846,161.99951226071596
720,0.5423709999999999,1.0,1,1006.2281483901776,0.0,416.1483304809867,8.15650727742734,65.25205821941871,73.40856549684605,1006.2281483901777,0.0,0.0,2450.0208578375905,0.0,0.0,1.4622184005895473,13.710073426881566,0.0,317.56406424689794,8782.630493135404,9.618725678016885,9.869138774764972,49.673934606704805,12.144124842165192,2302.786376953125,12.144124842165192,86.22328637937287,86.22328637937287,0.0,0.0,5.208333333333333,0.3660418082569846,426.940605116282,161.99951226071596,297.3695068645957,150.3260653932952,1.0,2.2749860674002154,0.0,1855.239583956697,490.7513101029023,478.35934597824394,3150.4940018146904,15.20213301931988,0.0,482.8488338176922,86.22328637937287,97.15299873732154,41.666666666666664,12.39196412465836,191703662.2496527,95824833.33333333,10.0,1.0,7.853981633974483,20.0,2.5,98.17477042468104,8782.630493135404,9.618725678016885,9.869138774764972,49.673934606704805,12.144124842165192,2302.786376953125,426.940605116282,5.208333333333333,0.3660418082569846,161.99951226071596
721,0.53572,1.0,1,993.8889499172817,0.0,403.7848996837281,7.91418403380107,63.31347227040856,71.22765630420963,993.8889499172817,0.0,0.0,2450.0208578375905,0.0,0.0,1.7045416442158148,11.970745218498083,0.0,319.82767538395285,8782.630493135404,9.618725678016885,9.869138774764972,49.673934606704805,12.144124842165192,2302.786376953125,12.144124842165192,86.22328637937287,86.22328637937287,0.0,0.0,5.208333333333333,0.3660418082569846,426.940605116282,161.99951226071596,297.3695068645957,150.3260653932952,1.0,2.2749860674002154,0.0,1855.239583956697,490.7513101029023,478.35934597824394,3150.4940018146904,15.20213301931988,0.0,482.8488338176922,86.22328637937287,97.15299873732154,41.666666666666664,12.39196412465836,191703662.2496527,95824833.33333333,10.0,1.0,7.853981633974483,20.0,2.5,98.17477042468104,8782.630493135404,9.618725678016885,9.869138774764972,49.673934606704805,12.144124842165192,2302.786376953125,426.940605116282,5.208333333333333,0.3660418082569846,161.99951226071596
722,0.530442,1.0,1,984.0969953931583,0.0,468.57669486000566,9.18410321925611,73.47282575404888,82.656928973305,1058.553753175014,0.0,74.45675778185569,2371.6453233303737,0.0,0.0,0.4346224587607743,11.52725291364015,0.0,322.09128652101606,8782.630493135404,9.618725678016885,9.869138774764972,49.673934606704805,12.144124842165192,2302.786376953125,12.144124842165192,86.22328637937287,86.22328637937287,0.0,0.0,5.208333333333333,0.3660418082569846,426.940605116282,161.99951226071596,297.3695068645957,150.3260653932952,1.0,2.2749860674002154,0.0,1855.239583956697,490.7513101029023,478.35934597824394,3150.4940018146904,15.20213301931988,0.0,482.8488338176922,86.22328637937287,97.15299873732154,41.666666666666664,12.39196412465836,191703662.2496527,95824833.33333333,10.0,1.0,7.853981633974483,20.0,2.5,98.17477042468104,8782.630493135404,9.618725678016885,9.869138774764972,49.673934606704805,12.144124842165192,2302.786376953125,426.940605116282,5.208333333333333,0.3660418082569846,161.99951226071596
723,0.530397,1.0,1,984.0135096118803,0.0,490.75131010290244,9.618725678016887,76.94980542413509,86.56853110215198,1080.6849061720347,0.0,96.67139656015416,2269.8859585302116,0.0,0.0,0.0,11.527252913640151,0.0,324.35489765807114,8782.630493135404,9.618725678016885,9.869138774764972,49.673934606704805,12.144124842165192,2302.786376953125,12.144124842165192,86.22328637937287,86.22328637937287,0.0,0.0,5.208333333333333,0.3660418082569846,426.940605116282,161.99951226071596,297.3695068645957,150.3260653932952,1.0,2.2749860674002154,0.0,1855.239583956697,490.7513101029023,478.35934597824394,3150.4940018146904,15.20213301931988,0.0,482.8488338176922,86.22328637937287,97.15299873732154,41.666666666666664,12.39196412465836,191703662.2496527,95824833.33333333,10.0,1.0,7.853981633974483,20.0,2.5,98.17477042468104,8782.630493135404,9.618725678016885,9.869138774764972,49.673934606704805,12.144124842165192,2302.786376953125,426.940605116282,5.208333333333333,0.3660418082569846,161.99951226071596
724,0.5450389999999999,1.0,1,1011.1779276001741,0.0,423.5405100193161,8.301393996378595,66.41115197102876,74.71254596740735,1013.605839256612,0.0,2.4279116564378,2267.3302620497507,0.0,0.0,1.31733168163829,10.183036911968426,0.0,326.61850879513435,8782.630493135404,9.618725678016885,9.869138774764972,49.673934606704805,12.144124842165192,2302.786376953125,12.144124842165192,86.22328637937287,86.22328637937287,0.0,0.0,5.208333333333333,0.3660418082569846,426.940605116282,161.99951226071596,297.3695068645957,150.3260653932952,1.0,2.2749860674002154,0.0,1855.239583956697,490.7513101029023,478.35934597824394,3150.4940018146904,15.20213301931988,0.0,482.8488338176922,86.22328637937287,97.15299873732154,41.666666666666664,12.39196412465836,191703662.2496527,95824833.33333333,10.0,1.0,7.853981633974483,20.0,2.5,98.17477042468104,8782.630493135404,9.618725678016885,9.869138774764972,49.673934606704805,12.144124842165192,2302.786376953125,426.940605116282,5.208333333333333,0.3660418082569846,161.99951226071596
725,0.5596169999999999,1.0,1,1038.2236102550949,0.0,448.20662660630995,8.784849881483675,70.2787990518694,79.06364893335308,1038.2236102550953,0.0,0.0,2267.3302620497507,0.0,0.0,0.8338757965332182,9.33214324203657,0.0,328.88211993219755,8782.630493135404,9.618725678016885,9.869138774764972,49.673934606704805,12.144124842165192,2302.786376953125,12.144124842165192,86.22328637937287,86.22328637937287,0.0,0.0,5.208333333333333,0.3660418082569846,426.940605116282,161.99951226071596,297.3695068645957,150.3260653932952,1.0,2.2749860674002154,0.0,1855.239583956697,490.7513101029023,478.35934597824394,3150.4940018146904,15.20213301931988,0.0,482.8488338176922,86.22328637937287,97.15299873732154,41.666666666666664,12.39196412465836,191703662.2496527,95824833.33333333,10.0,1.0,7.853981633974483,20.0,2.5,98.17477042468104,8782.630493135404,9.618725678016885,9.869138774764972,49.673934606704805,12.144124842165192,2302.786376953125,426.940605116282,5.208333333333333,0.3660418082569846,161.99951226071596
726,0.559455,1.0,1,1037.923061442494,0.0,490.7513101029023,9.618725678016885,76.94980542413508,86.56853110215197,1080.6849061720343,0.0,42.76184472954037,2222.3177939133925,0.0,0.0,0.0,9.33214324203657,0.0,331.14573106926076,8782.630493135404,9.618725678016885,9.869138774764972,49.673934606704805,12.144124842165192,2302.786376953125,12.144124842165192,86.22328637937287,86.22328637937287,0.0,0.0,5.208333333333333,0.3660418082569846,426.940605116282,161.99951226071596,297.3695068645957,150.3260653932952,1.0,2.2749860674002154,0.0,1855.239583956697,490.7513101029023,478.35934597824394,3150.4940018146904,15.20213301931988,0.0,482.8488338176922,86.22328637937287,97.15299873732154,41.666666666666664,12.39196412465836,191703662.2496527,95824833.33333333,10.0,1.0,7.853981633974483,20.0,2.5,98.17477042468104,8782.630493135404,9.618725678016885,9.869138774764972,49.673934606704805,12.144124842165192,2302.786376953125,426.940605116282,5.208333333333333,0.3660418082569846,161.99951226071596
727,0.554332,1.0,1,1028.4186690538838,0.0,438.38242997971054,8.592295627602326,68.7383650208186,77.33066064842093,1028.4186690538843,0.0,0.0,2222.3177939133925,0.0,0.0,1.026430050414561,8.284765639572733,0.0,333.4093422063154,8782.630493135404,9.618725678016885,9.869138774764972,49.673934606704805,12.144124842165192,2302.786376953125,12.144124842165192,86.22328637937287,86.22328637937287,0.0,0.0,5.208333333333333,0.3660418082569846,426.940605116282,161.99951226071596,297.3695068645957,150.3260653932952,1.0,2.2749860674002154,0.0,1855.239583956697,490.7513101029023,478.35934597824394,3150.4940018146904,15.20213301931988,0.0,482.8488338176922,86.22328637937287,97.15299873732154,41.666666666666664,12.39196412465836,191703662.2496527,95824833.33333333,10.0,1.0,7.853981633974483,20.0,2.5,98.17477042468104,8782.630493135404,9.618725678016885,9.869138774764972,49.673934606704805,12.144124842165192,2302.786376953125,426.940605116282,5.208333333333333,0.3660418082569846,161.99951226071596
728,0.5516749999999999,1.0,1,1023.4892974793107,0.0,433.4433778629887,8.495490206114578,67.96392164891662,76.4594118550312,1023.4892974793111,0.0,0.0,2222.3177939133925,0.0,0.0,1.1232354719023114,7.138606994774456,0.0,335.6729533433786,8782.630493135404,9.618725678016885,9.869138774764972,49.673934606704805,12.144124842165192,2302.786376953125,12.144124842165192,86.22328637937287,86.22328637937287,0.0,0.0,5.208333333333333,0.3660418082569846,426.940605116282,161.99951226071596,297.3695068645957,150.3260653932952,1.0,2.2749860674002154,0.0,1855.239583956697,490.7513101029023,478.35934597824394,3150.4940018146904,15.20213301931988,0.0,482.8488338176922,86.22328637937287,97.15299873732154,41.666666666666664,12.39196412465836,191703662.2496527,95824833.33333333,10.0,1.0,7.853981633974483,20.0,2.5,98.17477042468104,8782.630493135404,9.618725678016885,9.869138774764972,49.673934606704805,12.144124842165192,2302.786376953125,426.940605116282,5.208333333333333,0.3660418082569846,161.99951226071596
729,0.541082,1.0,1,1003.8367445664575,0.0,413.75223030091354,8.109543713897905,64.87634971118324,72.98589342508114,1003.8367445664575,0.0,0.0,2222.3177939133925,0.0,0.0,1.5091819641189799,5.598625398734681,0.0,337.9365644804418,8782.630493135404,9.618725678016885,9.869138774764972,49.673934606704805,12.144124842165192,2302.786376953125,12.144124842165192,86.22328637937287,86.22328637937287,0.0,0.0,5.208333333333333,0.3660418082569846,426.940605116282,161.99951226071596,297.3695068645957,150.3260653932952,1.0,2.2749860674002154,0.0,1855.239583956697,490.7513101029023,478.35934597824394,3150.4940018146904,15.20213301931988,0.0,482.8488338176922,86.22328637937287,97.15299873732154,41.666666666666664,12.39196412465836,191703662.2496527,95824833.33333333,10.0,1.0,7.853981633974483,20.0,2.5,98.17477042468104,8782.630493135404,9.618725678016885,9.869138774764972,49.673934606704805,12.144124842165192,2302.786376953125,426.940605116282,5.208333333333333,0.3660418082569846,161.99951226071596
730,0.5233099999999999,1.0,1,970.8654266803791,0.0,380.71616172041666,7.462036769720166,59.69629415776133,67.1583309274815,970.8654266803783,0.0,0.0,2222.3177939133925,0.0,0.0,2.1566889082967187,3.397922431084968,0.0,340.20017561752536,8782.630493135404,9.618725678016885,9.869138774764972,49.673934606704805,12.144124842165192,2302.786376953125,12.144124842165192,86.22328637937287,86.22328637937287,0.0,0.0,5.208333333333333,0.3660418082569846,426.940605116282,161.99951226071596,297.3695068645957,150.3260653932952,1.0,2.2749860674002154,0.0,1855.239583956697,490.7513101029023,478.35934597824394,3150.4940018146904,15.20213301931988,0.0,482.8488338176922,86.22328637937287,97.15299873732154,41.666666666666664,12.39196412465836,191703662.2496527,95824833.33333333,10.0,1.0,7.853981633974483,20.0,2.5,98.17477042468104,8782.630493135404,9.618725678016885,9.869138774764972,49.673934606704805,12.144124842165192,2302.786376953125,426.940605116282,5.208333333333333,0.3660418082569846,161.99951226071596
731,0.4963829999999999,1.0,1,920.909390403177,0.0,330.66201932412014,6.480975578752754,51.84780463002203,58.32878020877479,920.909390403177,0.0,0.0,2222.3177939133925,0.0,0.0,3.1377500992641236,0.19613661550933204,0.0,342.4637867544127,8782.630493135404,9.618725678016878,9.869138774764972,49.673934606704805,12.144124841988422,2302.786376953125,12.144124841988422,86.22328637811779,86.22328637811779,0.0,0.0,5.208333333333333,0.3660418082569846,426.9406051162804,161.99951226071596,297.3695068645957,150.3260653932952,1.0,2.2749860672234643,0.0,1855.239583956697,490.7513101029023,478.35934597824394,3150.4940018146904,15.20213301931988,0.0,482.8488338176922,86.22328637937287,97.15299873732154,41.666666666666664,12.39196412465836,191703662.2496527,95824833.33333333,10.0,1.0,7.853981633974483,20.0,2.5,98.17477042468104,8782.630493135404,9.618725678016885,9.869138774764972,49.673934606704805,12.144124842165192,2302.786376953125,426.940605116282,5.208333333333333,0.3660418082569846,161.99951226071596
732,0.48524,0.0,1,900.2364557191477,0.0,490.75131010290244,9.618725678016887,76.94980542413509,86.56853110215198,900.2364557191482,227.25470330736198,0.0,2438.2097620553864,1.0,9.618725678016887,0.0,9.622487779965464,0.0,332.54505431747606,0.0,0.0,9.869138774764972,49.673934606704805,0.0,0.0,0.0,0.0,0.0,0.0,0.0,5.208333333333333,0.3660418082569846,0.0,161.99951226071596,9080.0,150.3260653932952,0.0,0.0,9.869138774764961,1855.239583956697,490.7513101029023,478.35934597824394,3150.4940018146904,15.20213301931988,0.0,482.8488338176922,86.22328637937287,97.15299873732154,41.666666666666664,12.39196412465836,191703662.2496527,95824833.33333333,10.0,1.0,7.853981633974483,20.0,2.5,98.17477042468104,8782.630493135404,9.618725678016885,9.869138774764972,49.673934606704805,12.144124842165192,2302.786376953125,426.940605116282,5.208333333333333,0.3660418082569846,161.99951226071596
733,0.488093,1.0,1,905.5294542521762,0.0,315.25187929866775,6.1789368342538875,49.4314946740311,55.61043150828499,905.529454252176,0.0,0.0,2438.2097620553864,0.0,0.0,3.4397888437629973,6.1124991638807735,0.0,334.80866545453927,8782.630493135404,9.618725678016885,9.869138774764972,49.673934606704805,12.144124842165192,2302.786376953125,12.144124842165192,86.22328637937287,86.22328637937287,0.0,0.0,5.208333333333333,0.3660418082569846,426.940605116282,161.99951226071596,297.3695068645957,150.3260653932952,1.0,2.2749860674002154,0.0,1855.239583956697,490.7513101029023,478.35934597824394,3150.4940018146904,15.20213301931988,0.0,482.8488338176922,86.22328637937287,97.15299873732154,41.666666666666664,12.39196412465836,191703662.2496527,95824833.33333333,10.0,1.0,7.853981633974483,20.0,2.5,98.17477042468104,8782.630493135404,9.618725678016885,9.869138774764972,49.673934606704805,12.144124842165192,2302.786376953125,426.940605116282,5.208333333333333,0.3660418082569846,161.99951226071596
734,0.493228,1.0,1,915.0561095157938,0.0,367.64306601778543,7.205804093948594,57.646432751588755,64.85223684553735,957.8179542453242,0.0,42.761844729535994,2393.1972939190327,0.0,0.0,2.4129215840682914,3.6503342821789686,0.0,337.0722765916025,8782.630493135404,9.618725678016885,9.869138774764972,49.673934606704805,12.144124842165192,2302.786376953125,12.144124842165192,86.22328637937287,86.22328637937287,0.0,0.0,5.208333333333333,0.3660418082569846,426.940605116282,161.99951226071596,297.3695068645957,150.3260653932952,1.0,2.2749860674002154,0.0,1855.239583956697,490.7513101029023,478.35934597824394,3150.4940018146904,15.20213301931988,0.0,482.8488338176922,86.22328637937287,97.15299873732154,41.666666666666664,12.39196412465836,191703662.2496527,95824833.33333333,10.0,1.0,7.853981633974483,20.0,2.5,98.17477042468104,8782.630493135404,9.618725678016885,9.869138774764972,49.673934606704805,12.144124842165192,2302.786376953125,426.940605116282,5.208333333333333,0.3660418082569846,161.99951226071596
735,0.4843179999999999,1.0,1,898.5259248227394,0.0,308.2345959939539,6.041398081481496,48.33118465185197,54.372582733333466,898.5259248227399,0.0,0.0,2393.1972939190327,0.0,0.0,3.577327596535389,0.0,0.0,339.3358877287734,8782.630493135404,9.61872567801688,9.869138774764972,49.673934606704805,12.1441248421652,2302.786376953125,12.1441248421652,86.22328637937291,86.22328637937288,0.0,0.0,5.208333333333333,0.3660418082569846,426.9406051162823,161.99951226071596,297.3695068645957,150.3260653932952,1.0,2.2749860675291456,0.0,1855.239583956697,490.7513101029023,478.35934597824394,3150.4940018146904,15.20213301931988,0.0,482.8488338176922,86.22328637937287,97.15299873732154,41.666666666666664,12.39196412465836,191703662.2496527,95824833.33333333,10.0,1.0,7.853981633974483,20.0,2.5,98.17477042468104,8782.630493135404,9.618725678016885,9.869138774764972,49.673934606704805,12.144124842165192,2302.786376953125,426.940605116282,5.208333333333333,0.3660418082569846,161.99951226071596
736,0.451673,0.0,1,837.9616286044732,0.0,490.75131010290244,9.618725678016887,76.94980542413509,86.56853110215198,837.9616286044736,164.9798761926873,0.0,2549.928176302086,1.0,9.618725678016887,0.0,9.42635116445603,0.0,329.4171552918237,0.0,0.0,9.869138774764972,49.673934606704805,0.0,0.0,0.0,0.0,0.0,0.0,0.0,5.208333333333333,0.3660418082569846,0.0,161.99951226071596,9080.0,150.3260653932952,0.0,0.0,9.869138774764961,1855.239583956697,490.7513101029023,478.35934597824394,3150.4940018146904,15.20213301931988,0.0,482.8488338176922,86.22328637937287,97.15299873732154,41.666666666666664,12.39196412465836,191703662.2496527,95824833.33333333,10.0,1.0,7.853981633974483,20.0,2.5,98.17477042468104,8782.630493135404,9.618725678016885,9.869138774764972,49.673934606704805,12.144124842165192,2302.786376953125,426.940605116282,5.208333333333333,0.3660418082569846,161.99951226071596
737,0.41249,1.0,1,765.267775986298,0.0,174.7147482171764,3.4244090650566577,27.39527252045326,30.81968158550992,765.2677759476045,0.0,0.0,2549.928176302086,0.0,0.0,6.194316612960227,3.105619926741497,0.0,331.6807664288869,8782.630493135404,9.618725678016885,9.869138774764972,49.673934606704805,12.144124842165192,2302.786376953125,12.144124842165192,86.22328637937287,86.22328637937287,0.0,0.0,5.208333333333333,0.3660418082569846,426.940605116282,161.99951226071596,297.3695068645957,150.3260653932952,1.0,2.2749860674002154,0.0,1855.239583956697,490.7513101029023,478.35934597824394,3150.4940018146904,15.20213301931988,0.0,482.8488338176922,86.22328637937287,97.15299873732154,41.666666666666664,12.39196412465836,191703662.2496527,95824833.33333333,10.0,1.0,7.853981633974483,20.0,2.5,98.17477042468104,8782.630493135404,9.618725678016885,9.869138774764972,49.673934606704805,12.144124842165192,2302.786376953125,426.940605116282,5.208333333333333,0.3660418082569846,161.99951226071596
738,0.377512,0.0,1,700.3752058186607,0.0,176.71684063621063,3.4636500764697282,27.709200611757826,31.172850688227555,700.3752058186606,353.73807407666044,0.0,2885.979346674913,1.0,3.4636500764697282,0.0,6.49999700168183,0.0,321.7620339919248,0.0,0.0,9.869138774764972,49.673934606704805,0.0,0.0,0.0,0.0,0.0,0.0,0.0,5.208333333333333,0.3660418082569846,0.0,161.99951226071596,9080.0,150.3260653932952,0.0,0.0,9.86913877476497,1855.239583956697,490.7513101029023,478.35934597824394,3150.4940018146904,15.20213301931988,0.0,482.8488338176922,86.22328637937287,97.15299873732154,41.666666666666664,12.39196412465836,191703662.2496527,95824833.33333333,10.0,1.0,7.853981633974483,20.0,2.5,98.17477042468104,8782.630493135404,9.618725678016885,9.869138774764972,49.673934606704805,12.144124842165192,2302.786376953125,426.940605116282,5.208333333333333,0.3660418082569846,161.99951226071596
739,0.341627,0.0,1,633.7999333483746,0.0,453.0474811350313,8.879730630246614,71.03784504197291,79.91757567221953,633.7999333483746,0.0,0.0,2885.979346674913,1.0,8.879730630246614,0.0,15.202133019323512,0.0,311.8433015549751,0.0,0.0,9.869138774764972,49.673934606704805,0.0,0.0,0.0,0.0,0.0,0.0,0.0,5.208333333333333,0.3660418082569846,0.0,161.99951226071596,9080.0,150.3260653932952,0.0,0.0,9.869138774764972,1855.239583956697,490.7513101029023,478.35934597824394,3150.4940018146904,15.20213301931988,0.0,482.8488338176922,86.22328637937287,97.15299873732154,41.666666666666664,12.39196412465836,191703662.2496527,95824833.33333333,10.0,1.0,7.853981633974483,20.0,2.5,98.17477042468104,8782.630493135404,9.618725678016885,9.869138774764972,49.673934606704805,12.144124842165192,2302.786376953125,426.940605116282,5.208333333333333,0.3660418082569846,161.99951226071596
740,0.297021,1.0,1,551.0451164664021,0.0,161.54953117325306,3.16637081099576,25.33096648796608,28.49733729896184,752.1283627290871,0.0,201.08324630336256,2674.312771618742,0.0,0.0,6.452354867021139,8.618097440730512,0.0,314.1069126920383,8782.630493135404,9.618725678016885,9.869138774764972,49.673934606704805,12.144124842165192,2302.786376953125,12.144124842165192,86.22328637937287,86.22328637937287,0.0,0.0,5.208333333333333,0.3660418082569846,426.940605116282,161.99951226071596,297.3695068645957,150.3260653932952,1.0,2.2749860674002154,0.0,1855.239583956697,490.7513101029023,478.35934597824394,3150.4940018146904,15.20213301931988,0.0,482.8488338176922,86.22328637937287,97.15299873732154,41.666666666666664,12.39196412465836,191703662.2496527,95824833.33333333,10.0,1.0,7.853981633974483,20.0,2.5,98.17477042468104,8782.630493135404,9.618725678016885,9.869138774764972,49.673934606704805,12.144124842165192,2302.786376953125,426.940605116282,5.208333333333333,0.3660418082569846,161.99951226071596
741,0.2798589999999999,0.0,1,519.2054947265372,0.0,342.7756965111281,6.718403651618111,53.74722921294489,60.465632864563,519.2054947672144,0.0,0.0,2674.312771618742,1.0,6.718403651618111,0.0,15.20213301931626,0.0,304.1881802550886,0.0,0.0,9.869138774764972,49.673934606704805,0.0,0.0,0.0,0.0,0.0,0.0,0.0,5.208333333333333,0.3660418082569846,0.0,161.99951226071596,9080.0,150.3260653932952,0.0,0.0,9.869138774764972,1855.239583956697,490.7513101029023,478.35934597824394,3150.4940018146904,15.20213301931988,0.0,482.8488338176922,86.22328637937287,97.15299873732154,41.666666666666664,12.39196412465836,191703662.2496527,95824833.33333333,10.0,1.0,7.853981633974483,20.0,2.5,98.17477042468104,8782.630493135404,9.618725678016885,9.869138774764972,49.673934606704805,12.144124842165192,2302.786376953125,426.940605116282,5.208333333333333,0.3660418082569846,161.99951226071596
742,0.286566,1.0,1,531.6485866161348,0.0,221.3959692399917,4.339360997103837,34.714887976830695,39.054248973934534,811.857501777215,0.0,280.20891516108026,2379.3560188176048,0.0,0.0,5.279364680913048,9.815026202058048,0.0,306.4517913921518,8782.630493135404,9.618725678016885,9.869138774764972,49.673934606704805,12.144124842165192,2302.786376953125,12.144124842165192,86.22328637937287,86.22328637937287,0.0,0.0,5.208333333333333,0.3660418082569846,426.940605116282,161.99951226071596,297.3695068645957,150.3260653932952,1.0,2.2749860674002154,0.0,1855.239583956697,490.7513101029023,478.35934597824394,3150.4940018146904,15.20213301931988,0.0,482.8488338176922,86.22328637937287,97.15299873732154,41.666666666666664,12.39196412465836,191703662.2496527,95824833.33333333,10.0,1.0,7.853981633974483,20.0,2.5,98.17477042468104,8782.630493135404,9.618725678016885,9.869138774764972,49.673934606704805,12.144124842165192,2302.786376953125,426.940605116282,5.208333333333333,0.3660418082569846,161.99951226071596
743,0.296982,1.0,1,550.9727621226278,0.0,0.0,0.0,0.0,0.0,590.8954686369337,0.0,39.92270651448672,2337.332117223408,0.0,0.0,9.618725678016887,0.0,0.0,308.715402529215,8782.630493135404,9.618725678016885,9.869138774764972,49.673934606704805,12.144124842165192,2302.786376953125,12.144124842165192,86.22328637937287,86.22328637937287,0.0,0.0,5.208333333333333,0.3660418082569846,426.940605116282,161.99951226071596,297.3695068645957,150.3260653932952,1.0,2.2749860674002154,0.0,1855.239583956697,490.7513101029023,478.35934597824394,3150.4940018146904,15.20213301931988,0.0,482.8488338176922,86.22328637937287,97.15299873732154,41.666666666666664,12.39196412465836,191703662.2496527,95824833.33333333,10.0,1.0,7.853981633974483,20.0,2.5,98.17477042468104,8782.630493135404,9.618725678016885,9.869138774764972,49.673934606704805,12.144124842165192,2302.786376953125,426.940605116282,5.208333333333333,0.3660418082569846,161.99951226071596
744,0.0769929999999999,0.0,1,142.8404612875778,0.0,0.0,0.0,0.0,0.0,162.99299095285005,0.0,20.15252966526532,2316.118928102076,1.0,0.0,0.0,0.0,0.0,298.7966700922653,0.0,0.0,9.869138774764972,49.673934606704805,0.0,0.0,0.0,0.0,0.0,0.0,0.0,5.208333333333333,0.3660418082569846,0.0,161.99951226071596,9080.0,150.3260653932952,0.0,0.0,9.869138774764972,1855.239583956697,490.7513101029023,478.35934597824394,3150.4940018146904,15.20213301931988,0.0,482.8488338176922,86.22328637937287,97.15299873732154,41.666666666666664,12.39196412465836,191703662.2496527,95824833.33333333,10.0,1.0,7.853981633974483,20.0,2.5,98.17477042468104,8782.630493135404,9.618725678016885,9.869138774764972,49.673934606704805,12.144124842165192,2302.786376953125,426.940605116282,5.208333333333333,0.3660418082569846,161.99951226071596
745,0.082233,0.0,1,152.56191670751107,0.0,0.0,0.0,0.0,0.0,162.99299095285005,0.0,10.431074245332638,2305.1388499490945,1.0,0.0,0.0,0.0,0.0,288.8779376553156,0.0,0.0,9.869138774764972,49.673934606704805,0.0,0.0,0.0,0.0,0.0,0.0,0.0,5.208333333333333,0.3660418082569846,0.0,161.99951226071596,9080.0,150.3260653932952,0.0,0.0,9.869138774764972,1855.239583956697,490.7513101029023,478.35934597824394,3150.4940018146904,15.20213301931988,0.0,482.8488338176922,86.22328637937287,97.15299873732154,41.666666666666664,12.39196412465836,191703662.2496527,95824833.33333333,10.0,1.0,7.853981633974483,20.0,2.5,98.17477042468104,8782.630493135404,9.618725678016885,9.869138774764972,49.673934606704805,12.144124842165192,2302.786376953125,426.940605116282,5.208333333333333,0.3660418082569846,161.99951226071596
746,0.080206,0.0,1,148.80134607083085,0.0,0.0,0.0,0.0,0.0,162.99299095285005,0.0,14.191644882012042,2290.2002763891014,1.0,0.0,0.0,0.0,0.0,278.95920521836587,0.0,0.0,9.869138774764972,49.673934606704805,0.0,0.0,0.0,0.0,0.0,0.0,0.0,5.208333333333333,0.3660418082569846,0.0,161.99951226071596,9080.0,150.3260653932952,0.0,0.0,9.869138774764972,1855.239583956697,490.7513101029023,478.35934597824394,3150.4940018146904,15.20213301931988,0.0,482.8488338176922,86.22328637937287,97.15299873732154,41.666666666666664,12.39196412465836,191703662.2496527,95824833.33333333,10.0,1.0,7.853981633974483,20.0,2.5,98.17477042468104,8782.630493135404,9.618725678016885,9.869138774764972,49.673934606704805,12.144124842165192,2302.786376953125,426.940605116282,5.208333333333333,0.3660418082569846,161.99951226071596
747,0.073187,0.0,1,135.7794194310388,0.0,0.0,0.0,0.0,0.0,162.99299095285005,0.0,27.213571521804624,2261.554411629307,1.0,0.0,0.0,0.0,0.0,269.0404727813998,0.0,0.0,9.869138774764972,49.673934606704805,0.0,0.0,0.0,0.0,0.0,0.0,0.0,5.208333333333333,0.3660418082569846,0.0,161.99951226071596,9080.0,150.3260653932952,0.0,0.0,9.86913877476497,1855.239583956697,490.7513101029023,478.35934597824394,3150.4940018146904,15.20213301931988,0.0,482.8488338176922,86.22328637937287,97.15299873732154,41.666666666666664,12.39196412465836,191703662.2496527,95824833.33333333,10.0,1.0,7.853981633974483,20.0,2.5,98.17477042468104,8782.630493135404,9.618725678016885,9.869138774764972,49.673934606704805,12.144124842165192,2302.786376953125,426.940605116282,5.208333333333333,0.3660418082569846,161.99951226071596
748,0.065432,0.0,1,121.39203645745461,0.0,0.0,0.0,0.0,0.0,162.99299095285005,0.0,41.60095449538858,2217.763933213134,1.0,0.0,0.0,0.0,0.0,259.1217403444501,0.0,0.0,9.869138774764972,49.673934606704805,0.0,0.0,0.0,0.0,0.0,0.0,0.0,5.208333333333333,0.3660418082569846,0.0,161.99951226071596,9080.0,150.3260653932952,0.0,0.0,9.869138774764972,1855.239583956697,490.7513101029023,478.35934597824394,3150.4940018146904,15.20213301931988,0.0,482.8488338176922,86.22328637937287,97.15299873732154,41.666666666666664,12.39196412465836,191703662.2496527,95824833.33333333,10.0,1.0,7.853981633974483,20.0,2.5,98.17477042468104,8782.630493135404,9.618725678016885,9.869138774764972,49.673934606704805,12.144124842165192,2302.786376953125,426.940605116282,5.208333333333333,0.3660418082569846,161.99951226071596
749,0.056911,0.0,1,105.5835399625596,0.0,0.0,0.0,0.0,0.0,162.99299095285005,0.0,57.40945099028431,2157.3329321707292,1.0,0.0,0.0,0.0,0.0,249.20300790750034,0.0,0.0,9.869138774764972,49.673934606704805,0.0,0.0,0.0,0.0,0.0,0.0,0.0,5.208333333333333,0.3660418082569846,0.0,161.99951226071596,9080.0,150.3260653932952,0.0,0.0,9.869138774764972,1855.239583956697,490.7513101029023,478.35934597824394,3150.4940018146904,15.20213301931988,0.0,482.8488338176922,86.22328637937287,97.15299873732154,41.666666666666664,12.39196412465836,191703662.2496527,95824833.33333333,10.0,1.0,7.853981633974483,20.0,2.5,98.17477042468104,8782.630493135404,9.618725678016885,9.869138774764972,49.673934606704805,12.144124842165192,2302.786376953125,426.940605116282,5.208333333333333,0.3660418082569846,161.99951226071596
750,0.043132,0.0,1,80.02019373522025,0.0,0.0,0.0,0.0,0.0,162.99299095285005,0.0,82.9727972176298,2069.993145625856,0.0,0.0,0.0,0.0,0.0,239.28427547053488,0.0,0.0,9.869138774764972,49.673934606704805,0.0,0.0,0.0,0.0,0.0,0.0,0.0,5.208333333333333,0.3660418082569846,0.0,161.99951226071596,9080.0,150.3260653932952,0.0,0.0,9.869138774764982,1855.239583956697,490.7513101029023,478.35934597824394,3150.4940018146904,15.20213301931988,0.0,482.8488338176922,86.22328637937287,97.15299873732154,41.666666666666664,12.39196412465836,191703662.2496527,95824833.33333333,10.0,1.0,7.853981633974483,20.0,2.5,98.17477042468104,8782.630493135404,9.618725678016885,9.869138774764972,49.673934606704805,12.144124842165192,2302.786376953125,426.940605116282,5.208333333333333,0.3660418082569846,161.99951226071596
751,0.033241,0.0,1,61.670019010304564,0.0,0.0,0.0,0.0,0.0,162.99299095285005,0.0,101.32297194253988,1963.3373856863693,1.0,0.0,0.0,0.0,0.0,229.36554303358517,0.0,0.0,9.869138774764972,49.673934606704805,0.0,0.0,0.0,0.0,0.0,0.0,0.0,5.208333333333333,0.3660418082569846,0.0,161.99951226071596,9080.0,150.3260653932952,0.0,0.0,9.869138774764972,1855.239583956697,490.7513101029023,478.35934597824394,3150.4940018146904,15.20213301931988,0.0,482.8488338176922,86.22328637937287,97.15299873732154,41.666666666666664,12.39196412465836,191703662.2496527,95824833.33333333,10.0,1.0,7.853981633974483,20.0,2.5,98.17477042468104,8782.630493135404,9.618725678016885,9.869138774764972,49.673934606704805,12.144124842165192,2302.786376953125,426.940605116282,5.208333333333333,0.3660418082569846,161.99951226071596
752,0.0268769999999999,0.0,1,49.863274298003965,0.0,0.0,0.0,0.0,0.0,162.99299095285005,0.0,113.12971665483929,1844.2534734181174,1.0,0.0,0.0,0.0,0.0,219.44681059663546,0.0,0.0,9.869138774764972,49.673934606704805,0.0,0.0,0.0,0.0,0.0,0.0,0.0,5.208333333333333,0.3660418082569846,0.0,161.99951226071596,9080.0,150.3260653932952,0.0,0.0,9.869138774764972,1855.239583956697,490.7513101029023,478.35934597824394,3150.4940018146904,15.20213301931988,0.0,482.8488338176922,86.22328637937287,97.15299873732154,41.666666666666664,12.39196412465836,191703662.2496527,95824833.33333333,10.0,1.0,7.853981633974483,20.0,2.5,98.17477042468104,8782.630493135404,9.618725678016885,9.869138774764972,49.673934606704805,12.144124842165192,2302.786376953125,426.940605116282,5.208333333333333,0.3660418082569846,161.99951226071596
753,0.0240279999999999,0.0,1,44.577696723311334,0.0,0.0,0.0,0.0,0.0,162.99299095285005,0.0,118.41529422953317,1719.6057952817666,0.0,0.0,0.0,0.0,0.0,209.52807815968575,0.0,0.0,9.869138774764972,49.673934606704805,0.0,0.0,0.0,0.0,0.0,0.0,0.0,5.208333333333333,0.3660418082569846,0.0,161.99951226071596,9080.0,150.3260653932952,0.0,0.0,9.869138774764972,1855.239583956697,490.7513101029023,478.35934597824394,3150.4940018146904,15.20213301931988,0.0,482.8488338176922,86.22328637937287,97.15299873732154,41.666666666666664,12.39196412465836,191703662.2496527,95824833.33333333,10.0,1.0,7.853981633974483,20.0,2.5,98.17477042468104,8782.630493135404,9.618725678016885,9.869138774764972,49.673934606704805,12.144124842165192,2302.786376953125,426.940605116282,5.208333333333333,0.3660418082569846,161.99951226071596
754,0.02862,0.0,1,53.096956892840666,0.0,0.0,0.0,0.0,0.0,162.99299095285005,0.0,109.89603406000242,1603.9257594291325,1.0,0.0,0.0,0.0,0.0,199.60934572272055,0.0,0.0,9.869138774764972,49.673934606704805,0.0,0.0,0.0,0.0,0.0,0.0,0.0,5.208333333333333,0.3660418082569846,0.0,161.99951226071596,9080.0,150.3260653932952,0.0,0.0,9.869138774764961,1855.239583956697,490.7513101029023,478.35934597824394,3150.4940018146904,15.20213301931988,0.0,482.8488338176922,86.22328637937287,97.15299873732154,41.666666666666664,12.39196412465836,191703662.2496527,95824833.33333333,10.0,1.0,7.853981633974483,20.0,2.5,98.17477042468104,8782.630493135404,9.618725678016885,9.869138774764972,49.673934606704805,12.144124842165192,2302.786376953125,426.940605116282,5.208333333333333,0.3660418082569846,161.99951226071596
755,0.039865,0.0,1,73.95912601443372,0.0,0.0,0.0,0.0,0.0,162.99299095285005,0.0,89.03386493841026,1510.2059015992604,1.0,0.0,0.0,0.0,0.0,189.69061328577084,0.0,0.0,9.869138774764972,49.673934606704805,0.0,0.0,0.0,0.0,0.0,0.0,0.0,5.208333333333333,0.3660418082569846,0.0,161.99951226071596,9080.0,150.3260653932952,0.0,0.0,9.869138774764972,1855.239583956697,490.7513101029023,478.35934597824394,3150.4940018146904,15.20213301931988,0.0,482.8488338176922,86.22328637937287,97.15299873732154,41.666666666666664,12.39196412465836,191703662.2496527,95824833.33333333,10.0,1.0,7.853981633974483,20.0,2.5,98.17477042468104,8782.630493135404,9.618725678016885,9.869138774764972,49.673934606704805,12.144124842165192,2302.786376953125,426.940605116282,5.208333333333333,0.3660418082569846,161.99951226071596
756,0.044406,0.0,1,82.38376896518109,0.0,0.0,0.0,0.0,0.0,162.99299095285005,0.0,80.60922198766275,1425.3540889806682,0.0,0.0,0.0,0.0,0.0,179.77188084882113,0.0,0.0,9.869138774764972,49.673934606704805,0.0,0.0,0.0,0.0,0.0,0.0,0.0,5.208333333333333,0.3660418082569846,0.0,161.99951226071596,9080.0,150.3260653932952,0.0,0.0,9.869138774764961,1855.239583956697,490.7513101029023,478.35934597824394,3150.4940018146904,15.20213301931988,0.0,482.8488338176922,86.22328637937287,97.15299873732154,41.666666666666664,12.39196412465836,191703662.2496527,95824833.33333333,10.0,1.0,7.853981633974483,20.0,2.5,98.17477042468104,8782.630493135404,9.618725678016885,9.869138774764972,49.673934606704805,12.144124842165192,2302.786376953125,426.940605116282,5.208333333333333,0.3660418082569846,161.99951226071596
757,0.029369,0.0,1,54.486531341224236,0.0,0.0,0.0,0.0,0.0,162.99299095285005,0.0,108.506459611619,1311.1367630737636,0.0,0.0,0.0,0.0,0.0,169.85314841187105,0.0,0.0,9.869138774764972,49.673934606704805,0.0,0.0,0.0,0.0,0.0,0.0,0.0,5.208333333333333,0.3660418082569846,0.0,161.99951226071596,9080.0,150.3260653932952,0.0,0.0,9.869138774764984,1855.239583956697,490.7513101029023,478.35934597824394,3150.4940018146904,15.20213301931988,0.0,482.8488338176922,86.22328637937287,97.15299873732154,41.666666666666664,12.39196412465836,191703662.2496527,95824833.33333333,10.0,1.0,7.853981633974483,20.0,2.5,98.17477042468104,8782.630493135404,9.618725678016885,9.869138774764972,49.673934606704805,12.144124842165192,2302.786376953125,426.940605116282,5.208333333333333,0.3660418082569846,161.99951226071596
758,0.015827,0.0,1,29.362876895282646,0.0,0.0,0.0,0.0,0.0,162.99299095285005,0.0,133.6301140575615,1170.4734851184357,1.0,0.0,0.0,0.0,0.0,159.93441597492134,0.0,0.0,9.869138774764972,49.673934606704805,0.0,0.0,0.0,0.0,0.0,0.0,0.0,5.208333333333333,0.3660418082569846,0.0,161.99951226071596,9080.0,150.3260653932952,0.0,0.0,9.869138774764972,1855.239583956697,490.7513101029023,478.35934597824394,3150.4940018146904,15.20213301931988,0.0,482.8488338176922,86.22328637937287,97.15299873732154,41.666666666666664,12.39196412465836,191703662.2496527,95824833.33333333,10.0,1.0,7.853981633974483,20.0,2.5,98.17477042468104,8782.630493135404,9.618725678016885,9.869138774764972,49.673934606704805,12.144124842165192,2302.786376953125,426.940605116282,5.208333333333333,0.3660418082569846,161.99951226071596
759,0.010734,0.0,1,19.914141694191187,0.0,0.0,0.0,0.0,0.0,162.99299095285005,0.0,143.07884925865255,1019.8641701093279,1.0,0.0,0.0,0.0,0.0,150.01568353797163,0.0,0.0,9.869138774764972,49.673934606704805,0.0,0.0,0.0,0.0,0.0,0.0,0.0,5.208333333333333,0.3660418082569846,0.0,161.99951226071596,9080.0,150.3260653932952,0.0,0.0,9.869138774764972,1855.239583956697,490.7513101029023,478.35934597824394,3150.4940018146904,15.20213301931988,0.0,482.8488338176922,86.22328637937287,97.15299873732154,41.666666666666664,12.39196412465836,191703662.2496527,95824833.33333333,10.0,1.0,7.853981633974483,20.0,2.5,98.17477042468104,8782.630493135404,9.618725678016885,9.869138774764972,49.673934606704805,12.144124842165192,2302.786376953125,426.940605116282,5.208333333333333,0.3660418082569846,161.99951226071596
760,0.007416,0.0,1,13.758456754622864,0.0,0.0,0.0,0.0,0.0,162.99299095285005,0.0,149.23453419822,862.7751867427805,1.0,0.0,0.0,0.0,0.0,140.09695110102192,0.0,0.0,9.869138774764972,49.673934606704805,0.0,0.0,0.0,0.0,0.0,0.0,0.0,5.208333333333333,0.3660418082569846,0.0,161.99951226071596,9080.0,150.3260653932952,0.0,0.0,9.869138774764972,1855.239583956697,490.7513101029023,478.35934597824394,3150.4940018146904,15.20213301931988,0.0,482.8488338176922,86.22328637937287,97.15299873732154,41.666666666666664,12.39196412465836,191703662.2496527,95824833.33333333,10.0,1.0,7.853981633974483,20.0,2.5,98.17477042468104,8782.630493135404,9.618725678016885,9.869138774764972,49.673934606704805,12.144124842165192,2302.786376953125,426.940605116282,5.208333333333333,0.3660418082569846,161.99951226071596
761,0.009112,0.0,1,16.904943089013425,0.0,0.0,0.0,0.0,0.0,162.99299095285005,0.0,146.08804786383007,708.9982942545647,1.0,0.0,0.0,0.0,0.0,130.17821866408653,0.0,0.0,9.869138774764972,49.673934606704805,0.0,0.0,0.0,0.0,0.0,0.0,0.0,5.208333333333333,0.3660418082569846,0.0,161.99951226071596,9080.0,150.3260653932952,0.0,0.0,9.869138774764972,1855.239583956697,490.7513101029023,478.35934597824394,3150.4940018146904,15.20213301931988,0.0,482.8488338176922,86.22328637937287,97.15299873732154,41.666666666666664,12.39196412465836,191703662.2496527,95824833.33333333,10.0,1.0,7.853981633974483,20.0,2.5,98.17477042468104,8782.630493135404,9.618725678016885,9.869138774764972,49.673934606704805,12.144124842165192,2302.786376953125,426.940605116282,5.208333333333333,0.3660418082569846,161.99951226071596
762,0.019094,0.0,1,35.42394461606917,0.0,0.0,0.0,0.0,0.0,162.99299095285005,0.0,127.56904633677368,574.7150875842766,1.0,0.0,0.0,0.0,0.0,120.2594862271368,0.0,0.0,9.869138774764972,49.673934606704805,0.0,0.0,0.0,0.0,0.0,0.0,0.0,5.208333333333333,0.3660418082569846,0.0,161.99951226071596,9080.0,150.3260653932952,0.0,0.0,9.869138774764972,1855.239583956697,490.7513101029023,478.35934597824394,3150.4940018146904,15.20213301931988,0.0,482.8488338176922,86.22328637937287,97.15299873732154,41.666666666666664,12.39196412465836,191703662.2496527,95824833.33333333,10.0,1.0,7.853981633974483,20.0,2.5,98.17477042468104,8782.630493135404,9.618725678016885,9.869138774764972,49.673934606704805,12.144124842165192,2302.786376953125,426.940605116282,5.208333333333333,0.3660418082569846,161.99951226071596
763,0.02958,0.0,1,54.87798689343909,0.0,0.0,0.0,0.0,0.0,162.99299095285005,0.0,108.11500405940387,460.9098201533252,1.0,0.0,0.0,0.0,0.0,110.34075379018708,0.0,0.0,9.869138774764972,49.673934606704805,0.0,0.0,0.0,0.0,0.0,0.0,0.0,5.208333333333333,0.3660418082569846,0.0,161.99951226071596,9080.0,150.3260653932952,0.0,0.0,9.869138774764972,1855.239583956697,490.7513101029023,478.35934597824394,3150.4940018146904,15.20213301931988,0.0,482.8488338176922,86.22328637937287,97.15299873732154,41.666666666666664,12.39196412465836,191703662.2496527,95824833.33333333,10.0,1.0,7.853981633974483,20.0,2.5,98.17477042468104,8782.630493135404,9.618725678016885,9.869138774764972,49.673934606704805,12.144124842165192,2302.786376953125,426.940605116282,5.208333333333333,0.3660418082569846,161.99951226071596
764,0.034622,0.0,1,64.23210487574876,0.0,0.0,0.0,0.0,0.0,162.99299095285005,0.0,98.76088607709426,356.9509927037523,1.0,0.0,0.0,0.0,0.0,100.42202135323735,0.0,0.0,9.869138774764972,49.673934606704805,0.0,0.0,0.0,0.0,0.0,0.0,0.0,5.208333333333333,0.3660418082569846,0.0,161.99951226071596,9080.0,150.3260653932952,0.0,0.0,9.869138774764972,1855.239583956697,490.7513101029023,478.35934597824394,3150.4940018146904,15.20213301931988,0.0,482.8488338176922,86.22328637937287,97.15299873732154,41.666666666666664,12.39196412465836,191703662.2496527,95824833.33333333,10.0,1.0,7.853981633974483,20.0,2.5,98.17477042468104,8782.630493135404,9.618725678016885,9.869138774764972,49.673934606704805,12.144124842165192,2302.786376953125,426.940605116282,5.208333333333333,0.3660418082569846,161.99951226071596
765,0.032509,0.0,1,60.31198363484827,0.0,0.0,0.0,0.0,0.0,162.99299095285005,0.0,102.68100731799495,248.86572184273012,0.0,0.0,0.0,0.0,0.0,90.50328891628774,0.0,0.0,9.869138774764972,49.673934606704805,0.0,0.0,0.0,0.0,0.0,0.0,0.0,5.208333333333333,0.3660418082569846,0.0,161.99951226071596,9080.0,150.3260653932952,0.0,0.0,9.869138774764973,1855.239583956697,490.7513101029023,478.35934597824394,3150.4940018146904,15.20213301931988,0.0,482.8488338176922,86.22328637937287,97.15299873732154,41.666666666666664,12.39196412465836,191703662.2496527,95824833.33333333,10.0,1.0,7.853981633974483,20.0,2.5,98.17477042468104,8782.630493135404,9.618725678016885,9.869138774764972,49.673934606704805,12.144124842165192,2302.786376953125,426.940605116282,5.208333333333333,0.3660418082569846,161.99951226071596
766,0.026418,0.0,1,49.01171932896803,0.0,0.0,0.0,0.0,0.0,162.99299095285005,0.0,113.98127162387573,128.88543592286095,1.0,0.0,0.0,0.0,0.0,80.58455647933802,0.0,0.0,9.869138774764972,49.673934606704805,0.0,0.0,0.0,0.0,0.0,0.0,0.0,5.208333333333333,0.3660418082569846,0.0,161.99951226071596,9080.0,150.3260653932952,0.0,0.0,9.869138774764972,1855.239583956697,490.7513101029023,478.35934597824394,3150.4940018146904,15.20213301931988,0.0,482.8488338176922,86.22328637937287,97.15299873732154,41.666666666666664,12.39196412465836,191703662.2496527,95824833.33333333,10.0,1.0,7.853981633974483,20.0,2.5,98.17477042468104,8782.630493135404,9.618725678016885,9.869138774764972,49.673934606704805,12.144124842165192,2302.786376953125,426.940605116282,5.208333333333333,0.3660418082569846,161.99951226071596
767,0.021858,0.0,1,40.551826826125485,0.0,0.0,0.0,0.0,0.0,162.99299095285005,0.0,122.44116412671792,0.0,1.0,0.0,0.0,0.0,0.0,70.6658240423801,0.0,0.0,9.869138774764972,49.673934606704805,0.0,0.0,0.0,0.0,0.0,0.0,0.0,5.208333333333333,0.3660418082569846,0.0,161.99951226071596,9080.0,150.3260653932952,0.0,0.0,9.869138774764979,1855.239583956697,490.7513101029023,478.35934597824394,3150.4940018146904,15.20213301931988,0.0,482.8488338176922,86.22328637937287,97.15299873732154,41.666666666666664,12.39196412465836,191703662.2496527,95824833.33333333,10.0,1.0,7.853981633974483,20.0,2.5,98.17477042468104,8782.630493135404,9.618725678016885,9.869138774764972,49.673934606704805,12.144124842165192,2302.786376953125,426.940605116282,5.208333333333333,0.3660418082569846,161.99951226071596
768,0.8988379999999999,1.0,1,1667.5598371644696,0.0,490.7513101029023,9.618725678016885,76.94980542413508,86.56853110215197,1080.6849061720343,0.0,0.0,0.0,1.0,0.0,0.0,0.0,0.0,72.9294351794433,8782.630493135404,9.618725678016885,9.869138774764972,49.673934606704805,12.144124842165192,2302.786376953125,12.144124842165192,86.22328637937287,86.22328637937287,0.0,0.0,5.208333333333333,0.3660418082569846,426.940605116282,161.99951226071596,297.3695068645957,150.3260653932952,1.0,2.2749860674002154,0.0,1855.239583956697,490.7513101029023,478.35934597824394,3150.4940018146904,15.20213301931988,0.0,482.8488338176922,86.22328637937287,97.15299873732154,41.666666666666664,12.39196412465836,191703662.2496527,95824833.33333333,10.0,1.0,7.853981633974483,20.0,2.5,98.17477042468104,8782.630493135404,9.618725678016885,9.869138774764972,49.673934606704805,12.144124842165192,2302.786376953125,426.940605116282,5.208333333333333,0.3660418082569846,161.99951226071596
769,0.918996,1.0,1,1704.957756697869,0.0,490.75131010290227,9.618725678016885,76.94980542413508,86.56853110215197,1166.9081925514072,0.0,0.0,0.0,0.0,0.0,0.0,0.0,0.0,75.19304631650229,8782.630493135404,9.618725678016885,9.869138774764972,49.673934606704805,12.144124842165192,2302.786376953125,12.144124842165192,86.22328637937287,0.0,86.22328637937287,86.22328637937287,5.208333333333333,0.3660418082569846,426.940605116282,161.99951226071596,297.3695068645957,150.3260653932952,1.0,2.2749860674002154,0.0,1855.239583956697,490.7513101029023,478.35934597824394,3150.4940018146904,15.20213301931988,0.0,482.8488338176922,86.22328637937287,97.15299873732154,41.666666666666664,12.39196412465836,191703662.2496527,95824833.33333333,10.0,1.0,7.853981633974483,20.0,2.5,98.17477042468104,8782.630493135404,9.618725678016885,9.869138774764972,49.673934606704805,12.144124842165192,2302.786376953125,426.940605116282,5.208333333333333,0.3660418082569846,161.99951226071596
770,0.936596,1.0,1,1737.6099733755066,0.0,490.7513101029023,9.618725678016885,76.94980542413508,86.56853110215197,1166.9081925514072,0.0,0.0,0.0,0.0,0.0,0.0,0.0,0.0,77.4566574535655,8782.630493135404,9.618725678016885,9.869138774764972,49.673934606704805,12.144124842165192,2302.786376953125,12.144124842165192,86.22328637937287,0.0,86.22328637937287,86.22328637937287,5.208333333333333,0.3660418082569846,426.940605116282,161.99951226071596,297.3695068645957,150.3260653932952,1.0,2.2749860674002154,0.0,1855.239583956697,490.7513101029023,478.35934597824394,3150.4940018146904,15.20213301931988,0.0,482.8488338176922,86.22328637937287,97.15299873732154,41.666666666666664,12.39196412465836,191703662.2496527,95824833.33333333,10.0,1.0,7.853981633974483,20.0,2.5,98.17477042468104,8782.630493135404,9.618725678016885,9.869138774764972,49.673934606704805,12.144124842165192,2302.786376953125,426.940605116282,5.208333333333333,0.3660418082569846,161.99951226071596
771,0.943617,1.0,1,1750.6356104944666,0.0,490.75131010290255,9.61872567801689,76.94980542413512,86.56853110215201,1750.635610494467,669.9507043224322,0.0,636.4531691063106,0.0,0.0,0.0,0.0,0.0,79.7202685906287,8782.630493135404,9.618725678016885,9.869138774764972,49.673934606704805,12.144124842165192,2302.786376953125,12.144124842165192,86.22328637937287,86.22328637937287,0.0,0.0,5.208333333333333,0.3660418082569846,426.940605116282,161.99951226071596,297.3695068645957,150.3260653932952,1.0,2.2749860674002154,0.0,1855.239583956697,490.7513101029023,478.35934597824394,3150.4940018146904,15.20213301931988,0.0,482.8488338176922,86.22328637937287,97.15299873732154,41.666666666666664,12.39196412465836,191703662.2496527,95824833.33333333,10.0,1.0,7.853981633974483,20.0,2.5,98.17477042468104,8782.630493135404,9.618725678016885,9.869138774764972,49.673934606704805,12.144124842165192,2302.786376953125,426.940605116282,5.208333333333333,0.3660418082569846,161.99951226071596
772,0.946659,1.0,1,1756.279249308863,0.0,490.7513101029023,9.618725678016885,76.94980542413508,86.56853110215197,1756.2792493088627,675.5943431368285,0.0,1278.2677950862976,0.0,0.0,0.0,0.0,0.0,81.98387972769191,8782.630493135404,9.618725678016885,9.869138774764972,49.673934606704805,12.144124842165192,2302.786376953125,12.144124842165192,86.22328637937287,86.22328637937287,0.0,0.0,5.208333333333333,0.3660418082569846,426.940605116282,161.99951226071596,297.3695068645957,150.3260653932952,1.0,2.2749860674002154,0.0,1855.239583956697,490.7513101029023,478.35934597824394,3150.4940018146904,15.20213301931988,0.0,482.8488338176922,86.22328637937287,97.15299873732154,41.666666666666664,12.39196412465836,191703662.2496527,95824833.33333333,10.0,1.0,7.853981633974483,20.0,2.5,98.17477042468104,8782.630493135404,9.618725678016885,9.869138774764972,49.673934606704805,12.144124842165192,2302.786376953125,426.940605116282,5.208333333333333,0.3660418082569846,161.99951226071596
773,0.943609,1.0,1,1750.620768577795,0.0,490.7513101029023,9.618725678016885,76.94980542413508,86.56853110215197,1080.6849061720343,0.0,0.0,1278.2677950862976,0.0,0.0,0.0,0.0,0.0,84.24749086474648,8782.630493135404,9.618725678016885,9.869138774764972,49.673934606704805,12.144124842165192,2302.786376953125,12.144124842165192,86.22328637937287,86.22328637937287,0.0,0.0,5.208333333333333,0.3660418082569846,426.940605116282,161.99951226071596,297.3695068645957,150.3260653932952,1.0,2.2749860674002154,0.0,1855.239583956697,490.7513101029023,478.35934597824394,3150.4940018146904,15.20213301931988,0.0,482.8488338176922,86.22328637937287,97.15299873732154,41.666666666666664,12.39196412465836,191703662.2496527,95824833.33333333,10.0,1.0,7.853981633974483,20.0,2.5,98.17477042468104,8782.630493135404,9.618725678016885,9.869138774764972,49.673934606704805,12.144124842165192,2302.786376953125,426.940605116282,5.208333333333333,0.3660418082569846,161.99951226071596
774,0.936273,1.0,1,1737.0107309898888,0.0,490.7513101029023,9.618725678016885,76.94980542413508,86.56853110215197,1080.6849061720343,0.0,1214.354405331983,0.0,0.0,0.0,0.0,0.0,0.0,86.51110200180969,8782.630493135404,9.618725678016885,9.869138774764972,49.673934606704805,12.144124842165192,2302.786376953125,12.144124842165192,86.22328637937287,86.22328637937287,0.0,0.0,5.208333333333333,0.3660418082569846,426.940605116282,161.99951226071596,297.3695068645957,150.3260653932952,1.0,2.2749860674002154,0.0,1855.239583956697,490.7513101029023,478.35934597824394,3150.4940018146904,15.20213301931988,0.0,482.8488338176922,86.22328637937287,97.15299873732154,41.666666666666664,12.39196412465836,191703662.2496527,95824833.33333333,10.0,1.0,7.853981633974483,20.0,2.5,98.17477042468104,8782.630493135404,9.618725678016885,9.869138774764972,49.673934606704805,12.144124842165192,2302.786376953125,426.940605116282,5.208333333333333,0.3660418082569846,161.99951226071596
775,0.919414,1.0,1,1705.7332468439627,0.0,490.7513101029023,9.618725678016885,76.94980542413508,86.56853110215197,1705.7332468439624,625.0483406719281,0.0,593.7959236383317,0.0,0.0,0.0,0.0,0.0,88.77471313886781,8782.630493135404,9.618725678016885,9.869138774764972,49.673934606704805,12.144124842165192,2302.786376953125,12.144124842165192,86.22328637937287,86.22328637937287,0.0,0.0,5.208333333333333,0.3660418082569846,426.940605116282,161.99951226071596,297.3695068645957,150.3260653932952,1.0,2.2749860674002154,0.0,1855.239583956697,490.7513101029023,478.35934597824394,3150.4940018146904,15.20213301931988,0.0,482.8488338176922,86.22328637937287,97.15299873732154,41.666666666666664,12.39196412465836,191703662.2496527,95824833.33333333,10.0,1.0,7.853981633974483,20.0,2.5,98.17477042468104,8782.630493135404,9.618725678016885,9.869138774764972,49.673934606704805,12.144124842165192,2302.786376953125,426.940605116282,5.208333333333333,0.3660418082569846,161.99951226071596
776,0.8898010000000001,1.0,1,1650.7940370442532,0.0,490.7513101029024,9.618725678016887,76.94980542413509,86.56853110215198,1080.6849061720345,0.0,0.0,593.7959236383317,0.0,0.0,0.0,0.0,0.0,91.03832427593102,8782.630493135404,9.618725678016885,9.869138774764972,49.673934606704805,12.144124842165192,2302.786376953125,12.144124842165192,86.22328637937287,86.22328637937287,0.0,0.0,5.208333333333333,0.3660418082569846,426.940605116282,161.99951226071596,297.3695068645957,150.3260653932952,1.0,2.2749860674002154,0.0,1855.239583956697,490.7513101029023,478.35934597824394,3150.4940018146904,15.20213301931988,0.0,482.8488338176922,86.22328637937287,97.15299873732154,41.666666666666664,12.39196412465836,191703662.2496527,95824833.33333333,10.0,1.0,7.853981633974483,20.0,2.5,98.17477042468104,8782.630493135404,9.618725678016885,9.869138774764972,49.673934606704805,12.144124842165192,2302.786376953125,426.940605116282,5.208333333333333,0.3660418082569846,161.99951226071596
777,0.8623730000000001,1.0,1,1599.9085257354889,0.0,490.7513101029023,9.618725678016885,76.94980542413508,86.56853110215197,1599.9085257354886,519.2236195634543,0.0,1087.0583622236134,0.0,0.0,0.0,0.0,0.0,93.30193541299423,8782.630493135404,9.618725678016885,9.869138774764972,49.673934606704805,12.144124842165192,2302.786376953125,12.144124842165192,86.22328637937287,86.22328637937287,0.0,0.0,5.208333333333333,0.3660418082569846,426.940605116282,161.99951226071596,297.3695068645957,150.3260653932952,1.0,2.2749860674002154,0.0,1855.239583956697,490.7513101029023,478.35934597824394,3150.4940018146904,15.20213301931988,0.0,482.8488338176922,86.22328637937287,97.15299873732154,41.666666666666664,12.39196412465836,191703662.2496527,95824833.33333333,10.0,1.0,7.853981633974483,20.0,2.5,98.17477042468104,8782.630493135404,9.618725678016885,9.869138774764972,49.673934606704805,12.144124842165192,2302.786376953125,426.940605116282,5.208333333333333,0.3660418082569846,161.99951226071596
778,0.829631,1.0,1,1539.1642712775786,0.0,490.7513101029023,9.618725678016885,76.94980542413508,86.56853110215197,1080.6849061720343,0.0,0.0,1087.0583622236134,1.0,0.0,0.0,0.0,0.0,95.56554655005743,8782.630493135404,9.618725678016885,9.869138774764972,49.673934606704805,12.144124842165192,2302.786376953125,12.144124842165192,86.22328637937287,86.22328637937287,0.0,0.0,5.208333333333333,0.3660418082569846,426.940605116282,161.99951226071596,297.3695068645957,150.3260653932952,1.0,2.2749860674002154,0.0,1855.239583956697,490.7513101029023,478.35934597824394,3150.4940018146904,15.20213301931988,0.0,482.8488338176922,86.22328637937287,97.15299873732154,41.666666666666664,12.39196412465836,191703662.2496527,95824833.33333333,10.0,1.0,7.853981633974483,20.0,2.5,98.17477042468104,8782.630493135404,9.618725678016885,9.869138774764972,49.673934606704805,12.144124842165192,2302.786376953125,426.940605116282,5.208333333333333,0.3660418082569846,161.99951226071596
779,0.800563,1.0,1,1485.2361670511252,0.0,490.7513101029025,9.618725678016888,76.9498054241351,86.568531102152,1485.2361670511257,404.55126087909093,0.0,1471.3820600587496,0.0,0.0,0.0,0.0,0.0,97.82915768712064,8782.630493135404,9.618725678016885,9.869138774764972,49.673934606704805,12.144124842165192,2302.786376953125,12.144124842165192,86.22328637937287,86.22328637937285,0.0,0.0,5.208333333333333,0.3660418082569846,426.940605116282,161.99951226071596,297.3695068645957,150.3260653932952,1.0,2.2749860674002154,0.0,1855.239583956697,490.7513101029023,478.35934597824394,3150.4940018146904,15.20213301931988,0.0,482.8488338176922,86.22328637937287,97.15299873732154,41.666666666666664,12.39196412465836,191703662.2496527,95824833.33333333,10.0,1.0,7.853981633974483,20.0,2.5,98.17477042468104,8782.630493135404,9.618725678016885,9.869138774764972,49.673934606704805,12.144124842165192,2302.786376953125,426.940605116282,5.208333333333333,0.3660418082569846,161.99951226071596
780,0.772073,1.0,1,1432.380391304199,0.0,490.7513101029019,9.618725678016878,76.94980542413502,86.5685311021519,1166.9081925514686,0.0,0.00010000000020227162,1471.3819547955916,0.0,0.0,0.0,0.0,0.0,100.09276882418239,8782.630493135404,9.618725678016878,9.869138774764972,49.673934606704805,12.144124842174087,2302.786376953125,12.144124842174087,86.223286379436,0.0,86.223286379436,86.223286379436,5.208333333333333,0.3660418082569846,426.9406051162804,161.99951226071596,297.3695068645957,150.3260653932952,1.0,2.2749860674090847,0.0,1855.239583956697,490.7513101029023,478.35934597824394,3150.4940018146904,15.20213301931988,0.0,482.8488338176922,86.22328637937287,97.15299873732154,41.666666666666664,12.39196412465836,191703662.2496527,95824833.33333333,10.0,1.0,7.853981633974483,20.0,2.5,98.17477042468104,8782.630493135404,9.618725678016885,9.869138774764972,49.673934606704805,12.144124842165192,2302.786376953125,426.940605116282,5.208333333333333,0.3660418082569846,161.99951226071596
781,0.735201,1.0,1,1363.9739973645476,0.0,490.75131010290244,9.618725678016887,76.94980542413509,86.56853110215198,1272.2199250297824,191.5350188577476,0.0,1653.3402227104518,1.0,0.0,0.0,0.0,0.0,102.3563799612456,8782.630493135404,9.618725678016885,9.869138774764972,49.673934606704805,12.144124842165192,2302.786376953125,12.144124842165192,86.22328637937287,86.22328637937287,0.0,0.0,5.208333333333333,0.3660418082569846,426.940605116282,161.99951226071596,297.3695068645957,150.3260653932952,1.0,2.2749860674002154,0.0,1855.239583956697,490.7513101029023,478.35934597824394,3150.4940018146904,15.20213301931988,0.0,482.8488338176922,86.22328637937287,97.15299873732154,41.666666666666664,12.39196412465836,191703662.2496527,95824833.33333333,10.0,1.0,7.853981633974483,20.0,2.5,98.17477042468104,8782.630493135404,9.618725678016885,9.869138774764972,49.673934606704805,12.144124842165192,2302.786376953125,426.940605116282,5.208333333333333,0.3660418082569846,161.99951226071596
782,0.691414,1.0,1,1282.7386217018357,0.0,490.7513101029025,9.618725678016888,76.9498054241351,86.568531102152,1080.6849061720347,0.0,0.0,1653.3402227104518,0.0,0.0,0.0,0.0,0.0,104.61999109830336,8782.630493135404,9.618725678016885,9.869138774764972,49.673934606704805,12.144124842165192,2302.786376953125,12.144124842165192,86.22328637937287,86.22328637937287,0.0,0.0,5.208333333333333,0.3660418082569846,426.940605116282,161.99951226071596,297.3695068645957,150.3260653932952,1.0,2.2749860674002154,0.0,1855.239583956697,490.7513101029023,478.35934597824394,3150.4940018146904,15.20213301931988,0.0,482.8488338176922,86.22328637937287,97.15299873732154,41.666666666666664,12.39196412465836,191703662.2496527,95824833.33333333,10.0,1.0,7.853981633974483,20.0,2.5,98.17477042468104,8782.630493135404,9.618725678016885,9.869138774764972,49.673934606704805,12.144124842165192,2302.786376953125,426.940605116282,5.208333333333333,0.3660418082569846,161.99951226071596
783,0.6365879999999999,1.0,1,1181.0232562718256,0.0,490.7513101029025,9.618725678016888,76.9498054241351,86.568531102152,1080.6849061720347,0.0,0.0,1653.3402227104518,0.0,0.0,0.0,0.0,0.0,106.88360223536657,8782.630493135404,9.618725678016885,9.869138774764972,49.673934606704805,12.144124842165192,2302.786376953125,12.144124842165192,86.22328637937287,86.22328637937287,0.0,0.0,5.208333333333333,0.3660418082569846,426.940605116282,161.99951226071596,297.3695068645957,150.3260653932952,1.0,2.2749860674002154,0.0,1855.239583956697,490.7513101029023,478.35934597824394,3150.4940018146904,15.20213301931988,0.0,482.8488338176922,86.22328637937287,97.15299873732154,41.666666666666664,12.39196412465836,191703662.2496527,95824833.33333333,10.0,1.0,7.853981633974483,20.0,2.5,98.17477042468104,8782.630493135404,9.618725678016885,9.869138774764972,49.673934606704805,12.144124842165192,2302.786376953125,426.940605116282,5.208333333333333,0.3660418082569846,161.99951226071596
784,0.569495,1.0,1,1056.549666865419,0.0,490.7513101029025,9.618725678016888,76.9498054241351,86.568531102152,1080.6849061720347,0.0,24.135239306611766,1627.9347076508607,0.0,0.0,0.0,0.0,0.0,109.14721337242045,8782.630493135404,9.618725678016885,9.869138774764972,49.673934606704805,12.144124842165192,2302.786376953125,12.144124842165192,86.22328637937287,86.22328637937287,0.0,0.0,5.208333333333333,0.3660418082569846,426.940605116282,161.99951226071596,297.3695068645957,150.3260653932952,1.0,2.2749860674002154,0.0,1855.239583956697,490.7513101029023,478.35934597824394,3150.4940018146904,15.20213301931988,0.0,482.8488338176922,86.22328637937287,97.15299873732154,41.666666666666664,12.39196412465836,191703662.2496527,95824833.33333333,10.0,1.0,7.853981633974483,20.0,2.5,98.17477042468104,8782.630493135404,9.618725678016885,9.869138774764972,49.673934606704805,12.144124842165192,2302.786376953125,426.940605116282,5.208333333333333,0.3660418082569846,161.99951226071596
785,0.518048,1.0,1,961.1031559895989,0.0,490.7513101029025,9.618725678016888,76.9498054241351,86.568531102152,1080.6849061720347,0.0,119.58175018243219,1502.0591811430372,0.0,0.0,0.0,0.0,0.0,111.41082450948366,8782.630493135404,9.618725678016885,9.869138774764972,49.673934606704805,12.144124842165192,2302.786376953125,12.144124842165192,86.22328637937287,86.22328637937287,0.0,0.0,5.208333333333333,0.3660418082569846,426.940605116282,161.99951226071596,297.3695068645957,150.3260653932952,1.0,2.2749860674002154,0.0,1855.239583956697,490.7513101029023,478.35934597824394,3150.4940018146904,15.20213301931988,0.0,482.8488338176922,86.22328637937287,97.15299873732154,41.666666666666664,12.39196412465836,191703662.2496527,95824833.33333333,10.0,1.0,7.853981633974483,20.0,2.5,98.17477042468104,8782.630493135404,9.618725678016885,9.869138774764972,49.673934606704805,12.144124842165192,2302.786376953125,426.940605116282,5.208333333333333,0.3660418082569846,161.99951226071596
786,0.484401,1.0,1,898.679909708208,0.0,490.75131010290215,9.618725678016881,76.94980542413505,86.56853110215194,1080.6849061720327,0.0,182.00499646382218,1310.474974339014,0.0,0.0,0.0,0.0,0.0,113.67443564654684,8782.630493135404,9.618725678016878,9.869138774764972,49.673934606704805,12.144124842165182,2302.786376953125,12.144124842165182,86.22328637937278,86.22328637937288,0.0,0.0,5.208333333333333,0.3660418082569846,426.9406051162804,161.99951226071596,297.3695068645957,150.3260653932952,1.0,2.2749860674001834,0.0,1855.239583956697,490.7513101029023,478.35934597824394,3150.4940018146904,15.20213301931988,0.0,482.8488338176922,86.22328637937287,97.15299873732154,41.666666666666664,12.39196412465836,191703662.2496527,95824833.33333333,10.0,1.0,7.853981633974483,20.0,2.5,98.17477042468104,8782.630493135404,9.618725678016885,9.869138774764972,49.673934606704805,12.144124842165192,2302.786376953125,426.940605116282,5.208333333333333,0.3660418082569846,161.99951226071596
787,0.4802579999999999,1.0,1,890.9936521118752,0.0,490.75131010290244,9.618725678016887,76.94980542413509,86.56853110215198,1080.684906172033,0.0,189.69125406014246,1110.7999700651797,0.0,0.0,0.0,0.0,0.0,115.93804678359581,8782.630493135404,9.618725678016892,9.869138774764972,49.673934606704805,12.144124842165182,2302.786376953125,12.144124842165182,86.22328637937278,86.22328637937278,0.0,0.0,5.208333333333333,0.3660418082569846,426.9406051162804,161.99951226071596,297.3695068645957,150.3260653932952,1.0,2.274986067400187,0.0,1855.239583956697,490.7513101029023,478.35934597824394,3150.4940018146904,15.20213301931988,0.0,482.8488338176922,86.22328637937287,97.15299873732154,41.666666666666664,12.39196412465836,191703662.2496527,95824833.33333333,10.0,1.0,7.853981633974483,20.0,2.5,98.17477042468104,8782.630493135404,9.618725678016885,9.869138774764972,49.673934606704805,12.144124842165192,2302.786376953125,426.940605116282,5.208333333333333,0.3660418082569846,161.99951226071596
788,0.514159,1.0,1,953.8881292475915,0.0,490.75131010290255,9.61872567801689,76.94980542413512,86.56853110215201,1080.6849061720347,0.0,126.79677692443147,977.3296785657781,0.0,0.0,0.0,0.0,0.0,118.20165792065902,8782.630493135404,9.618725678016885,9.869138774764972,49.673934606704805,12.144124842165192,2302.786376953125,12.144124842165192,86.22328637937287,86.22328637937287,0.0,0.0,5.208333333333333,0.3660418082569846,426.940605116282,161.99951226071596,297.3695068645957,150.3260653932952,1.0,2.2749860674002154,0.0,1855.239583956697,490.7513101029023,478.35934597824394,3150.4940018146904,15.20213301931988,0.0,482.8488338176922,86.22328637937287,97.15299873732154,41.666666666666664,12.39196412465836,191703662.2496527,95824833.33333333,10.0,1.0,7.853981633974483,20.0,2.5,98.17477042468104,8782.630493135404,9.618725678016885,9.869138774764972,49.673934606704805,12.144124842165192,2302.786376953125,426.940605116282,5.208333333333333,0.3660418082569846,161.99951226071596
789,0.582206,1.0,1,1080.1316172170928,0.0,490.7513101029024,9.618725678016887,76.94980542413509,86.56853110215198,1080.6849061720345,0.0,0.5532889549399442,976.7472691395255,0.0,0.0,0.0,0.0,0.0,120.46526905772222,8782.630493135404,9.618725678016885,9.869138774764972,49.673934606704805,12.144124842165192,2302.786376953125,12.144124842165192,86.22328637937287,86.22328637937287,0.0,0.0,5.208333333333333,0.3660418082569846,426.940605116282,161.99951226071596,297.3695068645957,150.3260653932952,1.0,2.2749860674002154,0.0,1855.239583956697,490.7513101029023,478.35934597824394,3150.4940018146904,15.20213301931988,0.0,482.8488338176922,86.22328637937287,97.15299873732154,41.666666666666664,12.39196412465836,191703662.2496527,95824833.33333333,10.0,1.0,7.853981633974483,20.0,2.5,98.17477042468104,8782.630493135404,9.618725678016885,9.869138774764972,49.673934606704805,12.144124842165192,2302.786376953125,426.940605116282,5.208333333333333,0.3660418082569846,161.99951226071596
790,0.650891,1.0,1,1207.5587480411584,0.0,490.7513101029023,9.618725678016885,76.94980542413508,86.56853110215197,1080.6849061720343,0.0,0.0,976.7472691395255,0.0,0.0,0.0,0.0,0.0,122.72888019478543,8782.630493135404,9.618725678016885,9.869138774764972,49.673934606704805,12.144124842165192,2302.786376953125,12.144124842165192,86.22328637937287,86.22328637937287,0.0,0.0,5.208333333333333,0.3660418082569846,426.940605116282,161.99951226071596,297.3695068645957,150.3260653932952,1.0,2.2749860674002154,0.0,1855.239583956697,490.7513101029023,478.35934597824394,3150.4940018146904,15.20213301931988,0.0,482.8488338176922,86.22328637937287,97.15299873732154,41.666666666666664,12.39196412465836,191703662.2496527,95824833.33333333,10.0,1.0,7.853981633974483,20.0,2.5,98.17477042468104,8782.630493135404,9.618725678016885,9.869138774764972,49.673934606704805,12.144124842165192,2302.786376953125,426.940605116282,5.208333333333333,0.3660418082569846,161.99951226071596
791,0.71441,1.0,1,1325.4017111745038,0.0,490.7513101029024,9.618725678016887,76.94980542413509,86.56853110215198,1166.9081925514074,0.0,0.0,976.7472691395255,0.0,0.0,0.0,0.0,0.0,124.99249133183955,8782.630493135404,9.618725678016885,9.869138774764972,49.673934606704805,12.144124842165192,2302.786376953125,12.144124842165192,86.22328637937287,0.0,86.22328637937287,86.22328637937287,5.208333333333333,0.3660418082569846,426.940605116282,161.99951226071596,297.3695068645957,150.3260653932952,1.0,2.2749860674002154,0.0,1855.239583956697,490.7513101029023,478.35934597824394,3150.4940018146904,15.20213301931988,0.0,482.8488338176922,86.22328637937287,97.15299873732154,41.666666666666664,12.39196412465836,191703662.2496527,95824833.33333333,10.0,1.0,7.853981633974483,20.0,2.5,98.17477042468104,8782.630493135404,9.618725678016885,9.869138774764972,49.673934606704805,12.144124842165192,2302.786376953125,426.940605116282,5.208333333333333,0.3660418082569846,161.99951226071596
792,0.988967,1.0,1,1834.770725626903,0.0,490.7513101029024,9.618725678016887,76.94980542413509,86.56853110215198,1080.6849061720345,0.0,0.0,976.7472691395255,0.0,0.0,0.0,0.0,0.0,127.25610246890275,8782.630493135404,9.618725678016885,9.869138774764972,49.673934606704805,12.144124842165192,2302.786376953125,12.144124842165192,86.22328637937287,86.22328637937287,0.0,0.0,5.208333333333333,0.3660418082569846,426.940605116282,161.99951226071596,297.3695068645957,150.3260653932952,1.0,2.2749860674002154,0.0,1855.239583956697,490.7513101029023,478.35934597824394,3150.4940018146904,15.20213301931988,0.0,482.8488338176922,86.22328637937287,97.15299873732154,41.666666666666664,12.39196412465836,191703662.2496527,95824833.33333333,10.0,1.0,7.853981633974483,20.0,2.5,98.17477042468104,8782.630493135404,9.618725678016885,9.869138774764972,49.673934606704805,12.144124842165192,2302.786376953125,426.940605116282,5.208333333333333,0.3660418082569846,161.99951226071596
793,0.98551,1.0,1,1828.3571623851644,0.0,490.7513101029023,9.618725678016885,76.94980542413508,86.56853110215197,1080.6849061720343,0.0,0.0,976.7472691395255,0.0,0.0,0.0,0.0,0.0,129.51971360596596,8782.630493135404,9.618725678016885,9.869138774764972,49.673934606704805,12.144124842165192,2302.786376953125,12.144124842165192,86.22328637937287,86.22328637937287,0.0,0.0,5.208333333333333,0.3660418082569846,426.940605116282,161.99951226071596,297.3695068645957,150.3260653932952,1.0,2.2749860674002154,0.0,1855.239583956697,490.7513101029023,478.35934597824394,3150.4940018146904,15.20213301931988,0.0,482.8488338176922,86.22328637937287,97.15299873732154,41.666666666666664,12.39196412465836,191703662.2496527,95824833.33333333,10.0,1.0,7.853981633974483,20.0,2.5,98.17477042468104,8782.630493135404,9.618725678016885,9.869138774764972,49.673934606704805,12.144124842165192,2302.786376953125,426.940605116282,5.208333333333333,0.3660418082569846,161.99951226071596
794,0.985982,1.0,1,1829.232835468792,0.0,490.7513101029024,9.618725678016887,76.94980542413509,86.56853110215198,1080.6849061720345,0.0,0.0,976.7472691395255,0.0,0.0,0.0,0.0,0.0,131.78332474302385,8782.630493135404,9.618725678016885,9.869138774764972,49.673934606704805,12.144124842165192,2302.786376953125,12.144124842165192,86.22328637937287,86.22328637937287,0.0,0.0,5.208333333333333,0.3660418082569846,426.940605116282,161.99951226071596,297.3695068645957,150.3260653932952,1.0,2.2749860674002154,0.0,1855.239583956697,490.7513101029023,478.35934597824394,3150.4940018146904,15.20213301931988,0.0,482.8488338176922,86.22328637937287,97.15299873732154,41.666666666666664,12.39196412465836,191703662.2496527,95824833.33333333,10.0,1.0,7.853981633974483,20.0,2.5,98.17477042468104,8782.630493135404,9.618725678016885,9.869138774764972,49.673934606704805,12.144124842165192,2302.786376953125,426.940605116282,5.208333333333333,0.3660418082569846,161.99951226071596
795,0.986517,1.0,1,1830.2253886462088,0.0,490.75131010290244,9.618725678016887,76.94980542413509,86.56853110215198,1080.6849061720347,0.0,0.0,976.7472691395255,1.0,0.0,0.0,0.0,0.0,134.04693588008706,8782.630493135404,9.618725678016885,9.869138774764972,49.673934606704805,12.144124842165192,2302.786376953125,12.144124842165192,86.22328637937287,86.22328637937287,0.0,0.0,5.208333333333333,0.3660418082569846,426.940605116282,161.99951226071596,297.3695068645957,150.3260653932952,1.0,2.2749860674002154,0.0,1855.239583956697,490.7513101029023,478.35934597824394,3150.4940018146904,15.20213301931988,0.0,482.8488338176922,86.22328637937287,97.15299873732154,41.666666666666664,12.39196412465836,191703662.2496527,95824833.33333333,10.0,1.0,7.853981633974483,20.0,2.5,98.17477042468104,8782.630493135404,9.618725678016885,9.869138774764972,49.673934606704805,12.144124842165192,2302.786376953125,426.940605116282,5.208333333333333,0.3660418082569846,161.99951226071596
796,0.984012,1.0,1,1825.5780134883973,0.0,490.7513101029025,9.618725678016888,76.9498054241351,86.568531102152,1166.9081925514076,0.0,927.9099056825493,0.0,0.0,0.0,0.0,0.0,0.0,136.31054701715027,8782.630493135404,9.618725678016885,9.869138774764972,49.673934606704805,12.144124842165192,2302.786376953125,12.144124842165192,86.22328637937287,0.0,86.22328637937287,86.22328637937287,5.208333333333333,0.3660418082569846,426.940605116282,161.99951226071596,297.3695068645957,150.3260653932952,1.0,2.2749860674002154,0.0,1855.239583956697,490.7513101029023,478.35934597824394,3150.4940018146904,15.20213301931988,0.0,482.8488338176922,86.22328637937287,97.15299873732154,41.666666666666664,12.39196412465836,191703662.2496527,95824833.33333333,10.0,1.0,7.853981633974483,20.0,2.5,98.17477042468104,8782.630493135404,9.618725678016885,9.869138774764972,49.673934606704805,12.144124842165192,2302.786376953125,426.940605116282,5.208333333333333,0.3660418082569846,161.99951226071596
797,0.989099,1.0,1,1835.015617251985,0.0,490.75131010290244,9.618725678016887,76.94980542413509,86.56853110215198,1080.684906172033,0.0,0.0,0.0,0.0,0.0,0.0,0.0,0.0,138.5741581541999,8782.630493135404,9.618725678016892,9.869138774764972,49.673934606704805,12.144124842165182,2302.786376953125,12.144124842165182,86.22328637937278,86.22328637937278,0.0,0.0,5.208333333333333,0.3660418082569846,426.9406051162804,161.99951226071596,297.3695068645957,150.3260653932952,1.0,2.2749860674001954,0.0,1855.239583956697,490.7513101029023,478.35934597824394,3150.4940018146904,15.20213301931988,0.0,482.8488338176922,86.22328637937287,97.15299873732154,41.666666666666664,12.39196412465836,191703662.2496527,95824833.33333333,10.0,1.0,7.853981633974483,20.0,2.5,98.17477042468104,8782.630493135404,9.618725678016885,9.869138774764972,49.673934606704805,12.144124842165192,2302.786376953125,426.940605116282,5.208333333333333,0.3660418082569846,161.99951226071596
798,0.9863,1.0,1,1829.8228016564901,0.0,490.7513101029024,9.618725678016887,76.94980542413509,86.56853110215198,1080.684906172033,0.0,0.0,0.0,1.0,0.0,0.0,0.0,0.0,140.8377692912631,8782.630493135404,9.618725678016887,9.869138774764972,49.673934606704805,12.144124842165182,2302.786376953125,12.144124842165182,86.22328637937278,86.22328637937278,0.0,0.0,5.208333333333333,0.3660418082569846,426.9406051162804,161.99951226071596,297.3695068645957,150.3260653932952,1.0,2.2749860674001994,0.0,1855.239583956697,490.7513101029023,478.35934597824394,3150.4940018146904,15.20213301931988,0.0,482.8488338176922,86.22328637937287,97.15299873732154,41.666666666666664,12.39196412465836,191703662.2496527,95824833.33333333,10.0,1.0,7.853981633974483,20.0,2.5,98.17477042468104,8782.630493135404,9.618725678016885,9.869138774764972,49.673934606704805,12.144124842165192,2302.786376953125,426.940605116282,5.208333333333333,0.3660418082569846,161.99951226071596
799,0.970471,1.0,1,1800.4562142820398,0.0,490.7513101029023,9.618725678016885,76.94980542413508,86.56853110215197,1080.6849061720343,0.0,0.0,0.0,1.0,0.0,0.0,0.0,0.0,143.1013804283263,8782.630493135404,9.618725678016885,9.869138774764972,49.673934606704805,12.144124842165192,2302.786376953125,12.144124842165192,86.22328637937287,86.22328637937287,0.0,0.0,5.208333333333333,0.3660418082569846,426.940605116282,161.99951226071596,297.3695068645957,150.3260653932952,1.0,2.2749860674002154,0.0,1855.239583956697,490.7513101029023,478.35934597824394,3150.4940018146904,15.20213301931988,0.0,482.8488338176922,86.22328637937287,97.15299873732154,41.666666666666664,12.39196412465836,191703662.2496527,95824833.33333333,10.0,1.0,7.853981633974483,20.0,2.5,98.17477042468104,8782.630493135404,9.618725678016885,9.869138774764972,49.673934606704805,12.144124842165192,2302.786376953125,426.940605116282,5.208333333333333,0.3660418082569846,161.99951226071596
800,0.935853,1.0,1,1736.231530364627,0.0,490.7513101029023,9.618725678016885,76.94980542413508,86.56853110215197,1080.6849061720343,0.0,0.0,0.0,0.0,0.0,0.0,0.0,0.0,145.36499156538488,8782.630493135404,9.618725678016885,9.869138774764972,49.673934606704805,12.144124842165192,2302.786376953125,12.144124842165192,86.22328637937287,86.22328637937287,0.0,0.0,5.208333333333333,0.3660418082569846,426.940605116282,161.99951226071596,297.3695068645957,150.3260653932952,1.0,2.2749860674002154,0.0,1855.239583956697,490.7513101029023,478.35934597824394,3150.4940018146904,15.20213301931988,0.0,482.8488338176922,86.22328637937287,97.15299873732154,41.666666666666664,12.39196412465836,191703662.2496527,95824833.33333333,10.0,1.0,7.853981633974483,20.0,2.5,98.17477042468104,8782.630493135404,9.618725678016885,9.869138774764972,49.673934606704805,12.144124842165192,2302.786376953125,426.940605116282,5.208333333333333,0.3660418082569846,161.99951226071596
801,0.8813500000000001,1.0,1,1635.1154073202351,0.0,490.7513101029024,9.618725678016887,76.94980542413509,86.56853110215198,1080.6849061720345,0.0,0.0,0.0,0.0,0.0,0.0,0.0,0.0,147.6286027024481,8782.630493135404,9.618725678016885,9.869138774764972,49.673934606704805,12.144124842165192,2302.786376953125,12.144124842165192,86.22328637937287,86.22328637937287,0.0,0.0,5.208333333333333,0.3660418082569846,426.940605116282,161.99951226071596,297.3695068645957,150.3260653932952,1.0,2.2749860674002154,0.0,1855.239583956697,490.7513101029023,478.35934597824394,3150.4940018146904,15.20213301931988,0.0,482.8488338176922,86.22328637937287,97.15299873732154,41.666666666666664,12.39196412465836,191703662.2496527,95824833.33333333,10.0,1.0,7.853981633974483,20.0,2.5,98.17477042468104,8782.630493135404,9.618725678016885,9.869138774764972,49.673934606704805,12.144124842165192,2302.786376953125,426.940605116282,5.208333333333333,0.3660418082569846,161.99951226071596
802,0.8713390000000001,1.0,1,1616.5426038452447,0.0,490.7513101029023,9.618725678016885,76.94980542413508,86.56853110215197,1080.6849061720343,0.0,0.0,0.0,1.0,0.0,0.0,0.0,0.0,149.8922138395113,8782.630493135404,9.618725678016885,9.869138774764972,49.673934606704805,12.144124842165192,2302.786376953125,12.144124842165192,86.22328637937287,86.22328637937287,0.0,0.0,5.208333333333333,0.3660418082569846,426.940605116282,161.99951226071596,297.3695068645957,150.3260653932952,1.0,2.2749860674002154,0.0,1855.239583956697,490.7513101029023,478.35934597824394,3150.4940018146904,15.20213301931988,0.0,482.8488338176922,86.22328637937287,97.15299873732154,41.666666666666664,12.39196412465836,191703662.2496527,95824833.33333333,10.0,1.0,7.853981633974483,20.0,2.5,98.17477042468104,8782.630493135404,9.618725678016885,9.869138774764972,49.673934606704805,12.144124842165192,2302.786376953125,426.940605116282,5.208333333333333,0.3660418082569846,161.99951226071596
803,0.83897,1.0,1,1556.4903537521502,0.0,490.7513101029024,9.618725678016887,76.94980542413509,86.56853110215198,1166.9081925514074,0.0,0.0,0.0,0.0,0.0,0.0,0.0,0.0,152.1558249765619,8782.630493135404,9.618725678016885,9.869138774764972,49.673934606704805,12.144124842165192,2302.786376953125,12.144124842165192,86.22328637937287,0.0,86.22328637937287,86.22328637937287,5.208333333333333,0.3660418082569846,426.940605116282,161.99951226071596,297.3695068645957,150.3260653932952,1.0,2.2749860674002154,0.0,1855.239583956697,490.7513101029023,478.35934597824394,3150.4940018146904,15.20213301931988,0.0,482.8488338176922,86.22328637937287,97.15299873732154,41.666666666666664,12.39196412465836,191703662.2496527,95824833.33333333,10.0,1.0,7.853981633974483,20.0,2.5,98.17477042468104,8782.630493135404,9.618725678016885,9.869138774764972,49.673934606704805,12.144124842165192,2302.786376953125,426.940605116282,5.208333333333333,0.3660418082569846,161.99951226071596
804,0.7834800000000001,1.0,1,1453.543109238393,0.0,490.75131010290227,9.618725678016885,76.94980542413508,86.56853110215197,1080.6849061720343,0.0,0.0,0.0,0.0,0.0,0.0,0.0,0.0,154.41943611362507,8782.630493135404,9.61872567801688,9.869138774764972,49.673934606704805,12.144124842165185,2302.786376953125,12.144124842165185,86.22328637937281,86.22328637937281,0.0,0.0,5.208333333333333,0.3660418082569846,426.940605116282,161.99951226071596,297.3695068645957,150.3260653932952,1.0,2.2749860674001905,0.0,1855.239583956697,490.7513101029023,478.35934597824394,3150.4940018146904,15.20213301931988,0.0,482.8488338176922,86.22328637937287,97.15299873732154,41.666666666666664,12.39196412465836,191703662.2496527,95824833.33333333,10.0,1.0,7.853981633974483,20.0,2.5,98.17477042468104,8782.630493135404,9.618725678016885,9.869138774764972,49.673934606704805,12.144124842165192,2302.786376953125,426.940605116282,5.208333333333333,0.3660418082569846,161.99951226071596
805,0.725795,1.0,1,1346.523613837851,0.0,490.7513101029023,9.618725678016885,76.94980542413508,86.56853110215197,1080.6849061720343,0.0,0.0,0.0,0.0,0.0,0.0,0.0,0.0,156.68304725068828,8782.630493135404,9.618725678016885,9.869138774764972,49.673934606704805,12.144124842165192,2302.786376953125,12.144124842165192,86.22328637937287,86.22328637937287,0.0,0.0,5.208333333333333,0.3660418082569846,426.940605116282,161.99951226071596,297.3695068645957,150.3260653932952,1.0,2.2749860674002154,0.0,1855.239583956697,490.7513101029023,478.35934597824394,3150.4940018146904,15.20213301931988,0.0,482.8488338176922,86.22328637937287,97.15299873732154,41.666666666666664,12.39196412465836,191703662.2496527,95824833.33333333,10.0,1.0,7.853981633974483,20.0,2.5,98.17477042468104,8782.630493135404,9.618725678016885,9.869138774764972,49.673934606704805,12.144124842165192,2302.786376953125,426.940605116282,5.208333333333333,0.3660418082569846,161.99951226071596
806,0.662693,1.0,1,1229.4542856110154,0.0,490.75131010290215,9.618725678016881,76.94980542413505,86.56853110215194,1166.9081925514054,0.0,0.0,0.0,0.0,0.0,0.0,0.0,0.0,158.94665838773898,8782.630493135404,9.618725678016878,9.869138774764972,49.673934606704805,12.144124842165182,2302.786376953125,12.144124842165182,86.22328637937278,0.0,86.22328637937278,86.22328637937278,5.208333333333333,0.3660418082569846,426.9406051162804,161.99951226071596,297.3695068645957,150.3260653932952,1.0,2.2749860674001994,0.0,1855.239583956697,490.7513101029023,478.35934597824394,3150.4940018146904,15.20213301931988,0.0,482.8488338176922,86.22328637937287,97.15299873732154,41.666666666666664,12.39196412465836,191703662.2496527,95824833.33333333,10.0,1.0,7.853981633974483,20.0,2.5,98.17477042468104,8782.630493135404,9.618725678016885,9.869138774764972,49.673934606704805,12.144124842165192,2302.786376953125,426.940605116282,5.208333333333333,0.3660418082569846,161.99951226071596
807,0.7347659999999999,1.0,1,1363.1669681455264,0.0,490.75131010290255,9.61872567801689,76.94980542413512,86.56853110215201,1166.9081925514076,0.0,0.0,0.0,0.0,0.0,0.0,0.0,0.0,161.2102695248022,8782.630493135404,9.618725678016885,9.869138774764972,49.673934606704805,12.144124842165192,2302.786376953125,12.144124842165192,86.22328637937287,0.0,86.22328637937288,86.22328637937288,5.208333333333333,0.3660418082569846,426.940605116282,161.99951226071596,297.3695068645957,150.3260653932952,1.0,2.2749860674002154,0.0,1855.239583956697,490.7513101029023,478.35934597824394,3150.4940018146904,15.20213301931988,0.0,482.8488338176922,86.22328637937287,97.15299873732154,41.666666666666664,12.39196412465836,191703662.2496527,95824833.33333333,10.0,1.0,7.853981633974483,20.0,2.5,98.17477042468104,8782.630493135404,9.618725678016885,9.869138774764972,49.673934606704805,12.144124842165192,2302.786376953125,426.940605116282,5.208333333333333,0.3660418082569846,161.99951226071596
808,0.903178,1.0,1,1675.6115769588419,0.0,490.7513101029024,9.618725678016887,76.94980542413509,86.56853110215198,1080.6849061720345,0.0,0.0,0.0,0.0,0.0,0.0,0.0,0.0,163.4738806618654,8782.630493135404,9.618725678016885,9.869138774764972,49.673934606704805,12.144124842165192,2302.786376953125,12.144124842165192,86.22328637937287,86.22328637937287,0.0,0.0,5.208333333333333,0.3660418082569846,426.940605116282,161.99951226071596,297.3695068645957,150.3260653932952,1.0,2.2749860674002154,0.0,1855.239583956697,490.7513101029023,478.35934597824394,3150.4940018146904,15.20213301931988,0.0,482.8488338176922,86.22328637937287,97.15299873732154,41.666666666666664,12.39196412465836,191703662.2496527,95824833.33333333,10.0,1.0,7.853981633974483,20.0,2.5,98.17477042468104,8782.630493135404,9.618725678016885,9.869138774764972,49.673934606704805,12.144124842165192,2302.786376953125,426.940605116282,5.208333333333333,0.3660418082569846,161.99951226071596
809,0.959014,1.0,1,1779.200734368648,0.0,490.75131010290244,9.618725678016887,76.94980542413509,86.56853110215198,1779.2007343686478,698.5158281966131,0.0,663.5900367867824,0.0,0.0,0.0,0.0,0.0,165.7374917989286,8782.630493135404,9.618725678016885,9.869138774764972,49.673934606704805,12.144124842165192,2302.786376953125,12.144124842165192,86.22328637937287,86.22328637937287,0.0,0.0,5.208333333333333,0.3660418082569846,426.940605116282,161.99951226071596,297.3695068645957,150.3260653932952,1.0,2.2749860674002154,0.0,1855.239583956697,490.7513101029023,478.35934597824394,3150.4940018146904,15.20213301931988,0.0,482.8488338176922,86.22328637937287,97.15299873732154,41.666666666666664,12.39196412465836,191703662.2496527,95824833.33333333,10.0,1.0,7.853981633974483,20.0,2.5,98.17477042468104,8782.630493135404,9.618725678016885,9.869138774764972,49.673934606704805,12.144124842165192,2302.786376953125,426.940605116282,5.208333333333333,0.3660418082569846,161.99951226071596
810,0.985705,1.0,1,1828.7189341040362,0.0,490.7513101029023,9.618725678016885,76.94980542413508,86.56853110215197,1513.0118155662456,432.32690939421127,0.0,1074.300600711283,0.0,0.0,0.0,0.0,0.0,168.00110293597987,8782.630493135404,9.618725678016885,9.869138774764972,49.673934606704805,12.144124842165192,2302.786376953125,12.144124842165192,86.22328637937287,86.22328637937287,0.0,0.0,5.208333333333333,0.3660418082569846,426.940605116282,161.99951226071596,297.3695068645957,150.3260653932952,1.0,2.2749860674002154,0.0,1855.239583956697,490.7513101029023,478.35934597824394,3150.4940018146904,15.20213301931988,0.0,482.8488338176922,86.22328637937287,97.15299873732154,41.666666666666664,12.39196412465836,191703662.2496527,95824833.33333333,10.0,1.0,7.853981633974483,20.0,2.5,98.17477042468104,8782.630493135404,9.618725678016885,9.869138774764972,49.673934606704805,12.144124842165192,2302.786376953125,426.940605116282,5.208333333333333,0.3660418082569846,161.99951226071596
811,0.988679,1.0,1,1834.2364166267232,0.0,490.7513101029023,9.618725678016885,76.94980542413508,86.56853110215197,1834.2364166267228,753.5515104546885,0.0,1790.174535643237,0.0,0.0,0.0,0.0,0.0,170.26471407304308,8782.630493135404,9.618725678016885,9.869138774764972,49.673934606704805,12.144124842165192,2302.786376953125,12.144124842165192,86.22328637937287,86.22328637937287,0.0,0.0,5.208333333333333,0.3660418082569846,426.940605116282,161.99951226071596,297.3695068645957,150.3260653932952,1.0,2.2749860674002154,0.0,1855.239583956697,490.7513101029023,478.35934597824394,3150.4940018146904,15.20213301931988,0.0,482.8488338176922,86.22328637937287,97.15299873732154,41.666666666666664,12.39196412465836,191703662.2496527,95824833.33333333,10.0,1.0,7.853981633974483,20.0,2.5,98.17477042468104,8782.630493135404,9.618725678016885,9.869138774764972,49.673934606704805,12.144124842165192,2302.786376953125,426.940605116282,5.208333333333333,0.3660418082569846,161.99951226071596
812,0.974098,1.0,1,1807.1851682530507,0.0,490.7513101029024,9.618725678016887,76.94980542413509,86.56853110215198,1807.1851682530519,726.5002620810174,0.0,2480.3497846202035,0.0,0.0,0.0,0.0,0.0,172.5283252101063,8782.630493135404,9.618725678016885,9.869138774764972,49.673934606704805,12.144124842165192,2302.786376953125,12.144124842165192,86.22328637937287,86.22328637937287,0.0,0.0,5.208333333333333,0.3660418082569846,426.940605116282,161.99951226071596,297.3695068645957,150.3260653932952,1.0,2.2749860674002154,0.0,1855.239583956697,490.7513101029023,478.35934597824394,3150.4940018146904,15.20213301931988,0.0,482.8488338176922,86.22328637937287,97.15299873732154,41.666666666666664,12.39196412465836,191703662.2496527,95824833.33333333,10.0,1.0,7.853981633974483,20.0,2.5,98.17477042468104,8782.630493135404,9.618725678016885,9.869138774764972,49.673934606704805,12.144124842165192,2302.786376953125,426.940605116282,5.208333333333333,0.3660418082569846,161.99951226071596
813,0.974287,1.0,1,1807.5358085344185,0.0,490.75131010290215,9.618725678016881,76.94980542413505,86.56853110215194,1786.0998716399308,705.4149654678982,0.0,3150.4940018146913,0.0,0.0,0.0,0.0,0.0,174.79193634715386,8782.630493135404,9.618725678016878,9.869138774764972,49.673934606704805,12.144124842165184,2302.786376953125,12.144124842165184,86.2232863793728,86.22328637937281,0.0,0.0,5.208333333333333,0.3660418082569846,426.9406051162804,161.99951226071596,297.3695068645957,150.3260653932952,1.0,2.2749860674002047,0.0,1855.239583956697,490.7513101029023,478.35934597824394,3150.4940018146904,15.20213301931988,0.0,482.8488338176922,86.22328637937287,97.15299873732154,41.666666666666664,12.39196412465836,191703662.2496527,95824833.33333333,10.0,1.0,7.853981633974483,20.0,2.5,98.17477042468104,8782.630493135404,9.618725678016885,9.869138774764972,49.673934606704805,12.144124842165192,2302.786376953125,426.940605116282,5.208333333333333,0.3660418082569846,161.99951226071596
814,0.960851,1.0,1,1782.6088094843763,0.0,490.7513101029024,9.618725678016887,76.94980542413509,86.56853110215198,1080.6849061720345,0.0,0.0,3150.4940018146913,0.0,0.0,0.0,0.0,0.0,177.05554748421707,8782.630493135404,9.618725678016885,9.869138774764972,49.673934606704805,12.144124842165192,2302.786376953125,12.144124842165192,86.22328637937287,86.22328637937287,0.0,0.0,5.208333333333333,0.3660418082569846,426.940605116282,161.99951226071596,297.3695068645957,150.3260653932952,1.0,2.2749860674002154,0.0,1855.239583956697,490.7513101029023,478.35934597824394,3150.4940018146904,15.20213301931988,0.0,482.8488338176922,86.22328637937287,97.15299873732154,41.666666666666664,12.39196412465836,191703662.2496527,95824833.33333333,10.0,1.0,7.853981633974483,20.0,2.5,98.17477042468104,8782.630493135404,9.618725678016885,9.869138774764972,49.673934606704805,12.144124842165192,2302.786376953125,426.940605116282,5.208333333333333,0.3660418082569846,161.99951226071596
815,0.91229,1.0,1,1692.5165200478552,0.0,490.75131010290244,9.618725678016887,76.94980542413509,86.56853110215198,1080.6849061720338,0.0,0.0,3150.4940018146913,0.0,0.0,0.0,0.0,0.0,179.31915862126488,8782.630493135404,9.618725678016892,9.869138774764972,49.673934606704805,12.144124842165203,2302.786376953125,12.144124842165203,86.22328637937294,86.22328637937294,0.0,0.0,5.208333333333333,0.3660418082569846,426.9406051162813,161.99951226071596,297.3695068645957,150.3260653932952,1.0,2.274986067400226,0.0,1855.239583956697,490.7513101029023,478.35934597824394,3150.4940018146904,15.20213301931988,0.0,482.8488338176922,86.22328637937287,97.15299873732154,41.666666666666664,12.39196412465836,191703662.2496527,95824833.33333333,10.0,1.0,7.853981633974483,20.0,2.5,98.17477042468104,8782.630493135404,9.618725678016885,9.869138774764972,49.673934606704805,12.144124842165192,2302.786376953125,426.940605116282,5.208333333333333,0.3660418082569846,161.99951226071596
816,0.316024,0.0,1,586.3002342803313,0.0,407.3395336099708,7.983854858755427,63.870838870043414,71.85469372879884,586.3002342803317,0.0,0.0,3150.4940018146913,1.0,7.983854858755427,0.0,7.8241777615803185,0.0,169.40042618431517,0.0,0.0,9.869138774764972,49.673934606704805,0.0,0.0,0.0,0.0,0.0,0.0,0.0,5.208333333333333,0.3660418082569846,0.0,161.99951226071596,9080.0,150.3260653932952,0.0,0.0,9.869138774764972,1855.239583956697,490.7513101029023,478.35934597824394,3150.4940018146904,15.20213301931988,0.0,482.8488338176922,86.22328637937287,97.15299873732154,41.666666666666664,12.39196412465836,191703662.2496527,95824833.33333333,10.0,1.0,7.853981633974483,20.0,2.5,98.17477042468104,8782.630493135404,9.618725678016885,9.869138774764972,49.673934606704805,12.144124842165192,2302.786376953125,426.940605116282,5.208333333333333,0.3660418082569846,161.99951226071596
817,0.3048929999999999,0.0,1,565.6495624713091,0.0,384.108457816512,7.528525773203635,60.22820618562908,67.75673195883272,562.1585003157693,0.0,0.0,3150.4940018146913,1.0,7.528525773203635,0.0,15.20213301931988,0.0,159.48169374736545,0.0,0.0,9.869138774764972,49.673934606704805,0.0,0.0,0.0,0.0,0.0,0.0,0.0,5.208333333333333,0.3660418082569846,0.0,161.99951226071596,9080.0,150.3260653932952,0.0,0.0,9.869138774764972,1855.239583956697,490.7513101029023,478.35934597824394,3150.4940018146904,15.20213301931988,0.0,482.8488338176922,86.22328637937287,97.15299873732154,41.666666666666664,12.39196412465836,191703662.2496527,95824833.33333333,10.0,1.0,7.853981633974483,20.0,2.5,98.17477042468104,8782.630493135404,9.618725678016885,9.869138774764972,49.673934606704805,12.144124842165192,2302.786376953125,426.940605116282,5.208333333333333,0.3660418082569846,161.99951226071596
818,0.297348,1.0,1,551.651779810356,0.0,0.0,0.0,0.0,0.0,590.8954686369337,0.0,39.243688826577454,3109.184855681452,0.0,0.0,9.618725678016885,5.387106817261837,0.0,161.74530488442014,8782.630493135404,9.618725678016885,9.869138774764972,49.673934606704805,12.144124842165192,2302.786376953125,12.144124842165192,86.22328637937287,86.22328637937287,0.0,0.0,5.208333333333333,0.3660418082569846,426.940605116282,161.99951226071596,297.3695068645957,150.3260653932952,1.0,2.2749860674002154,0.0,1855.239583956697,490.7513101029023,478.35934597824394,3150.4940018146904,15.20213301931988,0.0,482.8488338176922,86.22328637937287,97.15299873732154,41.666666666666664,12.39196412465836,191703662.2496527,95824833.33333333,10.0,1.0,7.853981633974483,20.0,2.5,98.17477042468104,8782.630493135404,9.618725678016885,9.869138774764972,49.673934606704805,12.144124842165192,2302.786376953125,426.940605116282,5.208333333333333,0.3660418082569846,161.99951226071596
819,0.296942,0.0,1,550.8985525392695,0.0,373.27325017937574,7.316155703515764,58.52924562812611,65.84540133164188,550.8985525392574,0.0,0.0,3109.1848556814634,1.0,7.316155703515764,0.0,12.556939406707286,0.0,151.82657244747043,0.0,0.0,9.869138774764972,49.673934606704805,0.0,0.0,0.0,0.0,0.0,0.0,0.0,5.208333333333333,0.3660418082569846,0.0,161.99951226071596,9080.0,150.3260653932952,0.0,0.0,9.869138774764972,1855.239583956697,490.7513101029023,478.35934597824394,3150.4940018146904,15.20213301931988,0.0,482.8488338176922,86.22328637937287,97.15299873732154,41.666666666666664,12.39196412465836,191703662.2496527,95824833.33333333,10.0,1.0,7.853981633974483,20.0,2.5,98.17477042468104,8782.630493135404,9.618725678016885,9.869138774764972,49.673934606704805,12.144124842165192,2302.786376953125,426.940605116282,5.208333333333333,0.3660418082569846,161.99951226071596
820,0.288595,1.0,1,535.4128677319829,0.0,0.0,0.0,0.0,0.0,590.8954686369242,0.0,55.48260090494114,3050.7821178867885,0.0,0.0,9.618725677921365,2.7419132047467096,0.0,154.0901835845216,8782.630493135404,9.618725678016885,9.869138774764972,49.673934606704805,12.144124842165192,2302.786376953125,12.144124842165192,86.22328637937287,86.22328637937287,0.0,0.0,5.208333333333333,0.3660418082569846,426.940605116282,161.99951226071596,297.3695068645957,150.3260653932952,1.0,2.2749860674002154,0.0,1855.239583956697,490.7513101029023,478.35934597824394,3150.4940018146904,15.20213301931988,0.0,482.8488338176922,86.22328637937287,97.15299873732154,41.666666666666664,12.39196412465836,191703662.2496527,95824833.33333333,10.0,1.0,7.853981633974483,20.0,2.5,98.17477042468104,8782.630493135404,9.618725678016885,9.869138774764972,49.673934606704805,12.144124842165192,2302.786376953125,426.940605116282,5.208333333333333,0.3660418082569846,161.99951226071596
821,0.269539,1.0,1,500.0594222201041,0.0,353.65564986556683,6.93165073736511,55.45320589892088,62.38485663628599,943.8579534287641,0.0,443.7985312086598,2583.625769246094,0.0,0.0,2.687074940651775,0.0,0.0,156.35379472158482,8782.630493135404,9.618725678016885,9.869138774764972,49.673934606704805,12.144124842165192,2302.786376953125,12.144124842165192,86.22328637937287,86.22328637937287,0.0,0.0,5.208333333333333,0.3660418082569846,426.940605116282,161.99951226071596,297.3695068645957,150.3260653932952,1.0,2.2749860674002154,0.0,1855.239583956697,490.7513101029023,478.35934597824394,3150.4940018146904,15.20213301931988,0.0,482.8488338176922,86.22328637937287,97.15299873732154,41.666666666666664,12.39196412465836,191703662.2496527,95824833.33333333,10.0,1.0,7.853981633974483,20.0,2.5,98.17477042468104,8782.630493135404,9.618725678016885,9.869138774764972,49.673934606704805,12.144124842165192,2302.786376953125,426.940605116282,5.208333333333333,0.3660418082569846,161.99951226071596
822,0.236183,0.0,1,438.17605065764457,0.0,264.8027903240902,5.190134690352168,41.52107752281734,46.71121221316951,438.1760506576446,0.0,0.0,2583.625769246094,1.0,5.190134690352168,0.0,5.086331996545124,0.0,146.4350622846351,0.0,0.0,9.869138774764972,49.673934606704805,0.0,0.0,0.0,0.0,0.0,0.0,0.0,5.208333333333333,0.3660418082569846,0.0,161.99951226071596,9080.0,150.3260653932952,0.0,0.0,9.869138774764972,1855.239583956697,490.7513101029023,478.35934597824394,3150.4940018146904,15.20213301931988,0.0,482.8488338176922,86.22328637937287,97.15299873732154,41.666666666666664,12.39196412465836,191703662.2496527,95824833.33333333,10.0,1.0,7.853981633974483,20.0,2.5,98.17477042468104,8782.630493135404,9.618725678016885,9.869138774764972,49.673934606704805,12.144124842165192,2302.786376953125,426.940605116282,5.208333333333333,0.3660418082569846,161.99951226071596
823,0.196889,0.0,1,365.27626644565015,0.0,194.65288249884537,3.8151964969773693,30.521571975818954,34.33676847279632,365.27626644565015,0.0,0.0,2583.625769246094,1.0,3.815196496977369,0.0,8.825224563582946,0.0,136.5163298476977,0.0,0.0,9.869138774764972,49.673934606704805,0.0,0.0,0.0,0.0,0.0,0.0,0.0,5.208333333333333,0.3660418082569846,0.0,161.99951226071596,9080.0,150.3260653932952,0.0,0.0,9.86913877476497,1855.239583956697,490.7513101029023,478.35934597824394,3150.4940018146904,15.20213301931988,0.0,482.8488338176922,86.22328637937287,97.15299873732154,41.666666666666664,12.39196412465836,191703662.2496527,95824833.33333333,10.0,1.0,7.853981633974483,20.0,2.5,98.17477042468104,8782.630493135404,9.618725678016885,9.869138774764972,49.673934606704805,12.144124842165192,2302.786376953125,426.940605116282,5.208333333333333,0.3660418082569846,161.99951226071596
824,0.156567,0.0,1,290.4692959413482,0.0,122.66772997353557,2.404287507481297,19.234300059850376,21.638587567331673,290.4692959413482,0.0,0.0,2583.625769246094,1.0,2.404287507481297,0.0,11.181426320914618,0.0,126.597597410748,0.0,0.0,9.869138774764972,49.673934606704805,0.0,0.0,0.0,0.0,0.0,0.0,0.0,5.208333333333333,0.3660418082569846,0.0,161.99951226071596,9080.0,150.3260653932952,0.0,0.0,9.869138774764972,1855.239583956697,490.7513101029023,478.35934597824394,3150.4940018146904,15.20213301931988,0.0,482.8488338176922,86.22328637937287,97.15299873732154,41.666666666666664,12.39196412465836,191703662.2496527,95824833.33333333,10.0,1.0,7.853981633974483,20.0,2.5,98.17477042468104,8782.630493135404,9.618725678016885,9.869138774764972,49.673934606704805,12.144124842165192,2302.786376953125,426.940605116282,5.208333333333333,0.3660418082569846,161.99951226071596
825,0.122169,0.0,1,226.65276473240573,0.0,61.25844282097351,1.2006654792910807,9.605323834328646,10.805989313619726,226.6527647324057,0.0,0.0,2583.625769246094,1.0,1.2006654792910807,0.0,12.358078490619876,0.0,116.67886497379827,0.0,0.0,9.869138774764972,49.673934606704805,0.0,0.0,0.0,0.0,0.0,0.0,0.0,5.208333333333333,0.3660418082569846,0.0,161.99951226071596,9080.0,150.3260653932952,0.0,0.0,9.869138774764972,1855.239583956697,490.7513101029023,478.35934597824394,3150.4940018146904,15.20213301931988,0.0,482.8488338176922,86.22328637937287,97.15299873732154,41.666666666666664,12.39196412465836,191703662.2496527,95824833.33333333,10.0,1.0,7.853981633974483,20.0,2.5,98.17477042468104,8782.630493135404,9.618725678016885,9.869138774764972,49.673934606704805,12.144124842165192,2302.786376953125,426.940605116282,5.208333333333333,0.3660418082569846,161.99951226071596
826,0.090498,1.0,1,167.89547186891315,0.0,490.7513101029024,9.618725678016887,76.94980542413509,86.56853110215198,1080.6849061720345,0.0,912.7894343031116,1622.7947857691343,0.0,0.0,0.0,12.358078490619876,0.0,118.94247611086143,8782.630493135404,9.618725678016885,9.869138774764972,49.673934606704805,12.144124842165192,2302.786376953125,12.144124842165192,86.22328637937287,86.22328637937288,0.0,0.0,5.208333333333333,0.3660418082569846,426.940605116282,161.99951226071596,297.3695068645957,150.3260653932952,1.0,2.2749860674002154,0.0,1855.239583956697,490.7513101029023,478.35934597824394,3150.4940018146904,15.20213301931988,0.0,482.8488338176922,86.22328637937287,97.15299873732154,41.666666666666664,12.39196412465836,191703662.2496527,95824833.33333333,10.0,1.0,7.853981633974483,20.0,2.5,98.17477042468104,8782.630493135404,9.618725678016885,9.869138774764972,49.673934606704805,12.144124842165192,2302.786376953125,426.940605116282,5.208333333333333,0.3660418082569846,161.99951226071596
827,0.064863,0.0,1,120.33640513418325,0.0,0.0,0.0,0.0,0.0,162.99299095285005,0.0,42.656585818666805,1577.8931164863272,1.0,0.0,0.0,12.358078490619876,0.0,109.02374367391171,0.0,0.0,9.869138774764972,49.673934606704805,0.0,0.0,0.0,0.0,0.0,0.0,0.0,5.208333333333333,0.3660418082569846,0.0,161.99951226071596,9080.0,150.3260653932952,0.0,0.0,9.869138774764972,1855.239583956697,490.7513101029023,478.35934597824394,3150.4940018146904,15.20213301931988,0.0,482.8488338176922,86.22328637937287,97.15299873732154,41.666666666666664,12.39196412465836,191703662.2496527,95824833.33333333,10.0,1.0,7.853981633974483,20.0,2.5,98.17477042468104,8782.630493135404,9.618725678016885,9.869138774764972,49.673934606704805,12.144124842165192,2302.786376953125,426.940605116282,5.208333333333333,0.3660418082569846,161.99951226071596
828,0.0515739999999999,0.0,1,95.68212630298251,0.0,0.0,0.0,0.0,0.0,162.99299095285005,0.0,67.31086464986038,1507.039574749632,1.0,0.0,0.0,12.358078490619876,0.0,99.10501123696199,0.0,0.0,9.869138774764972,49.673934606704805,0.0,0.0,0.0,0.0,0.0,0.0,0.0,5.208333333333333,0.3660418082569846,0.0,161.99951226071596,9080.0,150.3260653932952,0.0,0.0,9.869138774764972,1855.239583956697,490.7513101029023,478.35934597824394,3150.4940018146904,15.20213301931988,0.0,482.8488338176922,86.22328637937287,97.15299873732154,41.666666666666664,12.39196412465836,191703662.2496527,95824833.33333333,10.0,1.0,7.853981633974483,20.0,2.5,98.17477042468104,8782.630493135404,9.618725678016885,9.869138774764972,49.673934606704805,12.144124842165192,2302.786376953125,426.940605116282,5.208333333333333,0.3660418082569846,161.99951226071596
829,0.048273,0.0,1,89.55798043634164,0.0,0.0,0.0,0.0,0.0,162.99299095285005,0.0,73.43501051650128,1429.7395636796307,0.0,0.0,0.0,12.358078490619876,0.0,89.18627880000396,0.0,0.0,9.869138774764972,49.673934606704805,0.0,0.0,0.0,0.0,0.0,0.0,0.0,5.208333333333333,0.3660418082569846,0.0,161.99951226071596,9080.0,150.3260653932952,0.0,0.0,9.869138774764972,1855.239583956697,490.7513101029023,478.35934597824394,3150.4940018146904,15.20213301931988,0.0,482.8488338176922,86.22328637937287,97.15299873732154,41.666666666666664,12.39196412465836,191703662.2496527,95824833.33333333,10.0,1.0,7.853981633974483,20.0,2.5,98.17477042468104,8782.630493135404,9.618725678016885,9.869138774764972,49.673934606704805,12.144124842165192,2302.786376953125,426.940605116282,5.208333333333333,0.3660418082569846,161.99951226071596
830,0.047709,1.0,1,88.51162531099007,0.0,84.50551336447727,1.6563080619437545,13.250464495550036,14.90677255749379,675.2353511952167,0.0,586.7237258842124,812.1356416962493,0.0,0.0,7.962417616073136,4.23316255585137,0.0,91.44988993732457,8782.630493135404,9.618725678016885,9.869138774764972,49.673934606704805,12.144124842165192,2302.786376953125,12.144124842165192,86.22328637937287,86.22328637937287,0.0,0.0,5.208333333333333,0.3660418082569846,426.940605116282,161.99951226071596,297.3695068645957,150.3260653932952,1.0,2.274986067658907,0.0,1855.239583956697,490.7513101029023,478.35934597824394,3150.4940018146904,15.20213301931988,0.0,482.8488338176922,86.22328637937287,97.15299873732154,41.666666666666664,12.39196412465836,191703662.2496527,95824833.33333333,10.0,1.0,7.853981633974483,20.0,2.5,98.17477042468104,8782.630493135404,9.618725678016885,9.869138774764972,49.673934606704805,12.144124842165192,2302.786376953125,426.940605116282,5.208333333333333,0.3660418082569846,161.99951226071596
831,0.0483059999999999,0.0,1,89.61920334261202,0.0,0.0,0.0,0.0,0.0,162.99299095285005,0.0,73.37378761023137,734.9000757907427,0.0,0.0,0.0,4.23316255585137,0.0,81.53115750037485,0.0,0.0,9.869138774764972,49.673934606704805,0.0,0.0,0.0,0.0,0.0,0.0,0.0,5.208333333333333,0.3660418082569846,0.0,161.99951226071596,9080.0,150.3260653932952,0.0,0.0,9.869138774764972,1855.239583956697,490.7513101029023,478.35934597824394,3150.4940018146904,15.20213301931988,0.0,482.8488338176922,86.22328637937287,97.15299873732154,41.666666666666664,12.39196412465836,191703662.2496527,95824833.33333333,10.0,1.0,7.853981633974483,20.0,2.5,98.17477042468104,8782.630493135404,9.618725678016885,9.869138774764972,49.673934606704805,12.144124842165192,2302.786376953125,426.940605116282,5.208333333333333,0.3660418082569846,161.99951226071596
832,0.054776,0.0,1,101.62260345081204,0.0,0.0,0.0,0.0,0.0,162.99299095285005,0.0,61.37038750203101,670.299667893868,1.0,0.0,0.0,4.23316255585137,0.0,71.61242506342512,0.0,0.0,9.869138774764972,49.673934606704805,0.0,0.0,0.0,0.0,0.0,0.0,0.0,5.208333333333333,0.3660418082569846,0.0,161.99951226071596,9080.0,150.3260653932952,0.0,0.0,9.869138774764972,1855.239583956697,490.7513101029023,478.35934597824394,3150.4940018146904,15.20213301931988,0.0,482.8488338176922,86.22328637937287,97.15299873732154,41.666666666666664,12.39196412465836,191703662.2496527,95824833.33333333,10.0,1.0,7.853981633974483,20.0,2.5,98.17477042468104,8782.630493135404,9.618725678016885,9.869138774764972,49.673934606704805,12.144124842165192,2302.786376953125,426.940605116282,5.208333333333333,0.3660418082569846,161.99951226071596
833,0.0734549999999999,0.0,1,136.276623639539,0.0,0.0,0.0,0.0,0.0,162.99299095285005,0.0,26.71636731331106,642.1771759851196,1.0,0.0,0.0,4.23316255585137,0.0,61.6936926264754,0.0,0.0,9.869138774764972,49.673934606704805,0.0,0.0,0.0,0.0,0.0,0.0,0.0,5.208333333333333,0.3660418082569846,0.0,161.99951226071596,9080.0,150.3260653932952,0.0,0.0,9.869138774764972,1855.239583956697,490.7513101029023,478.35934597824394,3150.4940018146904,15.20213301931988,0.0,482.8488338176922,86.22328637937287,97.15299873732154,41.666666666666664,12.39196412465836,191703662.2496527,95824833.33333333,10.0,1.0,7.853981633974483,20.0,2.5,98.17477042468104,8782.630493135404,9.618725678016885,9.869138774764972,49.673934606704805,12.144124842165192,2302.786376953125,426.940605116282,5.208333333333333,0.3660418082569846,161.99951226071596
834,0.1098349999999999,0.0,1,203.77023970388365,0.0,39.239076935174744,0.769085907929425,6.1526872634354,6.9217731713648245,203.77023970388365,0.0,0.0,642.1771759851196,1.0,0.7690859079294249,0.0,4.986866745622207,0.0,51.774960189525686,0.0,0.0,9.869138774764972,49.673934606704805,0.0,0.0,0.0,0.0,0.0,0.0,0.0,5.208333333333333,0.3660418082569846,0.0,161.99951226071596,9080.0,150.3260653932952,0.0,0.0,9.869138774764972,1855.239583956697,490.7513101029023,478.35934597824394,3150.4940018146904,15.20213301931988,0.0,482.8488338176922,86.22328637937287,97.15299873732154,41.666666666666664,12.39196412465836,191703662.2496527,95824833.33333333,10.0,1.0,7.853981633974483,20.0,2.5,98.17477042468104,8782.630493135404,9.618725678016885,9.869138774764972,49.673934606704805,12.144124842165192,2302.786376953125,426.940605116282,5.208333333333333,0.3660418082569846,161.99951226071596
835,0.156057,0.0,1,289.5231237535303,0.0,121.75724865346443,2.3864420736079026,19.09153658886322,21.477978662471124,289.5231237535303,0.0,0.0,642.1771759851196,1.0,2.3864420736079026,0.0,7.325579977757951,0.0,41.85622775257597,0.0,0.0,9.869138774764972,49.673934606704805,0.0,0.0,0.0,0.0,0.0,0.0,0.0,5.208333333333333,0.3660418082569846,0.0,161.99951226071596,9080.0,150.3260653932952,0.0,0.0,9.869138774764972,1855.239583956697,490.7513101029023,478.35934597824394,3150.4940018146904,15.20213301931988,0.0,482.8488338176922,86.22328637937287,97.15299873732154,41.666666666666664,12.39196412465836,191703662.2496527,95824833.33333333,10.0,1.0,7.853981633974483,20.0,2.5,98.17477042468104,8782.630493135404,9.618725678016885,9.869138774764972,49.673934606704805,12.144124842165192,2302.786376953125,426.940605116282,5.208333333333333,0.3660418082569846,161.99951226071596
836,0.217144,1.0,1,402.854144218693,0.0,402.68152744960025,7.892557938012165,63.14046350409732,71.03302144210949,992.7877402927328,0.0,589.9335960740398,21.19444327560404,0.0,0.0,1.72616774000472,5.564184324691911,0.0,44.11983888963152,8782.630493135404,9.618725678016885,9.869138774764972,49.673934606704805,12.144124842165192,2302.786376953125,12.144124842165192,86.22328637937287,86.22328637937287,0.0,0.0,5.208333333333333,0.3660418082569846,426.940605116282,161.99951226071596,297.3695068645957,150.3260653932952,1.0,2.2749860674002154,0.0,1855.239583956697,490.7513101029023,478.35934597824394,3150.4940018146904,15.20213301931988,0.0,482.8488338176922,86.22328637937287,97.15299873732154,41.666666666666664,12.39196412465836,191703662.2496527,95824833.33333333,10.0,1.0,7.853981633974483,20.0,2.5,98.17477042468104,8782.630493135404,9.618725678016885,9.869138774764972,49.673934606704805,12.144124842165192,2302.786376953125,426.940605116282,5.208333333333333,0.3660418082569846,161.99951226071596
837,0.274449,0.0,1,509.16864857733157,0.0,333.1174534492701,6.529102087605694,52.232816700845554,58.76191878845125,509.16864857733157,0.0,0.0,21.19444327560404,1.0,6.529102087605694,0.0,11.962704370545492,0.0,34.2011064526818,0.0,0.0,9.869138774764972,49.673934606704805,0.0,0.0,0.0,0.0,0.0,0.0,0.0,5.208333333333333,0.3660418082569846,0.0,161.99951226071596,9080.0,150.3260653932952,0.0,0.0,9.869138774764972,1855.239583956697,490.7513101029023,478.35934597824394,3150.4940018146904,15.20213301931988,0.0,482.8488338176922,86.22328637937287,97.15299873732154,41.666666666666664,12.39196412465836,191703662.2496527,95824833.33333333,10.0,1.0,7.853981633974483,20.0,2.5,98.17477042468104,8782.630493135404,9.618725678016885,9.869138774764972,49.673934606704805,12.144124842165192,2302.786376953125,426.940605116282,5.208333333333333,0.3660418082569846,161.99951226071596
838,0.307648,1.0,1,570.7607475251099,0.0,0.0,0.0,0.0,0.0,590.8954686369337,0.0,20.13472111182384,0.0,0.0,0.0,9.618725678016885,2.1476781684874444,0.0,36.464717589745014,8782.630493135404,9.618725678016885,9.869138774764972,49.673934606704805,12.144124842165192,2302.786376953125,12.144124842165192,86.22328637937287,86.22328637937287,0.0,0.0,5.208333333333333,0.3660418082569846,426.940605116282,161.99951226071596,297.3695068645957,150.3260653932952,1.0,2.2749860674002154,0.0,1855.239583956697,490.7513101029023,478.35934597824394,3150.4940018146904,15.20213301931988,0.0,482.8488338176922,86.22328637937287,97.15299873732154,41.666666666666664,12.39196412465836,191703662.2496527,95824833.33333333,10.0,1.0,7.853981633974483,20.0,2.5,98.17477042468104,8782.630493135404,9.618725678016885,9.869138774764972,49.673934606704805,12.144124842165192,2302.786376953125,426.940605116282,5.208333333333333,0.3660418082569846,161.99951226071596
839,0.319983,0.0,1,593.6451277932158,0.0,414.4073680142088,8.122384413078493,64.97907530462794,73.10145971770643,593.6451277932159,0.0,0.0,0.0,1.0,8.122384413078493,0.0,10.107614893304367,0.0,26.545985152787296,0.0,0.0,9.869138774764972,49.673934606704805,0.0,0.0,0.0,0.0,0.0,0.0,0.0,5.208333333333333,0.3660418082569846,0.0,161.99951226071596,9080.0,150.3260653932952,0.0,0.0,9.86913877476499,1855.239583956697,490.7513101029023,478.35934597824394,3150.4940018146904,15.20213301931988,0.0,482.8488338176922,86.22328637937287,97.15299873732154,41.666666666666664,12.39196412465836,191703662.2496527,95824833.33333333,10.0,1.0,7.853981633974483,20.0,2.5,98.17477042468104,8782.630493135404,9.618725678016885,9.869138774764972,49.673934606704805,12.144124842165192,2302.786376953125,426.940605116282,5.208333333333333,0.3660418082569846,161.99951226071596
840,0.987931,1.0,1,1832.8486974179236,0.0,490.75131010290244,9.618725678016887,76.94980542413509,86.56853110215198,1080.6849061720347,0.0,0.0,0.0,0.0,0.0,0.0,10.107614893304369,0.0,28.80959628985051,8782.630493135404,9.618725678016885,9.869138774764972,49.673934606704805,12.144124842165192,2302.786376953125,12.144124842165192,86.22328637937287,86.22328637937287,0.0,0.0,5.208333333333333,0.3660418082569846,426.940605116282,161.99951226071596,297.3695068645957,150.3260653932952,1.0,2.2749860674002154,0.0,1855.239583956697,490.7513101029023,478.35934597824394,3150.4940018146904,15.20213301931988,0.0,482.8488338176922,86.22328637937287,97.15299873732154,41.666666666666664,12.39196412465836,191703662.2496527,95824833.33333333,10.0,1.0,7.853981633974483,20.0,2.5,98.17477042468104,8782.630493135404,9.618725678016885,9.869138774764972,49.673934606704805,12.144124842165192,2302.786376953125,426.940605116282,5.208333333333333,0.3660418082569846,161.99951226071596
841,0.986462,1.0,1,1830.1233504690913,0.0,490.75131010290244,9.618725678016887,76.94980542413509,86.56853110215198,1080.6849061720347,0.0,0.0,0.0,0.0,0.0,0.0,10.107614893205254,0.0,31.073207426913726,8782.630493135404,9.618725678016885,9.869138774764972,49.673934606704805,12.144124842165192,2302.786376953125,12.144124842165192,86.22328637937287,86.22328637937287,0.0,0.0,5.208333333333333,0.3660418082569846,426.940605116282,161.99951226071596,297.3695068645957,150.3260653932952,1.0,2.2749860674002154,0.0,1855.239583956697,490.7513101029023,478.35934597824394,3150.4940018146904,15.20213301931988,0.0,482.8488338176922,86.22328637937287,97.15299873732154,41.666666666666664,12.39196412465836,191703662.2496527,95824833.33333333,10.0,1.0,7.853981633974483,20.0,2.5,98.17477042468104,8782.630493135404,9.618725678016885,9.869138774764972,49.673934606704805,12.144124842165192,2302.786376953125,426.940605116282,5.208333333333333,0.3660418082569846,161.99951226071596
842,0.987244,1.0,1,1831.5741478237455,0.0,490.75131010290244,9.618725678016887,76.94980542413509,86.56853110215198,1080.6849061720347,0.0,0.0,0.0,0.0,0.0,0.0,10.107614893205254,0.0,33.336818563969175,8782.630493135404,9.618725678016885,9.869138774764972,49.673934606704805,12.144124842165192,2302.786376953125,12.144124842165192,86.22328637937287,86.22328637937287,0.0,0.0,5.208333333333333,0.3660418082569846,426.940605116282,161.99951226071596,297.3695068645957,150.3260653932952,1.0,2.2749860674002154,0.0,1855.239583956697,490.7513101029023,478.35934597824394,3150.4940018146904,15.20213301931988,0.0,482.8488338176922,86.22328637937287,97.15299873732154,41.666666666666664,12.39196412465836,191703662.2496527,95824833.33333333,10.0,1.0,7.853981633974483,20.0,2.5,98.17477042468104,8782.630493135404,9.618725678016885,9.869138774764972,49.673934606704805,12.144124842165192,2302.786376953125,426.940605116282,5.208333333333333,0.3660418082569846,161.99951226071596
843,0.988411,1.0,1,1833.739212418223,0.0,490.75131010290244,9.618725678016887,76.94980542413509,86.56853110215198,1080.6849061720347,0.0,0.0,0.0,0.0,0.0,0.0,10.107614893205255,0.0,35.60042970103239,8782.630493135404,9.618725678016885,9.869138774764972,49.673934606704805,12.144124842165192,2302.786376953125,12.144124842165192,86.22328637937287,86.22328637937287,0.0,0.0,5.208333333333333,0.3660418082569846,426.940605116282,161.99951226071596,297.3695068645957,150.3260653932952,1.0,2.2749860674002154,0.0,1855.239583956697,490.7513101029023,478.35934597824394,3150.4940018146904,15.20213301931988,0.0,482.8488338176922,86.22328637937287,97.15299873732154,41.666666666666664,12.39196412465836,191703662.2496527,95824833.33333333,10.0,1.0,7.853981633974483,20.0,2.5,98.17477042468104,8782.630493135404,9.618725678016885,9.869138774764972,49.673934606704805,12.144124842165192,2302.786376953125,426.940605116282,5.208333333333333,0.3660418082569846,161.99951226071596
844,0.98804,1.0,1,1833.050918532575,0.0,490.75131010290266,9.618725678016892,76.94980542413514,86.56853110215202,1080.6849061720347,0.0,0.0,0.0,0.0,0.0,0.0,10.107614893205264,0.0,37.864040838095605,8782.630493135404,9.618725678016885,9.869138774764972,49.673934606704805,12.144124842165192,2302.786376953125,12.144124842165192,86.22328637937287,86.22328637937287,0.0,0.0,5.208333333333333,0.3660418082569846,426.940605116282,161.99951226071596,297.3695068645957,150.3260653932952,1.0,2.2749860674002154,0.0,1855.239583956697,490.7513101029023,478.35934597824394,3150.4940018146904,15.20213301931988,0.0,482.8488338176922,86.22328637937287,97.15299873732154,41.666666666666664,12.39196412465836,191703662.2496527,95824833.33333333,10.0,1.0,7.853981633974483,20.0,2.5,98.17477042468104,8782.630493135404,9.618725678016885,9.869138774764972,49.673934606704805,12.144124842165192,2302.786376953125,426.940605116282,5.208333333333333,0.3660418082569846,161.99951226071596
845,0.98873,1.0,1,1834.331033845505,0.0,490.7513101029026,9.61872567801689,76.94980542413512,86.56853110215201,1080.6849061720347,0.0,0.0,0.0,0.0,0.0,0.0,10.107614893205268,0.0,40.12765197515882,8782.630493135404,9.618725678016885,9.869138774764972,49.673934606704805,12.144124842165192,2302.786376953125,12.144124842165192,86.22328637937287,86.22328637937287,0.0,0.0,5.208333333333333,0.3660418082569846,426.940605116282,161.99951226071596,297.3695068645957,150.3260653932952,1.0,2.2749860674002154,0.0,1855.239583956697,490.7513101029023,478.35934597824394,3150.4940018146904,15.20213301931988,0.0,482.8488338176922,86.22328637937287,97.15299873732154,41.666666666666664,12.39196412465836,191703662.2496527,95824833.33333333,10.0,1.0,7.853981633974483,20.0,2.5,98.17477042468104,8782.630493135404,9.618725678016885,9.869138774764972,49.673934606704805,12.144124842165192,2302.786376953125,426.940605116282,5.208333333333333,0.3660418082569846,161.99951226071596
846,0.988949,1.0,1,1834.7373313143914,0.0,490.7513101029023,9.618725678016885,76.94980542413508,86.56853110215197,1080.6849061720343,0.0,0.0,0.0,0.0,0.0,0.0,10.107614893205268,0.0,42.391263112221985,8782.630493135404,9.618725678016885,9.869138774764972,49.673934606704805,12.144124842165192,2302.786376953125,12.144124842165192,86.22328637937287,86.22328637937287,0.0,0.0,5.208333333333333,0.3660418082569846,426.940605116282,161.99951226071596,297.3695068645957,150.3260653932952,1.0,2.2749860674002154,0.0,1855.239583956697,490.7513101029023,478.35934597824394,3150.4940018146904,15.20213301931988,0.0,482.8488338176922,86.22328637937287,97.15299873732154,41.666666666666664,12.39196412465836,191703662.2496527,95824833.33333333,10.0,1.0,7.853981633974483,20.0,2.5,98.17477042468104,8782.630493135404,9.618725678016885,9.869138774764972,49.673934606704805,12.144124842165192,2302.786376953125,426.940605116282,5.208333333333333,0.3660418082569846,161.99951226071596
847,0.986252,1.0,1,1829.7337501564605,0.0,490.7513101029023,9.618725678016885,76.94980542413508,86.56853110215197,1166.9081925514072,0.0,0.0,0.0,1.0,0.0,0.0,10.107614893205268,0.0,44.6548742492852,8782.630493135404,9.618725678016885,9.869138774764972,49.673934606704805,12.144124842165192,2302.786376953125,12.144124842165192,86.22328637937287,0.0,86.22328637937287,86.22328637937287,5.208333333333333,0.3660418082569846,426.940605116282,161.99951226071596,297.3695068645957,150.3260653932952,1.0,2.2749860674002154,0.0,1855.239583956697,490.7513101029023,478.35934597824394,3150.4940018146904,15.20213301931988,0.0,482.8488338176922,86.22328637937287,97.15299873732154,41.666666666666664,12.39196412465836,191703662.2496527,95824833.33333333,10.0,1.0,7.853981633974483,20.0,2.5,98.17477042468104,8782.630493135404,9.618725678016885,9.869138774764972,49.673934606704805,12.144124842165192,2302.786376953125,426.940605116282,5.208333333333333,0.3660418082569846,161.99951226071596
848,0.938557,1.0,1,1741.2480981996457,0.0,490.7513101029024,9.618725678016887,76.94980542413509,86.56853110215198,1080.6849061720345,0.0,0.0,0.0,0.0,0.0,0.0,10.107614893205275,0.0,46.918485386348415,8782.630493135404,9.618725678016885,9.869138774764972,49.673934606704805,12.144124842165192,2302.786376953125,12.144124842165192,86.22328637937287,86.22328637937287,0.0,0.0,5.208333333333333,0.3660418082569846,426.940605116282,161.99951226071596,297.3695068645957,150.3260653932952,1.0,2.2749860674002154,0.0,1855.239583956697,490.7513101029023,478.35934597824394,3150.4940018146904,15.20213301931988,0.0,482.8488338176922,86.22328637937287,97.15299873732154,41.666666666666664,12.39196412465836,191703662.2496527,95824833.33333333,10.0,1.0,7.853981633974483,20.0,2.5,98.17477042468104,8782.630493135404,9.618725678016885,9.869138774764972,49.673934606704805,12.144124842165192,2302.786376953125,426.940605116282,5.208333333333333,0.3660418082569846,161.99951226071596
849,0.903185,1.0,1,1675.6245636359295,0.0,490.7513101029024,9.618725678016887,76.94980542413509,86.56853110215198,1080.6849061720345,0.0,0.0,0.0,0.0,0.0,0.0,10.107614893205275,0.0,49.18209652341163,8782.630493135404,9.618725678016885,9.869138774764972,49.673934606704805,12.144124842165192,2302.786376953125,12.144124842165192,86.22328637937287,86.22328637937287,0.0,0.0,5.208333333333333,0.3660418082569846,426.940605116282,161.99951226071596,297.3695068645957,150.3260653932952,1.0,2.2749860674002154,0.0,1855.239583956697,490.7513101029023,478.35934597824394,3150.4940018146904,15.20213301931988,0.0,482.8488338176922,86.22328637937287,97.15299873732154,41.666666666666664,12.39196412465836,191703662.2496527,95824833.33333333,10.0,1.0,7.853981633974483,20.0,2.5,98.17477042468104,8782.630493135404,9.618725678016885,9.869138774764972,49.673934606704805,12.144124842165192,2302.786376953125,426.940605116282,5.208333333333333,0.3660418082569846,161.99951226071596
850,0.914694,1.0,1,1696.976516007687,0.0,490.7513101029023,9.618725678016885,76.94980542413508,86.56853110215197,1080.6849061720338,0.0,0.0,0.0,0.0,0.0,0.0,10.107614893205275,0.0,51.445707660462766,8782.630493135404,9.618725678016885,9.869138774764972,49.673934606704805,12.144124842165187,2302.786376953125,12.144124842165187,86.22328637937282,86.22328637937282,0.0,0.0,5.208333333333333,0.3660418082569846,426.9406051162813,161.99951226071596,297.3695068645957,150.3260653932952,1.0,2.2749860674002065,0.0,1855.239583956697,490.7513101029023,478.35934597824394,3150.4940018146904,15.20213301931988,0.0,482.8488338176922,86.22328637937287,97.15299873732154,41.666666666666664,12.39196412465836,191703662.2496527,95824833.33333333,10.0,1.0,7.853981633974483,20.0,2.5,98.17477042468104,8782.630493135404,9.618725678016885,9.869138774764972,49.673934606704805,12.144124842165192,2302.786376953125,426.940605116282,5.208333333333333,0.3660418082569846,161.99951226071596
851,0.943591,1.0,1,1750.5873742652836,0.0,490.7513101029025,9.618725678016888,76.9498054241351,86.568531102152,1080.6849061720347,0.0,0.0,0.0,0.0,0.0,0.0,10.107614893205279,0.0,53.70931879752598,8782.630493135404,9.618725678016885,9.869138774764972,49.673934606704805,12.144124842165192,2302.786376953125,12.144124842165192,86.22328637937287,86.22328637937287,0.0,0.0,5.208333333333333,0.3660418082569846,426.940605116282,161.99951226071596,297.3695068645957,150.3260653932952,1.0,2.2749860674002154,0.0,1855.239583956697,490.7513101029023,478.35934597824394,3150.4940018146904,15.20213301931988,0.0,482.8488338176922,86.22328637937287,97.15299873732154,41.666666666666664,12.39196412465836,191703662.2496527,95824833.33333333,10.0,1.0,7.853981633974483,20.0,2.5,98.17477042468104,8782.630493135404,9.618725678016885,9.869138774764972,49.673934606704805,12.144124842165192,2302.786376953125,426.940605116282,5.208333333333333,0.3660418082569846,161.99951226071596
852,0.967543,1.0,1,1795.0240727802145,0.0,490.75131010290244,9.618725678016887,76.94980542413509,86.56853110215198,1404.6267926493565,323.94188647732176,0.0,307.74479215345565,0.0,0.0,0.0,10.107614893205277,0.0,55.97292993458565,8782.630493135404,9.618725678016885,9.869138774764972,49.673934606704805,12.144124842165192,2302.786376953125,12.144124842165192,86.22328637937287,86.22328637937285,0.0,0.0,5.208333333333333,0.3660418082569846,426.940605116282,161.99951226071596,297.3695068645957,150.3260653932952,1.0,2.2749860674002154,0.0,1855.239583956697,490.7513101029023,478.35934597824394,3150.4940018146904,15.20213301931988,0.0,482.8488338176922,86.22328637937287,97.15299873732154,41.666666666666664,12.39196412465836,191703662.2496527,95824833.33333333,10.0,1.0,7.853981633974483,20.0,2.5,98.17477042468104,8782.630493135404,9.618725678016885,9.869138774764972,49.673934606704805,12.144124842165192,2302.786376953125,426.940605116282,5.208333333333333,0.3660418082569846,161.99951226071596
853,0.983862,1.0,1,1825.299727550804,0.0,490.7513101029024,9.618725678016887,76.94980542413509,86.56853110215198,1825.2997275508055,744.6148213787709,0.0,1015.128872463288,0.0,0.0,0.0,10.107614893205277,0.0,58.236541071648865,8782.630493135404,9.618725678016885,9.869138774764972,49.673934606704805,12.144124842165192,2302.786376953125,12.144124842165192,86.22328637937287,86.22328637937287,0.0,0.0,5.208333333333333,0.3660418082569846,426.940605116282,161.99951226071596,297.3695068645957,150.3260653932952,1.0,2.2749860674002154,0.0,1855.239583956697,490.7513101029023,478.35934597824394,3150.4940018146904,15.20213301931988,0.0,482.8488338176922,86.22328637937287,97.15299873732154,41.666666666666664,12.39196412465836,191703662.2496527,95824833.33333333,10.0,1.0,7.853981633974483,20.0,2.5,98.17477042468104,8782.630493135404,9.618725678016885,9.869138774764972,49.673934606704805,12.144124842165192,2302.786376953125,426.940605116282,5.208333333333333,0.3660418082569846,161.99951226071596
854,0.987185,1.0,1,1831.464688688292,0.0,490.7513101029024,9.618725678016887,76.94980542413509,86.56853110215198,1611.9341887186374,531.2492825466028,0.0,1519.8156908825606,0.0,0.0,0.0,10.107614893205279,0.0,60.50015220871208,8782.630493135404,9.618725678016885,9.869138774764972,49.673934606704805,12.144124842165192,2302.786376953125,12.144124842165192,86.22328637937287,86.22328637937287,0.0,0.0,5.208333333333333,0.3660418082569846,426.940605116282,161.99951226071596,297.3695068645957,150.3260653932952,1.0,2.2749860674002154,0.0,1855.239583956697,490.7513101029023,478.35934597824394,3150.4940018146904,15.20213301931988,0.0,482.8488338176922,86.22328637937287,97.15299873732154,41.666666666666664,12.39196412465836,191703662.2496527,95824833.33333333,10.0,1.0,7.853981633974483,20.0,2.5,98.17477042468104,8782.630493135404,9.618725678016885,9.869138774764972,49.673934606704805,12.144124842165192,2302.786376953125,426.940605116282,5.208333333333333,0.3660418082569846,161.99951226071596
855,0.973206,1.0,1,1805.5302945441613,0.0,490.7513101029026,9.61872567801689,76.94980542413512,86.56853110215201,1805.5302945441915,724.8453883721584,0.0,2208.418809836111,1.0,0.0,0.0,10.107614893205279,0.0,62.76376334575442,8782.630493135404,9.61872567801689,9.869138774764972,49.673934606704805,12.144124842152323,2302.786376953125,12.144124842152323,86.22328637928149,86.22328637928149,0.0,0.0,5.208333333333333,0.3660418082569846,426.9406051162804,161.99951226071596,297.3695068645957,150.3260653932952,1.0,2.2749860673873243,0.0,1855.239583956697,490.7513101029023,478.35934597824394,3150.4940018146904,15.20213301931988,0.0,482.8488338176922,86.22328637937287,97.15299873732154,41.666666666666664,12.39196412465836,191703662.2496527,95824833.33333333,10.0,1.0,7.853981633974483,20.0,2.5,98.17477042468104,8782.630493135404,9.618725678016885,9.869138774764972,49.673934606704805,12.144124842165192,2302.786376953125,426.940605116282,5.208333333333333,0.3660418082569846,161.99951226071596
856,0.913543,1.0,1,1694.841135246553,0.0,490.75131010290244,9.618725678016887,76.94980542413509,86.56853110215198,1694.8411352465553,614.1562290745205,0.0,2791.8672274569053,1.0,0.0,0.0,10.107614893205259,0.0,65.02737448281763,8782.630493135404,9.618725678016885,9.869138774764972,49.673934606704805,12.144124842165192,2302.786376953125,12.144124842165192,86.22328637937287,86.22328637937287,0.0,0.0,5.208333333333333,0.3660418082569846,426.940605116282,161.99951226071596,297.3695068645957,150.3260653932952,1.0,2.2749860674002154,0.0,1855.239583956697,490.7513101029023,478.35934597824394,3150.4940018146904,15.20213301931988,0.0,482.8488338176922,86.22328637937287,97.15299873732154,41.666666666666664,12.39196412465836,191703662.2496527,95824833.33333333,10.0,1.0,7.853981633974483,20.0,2.5,98.17477042468104,8782.630493135404,9.618725678016885,9.869138774764972,49.673934606704805,12.144124842165192,2302.786376953125,426.940605116282,5.208333333333333,0.3660418082569846,161.99951226071596
857,0.868855,1.0,1,1611.934188718696,0.0,490.75131010290244,9.618725678016887,76.94980542413509,86.56853110215198,1080.684906172033,0.0,0.0,2791.8672274569053,1.0,0.0,0.0,10.107614893205268,0.0,67.2909856198807,8782.630493135404,9.618725678016878,9.869138774764972,49.673934606704805,12.144124842165182,2302.786376953125,12.144124842165182,86.22328637937278,86.22328637937278,0.0,0.0,5.208333333333333,0.3660418082569846,426.9406051162804,161.99951226071596,297.3695068645957,150.3260653932952,1.0,2.2749860674001807,0.0,1855.239583956697,490.7513101029023,478.35934597824394,3150.4940018146904,15.20213301931988,0.0,482.8488338176922,86.22328637937287,97.15299873732154,41.666666666666664,12.39196412465836,191703662.2496527,95824833.33333333,10.0,1.0,7.853981633974483,20.0,2.5,98.17477042468104,8782.630493135404,9.618725678016885,9.869138774764972,49.673934606704805,12.144124842165192,2302.786376953125,426.940605116282,5.208333333333333,0.3660418082569846,161.99951226071596
858,0.785983,1.0,1,1458.1867739170366,0.0,490.75131010290244,9.618725678016887,76.94980542413509,86.56853110215198,1458.186773917039,377.5018677450044,0.0,3150.4940018146594,1.0,0.0,0.0,10.10761489320527,0.0,69.55459675694391,8782.630493135404,9.618725678016885,9.869138774764972,49.673934606704805,12.144124842165192,2302.786376953125,12.144124842165192,86.22328637937287,86.22328637937287,0.0,0.0,5.208333333333333,0.3660418082569846,426.940605116282,161.99951226071596,297.3695068645957,150.3260653932952,1.0,2.2749860674002154,0.0,1855.239583956697,490.7513101029023,478.35934597824394,3150.4940018146904,15.20213301931988,0.0,482.8488338176922,86.22328637937287,97.15299873732154,41.666666666666664,12.39196412465836,191703662.2496527,95824833.33333333,10.0,1.0,7.853981633974483,20.0,2.5,98.17477042468104,8782.630493135404,9.618725678016885,9.869138774764972,49.673934606704805,12.144124842165192,2302.786376953125,426.940605116282,5.208333333333333,0.3660418082569846,161.99951226071596
859,0.661061,1.0,1,1226.426534609998,0.0,490.7513101029019,9.618725678016878,76.94980542413502,86.5685311021519,1080.6849061720325,0.0,0.0,3150.49400181466,0.0,0.0,0.0,10.10761489320527,0.0,71.81820789399538,8782.630493135404,9.618725678016878,9.869138774764972,49.673934606704805,12.1441248421652,2302.786376953125,12.1441248421652,86.22328637937291,86.22328637937291,0.0,0.0,5.208333333333333,0.3660418082569846,426.9406051162804,161.99951226071596,297.3695068645957,150.3260653932952,1.0,2.274986067400217,0.0,1855.239583956697,490.7513101029023,478.35934597824394,3150.4940018146904,15.20213301931988,0.0,482.8488338176922,86.22328637937287,97.15299873732154,41.666666666666664,12.39196412465836,191703662.2496527,95824833.33333333,10.0,1.0,7.853981633974483,20.0,2.5,98.17477042468104,8782.630493135404,9.618725678016885,9.869138774764972,49.673934606704805,12.144124842165192,2302.786376953125,426.940605116282,5.208333333333333,0.3660418082569846,161.99951226071596
860,0.453052,1.0,1,840.5200039907495,0.0,459.40230045393525,9.00428508889713,72.03428071117705,81.03856580007418,1049.3973405819795,0.0,208.87733659122,2930.623121192323,0.0,0.0,0.6144405891197424,9.480634700225941,0.0,74.08181903105859,8782.630493135404,9.618725678016885,9.869138774764972,49.673934606704805,12.144124842165192,2302.786376953125,12.144124842165192,86.22328637937287,86.22328637937288,0.0,0.0,5.208333333333333,0.3660418082569846,426.940605116282,161.99951226071596,297.3695068645957,150.3260653932952,1.0,2.2749860674002154,0.0,1855.239583956697,490.7513101029023,478.35934597824394,3150.4940018146904,15.20213301931988,0.0,482.8488338176922,86.22328637937287,97.15299873732154,41.666666666666664,12.39196412465836,191703662.2496527,95824833.33333333,10.0,1.0,7.853981633974483,20.0,2.5,98.17477042468104,8782.630493135404,9.618725678016885,9.869138774764972,49.673934606704805,12.144124842165192,2302.786376953125,426.940605116282,5.208333333333333,0.3660418082569846,161.99951226071596
861,0.146547,1.0,1,271.8797953101021,0.0,490.7513101029024,9.618725678016887,76.94980542413509,86.56853110215198,1080.6849061720345,0.0,808.8051108619202,2079.2493202850387,1.0,0.0,0.0,9.480634700225941,0.0,76.34543016811796,8782.630493135404,9.618725678016885,9.869138774764972,49.673934606704805,12.144124842165192,2302.786376953125,12.144124842165192,86.22328637937287,86.22328637937287,0.0,0.0,5.208333333333333,0.3660418082569846,426.940605116282,161.99951226071596,297.3695068645957,150.3260653932952,1.0,2.2749860674002154,0.0,1855.239583956697,490.7513101029023,478.35934597824394,3150.4940018146904,15.20213301931988,0.0,482.8488338176922,86.22328637937287,97.15299873732154,41.666666666666664,12.39196412465836,191703662.2496527,95824833.33333333,10.0,1.0,7.853981633974483,20.0,2.5,98.17477042468104,8782.630493135404,9.618725678016885,9.869138774764972,49.673934606704805,12.144124842165192,2302.786376953125,426.940605116282,5.208333333333333,0.3660418082569846,161.99951226071596
862,0.015419,1.0,1,28.605939145028312,0.0,490.75131010290266,9.618725678016892,76.94980542413514,86.56853110215202,1080.6849061720347,0.0,1052.0789670270065,971.7977760460846,1.0,0.0,0.0,9.480634700225947,0.0,78.60904130518117,8782.630493135404,9.618725678016885,9.869138774764972,49.673934606704805,12.144124842165192,2302.786376953125,12.144124842165192,86.22328637937287,86.22328637937287,0.0,0.0,5.208333333333333,0.3660418082569846,426.940605116282,161.99951226071596,297.3695068645957,150.3260653932952,1.0,2.2749860674002154,0.0,1855.239583956697,490.7513101029023,478.35934597824394,3150.4940018146904,15.20213301931988,0.0,482.8488338176922,86.22328637937287,97.15299873732154,41.666666666666664,12.39196412465836,191703662.2496527,95824833.33333333,10.0,1.0,7.853981633974483,20.0,2.5,98.17477042468104,8782.630493135404,9.618725678016885,9.869138774764972,49.673934606704805,12.144124842165192,2302.786376953125,426.940605116282,5.208333333333333,0.3660418082569846,161.99951226071596
863,0.097851,1.0,1,181.53704852974676,0.0,490.7513101029026,9.61872567801689,76.94980542413512,86.56853110215201,1080.6849061720347,0.0,899.1478576422878,25.32634694893951,1.0,0.0,0.0,9.480634700225954,0.0,80.87265244224437,8782.630493135404,9.618725678016885,9.869138774764972,49.673934606704805,12.144124842165192,2302.786376953125,12.144124842165192,86.22328637937287,86.22328637937287,0.0,0.0,5.208333333333333,0.3660418082569846,426.940605116282,161.99951226071596,297.3695068645957,150.3260653932952,1.0,2.2749860674002154,0.0,1855.239583956697,490.7513101029023,478.35934597824394,3150.4940018146904,15.20213301931988,0.0,482.8488338176922,86.22328637937287,97.15299873732154,41.666666666666664,12.39196412465836,191703662.2496527,95824833.33333333,10.0,1.0,7.853981633974483,20.0,2.5,98.17477042468104,8782.630493135404,9.618725678016885,9.869138774764972,49.673934606704805,12.144124842165192,2302.786376953125,426.940605116282,5.208333333333333,0.3660418082569846,161.99951226071596
864,0.582254,1.0,1,1080.2206687171229,0.0,490.7513101029024,9.618725678016887,76.94980542413509,86.56853110215198,1080.6849061720345,0.0,0.46423745489846624,24.83767594378323,0.0,0.0,0.0,9.480634700225954,0.0,83.13626357930758,8782.630493135404,9.618725678016885,9.869138774764972,49.673934606704805,12.144124842165192,2302.786376953125,12.144124842165192,86.22328637937287,86.22328637937287,0.0,0.0,5.208333333333333,0.3660418082569846,426.940605116282,161.99951226071596,297.3695068645957,150.3260653932952,1.0,2.2749860674002154,0.0,1855.239583956697,490.7513101029023,478.35934597824394,3150.4940018146904,15.20213301931988,0.0,482.8488338176922,86.22328637937287,97.15299873732154,41.666666666666664,12.39196412465836,191703662.2496527,95824833.33333333,10.0,1.0,7.853981633974483,20.0,2.5,98.17477042468104,8782.630493135404,9.618725678016885,9.869138774764972,49.673934606704805,12.144124842165192,2302.786376953125,426.940605116282,5.208333333333333,0.3660418082569846,161.99951226071596
865,0.572787,1.0,1,1062.6571155758047,0.0,490.7513101029024,9.618725678016887,76.94980542413509,86.56853110215198,1080.6849061720345,0.0,18.027790596217528,5.861054263554383,0.0,0.0,0.0,9.480634700225954,0.0,85.39987471636644,8782.630493135404,9.618725678016885,9.869138774764972,49.673934606704805,12.144124842165192,2302.786376953125,12.144124842165192,86.22328637937287,86.22328637937287,0.0,0.0,5.208333333333333,0.3660418082569846,426.940605116282,161.99951226071596,297.3695068645957,150.3260653932952,1.0,2.2749860674002154,0.0,1855.239583956697,490.7513101029023,478.35934597824394,3150.4940018146904,15.20213301931988,0.0,482.8488338176922,86.22328637937287,97.15299873732154,41.666666666666664,12.39196412465836,191703662.2496527,95824833.33333333,10.0,1.0,7.853981633974483,20.0,2.5,98.17477042468104,8782.630493135404,9.618725678016885,9.869138774764972,49.673934606704805,12.144124842165192,2302.786376953125,426.940605116282,5.208333333333333,0.3660418082569846,161.99951226071596
866,0.579503,1.0,1,1075.1169046216578,0.0,490.75131010290244,9.618725678016887,76.94980542413509,86.56853110215198,1080.6849061720347,0.0,5.568001550376664,0.0,0.0,0.0,0.0,9.480634700225986,0.0,87.66348585342965,8782.630493135404,9.618725678016885,9.869138774764972,49.673934606704805,12.144124842165192,2302.786376953125,12.144124842165192,86.22328637937287,86.22328637937287,0.0,0.0,5.208333333333333,0.3660418082569846,426.940605116282,161.99951226071596,297.3695068645957,150.3260653932952,1.0,2.2749860674002154,0.0,1855.239583956697,490.7513101029023,478.35934597824394,3150.4940018146904,15.20213301931988,0.0,482.8488338176922,86.22328637937287,97.15299873732154,41.666666666666664,12.39196412465836,191703662.2496527,95824833.33333333,10.0,1.0,7.853981633974483,20.0,2.5,98.17477042468104,8782.630493135404,9.618725678016885,9.869138774764972,49.673934606704805,12.144124842165192,2302.786376953125,426.940605116282,5.208333333333333,0.3660418082569846,161.99951226071596
867,0.606447,1.0,1,1125.104479971787,0.0,490.7513101029023,9.618725678016885,76.94980542413508,86.56853110215197,1080.6849061720343,0.0,0.0,0.0,0.0,0.0,0.0,9.480634700225986,0.0,89.92709699049287,8782.630493135404,9.618725678016885,9.869138774764972,49.673934606704805,12.144124842165192,2302.786376953125,12.144124842165192,86.22328637937287,86.22328637937288,0.0,0.0,5.208333333333333,0.3660418082569846,426.940605116282,161.99951226071596,297.3695068645957,150.3260653932952,1.0,2.2749860674002154,0.0,1855.239583956697,490.7513101029023,478.35934597824394,3150.4940018146904,15.20213301931988,0.0,482.8488338176922,86.22328637937287,97.15299873732154,41.666666666666664,12.39196412465836,191703662.2496527,95824833.33333333,10.0,1.0,7.853981633974483,20.0,2.5,98.17477042468104,8782.630493135404,9.618725678016885,9.869138774764972,49.673934606704805,12.144124842165192,2302.786376953125,426.940605116282,5.208333333333333,0.3660418082569846,161.99951226071596
868,0.6435489999999999,1.0,1,1193.9375790157483,0.0,490.7513101029023,9.618725678016885,76.94980542413508,86.56853110215197,1193.9375790157487,113.25267284371438,0.0,107.59003920152865,1.0,0.0,0.0,9.480634700225986,0.0,92.1907081275436,8782.630493135404,9.618725678016885,9.869138774764972,49.673934606704805,12.144124842165192,2302.786376953125,12.144124842165192,86.22328637937287,86.22328637937287,0.0,0.0,5.208333333333333,0.3660418082569846,426.940605116282,161.99951226071596,297.3695068645957,150.3260653932952,1.0,2.2749860674002154,0.0,1855.239583956697,490.7513101029023,478.35934597824394,3150.4940018146904,15.20213301931988,0.0,482.8488338176922,86.22328637937287,97.15299873732154,41.666666666666664,12.39196412465836,191703662.2496527,95824833.33333333,10.0,1.0,7.853981633974483,20.0,2.5,98.17477042468104,8782.630493135404,9.618725678016885,9.869138774764972,49.673934606704805,12.144124842165192,2302.786376953125,426.940605116282,5.208333333333333,0.3660418082569846,161.99951226071596
869,0.6372770000000001,1.0,1,1182.301516345172,0.0,490.75131010290244,9.618725678016887,76.94980542413509,86.56853110215198,1080.6849061720338,0.0,0.0,107.59003920152853,0.0,0.0,0.0,9.480634700225979,0.0,94.45431926460681,8782.630493135404,9.618725678016892,9.869138774764972,49.673934606704805,12.144124842165185,2302.786376953125,12.144124842165185,86.22328637937281,86.22328637937281,0.0,0.0,5.208333333333333,0.3660418082569846,426.9406051162813,161.99951226071596,297.3695068645957,150.3260653932952,1.0,2.2749860674002065,0.0,1855.239583956697,490.7513101029023,478.35934597824394,3150.4940018146904,15.20213301931988,0.0,482.8488338176922,86.22328637937287,97.15299873732154,41.666666666666664,12.39196412465836,191703662.2496527,95824833.33333333,10.0,1.0,7.853981633974483,20.0,2.5,98.17477042468104,8782.630493135404,9.618725678016885,9.869138774764972,49.673934606704805,12.144124842165192,2302.786376953125,426.940605116282,5.208333333333333,0.3660418082569846,161.99951226071596
870,0.664578,1.0,1,1232.9514122267738,0.0,490.75131010290244,9.618725678016887,76.94980542413509,86.56853110215198,1080.6849061720347,0.0,102.2105372414521,0.0,0.0,0.0,0.0,9.480634700225972,0.0,96.71793040167003,8782.630493135404,9.618725678016892,9.869138774764972,49.673934606704805,12.144124842165203,2302.786376953125,12.144124842165203,86.22328637937294,86.22328637937288,0.0,0.0,5.208333333333333,0.3660418082569846,426.9406051162823,161.99951226071596,297.3695068645957,150.3260653932952,1.0,2.2749860674002207,0.0,1855.239583956697,490.7513101029023,478.35934597824394,3150.4940018146904,15.20213301931988,0.0,482.8488338176922,86.22328637937287,97.15299873732154,41.666666666666664,12.39196412465836,191703662.2496527,95824833.33333333,10.0,1.0,7.853981633974483,20.0,2.5,98.17477042468104,8782.630493135404,9.618725678016885,9.869138774764972,49.673934606704805,12.144124842165192,2302.786376953125,426.940605116282,5.208333333333333,0.3660418082569846,161.99951226071596
871,0.708312,1.0,1,1314.0884601915361,0.0,490.7513101029024,9.618725678016887,76.94980542413509,86.56853110215198,1314.0884601915373,233.40355401950262,0.0,221.73337631851382,1.0,0.0,0.0,9.480634700225972,0.0,98.98154153874876,8782.630493135404,9.618725678016887,9.869138774764972,49.673934606704805,12.144124842165203,2302.786376953125,12.144124842165203,86.22328637937294,86.22328637937288,0.0,0.0,5.208333333333333,0.3660418082569846,426.9406051162823,161.99951226071596,297.3695068645957,150.3260653932952,1.0,2.2749860674002207,0.0,1855.239583956697,490.7513101029023,478.35934597824394,3150.4940018146904,15.20213301931988,0.0,482.8488338176922,86.22328637937287,97.15299873732154,41.666666666666664,12.39196412465836,191703662.2496527,95824833.33333333,10.0,1.0,7.853981633974483,20.0,2.5,98.17477042468104,8782.630493135404,9.618725678016885,9.869138774764972,49.673934606704805,12.144124842165192,2302.786376953125,426.940605116282,5.208333333333333,0.3660418082569846,161.99951226071596
872,0.765788,1.0,1,1420.720210519031,0.0,490.75131010290244,9.618725678016887,76.94980542413509,86.56853110215198,1080.6849061720347,0.0,210.64670750258813,0.0,0.0,0.0,0.0,9.480634700225975,0.0,101.24515267581197,8782.630493135404,9.618725678016885,9.869138774764972,49.673934606704805,12.144124842165192,2302.786376953125,12.144124842165192,86.22328637937287,86.22328637937287,0.0,0.0,5.208333333333333,0.3660418082569846,426.940605116282,161.99951226071596,297.3695068645957,150.3260653932952,1.0,2.2749860674002154,0.0,1855.239583956697,490.7513101029023,478.35934597824394,3150.4940018146904,15.20213301931988,0.0,482.8488338176922,86.22328637937287,97.15299873732154,41.666666666666664,12.39196412465836,191703662.2496527,95824833.33333333,10.0,1.0,7.853981633974483,20.0,2.5,98.17477042468104,8782.630493135404,9.618725678016885,9.869138774764972,49.673934606704805,12.144124842165192,2302.786376953125,426.940605116282,5.208333333333333,0.3660418082569846,161.99951226071596
873,0.805225,1.0,1,1493.8852939915314,0.0,490.7513101029024,9.618725678016887,76.94980542413509,86.56853110215198,1493.8852939915314,413.20038781949665,0.0,392.5403684285218,1.0,0.0,0.0,9.480634700225975,0.0,103.50876381289576,8782.630493135404,9.618725678016887,9.869138774764972,49.673934606704805,12.144124842165203,2302.786376953125,12.144124842165203,86.22328637937294,86.22328637937288,0.0,0.0,5.208333333333333,0.3660418082569846,426.9406051162823,161.99951226071596,297.3695068645957,150.3260653932952,1.0,2.2749860674002207,0.0,1855.239583956697,490.7513101029023,478.35934597824394,3150.4940018146904,15.20213301931988,0.0,482.8488338176922,86.22328637937287,97.15299873732154,41.666666666666664,12.39196412465836,191703662.2496527,95824833.33333333,10.0,1.0,7.853981633974483,20.0,2.5,98.17477042468104,8782.630493135404,9.618725678016885,9.869138774764972,49.673934606704805,12.144124842165192,2302.786376953125,426.940605116282,5.208333333333333,0.3660418082569846,161.99951226071596
874,0.825663,1.0,1,1531.8026806084383,0.0,490.7513101029023,9.618725678016885,76.94980542413508,86.56853110215197,1080.6849061720343,0.0,0.0,392.5403684285218,0.0,0.0,0.0,9.480634700225975,0.0,105.77237494995897,8782.630493135404,9.618725678016885,9.869138774764972,49.673934606704805,12.144124842165192,2302.786376953125,12.144124842165192,86.22328637937287,86.22328637937287,0.0,0.0,5.208333333333333,0.3660418082569846,426.940605116282,161.99951226071596,297.3695068645957,150.3260653932952,1.0,2.2749860674002154,0.0,1855.239583956697,490.7513101029023,478.35934597824394,3150.4940018146904,15.20213301931988,0.0,482.8488338176922,86.22328637937287,97.15299873732154,41.666666666666664,12.39196412465836,191703662.2496527,95824833.33333333,10.0,1.0,7.853981633974483,20.0,2.5,98.17477042468104,8782.630493135404,9.618725678016885,9.869138774764972,49.673934606704805,12.144124842165192,2302.786376953125,426.940605116282,5.208333333333333,0.3660418082569846,161.99951226071596
875,0.851931,1.0,1,1580.5361139998129,0.0,490.7513101029024,9.618725678016887,76.94980542413509,86.56853110215198,1096.999840069911,16.31493389787621,0.0,408.0395556315042,1.0,0.0,0.0,9.480634700225975,0.0,108.03598608703396,8782.630493135404,9.618725678016887,9.869138774764972,49.673934606704805,12.144124842165203,2302.786376953125,12.144124842165203,86.22328637937294,86.22328637937288,0.0,0.0,5.208333333333333,0.3660418082569846,426.9406051162823,161.99951226071596,297.3695068645957,150.3260653932952,1.0,2.2749860674002207,0.0,1855.239583956697,490.7513101029023,478.35934597824394,3150.4940018146904,15.20213301931988,0.0,482.8488338176922,86.22328637937287,97.15299873732154,41.666666666666664,12.39196412465836,191703662.2496527,95824833.33333333,10.0,1.0,7.853981633974483,20.0,2.5,98.17477042468104,8782.630493135404,9.618725678016885,9.869138774764972,49.673934606704805,12.144124842165192,2302.786376953125,426.940605116282,5.208333333333333,0.3660418082569846,161.99951226071596
876,0.873181,1.0,1,1619.9599551588926,0.0,490.7513101029023,9.618725678016885,76.94980542413508,86.56853110215197,1619.9599551588935,539.2750489868594,0.0,920.3508521690205,1.0,0.0,0.0,9.480634700225975,0.0,110.29959722409717,8782.630493135404,9.618725678016885,9.869138774764972,49.673934606704805,12.144124842165192,2302.786376953125,12.144124842165192,86.22328637937287,86.22328637937287,0.0,0.0,5.208333333333333,0.3660418082569846,426.940605116282,161.99951226071596,297.3695068645957,150.3260653932952,1.0,2.2749860674002154,0.0,1855.239583956697,490.7513101029023,478.35934597824394,3150.4940018146904,15.20213301931988,0.0,482.8488338176922,86.22328637937287,97.15299873732154,41.666666666666664,12.39196412465836,191703662.2496527,95824833.33333333,10.0,1.0,7.853981633974483,20.0,2.5,98.17477042468104,8782.630493135404,9.618725678016885,9.869138774764972,49.673934606704805,12.144124842165192,2302.786376953125,426.940605116282,5.208333333333333,0.3660418082569846,161.99951226071596
877,0.893375,1.0,1,1657.4246633173143,0.0,490.75131010290244,9.618725678016887,76.94980542413509,86.56853110215198,1080.6849061720347,0.0,0.0,920.3508521690205,0.0,0.0,0.0,9.480634700225977,0.0,112.56320836116038,8782.630493135404,9.618725678016885,9.869138774764972,49.673934606704805,12.144124842165192,2302.786376953125,12.144124842165192,86.22328637937287,86.22328637937287,0.0,0.0,5.208333333333333,0.3660418082569846,426.940605116282,161.99951226071596,297.3695068645957,150.3260653932952,1.0,2.2749860674002154,0.0,1855.239583956697,490.7513101029023,478.35934597824394,3150.4940018146904,15.20213301931988,0.0,482.8488338176922,86.22328637937287,97.15299873732154,41.666666666666664,12.39196412465836,191703662.2496527,95824833.33333333,10.0,1.0,7.853981633974483,20.0,2.5,98.17477042468104,8782.630493135404,9.618725678016885,9.869138774764972,49.673934606704805,12.144124842165192,2302.786376953125,426.940605116282,5.208333333333333,0.3660418082569846,161.99951226071596
878,0.896062,1.0,1,1662.4096920794059,0.0,490.7513101029023,9.618725678016885,76.94980542413508,86.56853110215197,1662.4096920794066,495.5014995279994,0.0,1391.07727672062,1.0,0.0,0.0,9.480634700225977,0.0,114.8268194982414,8782.630493135404,9.618725678016885,9.869138774764972,49.673934606704805,12.144124842165192,2302.786376953125,12.144124842165192,86.22328637937287,0.0,86.22328637937288,86.22328637937288,5.208333333333333,0.3660418082569846,426.940605116282,161.99951226071596,297.3695068645957,150.3260653932952,1.0,2.2749860674002154,0.0,1855.239583956697,490.7513101029023,478.35934597824394,3150.4940018146904,15.20213301931988,0.0,482.8488338176922,86.22328637937287,97.15299873732154,41.666666666666664,12.39196412465836,191703662.2496527,95824833.33333333,10.0,1.0,7.853981633974483,20.0,2.5,98.17477042468104,8782.630493135404,9.618725678016885,9.869138774764972,49.673934606704805,12.144124842165192,2302.786376953125,426.940605116282,5.208333333333333,0.3660418082569846,161.99951226071596
879,0.896556,1.0,1,1663.3261804338806,0.0,490.75131010290244,9.618725678016887,76.94980542413509,86.56853110215198,1080.6849061720347,0.0,0.0,1391.07727672062,0.0,0.0,0.0,9.480634700225979,0.0,117.09043063530461,8782.630493135404,9.618725678016885,9.869138774764972,49.673934606704805,12.144124842165192,2302.786376953125,12.144124842165192,86.22328637937287,86.22328637937288,0.0,0.0,5.208333333333333,0.3660418082569846,426.940605116282,161.99951226071596,297.3695068645957,150.3260653932952,1.0,2.2749860674002154,0.0,1855.239583956697,490.7513101029023,478.35934597824394,3150.4940018146904,15.20213301931988,0.0,482.8488338176922,86.22328637937287,97.15299873732154,41.666666666666664,12.39196412465836,191703662.2496527,95824833.33333333,10.0,1.0,7.853981633974483,20.0,2.5,98.17477042468104,8782.630493135404,9.618725678016885,9.869138774764972,49.673934606704805,12.144124842165192,2302.786376953125,426.940605116282,5.208333333333333,0.3660418082569846,161.99951226071596
880,0.905157,1.0,1,1679.283096095492,0.0,490.75131010290244,9.618725678016887,76.94980542413509,86.56853110215198,1679.283096095492,598.5981899234574,0.0,1959.7455571479045,0.0,0.0,0.0,9.480634700225979,0.0,119.35404177236782,8782.630493135404,9.618725678016885,9.869138774764972,49.673934606704805,12.144124842165192,2302.786376953125,12.144124842165192,86.22328637937287,86.22328637937285,0.0,0.0,5.208333333333333,0.3660418082569846,426.940605116282,161.99951226071596,297.3695068645957,150.3260653932952,1.0,2.2749860674002154,0.0,1855.239583956697,490.7513101029023,478.35934597824394,3150.4940018146904,15.20213301931988,0.0,482.8488338176922,86.22328637937287,97.15299873732154,41.666666666666664,12.39196412465836,191703662.2496527,95824833.33333333,10.0,1.0,7.853981633974483,20.0,2.5,98.17477042468104,8782.630493135404,9.618725678016885,9.869138774764972,49.673934606704805,12.144124842165192,2302.786376953125,426.940605116282,5.208333333333333,0.3660418082569846,161.99951226071596
881,0.915483,1.0,1,1698.440300039429,0.0,490.75131010290244,9.618725678016887,76.94980542413509,86.56853110215198,1698.440300039429,617.7553938673944,0.0,2546.613181321929,0.0,0.0,0.0,9.480634700225982,0.0,121.61765290944888,8782.630493135404,9.618725678016885,9.869138774764972,49.673934606704805,12.144124842165192,2302.786376953125,12.144124842165192,86.22328637937287,86.22328637937287,0.0,0.0,5.208333333333333,0.3660418082569846,426.940605116282,161.99951226071596,297.3695068645957,150.3260653932952,1.0,2.2749860674002154,0.0,1855.239583956697,490.7513101029023,478.35934597824394,3150.4940018146904,15.20213301931988,0.0,482.8488338176922,86.22328637937287,97.15299873732154,41.666666666666664,12.39196412465836,191703662.2496527,95824833.33333333,10.0,1.0,7.853981633974483,20.0,2.5,98.17477042468104,8782.630493135404,9.618725678016885,9.869138774764972,49.673934606704805,12.144124842165192,2302.786376953125,426.940605116282,5.208333333333333,0.3660418082569846,161.99951226071596
882,0.925136,1.0,1,1716.3489277433628,0.0,490.75131010290244,9.618725678016887,76.94980542413509,86.56853110215198,1716.3489277433628,635.6640215713281,0.0,3150.494001814691,0.0,0.0,0.0,9.480634700225986,0.0,123.88126404651209,8782.630493135404,9.618725678016885,9.869138774764972,49.673934606704805,12.144124842165192,2302.786376953125,12.144124842165192,86.22328637937287,86.22328637937287,0.0,0.0,5.208333333333333,0.3660418082569846,426.940605116282,161.99951226071596,297.3695068645957,150.3260653932952,1.0,2.2749860674002154,0.0,1855.239583956697,490.7513101029023,478.35934597824394,3150.4940018146904,15.20213301931988,0.0,482.8488338176922,86.22328637937287,97.15299873732154,41.666666666666664,12.39196412465836,191703662.2496527,95824833.33333333,10.0,1.0,7.853981633974483,20.0,2.5,98.17477042468104,8782.630493135404,9.618725678016885,9.869138774764972,49.673934606704805,12.144124842165192,2302.786376953125,426.940605116282,5.208333333333333,0.3660418082569846,161.99951226071596
883,0.932325,1.0,1,1729.6862451124275,0.0,490.7513101029023,9.618725678016885,76.94980542413508,86.56853110215197,1080.6849061720343,0.0,0.0,3150.494001814691,0.0,0.0,0.0,9.480634700225986,0.0,126.1448751835753,8782.630493135404,9.618725678016885,9.869138774764972,49.673934606704805,12.144124842165192,2302.786376953125,12.144124842165192,86.22328637937287,86.22328637937287,0.0,0.0,5.208333333333333,0.3660418082569846,426.940605116282,161.99951226071596,297.3695068645957,150.3260653932952,1.0,2.2749860674002154,0.0,1855.239583956697,490.7513101029023,478.35934597824394,3150.4940018146904,15.20213301931988,0.0,482.8488338176922,86.22328637937287,97.15299873732154,41.666666666666664,12.39196412465836,191703662.2496527,95824833.33333333,10.0,1.0,7.853981633974483,20.0,2.5,98.17477042468104,8782.630493135404,9.618725678016885,9.869138774764972,49.673934606704805,12.144124842165192,2302.786376953125,426.940605116282,5.208333333333333,0.3660418082569846,161.99951226071596
884,0.931487,1.0,1,1728.1315543410717,0.0,490.75131010290244,9.618725678016887,76.94980542413509,86.56853110215198,1080.6849061720347,0.0,0.0,3150.494001814691,0.0,0.0,0.0,9.480634700225986,0.0,128.40848632065914,8782.630493135404,9.618725678016885,9.869138774764972,49.673934606704805,12.144124842165192,2302.786376953125,12.144124842165192,86.22328637937287,86.22328637937287,0.0,0.0,5.208333333333333,0.3660418082569846,426.940605116282,161.99951226071596,297.3695068645957,150.3260653932952,1.0,2.2749860674002154,0.0,1855.239583956697,490.7513101029023,478.35934597824394,3150.4940018146904,15.20213301931988,0.0,482.8488338176922,86.22328637937287,97.15299873732154,41.666666666666664,12.39196412465836,191703662.2496527,95824833.33333333,10.0,1.0,7.853981633974483,20.0,2.5,98.17477042468104,8782.630493135404,9.618725678016885,9.869138774764972,49.673934606704805,12.144124842165192,2302.786376953125,426.940605116282,5.208333333333333,0.3660418082569846,161.99951226071596
885,0.936406,1.0,1,1737.2574778545547,0.0,490.75131010290244,9.618725678016887,76.94980542413509,86.56853110215198,1080.6849061720347,0.0,0.0,3150.494001814691,0.0,0.0,0.0,9.480634700225979,0.0,130.67209745772234,8782.630493135404,9.618725678016892,9.869138774764972,49.673934606704805,12.144124842165203,2302.786376953125,12.144124842165203,86.22328637937294,86.22328637937288,0.0,0.0,5.208333333333333,0.3660418082569846,426.9406051162823,161.99951226071596,297.3695068645957,150.3260653932952,1.0,2.2749860674002207,0.0,1855.239583956697,490.7513101029023,478.35934597824394,3150.4940018146904,15.20213301931988,0.0,482.8488338176922,86.22328637937287,97.15299873732154,41.666666666666664,12.39196412465836,191703662.2496527,95824833.33333333,10.0,1.0,7.853981633974483,20.0,2.5,98.17477042468104,8782.630493135404,9.618725678016885,9.869138774764972,49.673934606704805,12.144124842165192,2302.786376953125,426.940605116282,5.208333333333333,0.3660418082569846,161.99951226071596
886,0.941822,1.0,1,1747.3054554412645,0.0,490.75131010290244,9.618725678016887,76.94980542413509,86.56853110215198,1080.6849061720338,0.0,0.0,3150.494001814691,0.0,0.0,0.0,9.480634700225986,0.0,132.93570859478555,8782.630493135404,9.61872567801688,9.869138774764972,49.673934606704805,12.144124842165185,2302.786376953125,12.144124842165185,86.22328637937281,86.22328637937281,0.0,0.0,5.208333333333333,0.3660418082569846,426.9406051162813,161.99951226071596,297.3695068645957,150.3260653932952,1.0,2.2749860674002065,0.0,1855.239583956697,490.7513101029023,478.35934597824394,3150.4940018146904,15.20213301931988,0.0,482.8488338176922,86.22328637937287,97.15299873732154,41.666666666666664,12.39196412465836,191703662.2496527,95824833.33333333,10.0,1.0,7.853981633974483,20.0,2.5,98.17477042468104,8782.630493135404,9.618725678016885,9.869138774764972,49.673934606704805,12.144124842165192,2302.786376953125,426.940605116282,5.208333333333333,0.3660418082569846,161.99951226071596
887,0.944753,1.0,1,1752.7431626618413,0.0,490.75131010290244,9.618725678016887,76.94980542413509,86.56853110215198,1080.6849061720347,0.0,0.0,3150.494001814691,0.0,0.0,0.0,9.480634700225986,0.0,135.19931973186627,8782.630493135404,9.618725678016885,9.869138774764972,49.673934606704805,12.144124842165192,2302.786376953125,12.144124842165192,86.22328637937287,86.22328637937287,0.0,0.0,5.208333333333333,0.3660418082569846,426.940605116282,161.99951226071596,297.3695068645957,150.3260653932952,1.0,2.2749860674002154,0.0,1855.239583956697,490.7513101029023,478.35934597824394,3150.4940018146904,15.20213301931988,0.0,482.8488338176922,86.22328637937287,97.15299873732154,41.666666666666664,12.39196412465836,191703662.2496527,95824833.33333333,10.0,1.0,7.853981633974483,20.0,2.5,98.17477042468104,8782.630493135404,9.618725678016885,9.869138774764972,49.673934606704805,12.144124842165192,2302.786376953125,426.940605116282,5.208333333333333,0.3660418082569846,161.99951226071596
